id,timestamp,crmid,orderid,prod_sku,prod_name,prod_category,prod_ownership,purchase_amt,units,currency_type,branchid
ce72b64a-4be1-11ea-a7f1-b88a60e194fb-1,2020-01-13T18:56:54.000Z,crmid:2738461692,ce72b64a-4be1-11ea-a7f1-b88a60e194fb,prd1029,401k,Retirement,Personal,13631.63,1,USD,branchid:11056
ce73a0ca-4be1-11ea-91bd-b88a60e194fb-1,2020-01-19T19:13:44.000Z,crmid:2647178277,ce73a0ca-4be1-11ea-91bd-b88a60e194fb,prd1131,Employee Stock Purchase Plans,Investment,Personal,11258.38,1,USD,branchid:11108
ceddabfe-4be1-11ea-bae9-b88a60e194fb-1,2020-01-28T06:25:22.000Z,crmid:1474512300,ceddabfe-4be1-11ea-bae9-b88a60e194fb,prd1114,CDs: 3 month,Investment,Personal,132826.25,1,USD,branchid:11146
cede965e-4be1-11ea-a1ed-b88a60e194fb-1,2020-01-02T16:27:05.000Z,crmid:8054639727,cede965e-4be1-11ea-a1ed-b88a60e194fb,prd1083,Pension Account,Retirement,Personal,18820.52,1,USD,branchid:11030
cedf5b0a-4be1-11ea-a5a0-b88a60e194fb-1,2020-01-15T19:14:13.000Z,crmid:5733762055,cedf5b0a-4be1-11ea-a5a0-b88a60e194fb,prd1049,Business Brokerage Account,Investment,Business,13461.23,1,USD,branchid:11088
cee0455a-4be1-11ea-9c1f-b88a60e194fb-1,2020-01-01T16:11:09.000Z,crmid:6869192929,cee0455a-4be1-11ea-9c1f-b88a60e194fb,prd1167,Roth IRA,Retirement,Personal,195660.04,1,USD,branchid:11009
cee108a4-4be1-11ea-aa1d-b88a60e194fb-1,2020-01-07T22:50:45.000Z,crmid:1048877570,cee108a4-4be1-11ea-aa1d-b88a60e194fb,prd1114,CDs: 3 month,Investment,Personal,15834.33,1,USD,branchid:11025
cee1f21a-4be1-11ea-8603-b88a60e194fb-1,2020-01-14T14:42:56.000Z,crmid:3554169304,cee1f21a-4be1-11ea-8603-b88a60e194fb,prd1041,Mortgage: 7/1 ARM,Mortgage,Personal,13278.57,1,USD,branchid:11007
cee3033a-4be1-11ea-8a8d-b88a60e194fb-1,2020-01-04T20:14:11.000Z,crmid:4548314074,cee3033a-4be1-11ea-8a8d-b88a60e194fb,prd1186,Money Market,Investment,Personal,154339.47,1,USD,branchid:11112
cee3c7e8-4be1-11ea-a856-b88a60e194fb-1,2020-01-16T01:45:45.000Z,crmid:1280222557,cee3c7e8-4be1-11ea-a856-b88a60e194fb,prd1173,Money Market,Investment,Personal,13973.93,1,USD,branchid:11137
cee4b0f0-4be1-11ea-ae53-b88a60e194fb-1,2020-01-13T03:09:30.000Z,crmid:1309108505,cee4b0f0-4be1-11ea-ae53-b88a60e194fb,prd1165,Roth IRA,Retirement,Personal,164334.33,1,USD,branchid:11121
cf4f5970-4be1-11ea-a737-b88a60e194fb-1,2020-01-22T10:15:06.000Z,crmid:1767329566,cf4f5970-4be1-11ea-a737-b88a60e194fb,prd1028,CDs: 1 year,Investment,Personal,288913.34,1,USD,branchid:11088
cf506acc-4be1-11ea-9938-b88a60e194fb-1,2020-01-05T20:42:39.000Z,crmid:5441431371,cf506acc-4be1-11ea-9938-b88a60e194fb,prd1049,Business Brokerage Account,Investment,Business,14470.09,1,USD,branchid:11042
cf512e1c-4be1-11ea-b0d9-b88a60e194fb-1,2020-01-20T17:16:55.000Z,crmid:3406506507,cf512e1c-4be1-11ea-b0d9-b88a60e194fb,prd1045,Mortgage: 10/1 ARM,Mortgage,Personal,18759.47,1,USD,branchid:11140
cf51f1ae-4be1-11ea-84df-b88a60e194fb-1,2020-01-26T23:00:38.000Z,crmid:1925921652,cf51f1ae-4be1-11ea-84df-b88a60e194fb,prd1111,Pension Account,Retirement,Personal,16494.37,1,USD,branchid:11131
cf530300-4be1-11ea-b4c4-b88a60e194fb-1,2020-01-26T03:55:13.000Z,crmid:3918109307,cf530300-4be1-11ea-b4c4-b88a60e194fb,prd1172,Employee Stock Purchase Plans,Investment,Personal,11653.72,1,USD,branchid:11107
cf53eeac-4be1-11ea-ae27-b88a60e194fb-1,2020-01-20T19:12:35.000Z,crmid:2168621203,cf53eeac-4be1-11ea-ae27-b88a60e194fb,prd1150,Money Market,Investment,Personal,15234.17,1,USD,branchid:11101
cf54fedc-4be1-11ea-94c0-b88a60e194fb-1,2020-01-24T12:11:52.000Z,crmid:4325581096,cf54fedc-4be1-11ea-94c0-b88a60e194fb,prd1013,Mortgage: FHA,Mortgage,Personal,189238.36,1,USD,branchid:11080
cfcb401a-4be1-11ea-9790-b88a60e194fb-1,2020-01-24T15:26:58.000Z,crmid:9796236498,cfcb401a-4be1-11ea-9790-b88a60e194fb,prd1061,Mortgage: 5/1 ARM,Mortgage,Personal,245735.66,1,USD,branchid:11099
cfcc52f0-4be1-11ea-a82b-b88a60e194fb-1,2020-01-19T03:08:21.000Z,crmid:5128334393,cfcc52f0-4be1-11ea-a82b-b88a60e194fb,prd1117,Brokerage Account,Investment,Personal,16737.05,1,USD,branchid:11128
cfcd14e8-4be1-11ea-a88d-b88a60e194fb-1,2020-01-24T03:28:06.000Z,crmid:9389765359,cfcd14e8-4be1-11ea-a88d-b88a60e194fb,prd1060,Traditional IRA,Retirement,Personal,8761.46,1,USD,branchid:11051
cfcdd95c-4be1-11ea-b52b-b88a60e194fb-1,2020-01-29T11:02:11.000Z,crmid:5670723893,cfcdd95c-4be1-11ea-b52b-b88a60e194fb,prd1028,CDs: 1 year,Investment,Personal,177422.35,1,USD,branchid:11104
cfceea4c-4be1-11ea-b12a-b88a60e194fb-1,2020-01-14T11:45:35.000Z,crmid:7119004037,cfceea4c-4be1-11ea-b12a-b88a60e194fb,prd1139,Employee Stock Purchase Plans,Investment,Personal,18078.92,1,USD,branchid:11063
cfcfd414-4be1-11ea-a428-b88a60e194fb-1,2020-01-16T13:38:29.000Z,crmid:3300376202,cfcfd414-4be1-11ea-a428-b88a60e194fb,prd1028,CDs: 1 year,Investment,Personal,186257.85,1,USD,branchid:11138
cfd0bf5e-4be1-11ea-9036-b88a60e194fb-1,2020-01-01T18:47:37.000Z,crmid:2652200795,cfd0bf5e-4be1-11ea-9036-b88a60e194fb,prd1029,401k,Retirement,Personal,17044.01,1,USD,branchid:11139
cfd1a9f6-4be1-11ea-97ed-b88a60e194fb-1,2020-01-08T07:23:31.000Z,crmid:1777996776,cfd1a9f6-4be1-11ea-97ed-b88a60e194fb,prd1124,CDs: 5 year,Investment,Personal,15613.21,1,USD,branchid:11073
cfd26d40-4be1-11ea-a29a-b88a60e194fb-1,2020-01-19T20:07:16.000Z,crmid:3396304385,cfd26d40-4be1-11ea-a29a-b88a60e194fb,prd1053,Mortgage: VA,Mortgage,Personal,12042.8,1,USD,branchid:11068
d0413324-4be1-11ea-9593-b88a60e194fb-1,2020-01-24T18:50:51.000Z,crmid:6955349273,d0413324-4be1-11ea-9593-b88a60e194fb,prd1110,Traditional IRA,Retirement,Personal,15801.03,1,USD,branchid:11122
d04244b0-4be1-11ea-980e-b88a60e194fb-1,2020-01-03T06:00:46.000Z,crmid:2809184709,d04244b0-4be1-11ea-980e-b88a60e194fb,prd1150,Money Market,Investment,Personal,15677.7,1,USD,branchid:11048
d0435686-4be1-11ea-b13d-b88a60e194fb-1,2020-01-05T03:31:59.000Z,crmid:2583183550,d0435686-4be1-11ea-b13d-b88a60e194fb,prd1154,Mortgage: 30-yr Fixed,Mortgage,Personal,12691.36,1,USD,branchid:11129
d044680c-4be1-11ea-92c6-b88a60e194fb-1,2020-01-15T07:09:56.000Z,crmid:3266459496,d044680c-4be1-11ea-92c6-b88a60e194fb,prd1027,Mortgage: 30-yr Fixed,Mortgage,Personal,213574.79,1,USD,branchid:11140
d04578fe-4be1-11ea-bfee-b88a60e194fb-1,2020-01-16T10:59:00.000Z,crmid:6451617118,d04578fe-4be1-11ea-bfee-b88a60e194fb,prd1114,CDs: 3 month,Investment,Personal,163290.34,1,USD,branchid:11047
d046635e-4be1-11ea-b607-b88a60e194fb-1,2020-01-07T09:15:40.000Z,crmid:7696174561,d046635e-4be1-11ea-b607-b88a60e194fb,prd1115,Mortgage: VA,Mortgage,Personal,13433.77,1,USD,branchid:11107
d04810ec-4be1-11ea-a91a-b88a60e194fb-1,2020-01-16T08:02:00.000Z,crmid:7908291520,d04810ec-4be1-11ea-a91a-b88a60e194fb,prd1129,Mortgage: 10/1 ARM,Mortgage,Personal,3733723.54,1,USD,branchid:11051
d04949e4-4be1-11ea-b126-b88a60e194fb-1,2020-01-21T06:06:25.000Z,crmid:5408588745,d04949e4-4be1-11ea-b126-b88a60e194fb,prd1167,Roth IRA,Retirement,Personal,12507.7,1,USD,branchid:11108
d0bb1f46-4be1-11ea-aa9c-b88a60e194fb-1,2020-01-06T16:32:56.000Z,crmid:7587625615,d0bb1f46-4be1-11ea-aa9c-b88a60e194fb,prd1061,Mortgage: 5/1 ARM,Mortgage,Personal,208540.16,1,USD,branchid:11032
d0bc09ac-4be1-11ea-a069-b88a60e194fb-1,2020-01-23T18:02:17.000Z,crmid:9315503911,d0bc09ac-4be1-11ea-a069-b88a60e194fb,prd1108,401k,Retirement,Personal,143181.42,1,USD,branchid:11029
d0bccb8c-4be1-11ea-950e-b88a60e194fb-1,2020-01-31T05:18:11.000Z,crmid:1227170929,d0bccb8c-4be1-11ea-950e-b88a60e194fb,prd1061,Mortgage: 5/1 ARM,Mortgage,Personal,18463.9,1,USD,branchid:11130
d0bdb724-4be1-11ea-938e-b88a60e194fb-1,2020-01-25T21:32:36.000Z,crmid:1437571926,d0bdb724-4be1-11ea-938e-b88a60e194fb,prd1108,401k,Retirement,Personal,161446.7,1,USD,branchid:11084
d0bea02c-4be1-11ea-b749-b88a60e194fb-1,2020-01-09T14:22:46.000Z,crmid:1459365372,d0bea02c-4be1-11ea-b749-b88a60e194fb,prd1155,CDs: 5 year,Investment,Personal,248732.4,1,USD,branchid:11138
d0bf8bf4-4be1-11ea-be89-b88a60e194fb-1,2020-01-18T05:57:32.000Z,crmid:1952538754,d0bf8bf4-4be1-11ea-be89-b88a60e194fb,prd1154,Mortgage: 30-yr Fixed,Mortgage,Personal,17016.25,1,USD,branchid:11148
d0c07524-4be1-11ea-8c90-b88a60e194fb-1,2020-01-17T04:03:19.000Z,crmid:3458715922,d0c07524-4be1-11ea-8c90-b88a60e194fb,prd1029,401k,Retirement,Personal,3219814.61,1,USD,branchid:11018
d0c1ad9c-4be1-11ea-879d-b88a60e194fb-1,2020-01-04T23:50:06.000Z,crmid:6205721523,d0c1ad9c-4be1-11ea-879d-b88a60e194fb,prd1125,Mortgage: FHA,Mortgage,Personal,14896.49,1,USD,branchid:11020
d0c2bee4-4be1-11ea-bc45-b88a60e194fb-1,2020-01-07T01:51:09.000Z,crmid:9451121631,d0c2bee4-4be1-11ea-bc45-b88a60e194fb,prd1025,Brokerage Account,Investment,Personal,225071.06,1,USD,branchid:11016
d1490730-4be1-11ea-a6ee-b88a60e194fb-1,2020-01-31T20:47:46.000Z,crmid:8575734024,d1490730-4be1-11ea-a6ee-b88a60e194fb,prd1042,Roth IRA,Retirement,Personal,15589.08,1,USD,branchid:11029
d149f074-4be1-11ea-ab58-b88a60e194fb-1,2020-01-25T12:36:30.000Z,crmid:3511055297,d149f074-4be1-11ea-ab58-b88a60e194fb,prd1154,Mortgage: 30-yr Fixed,Mortgage,Personal,13733.73,1,USD,branchid:11080
d14adbfa-4be1-11ea-8832-b88a60e194fb-1,2020-01-29T01:22:41.000Z,crmid:6399253083,d14adbfa-4be1-11ea-8832-b88a60e194fb,prd1120,Mortgage: 10/1 ARM,Mortgage,Personal,15167.34,1,USD,branchid:11137
d14b780c-4be1-11ea-8307-b88a60e194fb-1,2020-01-04T10:45:42.000Z,crmid:5608437225,d14b780c-4be1-11ea-8307-b88a60e194fb,prd1029,401k,Retirement,Personal,249728.24,1,USD,branchid:11118
d14c89c0-4be1-11ea-a456-b88a60e194fb-1,2020-01-10T15:57:01.000Z,crmid:5540384147,d14c89c0-4be1-11ea-a456-b88a60e194fb,prd1097,Employee Stock Purchase Plans,Investment,Personal,241370.51,1,USD,branchid:11127
d14d9992-4be1-11ea-b538-b88a60e194fb-1,2020-01-15T09:24:00.000Z,crmid:4514877679,d14d9992-4be1-11ea-b538-b88a60e194fb,prd1111,Pension Account,Retirement,Personal,15854.56,1,USD,branchid:11073
d14e840a-4be1-11ea-b157-b88a60e194fb-1,2020-01-13T00:17:02.000Z,crmid:9155271080,d14e840a-4be1-11ea-b157-b88a60e194fb,prd1144,Home Equity Loan,Mortgage,Personal,10728.69,1,USD,branchid:11142
d14f484c-4be1-11ea-b351-b88a60e194fb-1,2020-01-31T21:43:42.000Z,crmid:5080634772,d14f484c-4be1-11ea-b351-b88a60e194fb,prd1172,Employee Stock Purchase Plans,Investment,Personal,12304.89,1,USD,branchid:11106
d1c8e3ee-4be1-11ea-b4c2-b88a60e194fb-1,2020-01-14T00:35:06.000Z,crmid:6753386187,d1c8e3ee-4be1-11ea-b4c2-b88a60e194fb,prd1101,Mortgage: 5/1 ARM,Mortgage,Personal,14735.53,1,USD,branchid:11077
d1c9f558-4be1-11ea-b31a-b88a60e194fb-1,2020-01-17T00:21:57.000Z,crmid:8454995647,d1c9f558-4be1-11ea-b31a-b88a60e194fb,prd1079,Mortgage: 30-yr Fixed,Mortgage,Personal,15573.86,1,USD,branchid:11140
d1cadfc2-4be1-11ea-8b05-b88a60e194fb-1,2020-01-14T06:44:31.000Z,crmid:7236998437,d1cadfc2-4be1-11ea-8b05-b88a60e194fb,prd1088,CDs: 1 year,Investment,Personal,9243.33,1,USD,branchid:11072
d1cbca1a-4be1-11ea-aa0c-b88a60e194fb-1,2020-01-04T20:20:40.000Z,crmid:9272133888,d1cbca1a-4be1-11ea-aa0c-b88a60e194fb,prd1108,401k,Retirement,Personal,20092.82,1,USD,branchid:11033
d1ccdb64-4be1-11ea-9a3b-b88a60e194fb-1,2020-01-21T18:38:13.000Z,crmid:9115710928,d1ccdb64-4be1-11ea-9a3b-b88a60e194fb,prd1026,Mortgage: 5/1 ARM,Mortgage,Personal,14173.05,1,USD,branchid:11080
d1cdc5e6-4be1-11ea-b946-b88a60e194fb-1,2020-01-11T18:53:52.000Z,crmid:8779079506,d1cdc5e6-4be1-11ea-b946-b88a60e194fb,prd1111,Pension Account,Retirement,Personal,160450.88,1,USD,branchid:11119
d1ceb0d2-4be1-11ea-8127-b88a60e194fb-1,2020-01-12T01:25:04.000Z,crmid:1004068870,d1ceb0d2-4be1-11ea-8127-b88a60e194fb,prd1129,Mortgage: 10/1 ARM,Mortgage,Personal,214306.1,1,USD,branchid:11057
d1d00fc0-4be1-11ea-b1b3-b88a60e194fb-1,2020-01-29T09:00:12.000Z,crmid:8435507916,d1d00fc0-4be1-11ea-b1b3-b88a60e194fb,prd1144,Home Equity Loan,Mortgage,Personal,3600234.88,1,USD,branchid:11125
d1d0fa1c-4be1-11ea-beab-b88a60e194fb-1,2020-01-23T08:20:55.000Z,crmid:8635843403,d1d0fa1c-4be1-11ea-beab-b88a60e194fb,prd1150,Money Market,Investment,Personal,227357.92,1,USD,branchid:11112
d247b0be-4be1-11ea-addf-b88a60e194fb-1,2020-01-31T16:12:07.000Z,crmid:6837124370,d247b0be-4be1-11ea-addf-b88a60e194fb,prd1088,CDs: 1 year,Investment,Personal,170664.16,1,USD,branchid:11105
d2489c68-4be1-11ea-9796-b88a60e194fb-1,2020-01-15T03:36:56.000Z,crmid:2374517222,d2489c68-4be1-11ea-9796-b88a60e194fb,prd1037,Home Equity Loan,Mortgage,Personal,282493.85,1,USD,branchid:11047
d2498570-4be1-11ea-a696-b88a60e194fb-1,2020-01-14T04:45:21.000Z,crmid:6050058922,d2498570-4be1-11ea-a696-b88a60e194fb,prd1155,CDs: 5 year,Investment,Personal,3864050.32,1,USD,branchid:11069
d24a49fa-4be1-11ea-b02b-b88a60e194fb-1,2020-01-15T01:52:41.000Z,crmid:9808182828,d24a49fa-4be1-11ea-b02b-b88a60e194fb,prd1033,Fixed Deposit,Investment,Personal,208390.66,1,USD,branchid:11074
d24b32fa-4be1-11ea-b034-b88a60e194fb-1,2020-01-12T00:28:10.000Z,crmid:5064089206,d24b32fa-4be1-11ea-b034-b88a60e194fb,prd1056,CDs: 5 year,Investment,Personal,178744.78,1,USD,branchid:11039
d24bf646-4be1-11ea-82b3-b88a60e194fb-1,2020-01-19T06:17:44.000Z,crmid:4524583060,d24bf646-4be1-11ea-82b3-b88a60e194fb,prd1032,Home Equity Loan,Mortgage,Personal,12476.63,1,USD,branchid:11089
d24cb99e-4be1-11ea-90ce-b88a60e194fb-1,2020-01-17T17:44:41.000Z,crmid:6379376326,d24cb99e-4be1-11ea-90ce-b88a60e194fb,prd1008,Traditional IRA,Retirement,Personal,9772.99,1,USD,branchid:11011
d24da3fe-4be1-11ea-98c3-b88a60e194fb-1,2020-01-14T08:41:20.000Z,crmid:2783084640,d24da3fe-4be1-11ea-98c3-b88a60e194fb,prd1115,Mortgage: VA,Mortgage,Personal,11054.0,1,USD,branchid:11053
d2bb32d0-4be1-11ea-b51a-b88a60e194fb-1,2020-01-07T00:29:22.000Z,crmid:2667314960,d2bb32d0-4be1-11ea-b51a-b88a60e194fb,prd1129,Mortgage: 10/1 ARM,Mortgage,Personal,12600.51,1,USD,branchid:11140
d2bc6cba-4be1-11ea-a4a8-b88a60e194fb-1,2020-01-26T01:05:57.000Z,crmid:6180384166,d2bc6cba-4be1-11ea-a4a8-b88a60e194fb,prd1165,Roth IRA,Retirement,Personal,3266027.57,1,USD,branchid:11133
d2bd55be-4be1-11ea-8f4c-b88a60e194fb-1,2020-01-10T04:15:26.000Z,crmid:1673938394,d2bd55be-4be1-11ea-8f4c-b88a60e194fb,prd1120,Mortgage: 10/1 ARM,Mortgage,Personal,13051.21,1,USD,branchid:11106
d2be190a-4be1-11ea-9917-b88a60e194fb-1,2020-01-01T20:49:16.000Z,crmid:1976495028,d2be190a-4be1-11ea-9917-b88a60e194fb,prd1112,Fixed Deposit,Investment,Personal,199696.61,1,USD,branchid:11049
d2bf0370-4be1-11ea-a4b4-b88a60e194fb-1,2020-01-20T17:07:52.000Z,crmid:8827473089,d2bf0370-4be1-11ea-a4b4-b88a60e194fb,prd1139,Employee Stock Purchase Plans,Investment,Personal,21480.81,1,USD,branchid:11075
d2bfc6be-4be1-11ea-bf96-b88a60e194fb-1,2020-01-11T02:26:54.000Z,crmid:9579814337,d2bfc6be-4be1-11ea-bf96-b88a60e194fb,prd1027,Mortgage: 30-yr Fixed,Mortgage,Personal,12566.55,1,USD,branchid:11079
d2c0b0f4-4be1-11ea-8598-b88a60e194fb-1,2020-01-17T06:06:07.000Z,crmid:4464220037,d2c0b0f4-4be1-11ea-8598-b88a60e194fb,prd1101,Mortgage: 5/1 ARM,Mortgage,Personal,14807.39,1,USD,branchid:11126
d2c19c14-4be1-11ea-baf3-b88a60e194fb-1,2020-01-29T19:37:51.000Z,crmid:8524020590,d2c19c14-4be1-11ea-baf3-b88a60e194fb,prd1172,Employee Stock Purchase Plans,Investment,Personal,15052.37,1,USD,branchid:11099
d3273ae2-4be1-11ea-8329-b88a60e194fb-1,2020-01-06T22:00:01.000Z,crmid:8567490349,d3273ae2-4be1-11ea-8329-b88a60e194fb,prd1027,Mortgage: 30-yr Fixed,Mortgage,Personal,230834.36,1,USD,branchid:11093
d3282542-4be1-11ea-ab7c-b88a60e194fb-1,2020-01-12T02:57:42.000Z,crmid:7410716670,d3282542-4be1-11ea-ab7c-b88a60e194fb,prd1110,Traditional IRA,Retirement,Personal,22303.5,1,USD,branchid:11001
d32910a8-4be1-11ea-a8a6-b88a60e194fb-1,2020-01-19T12:48:00.000Z,crmid:5048856708,d32910a8-4be1-11ea-a8a6-b88a60e194fb,prd1073,Business Brokerage Account,Investment,Business,15433.69,1,USD,branchid:11129
d329d2da-4be1-11ea-886e-b88a60e194fb-1,2020-01-26T12:47:58.000Z,crmid:3542061635,d329d2da-4be1-11ea-886e-b88a60e194fb,prd1186,Money Market,Investment,Personal,14889.11,1,USD,branchid:11059
d32a96d0-4be1-11ea-891d-b88a60e194fb-1,2020-01-12T06:28:03.000Z,crmid:6047809491,d32a96d0-4be1-11ea-891d-b88a60e194fb,prd1047,Mortgage: 10 yr Fixed,Mortgage,Personal,6076982.47,1,USD,branchid:11084
d32b598c-4be1-11ea-930c-b88a60e194fb-1,2020-01-05T05:24:22.000Z,crmid:8179930447,d32b598c-4be1-11ea-930c-b88a60e194fb,prd1174,Traditional IRA,Retirement,Personal,15294.45,1,USD,branchid:11080
d32c43e2-4be1-11ea-9e54-b88a60e194fb-1,2020-01-16T00:09:30.000Z,crmid:1777996776,d32c43e2-4be1-11ea-9e54-b88a60e194fb,prd1179,Business Brokerage Account,Investment,Business,230447.5,1,USD,branchid:11115
d32d0880-4be1-11ea-8273-b88a60e194fb-1,2020-01-10T15:21:26.000Z,crmid:4736491069,d32d0880-4be1-11ea-8273-b88a60e194fb,prd1078,Mortgage: 7/1 ARM,Mortgage,Personal,12529.52,1,USD,branchid:11034
d32e1994-4be1-11ea-bc6f-b88a60e194fb-1,2020-01-09T20:27:55.000Z,crmid:3205815530,d32e1994-4be1-11ea-bc6f-b88a60e194fb,prd1131,Employee Stock Purchase Plans,Investment,Personal,12592.9,1,USD,branchid:11137
d39c919e-4be1-11ea-9e9b-b88a60e194fb-1,2020-01-22T00:24:09.000Z,crmid:1895421364,d39c919e-4be1-11ea-9e9b-b88a60e194fb,prd1123,Mortgage: 10 yr Fixed,Mortgage,Personal,267948.21,1,USD,branchid:11136
d39d7bf8-4be1-11ea-8b78-b88a60e194fb-1,2020-01-22T08:31:52.000Z,crmid:7595880385,d39d7bf8-4be1-11ea-8b78-b88a60e194fb,prd1047,Mortgage: 10 yr Fixed,Mortgage,Personal,18466.37,1,USD,branchid:11142
d39e3f54-4be1-11ea-91bc-b88a60e194fb-1,2020-01-31T10:51:47.000Z,crmid:3433744826,d39e3f54-4be1-11ea-91bc-b88a60e194fb,prd1021,CDs: 5 year,Investment,Personal,146303.78,1,USD,branchid:11096
d39f29b4-4be1-11ea-9252-b88a60e194fb-1,2020-01-31T15:16:43.000Z,crmid:3358796554,d39f29b4-4be1-11ea-9252-b88a60e194fb,prd1172,Employee Stock Purchase Plans,Investment,Personal,17400.95,1,USD,branchid:11028
d39fc5f0-4be1-11ea-968d-b88a60e194fb-1,2020-01-14T03:51:41.000Z,crmid:5475871280,d39fc5f0-4be1-11ea-968d-b88a60e194fb,prd1111,Pension Account,Retirement,Personal,16941.86,1,USD,branchid:11099
d3a0b050-4be1-11ea-9ba7-b88a60e194fb-1,2020-01-10T19:21:52.000Z,crmid:2897883166,d3a0b050-4be1-11ea-9ba7-b88a60e194fb,prd1097,Employee Stock Purchase Plans,Investment,Personal,157295.88,1,USD,branchid:11100
d3a1739a-4be1-11ea-8fbb-b88a60e194fb-1,2020-01-20T16:10:45.000Z,crmid:2534645151,d3a1739a-4be1-11ea-8fbb-b88a60e194fb,prd1189,Overseas Equity Fund,Investment,Personal,15153.34,1,USD,branchid:11100
d3a25dfe-4be1-11ea-b476-b88a60e194fb-1,2020-01-31T12:20:25.000Z,crmid:9234852604,d3a25dfe-4be1-11ea-b476-b88a60e194fb,prd1028,CDs: 1 year,Investment,Personal,8354.93,1,USD,branchid:11070
d40d06ae-4be1-11ea-8441-b88a60e194fb-1,2020-01-20T01:57:04.000Z,crmid:1893299344,d40d06ae-4be1-11ea-8441-b88a60e194fb,prd1112,Fixed Deposit,Investment,Personal,3010054.8,1,USD,branchid:11004
d40df27e-4be1-11ea-bb1a-b88a60e194fb-1,2020-01-28T14:15:03.000Z,crmid:5406005259,d40df27e-4be1-11ea-bb1a-b88a60e194fb,prd1165,Roth IRA,Retirement,Personal,190855.38,1,USD,branchid:11055
d40eb5a6-4be1-11ea-b631-b88a60e194fb-1,2020-01-27T17:41:52.000Z,crmid:7141777131,d40eb5a6-4be1-11ea-b631-b88a60e194fb,prd1013,Mortgage: FHA,Mortgage,Personal,241937.65,1,USD,branchid:11111
d40f78ee-4be1-11ea-a11d-b88a60e194fb-1,2020-01-20T17:13:45.000Z,crmid:3017040917,d40f78ee-4be1-11ea-a11d-b88a60e194fb,prd1108,401k,Retirement,Personal,12092.04,1,USD,branchid:11121
d4108906-4be1-11ea-9e15-b88a60e194fb-1,2020-01-11T11:06:53.000Z,crmid:1733423994,d4108906-4be1-11ea-9e15-b88a60e194fb,prd1153,CDs: 1 year,Investment,Personal,12272.78,1,USD,branchid:11131
d4114c48-4be1-11ea-8787-b88a60e194fb-1,2020-01-23T03:23:43.000Z,crmid:7458226151,d4114c48-4be1-11ea-8787-b88a60e194fb,prd1079,Mortgage: 30-yr Fixed,Mortgage,Personal,13470.12,1,USD,branchid:11143
d4125dd0-4be1-11ea-ae6c-b88a60e194fb-1,2020-01-25T01:03:29.000Z,crmid:4094794212,d4125dd0-4be1-11ea-ae6c-b88a60e194fb,prd1079,Mortgage: 30-yr Fixed,Mortgage,Personal,8758.41,1,USD,branchid:11041
d412fb5c-4be1-11ea-a25d-b88a60e194fb-1,2020-01-02T13:24:10.000Z,crmid:3205825845,d412fb5c-4be1-11ea-a25d-b88a60e194fb,prd1008,Traditional IRA,Retirement,Personal,226225.25,1,USD,branchid:11082
d47cdf38-4be1-11ea-a19c-b88a60e194fb-1,2020-01-02T16:59:16.000Z,crmid:8424782198,d47cdf38-4be1-11ea-a19c-b88a60e194fb,prd1183,Fixed Deposit,Investment,Personal,286861.07,1,USD,branchid:11068
d47dc9d8-4be1-11ea-8bfa-b88a60e194fb-1,2020-01-28T05:23:27.000Z,crmid:6667409828,d47dc9d8-4be1-11ea-8bfa-b88a60e194fb,prd1157,Brokerage Account,Investment,Personal,13975.08,1,USD,branchid:11026
d47eb55a-4be1-11ea-b666-b88a60e194fb-1,2020-01-02T05:24:32.000Z,crmid:9546944591,d47eb55a-4be1-11ea-b666-b88a60e194fb,prd1125,Mortgage: FHA,Mortgage,Personal,14361.15,1,USD,branchid:11080
d47f78a8-4be1-11ea-9b59-b88a60e194fb-1,2020-01-15T00:10:51.000Z,crmid:6554959489,d47f78a8-4be1-11ea-9b59-b88a60e194fb,prd1029,401k,Retirement,Personal,13116.62,1,USD,branchid:11009
d4803bba-4be1-11ea-8686-b88a60e194fb-1,2020-01-02T22:55:59.000Z,crmid:9839131106,d4803bba-4be1-11ea-8686-b88a60e194fb,prd1101,Mortgage: 5/1 ARM,Mortgage,Personal,16033.14,1,USD,branchid:11108
d480fefa-4be1-11ea-b405-b88a60e194fb-1,2020-01-01T03:01:55.000Z,crmid:4154607064,d480fefa-4be1-11ea-b405-b88a60e194fb,prd1125,Mortgage: FHA,Mortgage,Personal,200751.1,1,USD,branchid:11112
d481c282-4be1-11ea-9fa8-b88a60e194fb-1,2020-01-23T10:09:36.000Z,crmid:1240803301,d481c282-4be1-11ea-9fa8-b88a60e194fb,prd1047,Mortgage: 10 yr Fixed,Mortgage,Personal,14790.03,1,USD,branchid:11045
d48284ca-4be1-11ea-82d3-b88a60e194fb-1,2020-01-31T12:50:54.000Z,crmid:1018262797,d48284ca-4be1-11ea-82d3-b88a60e194fb,prd1154,Mortgage: 30-yr Fixed,Mortgage,Personal,14498.02,1,USD,branchid:11130
d4ee658c-4be1-11ea-a987-b88a60e194fb-1,2020-01-28T01:56:16.000Z,crmid:1629601759,d4ee658c-4be1-11ea-a987-b88a60e194fb,prd1155,CDs: 5 year,Investment,Personal,16996.91,1,USD,branchid:11144
d4ef4ff4-4be1-11ea-9943-b88a60e194fb-1,2020-01-28T02:31:32.000Z,crmid:5085915177,d4ef4ff4-4be1-11ea-9943-b88a60e194fb,prd1068,Mortgage: 7/1 ARM,Mortgage,Personal,4329541.57,1,USD,branchid:11134
d4f0615c-4be1-11ea-959e-b88a60e194fb-1,2020-01-24T12:13:49.000Z,crmid:6007702072,d4f0615c-4be1-11ea-959e-b88a60e194fb,prd1049,Business Brokerage Account,Investment,Business,14413.91,1,USD,branchid:11011
d4f12498-4be1-11ea-a781-b88a60e194fb-1,2020-01-05T08:00:58.000Z,crmid:8595735284,d4f12498-4be1-11ea-a781-b88a60e194fb,prd1181,Mortgage: 5/1 ARM,Mortgage,Personal,4043784.37,1,USD,branchid:11114
d4f1e7e2-4be1-11ea-bd27-b88a60e194fb-1,2020-01-14T13:32:46.000Z,crmid:3956905743,d4f1e7e2-4be1-11ea-bd27-b88a60e194fb,prd1101,Mortgage: 5/1 ARM,Mortgage,Personal,14874.51,1,USD,branchid:11095
d4f2f962-4be1-11ea-b2c1-b88a60e194fb-1,2020-01-01T01:25:38.000Z,crmid:7613176104,d4f2f962-4be1-11ea-b2c1-b88a60e194fb,prd1183,Fixed Deposit,Investment,Personal,8861.84,1,USD,branchid:11046
d4f3e3a8-4be1-11ea-9f70-b88a60e194fb-1,2020-01-23T21:41:33.000Z,crmid:8656285059,d4f3e3a8-4be1-11ea-9f70-b88a60e194fb,prd1124,CDs: 5 year,Investment,Personal,238189.49,1,USD,branchid:11123
d4f4ce2c-4be1-11ea-893a-b88a60e194fb-1,2020-01-09T06:33:38.000Z,crmid:4614913772,d4f4ce2c-4be1-11ea-893a-b88a60e194fb,prd1155,CDs: 5 year,Investment,Personal,181857.3,1,USD,branchid:11069
d4f59192-4be1-11ea-b4e7-b88a60e194fb-1,2020-01-04T18:34:08.000Z,crmid:5742925861,d4f59192-4be1-11ea-b4e7-b88a60e194fb,prd1083,Pension Account,Retirement,Personal,13237.07,1,USD,branchid:11100
d560fd2e-4be1-11ea-aab3-b88a60e194fb-1,2020-01-17T08:34:02.000Z,crmid:7463785187,d560fd2e-4be1-11ea-aab3-b88a60e194fb,prd1046,Mortgage: VA,Mortgage,Personal,246438.17,1,USD,branchid:11072
d561e794-4be1-11ea-9e1c-b88a60e194fb-1,2020-01-23T18:21:22.000Z,crmid:7998274322,d561e794-4be1-11ea-9e1c-b88a60e194fb,prd1110,Traditional IRA,Retirement,Personal,14091.44,1,USD,branchid:11106
d562d1f0-4be1-11ea-81e5-b88a60e194fb-1,2020-01-25T09:59:12.000Z,crmid:8238929952,d562d1f0-4be1-11ea-81e5-b88a60e194fb,prd1108,401k,Retirement,Personal,16925.9,1,USD,branchid:11027
d563bc52-4be1-11ea-b971-b88a60e194fb-1,2020-01-08T03:54:46.000Z,crmid:4783460910,d563bc52-4be1-11ea-b971-b88a60e194fb,prd1165,Roth IRA,Retirement,Personal,230073.36,1,USD,branchid:11102
d5647fa2-4be1-11ea-bb8b-b88a60e194fb-1,2020-01-26T03:58:54.000Z,crmid:5771910889,d5647fa2-4be1-11ea-bb8b-b88a60e194fb,prd1157,Brokerage Account,Investment,Personal,14733.04,1,USD,branchid:11037
d5656a00-4be1-11ea-b199-b88a60e194fb-1,2020-01-11T19:52:52.000Z,crmid:8589543162,d5656a00-4be1-11ea-b199-b88a60e194fb,prd1079,Mortgage: 30-yr Fixed,Mortgage,Personal,12982.34,1,USD,branchid:11050
d5662d52-4be1-11ea-8640-b88a60e194fb-1,2020-01-29T16:07:51.000Z,crmid:6897901731,d5662d52-4be1-11ea-8640-b88a60e194fb,prd1062,Mortgage: VA,Mortgage,Personal,16170.47,1,USD,branchid:11018
d566c98c-4be1-11ea-a0f0-b88a60e194fb-1,2020-01-12T22:22:51.000Z,crmid:4543182366,d566c98c-4be1-11ea-a0f0-b88a60e194fb,prd1121,Mortgage: 30-yr Fixed,Mortgage,Personal,14434.96,1,USD,branchid:11097
d5d19922-4be1-11ea-88d4-b88a60e194fb-1,2020-01-02T19:09:17.000Z,crmid:6769452418,d5d19922-4be1-11ea-88d4-b88a60e194fb,prd1123,Mortgage: 10 yr Fixed,Mortgage,Personal,12414.43,1,USD,branchid:11056
d5d28392-4be1-11ea-9be4-b88a60e194fb-1,2020-01-31T12:55:57.000Z,crmid:5397318719,d5d28392-4be1-11ea-9be4-b88a60e194fb,prd1110,Traditional IRA,Retirement,Personal,236273.75,1,USD,branchid:11075
d5d36dda-4be1-11ea-92de-b88a60e194fb-1,2020-01-20T04:58:25.000Z,crmid:5463093641,d5d36dda-4be1-11ea-92de-b88a60e194fb,prd1139,Employee Stock Purchase Plans,Investment,Personal,9712.26,1,USD,branchid:11036
d5d43136-4be1-11ea-9ce0-b88a60e194fb-1,2020-01-28T00:04:51.000Z,crmid:3531026922,d5d43136-4be1-11ea-9ce0-b88a60e194fb,prd1110,Traditional IRA,Retirement,Personal,17646.47,1,USD,branchid:11095
d5d51b88-4be1-11ea-b92b-b88a60e194fb-1,2020-01-04T20:25:10.000Z,crmid:4023884268,d5d51b88-4be1-11ea-b92b-b88a60e194fb,prd1027,Mortgage: 30-yr Fixed,Mortgage,Personal,18454.6,1,USD,branchid:11113
d5d605f0-4be1-11ea-a432-b88a60e194fb-1,2020-01-22T20:21:05.000Z,crmid:9465633667,d5d605f0-4be1-11ea-a432-b88a60e194fb,prd1053,Mortgage: VA,Mortgage,Personal,13605.94,1,USD,branchid:11085
d5d6c940-4be1-11ea-a5ae-b88a60e194fb-1,2020-01-15T07:25:21.000Z,crmid:7564142932,d5d6c940-4be1-11ea-a5ae-b88a60e194fb,prd1150,Money Market,Investment,Personal,148168.13,1,USD,branchid:11081
d5d7daae-4be1-11ea-a742-b88a60e194fb-1,2020-01-03T11:27:34.000Z,crmid:6917785311,d5d7daae-4be1-11ea-a742-b88a60e194fb,prd1112,Fixed Deposit,Investment,Personal,16342.19,1,USD,branchid:11072
d5d89dfe-4be1-11ea-be1c-b88a60e194fb-1,2020-01-29T09:09:58.000Z,crmid:8339568218,d5d89dfe-4be1-11ea-be1c-b88a60e194fb,prd1172,Employee Stock Purchase Plans,Investment,Personal,17566.49,1,USD,branchid:11149
d645e00c-4be1-11ea-ad3b-b88a60e194fb-1,2020-01-11T23:13:51.000Z,crmid:8564882439,d645e00c-4be1-11ea-ad3b-b88a60e194fb,prd1154,Mortgage: 30-yr Fixed,Mortgage,Personal,14537.78,1,USD,branchid:11146
d646ca90-4be1-11ea-8cdc-b88a60e194fb-1,2020-01-06T14:36:57.000Z,crmid:6670863996,d646ca90-4be1-11ea-8cdc-b88a60e194fb,prd1108,401k,Retirement,Personal,146721.24,1,USD,branchid:11109
d647b366-4be1-11ea-934e-b88a60e194fb-1,2020-01-24T22:43:15.000Z,crmid:4042709719,d647b366-4be1-11ea-934e-b88a60e194fb,prd1045,Mortgage: 10/1 ARM,Mortgage,Personal,14278.64,1,USD,branchid:11060
d6487822-4be1-11ea-9096-b88a60e194fb-1,2020-01-15T13:32:56.000Z,crmid:5481267276,d6487822-4be1-11ea-9096-b88a60e194fb,prd1175,401k,Retirement,Personal,14996.58,1,USD,branchid:11020
d6493b76-4be1-11ea-b0e9-b88a60e194fb-1,2020-01-30T20:52:49.000Z,crmid:1002387514,d6493b76-4be1-11ea-b0e9-b88a60e194fb,prd1154,Mortgage: 30-yr Fixed,Mortgage,Personal,3521805.19,1,USD,branchid:11040
d64a2470-4be1-11ea-89fa-b88a60e194fb-1,2020-01-09T11:41:51.000Z,crmid:3351648730,d64a2470-4be1-11ea-89fa-b88a60e194fb,prd1139,Employee Stock Purchase Plans,Investment,Personal,11969.77,1,USD,branchid:11094
d64ae7d0-4be1-11ea-9a09-b88a60e194fb-1,2020-01-26T20:29:19.000Z,crmid:5963592980,d64ae7d0-4be1-11ea-9a09-b88a60e194fb,prd1148,Mortgage: 10/1 ARM,Mortgage,Personal,11774.71,1,USD,branchid:11021
d64bd230-4be1-11ea-9f2f-b88a60e194fb-1,2020-01-07T14:25:58.000Z,crmid:3489408991,d64bd230-4be1-11ea-9f2f-b88a60e194fb,prd1172,Employee Stock Purchase Plans,Investment,Personal,11322.21,1,USD,branchid:11005
d6b5b764-4be1-11ea-9785-b88a60e194fb-1,2020-01-29T03:37:24.000Z,crmid:3272505925,d6b5b764-4be1-11ea-9785-b88a60e194fb,prd1083,Pension Account,Retirement,Personal,203301.92,1,USD,branchid:11058
d6b6a1d8-4be1-11ea-9a3b-b88a60e194fb-1,2020-01-23T07:28:13.000Z,crmid:2036635617,d6b6a1d8-4be1-11ea-9a3b-b88a60e194fb,prd1029,401k,Retirement,Personal,2365417.95,1,USD,branchid:11141
d6b78c28-4be1-11ea-bdba-b88a60e194fb-1,2020-01-29T14:07:33.000Z,crmid:8536168980,d6b78c28-4be1-11ea-bdba-b88a60e194fb,prd1097,Employee Stock Purchase Plans,Investment,Personal,160751.96,1,USD,branchid:11089
d6b84f74-4be1-11ea-9653-b88a60e194fb-1,2020-01-02T19:00:09.000Z,crmid:6429097900,d6b84f74-4be1-11ea-9653-b88a60e194fb,prd1062,Mortgage: VA,Mortgage,Personal,14466.5,1,USD,branchid:11138
d6b912c6-4be1-11ea-8fce-b88a60e194fb-1,2020-01-11T07:41:05.000Z,crmid:6795293207,d6b912c6-4be1-11ea-8fce-b88a60e194fb,prd1155,CDs: 5 year,Investment,Personal,3627756.97,1,USD,branchid:11068
d6b9fd2e-4be1-11ea-a299-b88a60e194fb-1,2020-01-23T16:58:08.000Z,crmid:3198947792,d6b9fd2e-4be1-11ea-a299-b88a60e194fb,prd1179,Business Brokerage Account,Investment,Business,14672.72,1,USD,branchid:11094
d6bac076-4be1-11ea-b278-b88a60e194fb-1,2020-01-24T17:17:33.000Z,crmid:5560956401,d6bac076-4be1-11ea-b278-b88a60e194fb,prd1112,Fixed Deposit,Investment,Personal,11128.81,1,USD,branchid:11072
d6bbaacc-4be1-11ea-bfba-b88a60e194fb-1,2020-01-19T19:13:33.000Z,crmid:4525493420,d6bbaacc-4be1-11ea-bfba-b88a60e194fb,prd1183,Fixed Deposit,Investment,Personal,199254.62,1,USD,branchid:11072
d72a7206-4be1-11ea-b49c-b88a60e194fb-1,2020-01-07T14:26:23.000Z,crmid:2372661066,d72a7206-4be1-11ea-b49c-b88a60e194fb,prd1151,Mortgage: 10 yr Fixed,Mortgage,Personal,14753.75,1,USD,branchid:11102
d72b8380-4be1-11ea-8b41-b88a60e194fb-1,2020-01-13T09:33:18.000Z,crmid:8678166600,d72b8380-4be1-11ea-8b41-b88a60e194fb,prd1111,Pension Account,Retirement,Personal,3539613.63,1,USD,branchid:11084
d72c6db6-4be1-11ea-8a8a-b88a60e194fb-1,2020-01-01T12:52:04.000Z,crmid:6768263085,d72c6db6-4be1-11ea-8a8a-b88a60e194fb,prd1179,Business Brokerage Account,Investment,Business,13312.78,1,USD,branchid:11093
d72d3254-4be1-11ea-a7b0-b88a60e194fb-1,2020-01-29T16:04:13.000Z,crmid:5098558983,d72d3254-4be1-11ea-a7b0-b88a60e194fb,prd1144,Home Equity Loan,Mortgage,Personal,17702.1,1,USD,branchid:11008
d72df59a-4be1-11ea-9ee8-b88a60e194fb-1,2020-01-14T19:59:55.000Z,crmid:2176119684,d72df59a-4be1-11ea-9ee8-b88a60e194fb,prd1078,Mortgage: 7/1 ARM,Mortgage,Personal,22402.21,1,USD,branchid:11077
d72eb8dc-4be1-11ea-b9c4-b88a60e194fb-1,2020-01-08T09:33:01.000Z,crmid:9209411930,d72eb8dc-4be1-11ea-b9c4-b88a60e194fb,prd1144,Home Equity Loan,Mortgage,Personal,157712.53,1,USD,branchid:11100
d72fa202-4be1-11ea-b06f-b88a60e194fb-1,2020-01-05T22:08:48.000Z,crmid:9017027295,d72fa202-4be1-11ea-b06f-b88a60e194fb,prd1060,Traditional IRA,Retirement,Personal,10855.25,1,USD,branchid:11073
d7308dc6-4be1-11ea-92d5-b88a60e194fb-1,2020-01-18T02:57:03.000Z,crmid:2537860962,d7308dc6-4be1-11ea-92d5-b88a60e194fb,prd1175,401k,Retirement,Personal,196526.02,1,USD,branchid:11141
d7315086-4be1-11ea-9380-b88a60e194fb-1,2020-01-11T02:19:10.000Z,crmid:6118258630,d7315086-4be1-11ea-9380-b88a60e194fb,prd1110,Traditional IRA,Retirement,Personal,3625915.12,1,USD,branchid:11125
d79cbbb0-4be1-11ea-a54d-b88a60e194fb-1,2020-01-16T01:16:41.000Z,crmid:7068007048,d79cbbb0-4be1-11ea-a54d-b88a60e194fb,prd1139,Employee Stock Purchase Plans,Investment,Personal,5187196.52,1,USD,branchid:11043
d79d7f08-4be1-11ea-9e15-b88a60e194fb-1,2020-01-03T19:11:04.000Z,crmid:9365383884,d79d7f08-4be1-11ea-9e15-b88a60e194fb,prd1060,Traditional IRA,Retirement,Personal,274394.98,1,USD,branchid:11097
d79e6962-4be1-11ea-94c2-b88a60e194fb-1,2020-01-28T13:45:06.000Z,crmid:5661481977,d79e6962-4be1-11ea-94c2-b88a60e194fb,prd1174,Traditional IRA,Retirement,Personal,16443.37,1,USD,branchid:11025
d79f2cae-4be1-11ea-8eba-b88a60e194fb-1,2020-01-26T16:28:09.000Z,crmid:3858266926,d79f2cae-4be1-11ea-8eba-b88a60e194fb,prd1097,Employee Stock Purchase Plans,Investment,Personal,10041.03,1,USD,branchid:11111
d7a01700-4be1-11ea-aa2d-b88a60e194fb-1,2020-01-15T12:50:27.000Z,crmid:2483462796,d7a01700-4be1-11ea-aa2d-b88a60e194fb,prd1172,Employee Stock Purchase Plans,Investment,Personal,14965.83,1,USD,branchid:11102
d7a0da52-4be1-11ea-9250-b88a60e194fb-1,2020-01-10T11:22:19.000Z,crmid:5167414567,d7a0da52-4be1-11ea-9250-b88a60e194fb,prd1062,Mortgage: VA,Mortgage,Personal,162637.44,1,USD,branchid:11076
d7a19da6-4be1-11ea-8d79-b88a60e194fb-1,2020-01-03T23:06:27.000Z,crmid:5228684081,d7a19da6-4be1-11ea-8d79-b88a60e194fb,prd1056,CDs: 5 year,Investment,Personal,194446.04,1,USD,branchid:11136
d7a260ec-4be1-11ea-b16c-b88a60e194fb-1,2020-01-01T02:13:05.000Z,crmid:4013811612,d7a260ec-4be1-11ea-b16c-b88a60e194fb,prd1184,Fixed Deposit,Investment,Personal,218688.14,1,USD,branchid:11027
d80eb6fe-4be1-11ea-96dc-b88a60e194fb-1,2020-01-21T01:45:07.000Z,crmid:2404152554,d80eb6fe-4be1-11ea-96dc-b88a60e194fb,prd1157,Brokerage Account,Investment,Personal,18080.87,1,USD,branchid:11050
d80fa162-4be1-11ea-bfa0-b88a60e194fb-1,2020-01-29T03:48:54.000Z,crmid:2950584258,d80fa162-4be1-11ea-bfa0-b88a60e194fb,prd1079,Mortgage: 30-yr Fixed,Mortgage,Personal,163656.81,1,USD,branchid:11142
d8108bba-4be1-11ea-9c41-b88a60e194fb-1,2020-01-28T11:56:43.000Z,crmid:7574332897,d8108bba-4be1-11ea-9c41-b88a60e194fb,prd1179,Business Brokerage Account,Investment,Business,12797.99,1,USD,branchid:11097
d8119d22-4be1-11ea-91c5-b88a60e194fb-1,2020-01-04T06:55:50.000Z,crmid:2188557460,d8119d22-4be1-11ea-91c5-b88a60e194fb,prd1025,Brokerage Account,Investment,Personal,17081.1,1,USD,branchid:11012
d8126070-4be1-11ea-9f06-b88a60e194fb-1,2020-01-14T05:15:47.000Z,crmid:6622151139,d8126070-4be1-11ea-9f06-b88a60e194fb,prd1174,Traditional IRA,Retirement,Personal,14940.85,1,USD,branchid:11118
d81323c2-4be1-11ea-a186-b88a60e194fb-1,2020-01-18T22:03:05.000Z,crmid:4525257767,d81323c2-4be1-11ea-a186-b88a60e194fb,prd1008,Traditional IRA,Retirement,Personal,4584902.34,1,USD,branchid:11120
d814352e-4be1-11ea-a845-b88a60e194fb-1,2020-01-27T20:28:45.000Z,crmid:8523231132,d814352e-4be1-11ea-a845-b88a60e194fb,prd1174,Traditional IRA,Retirement,Personal,16928.97,1,USD,branchid:11118
d814f87e-4be1-11ea-8aa3-b88a60e194fb-1,2020-01-12T23:35:56.000Z,crmid:9794429137,d814f87e-4be1-11ea-8aa3-b88a60e194fb,prd1165,Roth IRA,Retirement,Personal,147925.68,1,USD,branchid:11098
d815bbcc-4be1-11ea-9ed0-b88a60e194fb-1,2020-01-18T14:52:06.000Z,crmid:6144170128,d815bbcc-4be1-11ea-9ed0-b88a60e194fb,prd1032,Home Equity Loan,Mortgage,Personal,11799.96,1,USD,branchid:11096
d882138a-4be1-11ea-9ea6-b88a60e194fb-1,2020-01-21T07:08:44.000Z,crmid:9619710652,d882138a-4be1-11ea-9ea6-b88a60e194fb,prd1021,CDs: 5 year,Investment,Personal,16400.95,1,USD,branchid:11018
d882fc6e-4be1-11ea-a6a8-b88a60e194fb-1,2020-01-23T18:37:32.000Z,crmid:7081207303,d882fc6e-4be1-11ea-a6a8-b88a60e194fb,prd1101,Mortgage: 5/1 ARM,Mortgage,Personal,14888.35,1,USD,branchid:11038
d8840e00-4be1-11ea-a3f3-b88a60e194fb-1,2020-01-10T13:13:01.000Z,crmid:8641749689,d8840e00-4be1-11ea-a3f3-b88a60e194fb,prd1034,Home Equity Loan,Mortgage,Personal,4915699.47,1,USD,branchid:11059
d884d16c-4be1-11ea-b856-b88a60e194fb-1,2020-01-04T17:08:58.000Z,crmid:5508535606,d884d16c-4be1-11ea-b856-b88a60e194fb,prd1024,Mortgage: FHA,Mortgage,Personal,12606.43,1,USD,branchid:11074
d88595a2-4be1-11ea-bd27-b88a60e194fb-1,2020-01-30T13:19:50.000Z,crmid:9823574723,d88595a2-4be1-11ea-bd27-b88a60e194fb,prd1148,Mortgage: 10/1 ARM,Mortgage,Personal,13996.9,1,USD,branchid:11020
d886a708-4be1-11ea-9883-b88a60e194fb-1,2020-01-24T18:15:08.000Z,crmid:9813033878,d886a708-4be1-11ea-9883-b88a60e194fb,prd1173,Money Market,Investment,Personal,15901.29,1,USD,branchid:11035
d8876a9e-4be1-11ea-a33a-b88a60e194fb-1,2020-01-27T10:14:35.000Z,crmid:3214445941,d8876a9e-4be1-11ea-a33a-b88a60e194fb,prd1026,Mortgage: 5/1 ARM,Mortgage,Personal,119124.94,1,USD,branchid:11062
d8887aa8-4be1-11ea-abc5-b88a60e194fb-1,2020-01-02T14:52:12.000Z,crmid:4958687608,d8887aa8-4be1-11ea-abc5-b88a60e194fb,prd1129,Mortgage: 10/1 ARM,Mortgage,Personal,14871.08,1,USD,branchid:11039
d8f51f0a-4be1-11ea-ab87-b88a60e194fb-1,2020-01-04T03:58:09.000Z,crmid:5774633550,d8f51f0a-4be1-11ea-ab87-b88a60e194fb,prd1029,401k,Retirement,Personal,18079.05,1,USD,branchid:11011
d8f60964-4be1-11ea-b071-b88a60e194fb-1,2020-01-16T18:35:50.000Z,crmid:8455094472,d8f60964-4be1-11ea-b071-b88a60e194fb,prd1181,Mortgage: 5/1 ARM,Mortgage,Personal,14501.52,1,USD,branchid:11142
d8f6ccae-4be1-11ea-a4d3-b88a60e194fb-1,2020-01-07T15:46:17.000Z,crmid:9745199252,d8f6ccae-4be1-11ea-a4d3-b88a60e194fb,prd1172,Employee Stock Purchase Plans,Investment,Personal,16881.01,1,USD,branchid:11113
d8f79008-4be1-11ea-bb99-b88a60e194fb-1,2020-01-11T05:31:04.000Z,crmid:1264840365,d8f79008-4be1-11ea-bb99-b88a60e194fb,prd1060,Traditional IRA,Retirement,Personal,3040448.7,1,USD,branchid:11057
d8f8a20a-4be1-11ea-b295-b88a60e194fb-1,2020-01-04T23:26:15.000Z,crmid:5567825749,d8f8a20a-4be1-11ea-b295-b88a60e194fb,prd1049,Business Brokerage Account,Investment,Business,176061.88,1,USD,branchid:11089
d8f965ac-4be1-11ea-94e1-b88a60e194fb-1,2020-01-23T17:39:39.000Z,crmid:1108121038,d8f965ac-4be1-11ea-94e1-b88a60e194fb,prd1073,Business Brokerage Account,Investment,Business,278232.3,1,USD,branchid:11145
d8fa4fc0-4be1-11ea-b209-b88a60e194fb-1,2020-01-31T18:17:36.000Z,crmid:5760996711,d8fa4fc0-4be1-11ea-b209-b88a60e194fb,prd1123,Mortgage: 10 yr Fixed,Mortgage,Personal,3805468.84,1,USD,branchid:11038
d8fb3980-4be1-11ea-81d3-b88a60e194fb-1,2020-01-20T00:17:17.000Z,crmid:8020969482,d8fb3980-4be1-11ea-81d3-b88a60e194fb,prd1037,Home Equity Loan,Mortgage,Personal,19683.38,1,USD,branchid:11066
d8fbfe28-4be1-11ea-83a0-b88a60e194fb-1,2020-01-23T22:16:22.000Z,crmid:3112181499,d8fbfe28-4be1-11ea-83a0-b88a60e194fb,prd1068,Mortgage: 7/1 ARM,Mortgage,Personal,146167.25,1,USD,branchid:11146
d967df52-4be1-11ea-ad60-b88a60e194fb-1,2020-01-29T22:40:31.000Z,crmid:4716280220,d967df52-4be1-11ea-ad60-b88a60e194fb,prd1172,Employee Stock Purchase Plans,Investment,Personal,97785.37,1,USD,branchid:11133
d968f07a-4be1-11ea-9130-b88a60e194fb-1,2020-01-03T02:59:31.000Z,crmid:6664747891,d968f07a-4be1-11ea-9130-b88a60e194fb,prd1157,Brokerage Account,Investment,Personal,16049.71,1,USD,branchid:11032
d969b462-4be1-11ea-82c0-b88a60e194fb-1,2020-01-24T19:11:50.000Z,crmid:7333697938,d969b462-4be1-11ea-82c0-b88a60e194fb,prd1175,401k,Retirement,Personal,12174.81,1,USD,branchid:11046
d96a75fa-4be1-11ea-bd22-b88a60e194fb-1,2020-01-13T15:27:02.000Z,crmid:9971062601,d96a75fa-4be1-11ea-bd22-b88a60e194fb,prd1121,Mortgage: 30-yr Fixed,Mortgage,Personal,261845.81,1,USD,branchid:11027
d96b6186-4be1-11ea-885e-b88a60e194fb-1,2020-01-01T16:04:33.000Z,crmid:6888183133,d96b6186-4be1-11ea-885e-b88a60e194fb,prd1045,Mortgage: 10/1 ARM,Mortgage,Personal,222700.33,1,USD,branchid:11046
d96bfdf8-4be1-11ea-92a6-b88a60e194fb-1,2020-01-12T12:57:02.000Z,crmid:4659315274,d96bfdf8-4be1-11ea-92a6-b88a60e194fb,prd1108,401k,Retirement,Personal,17644.31,1,USD,branchid:11136
d96d0dec-4be1-11ea-800a-b88a60e194fb-1,2020-01-15T10:55:12.000Z,crmid:9663606862,d96d0dec-4be1-11ea-800a-b88a60e194fb,prd1167,Roth IRA,Retirement,Personal,186300.62,1,USD,branchid:11137
d96dd2ba-4be1-11ea-81f3-b88a60e194fb-1,2020-01-14T03:00:46.000Z,crmid:9377374906,d96dd2ba-4be1-11ea-81f3-b88a60e194fb,prd1029,401k,Retirement,Personal,2725964.46,1,USD,branchid:11031
d96e95de-4be1-11ea-a2f1-b88a60e194fb-1,2020-01-24T19:50:28.000Z,crmid:4199947383,d96e95de-4be1-11ea-a2f1-b88a60e194fb,prd1151,Mortgage: 10 yr Fixed,Mortgage,Personal,8970.42,1,USD,branchid:11106
d9dc715c-4be1-11ea-b46d-b88a60e194fb-1,2020-01-11T19:03:15.000Z,crmid:8702280935,d9dc715c-4be1-11ea-b46d-b88a60e194fb,prd1153,CDs: 1 year,Investment,Personal,14447.69,1,USD,branchid:11124
d9dd5bba-4be1-11ea-9023-b88a60e194fb-1,2020-01-31T12:59:22.000Z,crmid:1960923795,d9dd5bba-4be1-11ea-9023-b88a60e194fb,prd1047,Mortgage: 10 yr Fixed,Mortgage,Personal,196671.21,1,USD,branchid:11080
d9de460c-4be1-11ea-8458-b88a60e194fb-1,2020-01-19T23:50:01.000Z,crmid:2448824858,d9de460c-4be1-11ea-8458-b88a60e194fb,prd1165,Roth IRA,Retirement,Personal,17047.34,1,USD,branchid:11038
d9df0966-4be1-11ea-9e2a-b88a60e194fb-1,2020-01-10T01:14:52.000Z,crmid:3816799995,d9df0966-4be1-11ea-9e2a-b88a60e194fb,prd1108,401k,Retirement,Personal,11259.78,1,USD,branchid:11011
d9dff3c8-4be1-11ea-ac95-b88a60e194fb-1,2020-01-18T09:12:39.000Z,crmid:3577409471,d9dff3c8-4be1-11ea-ac95-b88a60e194fb,prd1014,CDs: 3 month,Investment,Personal,3437186.76,1,USD,branchid:11102
d9e0de22-4be1-11ea-ace4-b88a60e194fb-1,2020-01-26T09:17:33.000Z,crmid:5830467910,d9e0de22-4be1-11ea-ace4-b88a60e194fb,prd1154,Mortgage: 30-yr Fixed,Mortgage,Personal,17638.24,1,USD,branchid:11019
d9e1c88c-4be1-11ea-9471-b88a60e194fb-1,2020-01-27T21:16:19.000Z,crmid:2433102083,d9e1c88c-4be1-11ea-9471-b88a60e194fb,prd1008,Traditional IRA,Retirement,Personal,20809.86,1,USD,branchid:11150
d9e34f1c-4be1-11ea-8aba-b88a60e194fb-1,2020-01-06T11:27:01.000Z,crmid:4670274540,d9e34f1c-4be1-11ea-8aba-b88a60e194fb,prd1088,CDs: 1 year,Investment,Personal,274966.06,1,USD,branchid:11071
da5b3fae-4be1-11ea-9b63-b88a60e194fb-1,2020-01-03T07:27:46.000Z,crmid:6118209909,da5b3fae-4be1-11ea-9b63-b88a60e194fb,prd1088,CDs: 1 year,Investment,Personal,13058.42,1,USD,branchid:11032
da5c292e-4be1-11ea-9be4-b88a60e194fb-1,2020-01-20T12:37:13.000Z,crmid:6385850640,da5c292e-4be1-11ea-9be4-b88a60e194fb,prd1034,Home Equity Loan,Mortgage,Personal,12908.23,1,USD,branchid:11063
da5d1302-4be1-11ea-a27c-b88a60e194fb-1,2020-01-27T01:08:22.000Z,crmid:1001354981,da5d1302-4be1-11ea-a27c-b88a60e194fb,prd1060,Traditional IRA,Retirement,Personal,14675.22,1,USD,branchid:11074
da5dfd5a-4be1-11ea-9f90-b88a60e194fb-1,2020-01-06T13:35:03.000Z,crmid:6547845849,da5dfd5a-4be1-11ea-9f90-b88a60e194fb,prd1025,Brokerage Account,Investment,Personal,4868069.11,1,USD,branchid:11045
da5ec0ba-4be1-11ea-9ff8-b88a60e194fb-1,2020-01-01T10:00:57.000Z,crmid:2341222164,da5ec0ba-4be1-11ea-9ff8-b88a60e194fb,prd1139,Employee Stock Purchase Plans,Investment,Personal,251888.03,1,USD,branchid:11105
da5fd228-4be1-11ea-9740-b88a60e194fb-1,2020-01-31T08:32:04.000Z,crmid:5141211892,da5fd228-4be1-11ea-9740-b88a60e194fb,prd1174,Traditional IRA,Retirement,Personal,166150.56,1,USD,branchid:11040
da60bc7a-4be1-11ea-9a41-b88a60e194fb-1,2020-01-17T09:55:03.000Z,crmid:1424445759,da60bc7a-4be1-11ea-9a41-b88a60e194fb,prd1042,Roth IRA,Retirement,Personal,16725.25,1,USD,branchid:11007
da61a7ee-4be1-11ea-bb78-b88a60e194fb-1,2020-01-10T19:57:45.000Z,crmid:2605416284,da61a7ee-4be1-11ea-bb78-b88a60e194fb,prd1186,Money Market,Investment,Personal,18738.95,1,USD,branchid:11111
dade297a-4be1-11ea-ba25-b88a60e194fb-1,2020-01-15T09:18:46.000Z,crmid:8259000971,dade297a-4be1-11ea-ba25-b88a60e194fb,prd1035,Pension Account,Retirement,Personal,14527.94,1,USD,branchid:11132
dadf638a-4be1-11ea-9377-b88a60e194fb-1,2020-01-18T09:19:22.000Z,crmid:8273236146,dadf638a-4be1-11ea-9377-b88a60e194fb,prd1151,Mortgage: 10 yr Fixed,Mortgage,Personal,16597.51,1,USD,branchid:11118
dae073f0-4be1-11ea-b12c-b88a60e194fb-1,2020-01-22T12:23:43.000Z,crmid:1505032309,dae073f0-4be1-11ea-b12c-b88a60e194fb,prd1026,Mortgage: 5/1 ARM,Mortgage,Personal,16159.09,1,USD,branchid:11103
dae184ca-4be1-11ea-93e7-b88a60e194fb-1,2020-01-17T12:27:35.000Z,crmid:5330445254,dae184ca-4be1-11ea-93e7-b88a60e194fb,prd1111,Pension Account,Retirement,Personal,18127.11,1,USD,branchid:11147
dae26f34-4be1-11ea-98bf-b88a60e194fb-1,2020-01-01T08:54:32.000Z,crmid:6697422369,dae26f34-4be1-11ea-98bf-b88a60e194fb,prd1121,Mortgage: 30-yr Fixed,Mortgage,Personal,17463.99,1,USD,branchid:11131
dae380ac-4be1-11ea-b224-b88a60e194fb-1,2020-01-27T17:26:39.000Z,crmid:5238686390,dae380ac-4be1-11ea-b224-b88a60e194fb,prd1049,Business Brokerage Account,Investment,Business,241153.43,1,USD,branchid:11150
dae493c6-4be1-11ea-b270-b88a60e194fb-1,2020-01-13T07:43:40.000Z,crmid:8637238329,dae493c6-4be1-11ea-b270-b88a60e194fb,prd1032,Home Equity Loan,Mortgage,Personal,222122.99,1,USD,branchid:11067
dae55588-4be1-11ea-afc9-b88a60e194fb-1,2020-01-30T19:20:35.000Z,crmid:7310557498,dae55588-4be1-11ea-afc9-b88a60e194fb,prd1061,Mortgage: 5/1 ARM,Mortgage,Personal,17364.34,1,USD,branchid:11106
dae666e2-4be1-11ea-92a9-b88a60e194fb-1,2020-01-27T12:43:58.000Z,crmid:8892658011,dae666e2-4be1-11ea-92a9-b88a60e194fb,prd1114,CDs: 3 month,Investment,Personal,14343.49,1,USD,branchid:11122
db5f419c-4be1-11ea-a686-b88a60e194fb-1,2020-01-17T03:11:16.000Z,crmid:4462223176,db5f419c-4be1-11ea-a686-b88a60e194fb,prd1032,Home Equity Loan,Mortgage,Personal,13454.06,1,USD,branchid:11028
db602bf4-4be1-11ea-8eeb-b88a60e194fb-1,2020-01-23T01:21:47.000Z,crmid:2327131617,db602bf4-4be1-11ea-8eeb-b88a60e194fb,prd1013,Mortgage: FHA,Mortgage,Personal,238957.44,1,USD,branchid:11055
db60ef4a-4be1-11ea-af50-b88a60e194fb-1,2020-01-12T21:32:59.000Z,crmid:1297587973,db60ef4a-4be1-11ea-af50-b88a60e194fb,prd1028,CDs: 1 year,Investment,Personal,158020.94,1,USD,branchid:11114
db61d84a-4be1-11ea-adde-b88a60e194fb-1,2020-01-20T06:22:47.000Z,crmid:1164962720,db61d84a-4be1-11ea-adde-b88a60e194fb,prd1183,Fixed Deposit,Investment,Personal,70656.44,1,USD,branchid:11116
db62c374-4be1-11ea-9f68-b88a60e194fb-1,2020-01-28T16:44:15.000Z,crmid:4758259299,db62c374-4be1-11ea-9f68-b88a60e194fb,prd1181,Mortgage: 5/1 ARM,Mortgage,Personal,15249.03,1,USD,branchid:11070
db63ad08-4be1-11ea-8dda-b88a60e194fb-1,2020-01-11T17:27:10.000Z,crmid:8023244994,db63ad08-4be1-11ea-8dda-b88a60e194fb,prd1008,Traditional IRA,Retirement,Personal,16536.42,1,USD,branchid:11020
db649758-4be1-11ea-9fb7-b88a60e194fb-1,2020-01-26T03:03:04.000Z,crmid:7274537758,db649758-4be1-11ea-9fb7-b88a60e194fb,prd1124,CDs: 5 year,Investment,Personal,144508.09,1,USD,branchid:11101
db6583e8-4be1-11ea-86c1-b88a60e194fb-1,2020-01-27T03:41:27.000Z,crmid:1984526673,db6583e8-4be1-11ea-86c1-b88a60e194fb,prd1024,Mortgage: FHA,Mortgage,Personal,171924.65,1,USD,branchid:11141
dbd449d0-4be1-11ea-8c1a-b88a60e194fb-1,2020-01-20T09:48:47.000Z,crmid:3491647534,dbd449d0-4be1-11ea-8c1a-b88a60e194fb,prd1184,Fixed Deposit,Investment,Personal,16891.6,1,USD,branchid:11020
dbd5336c-4be1-11ea-8f97-b88a60e194fb-1,2020-01-09T20:02:37.000Z,crmid:4401792130,dbd5336c-4be1-11ea-8f97-b88a60e194fb,prd1035,Pension Account,Retirement,Personal,16387.71,1,USD,branchid:11141
dbd61f1a-4be1-11ea-90fa-b88a60e194fb-1,2020-01-10T22:06:04.000Z,crmid:6220232019,dbd61f1a-4be1-11ea-90fa-b88a60e194fb,prd1123,Mortgage: 10 yr Fixed,Mortgage,Personal,18681.38,1,USD,branchid:11002
dbd6e25c-4be1-11ea-b4ff-b88a60e194fb-1,2020-01-21T08:33:22.000Z,crmid:7382615087,dbd6e25c-4be1-11ea-b4ff-b88a60e194fb,prd1079,Mortgage: 30-yr Fixed,Mortgage,Personal,10162.88,1,USD,branchid:11057
dbd7a5a2-4be1-11ea-b9b9-b88a60e194fb-1,2020-01-09T17:59:01.000Z,crmid:4609089647,dbd7a5a2-4be1-11ea-b9b9-b88a60e194fb,prd1153,CDs: 1 year,Investment,Personal,15632.01,1,USD,branchid:11071
dbd8679a-4be1-11ea-8ca1-b88a60e194fb-1,2020-01-26T00:14:30.000Z,crmid:2522876505,dbd8679a-4be1-11ea-8ca1-b88a60e194fb,prd1121,Mortgage: 30-yr Fixed,Mortgage,Personal,16944.47,1,USD,branchid:11091
dbd97a62-4be1-11ea-a1ce-b88a60e194fb-1,2020-01-01T09:23:54.000Z,crmid:7076007914,dbd97a62-4be1-11ea-a1ce-b88a60e194fb,prd1174,Traditional IRA,Retirement,Personal,13715.86,1,USD,branchid:11074
dbda3d98-4be1-11ea-bec8-b88a60e194fb-1,2020-01-07T19:59:04.000Z,crmid:9465633667,dbda3d98-4be1-11ea-bec8-b88a60e194fb,prd1108,401k,Retirement,Personal,16018.98,1,USD,branchid:11052
dbdb0100-4be1-11ea-92d8-b88a60e194fb-1,2020-01-05T20:21:37.000Z,crmid:9186313644,dbdb0100-4be1-11ea-92d8-b88a60e194fb,prd1172,Employee Stock Purchase Plans,Investment,Personal,15868.35,1,USD,branchid:11057
dc44bdd8-4be1-11ea-92fd-b88a60e194fb-1,2020-01-24T05:13:15.000Z,crmid:7691811656,dc44bdd8-4be1-11ea-92fd-b88a60e194fb,prd1120,Mortgage: 10/1 ARM,Mortgage,Personal,13427.09,1,USD,branchid:11102
dc461d78-4be1-11ea-933b-b88a60e194fb-1,2020-01-04T23:18:55.000Z,crmid:9431880846,dc461d78-4be1-11ea-933b-b88a60e194fb,prd1111,Pension Account,Retirement,Personal,4076536.72,1,USD,branchid:11082
dc472eb8-4be1-11ea-8431-b88a60e194fb-1,2020-01-04T06:35:03.000Z,crmid:1902745752,dc472eb8-4be1-11ea-8431-b88a60e194fb,prd1013,Mortgage: FHA,Mortgage,Personal,4695446.24,1,USD,branchid:11095
dc47f20c-4be1-11ea-8bb5-b88a60e194fb-1,2020-01-04T02:51:38.000Z,crmid:8176161014,dc47f20c-4be1-11ea-8bb5-b88a60e194fb,prd1064,CDs: 3 month,Investment,Personal,15309.42,1,USD,branchid:11061
dc4903cc-4be1-11ea-a29c-b88a60e194fb-1,2020-01-26T10:54:07.000Z,crmid:3311466601,dc4903cc-4be1-11ea-a29c-b88a60e194fb,prd1046,Mortgage: VA,Mortgage,Personal,17174.16,1,USD,branchid:11060
dc4a6318-4be1-11ea-a489-b88a60e194fb-1,2020-01-03T03:25:00.000Z,crmid:8755391089,dc4a6318-4be1-11ea-a489-b88a60e194fb,prd1153,CDs: 1 year,Investment,Personal,17376.98,1,USD,branchid:11103
dc4b2688-4be1-11ea-b2b0-b88a60e194fb-1,2020-01-02T03:07:45.000Z,crmid:7688758199,dc4b2688-4be1-11ea-b2b0-b88a60e194fb,prd1154,Mortgage: 30-yr Fixed,Mortgage,Personal,11911.71,1,USD,branchid:11102
dc4c10f4-4be1-11ea-88fc-b88a60e194fb-1,2020-01-30T14:29:38.000Z,crmid:2455122538,dc4c10f4-4be1-11ea-88fc-b88a60e194fb,prd1025,Brokerage Account,Investment,Personal,199576.48,1,USD,branchid:11075
dcb6b974-4be1-11ea-914e-b88a60e194fb-1,2020-01-19T03:38:35.000Z,crmid:3224389889,dcb6b974-4be1-11ea-914e-b88a60e194fb,prd1167,Roth IRA,Retirement,Personal,20415.76,1,USD,branchid:11042
dcb7a3a4-4be1-11ea-8aef-b88a60e194fb-1,2020-01-25T13:07:01.000Z,crmid:9104227536,dcb7a3a4-4be1-11ea-8aef-b88a60e194fb,prd1041,Mortgage: 7/1 ARM,Mortgage,Personal,12028.8,1,USD,branchid:11133
dcb866f6-4be1-11ea-a003-b88a60e194fb-1,2020-01-20T08:21:34.000Z,crmid:2394835971,dcb866f6-4be1-11ea-a003-b88a60e194fb,prd1045,Mortgage: 10/1 ARM,Mortgage,Personal,3750006.99,1,USD,branchid:11052
dcb95148-4be1-11ea-b672-b88a60e194fb-1,2020-01-30T00:06:38.000Z,crmid:3578119370,dcb95148-4be1-11ea-b672-b88a60e194fb,prd1182,Brokerage Account,Investment,Personal,13901.12,1,USD,branchid:11061
dcba14a2-4be1-11ea-9e24-b88a60e194fb-1,2020-01-31T21:17:16.000Z,crmid:2251545315,dcba14a2-4be1-11ea-9e24-b88a60e194fb,prd1078,Mortgage: 7/1 ARM,Mortgage,Personal,15920.71,1,USD,branchid:11049
dcbad7e8-4be1-11ea-a47b-b88a60e194fb-1,2020-01-13T18:59:46.000Z,crmid:9409448415,dcbad7e8-4be1-11ea-a47b-b88a60e194fb,prd1049,Business Brokerage Account,Investment,Business,13143.68,1,USD,branchid:11054
dcbbc24c-4be1-11ea-a21f-b88a60e194fb-1,2020-01-16T21:03:56.000Z,crmid:7818994532,dcbbc24c-4be1-11ea-a21f-b88a60e194fb,prd1189,Overseas Equity Fund,Investment,Personal,321117.93,1,USD,branchid:11107
dcbc870a-4be1-11ea-a830-b88a60e194fb-1,2020-01-16T03:39:15.000Z,crmid:8215389459,dcbc870a-4be1-11ea-a830-b88a60e194fb,prd1159,CDs: 3 month,Investment,Personal,12491.43,1,USD,branchid:11006
dcbd7148-4be1-11ea-a4b1-b88a60e194fb-1,2020-01-17T22:19:58.000Z,crmid:5905685987,dcbd7148-4be1-11ea-a4b1-b88a60e194fb,prd1028,CDs: 1 year,Investment,Personal,10053.43,1,USD,branchid:11109
dd2c856c-4be1-11ea-beeb-b88a60e194fb-1,2020-01-26T18:51:54.000Z,crmid:4120119133,dd2c856c-4be1-11ea-beeb-b88a60e194fb,prd1175,401k,Retirement,Personal,3971051.66,1,USD,branchid:11120
dd2d6fd0-4be1-11ea-8c25-b88a60e194fb-1,2020-01-10T12:45:47.000Z,crmid:2765372690,dd2d6fd0-4be1-11ea-8c25-b88a60e194fb,prd1121,Mortgage: 30-yr Fixed,Mortgage,Personal,183493.73,1,USD,branchid:11073
dd2e5a30-4be1-11ea-b13c-b88a60e194fb-1,2020-01-31T15:01:31.000Z,crmid:9709700110,dd2e5a30-4be1-11ea-b13c-b88a60e194fb,prd1101,Mortgage: 5/1 ARM,Mortgage,Personal,217479.14,1,USD,branchid:11097
dd2f1d64-4be1-11ea-ad6f-b88a60e194fb-1,2020-01-29T00:59:05.000Z,crmid:3217023239,dd2f1d64-4be1-11ea-ad6f-b88a60e194fb,prd1028,CDs: 1 year,Investment,Personal,15664.37,1,USD,branchid:11037
dd2fe0ba-4be1-11ea-9cec-b88a60e194fb-1,2020-01-05T00:41:19.000Z,crmid:4170910695,dd2fe0ba-4be1-11ea-9cec-b88a60e194fb,prd1112,Fixed Deposit,Investment,Personal,156044.03,1,USD,branchid:11043
dd30a42c-4be1-11ea-b23e-b88a60e194fb-1,2020-01-08T09:56:30.000Z,crmid:1416351019,dd30a42c-4be1-11ea-b23e-b88a60e194fb,prd1114,CDs: 3 month,Investment,Personal,3971529.08,1,USD,branchid:11074
dd316776-4be1-11ea-ae78-b88a60e194fb-1,2020-01-15T03:17:17.000Z,crmid:2201307201,dd316776-4be1-11ea-ae78-b88a60e194fb,prd1172,Employee Stock Purchase Plans,Investment,Personal,185933.53,1,USD,branchid:11126
dd3251dc-4be1-11ea-91db-b88a60e194fb-1,2020-01-26T10:51:29.000Z,crmid:8398116106,dd3251dc-4be1-11ea-91db-b88a60e194fb,prd1030,401k,Retirement,Personal,20070.94,1,USD,branchid:11105
dd331664-4be1-11ea-b658-b88a60e194fb-1,2020-01-01T12:58:43.000Z,crmid:8249134718,dd331664-4be1-11ea-b658-b88a60e194fb,prd1154,Mortgage: 30-yr Fixed,Mortgage,Personal,18765.89,1,USD,branchid:11066
dda3d854-4be1-11ea-9d6f-b88a60e194fb-1,2020-01-20T01:14:10.000Z,crmid:5847867169,dda3d854-4be1-11ea-9d6f-b88a60e194fb,prd1184,Fixed Deposit,Investment,Personal,118920.44,1,USD,branchid:11085
dda4c3e2-4be1-11ea-b662-b88a60e194fb-1,2020-01-19T20:38:08.000Z,crmid:4691401681,dda4c3e2-4be1-11ea-b662-b88a60e194fb,prd1034,Home Equity Loan,Mortgage,Personal,3855650.78,1,USD,branchid:11133
dda586e6-4be1-11ea-87fc-b88a60e194fb-1,2020-01-29T21:29:42.000Z,crmid:9411753444,dda586e6-4be1-11ea-87fc-b88a60e194fb,prd1027,Mortgage: 30-yr Fixed,Mortgage,Personal,8978.68,1,USD,branchid:11130
dda64a5a-4be1-11ea-9ad6-b88a60e194fb-1,2020-01-25T20:07:37.000Z,crmid:3568238993,dda64a5a-4be1-11ea-9ad6-b88a60e194fb,prd1111,Pension Account,Retirement,Personal,15244.34,1,USD,branchid:11063
dda73366-4be1-11ea-b5d0-b88a60e194fb-1,2020-01-20T02:35:49.000Z,crmid:7008628937,dda73366-4be1-11ea-b5d0-b88a60e194fb,prd1111,Pension Account,Retirement,Personal,15311.42,1,USD,branchid:11097
dda81f24-4be1-11ea-a314-b88a60e194fb-1,2020-01-19T06:02:03.000Z,crmid:6180811670,dda81f24-4be1-11ea-a314-b88a60e194fb,prd1046,Mortgage: VA,Mortgage,Personal,88746.55,1,USD,branchid:11149
dda90966-4be1-11ea-a902-b88a60e194fb-1,2020-01-18T19:38:44.000Z,crmid:4340338619,dda90966-4be1-11ea-a902-b88a60e194fb,prd1181,Mortgage: 5/1 ARM,Mortgage,Personal,13576.71,1,USD,branchid:11062
dda9f3c6-4be1-11ea-a842-b88a60e194fb-1,2020-01-07T20:10:17.000Z,crmid:1289502267,dda9f3c6-4be1-11ea-a842-b88a60e194fb,prd1045,Mortgage: 10/1 ARM,Mortgage,Personal,16361.15,1,USD,branchid:11102
de153742-4be1-11ea-888b-b88a60e194fb-1,2020-01-11T08:32:17.000Z,crmid:4828691191,de153742-4be1-11ea-888b-b88a60e194fb,prd1124,CDs: 5 year,Investment,Personal,11061.95,1,USD,branchid:11100
de162192-4be1-11ea-a4e7-b88a60e194fb-1,2020-01-25T19:15:27.000Z,crmid:2101440773,de162192-4be1-11ea-a4e7-b88a60e194fb,prd1151,Mortgage: 10 yr Fixed,Mortgage,Personal,160821.01,1,USD,branchid:11133
de16e4da-4be1-11ea-9888-b88a60e194fb-1,2020-01-24T15:31:47.000Z,crmid:2252171099,de16e4da-4be1-11ea-9888-b88a60e194fb,prd1120,Mortgage: 10/1 ARM,Mortgage,Personal,10765.55,1,USD,branchid:11087
de17a898-4be1-11ea-a659-b88a60e194fb-1,2020-01-02T15:41:45.000Z,crmid:9827008661,de17a898-4be1-11ea-a659-b88a60e194fb,prd1167,Roth IRA,Retirement,Personal,281998.91,1,USD,branchid:11089
de1892d8-4be1-11ea-9d9a-b88a60e194fb-1,2020-01-23T23:21:25.000Z,crmid:2183656354,de1892d8-4be1-11ea-9d9a-b88a60e194fb,prd1186,Money Market,Investment,Personal,14299.05,1,USD,branchid:11008
de197d06-4be1-11ea-9ce0-b88a60e194fb-1,2020-01-09T10:01:35.000Z,crmid:1685596254,de197d06-4be1-11ea-9ce0-b88a60e194fb,prd1101,Mortgage: 5/1 ARM,Mortgage,Personal,10975.34,1,USD,branchid:11025
de1a418c-4be1-11ea-8a4a-b88a60e194fb-1,2020-01-18T02:32:49.000Z,crmid:3654050329,de1a418c-4be1-11ea-8a4a-b88a60e194fb,prd1115,Mortgage: VA,Mortgage,Personal,169102.18,1,USD,branchid:11029
de1b2bfa-4be1-11ea-9721-b88a60e194fb-1,2020-01-31T16:31:48.000Z,crmid:1227491795,de1b2bfa-4be1-11ea-9721-b88a60e194fb,prd1114,CDs: 3 month,Investment,Personal,267730.88,1,USD,branchid:11091
de89cafa-4be1-11ea-b5c6-b88a60e194fb-1,2020-01-08T00:59:03.000Z,crmid:2121664323,de89cafa-4be1-11ea-b5c6-b88a60e194fb,prd1037,Home Equity Loan,Mortgage,Personal,19466.17,1,USD,branchid:11051
de8ab548-4be1-11ea-af46-b88a60e194fb-1,2020-01-20T04:55:37.000Z,crmid:6911488460,de8ab548-4be1-11ea-af46-b88a60e194fb,prd1112,Fixed Deposit,Investment,Personal,17896.46,1,USD,branchid:11063
de8bc822-4be1-11ea-9fe3-b88a60e194fb-1,2020-01-10T15:35:22.000Z,crmid:8740151547,de8bc822-4be1-11ea-9fe3-b88a60e194fb,prd1033,Fixed Deposit,Investment,Personal,10787.53,1,USD,branchid:11149
de8c89f4-4be1-11ea-a7ec-b88a60e194fb-1,2020-01-30T16:01:11.000Z,crmid:1366784950,de8c89f4-4be1-11ea-a7ec-b88a60e194fb,prd1029,401k,Retirement,Personal,19079.73,1,USD,branchid:11123
de8d744c-4be1-11ea-a123-b88a60e194fb-1,2020-01-19T05:33:05.000Z,crmid:4130316695,de8d744c-4be1-11ea-a123-b88a60e194fb,prd1026,Mortgage: 5/1 ARM,Mortgage,Personal,17943.33,1,USD,branchid:11144
de8e379a-4be1-11ea-83a8-b88a60e194fb-1,2020-01-16T15:52:08.000Z,crmid:4005708410,de8e379a-4be1-11ea-83a8-b88a60e194fb,prd1159,CDs: 3 month,Investment,Personal,18150.35,1,USD,branchid:11120
de8f21fe-4be1-11ea-8ad2-b88a60e194fb-1,2020-01-04T18:35:33.000Z,crmid:8280292505,de8f21fe-4be1-11ea-8ad2-b88a60e194fb,prd1148,Mortgage: 10/1 ARM,Mortgage,Personal,3905503.63,1,USD,branchid:11135
de900c58-4be1-11ea-9600-b88a60e194fb-1,2020-01-10T17:15:23.000Z,crmid:9352460704,de900c58-4be1-11ea-9600-b88a60e194fb,prd1189,Overseas Equity Fund,Investment,Personal,280774.52,1,USD,branchid:11138
de90cf9e-4be1-11ea-9969-b88a60e194fb-1,2020-01-16T17:04:22.000Z,crmid:3801809738,de90cf9e-4be1-11ea-9969-b88a60e194fb,prd1144,Home Equity Loan,Mortgage,Personal,18073.46,1,USD,branchid:11032
df00f6c6-4be1-11ea-8b97-b88a60e194fb-1,2020-01-23T14:32:32.000Z,crmid:3369590118,df00f6c6-4be1-11ea-8b97-b88a60e194fb,prd1184,Fixed Deposit,Investment,Personal,13052.83,1,USD,branchid:11127
df01e242-4be1-11ea-8f38-b88a60e194fb-1,2020-01-21T07:54:33.000Z,crmid:4987601855,df01e242-4be1-11ea-8f38-b88a60e194fb,prd1047,Mortgage: 10 yr Fixed,Mortgage,Personal,16575.33,1,USD,branchid:11095
df02a454-4be1-11ea-ba28-b88a60e194fb-1,2020-01-27T09:38:39.000Z,crmid:4543223021,df02a454-4be1-11ea-ba28-b88a60e194fb,prd1029,401k,Retirement,Personal,12316.49,1,USD,branchid:11075
df038e86-4be1-11ea-a932-b88a60e194fb-1,2020-01-09T21:11:27.000Z,crmid:1823672064,df038e86-4be1-11ea-a932-b88a60e194fb,prd1121,Mortgage: 30-yr Fixed,Mortgage,Personal,157073.75,1,USD,branchid:11069
df047a58-4be1-11ea-b5da-b88a60e194fb-1,2020-01-25T06:54:48.000Z,crmid:5294184961,df047a58-4be1-11ea-b5da-b88a60e194fb,prd1013,Mortgage: FHA,Mortgage,Personal,13682.5,1,USD,branchid:11131
df056358-4be1-11ea-b08c-b88a60e194fb-1,2020-01-26T05:18:53.000Z,crmid:5494720976,df056358-4be1-11ea-b08c-b88a60e194fb,prd1049,Business Brokerage Account,Investment,Business,22024.54,1,USD,branchid:11085
df064dc6-4be1-11ea-afe9-b88a60e194fb-1,2020-01-16T15:54:34.000Z,crmid:4758788504,df064dc6-4be1-11ea-afe9-b88a60e194fb,prd1115,Mortgage: VA,Mortgage,Personal,12727.0,1,USD,branchid:11028
df06ea02-4be1-11ea-8d2c-b88a60e194fb-1,2020-01-24T09:01:14.000Z,crmid:4647788664,df06ea02-4be1-11ea-8d2c-b88a60e194fb,prd1049,Business Brokerage Account,Investment,Business,13062.7,1,USD,branchid:11079
df07ad5c-4be1-11ea-84f4-b88a60e194fb-1,2020-01-11T19:34:25.000Z,crmid:2033724870,df07ad5c-4be1-11ea-84f4-b88a60e194fb,prd1131,Employee Stock Purchase Plans,Investment,Personal,17071.84,1,USD,branchid:11078
df776034-4be1-11ea-8ebb-b88a60e194fb-1,2020-01-27T20:54:31.000Z,crmid:6933899541,df776034-4be1-11ea-8ebb-b88a60e194fb,prd1064,CDs: 3 month,Investment,Personal,137390.14,1,USD,branchid:11032
df7871a8-4be1-11ea-8b45-b88a60e194fb-1,2020-01-11T05:39:42.000Z,crmid:4805095186,df7871a8-4be1-11ea-8b45-b88a60e194fb,prd1061,Mortgage: 5/1 ARM,Mortgage,Personal,9628.09,1,USD,branchid:11004
df795c02-4be1-11ea-ab77-b88a60e194fb-1,2020-01-16T20:19:03.000Z,crmid:1489527402,df795c02-4be1-11ea-ab77-b88a60e194fb,prd1139,Employee Stock Purchase Plans,Investment,Personal,182946.01,1,USD,branchid:11091
df7a6bfe-4be1-11ea-bf50-b88a60e194fb-1,2020-01-11T04:35:18.000Z,crmid:2768374217,df7a6bfe-4be1-11ea-bf50-b88a60e194fb,prd1046,Mortgage: VA,Mortgage,Personal,10416.21,1,USD,branchid:11117
df7b2f78-4be1-11ea-8e44-b88a60e194fb-1,2020-01-30T19:47:35.000Z,crmid:2787168537,df7b2f78-4be1-11ea-8e44-b88a60e194fb,prd1064,CDs: 3 month,Investment,Personal,133920.4,1,USD,branchid:11064
df7c19de-4be1-11ea-9d3d-b88a60e194fb-1,2020-01-09T18:29:58.000Z,crmid:1835245606,df7c19de-4be1-11ea-9d3d-b88a60e194fb,prd1139,Employee Stock Purchase Plans,Investment,Personal,17589.32,1,USD,branchid:11036
df7cdd1a-4be1-11ea-9232-b88a60e194fb-1,2020-01-20T23:59:12.000Z,crmid:7094018310,df7cdd1a-4be1-11ea-9232-b88a60e194fb,prd1176,Overseas Equity Fund,Investment,Personal,146761.19,1,USD,branchid:11041
df7da076-4be1-11ea-b908-b88a60e194fb-1,2020-01-06T23:13:57.000Z,crmid:7464622789,df7da076-4be1-11ea-b908-b88a60e194fb,prd1150,Money Market,Investment,Personal,129596.0,1,USD,branchid:11022
df7e8bd0-4be1-11ea-8305-b88a60e194fb-1,2020-01-14T19:32:15.000Z,crmid:2881296716,df7e8bd0-4be1-11ea-8305-b88a60e194fb,prd1139,Employee Stock Purchase Plans,Investment,Personal,14443.94,1,USD,branchid:11130
dfee6350-4be1-11ea-a07e-b88a60e194fb-1,2020-01-20T19:20:05.000Z,crmid:6265184286,dfee6350-4be1-11ea-a07e-b88a60e194fb,prd1175,401k,Retirement,Personal,198646.13,1,USD,branchid:11075
dfef4db0-4be1-11ea-8181-b88a60e194fb-1,2020-01-29T20:10:50.000Z,crmid:7824429078,dfef4db0-4be1-11ea-8181-b88a60e194fb,prd1184,Fixed Deposit,Investment,Personal,4870823.78,1,USD,branchid:11109
dff03802-4be1-11ea-91dc-b88a60e194fb-1,2020-01-17T22:26:13.000Z,crmid:7304930298,dff03802-4be1-11ea-91dc-b88a60e194fb,prd1025,Brokerage Account,Investment,Personal,12696.18,1,USD,branchid:11115
dff0d442-4be1-11ea-84d0-b88a60e194fb-1,2020-01-03T00:48:07.000Z,crmid:6191205188,dff0d442-4be1-11ea-84d0-b88a60e194fb,prd1175,401k,Retirement,Personal,18198.07,1,USD,branchid:11139
dff1be9e-4be1-11ea-9368-b88a60e194fb-1,2020-01-27T23:24:30.000Z,crmid:6448695976,dff1be9e-4be1-11ea-9368-b88a60e194fb,prd1150,Money Market,Investment,Personal,2496915.52,1,USD,branchid:11140
dff281f6-4be1-11ea-8b8e-b88a60e194fb-1,2020-01-16T12:05:27.000Z,crmid:9449854807,dff281f6-4be1-11ea-8b8e-b88a60e194fb,prd1124,CDs: 5 year,Investment,Personal,20414.83,1,USD,branchid:11072
dff34542-4be1-11ea-a267-b88a60e194fb-1,2020-01-15T07:10:05.000Z,crmid:1185132756,dff34542-4be1-11ea-a267-b88a60e194fb,prd1035,Pension Account,Retirement,Personal,20838.11,1,USD,branchid:11144
dff4306c-4be1-11ea-858f-b88a60e194fb-1,2020-01-31T16:30:28.000Z,crmid:2492462482,dff4306c-4be1-11ea-858f-b88a60e194fb,prd1124,CDs: 5 year,Investment,Personal,191729.11,1,USD,branchid:11069
dff519fe-4be1-11ea-9637-b88a60e194fb-1,2020-01-15T18:14:32.000Z,crmid:4949055264,dff519fe-4be1-11ea-9637-b88a60e194fb,prd1175,401k,Retirement,Personal,186224.84,1,USD,branchid:11018
e061718c-4be1-11ea-8dd5-b88a60e194fb-1,2020-01-27T22:44:03.000Z,crmid:2167427559,e061718c-4be1-11ea-8dd5-b88a60e194fb,prd1157,Brokerage Account,Investment,Personal,214010.09,1,USD,branchid:11118
e0625ab4-4be1-11ea-b344-b88a60e194fb-1,2020-01-17T09:41:33.000Z,crmid:2719881954,e0625ab4-4be1-11ea-b344-b88a60e194fb,prd1060,Traditional IRA,Retirement,Personal,218318.78,1,USD,branchid:11019
e0642f68-4be1-11ea-a358-b88a60e194fb-1,2020-01-25T22:35:17.000Z,crmid:6062310065,e0642f68-4be1-11ea-a358-b88a60e194fb,prd1179,Business Brokerage Account,Investment,Business,3371447.7,1,USD,branchid:11064
e064f2ba-4be1-11ea-88c7-b88a60e194fb-1,2020-01-21T03:23:32.000Z,crmid:7858538956,e064f2ba-4be1-11ea-88c7-b88a60e194fb,prd1129,Mortgage: 10/1 ARM,Mortgage,Personal,11959.58,1,USD,branchid:11134
e065dd1c-4be1-11ea-9a41-b88a60e194fb-1,2020-01-21T14:32:53.000Z,crmid:9555063709,e065dd1c-4be1-11ea-9a41-b88a60e194fb,prd1120,Mortgage: 10/1 ARM,Mortgage,Personal,11777.18,1,USD,branchid:11136
e066c764-4be1-11ea-a78c-b88a60e194fb-1,2020-01-14T18:14:02.000Z,crmid:2801427124,e066c764-4be1-11ea-a78c-b88a60e194fb,prd1144,Home Equity Loan,Mortgage,Personal,173602.15,1,USD,branchid:11080
e067b1c6-4be1-11ea-b85c-b88a60e194fb-1,2020-01-13T21:12:24.000Z,crmid:4012684858,e067b1c6-4be1-11ea-b85c-b88a60e194fb,prd1150,Money Market,Investment,Personal,213418.69,1,USD,branchid:11033
e0687514-4be1-11ea-b0ce-b88a60e194fb-1,2020-01-05T19:24:20.000Z,crmid:9035381578,e0687514-4be1-11ea-b0ce-b88a60e194fb,prd1139,Employee Stock Purchase Plans,Investment,Personal,11911.05,1,USD,branchid:11136
e069385e-4be1-11ea-94d5-b88a60e194fb-1,2020-01-18T13:36:29.000Z,crmid:5525727947,e069385e-4be1-11ea-94d5-b88a60e194fb,prd1111,Pension Account,Retirement,Personal,12365.0,1,USD,branchid:11017
e0d89d62-4be1-11ea-91bd-b88a60e194fb-1,2020-01-01T10:25:38.000Z,crmid:7342623401,e0d89d62-4be1-11ea-91bd-b88a60e194fb,prd1037,Home Equity Loan,Mortgage,Personal,111783.92,1,USD,branchid:11081
e0d98662-4be1-11ea-ad9a-b88a60e194fb-1,2020-01-30T18:20:58.000Z,crmid:5506874504,e0d98662-4be1-11ea-ad9a-b88a60e194fb,prd1034,Home Equity Loan,Mortgage,Personal,13055.41,1,USD,branchid:11073
e0da49b6-4be1-11ea-a807-b88a60e194fb-1,2020-01-21T07:18:04.000Z,crmid:7595791602,e0da49b6-4be1-11ea-a807-b88a60e194fb,prd1125,Mortgage: FHA,Mortgage,Personal,185465.63,1,USD,branchid:11142
e0db0e40-4be1-11ea-a563-b88a60e194fb-1,2020-01-07T20:09:31.000Z,crmid:8537942885,e0db0e40-4be1-11ea-a563-b88a60e194fb,prd1115,Mortgage: VA,Mortgage,Personal,15258.69,1,USD,branchid:11082
e0dbf8a2-4be1-11ea-b00f-b88a60e194fb-1,2020-01-14T19:56:35.000Z,crmid:8154510747,e0dbf8a2-4be1-11ea-b00f-b88a60e194fb,prd1025,Brokerage Account,Investment,Personal,10705.82,1,USD,branchid:11117
e0dcbbf0-4be1-11ea-8991-b88a60e194fb-1,2020-01-21T09:58:59.000Z,crmid:7032184443,e0dcbbf0-4be1-11ea-8991-b88a60e194fb,prd1008,Traditional IRA,Retirement,Personal,17568.67,1,USD,branchid:11139
e0dda506-4be1-11ea-8457-b88a60e194fb-1,2020-01-02T08:53:37.000Z,crmid:5710498254,e0dda506-4be1-11ea-8457-b88a60e194fb,prd1186,Money Market,Investment,Personal,70378.33,1,USD,branchid:11003
e0deb7da-4be1-11ea-b2fd-b88a60e194fb-1,2020-01-06T23:40:52.000Z,crmid:8801272889,e0deb7da-4be1-11ea-b2fd-b88a60e194fb,prd1189,Overseas Equity Fund,Investment,Personal,16351.2,1,USD,branchid:11020
e0df53f6-4be1-11ea-9b42-b88a60e194fb-1,2020-01-29T03:48:31.000Z,crmid:5774633550,e0df53f6-4be1-11ea-9b42-b88a60e194fb,prd1053,Mortgage: VA,Mortgage,Personal,174913.67,1,USD,branchid:11102
e1532474-4be1-11ea-831d-b88a60e194fb-1,2020-01-09T09:32:09.000Z,crmid:9222092591,e1532474-4be1-11ea-831d-b88a60e194fb,prd1042,Roth IRA,Retirement,Personal,200046.32,1,USD,branchid:11023
e1540d34-4be1-11ea-a940-b88a60e194fb-1,2020-01-25T09:52:50.000Z,crmid:7060474094,e1540d34-4be1-11ea-a940-b88a60e194fb,prd1047,Mortgage: 10 yr Fixed,Mortgage,Personal,17214.77,1,USD,branchid:11148
e154d1d2-4be1-11ea-b6ac-b88a60e194fb-1,2020-01-10T03:41:40.000Z,crmid:2586605395,e154d1d2-4be1-11ea-b6ac-b88a60e194fb,prd1068,Mortgage: 7/1 ARM,Mortgage,Personal,15727.32,1,USD,branchid:11080
e155bada-4be1-11ea-8a00-b88a60e194fb-1,2020-01-24T03:30:33.000Z,crmid:6869192929,e155bada-4be1-11ea-8a00-b88a60e194fb,prd1114,CDs: 3 month,Investment,Personal,15823.84,1,USD,branchid:11053
e1567e38-4be1-11ea-af29-b88a60e194fb-1,2020-01-13T05:55:29.000Z,crmid:3197710203,e1567e38-4be1-11ea-af29-b88a60e194fb,prd1186,Money Market,Investment,Personal,15088.65,1,USD,branchid:11096
e15742cc-4be1-11ea-9c52-b88a60e194fb-1,2020-01-15T06:28:31.000Z,crmid:9892045090,e15742cc-4be1-11ea-9c52-b88a60e194fb,prd1101,Mortgage: 5/1 ARM,Mortgage,Personal,202637.36,1,USD,branchid:11145
e1580636-4be1-11ea-8b95-b88a60e194fb-1,2020-01-15T07:44:15.000Z,crmid:4346507434,e1580636-4be1-11ea-8b95-b88a60e194fb,prd1111,Pension Account,Retirement,Personal,225564.1,1,USD,branchid:11000
e15917a6-4be1-11ea-908f-b88a60e194fb-1,2020-01-24T10:49:02.000Z,crmid:6214181244,e15917a6-4be1-11ea-908f-b88a60e194fb,prd1042,Roth IRA,Retirement,Personal,4199121.76,1,USD,branchid:11009
e1ca01da-4be1-11ea-8a78-b88a60e194fb-1,2020-01-11T11:49:51.000Z,crmid:5587903350,e1ca01da-4be1-11ea-8a78-b88a60e194fb,prd1110,Traditional IRA,Retirement,Personal,220774.56,1,USD,branchid:11066
e1caead8-4be1-11ea-a8b7-b88a60e194fb-1,2020-01-19T22:07:53.000Z,crmid:2525369779,e1caead8-4be1-11ea-a8b7-b88a60e194fb,prd1045,Mortgage: 10/1 ARM,Mortgage,Personal,13866.04,1,USD,branchid:11012
e1cbaf76-4be1-11ea-92db-b88a60e194fb-1,2020-01-02T08:08:31.000Z,crmid:5208928382,e1cbaf76-4be1-11ea-92db-b88a60e194fb,prd1165,Roth IRA,Retirement,Personal,19064.93,1,USD,branchid:11027
e1cc9874-4be1-11ea-b384-b88a60e194fb-1,2020-01-26T03:28:18.000Z,crmid:1048462363,e1cc9874-4be1-11ea-b384-b88a60e194fb,prd1073,Business Brokerage Account,Investment,Business,182193.13,1,USD,branchid:11003
e1cd5d24-4be1-11ea-81e8-b88a60e194fb-1,2020-01-01T08:24:02.000Z,crmid:2378672661,e1cd5d24-4be1-11ea-81e8-b88a60e194fb,prd1108,401k,Retirement,Personal,13795.69,1,USD,branchid:11005
e1ce1f2c-4be1-11ea-9c29-b88a60e194fb-1,2020-01-04T03:08:58.000Z,crmid:1009793610,e1ce1f2c-4be1-11ea-9c29-b88a60e194fb,prd1189,Overseas Equity Fund,Investment,Personal,14294.76,1,USD,branchid:11107
e1cf0968-4be1-11ea-b7e6-b88a60e194fb-1,2020-01-23T07:09:55.000Z,crmid:3657236246,e1cf0968-4be1-11ea-b7e6-b88a60e194fb,prd1064,CDs: 3 month,Investment,Personal,16171.93,1,USD,branchid:11030
e1d01c38-4be1-11ea-a85b-b88a60e194fb-1,2020-01-24T22:05:15.000Z,crmid:6409822814,e1d01c38-4be1-11ea-a85b-b88a60e194fb,prd1042,Roth IRA,Retirement,Personal,14587.14,1,USD,branchid:11039
e1d10618-4be1-11ea-97e8-b88a60e194fb-1,2020-01-24T02:58:13.000Z,crmid:9932867439,e1d10618-4be1-11ea-97e8-b88a60e194fb,prd1181,Mortgage: 5/1 ARM,Mortgage,Personal,3380079.62,1,USD,branchid:11009
e23c9818-4be1-11ea-b40b-b88a60e194fb-1,2020-01-08T21:05:33.000Z,crmid:3654184949,e23c9818-4be1-11ea-b40b-b88a60e194fb,prd1101,Mortgage: 5/1 ARM,Mortgage,Personal,13168.82,1,USD,branchid:11119
e23da980-4be1-11ea-ae51-b88a60e194fb-1,2020-01-04T05:45:28.000Z,crmid:5903286471,e23da980-4be1-11ea-ae51-b88a60e194fb,prd1131,Employee Stock Purchase Plans,Investment,Personal,8459.68,1,USD,branchid:11067
e23ee20c-4be1-11ea-9b6a-b88a60e194fb-1,2020-01-25T21:29:20.000Z,crmid:6381311686,e23ee20c-4be1-11ea-9b6a-b88a60e194fb,prd1184,Fixed Deposit,Investment,Personal,15169.95,1,USD,branchid:11117
e23fcc78-4be1-11ea-9560-b88a60e194fb-1,2020-01-27T12:53:59.000Z,crmid:5865354734,e23fcc78-4be1-11ea-9560-b88a60e194fb,prd1176,Overseas Equity Fund,Investment,Personal,15171.03,1,USD,branchid:11119
e240b838-4be1-11ea-ae58-b88a60e194fb-1,2020-01-08T22:13:09.000Z,crmid:1331442063,e240b838-4be1-11ea-ae58-b88a60e194fb,prd1131,Employee Stock Purchase Plans,Investment,Personal,15771.13,1,USD,branchid:11132
e2417b8c-4be1-11ea-b095-b88a60e194fb-1,2020-01-05T11:12:53.000Z,crmid:4926219488,e2417b8c-4be1-11ea-b095-b88a60e194fb,prd1121,Mortgage: 30-yr Fixed,Mortgage,Personal,16299.16,1,USD,branchid:11058
e2423eba-4be1-11ea-9ae2-b88a60e194fb-1,2020-01-10T08:54:46.000Z,crmid:9129380216,e2423eba-4be1-11ea-9ae2-b88a60e194fb,prd1062,Mortgage: VA,Mortgage,Personal,9357.29,1,USD,branchid:11071
e2430210-4be1-11ea-a11e-b88a60e194fb-1,2020-01-08T07:08:53.000Z,crmid:3249562576,e2430210-4be1-11ea-a11e-b88a60e194fb,prd1060,Traditional IRA,Retirement,Personal,159490.31,1,USD,branchid:11039
e243ec36-4be1-11ea-975e-b88a60e194fb-1,2020-01-07T07:33:00.000Z,crmid:9264987169,e243ec36-4be1-11ea-975e-b88a60e194fb,prd1110,Traditional IRA,Retirement,Personal,267670.21,1,USD,branchid:11006
e2af56da-4be1-11ea-bb2f-b88a60e194fb-1,2020-01-19T22:29:47.000Z,crmid:9379613476,e2af56da-4be1-11ea-bb2f-b88a60e194fb,prd1097,Employee Stock Purchase Plans,Investment,Personal,207699.47,1,USD,branchid:11039
e2b04142-4be1-11ea-85b2-b88a60e194fb-1,2020-01-10T19:22:37.000Z,crmid:9488516271,e2b04142-4be1-11ea-85b2-b88a60e194fb,prd1155,CDs: 5 year,Investment,Personal,4502601.38,1,USD,branchid:11133
e2b1a288-4be1-11ea-b66c-b88a60e194fb-1,2020-01-30T18:21:50.000Z,crmid:1557973466,e2b1a288-4be1-11ea-b66c-b88a60e194fb,prd1159,CDs: 3 month,Investment,Personal,13893.65,1,USD,branchid:11135
e2b30058-4be1-11ea-a7d2-b88a60e194fb-1,2020-01-11T22:38:48.000Z,crmid:1448477313,e2b30058-4be1-11ea-a7d2-b88a60e194fb,prd1110,Traditional IRA,Retirement,Personal,12091.21,1,USD,branchid:11130
e2b3c3a4-4be1-11ea-a5de-b88a60e194fb-1,2020-01-21T19:35:33.000Z,crmid:8684754342,e2b3c3a4-4be1-11ea-a5de-b88a60e194fb,prd1144,Home Equity Loan,Mortgage,Personal,15275.97,1,USD,branchid:11114
e2b4ae40-4be1-11ea-bbd0-b88a60e194fb-1,2020-01-12T22:25:46.000Z,crmid:6440897134,e2b4ae40-4be1-11ea-bbd0-b88a60e194fb,prd1025,Brokerage Account,Investment,Personal,18650.68,1,USD,branchid:11105
e2b57192-4be1-11ea-94ef-b88a60e194fb-1,2020-01-17T11:20:24.000Z,crmid:2710291500,e2b57192-4be1-11ea-94ef-b88a60e194fb,prd1061,Mortgage: 5/1 ARM,Mortgage,Personal,13049.63,1,USD,branchid:11022
e2b65bee-4be1-11ea-b7c9-b88a60e194fb-1,2020-01-15T22:26:49.000Z,crmid:7247662302,e2b65bee-4be1-11ea-b7c9-b88a60e194fb,prd1139,Employee Stock Purchase Plans,Investment,Personal,13344.78,1,USD,branchid:11013
e327472e-4be1-11ea-ba22-b88a60e194fb-1,2020-01-18T01:59:09.000Z,crmid:4617967228,e327472e-4be1-11ea-ba22-b88a60e194fb,prd1064,CDs: 3 month,Investment,Personal,226537.84,1,USD,branchid:11092
e3283076-4be1-11ea-b53c-b88a60e194fb-1,2020-01-01T15:58:01.000Z,crmid:3149708040,e3283076-4be1-11ea-b53c-b88a60e194fb,prd1037,Home Equity Loan,Mortgage,Personal,16016.37,1,USD,branchid:11005
e3291a94-4be1-11ea-a4a0-b88a60e194fb-1,2020-01-23T07:20:47.000Z,crmid:9028406881,e3291a94-4be1-11ea-a4a0-b88a60e194fb,prd1033,Fixed Deposit,Investment,Personal,178690.7,1,USD,branchid:11135
e329df54-4be1-11ea-aa28-b88a60e194fb-1,2020-01-23T12:24:38.000Z,crmid:4210762441,e329df54-4be1-11ea-aa28-b88a60e194fb,prd1068,Mortgage: 7/1 ARM,Mortgage,Personal,14745.44,1,USD,branchid:11060
e32aa290-4be1-11ea-9c16-b88a60e194fb-1,2020-01-23T10:31:17.000Z,crmid:2315119344,e32aa290-4be1-11ea-9c16-b88a60e194fb,prd1172,Employee Stock Purchase Plans,Investment,Personal,13807.75,1,USD,branchid:11142
e32b64a8-4be1-11ea-a12e-b88a60e194fb-1,2020-01-22T11:31:11.000Z,crmid:2485649036,e32b64a8-4be1-11ea-a12e-b88a60e194fb,prd1174,Traditional IRA,Retirement,Personal,202278.55,1,USD,branchid:11123
e32c4ef6-4be1-11ea-9a1e-b88a60e194fb-1,2020-01-03T11:54:40.000Z,crmid:6614320608,e32c4ef6-4be1-11ea-9a1e-b88a60e194fb,prd1155,CDs: 5 year,Investment,Personal,10625.2,1,USD,branchid:11052
e32d1342-4be1-11ea-a204-b88a60e194fb-1,2020-01-27T23:42:33.000Z,crmid:7894989716,e32d1342-4be1-11ea-a204-b88a60e194fb,prd1154,Mortgage: 30-yr Fixed,Mortgage,Personal,11483.29,1,USD,branchid:11076
e32dfda4-4be1-11ea-9405-b88a60e194fb-1,2020-01-14T17:30:07.000Z,crmid:6536658761,e32dfda4-4be1-11ea-9405-b88a60e194fb,prd1030,401k,Retirement,Personal,20739.59,1,USD,branchid:11022
e39c9e28-4be1-11ea-a7d4-b88a60e194fb-1,2020-01-11T23:53:52.000Z,crmid:7973149317,e39c9e28-4be1-11ea-a7d4-b88a60e194fb,prd1028,CDs: 1 year,Investment,Personal,14179.23,1,USD,branchid:11141
e39d8876-4be1-11ea-a4d3-b88a60e194fb-1,2020-01-06T11:06:12.000Z,crmid:5059724054,e39d8876-4be1-11ea-a4d3-b88a60e194fb,prd1154,Mortgage: 30-yr Fixed,Mortgage,Personal,299136.29,1,USD,branchid:11049
e39e4bde-4be1-11ea-b127-b88a60e194fb-1,2020-01-05T02:28:25.000Z,crmid:1130918651,e39e4bde-4be1-11ea-b127-b88a60e194fb,prd1083,Pension Account,Retirement,Personal,219695.51,1,USD,branchid:11149
e39f0f1e-4be1-11ea-996d-b88a60e194fb-1,2020-01-23T22:03:44.000Z,crmid:5355278417,e39f0f1e-4be1-11ea-996d-b88a60e194fb,prd1013,Mortgage: FHA,Mortgage,Personal,15331.55,1,USD,branchid:11066
e39ff82e-4be1-11ea-b6dc-b88a60e194fb-1,2020-01-06T10:50:02.000Z,crmid:2632108134,e39ff82e-4be1-11ea-b6dc-b88a60e194fb,prd1183,Fixed Deposit,Investment,Personal,17618.1,1,USD,branchid:11118
e3a0e3ca-4be1-11ea-b195-b88a60e194fb-1,2020-01-22T21:04:44.000Z,crmid:9223460134,e3a0e3ca-4be1-11ea-b195-b88a60e194fb,prd1159,CDs: 3 month,Investment,Personal,213153.23,1,USD,branchid:11042
e3a1ce34-4be1-11ea-a82c-b88a60e194fb-1,2020-01-10T16:01:35.000Z,crmid:3877382225,e3a1ce34-4be1-11ea-a82c-b88a60e194fb,prd1173,Money Market,Investment,Personal,14436.45,1,USD,branchid:11138
e3a29180-4be1-11ea-a154-b88a60e194fb-1,2020-01-31T07:02:18.000Z,crmid:9020890109,e3a29180-4be1-11ea-a154-b88a60e194fb,prd1124,CDs: 5 year,Investment,Personal,13516.16,1,USD,branchid:11023
e3a354c6-4be1-11ea-a2e0-b88a60e194fb-1,2020-01-08T01:19:02.000Z,crmid:1911787782,e3a354c6-4be1-11ea-a2e0-b88a60e194fb,prd1189,Overseas Equity Fund,Investment,Personal,19332.54,1,USD,branchid:11097
e3a416e4-4be1-11ea-b569-b88a60e194fb-1,2020-01-17T11:55:21.000Z,crmid:5819690033,e3a416e4-4be1-11ea-b569-b88a60e194fb,prd1024,Mortgage: FHA,Mortgage,Personal,306836.55,1,USD,branchid:11082
e413f0d2-4be1-11ea-b195-b88a60e194fb-1,2020-01-16T17:53:34.000Z,crmid:4481024816,e413f0d2-4be1-11ea-b195-b88a60e194fb,prd1179,Business Brokerage Account,Investment,Business,226652.04,1,USD,branchid:11051
e414b422-4be1-11ea-91da-b88a60e194fb-1,2020-01-19T20:21:05.000Z,crmid:9942009537,e414b422-4be1-11ea-91da-b88a60e194fb,prd1184,Fixed Deposit,Investment,Personal,182018.95,1,USD,branchid:11110
e4159e40-4be1-11ea-afd2-b88a60e194fb-1,2020-01-07T21:42:14.000Z,crmid:8525736372,e4159e40-4be1-11ea-afd2-b88a60e194fb,prd1083,Pension Account,Retirement,Personal,12659.37,1,USD,branchid:11106
e4168792-4be1-11ea-9ede-b88a60e194fb-1,2020-01-29T11:06:45.000Z,crmid:9272046830,e4168792-4be1-11ea-9ede-b88a60e194fb,prd1179,Business Brokerage Account,Investment,Business,263091.02,1,USD,branchid:11035
e4177202-4be1-11ea-94b7-b88a60e194fb-1,2020-01-15T18:59:20.000Z,crmid:6543795831,e4177202-4be1-11ea-94b7-b88a60e194fb,prd1159,CDs: 3 month,Investment,Personal,188895.54,1,USD,branchid:11104
e418369c-4be1-11ea-a7f4-b88a60e194fb-1,2020-01-14T22:37:29.000Z,crmid:5151482386,e418369c-4be1-11ea-a7f4-b88a60e194fb,prd1176,Overseas Equity Fund,Investment,Personal,208063.84,1,USD,branchid:11149
e4191f86-4be1-11ea-a404-b88a60e194fb-1,2020-01-07T06:35:04.000Z,crmid:7384165792,e4191f86-4be1-11ea-a404-b88a60e194fb,prd1035,Pension Account,Retirement,Personal,11909.53,1,USD,branchid:11118
e41a0b42-4be1-11ea-b287-b88a60e194fb-1,2020-01-16T19:16:39.000Z,crmid:6830937941,e41a0b42-4be1-11ea-b287-b88a60e194fb,prd1115,Mortgage: VA,Mortgage,Personal,314959.06,1,USD,branchid:11092
e488362e-4be1-11ea-a035-b88a60e194fb-1,2020-01-11T07:26:40.000Z,crmid:9718813781,e488362e-4be1-11ea-a035-b88a60e194fb,prd1028,CDs: 1 year,Investment,Personal,15514.44,1,USD,branchid:11085
e4891f7a-4be1-11ea-a69a-b88a60e194fb-1,2020-01-13T19:29:54.000Z,crmid:7992935709,e4891f7a-4be1-11ea-a69a-b88a60e194fb,prd1025,Brokerage Account,Investment,Personal,13101.96,1,USD,branchid:11054
e489e3e4-4be1-11ea-8d86-b88a60e194fb-1,2020-01-27T18:41:45.000Z,crmid:9557985754,e489e3e4-4be1-11ea-8d86-b88a60e194fb,prd1165,Roth IRA,Retirement,Personal,186111.29,1,USD,branchid:11028
e48b1b2c-4be1-11ea-99d0-b88a60e194fb-1,2020-01-24T19:51:59.000Z,crmid:6969047783,e48b1b2c-4be1-11ea-99d0-b88a60e194fb,prd1056,CDs: 5 year,Investment,Personal,13543.51,1,USD,branchid:11014
e48c5386-4be1-11ea-8610-b88a60e194fb-1,2020-01-25T21:49:26.000Z,crmid:5877479414,e48c5386-4be1-11ea-8610-b88a60e194fb,prd1117,Brokerage Account,Investment,Personal,16135.67,1,USD,branchid:11006
e48d182c-4be1-11ea-a1ff-b88a60e194fb-1,2020-01-06T17:18:23.000Z,crmid:5119689710,e48d182c-4be1-11ea-a1ff-b88a60e194fb,prd1112,Fixed Deposit,Investment,Personal,16696.15,1,USD,branchid:11077
e48e286e-4be1-11ea-b23b-b88a60e194fb-1,2020-01-11T23:53:52.000Z,crmid:8757114899,e48e286e-4be1-11ea-b23b-b88a60e194fb,prd1173,Money Market,Investment,Personal,5285.54,1,USD,branchid:11068
e48eed10-4be1-11ea-b76b-b88a60e194fb-1,2020-01-30T22:23:49.000Z,crmid:8664174892,e48eed10-4be1-11ea-b76b-b88a60e194fb,prd1008,Traditional IRA,Retirement,Personal,16442.64,1,USD,branchid:11027
e4fec5d2-4be1-11ea-a62b-b88a60e194fb-1,2020-01-16T12:16:55.000Z,crmid:4163326057,e4fec5d2-4be1-11ea-a62b-b88a60e194fb,prd1183,Fixed Deposit,Investment,Personal,4212070.36,1,USD,branchid:11144
e4ff891e-4be1-11ea-9e99-b88a60e194fb-1,2020-01-31T11:21:22.000Z,crmid:4408239487,e4ff891e-4be1-11ea-9e99-b88a60e194fb,prd1181,Mortgage: 5/1 ARM,Mortgage,Personal,16096.95,1,USD,branchid:11018
e50071fe-4be1-11ea-a7b0-b88a60e194fb-1,2020-01-23T18:01:48.000Z,crmid:2684178847,e50071fe-4be1-11ea-a7b0-b88a60e194fb,prd1087,Overseas Equity Fund,Investment,Personal,20146.15,1,USD,branchid:11131
e501364c-4be1-11ea-a042-b88a60e194fb-1,2020-01-27T11:18:21.000Z,crmid:6256551997,e501364c-4be1-11ea-a042-b88a60e194fb,prd1159,CDs: 3 month,Investment,Personal,172942.56,1,USD,branchid:11087
e5021f90-4be1-11ea-b293-b88a60e194fb-1,2020-01-03T11:56:50.000Z,crmid:7082628127,e5021f90-4be1-11ea-b293-b88a60e194fb,prd1053,Mortgage: VA,Mortgage,Personal,10520.44,1,USD,branchid:11046
e5030a0c-4be1-11ea-b6c1-b88a60e194fb-1,2020-01-16T01:01:50.000Z,crmid:7697524459,e5030a0c-4be1-11ea-b6c1-b88a60e194fb,prd1083,Pension Account,Retirement,Personal,15270.58,1,USD,branchid:11056
e503ce92-4be1-11ea-8273-b88a60e194fb-1,2020-01-10T20:38:56.000Z,crmid:4617357154,e503ce92-4be1-11ea-8273-b88a60e194fb,prd1114,CDs: 3 month,Investment,Personal,21777.64,1,USD,branchid:11115
e50491e6-4be1-11ea-a2b8-b88a60e194fb-1,2020-01-06T19:47:45.000Z,crmid:7924964820,e50491e6-4be1-11ea-a2b8-b88a60e194fb,prd1167,Roth IRA,Retirement,Personal,12942.1,1,USD,branchid:11120
e5057c52-4be1-11ea-b205-b88a60e194fb-1,2020-01-20T12:27:07.000Z,crmid:3036180041,e5057c52-4be1-11ea-b205-b88a60e194fb,prd1153,CDs: 1 year,Investment,Personal,11462.46,1,USD,branchid:11052
e5750578-4be1-11ea-ad9e-b88a60e194fb-1,2020-01-14T13:51:28.000Z,crmid:3311466601,e5750578-4be1-11ea-ad9e-b88a60e194fb,prd1027,Mortgage: 30-yr Fixed,Mortgage,Personal,14669.58,1,USD,branchid:11095
e575f0f4-4be1-11ea-919b-b88a60e194fb-1,2020-01-11T01:45:19.000Z,crmid:3422778297,e575f0f4-4be1-11ea-919b-b88a60e194fb,prd1034,Home Equity Loan,Mortgage,Personal,18271.05,1,USD,branchid:11139
e576db9c-4be1-11ea-85c9-b88a60e194fb-1,2020-01-18T04:42:46.000Z,crmid:1286422126,e576db9c-4be1-11ea-85c9-b88a60e194fb,prd1078,Mortgage: 7/1 ARM,Mortgage,Personal,4052644.31,1,USD,branchid:11137
e57777ae-4be1-11ea-b6ab-b88a60e194fb-1,2020-01-15T04:45:43.000Z,crmid:7659354280,e57777ae-4be1-11ea-b6ab-b88a60e194fb,prd1073,Business Brokerage Account,Investment,Business,18933.82,1,USD,branchid:11023
e5788918-4be1-11ea-a41b-b88a60e194fb-1,2020-01-07T21:44:20.000Z,crmid:1186238499,e5788918-4be1-11ea-a41b-b88a60e194fb,prd1032,Home Equity Loan,Mortgage,Personal,21368.03,1,USD,branchid:11109
e5794c94-4be1-11ea-98f3-b88a60e194fb-1,2020-01-31T11:29:47.000Z,crmid:5421163862,e5794c94-4be1-11ea-98f3-b88a60e194fb,prd1087,Overseas Equity Fund,Investment,Personal,12527.69,1,USD,branchid:11043
e57a0e80-4be1-11ea-921c-b88a60e194fb-1,2020-01-29T19:15:41.000Z,crmid:3343115958,e57a0e80-4be1-11ea-921c-b88a60e194fb,prd1151,Mortgage: 10 yr Fixed,Mortgage,Personal,12128.87,1,USD,branchid:11002
e57b1fda-4be1-11ea-8342-b88a60e194fb-1,2020-01-24T02:31:22.000Z,crmid:2520557543,e57b1fda-4be1-11ea-8342-b88a60e194fb,prd1025,Brokerage Account,Investment,Personal,218713.18,1,USD,branchid:11099
e57be322-4be1-11ea-a832-b88a60e194fb-1,2020-01-29T14:37:15.000Z,crmid:7063436079,e57be322-4be1-11ea-a832-b88a60e194fb,prd1139,Employee Stock Purchase Plans,Investment,Personal,14151.36,1,USD,branchid:11134
e5eb6dc2-4be1-11ea-a8f7-b88a60e194fb-1,2020-01-07T04:20:19.000Z,crmid:2684178847,e5eb6dc2-4be1-11ea-a8f7-b88a60e194fb,prd1041,Mortgage: 7/1 ARM,Mortgage,Personal,4715129.85,1,USD,branchid:11086
e5ec5812-4be1-11ea-a1e1-b88a60e194fb-1,2020-01-04T05:33:08.000Z,crmid:8863463214,e5ec5812-4be1-11ea-a1e1-b88a60e194fb,prd1078,Mortgage: 7/1 ARM,Mortgage,Personal,14879.15,1,USD,branchid:11085
e5ed1cae-4be1-11ea-a713-b88a60e194fb-1,2020-01-23T06:26:05.000Z,crmid:6209718601,e5ed1cae-4be1-11ea-a713-b88a60e194fb,prd1151,Mortgage: 10 yr Fixed,Mortgage,Personal,5043786.62,1,USD,branchid:11077
e5ede014-4be1-11ea-b01c-b88a60e194fb-1,2020-01-14T13:46:08.000Z,crmid:6576100206,e5ede014-4be1-11ea-b01c-b88a60e194fb,prd1021,CDs: 5 year,Investment,Personal,180774.91,1,USD,branchid:11113
e5eea378-4be1-11ea-a37d-b88a60e194fb-1,2020-01-05T20:30:21.000Z,crmid:3688313285,e5eea378-4be1-11ea-a37d-b88a60e194fb,prd1042,Roth IRA,Retirement,Personal,15401.31,1,USD,branchid:11101
e5efb4da-4be1-11ea-acf2-b88a60e194fb-1,2020-01-20T08:46:30.000Z,crmid:1108121038,e5efb4da-4be1-11ea-acf2-b88a60e194fb,prd1165,Roth IRA,Retirement,Personal,11674.9,1,USD,branchid:11079
e5f07846-4be1-11ea-9f3b-b88a60e194fb-1,2020-01-28T12:26:05.000Z,crmid:5234004565,e5f07846-4be1-11ea-9f3b-b88a60e194fb,prd1042,Roth IRA,Retirement,Personal,219712.96,1,USD,branchid:11046
e5f18840-4be1-11ea-872b-b88a60e194fb-1,2020-01-19T07:30:57.000Z,crmid:8541383899,e5f18840-4be1-11ea-872b-b88a60e194fb,prd1176,Overseas Equity Fund,Investment,Personal,15419.76,1,USD,branchid:11132
e663f8ee-4be1-11ea-a9e6-b88a60e194fb-1,2020-01-25T12:31:35.000Z,crmid:9169753972,e663f8ee-4be1-11ea-a9e6-b88a60e194fb,prd1111,Pension Account,Retirement,Personal,16253.42,1,USD,branchid:11146
e6650a52-4be1-11ea-9525-b88a60e194fb-1,2020-01-23T13:54:02.000Z,crmid:2654645076,e6650a52-4be1-11ea-9525-b88a60e194fb,prd1157,Brokerage Account,Investment,Personal,10399.66,1,USD,branchid:11038
e665cd9e-4be1-11ea-b363-b88a60e194fb-1,2020-01-04T21:23:17.000Z,crmid:6397996366,e665cd9e-4be1-11ea-b363-b88a60e194fb,prd1026,Mortgage: 5/1 ARM,Mortgage,Personal,16624.89,1,USD,branchid:11135
e6669152-4be1-11ea-a241-b88a60e194fb-1,2020-01-14T13:25:32.000Z,crmid:5035935409,e6669152-4be1-11ea-a241-b88a60e194fb,prd1060,Traditional IRA,Retirement,Personal,17623.12,1,USD,branchid:11150
e6677b50-4be1-11ea-ad5b-b88a60e194fb-1,2020-01-17T08:54:05.000Z,crmid:6161940497,e6677b50-4be1-11ea-ad5b-b88a60e194fb,prd1181,Mortgage: 5/1 ARM,Mortgage,Personal,4117261.85,1,USD,branchid:11115
e6688ccc-4be1-11ea-86bc-b88a60e194fb-1,2020-01-29T00:51:35.000Z,crmid:9690156009,e6688ccc-4be1-11ea-86bc-b88a60e194fb,prd1173,Money Market,Investment,Personal,13240.31,1,USD,branchid:11013
e669ec5c-4be1-11ea-aeee-b88a60e194fb-1,2020-01-11T19:15:57.000Z,crmid:8239377359,e669ec5c-4be1-11ea-aeee-b88a60e194fb,prd1056,CDs: 5 year,Investment,Personal,16368.79,1,USD,branchid:11126
e66afddc-4be1-11ea-bd77-b88a60e194fb-1,2020-01-14T22:29:08.000Z,crmid:7261539164,e66afddc-4be1-11ea-bd77-b88a60e194fb,prd1157,Brokerage Account,Investment,Personal,19949.75,1,USD,branchid:11039
e66bc106-4be1-11ea-8b7e-b88a60e194fb-1,2020-01-19T07:56:20.000Z,crmid:3056459358,e66bc106-4be1-11ea-8b7e-b88a60e194fb,prd1026,Mortgage: 5/1 ARM,Mortgage,Personal,212501.0,1,USD,branchid:11042
e6de7fe2-4be1-11ea-80e1-b88a60e194fb-1,2020-01-01T20:51:34.000Z,crmid:6742983017,e6de7fe2-4be1-11ea-80e1-b88a60e194fb,prd1186,Money Market,Investment,Personal,257145.02,1,USD,branchid:11105
e6df6b70-4be1-11ea-aaf8-b88a60e194fb-1,2020-01-07T06:17:05.000Z,crmid:8328980568,e6df6b70-4be1-11ea-aaf8-b88a60e194fb,prd1078,Mortgage: 7/1 ARM,Mortgage,Personal,187583.44,1,USD,branchid:11054
e6e02db4-4be1-11ea-9862-b88a60e194fb-1,2020-01-18T08:03:38.000Z,crmid:9415253355,e6e02db4-4be1-11ea-9862-b88a60e194fb,prd1114,CDs: 3 month,Investment,Personal,13002.06,1,USD,branchid:11012
e6e1405c-4be1-11ea-adb6-b88a60e194fb-1,2020-01-29T01:07:17.000Z,crmid:2114978509,e6e1405c-4be1-11ea-adb6-b88a60e194fb,prd1097,Employee Stock Purchase Plans,Investment,Personal,12957.11,1,USD,branchid:11015
e6e20290-4be1-11ea-be86-b88a60e194fb-1,2020-01-31T04:19:04.000Z,crmid:4263082175,e6e20290-4be1-11ea-be86-b88a60e194fb,prd1189,Overseas Equity Fund,Investment,Personal,202485.33,1,USD,branchid:11030
e6e2ecd0-4be1-11ea-98bd-b88a60e194fb-1,2020-01-27T00:03:17.000Z,crmid:4229512107,e6e2ecd0-4be1-11ea-98bd-b88a60e194fb,prd1042,Roth IRA,Retirement,Personal,13298.79,1,USD,branchid:11092
e6e3d71a-4be1-11ea-bf2b-b88a60e194fb-1,2020-01-13T01:40:36.000Z,crmid:2430484579,e6e3d71a-4be1-11ea-bf2b-b88a60e194fb,prd1053,Mortgage: VA,Mortgage,Personal,22038.36,1,USD,branchid:11071
e6e49bd8-4be1-11ea-bdee-b88a60e194fb-1,2020-01-20T13:41:34.000Z,crmid:2416861457,e6e49bd8-4be1-11ea-bdee-b88a60e194fb,prd1028,CDs: 1 year,Investment,Personal,230204.88,1,USD,branchid:11141
e6e55f34-4be1-11ea-ac2d-b88a60e194fb-1,2020-01-11T11:40:11.000Z,crmid:5712851647,e6e55f34-4be1-11ea-ac2d-b88a60e194fb,prd1101,Mortgage: 5/1 ARM,Mortgage,Personal,14640.15,1,USD,branchid:11130
e6e62210-4be1-11ea-9e77-b88a60e194fb-1,2020-01-10T13:41:59.000Z,crmid:9522063824,e6e62210-4be1-11ea-9e77-b88a60e194fb,prd1083,Pension Account,Retirement,Personal,150752.32,1,USD,branchid:11079
e7586bc6-4be1-11ea-a018-b88a60e194fb-1,2020-01-01T23:11:57.000Z,crmid:2575774650,e7586bc6-4be1-11ea-a018-b88a60e194fb,prd1174,Traditional IRA,Retirement,Personal,22586.22,1,USD,branchid:11055
e7597c22-4be1-11ea-8978-b88a60e194fb-1,2020-01-04T18:10:49.000Z,crmid:4850588081,e7597c22-4be1-11ea-8978-b88a60e194fb,prd1150,Money Market,Investment,Personal,18938.73,1,USD,branchid:11088
e75a667a-4be1-11ea-a7f5-b88a60e194fb-1,2020-01-28T05:42:21.000Z,crmid:1970900972,e75a667a-4be1-11ea-a7f5-b88a60e194fb,prd1181,Mortgage: 5/1 ARM,Mortgage,Personal,14540.88,1,USD,branchid:11127
e75b2b40-4be1-11ea-9bed-b88a60e194fb-1,2020-01-18T21:00:47.000Z,crmid:4399315713,e75b2b40-4be1-11ea-9bed-b88a60e194fb,prd1110,Traditional IRA,Retirement,Personal,9463.52,1,USD,branchid:11021
e75c3b54-4be1-11ea-9b17-b88a60e194fb-1,2020-01-10T05:58:09.000Z,crmid:9162186971,e75c3b54-4be1-11ea-9b17-b88a60e194fb,prd1150,Money Market,Investment,Personal,19537.82,1,USD,branchid:11113
e75d2590-4be1-11ea-ba82-b88a60e194fb-1,2020-01-07T02:47:13.000Z,crmid:8879626199,e75d2590-4be1-11ea-ba82-b88a60e194fb,prd1181,Mortgage: 5/1 ARM,Mortgage,Personal,3984305.4,1,USD,branchid:11104
e75e5e0a-4be1-11ea-8db1-b88a60e194fb-1,2020-01-09T17:17:01.000Z,crmid:3374787933,e75e5e0a-4be1-11ea-8db1-b88a60e194fb,prd1027,Mortgage: 30-yr Fixed,Mortgage,Personal,251685.68,1,USD,branchid:11038
e75f2150-4be1-11ea-b41a-b88a60e194fb-1,2020-01-05T22:31:34.000Z,crmid:6077496379,e75f2150-4be1-11ea-b41a-b88a60e194fb,prd1112,Fixed Deposit,Investment,Personal,17742.66,1,USD,branchid:11011
e7d1e1a4-4be1-11ea-abac-b88a60e194fb-1,2020-01-14T13:26:29.000Z,crmid:5754454249,e7d1e1a4-4be1-11ea-abac-b88a60e194fb,prd1008,Traditional IRA,Retirement,Personal,118727.9,1,USD,branchid:11138
e7d2f2ba-4be1-11ea-8120-b88a60e194fb-1,2020-01-25T01:34:06.000Z,crmid:9546960008,e7d2f2ba-4be1-11ea-8120-b88a60e194fb,prd1041,Mortgage: 7/1 ARM,Mortgage,Personal,13917.94,1,USD,branchid:11040
e7d3b658-4be1-11ea-b3d5-b88a60e194fb-1,2020-01-20T16:58:38.000Z,crmid:3532076515,e7d3b658-4be1-11ea-b3d5-b88a60e194fb,prd1182,Brokerage Account,Investment,Personal,11519.2,1,USD,branchid:11078
e7d4a076-4be1-11ea-b696-b88a60e194fb-1,2020-01-07T15:39:31.000Z,crmid:6957416473,e7d4a076-4be1-11ea-b696-b88a60e194fb,prd1035,Pension Account,Retirement,Personal,150289.55,1,USD,branchid:11095
e7d5b0b8-4be1-11ea-988c-b88a60e194fb-1,2020-01-18T07:41:06.000Z,crmid:1863251370,e7d5b0b8-4be1-11ea-988c-b88a60e194fb,prd1062,Mortgage: VA,Mortgage,Personal,192085.18,1,USD,branchid:11034
e7d67566-4be1-11ea-95c4-b88a60e194fb-1,2020-01-27T06:41:06.000Z,crmid:5478642740,e7d67566-4be1-11ea-95c4-b88a60e194fb,prd1139,Employee Stock Purchase Plans,Investment,Personal,185285.71,1,USD,branchid:11073
e7d738b6-4be1-11ea-b124-b88a60e194fb-1,2020-01-05T07:02:40.000Z,crmid:9557985754,e7d738b6-4be1-11ea-b124-b88a60e194fb,prd1111,Pension Account,Retirement,Personal,15693.29,1,USD,branchid:11014
e7d7fc12-4be1-11ea-a452-b88a60e194fb-1,2020-01-02T01:24:50.000Z,crmid:9927200546,e7d7fc12-4be1-11ea-a452-b88a60e194fb,prd1131,Employee Stock Purchase Plans,Investment,Personal,192642.99,1,USD,branchid:11017
e84b302c-4be1-11ea-b76f-b88a60e194fb-1,2020-01-20T11:09:32.000Z,crmid:3135304971,e84b302c-4be1-11ea-b76f-b88a60e194fb,prd1174,Traditional IRA,Retirement,Personal,153193.43,1,USD,branchid:11045
e84c1a90-4be1-11ea-9f80-b88a60e194fb-1,2020-01-28T09:11:25.000Z,crmid:6178351135,e84c1a90-4be1-11ea-9f80-b88a60e194fb,prd1120,Mortgage: 10/1 ARM,Mortgage,Personal,20937.79,1,USD,branchid:11033
e84d2be6-4be1-11ea-a9d3-b88a60e194fb-1,2020-01-08T03:09:11.000Z,crmid:9936374314,e84d2be6-4be1-11ea-a9d3-b88a60e194fb,prd1174,Traditional IRA,Retirement,Personal,13868.81,1,USD,branchid:11043
e84dedda-4be1-11ea-8e80-b88a60e194fb-1,2020-01-04T01:25:28.000Z,crmid:6596029058,e84dedda-4be1-11ea-8e80-b88a60e194fb,prd1172,Employee Stock Purchase Plans,Investment,Personal,245131.01,1,USD,branchid:11061
e84ed990-4be1-11ea-9559-b88a60e194fb-1,2020-01-30T21:21:11.000Z,crmid:1975334384,e84ed990-4be1-11ea-9559-b88a60e194fb,prd1060,Traditional IRA,Retirement,Personal,16312.04,1,USD,branchid:11138
e84f9c98-4be1-11ea-8449-b88a60e194fb-1,2020-01-07T16:32:01.000Z,crmid:7772524254,e84f9c98-4be1-11ea-8449-b88a60e194fb,prd1186,Money Market,Investment,Personal,14166.49,1,USD,branchid:11067
e850603a-4be1-11ea-87ad-b88a60e194fb-1,2020-01-20T03:36:24.000Z,crmid:7209250946,e850603a-4be1-11ea-87ad-b88a60e194fb,prd1153,CDs: 1 year,Investment,Personal,280673.51,1,USD,branchid:11149
e850fc62-4be1-11ea-a1d5-b88a60e194fb-1,2020-01-01T11:53:18.000Z,crmid:2211041902,e850fc62-4be1-11ea-a1d5-b88a60e194fb,prd1174,Traditional IRA,Retirement,Personal,281575.19,1,USD,branchid:11062
e8523462-4be1-11ea-a229-b88a60e194fb-1,2020-01-21T23:41:50.000Z,crmid:3393450097,e8523462-4be1-11ea-a229-b88a60e194fb,prd1033,Fixed Deposit,Investment,Personal,176612.72,1,USD,branchid:11132
e8c2f68c-4be1-11ea-a8d9-b88a60e194fb-1,2020-01-08T15:18:07.000Z,crmid:8550843886,e8c2f68c-4be1-11ea-a8d9-b88a60e194fb,prd1026,Mortgage: 5/1 ARM,Mortgage,Personal,199256.9,1,USD,branchid:11078
e8c3e10a-4be1-11ea-b330-b88a60e194fb-1,2020-01-23T08:19:26.000Z,crmid:5564331613,e8c3e10a-4be1-11ea-b330-b88a60e194fb,prd1110,Traditional IRA,Retirement,Personal,227704.79,1,USD,branchid:11061
e8c4a57e-4be1-11ea-906b-b88a60e194fb-1,2020-01-28T13:09:26.000Z,crmid:2245530442,e8c4a57e-4be1-11ea-906b-b88a60e194fb,prd1131,Employee Stock Purchase Plans,Investment,Personal,9856.41,1,USD,branchid:11066
e8c56790-4be1-11ea-8482-b88a60e194fb-1,2020-01-21T03:39:45.000Z,crmid:4745522064,e8c56790-4be1-11ea-8482-b88a60e194fb,prd1174,Traditional IRA,Retirement,Personal,215708.5,1,USD,branchid:11145
e8c653a8-4be1-11ea-8eb1-b88a60e194fb-1,2020-01-02T16:00:39.000Z,crmid:9060657476,e8c653a8-4be1-11ea-8eb1-b88a60e194fb,prd1047,Mortgage: 10 yr Fixed,Mortgage,Personal,163398.13,1,USD,branchid:11042
e8c76462-4be1-11ea-a532-b88a60e194fb-1,2020-01-17T04:26:29.000Z,crmid:2090902727,e8c76462-4be1-11ea-a532-b88a60e194fb,prd1172,Employee Stock Purchase Plans,Investment,Personal,14568.46,1,USD,branchid:11036
e8c826c8-4be1-11ea-bd4b-b88a60e194fb-1,2020-01-13T21:09:28.000Z,crmid:4263082175,e8c826c8-4be1-11ea-bd4b-b88a60e194fb,prd1153,CDs: 1 year,Investment,Personal,234286.53,1,USD,branchid:11068
e8c9381a-4be1-11ea-8585-b88a60e194fb-1,2020-01-17T01:47:35.000Z,crmid:3099163157,e8c9381a-4be1-11ea-8585-b88a60e194fb,prd1129,Mortgage: 10/1 ARM,Mortgage,Personal,17970.29,1,USD,branchid:11131
e8c9fb70-4be1-11ea-9ca5-b88a60e194fb-1,2020-01-17T21:38:53.000Z,crmid:5921827125,e8c9fb70-4be1-11ea-9ca5-b88a60e194fb,prd1062,Mortgage: VA,Mortgage,Personal,19765.37,1,USD,branchid:11039
e93c94ac-4be1-11ea-b93c-b88a60e194fb-1,2020-01-11T21:43:29.000Z,crmid:1588613867,e93c94ac-4be1-11ea-b93c-b88a60e194fb,prd1173,Money Market,Investment,Personal,16432.97,1,USD,branchid:11123
e93d7f24-4be1-11ea-a00f-b88a60e194fb-1,2020-01-05T16:51:42.000Z,crmid:4975842780,e93d7f24-4be1-11ea-a00f-b88a60e194fb,prd1123,Mortgage: 10 yr Fixed,Mortgage,Personal,15433.82,1,USD,branchid:11132
e93e681e-4be1-11ea-8def-b88a60e194fb-1,2020-01-14T16:53:22.000Z,crmid:2442704960,e93e681e-4be1-11ea-8def-b88a60e194fb,prd1021,CDs: 5 year,Investment,Personal,4126922.8,1,USD,branchid:11122
e93f526e-4be1-11ea-90c3-b88a60e194fb-1,2020-01-07T22:02:37.000Z,crmid:2470184341,e93f526e-4be1-11ea-90c3-b88a60e194fb,prd1186,Money Market,Investment,Personal,4856.47,1,USD,branchid:11113
e9403ccc-4be1-11ea-984e-b88a60e194fb-1,2020-01-27T23:06:20.000Z,crmid:6961944340,e9403ccc-4be1-11ea-984e-b88a60e194fb,prd1045,Mortgage: 10/1 ARM,Mortgage,Personal,307756.13,1,USD,branchid:11036
e941000c-4be1-11ea-9e95-b88a60e194fb-1,2020-01-22T19:57:52.000Z,crmid:3542061635,e941000c-4be1-11ea-9e95-b88a60e194fb,prd1035,Pension Account,Retirement,Personal,4025580.56,1,USD,branchid:11127
e941c36e-4be1-11ea-933e-b88a60e194fb-1,2020-01-30T17:52:43.000Z,crmid:7119004037,e941c36e-4be1-11ea-933e-b88a60e194fb,prd1029,401k,Retirement,Personal,5713064.78,1,USD,branchid:11102
e94286b6-4be1-11ea-8040-b88a60e194fb-1,2020-01-27T01:56:19.000Z,crmid:3526440510,e94286b6-4be1-11ea-8040-b88a60e194fb,prd1176,Overseas Equity Fund,Investment,Personal,166076.89,1,USD,branchid:11018
e9b54554-4be1-11ea-a8f1-b88a60e194fb-1,2020-01-14T21:03:15.000Z,crmid:2860994470,e9b54554-4be1-11ea-a8f1-b88a60e194fb,prd1025,Brokerage Account,Investment,Personal,9558.16,1,USD,branchid:11112
e9b60a28-4be1-11ea-b8fe-b88a60e194fb-1,2020-01-13T15:01:25.000Z,crmid:9771402678,e9b60a28-4be1-11ea-b8fe-b88a60e194fb,prd1029,401k,Retirement,Personal,5263515.44,1,USD,branchid:11027
