id,timestamp,crmid,orderid,prod_sku,prod_name,prod_category,prod_ownership,purchase_amt,units,currency_type,branchid
59f46106-4c73-11ea-a925-b88a60e194fb-1,2020-01-25T13:16:29.000Z,crmid:7307130568,59f46106-4c73-11ea-a925-b88a60e194fb,prd1073,Business Brokerage Account,Investment,Business,167104.53,1,USD,branchid:11113
5a69df98-4c73-11ea-8668-b88a60e194fb-1,2020-01-01T08:50:02.000Z,crmid:7267925741,5a69df98-4c73-11ea-8668-b88a60e194fb,prd1047,Mortgage: 10 yr Fixed,Mortgage,Personal,11067.53,1,USD,branchid:11002
5a6aa2e4-4c73-11ea-877f-b88a60e194fb-1,2020-01-15T16:59:38.000Z,crmid:6931819499,5a6aa2e4-4c73-11ea-877f-b88a60e194fb,prd1079,Mortgage: 30-yr Fixed,Mortgage,Personal,221102.7,1,USD,branchid:11084
5a6bb30a-4c73-11ea-a8ea-b88a60e194fb-1,2020-01-09T03:38:06.000Z,crmid:9624565269,5a6bb30a-4c73-11ea-a8ea-b88a60e194fb,prd1165,Roth IRA,Retirement,Personal,159241.29,1,USD,branchid:11142
5a6c9d68-4c73-11ea-88f8-b88a60e194fb-1,2020-01-06T08:46:52.000Z,crmid:7122816110,5a6c9d68-4c73-11ea-88f8-b88a60e194fb,prd1153,CDs: 1 year,Investment,Personal,224008.45,1,USD,branchid:11016
5a6dd5c2-4c73-11ea-91f3-b88a60e194fb-1,2020-01-07T06:32:26.000Z,crmid:9475026120,5a6dd5c2-4c73-11ea-91f3-b88a60e194fb,prd1046,Mortgage: VA,Mortgage,Personal,18220.34,1,USD,branchid:11021
5a6e9912-4c73-11ea-9fdb-b88a60e194fb-1,2020-01-19T23:41:57.000Z,crmid:8679450089,5a6e9912-4c73-11ea-9fdb-b88a60e194fb,prd1101,Mortgage: 5/1 ARM,Mortgage,Personal,16274.52,1,USD,branchid:11062
5a6f69ec-4c73-11ea-a8cf-b88a60e194fb-1,2020-01-22T13:15:42.000Z,crmid:5846987781,5a6f69ec-4c73-11ea-a8cf-b88a60e194fb,prd1184,Fixed Deposit,Investment,Personal,18072.41,1,USD,branchid:11019
5add6054-4c73-11ea-9672-b88a60e194fb-1,2020-01-28T18:53:45.000Z,crmid:9026857741,5add6054-4c73-11ea-9672-b88a60e194fb,prd1060,Traditional IRA,Retirement,Personal,14243.86,1,USD,branchid:11120
5ade4b0a-4c73-11ea-8148-b88a60e194fb-1,2020-01-27T10:35:24.000Z,crmid:1944210610,5ade4b0a-4c73-11ea-8148-b88a60e194fb,prd1150,Money Market,Investment,Personal,193970.45,1,USD,branchid:11099
5adf3502-4c73-11ea-a1e7-b88a60e194fb-1,2020-01-25T03:52:02.000Z,crmid:1459227201,5adf3502-4c73-11ea-a1e7-b88a60e194fb,prd1124,CDs: 5 year,Investment,Personal,238534.7,1,USD,branchid:11105
5ae04676-4c73-11ea-94ba-b88a60e194fb-1,2020-01-31T20:32:16.000Z,crmid:8349592973,5ae04676-4c73-11ea-94ba-b88a60e194fb,prd1056,CDs: 5 year,Investment,Personal,13753.22,1,USD,branchid:11092
5ae17ef6-4c73-11ea-a2c6-b88a60e194fb-1,2020-01-30T11:38:11.000Z,crmid:8975850709,5ae17ef6-4c73-11ea-a2c6-b88a60e194fb,prd1062,Mortgage: VA,Mortgage,Personal,13287.28,1,USD,branchid:11036
5ae29068-4c73-11ea-a348-b88a60e194fb-1,2020-01-19T14:36:05.000Z,crmid:9666783668,5ae29068-4c73-11ea-a348-b88a60e194fb,prd1037,Home Equity Loan,Mortgage,Personal,13485.68,1,USD,branchid:11092
5ae3a1d8-4c73-11ea-b3a9-b88a60e194fb-1,2020-01-01T00:05:46.000Z,crmid:2703769536,5ae3a1d8-4c73-11ea-b3a9-b88a60e194fb,prd1165,Roth IRA,Retirement,Personal,19441.71,1,USD,branchid:11011
5b4d8740-4c73-11ea-8bb4-b88a60e194fb-1,2020-01-20T08:16:27.000Z,crmid:8946833571,5b4d8740-4c73-11ea-8bb4-b88a60e194fb,prd1182,Brokerage Account,Investment,Personal,319305.91,1,USD,branchid:11070
5b4e718c-4c73-11ea-b330-b88a60e194fb-1,2020-01-19T15:07:24.000Z,crmid:6913174343,5b4e718c-4c73-11ea-b330-b88a60e194fb,prd1123,Mortgage: 10 yr Fixed,Mortgage,Personal,17927.45,1,USD,branchid:11148
5b506d62-4c73-11ea-af3b-b88a60e194fb-1,2020-01-13T18:11:37.000Z,crmid:6553418892,5b506d62-4c73-11ea-af3b-b88a60e194fb,prd1024,Mortgage: FHA,Mortgage,Personal,14033.04,1,USD,branchid:11040
5b5130ca-4c73-11ea-98b1-b88a60e194fb-1,2020-01-14T04:52:46.000Z,crmid:5980665272,5b5130ca-4c73-11ea-98b1-b88a60e194fb,prd1029,401k,Retirement,Personal,17735.69,1,USD,branchid:11069
5b521b38-4c73-11ea-9171-b88a60e194fb-1,2020-01-05T04:11:06.000Z,crmid:4651521235,5b521b38-4c73-11ea-9171-b88a60e194fb,prd1179,Business Brokerage Account,Investment,Business,21460.58,1,USD,branchid:11126
5b5353a8-4c73-11ea-b176-b88a60e194fb-1,2020-01-30T18:21:28.000Z,crmid:6945818790,5b5353a8-4c73-11ea-b176-b88a60e194fb,prd1053,Mortgage: VA,Mortgage,Personal,15288.74,1,USD,branchid:11064
5b543dcc-4c73-11ea-8503-b88a60e194fb-1,2020-01-03T00:06:31.000Z,crmid:5968438777,5b543dcc-4c73-11ea-8503-b88a60e194fb,prd1025,Brokerage Account,Investment,Personal,3527115.78,1,USD,branchid:11014
5b55768c-4c73-11ea-9272-b88a60e194fb-1,2020-01-06T10:46:56.000Z,crmid:2990302494,5b55768c-4c73-11ea-9272-b88a60e194fb,prd1078,Mortgage: 7/1 ARM,Mortgage,Personal,242370.08,1,USD,branchid:11016
5bbf8410-4c73-11ea-8b92-b88a60e194fb-1,2020-01-11T04:51:58.000Z,crmid:2511438670,5bbf8410-4c73-11ea-8b92-b88a60e194fb,prd1047,Mortgage: 10 yr Fixed,Mortgage,Personal,12424.45,1,USD,branchid:11003
5bc0944a-4c73-11ea-8907-b88a60e194fb-1,2020-01-16T06:49:18.000Z,crmid:3498428780,5bc0944a-4c73-11ea-8907-b88a60e194fb,prd1068,Mortgage: 7/1 ARM,Mortgage,Personal,15291.82,1,USD,branchid:11023
5bc17ff4-4c73-11ea-a351-b88a60e194fb-1,2020-01-13T07:09:17.000Z,crmid:8096178554,5bc17ff4-4c73-11ea-a351-b88a60e194fb,prd1176,Overseas Equity Fund,Investment,Personal,1539318.7,1,USD,branchid:11120
5bc241f6-4c73-11ea-bdbf-b88a60e194fb-1,2020-01-20T03:47:20.000Z,crmid:3074665758,5bc241f6-4c73-11ea-bdbf-b88a60e194fb,prd1144,Home Equity Loan,Mortgage,Personal,79249.99,1,USD,branchid:11076
5bc32c0c-4c73-11ea-8548-b88a60e194fb-1,2020-01-03T19:33:09.000Z,crmid:4496232326,5bc32c0c-4c73-11ea-8548-b88a60e194fb,prd1150,Money Market,Investment,Personal,11915.88,1,USD,branchid:11094
5bc41668-4c73-11ea-b750-b88a60e194fb-1,2020-01-06T05:19:06.000Z,crmid:2903178363,5bc41668-4c73-11ea-b750-b88a60e194fb,prd1157,Brokerage Account,Investment,Personal,13621.31,1,USD,branchid:11024
5bc50114-4c73-11ea-a073-b88a60e194fb-1,2020-01-21T11:00:09.000Z,crmid:4420603619,5bc50114-4c73-11ea-a073-b88a60e194fb,prd1073,Business Brokerage Account,Investment,Business,184504.07,1,USD,branchid:11063
5c3130a2-4c73-11ea-bd24-b88a60e194fb-1,2020-01-05T10:35:53.000Z,crmid:3794900652,5c3130a2-4c73-11ea-bd24-b88a60e194fb,prd1037,Home Equity Loan,Mortgage,Personal,3664084.67,1,USD,branchid:11072
5c31f35e-4c73-11ea-b94b-b88a60e194fb-1,2020-01-17T13:27:01.000Z,crmid:5750698941,5c31f35e-4c73-11ea-b94b-b88a60e194fb,prd1068,Mortgage: 7/1 ARM,Mortgage,Personal,15056.57,1,USD,branchid:11098
5c3304d8-4c73-11ea-a202-b88a60e194fb-1,2020-01-20T17:17:52.000Z,crmid:9054316245,5c3304d8-4c73-11ea-a202-b88a60e194fb,prd1120,Mortgage: 10/1 ARM,Mortgage,Personal,16348.43,1,USD,branchid:11092
5c33c82c-4c73-11ea-b384-b88a60e194fb-1,2020-01-15T12:49:55.000Z,crmid:3280012406,5c33c82c-4c73-11ea-b384-b88a60e194fb,prd1077,Roth IRA,Retirement,Personal,4030723.4,1,USD,branchid:11146
5c34b31c-4c73-11ea-8984-b88a60e194fb-1,2020-01-21T22:08:11.000Z,crmid:1483862171,5c34b31c-4c73-11ea-8984-b88a60e194fb,prd1014,CDs: 3 month,Investment,Personal,226326.38,1,USD,branchid:11133
5c359cfe-4c73-11ea-9400-b88a60e194fb-1,2020-01-05T20:02:04.000Z,crmid:6520353375,5c359cfe-4c73-11ea-9400-b88a60e194fb,prd1131,Employee Stock Purchase Plans,Investment,Personal,14316.3,1,USD,branchid:11017
5c366036-4c73-11ea-9855-b88a60e194fb-1,2020-01-04T02:38:03.000Z,crmid:2706298638,5c366036-4c73-11ea-9855-b88a60e194fb,prd1115,Mortgage: VA,Mortgage,Personal,3678289.75,1,USD,branchid:11036
5c9cc318-4c73-11ea-8163-b88a60e194fb-1,2020-01-23T10:43:59.000Z,crmid:5709280933,5c9cc318-4c73-11ea-8163-b88a60e194fb,prd1148,Mortgage: 10/1 ARM,Mortgage,Personal,4540605.95,1,USD,branchid:11039
5c9dfb82-4c73-11ea-9816-b88a60e194fb-1,2020-01-22T14:30:52.000Z,crmid:3239172459,5c9dfb82-4c73-11ea-9816-b88a60e194fb,prd1129,Mortgage: 10/1 ARM,Mortgage,Personal,137892.84,1,USD,branchid:11009
5c9f3440-4c73-11ea-8c58-b88a60e194fb-1,2020-01-04T21:17:54.000Z,crmid:5514545896,5c9f3440-4c73-11ea-8c58-b88a60e194fb,prd1034,Home Equity Loan,Mortgage,Personal,17105.49,1,USD,branchid:11054
5ca046a2-4c73-11ea-afe6-b88a60e194fb-1,2020-01-13T06:51:50.000Z,crmid:3089052940,5ca046a2-4c73-11ea-afe6-b88a60e194fb,prd1033,Fixed Deposit,Investment,Personal,231828.3,1,USD,branchid:11039
5ca12fc6-4c73-11ea-a4a2-b88a60e194fb-1,2020-01-10T23:36:44.000Z,crmid:7388654733,5ca12fc6-4c73-11ea-a4a2-b88a60e194fb,prd1125,Mortgage: FHA,Mortgage,Personal,117038.4,1,USD,branchid:11104
5ca2683e-4c73-11ea-903e-b88a60e194fb-1,2020-01-21T07:45:29.000Z,crmid:5478245810,5ca2683e-4c73-11ea-903e-b88a60e194fb,prd1175,401k,Retirement,Personal,205359.15,1,USD,branchid:11077
5ca3a0cc-4c73-11ea-bfee-b88a60e194fb-1,2020-01-11T23:20:36.000Z,crmid:9539367286,5ca3a0cc-4c73-11ea-bfee-b88a60e194fb,prd1037,Home Equity Loan,Mortgage,Personal,158072.14,1,USD,branchid:11108
5d0bb15c-4c73-11ea-a7f2-b88a60e194fb-1,2020-01-28T10:35:31.000Z,crmid:7854073497,5d0bb15c-4c73-11ea-a7f2-b88a60e194fb,prd1083,Pension Account,Retirement,Personal,19490.68,1,USD,branchid:11089
5d0c9bb8-4c73-11ea-a859-b88a60e194fb-1,2020-01-24T12:36:11.000Z,crmid:7848882118,5d0c9bb8-4c73-11ea-a859-b88a60e194fb,prd1101,Mortgage: 5/1 ARM,Mortgage,Personal,14313.14,1,USD,branchid:11033
5d0d8600-4c73-11ea-9371-b88a60e194fb-1,2020-01-29T09:43:02.000Z,crmid:8817954143,5d0d8600-4c73-11ea-9371-b88a60e194fb,prd1028,CDs: 1 year,Investment,Personal,200100.24,1,USD,branchid:11016
5d0e4aa4-4c73-11ea-af20-b88a60e194fb-1,2020-01-01T00:34:26.000Z,crmid:5823404849,5d0e4aa4-4c73-11ea-af20-b88a60e194fb,prd1129,Mortgage: 10/1 ARM,Mortgage,Personal,8053.4,1,USD,branchid:11079
5d0f33be-4c73-11ea-84fc-b88a60e194fb-1,2020-01-08T00:03:22.000Z,crmid:6845537425,5d0f33be-4c73-11ea-84fc-b88a60e194fb,prd1073,Business Brokerage Account,Investment,Business,17542.05,1,USD,branchid:11119
5d106c3a-4c73-11ea-9d84-b88a60e194fb-1,2020-01-08T12:23:33.000Z,crmid:3064118686,5d106c3a-4c73-11ea-9d84-b88a60e194fb,prd1185,Mortgage: FHA,Mortgage,Personal,15227.88,1,USD,branchid:11045
5d113064-4c73-11ea-ab85-b88a60e194fb-1,2020-01-28T03:20:57.000Z,crmid:2686271967,5d113064-4c73-11ea-ab85-b88a60e194fb,prd1064,CDs: 3 month,Investment,Personal,18060.82,1,USD,branchid:11111
5d1219ba-4c73-11ea-b7b8-b88a60e194fb-1,2020-01-04T14:08:56.000Z,crmid:1528943043,5d1219ba-4c73-11ea-b7b8-b88a60e194fb,prd1047,Mortgage: 10 yr Fixed,Mortgage,Personal,236750.2,1,USD,branchid:11073
5d7ac802-4c73-11ea-b827-b88a60e194fb-1,2020-01-06T16:22:18.000Z,crmid:7106169470,5d7ac802-4c73-11ea-b827-b88a60e194fb,prd1110,Traditional IRA,Retirement,Personal,12708.25,1,USD,branchid:11018
5d7bb114-4c73-11ea-b0f3-b88a60e194fb-1,2020-01-05T22:44:32.000Z,crmid:6883352556,5d7bb114-4c73-11ea-b0f3-b88a60e194fb,prd1110,Traditional IRA,Retirement,Personal,217515.13,1,USD,branchid:11071
5d7c7430-4c73-11ea-8a2a-b88a60e194fb-1,2020-01-17T10:24:46.000Z,crmid:7255531087,5d7c7430-4c73-11ea-8a2a-b88a60e194fb,prd1035,Pension Account,Retirement,Personal,16411.78,1,USD,branchid:11041
5d7d5e94-4c73-11ea-9409-b88a60e194fb-1,2020-01-19T02:05:52.000Z,crmid:7496656508,5d7d5e94-4c73-11ea-9409-b88a60e194fb,prd1111,Pension Account,Retirement,Personal,15468.1,1,USD,branchid:11141
5d7e7040-4c73-11ea-b7b9-b88a60e194fb-1,2020-01-04T05:17:25.000Z,crmid:8804267495,5d7e7040-4c73-11ea-b7b9-b88a60e194fb,prd1123,Mortgage: 10 yr Fixed,Mortgage,Personal,3092975.86,1,USD,branchid:11112
5d7fd10c-4c73-11ea-8692-b88a60e194fb-1,2020-01-10T23:46:56.000Z,crmid:1783279314,5d7fd10c-4c73-11ea-8692-b88a60e194fb,prd1129,Mortgage: 10/1 ARM,Mortgage,Personal,86811.49,1,USD,branchid:11145
5d80e268-4c73-11ea-a52d-b88a60e194fb-1,2020-01-16T03:52:21.000Z,crmid:4565305264,5d80e268-4c73-11ea-a52d-b88a60e194fb,prd1068,Mortgage: 7/1 ARM,Mortgage,Personal,141275.43,1,USD,branchid:11056
5d8219ac-4c73-11ea-a7ac-b88a60e194fb-1,2020-01-10T04:00:36.000Z,crmid:9785473431,5d8219ac-4c73-11ea-a7ac-b88a60e194fb,prd1174,Traditional IRA,Retirement,Personal,17257.98,1,USD,branchid:11062
5de9dcfa-4c73-11ea-839d-b88a60e194fb-1,2020-01-10T07:35:14.000Z,crmid:5092582934,5de9dcfa-4c73-11ea-839d-b88a60e194fb,prd1167,Roth IRA,Retirement,Personal,130932.81,1,USD,branchid:11056
5deb1466-4c73-11ea-8dd5-b88a60e194fb-1,2020-01-19T09:26:17.000Z,crmid:6840632559,5deb1466-4c73-11ea-8dd5-b88a60e194fb,prd1176,Overseas Equity Fund,Investment,Personal,202916.73,1,USD,branchid:11069
5dec4cdc-4c73-11ea-9ac5-b88a60e194fb-1,2020-01-26T16:16:06.000Z,crmid:8207199108,5dec4cdc-4c73-11ea-9ac5-b88a60e194fb,prd1035,Pension Account,Retirement,Personal,13138.52,1,USD,branchid:11046
5ded857e-4c73-11ea-b3a8-b88a60e194fb-1,2020-01-07T10:49:36.000Z,crmid:8390867729,5ded857e-4c73-11ea-b3a8-b88a60e194fb,prd1175,401k,Retirement,Personal,17692.5,1,USD,branchid:11031
5dee6fd4-4c73-11ea-ae86-b88a60e194fb-1,2020-01-05T11:12:33.000Z,crmid:1721452163,5dee6fd4-4c73-11ea-ae86-b88a60e194fb,prd1117,Brokerage Account,Investment,Personal,10588.36,1,USD,branchid:11030
5def5a52-4c73-11ea-af74-b88a60e194fb-1,2020-01-09T21:08:28.000Z,crmid:2249367875,5def5a52-4c73-11ea-af74-b88a60e194fb,prd1008,Traditional IRA,Retirement,Personal,13766.87,1,USD,branchid:11028
5df01d9a-4c73-11ea-a08c-b88a60e194fb-1,2020-01-02T00:54:56.000Z,crmid:7002685632,5df01d9a-4c73-11ea-a08c-b88a60e194fb,prd1131,Employee Stock Purchase Plans,Investment,Personal,128703.69,1,USD,branchid:11077
5e5bb06c-4c73-11ea-b410-b88a60e194fb-1,2020-01-07T15:30:09.000Z,crmid:1621898140,5e5bb06c-4c73-11ea-b410-b88a60e194fb,prd1087,Overseas Equity Fund,Investment,Personal,183989.26,1,USD,branchid:11091
5e5c9ad0-4c73-11ea-9034-b88a60e194fb-1,2020-01-19T17:07:18.000Z,crmid:9319454555,5e5c9ad0-4c73-11ea-9034-b88a60e194fb,prd1131,Employee Stock Purchase Plans,Investment,Personal,16538.55,1,USD,branchid:11142
5e5dfae4-4c73-11ea-b0c3-b88a60e194fb-1,2020-01-18T05:31:17.000Z,crmid:2517894255,5e5dfae4-4c73-11ea-b0c3-b88a60e194fb,prd1165,Roth IRA,Retirement,Personal,13031.29,1,USD,branchid:11005
5e5ee4c2-4c73-11ea-8288-b88a60e194fb-1,2020-01-02T19:51:05.000Z,crmid:5762742663,5e5ee4c2-4c73-11ea-8288-b88a60e194fb,prd1183,Fixed Deposit,Investment,Personal,190816.27,1,USD,branchid:11030
5e5ff624-4c73-11ea-ba2a-b88a60e194fb-1,2020-01-07T19:16:22.000Z,crmid:6652685975,5e5ff624-4c73-11ea-ba2a-b88a60e194fb,prd1115,Mortgage: VA,Mortgage,Personal,19299.36,1,USD,branchid:11098
5e60e076-4c73-11ea-837f-b88a60e194fb-1,2020-01-02T02:28:06.000Z,crmid:4225980507,5e60e076-4c73-11ea-837f-b88a60e194fb,prd1148,Mortgage: 10/1 ARM,Mortgage,Personal,13189.43,1,USD,branchid:11056
5e61cb7a-4c73-11ea-8fc8-b88a60e194fb-1,2020-01-23T20:54:17.000Z,crmid:2837824404,5e61cb7a-4c73-11ea-8fc8-b88a60e194fb,prd1028,CDs: 1 year,Investment,Personal,15181.51,1,USD,branchid:11062
5e628f6c-4c73-11ea-9a85-b88a60e194fb-1,2020-01-20T17:25:50.000Z,crmid:4687218515,5e628f6c-4c73-11ea-9a85-b88a60e194fb,prd1157,Brokerage Account,Investment,Personal,3632885.65,1,USD,branchid:11073
5ecf0bac-4c73-11ea-b0b6-b88a60e194fb-1,2020-01-18T05:43:30.000Z,crmid:2576497031,5ecf0bac-4c73-11ea-b0b6-b88a60e194fb,prd1176,Overseas Equity Fund,Investment,Personal,12580.47,1,USD,branchid:11096
5ed01d2e-4c73-11ea-a5fe-b88a60e194fb-1,2020-01-27T20:03:07.000Z,crmid:5239166228,5ed01d2e-4c73-11ea-a5fe-b88a60e194fb,prd1013,Mortgage: FHA,Mortgage,Personal,5532511.94,1,USD,branchid:11023
5ed0e04c-4c73-11ea-babe-b88a60e194fb-1,2020-01-12T23:50:19.000Z,crmid:7288683799,5ed0e04c-4c73-11ea-babe-b88a60e194fb,prd1049,Business Brokerage Account,Investment,Business,12527.55,1,USD,branchid:11095
5ed1cc00-4c73-11ea-885d-b88a60e194fb-1,2020-01-12T19:39:54.000Z,crmid:6746832985,5ed1cc00-4c73-11ea-885d-b88a60e194fb,prd1042,Roth IRA,Retirement,Personal,248389.31,1,USD,branchid:11140
5ed28f54-4c73-11ea-a8f1-b88a60e194fb-1,2020-01-04T16:35:43.000Z,crmid:9599006068,5ed28f54-4c73-11ea-a8f1-b88a60e194fb,prd1120,Mortgage: 10/1 ARM,Mortgage,Personal,19402.59,1,USD,branchid:11145
5ed3c67e-4c73-11ea-91f1-b88a60e194fb-1,2020-01-13T13:54:24.000Z,crmid:3126565664,5ed3c67e-4c73-11ea-91f1-b88a60e194fb,prd1154,Mortgage: 30-yr Fixed,Mortgage,Personal,14415.92,1,USD,branchid:11045
5ed48adc-4c73-11ea-ab79-b88a60e194fb-1,2020-01-19T01:54:06.000Z,crmid:2183934119,5ed48adc-4c73-11ea-ab79-b88a60e194fb,prd1026,Mortgage: 5/1 ARM,Mortgage,Personal,17836.85,1,USD,branchid:11098
5ed54e0a-4c73-11ea-b282-b88a60e194fb-1,2020-01-19T13:05:38.000Z,crmid:1304158044,5ed54e0a-4c73-11ea-b282-b88a60e194fb,prd1032,Home Equity Loan,Mortgage,Personal,15326.15,1,USD,branchid:11024
5f41cb5c-4c73-11ea-bd8b-b88a60e194fb-1,2020-01-30T07:53:00.000Z,crmid:8562774432,5f41cb5c-4c73-11ea-bd8b-b88a60e194fb,prd1173,Money Market,Investment,Personal,16051.06,1,USD,branchid:11005
5f42b4ee-4c73-11ea-8487-b88a60e194fb-1,2020-01-04T20:13:23.000Z,crmid:5486445361,5f42b4ee-4c73-11ea-8487-b88a60e194fb,prd1083,Pension Account,Retirement,Personal,17559.82,1,USD,branchid:11140
5f439f1e-4c73-11ea-a0c3-b88a60e194fb-1,2020-01-11T20:41:41.000Z,crmid:9762382335,5f439f1e-4c73-11ea-a0c3-b88a60e194fb,prd1014,CDs: 3 month,Investment,Personal,15363.86,1,USD,branchid:11070
5f4463b0-4c73-11ea-98a8-b88a60e194fb-1,2020-01-31T10:55:39.000Z,crmid:2348649075,5f4463b0-4c73-11ea-98a8-b88a60e194fb,prd1174,Traditional IRA,Retirement,Personal,195931.54,1,USD,branchid:11029
5f454cb6-4c73-11ea-80d7-b88a60e194fb-1,2020-01-31T18:35:26.000Z,crmid:8766633376,5f454cb6-4c73-11ea-80d7-b88a60e194fb,prd1115,Mortgage: VA,Mortgage,Personal,214379.83,1,USD,branchid:11093
5f463876-4c73-11ea-b57a-b88a60e194fb-1,2020-01-06T17:05:25.000Z,crmid:5382920394,5f463876-4c73-11ea-b57a-b88a60e194fb,prd1112,Fixed Deposit,Investment,Personal,12899.31,1,USD,branchid:11092
5f4748a6-4c73-11ea-b890-b88a60e194fb-1,2020-01-15T10:58:42.000Z,crmid:9772714823,5f4748a6-4c73-11ea-b890-b88a60e194fb,prd1129,Mortgage: 10/1 ARM,Mortgage,Personal,11828.37,1,USD,branchid:11139
5f480d36-4c73-11ea-a710-b88a60e194fb-1,2020-01-27T09:45:07.000Z,crmid:4635453793,5f480d36-4c73-11ea-a710-b88a60e194fb,prd1035,Pension Account,Retirement,Personal,15088.49,1,USD,branchid:11100
5fb28d68-4c73-11ea-9f1e-b88a60e194fb-1,2020-01-31T17:10:18.000Z,crmid:4128593659,5fb28d68-4c73-11ea-9f1e-b88a60e194fb,prd1181,Mortgage: 5/1 ARM,Mortgage,Personal,12067.74,1,USD,branchid:11024
5fb3ece6-4c73-11ea-bd38-b88a60e194fb-1,2020-01-19T12:54:37.000Z,crmid:4813733627,5fb3ece6-4c73-11ea-bd38-b88a60e194fb,prd1129,Mortgage: 10/1 ARM,Mortgage,Personal,16998.35,1,USD,branchid:11003
5fb52664-4c73-11ea-8789-b88a60e194fb-1,2020-01-26T00:03:50.000Z,crmid:1843388986,5fb52664-4c73-11ea-8789-b88a60e194fb,prd1041,Mortgage: 7/1 ARM,Mortgage,Personal,3410884.54,1,USD,branchid:11123
5fb685f8-4c73-11ea-8468-b88a60e194fb-1,2020-01-28T15:11:52.000Z,crmid:3031745470,5fb685f8-4c73-11ea-8468-b88a60e194fb,prd1121,Mortgage: 30-yr Fixed,Mortgage,Personal,14577.26,1,USD,branchid:11050
5fb770ca-4c73-11ea-b681-b88a60e194fb-1,2020-01-10T17:44:14.000Z,crmid:9311000431,5fb770ca-4c73-11ea-b681-b88a60e194fb,prd1014,CDs: 3 month,Investment,Personal,13781.34,1,USD,branchid:11010
5fb8a806-4c73-11ea-804a-b88a60e194fb-1,2020-01-27T17:05:44.000Z,crmid:8511073348,5fb8a806-4c73-11ea-804a-b88a60e194fb,prd1123,Mortgage: 10 yr Fixed,Mortgage,Personal,9877.65,1,USD,branchid:11118
5fb9924a-4c73-11ea-98b5-b88a60e194fb-1,2020-01-29T17:49:40.000Z,crmid:9796980360,5fb9924a-4c73-11ea-98b5-b88a60e194fb,prd1144,Home Equity Loan,Mortgage,Personal,210192.3,1,USD,branchid:11003
6029e006-4c73-11ea-82e3-b88a60e194fb-1,2020-01-19T00:13:27.000Z,crmid:3004159069,6029e006-4c73-11ea-82e3-b88a60e194fb,prd1101,Mortgage: 5/1 ARM,Mortgage,Personal,213583.02,1,USD,branchid:11025
602b187e-4c73-11ea-983f-b88a60e194fb-1,2020-01-05T17:54:36.000Z,crmid:4494713086,602b187e-4c73-11ea-983f-b88a60e194fb,prd1182,Brokerage Account,Investment,Personal,14535.51,1,USD,branchid:11141
602c5100-4c73-11ea-a113-b88a60e194fb-1,2020-01-31T21:04:26.000Z,crmid:1447929798,602c5100-4c73-11ea-a113-b88a60e194fb,prd1045,Mortgage: 10/1 ARM,Mortgage,Personal,106018.31,1,USD,branchid:11132
602d898a-4c73-11ea-a220-b88a60e194fb-1,2020-01-06T00:07:08.000Z,crmid:5296986355,602d898a-4c73-11ea-a220-b88a60e194fb,prd1079,Mortgage: 30-yr Fixed,Mortgage,Personal,234791.08,1,USD,branchid:11047
602ee928-4c73-11ea-b2e6-b88a60e194fb-1,2020-01-06T07:38:03.000Z,crmid:5475824440,602ee928-4c73-11ea-b2e6-b88a60e194fb,prd1034,Home Equity Loan,Mortgage,Personal,15209.79,1,USD,branchid:11117
603048b6-4c73-11ea-a6cd-b88a60e194fb-1,2020-01-29T14:01:45.000Z,crmid:4329612787,603048b6-4c73-11ea-a6cd-b88a60e194fb,prd1037,Home Equity Loan,Mortgage,Personal,291843.45,1,USD,branchid:11048
6031813a-4c73-11ea-a309-b88a60e194fb-1,2020-01-14T00:43:00.000Z,crmid:7563361292,6031813a-4c73-11ea-a309-b88a60e194fb,prd1175,401k,Retirement,Personal,19117.48,1,USD,branchid:11144
60332eca-4c73-11ea-b2b1-b88a60e194fb-1,2020-01-04T14:23:14.000Z,crmid:8186642849,60332eca-4c73-11ea-b2b1-b88a60e194fb,prd1056,CDs: 5 year,Investment,Personal,267322.19,1,USD,branchid:11101
609bdd00-4c73-11ea-9cd4-b88a60e194fb-1,2020-01-08T18:49:14.000Z,crmid:8042674775,609bdd00-4c73-11ea-9cd4-b88a60e194fb,prd1189,Overseas Equity Fund,Investment,Personal,12704.42,1,USD,branchid:11117
609ced06-4c73-11ea-9155-b88a60e194fb-1,2020-01-16T03:47:55.000Z,crmid:7777278629,609ced06-4c73-11ea-9155-b88a60e194fb,prd1027,Mortgage: 30-yr Fixed,Mortgage,Personal,289702.42,1,USD,branchid:11018
609dfeba-4c73-11ea-9fc6-b88a60e194fb-1,2020-01-01T07:49:07.000Z,crmid:4964423586,609dfeba-4c73-11ea-9fc6-b88a60e194fb,prd1131,Employee Stock Purchase Plans,Investment,Personal,295847.99,1,USD,branchid:11055
609ec346-4c73-11ea-a89c-b88a60e194fb-1,2020-01-22T04:01:52.000Z,crmid:9797815496,609ec346-4c73-11ea-a89c-b88a60e194fb,prd1167,Roth IRA,Retirement,Personal,14511.63,1,USD,branchid:11145
609facd2-4c73-11ea-93db-b88a60e194fb-1,2020-01-04T03:41:25.000Z,crmid:7223099442,609facd2-4c73-11ea-93db-b88a60e194fb,prd1073,Business Brokerage Account,Investment,Business,223475.16,1,USD,branchid:11149
60a0969c-4c73-11ea-ad68-b88a60e194fb-1,2020-01-01T03:27:43.000Z,crmid:5427318605,60a0969c-4c73-11ea-ad68-b88a60e194fb,prd1053,Mortgage: VA,Mortgage,Personal,21097.51,1,USD,branchid:11118
60a159e4-4c73-11ea-bfea-b88a60e194fb-1,2020-01-13T01:29:01.000Z,crmid:9371860425,60a159e4-4c73-11ea-bfea-b88a60e194fb,prd1026,Mortgage: 5/1 ARM,Mortgage,Personal,202696.87,1,USD,branchid:11150
60a2444a-4c73-11ea-9bf6-b88a60e194fb-1,2020-01-29T07:11:31.000Z,crmid:5801191774,60a2444a-4c73-11ea-9bf6-b88a60e194fb,prd1101,Mortgage: 5/1 ARM,Mortgage,Personal,18649.52,1,USD,branchid:11129
61074786-4c73-11ea-b798-b88a60e194fb-1,2020-01-26T09:03:47.000Z,crmid:9854751688,61074786-4c73-11ea-b798-b88a60e194fb,prd1060,Traditional IRA,Retirement,Personal,21519.57,1,USD,branchid:11097
610858fa-4c73-11ea-bb07-b88a60e194fb-1,2020-01-15T02:03:33.000Z,crmid:1816999717,610858fa-4c73-11ea-bb07-b88a60e194fb,prd1176,Overseas Equity Fund,Investment,Personal,15746.57,1,USD,branchid:11014
6109435e-4c73-11ea-ba10-b88a60e194fb-1,2020-01-26T00:05:49.000Z,crmid:3618350665,6109435e-4c73-11ea-ba10-b88a60e194fb,prd1061,Mortgage: 5/1 ARM,Mortgage,Personal,211701.9,1,USD,branchid:11143
610a07b4-4c73-11ea-a4da-b88a60e194fb-1,2020-01-05T01:49:18.000Z,crmid:8452272500,610a07b4-4c73-11ea-a4da-b88a60e194fb,prd1077,Roth IRA,Retirement,Personal,15864.0,1,USD,branchid:11058
610b3fbe-4c73-11ea-8cba-b88a60e194fb-1,2020-01-06T04:59:28.000Z,crmid:3060898646,610b3fbe-4c73-11ea-8cba-b88a60e194fb,prd1056,CDs: 5 year,Investment,Personal,208380.88,1,USD,branchid:11123
610c77e4-4c73-11ea-af8d-b88a60e194fb-1,2020-01-22T07:42:52.000Z,crmid:2102504416,610c77e4-4c73-11ea-af8d-b88a60e194fb,prd1008,Traditional IRA,Retirement,Personal,4038446.59,1,USD,branchid:11059
610d3b02-4c73-11ea-b520-b88a60e194fb-1,2020-01-19T06:18:14.000Z,crmid:4951520394,610d3b02-4c73-11ea-b520-b88a60e194fb,prd1155,CDs: 5 year,Investment,Personal,184120.5,1,USD,branchid:11130
610e255e-4c73-11ea-a400-b88a60e194fb-1,2020-01-24T02:18:34.000Z,crmid:8921928568,610e255e-4c73-11ea-a400-b88a60e194fb,prd1181,Mortgage: 5/1 ARM,Mortgage,Personal,13596.21,1,USD,branchid:11006
61787fa4-4c73-11ea-a5f6-b88a60e194fb-1,2020-01-23T20:11:25.000Z,crmid:9724218691,61787fa4-4c73-11ea-a5f6-b88a60e194fb,prd1033,Fixed Deposit,Investment,Personal,205910.43,1,USD,branchid:11041
61796a1a-4c73-11ea-9c68-b88a60e194fb-1,2020-01-10T23:40:19.000Z,crmid:9184926891,61796a1a-4c73-11ea-9c68-b88a60e194fb,prd1110,Traditional IRA,Retirement,Personal,17952.62,1,USD,branchid:11029
617a5476-4c73-11ea-b400-b88a60e194fb-1,2020-01-01T15:36:53.000Z,crmid:8268950762,617a5476-4c73-11ea-b400-b88a60e194fb,prd1111,Pension Account,Retirement,Personal,15036.72,1,USD,branchid:11083
617b179e-4c73-11ea-9a42-b88a60e194fb-1,2020-01-30T03:20:17.000Z,crmid:6668003423,617b179e-4c73-11ea-9a42-b88a60e194fb,prd1139,Employee Stock Purchase Plans,Investment,Personal,11074.17,1,USD,branchid:11122
617c0224-4c73-11ea-9baa-b88a60e194fb-1,2020-01-23T19:48:51.000Z,crmid:9900253820,617c0224-4c73-11ea-9baa-b88a60e194fb,prd1030,401k,Retirement,Personal,3158498.85,1,USD,branchid:11130
617cc592-4c73-11ea-80de-b88a60e194fb-1,2020-01-03T08:24:28.000Z,crmid:6196254601,617cc592-4c73-11ea-80de-b88a60e194fb,prd1173,Money Market,Investment,Personal,16186.29,1,USD,branchid:11119
617dd7ee-4c73-11ea-9b1a-b88a60e194fb-1,2020-01-26T11:11:59.000Z,crmid:5033070295,617dd7ee-4c73-11ea-9b1a-b88a60e194fb,prd1120,Mortgage: 10/1 ARM,Mortgage,Personal,252982.3,1,USD,branchid:11074
617ec292-4c73-11ea-82be-b88a60e194fb-1,2020-01-23T11:31:11.000Z,crmid:1843031557,617ec292-4c73-11ea-82be-b88a60e194fb,prd1117,Brokerage Account,Investment,Personal,97147.37,1,USD,branchid:11140
61e59912-4c73-11ea-b41d-b88a60e194fb-1,2020-01-17T19:45:27.000Z,crmid:3767936688,61e59912-4c73-11ea-b41d-b88a60e194fb,prd1173,Money Market,Investment,Personal,271310.68,1,USD,branchid:11066
61e68390-4c73-11ea-8c67-b88a60e194fb-1,2020-01-15T20:00:28.000Z,crmid:9057096805,61e68390-4c73-11ea-8c67-b88a60e194fb,prd1129,Mortgage: 10/1 ARM,Mortgage,Personal,251038.06,1,USD,branchid:11115
61e76e00-4c73-11ea-b17d-b88a60e194fb-1,2020-01-03T20:44:33.000Z,crmid:6740361569,61e76e00-4c73-11ea-b17d-b88a60e194fb,prd1021,CDs: 5 year,Investment,Personal,14993.42,1,USD,branchid:11068
61e8584c-4c73-11ea-accd-b88a60e194fb-1,2020-01-23T20:26:04.000Z,crmid:2560377684,61e8584c-4c73-11ea-accd-b88a60e194fb,prd1189,Overseas Equity Fund,Investment,Personal,13413.07,1,USD,branchid:11093
61e943e4-4c73-11ea-8dfe-b88a60e194fb-1,2020-01-17T23:05:04.000Z,crmid:4600923846,61e943e4-4c73-11ea-8dfe-b88a60e194fb,prd1030,401k,Retirement,Personal,13110.36,1,USD,branchid:11139
61ea0730-4c73-11ea-8487-b88a60e194fb-1,2020-01-25T07:41:54.000Z,crmid:1280222557,61ea0730-4c73-11ea-8487-b88a60e194fb,prd1056,CDs: 5 year,Investment,Personal,183672.58,1,USD,branchid:11100
61eb175c-4c73-11ea-872c-b88a60e194fb-1,2020-01-19T04:46:15.000Z,crmid:4670274540,61eb175c-4c73-11ea-872c-b88a60e194fb,prd1062,Mortgage: VA,Mortgage,Personal,15705.95,1,USD,branchid:11128
61ebdaac-4c73-11ea-83ba-b88a60e194fb-1,2020-01-07T18:11:35.000Z,crmid:2176119684,61ebdaac-4c73-11ea-83ba-b88a60e194fb,prd1045,Mortgage: 10/1 ARM,Mortgage,Personal,13527.74,1,USD,branchid:11045
61ec9dfe-4c73-11ea-aa95-b88a60e194fb-1,2020-01-01T01:16:46.000Z,crmid:3163361056,61ec9dfe-4c73-11ea-aa95-b88a60e194fb,prd1013,Mortgage: FHA,Mortgage,Personal,201825.39,1,USD,branchid:11143
625720f0-4c73-11ea-9622-b88a60e194fb-1,2020-01-26T05:47:16.000Z,crmid:8531222349,625720f0-4c73-11ea-9622-b88a60e194fb,prd1115,Mortgage: VA,Mortgage,Personal,14610.85,1,USD,branchid:11068
62580b4c-4c73-11ea-a961-b88a60e194fb-1,2020-01-23T07:23:30.000Z,crmid:1295864604,62580b4c-4c73-11ea-a961-b88a60e194fb,prd1129,Mortgage: 10/1 ARM,Mortgage,Personal,15308.2,1,USD,branchid:11069
6258f448-4c73-11ea-9b2a-b88a60e194fb-1,2020-01-10T14:03:07.000Z,crmid:2534645151,6258f448-4c73-11ea-9b2a-b88a60e194fb,prd1183,Fixed Deposit,Investment,Personal,252382.6,1,USD,branchid:11100
6259921a-4c73-11ea-a583-b88a60e194fb-1,2020-01-08T09:49:28.000Z,crmid:1816833115,6259921a-4c73-11ea-a583-b88a60e194fb,prd1157,Brokerage Account,Investment,Personal,14195.32,1,USD,branchid:11074
625a7c62-4c73-11ea-b8d0-b88a60e194fb-1,2020-01-27T01:59:33.000Z,crmid:3229255321,625a7c62-4c73-11ea-b8d0-b88a60e194fb,prd1078,Mortgage: 7/1 ARM,Mortgage,Personal,14920.31,1,USD,branchid:11091
625b8c78-4c73-11ea-b87a-b88a60e194fb-1,2020-01-07T00:12:44.000Z,crmid:7667556301,625b8c78-4c73-11ea-b87a-b88a60e194fb,prd1114,CDs: 3 month,Investment,Personal,16121.25,1,USD,branchid:11120
625c7830-4c73-11ea-aa6c-b88a60e194fb-1,2020-01-01T22:28:22.000Z,crmid:5915676459,625c7830-4c73-11ea-aa6c-b88a60e194fb,prd1097,Employee Stock Purchase Plans,Investment,Personal,14721.24,1,USD,branchid:11027
62c63612-4c73-11ea-9ab0-b88a60e194fb-1,2020-01-11T01:17:52.000Z,crmid:6847145682,62c63612-4c73-11ea-9ab0-b88a60e194fb,prd1064,CDs: 3 month,Investment,Personal,211189.66,1,USD,branchid:11130
62c7204a-4c73-11ea-9b5b-b88a60e194fb-1,2020-01-09T06:33:09.000Z,crmid:9081835948,62c7204a-4c73-11ea-9b5b-b88a60e194fb,prd1183,Fixed Deposit,Investment,Personal,180577.33,1,USD,branchid:11089
62c7e3a4-4c73-11ea-ae8d-b88a60e194fb-1,2020-01-22T12:56:49.000Z,crmid:5808161020,62c7e3a4-4c73-11ea-ae8d-b88a60e194fb,prd1172,Employee Stock Purchase Plans,Investment,Personal,13872.07,1,USD,branchid:11052
62c8cdec-4c73-11ea-b6fc-b88a60e194fb-1,2020-01-24T03:54:57.000Z,crmid:2287011366,62c8cdec-4c73-11ea-b6fc-b88a60e194fb,prd1013,Mortgage: FHA,Mortgage,Personal,13111.74,1,USD,branchid:11148
62c9b992-4c73-11ea-ab79-b88a60e194fb-1,2020-01-14T02:13:50.000Z,crmid:1328880540,62c9b992-4c73-11ea-ab79-b88a60e194fb,prd1060,Traditional IRA,Retirement,Personal,107925.91,1,USD,branchid:11036
62ca7ab0-4c73-11ea-ad99-b88a60e194fb-1,2020-01-16T13:14:11.000Z,crmid:1861574422,62ca7ab0-4c73-11ea-ad99-b88a60e194fb,prd1150,Money Market,Investment,Personal,159769.32,1,USD,branchid:11144
62cb8cbe-4c73-11ea-b773-b88a60e194fb-1,2020-01-29T06:32:04.000Z,crmid:5954665028,62cb8cbe-4c73-11ea-b773-b88a60e194fb,prd1014,CDs: 3 month,Investment,Personal,215461.62,1,USD,branchid:11054
62ccc566-4c73-11ea-b4e6-b88a60e194fb-1,2020-01-05T02:39:40.000Z,crmid:8088636317,62ccc566-4c73-11ea-b4e6-b88a60e194fb,prd1033,Fixed Deposit,Investment,Personal,10917.71,1,USD,branchid:11093
633858e2-4c73-11ea-b281-b88a60e194fb-1,2020-01-18T15:58:30.000Z,crmid:1266756735,633858e2-4c73-11ea-b281-b88a60e194fb,prd1111,Pension Account,Retirement,Personal,12918.26,1,USD,branchid:11044
63394318-4c73-11ea-8839-b88a60e194fb-1,2020-01-10T05:10:11.000Z,crmid:5543973244,63394318-4c73-11ea-8839-b88a60e194fb,prd1033,Fixed Deposit,Investment,Personal,12757.72,1,USD,branchid:11149
633a068a-4c73-11ea-a0a7-b88a60e194fb-1,2020-01-11T09:05:10.000Z,crmid:7039653568,633a068a-4c73-11ea-a0a7-b88a60e194fb,prd1045,Mortgage: 10/1 ARM,Mortgage,Personal,16707.26,1,USD,branchid:11000
633b178c-4c73-11ea-b6c7-b88a60e194fb-1,2020-01-20T01:09:47.000Z,crmid:5604870302,633b178c-4c73-11ea-b6c7-b88a60e194fb,prd1112,Fixed Deposit,Investment,Personal,238727.18,1,USD,branchid:11101
633bd9ee-4c73-11ea-9ee7-b88a60e194fb-1,2020-01-25T15:29:36.000Z,crmid:9338417618,633bd9ee-4c73-11ea-9ee7-b88a60e194fb,prd1064,CDs: 3 month,Investment,Personal,12917.94,1,USD,branchid:11007
633c9e9e-4c73-11ea-9d71-b88a60e194fb-1,2020-01-24T02:52:25.000Z,crmid:1730633671,633c9e9e-4c73-11ea-9d71-b88a60e194fb,prd1068,Mortgage: 7/1 ARM,Mortgage,Personal,17324.96,1,USD,branchid:11112
633e23e2-4c73-11ea-8edf-b88a60e194fb-1,2020-01-27T18:42:56.000Z,crmid:5921030877,633e23e2-4c73-11ea-8edf-b88a60e194fb,prd1032,Home Equity Loan,Mortgage,Personal,12685.41,1,USD,branchid:11120
63a8a576-4c73-11ea-8588-b88a60e194fb-1,2020-01-31T10:05:53.000Z,crmid:5134254704,63a8a576-4c73-11ea-8588-b88a60e194fb,prd1088,CDs: 1 year,Investment,Personal,16890.57,1,USD,branchid:11103
63a9df48-4c73-11ea-8e40-b88a60e194fb-1,2020-01-22T10:30:47.000Z,crmid:4553461908,63a9df48-4c73-11ea-8e40-b88a60e194fb,prd1131,Employee Stock Purchase Plans,Investment,Personal,14815.36,1,USD,branchid:11021
63aaf018-4c73-11ea-92ae-b88a60e194fb-1,2020-01-03T05:28:31.000Z,crmid:8953541625,63aaf018-4c73-11ea-92ae-b88a60e194fb,prd1125,Mortgage: FHA,Mortgage,Personal,14885.4,1,USD,branchid:11028
63abb40c-4c73-11ea-9496-b88a60e194fb-1,2020-01-29T20:18:35.000Z,crmid:3918109307,63abb40c-4c73-11ea-9496-b88a60e194fb,prd1115,Mortgage: VA,Mortgage,Personal,12780.39,1,USD,branchid:11022
63acec6e-4c73-11ea-96dc-b88a60e194fb-1,2020-01-09T07:05:25.000Z,crmid:9826361557,63acec6e-4c73-11ea-96dc-b88a60e194fb,prd1183,Fixed Deposit,Investment,Personal,11626.77,1,USD,branchid:11147
63add54c-4c73-11ea-b758-b88a60e194fb-1,2020-01-01T17:04:31.000Z,crmid:4857891596,63add54c-4c73-11ea-b758-b88a60e194fb,prd1181,Mortgage: 5/1 ARM,Mortgage,Personal,14318.71,1,USD,branchid:11048
63ae98a8-4c73-11ea-a05e-b88a60e194fb-1,2020-01-16T03:53:51.000Z,crmid:7828383365,63ae98a8-4c73-11ea-a05e-b88a60e194fb,prd1174,Traditional IRA,Retirement,Personal,11580.85,1,USD,branchid:11058
63af8306-4c73-11ea-ac6f-b88a60e194fb-1,2020-01-30T23:15:36.000Z,crmid:2347062120,63af8306-4c73-11ea-ac6f-b88a60e194fb,prd1124,CDs: 5 year,Investment,Personal,4235994.61,1,USD,branchid:11091
64191a46-4c73-11ea-95d8-b88a60e194fb-1,2020-01-23T11:14:41.000Z,crmid:4895369448,64191a46-4c73-11ea-95d8-b88a60e194fb,prd1029,401k,Retirement,Personal,17916.13,1,USD,branchid:11112
641a04b4-4c73-11ea-ae3c-b88a60e194fb-1,2020-01-31T13:35:54.000Z,crmid:5678763888,641a04b4-4c73-11ea-ae3c-b88a60e194fb,prd1175,401k,Retirement,Personal,156482.55,1,USD,branchid:11088
641aef00-4c73-11ea-91d7-b88a60e194fb-1,2020-01-18T07:45:14.000Z,crmid:6146897028,641aef00-4c73-11ea-91d7-b88a60e194fb,prd1032,Home Equity Loan,Mortgage,Personal,12596.36,1,USD,branchid:11061
641bb264-4c73-11ea-af6c-b88a60e194fb-1,2020-01-22T09:12:36.000Z,crmid:2741838619,641bb264-4c73-11ea-af6c-b88a60e194fb,prd1108,401k,Retirement,Personal,243025.96,1,USD,branchid:11094
641c9c9e-4c73-11ea-96ff-b88a60e194fb-1,2020-01-22T12:36:56.000Z,crmid:4596041428,641c9c9e-4c73-11ea-96ff-b88a60e194fb,prd1125,Mortgage: FHA,Mortgage,Personal,11426.77,1,USD,branchid:11145
641dd510-4c73-11ea-95bd-b88a60e194fb-1,2020-01-09T19:12:17.000Z,crmid:5233896989,641dd510-4c73-11ea-95bd-b88a60e194fb,prd1182,Brokerage Account,Investment,Personal,155508.26,1,USD,branchid:11080
641e984c-4c73-11ea-a858-b88a60e194fb-1,2020-01-23T21:41:18.000Z,crmid:4477733247,641e984c-4c73-11ea-a858-b88a60e194fb,prd1120,Mortgage: 10/1 ARM,Mortgage,Personal,163535.72,1,USD,branchid:11142
641fa9d8-4c73-11ea-a292-b88a60e194fb-1,2020-01-10T12:38:15.000Z,crmid:2606538881,641fa9d8-4c73-11ea-a292-b88a60e194fb,prd1114,CDs: 3 month,Investment,Personal,202859.34,1,USD,branchid:11108
6486f726-4c73-11ea-8ebe-b88a60e194fb-1,2020-01-11T01:58:44.000Z,crmid:2061722954,6486f726-4c73-11ea-8ebe-b88a60e194fb,prd1114,CDs: 3 month,Investment,Personal,294321.7,1,USD,branchid:11115
6487e192-4c73-11ea-9f77-b88a60e194fb-1,2020-01-05T17:19:45.000Z,crmid:9803958447,6487e192-4c73-11ea-9f77-b88a60e194fb,prd1186,Money Market,Investment,Personal,21121.21,1,USD,branchid:11095
6488a626-4c73-11ea-ab92-b88a60e194fb-1,2020-01-22T21:13:02.000Z,crmid:4980799314,6488a626-4c73-11ea-ab92-b88a60e194fb,prd1176,Overseas Equity Fund,Investment,Personal,17804.0,1,USD,branchid:11135
64899074-4c73-11ea-8783-b88a60e194fb-1,2020-01-06T17:06:53.000Z,crmid:4202814486,64899074-4c73-11ea-8783-b88a60e194fb,prd1124,CDs: 5 year,Investment,Personal,179647.16,1,USD,branchid:11016
648a79a8-4c73-11ea-a1fc-b88a60e194fb-1,2020-01-04T16:49:10.000Z,crmid:7087606164,648a79a8-4c73-11ea-a1fc-b88a60e194fb,prd1079,Mortgage: 30-yr Fixed,Mortgage,Personal,2762343.93,1,USD,branchid:11123
648b3e08-4c73-11ea-bd6e-b88a60e194fb-1,2020-01-19T23:35:58.000Z,crmid:4858807711,648b3e08-4c73-11ea-bd6e-b88a60e194fb,prd1061,Mortgage: 5/1 ARM,Mortgage,Personal,12780.59,1,USD,branchid:11149
648c0124-4c73-11ea-ae16-b88a60e194fb-1,2020-01-19T19:31:31.000Z,crmid:2110559030,648c0124-4c73-11ea-ae16-b88a60e194fb,prd1159,CDs: 3 month,Investment,Personal,3636354.62,1,USD,branchid:11031
64f54aa4-4c73-11ea-ae80-b88a60e194fb-1,2020-01-17T13:01:28.000Z,crmid:7260012847,64f54aa4-4c73-11ea-ae80-b88a60e194fb,prd1154,Mortgage: 30-yr Fixed,Mortgage,Personal,229711.05,1,USD,branchid:11047
64f633a8-4c73-11ea-a06b-b88a60e194fb-1,2020-01-12T10:56:55.000Z,crmid:7803299381,64f633a8-4c73-11ea-a06b-b88a60e194fb,prd1151,Mortgage: 10 yr Fixed,Mortgage,Personal,15805.59,1,USD,branchid:11135
64f6f836-4c73-11ea-8c76-b88a60e194fb-1,2020-01-11T12:36:19.000Z,crmid:4440319406,64f6f836-4c73-11ea-8c76-b88a60e194fb,prd1174,Traditional IRA,Retirement,Personal,2406178.69,1,USD,branchid:11113
64f7e140-4c73-11ea-9cbd-b88a60e194fb-1,2020-01-16T15:32:20.000Z,crmid:3125008195,64f7e140-4c73-11ea-9cbd-b88a60e194fb,prd1061,Mortgage: 5/1 ARM,Mortgage,Personal,13225.24,1,USD,branchid:11019
64f919ca-4c73-11ea-a494-b88a60e194fb-1,2020-01-18T07:33:03.000Z,crmid:6317278817,64f919ca-4c73-11ea-a494-b88a60e194fb,prd1042,Roth IRA,Retirement,Personal,15964.6,1,USD,branchid:11018
64f9dd06-4c73-11ea-b914-b88a60e194fb-1,2020-01-17T02:59:33.000Z,crmid:9017027295,64f9dd06-4c73-11ea-b914-b88a60e194fb,prd1101,Mortgage: 5/1 ARM,Mortgage,Personal,296538.94,1,USD,branchid:11018
64fac768-4c73-11ea-9278-b88a60e194fb-1,2020-01-19T22:28:36.000Z,crmid:3538279993,64fac768-4c73-11ea-9278-b88a60e194fb,prd1025,Brokerage Account,Investment,Personal,14053.19,1,USD,branchid:11078
64fbb1ac-4c73-11ea-92ee-b88a60e194fb-1,2020-01-15T09:54:13.000Z,crmid:7057030508,64fbb1ac-4c73-11ea-92ee-b88a60e194fb,prd1064,CDs: 3 month,Investment,Personal,190813.11,1,USD,branchid:11067
6566f7f8-4c73-11ea-b8f1-b88a60e194fb-1,2020-01-12T16:23:17.000Z,crmid:1699677327,6566f7f8-4c73-11ea-b8f1-b88a60e194fb,prd1176,Overseas Equity Fund,Investment,Personal,224720.94,1,USD,branchid:11086
6567e0f6-4c73-11ea-adf5-b88a60e194fb-1,2020-01-23T14:22:16.000Z,crmid:5025776681,6567e0f6-4c73-11ea-adf5-b88a60e194fb,prd1121,Mortgage: 30-yr Fixed,Mortgage,Personal,4400730.33,1,USD,branchid:11060
6568cb5c-4c73-11ea-9ca2-b88a60e194fb-1,2020-01-26T16:21:00.000Z,crmid:1457771247,6568cb5c-4c73-11ea-9ca2-b88a60e194fb,prd1024,Mortgage: FHA,Mortgage,Personal,14852.13,1,USD,branchid:11100
65698ff4-4c73-11ea-9b46-b88a60e194fb-1,2020-01-07T15:43:51.000Z,crmid:1909603952,65698ff4-4c73-11ea-9b46-b88a60e194fb,prd1046,Mortgage: VA,Mortgage,Personal,16340.79,1,USD,branchid:11087
656aa018-4c73-11ea-84c0-b88a60e194fb-1,2020-01-28T23:50:18.000Z,crmid:8453611681,656aa018-4c73-11ea-84c0-b88a60e194fb,prd1144,Home Equity Loan,Mortgage,Personal,164923.09,1,USD,branchid:11104
656b8a6e-4c73-11ea-93e2-b88a60e194fb-1,2020-01-12T03:25:36.000Z,crmid:3448944251,656b8a6e-4c73-11ea-93e2-b88a60e194fb,prd1045,Mortgage: 10/1 ARM,Mortgage,Personal,19794.75,1,USD,branchid:11102
656c4f02-4c73-11ea-83c5-b88a60e194fb-1,2020-01-27T23:26:03.000Z,crmid:4525257767,656c4f02-4c73-11ea-83c5-b88a60e194fb,prd1073,Business Brokerage Account,Investment,Business,18535.26,1,USD,branchid:11051
656d5f3e-4c73-11ea-b125-b88a60e194fb-1,2020-01-17T08:00:05.000Z,crmid:3965471404,656d5f3e-4c73-11ea-b125-b88a60e194fb,prd1027,Mortgage: 30-yr Fixed,Mortgage,Personal,3986344.65,1,USD,branchid:11009
65d807ca-4c73-11ea-8e6c-b88a60e194fb-1,2020-01-18T04:13:50.000Z,crmid:7192200702,65d807ca-4c73-11ea-8e6c-b88a60e194fb,prd1148,Mortgage: 10/1 ARM,Mortgage,Personal,8883.43,1,USD,branchid:11135
65d8cb0a-4c73-11ea-8d11-b88a60e194fb-1,2020-01-04T15:39:22.000Z,crmid:8972671594,65d8cb0a-4c73-11ea-8d11-b88a60e194fb,prd1049,Business Brokerage Account,Investment,Business,14320.49,1,USD,branchid:11013
65d9ddba-4c73-11ea-9404-b88a60e194fb-1,2020-01-24T03:00:49.000Z,crmid:7350762876,65d9ddba-4c73-11ea-9404-b88a60e194fb,prd1073,Business Brokerage Account,Investment,Business,18594.25,1,USD,branchid:11039
65dac6e4-4c73-11ea-9826-b88a60e194fb-1,2020-01-07T06:18:35.000Z,crmid:1003226836,65dac6e4-4c73-11ea-9826-b88a60e194fb,prd1068,Mortgage: 7/1 ARM,Mortgage,Personal,236856.6,1,USD,branchid:11127
65dc00d4-4c73-11ea-9cd9-b88a60e194fb-1,2020-01-19T00:50:49.000Z,crmid:7691810218,65dc00d4-4c73-11ea-9cd9-b88a60e194fb,prd1153,CDs: 1 year,Investment,Personal,11323.64,1,USD,branchid:11096
65dd3824-4c73-11ea-b0f1-b88a60e194fb-1,2020-01-14T22:01:22.000Z,crmid:4132358050,65dd3824-4c73-11ea-b0f1-b88a60e194fb,prd1033,Fixed Deposit,Investment,Personal,12381.51,1,USD,branchid:11049
65de4964-4c73-11ea-91ad-b88a60e194fb-1,2020-01-09T23:33:34.000Z,crmid:9197575457,65de4964-4c73-11ea-91ad-b88a60e194fb,prd1064,CDs: 3 month,Investment,Personal,172036.88,1,USD,branchid:11010
65df0c98-4c73-11ea-a971-b88a60e194fb-1,2020-01-18T03:00:03.000Z,crmid:2139760965,65df0c98-4c73-11ea-a971-b88a60e194fb,prd1125,Mortgage: FHA,Mortgage,Personal,16287.81,1,USD,branchid:11103
6649415c-4c73-11ea-81dd-b88a60e194fb-1,2020-01-08T05:13:57.000Z,crmid:2653775514,6649415c-4c73-11ea-81dd-b88a60e194fb,prd1186,Money Market,Investment,Personal,154720.82,1,USD,branchid:11010
664a5162-4c73-11ea-b6a4-b88a60e194fb-1,2020-01-21T21:09:25.000Z,crmid:8150586070,664a5162-4c73-11ea-b6a4-b88a60e194fb,prd1056,CDs: 5 year,Investment,Personal,225579.79,1,USD,branchid:11129
664b3be4-4c73-11ea-8f54-b88a60e194fb-1,2020-01-20T10:14:57.000Z,crmid:5377163075,664b3be4-4c73-11ea-8f54-b88a60e194fb,prd1182,Brokerage Account,Investment,Personal,14309.7,1,USD,branchid:11042
664c0000-4c73-11ea-9307-b88a60e194fb-1,2020-01-28T15:31:59.000Z,crmid:9774548679,664c0000-4c73-11ea-9307-b88a60e194fb,prd1041,Mortgage: 7/1 ARM,Mortgage,Personal,16154.37,1,USD,branchid:11080
664ce99c-4c73-11ea-a701-b88a60e194fb-1,2020-01-27T01:23:17.000Z,crmid:4716418318,664ce99c-4c73-11ea-a701-b88a60e194fb,prd1062,Mortgage: VA,Mortgage,Personal,14450.98,1,USD,branchid:11144
664dd3ba-4c73-11ea-bc42-b88a60e194fb-1,2020-01-05T20:00:34.000Z,crmid:3678702233,664dd3ba-4c73-11ea-bc42-b88a60e194fb,prd1148,Mortgage: 10/1 ARM,Mortgage,Personal,14324.83,1,USD,branchid:11105
664ebe52-4c73-11ea-bc9c-b88a60e194fb-1,2020-01-02T16:11:22.000Z,crmid:4691401681,664ebe52-4c73-11ea-bc9c-b88a60e194fb,prd1045,Mortgage: 10/1 ARM,Mortgage,Personal,13580.42,1,USD,branchid:11038
664fcf80-4c73-11ea-b5d5-b88a60e194fb-1,2020-01-24T09:27:28.000Z,crmid:5707901356,664fcf80-4c73-11ea-b5d5-b88a60e194fb,prd1030,401k,Retirement,Personal,2489343.23,1,USD,branchid:11080
66b80874-4c73-11ea-a5fe-b88a60e194fb-1,2020-01-14T14:39:50.000Z,crmid:2646024131,66b80874-4c73-11ea-a5fe-b88a60e194fb,prd1115,Mortgage: VA,Mortgage,Personal,264560.22,1,USD,branchid:11145
66b9669c-4c73-11ea-9898-b88a60e194fb-1,2020-01-23T05:36:13.000Z,crmid:2416174374,66b9669c-4c73-11ea-9898-b88a60e194fb,prd1101,Mortgage: 5/1 ARM,Mortgage,Personal,175135.82,1,USD,branchid:11030
66ba9f42-4c73-11ea-94d4-b88a60e194fb-1,2020-01-18T20:25:49.000Z,crmid:8537256999,66ba9f42-4c73-11ea-94d4-b88a60e194fb,prd1120,Mortgage: 10/1 ARM,Mortgage,Personal,115133.65,1,USD,branchid:11091
66bbb08c-4c73-11ea-9871-b88a60e194fb-1,2020-01-16T14:36:46.000Z,crmid:4716418318,66bbb08c-4c73-11ea-9871-b88a60e194fb,prd1186,Money Market,Investment,Personal,163078.29,1,USD,branchid:11086
66bd103a-4c73-11ea-aece-b88a60e194fb-1,2020-01-17T05:42:07.000Z,crmid:6001901945,66bd103a-4c73-11ea-aece-b88a60e194fb,prd1021,CDs: 5 year,Investment,Personal,11001.28,1,USD,branchid:11008
66bee4f0-4c73-11ea-b35f-b88a60e194fb-1,2020-01-22T18:35:31.000Z,crmid:1615417766,66bee4f0-4c73-11ea-b35f-b88a60e194fb,prd1186,Money Market,Investment,Personal,4502079.47,1,USD,branchid:11030
66c04466-4c73-11ea-beaa-b88a60e194fb-1,2020-01-01T23:37:56.000Z,crmid:6309671070,66c04466-4c73-11ea-beaa-b88a60e194fb,prd1121,Mortgage: 30-yr Fixed,Mortgage,Personal,10724.1,1,USD,branchid:11064
66c1a3ec-4c73-11ea-bc9e-b88a60e194fb-1,2020-01-31T03:27:50.000Z,crmid:4037968398,66c1a3ec-4c73-11ea-bc9e-b88a60e194fb,prd1062,Mortgage: VA,Mortgage,Personal,17890.07,1,USD,branchid:11125
672ac5e2-4c73-11ea-a210-b88a60e194fb-1,2020-01-09T22:32:51.000Z,crmid:3117188698,672ac5e2-4c73-11ea-a210-b88a60e194fb,prd1097,Employee Stock Purchase Plans,Investment,Personal,16402.26,1,USD,branchid:11118
672bd75c-4c73-11ea-af4c-b88a60e194fb-1,2020-01-16T21:49:16.000Z,crmid:5954063223,672bd75c-4c73-11ea-af4c-b88a60e194fb,prd1167,Roth IRA,Retirement,Personal,3579495.6,1,USD,branchid:11113
672cc1ca-4c73-11ea-8cef-b88a60e194fb-1,2020-01-08T00:09:36.000Z,crmid:9050135752,672cc1ca-4c73-11ea-8cef-b88a60e194fb,prd1046,Mortgage: VA,Mortgage,Personal,159681.7,1,USD,branchid:11071
672dad58-4c73-11ea-811b-b88a60e194fb-1,2020-01-29T14:14:56.000Z,crmid:9628819741,672dad58-4c73-11ea-811b-b88a60e194fb,prd1174,Traditional IRA,Retirement,Personal,18510.43,1,USD,branchid:11067
672e9664-4c73-11ea-bc8b-b88a60e194fb-1,2020-01-05T15:18:32.000Z,crmid:2733377062,672e9664-4c73-11ea-bc8b-b88a60e194fb,prd1155,CDs: 5 year,Investment,Personal,123719.18,1,USD,branchid:11101
672f5b1a-4c73-11ea-ad13-b88a60e194fb-1,2020-01-26T19:37:53.000Z,crmid:7418302556,672f5b1a-4c73-11ea-ad13-b88a60e194fb,prd1112,Fixed Deposit,Investment,Personal,13078.78,1,USD,branchid:11141
67301d30-4c73-11ea-ac8d-b88a60e194fb-1,2020-01-01T22:06:21.000Z,crmid:6563461903,67301d30-4c73-11ea-ac8d-b88a60e194fb,prd1183,Fixed Deposit,Investment,Personal,20287.54,1,USD,branchid:11094
6730e1a4-4c73-11ea-89a2-b88a60e194fb-1,2020-01-24T17:56:25.000Z,crmid:1574717067,6730e1a4-4c73-11ea-89a2-b88a60e194fb,prd1045,Mortgage: 10/1 ARM,Mortgage,Personal,202644.17,1,USD,branchid:11099
6731f1e6-4c73-11ea-b47e-b88a60e194fb-1,2020-01-18T09:33:23.000Z,crmid:2262316807,6731f1e6-4c73-11ea-b47e-b88a60e194fb,prd1115,Mortgage: VA,Mortgage,Personal,3907131.91,1,USD,branchid:11052
679dd3f4-4c73-11ea-958b-b88a60e194fb-1,2020-01-29T04:13:05.000Z,crmid:6418561891,679dd3f4-4c73-11ea-958b-b88a60e194fb,prd1114,CDs: 3 month,Investment,Personal,21097.71,1,USD,branchid:11053
679ebd76-4c73-11ea-81b1-b88a60e194fb-1,2020-01-09T21:51:54.000Z,crmid:4391768978,679ebd76-4c73-11ea-81b1-b88a60e194fb,prd1078,Mortgage: 7/1 ARM,Mortgage,Personal,231341.04,1,USD,branchid:11089
679fa8a8-4c73-11ea-b096-b88a60e194fb-1,2020-01-25T01:10:25.000Z,crmid:5175792128,679fa8a8-4c73-11ea-b096-b88a60e194fb,prd1173,Money Market,Investment,Personal,106867.73,1,USD,branchid:11006
67a06b08-4c73-11ea-96ab-b88a60e194fb-1,2020-01-21T16:35:17.000Z,crmid:9345863572,67a06b08-4c73-11ea-96ab-b88a60e194fb,prd1046,Mortgage: VA,Mortgage,Personal,202035.54,1,USD,branchid:11002
67a12f2c-4c73-11ea-b807-b88a60e194fb-1,2020-01-30T12:09:32.000Z,crmid:6390345160,67a12f2c-4c73-11ea-b807-b88a60e194fb,prd1183,Fixed Deposit,Investment,Personal,215911.15,1,USD,branchid:11149
67a1f19c-4c73-11ea-8053-b88a60e194fb-1,2020-01-10T07:23:48.000Z,crmid:8887854700,67a1f19c-4c73-11ea-8053-b88a60e194fb,prd1027,Mortgage: 30-yr Fixed,Mortgage,Personal,3450281.23,1,USD,branchid:11073
67a2b63a-4c73-11ea-8dc1-b88a60e194fb-1,2020-01-06T13:09:50.000Z,crmid:1058522126,67a2b63a-4c73-11ea-8dc1-b88a60e194fb,prd1064,CDs: 3 month,Investment,Personal,11652.6,1,USD,branchid:11113
67a3a076-4c73-11ea-9c1e-b88a60e194fb-1,2020-01-12T23:28:52.000Z,crmid:6127957694,67a3a076-4c73-11ea-9c1e-b88a60e194fb,prd1028,CDs: 1 year,Investment,Personal,14387.2,1,USD,branchid:11120
680e210a-4c73-11ea-adf5-b88a60e194fb-1,2020-01-29T05:56:06.000Z,crmid:1199070763,680e210a-4c73-11ea-adf5-b88a60e194fb,prd1153,CDs: 1 year,Investment,Personal,17055.96,1,USD,branchid:11091
680f0c7e-4c73-11ea-8f71-b88a60e194fb-1,2020-01-04T02:05:42.000Z,crmid:8870219534,680f0c7e-4c73-11ea-8f71-b88a60e194fb,prd1183,Fixed Deposit,Investment,Personal,159502.17,1,USD,branchid:11087
680ff562-4c73-11ea-bfbd-b88a60e194fb-1,2020-01-11T18:15:01.000Z,crmid:9479599518,680ff562-4c73-11ea-bfbd-b88a60e194fb,prd1112,Fixed Deposit,Investment,Personal,211079.48,1,USD,branchid:11132
6810b8c8-4c73-11ea-890c-b88a60e194fb-1,2020-01-21T20:58:58.000Z,crmid:5817045937,6810b8c8-4c73-11ea-890c-b88a60e194fb,prd1034,Home Equity Loan,Mortgage,Personal,12175.72,1,USD,branchid:11005
6811a486-4c73-11ea-883b-b88a60e194fb-1,2020-01-07T19:40:30.000Z,crmid:8765691072,6811a486-4c73-11ea-883b-b88a60e194fb,prd1077,Roth IRA,Retirement,Personal,11470.24,1,USD,branchid:11071
681267d8-4c73-11ea-9280-b88a60e194fb-1,2020-01-31T13:54:53.000Z,crmid:5743239562,681267d8-4c73-11ea-9280-b88a60e194fb,prd1097,Employee Stock Purchase Plans,Investment,Personal,16272.74,1,USD,branchid:11125
68137942-4c73-11ea-8ec7-b88a60e194fb-1,2020-01-27T09:05:18.000Z,crmid:4651521235,68137942-4c73-11ea-8ec7-b88a60e194fb,prd1144,Home Equity Loan,Mortgage,Personal,244547.98,1,USD,branchid:11003
68146228-4c73-11ea-9f2b-b88a60e194fb-1,2020-01-22T17:57:21.000Z,crmid:1168980323,68146228-4c73-11ea-9f2b-b88a60e194fb,prd1068,Mortgage: 7/1 ARM,Mortgage,Personal,13485.75,1,USD,branchid:11129
687f0aec-4c73-11ea-98ba-b88a60e194fb-1,2020-01-24T13:18:17.000Z,crmid:8429341426,687f0aec-4c73-11ea-98ba-b88a60e194fb,prd1124,CDs: 5 year,Investment,Personal,208436.9,1,USD,branchid:11037
68804490-4c73-11ea-afff-b88a60e194fb-1,2020-01-12T03:28:52.000Z,crmid:7460286208,68804490-4c73-11ea-afff-b88a60e194fb,prd1029,401k,Retirement,Personal,160507.59,1,USD,branchid:11133
68817be2-4c73-11ea-9863-b88a60e194fb-1,2020-01-16T02:08:01.000Z,crmid:6743179300,68817be2-4c73-11ea-9863-b88a60e194fb,prd1120,Mortgage: 10/1 ARM,Mortgage,Personal,233996.45,1,USD,branchid:11016
68828d28-4c73-11ea-a199-b88a60e194fb-1,2020-01-21T22:25:45.000Z,crmid:8745300637,68828d28-4c73-11ea-a199-b88a60e194fb,prd1037,Home Equity Loan,Mortgage,Personal,20421.84,1,USD,branchid:11088
6883778a-4c73-11ea-a5dd-b88a60e194fb-1,2020-01-03T22:00:34.000Z,crmid:6849511926,6883778a-4c73-11ea-a5dd-b88a60e194fb,prd1123,Mortgage: 10 yr Fixed,Mortgage,Personal,12120.38,1,USD,branchid:11081
68843c22-4c73-11ea-9b04-b88a60e194fb-1,2020-01-13T03:19:19.000Z,crmid:2731023404,68843c22-4c73-11ea-9b04-b88a60e194fb,prd1117,Brokerage Account,Investment,Personal,3608234.48,1,USD,branchid:11116
68854c7e-4c73-11ea-a0d4-b88a60e194fb-1,2020-01-04T17:40:08.000Z,crmid:9088666202,68854c7e-4c73-11ea-a0d4-b88a60e194fb,prd1154,Mortgage: 30-yr Fixed,Mortgage,Personal,175089.64,1,USD,branchid:11110
6886d52c-4c73-11ea-8b82-b88a60e194fb-1,2020-01-02T13:56:46.000Z,crmid:3199769507,6886d52c-4c73-11ea-8b82-b88a60e194fb,prd1028,CDs: 1 year,Investment,Personal,9076.17,1,USD,branchid:11138
68f17cae-4c73-11ea-a9c2-b88a60e194fb-1,2020-01-03T00:12:13.000Z,crmid:5648715295,68f17cae-4c73-11ea-a9c2-b88a60e194fb,prd1153,CDs: 1 year,Investment,Personal,199272.88,1,USD,branchid:11072
68f28e5a-4c73-11ea-a245-b88a60e194fb-1,2020-01-23T04:55:52.000Z,crmid:3820025361,68f28e5a-4c73-11ea-a245-b88a60e194fb,prd1064,CDs: 3 month,Investment,Personal,15576.93,1,USD,branchid:11076
68f39f08-4c73-11ea-b73e-b88a60e194fb-1,2020-01-31T09:07:04.000Z,crmid:9496834993,68f39f08-4c73-11ea-b73e-b88a60e194fb,prd1131,Employee Stock Purchase Plans,Investment,Personal,283681.35,1,USD,branchid:11116
68f4d6fa-4c73-11ea-9681-b88a60e194fb-1,2020-01-09T13:54:52.000Z,crmid:2536162989,68f4d6fa-4c73-11ea-9681-b88a60e194fb,prd1179,Business Brokerage Account,Investment,Business,11954.44,1,USD,branchid:11131
68f60f58-4c73-11ea-bed0-b88a60e194fb-1,2020-01-27T16:36:16.000Z,crmid:4641192853,68f60f58-4c73-11ea-bed0-b88a60e194fb,prd1182,Brokerage Account,Investment,Personal,148398.88,1,USD,branchid:11041
68f720d2-4c73-11ea-95cb-b88a60e194fb-1,2020-01-15T16:36:51.000Z,crmid:4625540334,68f720d2-4c73-11ea-95cb-b88a60e194fb,prd1026,Mortgage: 5/1 ARM,Mortgage,Personal,17909.3,1,USD,branchid:11079
68f8598c-4c73-11ea-9b0f-b88a60e194fb-1,2020-01-17T11:11:57.000Z,crmid:8412957177,68f8598c-4c73-11ea-9b0f-b88a60e194fb,prd1179,Business Brokerage Account,Investment,Business,268139.62,1,USD,branchid:11087
697293da-4c73-11ea-955e-b88a60e194fb-1,2020-01-13T22:50:41.000Z,crmid:3642552924,697293da-4c73-11ea-955e-b88a60e194fb,prd1189,Overseas Equity Fund,Investment,Personal,12969.6,1,USD,branchid:11089
697356e6-4c73-11ea-bd87-b88a60e194fb-1,2020-01-11T08:08:27.000Z,crmid:4329612787,697356e6-4c73-11ea-bd87-b88a60e194fb,prd1068,Mortgage: 7/1 ARM,Mortgage,Personal,19128.85,1,USD,branchid:11099
69743ff0-4c73-11ea-a148-b88a60e194fb-1,2020-01-28T07:03:07.000Z,crmid:5319306302,69743ff0-4c73-11ea-a148-b88a60e194fb,prd1181,Mortgage: 5/1 ARM,Mortgage,Personal,3637761.26,1,USD,branchid:11146
69750494-4c73-11ea-9e98-b88a60e194fb-1,2020-01-28T02:44:31.000Z,crmid:3342896962,69750494-4c73-11ea-9e98-b88a60e194fb,prd1139,Employee Stock Purchase Plans,Investment,Personal,169194.59,1,USD,branchid:11135
69761498-4c73-11ea-a0f2-b88a60e194fb-1,2020-01-28T10:12:15.000Z,crmid:3011919728,69761498-4c73-11ea-a0f2-b88a60e194fb,prd1165,Roth IRA,Retirement,Personal,116890.24,1,USD,branchid:11065
6976d7e4-4c73-11ea-b5a4-b88a60e194fb-1,2020-01-05T08:32:04.000Z,crmid:8544734205,6976d7e4-4c73-11ea-b5a4-b88a60e194fb,prd1112,Fixed Deposit,Investment,Personal,17111.35,1,USD,branchid:11144
69779b40-4c73-11ea-b735-b88a60e194fb-1,2020-01-09T12:56:48.000Z,crmid:5851799061,69779b40-4c73-11ea-b735-b88a60e194fb,prd1035,Pension Account,Retirement,Personal,17731.46,1,USD,branchid:11125
697886f6-4c73-11ea-80e2-b88a60e194fb-1,2020-01-16T19:05:02.000Z,crmid:7129172473,697886f6-4c73-11ea-80e2-b88a60e194fb,prd1129,Mortgage: 10/1 ARM,Mortgage,Personal,13733.48,1,USD,branchid:11074
69e06f24-4c73-11ea-bd4d-b88a60e194fb-1,2020-01-06T04:33:49.000Z,crmid:3490515300,69e06f24-4c73-11ea-bd4d-b88a60e194fb,prd1013,Mortgage: FHA,Mortgage,Personal,18765.36,1,USD,branchid:11017
69e13276-4c73-11ea-b891-b88a60e194fb-1,2020-01-29T10:59:35.000Z,crmid:2313710163,69e13276-4c73-11ea-b891-b88a60e194fb,prd1035,Pension Account,Retirement,Personal,10851.49,1,USD,branchid:11118
69e2452c-4c73-11ea-9873-b88a60e194fb-1,2020-01-04T00:39:48.000Z,crmid:9635524364,69e2452c-4c73-11ea-9873-b88a60e194fb,prd1101,Mortgage: 5/1 ARM,Mortgage,Personal,4784352.85,1,USD,branchid:11079
69e3a358-4c73-11ea-82d2-b88a60e194fb-1,2020-01-30T16:41:59.000Z,crmid:2031755960,69e3a358-4c73-11ea-82d2-b88a60e194fb,prd1120,Mortgage: 10/1 ARM,Mortgage,Personal,11872.52,1,USD,branchid:11093
69e48de4-4c73-11ea-97ad-b88a60e194fb-1,2020-01-07T10:35:42.000Z,crmid:5964493626,69e48de4-4c73-11ea-97ad-b88a60e194fb,prd1013,Mortgage: FHA,Mortgage,Personal,218860.11,1,USD,branchid:11120
69e5a0a2-4c73-11ea-9b84-b88a60e194fb-1,2020-01-23T20:24:42.000Z,crmid:8883575987,69e5a0a2-4c73-11ea-9b84-b88a60e194fb,prd1061,Mortgage: 5/1 ARM,Mortgage,Personal,14202.14,1,USD,branchid:11086
69e6629e-4c73-11ea-b46d-b88a60e194fb-1,2020-01-14T21:57:40.000Z,crmid:1056001997,69e6629e-4c73-11ea-b46d-b88a60e194fb,prd1083,Pension Account,Retirement,Personal,178251.69,1,USD,branchid:11006
69e74ce8-4c73-11ea-a53d-b88a60e194fb-1,2020-01-13T08:17:00.000Z,crmid:6537312240,69e74ce8-4c73-11ea-a53d-b88a60e194fb,prd1120,Mortgage: 10/1 ARM,Mortgage,Personal,15687.6,1,USD,branchid:11046
6a55edf8-4c73-11ea-bcab-b88a60e194fb-1,2020-01-08T09:55:22.000Z,crmid:6409822814,6a55edf8-4c73-11ea-bcab-b88a60e194fb,prd1111,Pension Account,Retirement,Personal,12403.69,1,USD,branchid:11055
6a56fe90-4c73-11ea-876a-b88a60e194fb-1,2020-01-13T02:34:33.000Z,crmid:2891236161,6a56fe90-4c73-11ea-876a-b88a60e194fb,prd1131,Employee Stock Purchase Plans,Investment,Personal,13912.23,1,USD,branchid:11014
6a57c31c-4c73-11ea-99cc-b88a60e194fb-1,2020-01-13T18:46:23.000Z,crmid:3537801440,6a57c31c-4c73-11ea-99cc-b88a60e194fb,prd1144,Home Equity Loan,Mortgage,Personal,16263.19,1,USD,branchid:11149
6a58ac52-4c73-11ea-bc69-b88a60e194fb-1,2020-01-20T03:14:18.000Z,crmid:2022685519,6a58ac52-4c73-11ea-bc69-b88a60e194fb,prd1053,Mortgage: VA,Mortgage,Personal,65959.16,1,USD,branchid:11080
6a59706e-4c73-11ea-8ac2-b88a60e194fb-1,2020-01-27T14:07:31.000Z,crmid:3512246041,6a59706e-4c73-11ea-8ac2-b88a60e194fb,prd1144,Home Equity Loan,Mortgage,Personal,11942.74,1,USD,branchid:11062
6a5a59ee-4c73-11ea-9594-b88a60e194fb-1,2020-01-28T21:53:55.000Z,crmid:2491379084,6a5a59ee-4c73-11ea-9594-b88a60e194fb,prd1154,Mortgage: 30-yr Fixed,Mortgage,Personal,205359.22,1,USD,branchid:11150
6a5b1e82-4c73-11ea-a05a-b88a60e194fb-1,2020-01-07T22:35:55.000Z,crmid:7739732572,6a5b1e82-4c73-11ea-a05a-b88a60e194fb,prd1121,Mortgage: 30-yr Fixed,Mortgage,Personal,17954.51,1,USD,branchid:11101
6a5c0888-4c73-11ea-acf5-b88a60e194fb-1,2020-01-06T17:53:12.000Z,crmid:8425375215,6a5c0888-4c73-11ea-acf5-b88a60e194fb,prd1021,CDs: 5 year,Investment,Personal,9203.93,1,USD,branchid:11119
6ac52982-4c73-11ea-8960-b88a60e194fb-1,2020-01-03T17:38:26.000Z,crmid:2456071111,6ac52982-4c73-11ea-8960-b88a60e194fb,prd1046,Mortgage: VA,Mortgage,Personal,13943.47,1,USD,branchid:11067
6ac63c38-4c73-11ea-abc9-b88a60e194fb-1,2020-01-11T02:22:53.000Z,crmid:4896671709,6ac63c38-4c73-11ea-abc9-b88a60e194fb,prd1150,Money Market,Investment,Personal,12996.8,1,USD,branchid:11004
6ac72542-4c73-11ea-b544-b88a60e194fb-1,2020-01-17T19:24:48.000Z,crmid:1629601759,6ac72542-4c73-11ea-b544-b88a60e194fb,prd1053,Mortgage: VA,Mortgage,Personal,16509.79,1,USD,branchid:11073
6ac810fa-4c73-11ea-8e0e-b88a60e194fb-1,2020-01-01T13:46:34.000Z,crmid:9820626884,6ac810fa-4c73-11ea-8e0e-b88a60e194fb,prd1131,Employee Stock Purchase Plans,Investment,Personal,4008283.78,1,USD,branchid:11070
6ac8faf6-4c73-11ea-a716-b88a60e194fb-1,2020-01-03T11:18:53.000Z,crmid:3303613657,6ac8faf6-4c73-11ea-a716-b88a60e194fb,prd1112,Fixed Deposit,Investment,Personal,343051.61,1,USD,branchid:11091
6ac9bd6e-4c73-11ea-941e-b88a60e194fb-1,2020-01-05T18:46:07.000Z,crmid:8842296685,6ac9bd6e-4c73-11ea-941e-b88a60e194fb,prd1101,Mortgage: 5/1 ARM,Mortgage,Personal,115422.55,1,USD,branchid:11132
6acacfae-4c73-11ea-8519-b88a60e194fb-1,2020-01-13T17:56:44.000Z,crmid:2489613386,6acacfae-4c73-11ea-8519-b88a60e194fb,prd1154,Mortgage: 30-yr Fixed,Mortgage,Personal,12979.46,1,USD,branchid:11015
6acb930c-4c73-11ea-87df-b88a60e194fb-1,2020-01-07T03:43:16.000Z,crmid:1727454406,6acb930c-4c73-11ea-87df-b88a60e194fb,prd1114,CDs: 3 month,Investment,Personal,17248.91,1,USD,branchid:11051
6b3417da-4c73-11ea-86ec-b88a60e194fb-1,2020-01-06T02:59:24.000Z,crmid:6847145682,6b3417da-4c73-11ea-86ec-b88a60e194fb,prd1121,Mortgage: 30-yr Fixed,Mortgage,Personal,13965.05,1,USD,branchid:11100
6b350378-4c73-11ea-960c-b88a60e194fb-1,2020-01-28T04:30:36.000Z,crmid:1155089403,6b350378-4c73-11ea-960c-b88a60e194fb,prd1014,CDs: 3 month,Investment,Personal,14298.01,1,USD,branchid:11044
6b35edde-4c73-11ea-a3c3-b88a60e194fb-1,2020-01-01T03:49:41.000Z,crmid:5319306302,6b35edde-4c73-11ea-a3c3-b88a60e194fb,prd1154,Mortgage: 30-yr Fixed,Mortgage,Personal,225974.85,1,USD,branchid:11024
6b36b118-4c73-11ea-8f08-b88a60e194fb-1,2020-01-09T06:57:38.000Z,crmid:2975278016,6b36b118-4c73-11ea-8f08-b88a60e194fb,prd1021,CDs: 5 year,Investment,Personal,209325.28,1,USD,branchid:11071
6b379b1e-4c73-11ea-baf0-b88a60e194fb-1,2020-01-28T07:25:44.000Z,crmid:3282380066,6b379b1e-4c73-11ea-baf0-b88a60e194fb,prd1024,Mortgage: FHA,Mortgage,Personal,12603.07,1,USD,branchid:11014
6b38ab9c-4c73-11ea-aa5e-b88a60e194fb-1,2020-01-19T03:45:40.000Z,crmid:8876824513,6b38ab9c-4c73-11ea-aa5e-b88a60e194fb,prd1008,Traditional IRA,Retirement,Personal,160070.4,1,USD,branchid:11094
6b396fe6-4c73-11ea-b18c-b88a60e194fb-1,2020-01-04T15:26:02.000Z,crmid:6017519324,6b396fe6-4c73-11ea-b18c-b88a60e194fb,prd1061,Mortgage: 5/1 ARM,Mortgage,Personal,253349.35,1,USD,branchid:11049
6b3a32fe-4c73-11ea-ad76-b88a60e194fb-1,2020-01-18T17:19:19.000Z,crmid:3458672921,6b3a32fe-4c73-11ea-ad76-b88a60e194fb,prd1112,Fixed Deposit,Investment,Personal,145982.11,1,USD,branchid:11023
6ba63a7e-4c73-11ea-8105-b88a60e194fb-1,2020-01-22T00:32:28.000Z,crmid:3404939316,6ba63a7e-4c73-11ea-8105-b88a60e194fb,prd1117,Brokerage Account,Investment,Personal,163571.48,1,USD,branchid:11061
6ba724d2-4c73-11ea-8ac9-b88a60e194fb-1,2020-01-19T14:29:13.000Z,crmid:1735345898,6ba724d2-4c73-11ea-8ac9-b88a60e194fb,prd1049,Business Brokerage Account,Investment,Business,209749.95,1,USD,branchid:11140
6ba80f3e-4c73-11ea-9e8a-b88a60e194fb-1,2020-01-21T00:34:17.000Z,crmid:5502020663,6ba80f3e-4c73-11ea-9e8a-b88a60e194fb,prd1172,Employee Stock Purchase Plans,Investment,Personal,9132.35,1,USD,branchid:11036
6ba8f986-4c73-11ea-868c-b88a60e194fb-1,2020-01-18T03:23:15.000Z,crmid:4102253389,6ba8f986-4c73-11ea-868c-b88a60e194fb,prd1101,Mortgage: 5/1 ARM,Mortgage,Personal,14695.1,1,USD,branchid:11149
6ba9be24-4c73-11ea-a989-b88a60e194fb-1,2020-01-17T08:42:26.000Z,crmid:3712285816,6ba9be24-4c73-11ea-a989-b88a60e194fb,prd1179,Business Brokerage Account,Investment,Business,4240237.13,1,USD,branchid:11027
6baa815c-4c73-11ea-94f4-b88a60e194fb-1,2020-01-18T15:15:36.000Z,crmid:5787494264,6baa815c-4c73-11ea-94f4-b88a60e194fb,prd1172,Employee Stock Purchase Plans,Investment,Personal,231418.37,1,USD,branchid:11060
6bab435a-4c73-11ea-8843-b88a60e194fb-1,2020-01-31T07:47:34.000Z,crmid:9902546094,6bab435a-4c73-11ea-8843-b88a60e194fb,prd1139,Employee Stock Purchase Plans,Investment,Personal,17185.94,1,USD,branchid:11147
6bac7be4-4c73-11ea-82ee-b88a60e194fb-1,2020-01-12T01:36:39.000Z,crmid:7365604251,6bac7be4-4c73-11ea-82ee-b88a60e194fb,prd1114,CDs: 3 month,Investment,Personal,15078.38,1,USD,branchid:11075
6bad6668-4c73-11ea-85fb-b88a60e194fb-1,2020-01-11T12:32:39.000Z,crmid:3570904310,6bad6668-4c73-11ea-85fb-b88a60e194fb,prd1151,Mortgage: 10 yr Fixed,Mortgage,Personal,11532.85,1,USD,branchid:11110
6c17e7b6-4c73-11ea-9300-b88a60e194fb-1,2020-01-27T12:16:13.000Z,crmid:7273827582,6c17e7b6-4c73-11ea-9300-b88a60e194fb,prd1181,Mortgage: 5/1 ARM,Mortgage,Personal,2098432.13,1,USD,branchid:11051
6c192028-4c73-11ea-a433-b88a60e194fb-1,2020-01-18T17:31:10.000Z,crmid:4610588458,6c192028-4c73-11ea-a433-b88a60e194fb,prd1088,CDs: 1 year,Investment,Personal,216746.66,1,USD,branchid:11111
6c1a8080-4c73-11ea-813b-b88a60e194fb-1,2020-01-17T17:19:10.000Z,crmid:1174377720,6c1a8080-4c73-11ea-813b-b88a60e194fb,prd1115,Mortgage: VA,Mortgage,Personal,12502.8,1,USD,branchid:11073
6c1bdf40-4c73-11ea-9728-b88a60e194fb-1,2020-01-20T05:43:40.000Z,crmid:2772202947,6c1bdf40-4c73-11ea-9728-b88a60e194fb,prd1120,Mortgage: 10/1 ARM,Mortgage,Personal,17771.17,1,USD,branchid:11130
6c1d65de-4c73-11ea-a8d1-b88a60e194fb-1,2020-01-05T09:40:44.000Z,crmid:3584160226,6c1d65de-4c73-11ea-a8d1-b88a60e194fb,prd1115,Mortgage: VA,Mortgage,Personal,10672.98,1,USD,branchid:11073
6c1e5036-4c73-11ea-974a-b88a60e194fb-1,2020-01-13T11:36:59.000Z,crmid:3678702233,6c1e5036-4c73-11ea-974a-b88a60e194fb,prd1026,Mortgage: 5/1 ARM,Mortgage,Personal,13708.66,1,USD,branchid:11093
6c1f3c62-4c73-11ea-82ea-b88a60e194fb-1,2020-01-11T12:48:58.000Z,crmid:7852786911,6c1f3c62-4c73-11ea-82ea-b88a60e194fb,prd1111,Pension Account,Retirement,Personal,3123626.36,1,USD,branchid:11041
6c204c24-4c73-11ea-af3d-b88a60e194fb-1,2020-01-05T15:13:13.000Z,crmid:8546766095,6c204c24-4c73-11ea-af3d-b88a60e194fb,prd1013,Mortgage: FHA,Mortgage,Personal,220936.87,1,USD,branchid:11104
6c8be05a-4c73-11ea-aace-b88a60e194fb-1,2020-01-22T02:23:03.000Z,crmid:9000123466,6c8be05a-4c73-11ea-aace-b88a60e194fb,prd1131,Employee Stock Purchase Plans,Investment,Personal,183934.43,1,USD,branchid:11007
6c8cf0b8-4c73-11ea-9213-b88a60e194fb-1,2020-01-04T14:58:12.000Z,crmid:1380336511,6c8cf0b8-4c73-11ea-9213-b88a60e194fb,prd1026,Mortgage: 5/1 ARM,Mortgage,Personal,202447.23,1,USD,branchid:11083
6c8db51e-4c73-11ea-bbdb-b88a60e194fb-1,2020-01-28T11:19:08.000Z,crmid:8507000797,6c8db51e-4c73-11ea-bbdb-b88a60e194fb,prd1176,Overseas Equity Fund,Investment,Personal,132931.53,1,USD,branchid:11120
6c8e783a-4c73-11ea-b54a-b88a60e194fb-1,2020-01-03T18:34:16.000Z,crmid:6488698138,6c8e783a-4c73-11ea-b54a-b88a60e194fb,prd1033,Fixed Deposit,Investment,Personal,13336.91,1,USD,branchid:11070
6c8f62d0-4c73-11ea-adcf-b88a60e194fb-1,2020-01-07T15:53:14.000Z,crmid:1509920196,6c8f62d0-4c73-11ea-adcf-b88a60e194fb,prd1083,Pension Account,Retirement,Personal,11324.42,1,USD,branchid:11008
6c904be4-4c73-11ea-ac09-b88a60e194fb-1,2020-01-10T18:02:58.000Z,crmid:6497311629,6c904be4-4c73-11ea-ac09-b88a60e194fb,prd1008,Traditional IRA,Retirement,Personal,15010.7,1,USD,branchid:11063
6c9136e2-4c73-11ea-8406-b88a60e194fb-1,2020-01-31T02:52:12.000Z,crmid:4706517726,6c9136e2-4c73-11ea-8406-b88a60e194fb,prd1174,Traditional IRA,Retirement,Personal,14979.6,1,USD,branchid:11138
6c9220b8-4c73-11ea-8cbe-b88a60e194fb-1,2020-01-18T23:31:45.000Z,crmid:1771807952,6c9220b8-4c73-11ea-8cbe-b88a60e194fb,prd1150,Money Market,Investment,Personal,240355.73,1,USD,branchid:11101
6d06661c-4c73-11ea-8756-b88a60e194fb-1,2020-01-29T10:02:50.000Z,crmid:7388453342,6d06661c-4c73-11ea-8756-b88a60e194fb,prd1034,Home Equity Loan,Mortgage,Personal,11825.21,1,USD,branchid:11125
6d079e98-4c73-11ea-8ba2-b88a60e194fb-1,2020-01-14T19:27:02.000Z,crmid:9004572516,6d079e98-4c73-11ea-8ba2-b88a60e194fb,prd1008,Traditional IRA,Retirement,Personal,15770.35,1,USD,branchid:11059
6d0888de-4c73-11ea-a9f7-b88a60e194fb-1,2020-01-27T08:04:16.000Z,crmid:1356559282,6d0888de-4c73-11ea-a9f7-b88a60e194fb,prd1026,Mortgage: 5/1 ARM,Mortgage,Personal,165690.19,1,USD,branchid:11132
6d099a52-4c73-11ea-a262-b88a60e194fb-1,2020-01-20T23:54:32.000Z,crmid:2447740073,6d099a52-4c73-11ea-a262-b88a60e194fb,prd1045,Mortgage: 10/1 ARM,Mortgage,Personal,14415.43,1,USD,branchid:11055
6d0aabc0-4c73-11ea-a0af-b88a60e194fb-1,2020-01-30T01:20:37.000Z,crmid:3426920488,6d0aabc0-4c73-11ea-a0af-b88a60e194fb,prd1101,Mortgage: 5/1 ARM,Mortgage,Personal,277181.04,1,USD,branchid:11092
6d0be436-4c73-11ea-971a-b88a60e194fb-1,2020-01-10T00:22:45.000Z,crmid:3978578656,6d0be436-4c73-11ea-971a-b88a60e194fb,prd1062,Mortgage: VA,Mortgage,Personal,173497.73,1,USD,branchid:11036
6d0cf5a4-4c73-11ea-84e5-b88a60e194fb-1,2020-01-31T15:07:48.000Z,crmid:1393911695,6d0cf5a4-4c73-11ea-84e5-b88a60e194fb,prd1046,Mortgage: VA,Mortgage,Personal,14629.82,1,USD,branchid:11088
6d0e2e30-4c73-11ea-b93c-b88a60e194fb-1,2020-01-25T00:52:36.000Z,crmid:7814690392,6d0e2e30-4c73-11ea-b93c-b88a60e194fb,prd1186,Money Market,Investment,Personal,17881.08,1,USD,branchid:11013
6d0f189c-4c73-11ea-a8a0-b88a60e194fb-1,2020-01-05T18:14:22.000Z,crmid:7528572124,6d0f189c-4c73-11ea-a8a0-b88a60e194fb,prd1034,Home Equity Loan,Mortgage,Personal,145338.11,1,USD,branchid:11071
6d84e4a6-4c73-11ea-94c2-b88a60e194fb-1,2020-01-14T12:08:47.000Z,crmid:7737425607,6d84e4a6-4c73-11ea-94c2-b88a60e194fb,prd1159,CDs: 3 month,Investment,Personal,304569.77,1,USD,branchid:11040
6d85cf12-4c73-11ea-a667-b88a60e194fb-1,2020-01-16T00:11:32.000Z,crmid:6421084874,6d85cf12-4c73-11ea-a667-b88a60e194fb,prd1014,CDs: 3 month,Investment,Personal,220228.77,1,USD,branchid:11071
6d869264-4c73-11ea-8f37-b88a60e194fb-1,2020-01-29T08:31:31.000Z,crmid:9983372647,6d869264-4c73-11ea-8f37-b88a60e194fb,prd1035,Pension Account,Retirement,Personal,18606.62,1,USD,branchid:11005
6d87a3c6-4c73-11ea-90c1-b88a60e194fb-1,2020-01-10T05:17:09.000Z,crmid:4546886807,6d87a3c6-4c73-11ea-90c1-b88a60e194fb,prd1117,Brokerage Account,Investment,Personal,16013.1,1,USD,branchid:11130
6d88b52e-4c73-11ea-84e7-b88a60e194fb-1,2020-01-03T16:23:43.000Z,crmid:6737888854,6d88b52e-4c73-11ea-84e7-b88a60e194fb,prd1120,Mortgage: 10/1 ARM,Mortgage,Personal,14286.32,1,USD,branchid:11033
6d89c6ae-4c73-11ea-ba69-b88a60e194fb-1,2020-01-14T19:11:30.000Z,crmid:5489623073,6d89c6ae-4c73-11ea-ba69-b88a60e194fb,prd1078,Mortgage: 7/1 ARM,Mortgage,Personal,219599.18,1,USD,branchid:11123
6d8ad812-4c73-11ea-9925-b88a60e194fb-1,2020-01-31T10:04:44.000Z,crmid:3169063391,6d8ad812-4c73-11ea-9925-b88a60e194fb,prd1121,Mortgage: 30-yr Fixed,Mortgage,Personal,239134.18,1,USD,branchid:11136
6df866fa-4c73-11ea-92e4-b88a60e194fb-1,2020-01-19T04:45:30.000Z,crmid:8058467487,6df866fa-4c73-11ea-92e4-b88a60e194fb,prd1101,Mortgage: 5/1 ARM,Mortgage,Personal,13249.99,1,USD,branchid:11031
6df95146-4c73-11ea-a510-b88a60e194fb-1,2020-01-21T19:18:15.000Z,crmid:7217099894,6df95146-4c73-11ea-a510-b88a60e194fb,prd1167,Roth IRA,Retirement,Personal,202920.99,1,USD,branchid:11045
6dfa3bae-4c73-11ea-8e3d-b88a60e194fb-1,2020-01-02T08:19:44.000Z,crmid:4562646008,6dfa3bae-4c73-11ea-8e3d-b88a60e194fb,prd1154,Mortgage: 30-yr Fixed,Mortgage,Personal,229155.51,1,USD,branchid:11006
6dfb4d18-4c73-11ea-8ca1-b88a60e194fb-1,2020-01-06T14:58:53.000Z,crmid:1906417162,6dfb4d18-4c73-11ea-8ca1-b88a60e194fb,prd1179,Business Brokerage Account,Investment,Business,251071.72,1,USD,branchid:11058
6dfc377e-4c73-11ea-a942-b88a60e194fb-1,2020-01-11T11:12:27.000Z,crmid:3534465071,6dfc377e-4c73-11ea-a942-b88a60e194fb,prd1025,Brokerage Account,Investment,Personal,181997.13,1,USD,branchid:11014
6dfd21cc-4c73-11ea-b340-b88a60e194fb-1,2020-01-30T18:30:43.000Z,crmid:6129329415,6dfd21cc-4c73-11ea-b340-b88a60e194fb,prd1041,Mortgage: 7/1 ARM,Mortgage,Personal,3075105.85,1,USD,branchid:11129
6dfe334c-4c73-11ea-909f-b88a60e194fb-1,2020-01-06T16:35:09.000Z,crmid:4899696232,6dfe334c-4c73-11ea-909f-b88a60e194fb,prd1032,Home Equity Loan,Mortgage,Personal,15995.19,1,USD,branchid:11123
6dffbd0a-4c73-11ea-b464-b88a60e194fb-1,2020-01-22T12:34:32.000Z,crmid:5185718464,6dffbd0a-4c73-11ea-b464-b88a60e194fb,prd1167,Roth IRA,Retirement,Personal,11332.65,1,USD,branchid:11138
6e70cb08-4c73-11ea-9547-b88a60e194fb-1,2020-01-05T15:05:05.000Z,crmid:7930058220,6e70cb08-4c73-11ea-9547-b88a60e194fb,prd1008,Traditional IRA,Retirement,Personal,13153.14,1,USD,branchid:11135
6e729fba-4c73-11ea-bb06-b88a60e194fb-1,2020-01-04T01:41:37.000Z,crmid:7485207321,6e729fba-4c73-11ea-bb06-b88a60e194fb,prd1041,Mortgage: 7/1 ARM,Mortgage,Personal,12846.22,1,USD,branchid:11064
6e742664-4c73-11ea-9238-b88a60e194fb-1,2020-01-10T01:39:28.000Z,crmid:2735336209,6e742664-4c73-11ea-9238-b88a60e194fb,prd1056,CDs: 5 year,Investment,Personal,18002.34,1,USD,branchid:11051
6e75acfe-4c73-11ea-a559-b88a60e194fb-1,2020-01-12T03:51:26.000Z,crmid:7825556101,6e75acfe-4c73-11ea-a559-b88a60e194fb,prd1068,Mortgage: 7/1 ARM,Mortgage,Personal,171176.8,1,USD,branchid:11082
6e7733a2-4c73-11ea-8aad-b88a60e194fb-1,2020-01-15T06:19:29.000Z,crmid:9993385264,6e7733a2-4c73-11ea-8aad-b88a60e194fb,prd1157,Brokerage Account,Investment,Personal,238476.93,1,USD,branchid:11043
6e792f74-4c73-11ea-b227-b88a60e194fb-1,2020-01-01T00:12:33.000Z,crmid:1714437608,6e792f74-4c73-11ea-b227-b88a60e194fb,prd1060,Traditional IRA,Retirement,Personal,193211.16,1,USD,branchid:11072
6e7c3cb4-4c73-11ea-8c1c-b88a60e194fb-1,2020-01-12T14:25:28.000Z,crmid:5450581571,6e7c3cb4-4c73-11ea-8c1c-b88a60e194fb,prd1049,Business Brokerage Account,Investment,Business,13739.08,1,USD,branchid:11145
6eec64dc-4c73-11ea-9118-b88a60e194fb-1,2020-01-16T19:06:55.000Z,crmid:1101569515,6eec64dc-4c73-11ea-9118-b88a60e194fb,prd1150,Money Market,Investment,Personal,18204.46,1,USD,branchid:11051
6eed2808-4c73-11ea-80e3-b88a60e194fb-1,2020-01-05T16:25:55.000Z,crmid:2954275907,6eed2808-4c73-11ea-80e3-b88a60e194fb,prd1159,CDs: 3 month,Investment,Personal,16196.76,1,USD,branchid:11054
6eee1274-4c73-11ea-bf5d-b88a60e194fb-1,2020-01-07T13:07:18.000Z,crmid:3065269692,6eee1274-4c73-11ea-bf5d-b88a60e194fb,prd1042,Roth IRA,Retirement,Personal,79715.85,1,USD,branchid:11126
6eeed5c0-4c73-11ea-a077-b88a60e194fb-1,2020-01-14T00:44:17.000Z,crmid:8199789266,6eeed5c0-4c73-11ea-a077-b88a60e194fb,prd1083,Pension Account,Retirement,Personal,154431.24,1,USD,branchid:11073
6eef98fe-4c73-11ea-ba65-b88a60e194fb-1,2020-01-11T19:34:53.000Z,crmid:5313291757,6eef98fe-4c73-11ea-ba65-b88a60e194fb,prd1028,CDs: 1 year,Investment,Personal,235673.48,1,USD,branchid:11001
6ef08378-4c73-11ea-9383-b88a60e194fb-1,2020-01-05T22:04:29.000Z,crmid:7723916004,6ef08378-4c73-11ea-9383-b88a60e194fb,prd1108,401k,Retirement,Personal,11415.34,1,USD,branchid:11148
6ef19374-4c73-11ea-b6b6-b88a60e194fb-1,2020-01-09T14:36:33.000Z,crmid:8628539381,6ef19374-4c73-11ea-b6b6-b88a60e194fb,prd1176,Overseas Equity Fund,Investment,Personal,193684.58,1,USD,branchid:11120
6ef2a4f4-4c73-11ea-a54c-b88a60e194fb-1,2020-01-13T10:17:54.000Z,crmid:1664296880,6ef2a4f4-4c73-11ea-a54c-b88a60e194fb,prd1185,Mortgage: FHA,Mortgage,Personal,10415.69,1,USD,branchid:11131
6f5eae76-4c73-11ea-addf-b88a60e194fb-1,2020-01-11T15:03:20.000Z,crmid:9900223703,6f5eae76-4c73-11ea-addf-b88a60e194fb,prd1184,Fixed Deposit,Investment,Personal,10108.04,1,USD,branchid:11067
6f5f98c6-4c73-11ea-8b1a-b88a60e194fb-1,2020-01-31T22:03:52.000Z,crmid:9115446347,6f5f98c6-4c73-11ea-8b1a-b88a60e194fb,prd1034,Home Equity Loan,Mortgage,Personal,16855.78,1,USD,branchid:11019
6f605be6-4c73-11ea-9084-b88a60e194fb-1,2020-01-05T01:44:43.000Z,crmid:3506141752,6f605be6-4c73-11ea-9084-b88a60e194fb,prd1045,Mortgage: 10/1 ARM,Mortgage,Personal,17976.58,1,USD,branchid:11100
6f614548-4c73-11ea-9585-b88a60e194fb-1,2020-01-23T07:17:52.000Z,crmid:9722551247,6f614548-4c73-11ea-9585-b88a60e194fb,prd1176,Overseas Equity Fund,Investment,Personal,3740121.64,1,USD,branchid:11066
6f6256c0-4c73-11ea-b876-b88a60e194fb-1,2020-01-18T11:45:10.000Z,crmid:8374989869,6f6256c0-4c73-11ea-b876-b88a60e194fb,prd1159,CDs: 3 month,Investment,Personal,3785718.53,1,USD,branchid:11018
6f634102-4c73-11ea-8120-b88a60e194fb-1,2020-01-26T00:54:18.000Z,crmid:5457122439,6f634102-4c73-11ea-8120-b88a60e194fb,prd1155,CDs: 5 year,Investment,Personal,2830281.25,1,USD,branchid:11146
6f642b74-4c73-11ea-9980-b88a60e194fb-1,2020-01-05T20:08:41.000Z,crmid:3772384470,6f642b74-4c73-11ea-9980-b88a60e194fb,prd1101,Mortgage: 5/1 ARM,Mortgage,Personal,148553.41,1,USD,branchid:11105
6f653dde-4c73-11ea-948e-b88a60e194fb-1,2020-01-21T16:39:19.000Z,crmid:6457376892,6f653dde-4c73-11ea-948e-b88a60e194fb,prd1111,Pension Account,Retirement,Personal,3295630.0,1,USD,branchid:11150
6fcb798c-4c73-11ea-a52c-b88a60e194fb-1,2020-01-02T07:22:38.000Z,crmid:6753386187,6fcb798c-4c73-11ea-a52c-b88a60e194fb,prd1120,Mortgage: 10/1 ARM,Mortgage,Personal,14127.99,1,USD,branchid:11049
6fcc642e-4c73-11ea-bc55-b88a60e194fb-1,2020-01-11T16:00:01.000Z,crmid:4225172051,6fcc642e-4c73-11ea-bc55-b88a60e194fb,prd1024,Mortgage: FHA,Mortgage,Personal,117725.29,1,USD,branchid:11066
6fcd4d70-4c73-11ea-b8cf-b88a60e194fb-1,2020-01-02T01:48:36.000Z,crmid:8785837595,6fcd4d70-4c73-11ea-b8cf-b88a60e194fb,prd1174,Traditional IRA,Retirement,Personal,87645.42,1,USD,branchid:11089
6fce37c0-4c73-11ea-a85b-b88a60e194fb-1,2020-01-21T15:40:13.000Z,crmid:5154322235,6fce37c0-4c73-11ea-a85b-b88a60e194fb,prd1176,Overseas Equity Fund,Investment,Personal,14391.32,1,USD,branchid:11106
6fcf4926-4c73-11ea-b229-b88a60e194fb-1,2020-01-29T06:14:10.000Z,crmid:5302663139,6fcf4926-4c73-11ea-b229-b88a60e194fb,prd1183,Fixed Deposit,Investment,Personal,219584.84,1,USD,branchid:11040
6fd05b4c-4c73-11ea-9a76-b88a60e194fb-1,2020-01-19T04:10:44.000Z,crmid:2811401478,6fd05b4c-4c73-11ea-9a76-b88a60e194fb,prd1087,Overseas Equity Fund,Investment,Personal,206016.71,1,USD,branchid:11106
6fd11f24-4c73-11ea-a8c0-b88a60e194fb-1,2020-01-18T17:54:18.000Z,crmid:5643954734,6fd11f24-4c73-11ea-a8c0-b88a60e194fb,prd1049,Business Brokerage Account,Investment,Business,13505.04,1,USD,branchid:11147
6fd1e26e-4c73-11ea-bf9e-b88a60e194fb-1,2020-01-27T05:08:06.000Z,crmid:5408615445,6fd1e26e-4c73-11ea-bf9e-b88a60e194fb,prd1182,Brokerage Account,Investment,Personal,14459.2,1,USD,branchid:11070
6fd319b6-4c73-11ea-bb5b-b88a60e194fb-1,2020-01-08T03:01:53.000Z,crmid:2109776114,6fd319b6-4c73-11ea-bb5b-b88a60e194fb,prd1183,Fixed Deposit,Investment,Personal,285908.61,1,USD,branchid:11054
703cd7b8-4c73-11ea-9ec6-b88a60e194fb-1,2020-01-01T17:42:47.000Z,crmid:7418302556,703cd7b8-4c73-11ea-9ec6-b88a60e194fb,prd1077,Roth IRA,Retirement,Personal,14921.08,1,USD,branchid:11056
703dc3be-4c73-11ea-803d-b88a60e194fb-1,2020-01-03T16:52:33.000Z,crmid:1734106201,703dc3be-4c73-11ea-803d-b88a60e194fb,prd1111,Pension Account,Retirement,Personal,244123.19,1,USD,branchid:11013
703eaccc-4c73-11ea-ba43-b88a60e194fb-1,2020-01-06T19:40:24.000Z,crmid:6244201830,703eaccc-4c73-11ea-ba43-b88a60e194fb,prd1032,Home Equity Loan,Mortgage,Personal,11328.86,1,USD,branchid:11000
703f714c-4c73-11ea-a334-b88a60e194fb-1,2020-01-29T16:28:43.000Z,crmid:4571602881,703f714c-4c73-11ea-a334-b88a60e194fb,prd1077,Roth IRA,Retirement,Personal,13909.56,1,USD,branchid:11115
704034a4-4c73-11ea-b3d3-b88a60e194fb-1,2020-01-28T03:35:24.000Z,crmid:4845636595,704034a4-4c73-11ea-b3d3-b88a60e194fb,prd1053,Mortgage: VA,Mortgage,Personal,15854.34,1,USD,branchid:11116
704145ec-4c73-11ea-a71c-b88a60e194fb-1,2020-01-05T18:32:39.000Z,crmid:5897822245,704145ec-4c73-11ea-a71c-b88a60e194fb,prd1037,Home Equity Loan,Mortgage,Personal,17746.74,1,USD,branchid:11112
704255f8-4c73-11ea-bab8-b88a60e194fb-1,2020-01-16T19:29:48.000Z,crmid:5193839252,704255f8-4c73-11ea-bab8-b88a60e194fb,prd1014,CDs: 3 month,Investment,Personal,16155.56,1,USD,branchid:11124
70ae5f14-4c73-11ea-a6e6-b88a60e194fb-1,2020-01-24T06:01:58.000Z,crmid:4054334614,70ae5f14-4c73-11ea-a6e6-b88a60e194fb,prd1144,Home Equity Loan,Mortgage,Personal,16519.9,1,USD,branchid:11054
70af4992-4c73-11ea-b956-b88a60e194fb-1,2020-01-07T16:42:26.000Z,crmid:7484695399,70af4992-4c73-11ea-b956-b88a60e194fb,prd1131,Employee Stock Purchase Plans,Investment,Personal,16800.57,1,USD,branchid:11017
70b00cd8-4c73-11ea-8a2d-b88a60e194fb-1,2020-01-10T10:41:53.000Z,crmid:9913697856,70b00cd8-4c73-11ea-8a2d-b88a60e194fb,prd1155,CDs: 5 year,Investment,Personal,11889.72,1,USD,branchid:11128
70b1443e-4c73-11ea-bb9d-b88a60e194fb-1,2020-01-13T15:05:56.000Z,crmid:4455922355,70b1443e-4c73-11ea-bb9d-b88a60e194fb,prd1175,401k,Retirement,Personal,129576.62,1,USD,branchid:11086
70b22e8c-4c73-11ea-a477-b88a60e194fb-1,2020-01-17T10:06:59.000Z,crmid:1853997147,70b22e8c-4c73-11ea-a477-b88a60e194fb,prd1121,Mortgage: 30-yr Fixed,Mortgage,Personal,3784492.46,1,USD,branchid:11051
70b2f3a8-4c73-11ea-937f-b88a60e194fb-1,2020-01-09T06:56:21.000Z,crmid:9090488728,70b2f3a8-4c73-11ea-937f-b88a60e194fb,prd1047,Mortgage: 10 yr Fixed,Mortgage,Personal,15362.86,1,USD,branchid:11135
70b4040c-4c73-11ea-ac15-b88a60e194fb-1,2020-01-28T12:26:21.000Z,crmid:8735992685,70b4040c-4c73-11ea-ac15-b88a60e194fb,prd1008,Traditional IRA,Retirement,Personal,17573.54,1,USD,branchid:11013
70b4ee9a-4c73-11ea-b822-b88a60e194fb-1,2020-01-12T15:32:16.000Z,crmid:3574813600,70b4ee9a-4c73-11ea-b822-b88a60e194fb,prd1033,Fixed Deposit,Investment,Personal,264391.06,1,USD,branchid:11093
712059c0-4c73-11ea-a14f-b88a60e194fb-1,2020-01-04T11:54:01.000Z,crmid:5806746309,712059c0-4c73-11ea-a14f-b88a60e194fb,prd1176,Overseas Equity Fund,Investment,Personal,12639.44,1,USD,branchid:11034
71216b0a-4c73-11ea-af2c-b88a60e194fb-1,2020-01-22T02:07:05.000Z,crmid:7120230125,71216b0a-4c73-11ea-af2c-b88a60e194fb,prd1079,Mortgage: 30-yr Fixed,Mortgage,Personal,9232.88,1,USD,branchid:11055
71225578-4c73-11ea-b5d1-b88a60e194fb-1,2020-01-16T01:40:11.000Z,crmid:2378672661,71225578-4c73-11ea-b5d1-b88a60e194fb,prd1185,Mortgage: FHA,Mortgage,Personal,184149.95,1,USD,branchid:11031
7123671c-4c73-11ea-9e66-b88a60e194fb-1,2020-01-12T22:53:44.000Z,crmid:9848278233,7123671c-4c73-11ea-9e66-b88a60e194fb,prd1053,Mortgage: VA,Mortgage,Personal,16953.9,1,USD,branchid:11025
71245268-4c73-11ea-a693-b88a60e194fb-1,2020-01-03T06:47:18.000Z,crmid:6303021242,71245268-4c73-11ea-a693-b88a60e194fb,prd1185,Mortgage: FHA,Mortgage,Personal,17106.67,1,USD,branchid:11116
7125149a-4c73-11ea-835f-b88a60e194fb-1,2020-01-05T18:00:17.000Z,crmid:1546693487,7125149a-4c73-11ea-835f-b88a60e194fb,prd1154,Mortgage: 30-yr Fixed,Mortgage,Personal,16456.38,1,USD,branchid:11079
7126002e-4c73-11ea-98ee-b88a60e194fb-1,2020-01-14T08:18:21.000Z,crmid:5429023799,7126002e-4c73-11ea-98ee-b88a60e194fb,prd1047,Mortgage: 10 yr Fixed,Mortgage,Personal,14428.93,1,USD,branchid:11103
7126c348-4c73-11ea-a2fb-b88a60e194fb-1,2020-01-19T00:11:18.000Z,crmid:2150905195,7126c348-4c73-11ea-a2fb-b88a60e194fb,prd1155,CDs: 5 year,Investment,Personal,4692044.85,1,USD,branchid:11098
7127fac0-4c73-11ea-a342-b88a60e194fb-1,2020-01-27T01:30:05.000Z,crmid:8932162007,7127fac0-4c73-11ea-a342-b88a60e194fb,prd1181,Mortgage: 5/1 ARM,Mortgage,Personal,13323.3,1,USD,branchid:11003
71973868-4c73-11ea-a87b-b88a60e194fb-1,2020-01-06T04:12:17.000Z,crmid:2160866469,71973868-4c73-11ea-a87b-b88a60e194fb,prd1181,Mortgage: 5/1 ARM,Mortgage,Personal,10873.52,1,USD,branchid:11106
71984898-4c73-11ea-bfe6-b88a60e194fb-1,2020-01-04T20:54:42.000Z,crmid:1473083581,71984898-4c73-11ea-bfe6-b88a60e194fb,prd1064,CDs: 3 month,Investment,Personal,16838.77,1,USD,branchid:11050
719932fe-4c73-11ea-aa86-b88a60e194fb-1,2020-01-31T22:12:04.000Z,crmid:9447891644,719932fe-4c73-11ea-aa86-b88a60e194fb,prd1172,Employee Stock Purchase Plans,Investment,Personal,217918.28,1,USD,branchid:11006
719a44ba-4c73-11ea-ab3c-b88a60e194fb-1,2020-01-23T02:14:09.000Z,crmid:9155159382,719a44ba-4c73-11ea-ab3c-b88a60e194fb,prd1030,401k,Retirement,Personal,120526.5,1,USD,branchid:11022
719b2ffa-4c73-11ea-b96b-b88a60e194fb-1,2020-01-25T16:42:20.000Z,crmid:3705158109,719b2ffa-4c73-11ea-b96b-b88a60e194fb,prd1144,Home Equity Loan,Mortgage,Personal,92458.87,1,USD,branchid:11084
719bf374-4c73-11ea-b05f-b88a60e194fb-1,2020-01-27T08:54:34.000Z,crmid:8439367884,719bf374-4c73-11ea-b05f-b88a60e194fb,prd1150,Money Market,Investment,Personal,17358.14,1,USD,branchid:11051
719d052e-4c73-11ea-ae1f-b88a60e194fb-1,2020-01-28T08:10:46.000Z,crmid:1463872027,719d052e-4c73-11ea-ae1f-b88a60e194fb,prd1008,Traditional IRA,Retirement,Personal,14978.33,1,USD,branchid:11040
719e150c-4c73-11ea-984b-b88a60e194fb-1,2020-01-21T12:07:49.000Z,crmid:1634076961,719e150c-4c73-11ea-984b-b88a60e194fb,prd1079,Mortgage: 30-yr Fixed,Mortgage,Personal,3498343.81,1,USD,branchid:11005
7205895c-4c73-11ea-945b-b88a60e194fb-1,2020-01-19T18:27:17.000Z,crmid:1438053541,7205895c-4c73-11ea-945b-b88a60e194fb,prd1182,Brokerage Account,Investment,Personal,4442874.35,1,USD,branchid:11076
720674a4-4c73-11ea-ba13-b88a60e194fb-1,2020-01-06T11:43:46.000Z,crmid:5896341568,720674a4-4c73-11ea-ba13-b88a60e194fb,prd1061,Mortgage: 5/1 ARM,Mortgage,Personal,118038.04,1,USD,branchid:11036
72075f12-4c73-11ea-9afc-b88a60e194fb-1,2020-01-31T23:17:30.000Z,crmid:1304158044,72075f12-4c73-11ea-9afc-b88a60e194fb,prd1045,Mortgage: 10/1 ARM,Mortgage,Personal,13430.46,1,USD,branchid:11045
7208224a-4c73-11ea-8013-b88a60e194fb-1,2020-01-26T00:17:40.000Z,crmid:5522315782,7208224a-4c73-11ea-8013-b88a60e194fb,prd1008,Traditional IRA,Retirement,Personal,14913.03,1,USD,branchid:11037
7208e59c-4c73-11ea-bbf1-b88a60e194fb-1,2020-01-25T04:28:36.000Z,crmid:2245530442,7208e59c-4c73-11ea-bbf1-b88a60e194fb,prd1026,Mortgage: 5/1 ARM,Mortgage,Personal,16571.19,1,USD,branchid:11007
7209f702-4c73-11ea-8b6e-b88a60e194fb-1,2020-01-21T15:35:16.000Z,crmid:7795317888,7209f702-4c73-11ea-8b6e-b88a60e194fb,prd1064,CDs: 3 month,Investment,Personal,12118.45,1,USD,branchid:11131
720abaa8-4c73-11ea-bb50-b88a60e194fb-1,2020-01-16T07:45:45.000Z,crmid:8420425660,720abaa8-4c73-11ea-bb50-b88a60e194fb,prd1024,Mortgage: FHA,Mortgage,Personal,16655.43,1,USD,branchid:11095
720b7ddc-4c73-11ea-bb04-b88a60e194fb-1,2020-01-09T04:03:03.000Z,crmid:2188557460,720b7ddc-4c73-11ea-bb04-b88a60e194fb,prd1174,Traditional IRA,Retirement,Personal,13645.2,1,USD,branchid:11006
720c8e24-4c73-11ea-9d88-b88a60e194fb-1,2020-01-21T22:56:59.000Z,crmid:3121829969,720c8e24-4c73-11ea-9d88-b88a60e194fb,prd1155,CDs: 5 year,Investment,Personal,16568.23,1,USD,branchid:11136
7279f724-4c73-11ea-a40b-b88a60e194fb-1,2020-01-24T08:21:44.000Z,crmid:1880187278,7279f724-4c73-11ea-a40b-b88a60e194fb,prd1035,Pension Account,Retirement,Personal,220474.81,1,USD,branchid:11042
727adffe-4c73-11ea-b4e6-b88a60e194fb-1,2020-01-01T00:45:27.000Z,crmid:4532631694,727adffe-4c73-11ea-b4e6-b88a60e194fb,prd1087,Overseas Equity Fund,Investment,Personal,13713.47,1,USD,branchid:11092
727bca68-4c73-11ea-aacc-b88a60e194fb-1,2020-01-29T18:19:49.000Z,crmid:2389534839,727bca68-4c73-11ea-aacc-b88a60e194fb,prd1030,401k,Retirement,Personal,18365.47,1,USD,branchid:11082
727cb508-4c73-11ea-af24-b88a60e194fb-1,2020-01-16T02:59:59.000Z,crmid:6261618095,727cb508-4c73-11ea-af24-b88a60e194fb,prd1167,Roth IRA,Retirement,Personal,17491.4,1,USD,branchid:11069
727d9f36-4c73-11ea-a31b-b88a60e194fb-1,2020-01-13T21:53:22.000Z,crmid:3735574321,727d9f36-4c73-11ea-a31b-b88a60e194fb,prd1088,CDs: 1 year,Investment,Personal,134625.35,1,USD,branchid:11127
727e89ae-4c73-11ea-acab-b88a60e194fb-1,2020-01-14T16:56:22.000Z,crmid:3376700205,727e89ae-4c73-11ea-acab-b88a60e194fb,prd1108,401k,Retirement,Personal,312273.45,1,USD,branchid:11109
727f4e3e-4c73-11ea-97c2-b88a60e194fb-1,2020-01-14T10:43:43.000Z,crmid:6535177649,727f4e3e-4c73-11ea-97c2-b88a60e194fb,prd1110,Traditional IRA,Retirement,Personal,17298.31,1,USD,branchid:11057
728038a6-4c73-11ea-af0f-b88a60e194fb-1,2020-01-28T07:59:11.000Z,crmid:6078605526,728038a6-4c73-11ea-af0f-b88a60e194fb,prd1049,Business Brokerage Account,Investment,Business,17940.03,1,USD,branchid:11111
72f036ee-4c73-11ea-a6cd-b88a60e194fb-1,2020-01-27T01:21:45.000Z,crmid:3129021051,72f036ee-4c73-11ea-a6cd-b88a60e194fb,prd1123,Mortgage: 10 yr Fixed,Mortgage,Personal,196907.28,1,USD,branchid:11143
72f12148-4c73-11ea-9314-b88a60e194fb-1,2020-01-19T02:17:11.000Z,crmid:7643793397,72f12148-4c73-11ea-9314-b88a60e194fb,prd1173,Money Market,Investment,Personal,184708.93,1,USD,branchid:11095
72f20bf0-4c73-11ea-87ac-b88a60e194fb-1,2020-01-04T15:26:27.000Z,crmid:1925902230,72f20bf0-4c73-11ea-87ac-b88a60e194fb,prd1013,Mortgage: FHA,Mortgage,Personal,12719.4,1,USD,branchid:11037
72f2d05c-4c73-11ea-b541-b88a60e194fb-1,2020-01-11T21:01:13.000Z,crmid:1911287053,72f2d05c-4c73-11ea-b541-b88a60e194fb,prd1088,CDs: 1 year,Investment,Personal,219547.98,1,USD,branchid:11139
72f39280-4c73-11ea-9cfd-b88a60e194fb-1,2020-01-27T06:01:30.000Z,crmid:5135477839,72f39280-4c73-11ea-9cfd-b88a60e194fb,prd1120,Mortgage: 10/1 ARM,Mortgage,Personal,3772373.98,1,USD,branchid:11057
72f4a3da-4c73-11ea-b25b-b88a60e194fb-1,2020-01-23T15:12:52.000Z,crmid:3909455235,72f4a3da-4c73-11ea-b25b-b88a60e194fb,prd1035,Pension Account,Retirement,Personal,13095.89,1,USD,branchid:11143
72f5b538-4c73-11ea-a577-b88a60e194fb-1,2020-01-05T02:50:45.000Z,crmid:3817515011,72f5b538-4c73-11ea-a577-b88a60e194fb,prd1121,Mortgage: 30-yr Fixed,Mortgage,Personal,238192.44,1,USD,branchid:11120
72f69f92-4c73-11ea-afa4-b88a60e194fb-1,2020-01-09T14:03:07.000Z,crmid:5933637340,72f69f92-4c73-11ea-afa4-b88a60e194fb,prd1117,Brokerage Account,Investment,Personal,4445366.15,1,USD,branchid:11094
7367640a-4c73-11ea-ae30-b88a60e194fb-1,2020-01-16T15:29:46.000Z,crmid:1525772469,7367640a-4c73-11ea-ae30-b88a60e194fb,prd1110,Traditional IRA,Retirement,Personal,3121708.69,1,USD,branchid:11109
73684e86-4c73-11ea-9f9e-b88a60e194fb-1,2020-01-25T14:43:32.000Z,crmid:1333980435,73684e86-4c73-11ea-9f9e-b88a60e194fb,prd1165,Roth IRA,Retirement,Personal,17519.19,1,USD,branchid:11076
73693876-4c73-11ea-9797-b88a60e194fb-1,2020-01-23T20:25:59.000Z,crmid:5282948889,73693876-4c73-11ea-9797-b88a60e194fb,prd1008,Traditional IRA,Retirement,Personal,13763.85,1,USD,branchid:11138
7369fc24-4c73-11ea-b4a6-b88a60e194fb-1,2020-01-18T23:12:46.000Z,crmid:9582313572,7369fc24-4c73-11ea-b4a6-b88a60e194fb,prd1172,Employee Stock Purchase Plans,Investment,Personal,14098.66,1,USD,branchid:11139
736abdfe-4c73-11ea-97b1-b88a60e194fb-1,2020-01-11T02:24:34.000Z,crmid:1693372563,736abdfe-4c73-11ea-97b1-b88a60e194fb,prd1165,Roth IRA,Retirement,Personal,2920722.22,1,USD,branchid:11081
736b829e-4c73-11ea-b71a-b88a60e194fb-1,2020-01-25T05:24:35.000Z,crmid:9140304427,736b829e-4c73-11ea-b71a-b88a60e194fb,prd1120,Mortgage: 10/1 ARM,Mortgage,Personal,16587.52,1,USD,branchid:11046
736c6bd0-4c73-11ea-ab88-b88a60e194fb-1,2020-01-20T21:49:06.000Z,crmid:5013336137,736c6bd0-4c73-11ea-ab88-b88a60e194fb,prd1108,401k,Retirement,Personal,9503.76,1,USD,branchid:11146
736d7d24-4c73-11ea-8901-b88a60e194fb-1,2020-01-21T07:37:03.000Z,crmid:7601664487,736d7d24-4c73-11ea-8901-b88a60e194fb,prd1027,Mortgage: 30-yr Fixed,Mortgage,Personal,16027.29,1,USD,branchid:11023
73d3e154-4c73-11ea-a8f0-b88a60e194fb-1,2020-01-04T02:07:31.000Z,crmid:9024594145,73d3e154-4c73-11ea-a8f0-b88a60e194fb,prd1185,Mortgage: FHA,Mortgage,Personal,175147.65,1,USD,branchid:11025
73d4f138-4c73-11ea-b85a-b88a60e194fb-1,2020-01-16T02:01:28.000Z,crmid:3918928177,73d4f138-4c73-11ea-b85a-b88a60e194fb,prd1097,Employee Stock Purchase Plans,Investment,Personal,13544.05,1,USD,branchid:11071
73d5dcd4-4c73-11ea-8ca4-b88a60e194fb-1,2020-01-11T02:03:34.000Z,crmid:2527476699,73d5dcd4-4c73-11ea-8ca4-b88a60e194fb,prd1088,CDs: 1 year,Investment,Personal,203836.72,1,USD,branchid:11137
73d6a074-4c73-11ea-bf02-b88a60e194fb-1,2020-01-20T08:46:09.000Z,crmid:4600923846,73d6a074-4c73-11ea-bf02-b88a60e194fb,prd1056,CDs: 5 year,Investment,Personal,230745.08,1,USD,branchid:11085
73d763ac-4c73-11ea-91eb-b88a60e194fb-1,2020-01-15T18:53:30.000Z,crmid:9268411282,73d763ac-4c73-11ea-91eb-b88a60e194fb,prd1115,Mortgage: VA,Mortgage,Personal,265382.69,1,USD,branchid:11089
73d84cd2-4c73-11ea-a57f-b88a60e194fb-1,2020-01-02T05:24:13.000Z,crmid:5327280457,73d84cd2-4c73-11ea-a57f-b88a60e194fb,prd1042,Roth IRA,Retirement,Personal,161741.16,1,USD,branchid:11041
73d98568-4c73-11ea-9ccf-b88a60e194fb-1,2020-01-25T00:18:31.000Z,crmid:4521603094,73d98568-4c73-11ea-9ccf-b88a60e194fb,prd1035,Pension Account,Retirement,Personal,13359.22,1,USD,branchid:11047
73db32e8-4c73-11ea-beb5-b88a60e194fb-1,2020-01-10T17:32:11.000Z,crmid:6774666917,73db32e8-4c73-11ea-beb5-b88a60e194fb,prd1111,Pension Account,Retirement,Personal,14280.21,1,USD,branchid:11150
744e4014-4c73-11ea-a75d-b88a60e194fb-1,2020-01-21T19:31:13.000Z,crmid:4953746062,744e4014-4c73-11ea-a75d-b88a60e194fb,prd1060,Traditional IRA,Retirement,Personal,3672229.92,1,USD,branchid:11147
744f2b9c-4c73-11ea-b461-b88a60e194fb-1,2020-01-10T21:51:42.000Z,crmid:2567709195,744f2b9c-4c73-11ea-b461-b88a60e194fb,prd1077,Roth IRA,Retirement,Personal,20455.52,1,USD,branchid:11140
744fedb6-4c73-11ea-b05b-b88a60e194fb-1,2020-01-05T21:19:37.000Z,crmid:4381482703,744fedb6-4c73-11ea-b05b-b88a60e194fb,prd1179,Business Brokerage Account,Investment,Business,108871.93,1,USD,branchid:11123
7450b0ca-4c73-11ea-88a3-b88a60e194fb-1,2020-01-06T22:20:41.000Z,crmid:3795106268,7450b0ca-4c73-11ea-88a3-b88a60e194fb,prd1176,Overseas Equity Fund,Investment,Personal,24858.55,1,USD,branchid:11063
7451c2a8-4c73-11ea-89bc-b88a60e194fb-1,2020-01-25T12:40:13.000Z,crmid:7365253431,7451c2a8-4c73-11ea-89bc-b88a60e194fb,prd1181,Mortgage: 5/1 ARM,Mortgage,Personal,209363.77,1,USD,branchid:11142
7452acba-4c73-11ea-8a6d-b88a60e194fb-1,2020-01-13T07:38:26.000Z,crmid:4778400880,7452acba-4c73-11ea-8a6d-b88a60e194fb,prd1165,Roth IRA,Retirement,Personal,12787.68,1,USD,branchid:11038
74540c34-4c73-11ea-a1a0-b88a60e194fb-1,2020-01-09T06:38:28.000Z,crmid:7534076706,74540c34-4c73-11ea-a1a0-b88a60e194fb,prd1060,Traditional IRA,Retirement,Personal,15899.6,1,USD,branchid:11120
7454d0de-4c73-11ea-9fb7-b88a60e194fb-1,2020-01-08T21:59:01.000Z,crmid:5800801839,7454d0de-4c73-11ea-9fb7-b88a60e194fb,prd1153,CDs: 1 year,Investment,Personal,9971.71,1,USD,branchid:11001
7455942e-4c73-11ea-9cf9-b88a60e194fb-1,2020-01-14T02:59:14.000Z,crmid:3167849691,7455942e-4c73-11ea-9cf9-b88a60e194fb,prd1021,CDs: 5 year,Investment,Personal,5535763.05,1,USD,branchid:11080
74bfc754-4c73-11ea-9127-b88a60e194fb-1,2020-01-26T23:42:22.000Z,crmid:9510142149,74bfc754-4c73-11ea-9127-b88a60e194fb,prd1189,Overseas Equity Fund,Investment,Personal,16906.39,1,USD,branchid:11085
74c0b1a8-4c73-11ea-8e40-b88a60e194fb-1,2020-01-10T23:29:02.000Z,crmid:5932318865,74c0b1a8-4c73-11ea-8e40-b88a60e194fb,prd1078,Mortgage: 7/1 ARM,Mortgage,Personal,15013.19,1,USD,branchid:11041
74c19bfa-4c73-11ea-82a7-b88a60e194fb-1,2020-01-24T21:21:53.000Z,crmid:8132434967,74c19bfa-4c73-11ea-82a7-b88a60e194fb,prd1176,Overseas Equity Fund,Investment,Personal,14111.21,1,USD,branchid:11013
74c2855a-4c73-11ea-88a6-b88a60e194fb-1,2020-01-09T18:06:31.000Z,crmid:9012777589,74c2855a-4c73-11ea-88a6-b88a60e194fb,prd1068,Mortgage: 7/1 ARM,Mortgage,Personal,14109.84,1,USD,branchid:11089
74c36fc8-4c73-11ea-adb2-b88a60e194fb-1,2020-01-20T07:04:22.000Z,crmid:7950880510,74c36fc8-4c73-11ea-adb2-b88a60e194fb,prd1131,Employee Stock Purchase Plans,Investment,Personal,13493.81,1,USD,branchid:11082
74c45a14-4c73-11ea-8c47-b88a60e194fb-1,2020-01-12T01:39:16.000Z,crmid:1548883267,74c45a14-4c73-11ea-8c47-b88a60e194fb,prd1150,Money Market,Investment,Personal,2753129.85,1,USD,branchid:11144
74c5448a-4c73-11ea-8fd7-b88a60e194fb-1,2020-01-01T18:50:01.000Z,crmid:4634457931,74c5448a-4c73-11ea-8fd7-b88a60e194fb,prd1154,Mortgage: 30-yr Fixed,Mortgage,Personal,249671.89,1,USD,branchid:11112
74c6573e-4c73-11ea-b48b-b88a60e194fb-1,2020-01-02T18:27:37.000Z,crmid:1030923302,74c6573e-4c73-11ea-b48b-b88a60e194fb,prd1115,Mortgage: VA,Mortgage,Personal,234047.0,1,USD,branchid:11137
7532ac06-4c73-11ea-bc7f-b88a60e194fb-1,2020-01-15T12:55:12.000Z,crmid:8966289930,7532ac06-4c73-11ea-bc7f-b88a60e194fb,prd1024,Mortgage: FHA,Mortgage,Personal,14863.18,1,USD,branchid:11148
7533e4ae-4c73-11ea-91b0-b88a60e194fb-1,2020-01-28T02:19:38.000Z,crmid:2952144166,7533e4ae-4c73-11ea-91b0-b88a60e194fb,prd1183,Fixed Deposit,Investment,Personal,173795.25,1,USD,branchid:11039
75351e14-4c73-11ea-8f56-b88a60e194fb-1,2020-01-21T10:50:39.000Z,crmid:6138630023,75351e14-4c73-11ea-8f56-b88a60e194fb,prd1045,Mortgage: 10/1 ARM,Mortgage,Personal,20289.26,1,USD,branchid:11025
75365710-4c73-11ea-86af-b88a60e194fb-1,2020-01-07T16:29:21.000Z,crmid:7060455073,75365710-4c73-11ea-86af-b88a60e194fb,prd1053,Mortgage: VA,Mortgage,Personal,12571.5,1,USD,branchid:11093
7537672e-4c73-11ea-9e27-b88a60e194fb-1,2020-01-07T12:18:27.000Z,crmid:2720826440,7537672e-4c73-11ea-9e27-b88a60e194fb,prd1077,Roth IRA,Retirement,Personal,16544.67,1,USD,branchid:11069
7538788c-4c73-11ea-ba10-b88a60e194fb-1,2020-01-13T15:34:55.000Z,crmid:1870527308,7538788c-4c73-11ea-ba10-b88a60e194fb,prd1153,CDs: 1 year,Investment,Personal,18545.52,1,USD,branchid:11049
75393d26-4c73-11ea-b866-b88a60e194fb-1,2020-01-01T22:31:54.000Z,crmid:2019046736,75393d26-4c73-11ea-b866-b88a60e194fb,prd1155,CDs: 5 year,Investment,Personal,270358.2,1,USD,branchid:11138
753a2614-4c73-11ea-b974-b88a60e194fb-1,2020-01-18T01:29:27.000Z,crmid:9782310522,753a2614-4c73-11ea-b974-b88a60e194fb,prd1185,Mortgage: FHA,Mortgage,Personal,14262.7,1,USD,branchid:11132
75a432ae-4c73-11ea-9967-b88a60e194fb-1,2020-01-22T20:27:35.000Z,crmid:2571038039,75a432ae-4c73-11ea-9967-b88a60e194fb,prd1042,Roth IRA,Retirement,Personal,168526.02,1,USD,branchid:11030
75a56af4-4c73-11ea-9adc-b88a60e194fb-1,2020-01-11T13:29:26.000Z,crmid:7442010390,75a56af4-4c73-11ea-9adc-b88a60e194fb,prd1131,Employee Stock Purchase Plans,Investment,Personal,16697.53,1,USD,branchid:11110
75a65540-4c73-11ea-9ca9-b88a60e194fb-1,2020-01-20T09:16:01.000Z,crmid:3600829152,75a65540-4c73-11ea-9ca9-b88a60e194fb,prd1174,Traditional IRA,Retirement,Personal,15357.87,1,USD,branchid:11012
75a7dbfe-4c73-11ea-bfad-b88a60e194fb-1,2020-01-04T22:36:24.000Z,crmid:6363652766,75a7dbfe-4c73-11ea-bfad-b88a60e194fb,prd1079,Mortgage: 30-yr Fixed,Mortgage,Personal,15166.98,1,USD,branchid:11079
75a93c08-4c73-11ea-999b-b88a60e194fb-1,2020-01-01T10:37:20.000Z,crmid:9477214334,75a93c08-4c73-11ea-999b-b88a60e194fb,prd1175,401k,Retirement,Personal,218916.0,1,USD,branchid:11018
75aa0006-4c73-11ea-915f-b88a60e194fb-1,2020-01-13T07:51:49.000Z,crmid:4738381410,75aa0006-4c73-11ea-915f-b88a60e194fb,prd1110,Traditional IRA,Retirement,Personal,12109.61,1,USD,branchid:11090
75aaea76-4c73-11ea-af74-b88a60e194fb-1,2020-01-24T11:24:05.000Z,crmid:9655111416,75aaea76-4c73-11ea-af74-b88a60e194fb,prd1139,Employee Stock Purchase Plans,Investment,Personal,17703.88,1,USD,branchid:11078
75abfab6-4c73-11ea-be17-b88a60e194fb-1,2020-01-30T15:21:55.000Z,crmid:9458713169,75abfab6-4c73-11ea-be17-b88a60e194fb,prd1159,CDs: 3 month,Investment,Personal,13376.73,1,USD,branchid:11113
761c4892-4c73-11ea-bfbc-b88a60e194fb-1,2020-01-17T07:35:21.000Z,crmid:4129079831,761c4892-4c73-11ea-bfbc-b88a60e194fb,prd1073,Business Brokerage Account,Investment,Business,15493.41,1,USD,branchid:11055
761d0cdc-4c73-11ea-a865-b88a60e194fb-1,2020-01-01T03:09:39.000Z,crmid:8301270029,761d0cdc-4c73-11ea-a865-b88a60e194fb,prd1033,Fixed Deposit,Investment,Personal,172746.9,1,USD,branchid:11148
761df718-4c73-11ea-8931-b88a60e194fb-1,2020-01-27T05:22:04.000Z,crmid:5257428640,761df718-4c73-11ea-8931-b88a60e194fb,prd1185,Mortgage: FHA,Mortgage,Personal,11915.88,1,USD,branchid:11128
761eba46-4c73-11ea-a046-b88a60e194fb-1,2020-01-12T04:40:02.000Z,crmid:9028140793,761eba46-4c73-11ea-a046-b88a60e194fb,prd1172,Employee Stock Purchase Plans,Investment,Personal,20255.65,1,USD,branchid:11088
761f7dcc-4c73-11ea-a966-b88a60e194fb-1,2020-01-29T08:27:41.000Z,crmid:6333506334,761f7dcc-4c73-11ea-a966-b88a60e194fb,prd1125,Mortgage: FHA,Mortgage,Personal,16723.93,1,USD,branchid:11060
7620680a-4c73-11ea-bd42-b88a60e194fb-1,2020-01-31T12:16:16.000Z,crmid:8213751366,7620680a-4c73-11ea-bd42-b88a60e194fb,prd1115,Mortgage: VA,Mortgage,Personal,16112.43,1,USD,branchid:11109
76212b82-4c73-11ea-a308-b88a60e194fb-1,2020-01-30T13:39:56.000Z,crmid:8673786522,76212b82-4c73-11ea-a308-b88a60e194fb,prd1115,Mortgage: VA,Mortgage,Personal,14230.65,1,USD,branchid:11031
7621eecc-4c73-11ea-be79-b88a60e194fb-1,2020-01-22T06:10:09.000Z,crmid:7456905925,7621eecc-4c73-11ea-be79-b88a60e194fb,prd1148,Mortgage: 10/1 ARM,Mortgage,Personal,263647.79,1,USD,branchid:11021
7623275e-4c73-11ea-8cd0-b88a60e194fb-1,2020-01-27T17:28:39.000Z,crmid:3599499326,7623275e-4c73-11ea-8cd0-b88a60e194fb,prd1120,Mortgage: 10/1 ARM,Mortgage,Personal,11099.23,1,USD,branchid:11107
