crmid,city,country,zip,state,street address
crmid:9771402678,Fountain,United States,56510,Iowa,416 Carmel
crmid:9771402678,Riverside,United States,59569,Washington,124 Jennings
crmid:9771402678,East St. Louis,United States,63490,Utah,1285 Arguello
crmid:9771402678,University City,United States,34275,Tennessee,1287 Crisp
crmid:9771402678,Greenwood,United States,98767,Montana,432 Bache
crmid:9771402678,Wauwatosa,United States,91433,Vermont,779 Columbus
crmid:9771402678,Puyallup,United States,34964,California,1167 Thomas More
crmid:9771402678,Ocoee,United States,54585,Connecticut,781 Houston
crmid:9771402678,Lake Forest,United States,20273,New Mexico,243 Hicks
crmid:9771402678,Greeley,United States,12999,Delaware,1309 Sutro Heights
crmid:9771402678,Ridgeland,United States,80834,California,1270 Blanche
crmid:9771402678,Newnan,United States,08801,Nebraska,814 San Lorenzo
crmid:9771402678,Nashua,United States,40855,Washington,1359 Liggett
crmid:9771402678,Grants Pass,United States,31828,Oklahoma,1246 Belvedere
crmid:9771402678,Hickory,United States,16901,California,192 Jack Kerouac
crmid:9771402678,Carol Stream,United States,32848,Hawaii,459 Taber
crmid:9771402678,Cudahy,United States,82627,New Jersey,1145 Lake Merced
crmid:9771402678,Sugar Land,United States,97764,Montana,1092 Tulare
crmid:9771402678,Galt,United States,40437,Michigan,1197 Junior
crmid:9771402678,Wichita,United States,98347,New York,228 Brooklyn
crmid:9771402678,Cleburne,United States,56005,Ohio,1306 Bella Vista
crmid:9771402678,Taunton,United States,90814,Kentucky,1013 Bertie Minor
crmid:9771402678,Donna,United States,13024,West Virginia,453 Battery Caulfield
crmid:9771402678,Tualatin,United States,42058,Hawaii,66 Melra
crmid:9771402678,Richland,United States,42127,Utah,1342 Avenue E
