crmid,email,first_name,last_name,gender,mobile_telephone,city,country,zip,state,street_address,birthday,genre
crmid:5682923021,chipmunk2051@outlook.aephandson.com,Joe,Tanner,male,843-976-0689,Buckeye,United States,36484,Minnesota,173 Juanita,1942-05-28,Fantasy
crmid:1930335663,diviner1812@yahoo.aephandson.com,Bobby,Clayton,male,861-992-8746,Buffalo Grove,United States,02771,Virginia,901 Collingwood,1942-01-06,Thriller
crmid:6471709611,digraph2017@outlook.aephandson.com,Cuc,Mooney,female,174-745-2227,Corpus Christi,United States,76604,Idaho,936 San Jose,1951-10-04,Action
crmid:4840659511,dimetry1805@live.aephandson.com,Zulema,Fletcher,female,852-189-4901,Creve Coeur,United States,82408,Pennsylvania,393 Hawthorne,1951-09-10,Horror
crmid:1702810571,minima1844@outlook.aephandson.com,Nicky,Patton,male,813-655-7206,Buffalo Grove,United States,96665,Missouri,42 Elgin,1942-12-21,Comedy
crmid:8519131197,aculeate1837@live.aephandson.com,Leland,Powell,male,782-162-2183,Ardmore,United States,37407,Montana,484 Juanita,1933-06-24,Sport
crmid:3219804280,speer2005@live.aephandson.com,Augustus,Hahn,,619-291-7648,Lisle,United States,37790,Tennessee,1245 Seacliff,1983-06-17,Action
crmid:1650932971,pendative2000@gmail.aephandson.com,Soila,Finley,female,672-691-3949,Chaska,United States,40376,New York,177 Jeopardy,1946-08-09,Reality-TV
crmid:8801578619,goatroot1881@live.aephandson.com,Kennith,Walls,,900-888-3413,Rockledge,United States,39493,Hawaii,205 Bridgeview,1973-04-02,Fantasy
crmid:9438712989,temperer1848@live.aephandson.com,Rodney,Vaughn,,885-261-2561,Spring Hill,United States,41244,Connecticut,1167 Cowell,1989-02-25,Comedy
crmid:4542910436,centipede2055@live.aephandson.com,Gaston,Dixon,male,423-294-7862,Arcata,United States,23865,Michigan,180 Infantry,1933-04-08,News
crmid:9267912058,antipart2056@live.aephandson.com,Fletcher,Griffith,,774-876-0756,Lowell,United States,83278,Arizona,297 Stratford,1984-01-12,Animation
crmid:7084833415,macrophage1843@yahoo.aephandson.com,Sergio,Pena,male,903-739-9181,Albuquerque,United States,53706,Ohio,661 Lisbon,1931-09-23,Action
crmid:8134365846,balcom1893@live.aephandson.com,Loyce,Reilly,female,920-701-5227,Norco,United States,13601,Michigan,183 Icehouse,1998-03-29,History
crmid:2161397222,undethroned1835@live.aephandson.com,Nery,Jarvis,female,035-341-4536,Walnut,United States,95418,California,173 Orizaba,1958-10-13,News
crmid:1973320014,benedicta1802@outlook.aephandson.com,Armand,House,,391-476-3755,Shakopee,United States,40069,Alabama,1166 Martin Luther King Jr,1981-01-01,Account Cancelation
crmid:7257534661,achromic1949@yandex.aephandson.com,Mao,Cross,female,387-112-0295,Cleveland Heights,United States,52027,Montana,397 Bell,1948-10-11,Comedy
crmid:4241942223,chaffiness1812@gmail.aephandson.com,Lonny,Landry,,945-422-6158,Henderson,United States,96553,Alaska,749 Heyman,1971-05-21,Action
crmid:7649486705,aboriginal2048@yahoo.aephandson.com,Reginald,Christensen,,372-174-7820,Lacey,United States,37949,Pennsylvania,1271 Sonora,1979-05-24,Biography
crmid:6325649397,foreshoulder1970@outlook.aephandson.com,Ambrose,Baldwin,,902-043-1455,Juneau,United States,81053,South Carolina,981 Baxter,1976-06-05,News
crmid:3992672915,overgratefulness1905@yahoo.aephandson.com,Boyd,Carpenter,,351-632-3733,Tyler,United States,42710,Indiana,684 Hugo,1989-11-08,Sport
crmid:6818038040,arias1877@yandex.aephandson.com,Boyce,Stein,male,969-441-9007,Sioux Falls,United States,08219,South Dakota,984 Newton,1941-01-28,News
crmid:2496207860,amentulum1985@yahoo.aephandson.com,Casie,Guerrero,female,182-560-0329,Elkhart,United States,03731,New Mexico,565 Ignacio,1959-02-12,Mystery
crmid:9492926701,dove1892@yahoo.aephandson.com,Jamie,Ashley,,709-625-7436,New Albany,United States,96340,Vermont,3 Mccormick,1995-08-22,Fantasy
crmid:3111364463,sloth1938@live.aephandson.com,Wendell,Webb,,396-556-7917,Lee's Summit,United States,16159,Florida,553 Waltham,1982-03-21,History
crmid:8088093954,unattractive1831@outlook.aephandson.com,Jake,Hess,,566-767-5977,Wichita,United States,48348,Iowa,725 Bowdoin,1985-05-28,Mystery
crmid:4630435821,catbird2063@gmail.aephandson.com,Gale,Mendez,male,865-854-8178,Bowling Green,United States,20586,North Dakota,228 Sunnydale,1940-04-20,Horror
crmid:1501418102,arley2023@outlook.aephandson.com,Chase,Sweeney,,504-961-6481,Indianapolis,United States,51980,Oregon,893 Fell Access,1974-10-19,Family
crmid:6674237998,montebrasite1846@outlook.aephandson.com,Ian,Christian,,752-196-9571,Glen Cove,United States,75491,North Carolina,1329 Judson,1966-12-21,Reality-TV
crmid:2317335867,bartizan1936@yahoo.aephandson.com,Brady,Wade,male,798-389-5574,Ocala,United States,57061,Ohio,223 North Van Horn,1997-01-24,Sport
crmid:2865225414,estes1842@live.aephandson.com,Jamie,Sharpe,male,381-786-7442,Bridgeton,United States,82403,Georgia,470 Shoup,1941-05-27,Account Cancelation
crmid:9738775871,cremone2035@live.aephandson.com,Domenic,Bentley,,511-007-4404,Milledgeville,United States,24801,Arizona,227 Ward,1991-04-02,Fantasy
crmid:1313595318,basiophthalmite2066@yahoo.aephandson.com,Granville,Jennings,,158-957-5905,Rapid City,United States,42064,Minnesota,1021 Townsend,1987-04-03,Reality-TV
crmid:2340440007,heron2000@yahoo.aephandson.com,Kurtis,Todd,,155-453-1544,Merced,United States,76343,Maryland,1263 Duncan,1989-12-30,Family
crmid:6203691418,totoro1900@live.aephandson.com,Santo,Donovan,,096-900-1888,Marquette,United States,17261,Pennsylvania,1221 Flora,1987-02-07,News
crmid:8669028599,bateman1942@yahoo.aephandson.com,Bernard,Aguilar,,202-601-5083,Grapevine,United States,28980,Ohio,903 Kearny,1967-05-14,Action
crmid:7527228453,haemoflagellate1975@outlook.aephandson.com,Susy,Vance,female,400-084-7750,Elizabeth City,United States,76548,North Carolina,473 Merchant,1959-12-26,Biography
crmid:4241763026,pasquilant1817@yandex.aephandson.com,Ariel,Reyes,,130-069-2231,Lincoln,United States,31016,Oregon,167 Fountain,1982-06-26,History
crmid:6243815862,misnomer1838@outlook.aephandson.com,Kieth,Robbins,,696-438-4275,Monroe,United States,49636,California,17 Golding,1992-08-19,News
crmid:5739773922,hippidium2020@outlook.aephandson.com,Junior,Rosario,male,056-360-6991,Portland,United States,60978,Nevada,191 Old Chinatown,1940-11-29,History
crmid:8317533948,bat2043@gmail.aephandson.com,Ellsworth,Whitney,male,630-441-6718,West Allis,United States,06798,Ohio,118 Mill,1941-10-24,Sport
crmid:9467471610,trucker1919@outlook.aephandson.com,Jamika,Carr,female,555-124-2281,Coronado,United States,27562,Maine,540 Turk,1951-04-05,Horror
crmid:4447831833,improve1855@live.aephandson.com,Sheryll,Hobbs,female,848-394-0502,Fairbanks,United States,99441,Rhode Island,70 School,1961-08-14,Action
crmid:7650442621,prefavorably2014@gmail.aephandson.com,Nickole,Sellers,female,492-976-4606,Port Orange,United States,28294,Indiana,254 Avon,1957-07-26,Animation
crmid:4271179955,emollient1950@yandex.aephandson.com,Russ,Shaw,,949-254-3159,Frankfort,United States,60744,Utah,666 Goettingen,1963-10-26,News
crmid:3843788844,annie1940@yahoo.aephandson.com,Scotty,Holt,male,254-360-9727,Rancho Mirage,United States,96184,Alabama,1356 Judson,1945-09-14,News
crmid:7632390105,mate1902@yahoo.aephandson.com,Carlita,Sykes,female,522-578-2825,Coppell,United States,03923,Massachusetts,1246 Gibson,1950-02-28,History
crmid:5370009455,aindrea1805@yandex.aephandson.com,Carletta,Hopper,female,292-286-3727,Thousand Oaks,United States,80296,Alabama,581 Cunningham,1953-02-14,Comedy
crmid:6211962239,afternight1971@outlook.aephandson.com,Tracey,Harrington,male,700-732-2891,Bangor,United States,59937,California,147 Lawton,1936-09-13,News
crmid:6929109009,centenary1850@yahoo.aephandson.com,Rosana,Clemons,female,371-384-3014,Champlin,United States,46903,Wisconsin,266 Crisp,1946-07-06,Action
crmid:4334111813,docherty1919@live.aephandson.com,Pedro,Shields,male,223-425-9050,Redding,United States,70815,Iowa,573 Valmar,1942-08-27,News
crmid:6907535537,xylon1965@live.aephandson.com,Palmer,Greene,male,381-028-6518,Beaumont,United States,74458,Mississippi,1098 Guttenberg,1936-12-15,Animation
crmid:8150283083,recrank1941@yandex.aephandson.com,Dimple,Donovan,female,757-482-8113,Farmington Hills,United States,11275,Wisconsin,986 Rico,1961-03-08,Reality-TV
crmid:9871288462,hucksterage1949@yahoo.aephandson.com,Cesar,Floyd,,703-726-9201,Fresno,United States,16268,West Virginia,96 Taylor,1964-03-06,News
crmid:4852059885,pedicle1815@live.aephandson.com,Tyler,Case,,767-415-4407,Northbrook,United States,80098,Oklahoma,929 Donahue,1999-06-03,Comedy
crmid:5727494766,compliant1822@live.aephandson.com,Lance,Charles,male,729-971-8553,Nashville,United States,53488,Iowa,979 Globe,1995-09-01,Drama
crmid:7734512342,seaside2012@outlook.aephandson.com,Alberto,Sexton,,328-263-8001,Roswell,United States,58828,Wyoming,469 Sycamore,1998-08-26,Comedy
crmid:2201120172,estelle1974@gmail.aephandson.com,Simon,Wilcox,male,763-914-6792,O'Fallon,United States,88978,Michigan,1286 Birmingham,1940-09-24,News
crmid:6680798846,hwy1932@yandex.aephandson.com,Michel,Stevens,,715-576-1207,Watauga,United States,49042,Kentucky,303 Indiana,1982-05-03,Animation
crmid:9960970527,chipmunk1878@gmail.aephandson.com,Earle,Pope,,381-270-1516,Kiryas Joel,United States,79087,Colorado,314 White,1978-12-08,Animation
crmid:1211017853,proveditor1929@outlook.aephandson.com,Mallie,Sloan,female,509-344-0867,Dania Beach,United States,68029,Idaho,685 Wisconsin,1952-11-11,Horror
crmid:5785198102,trination1896@outlook.aephandson.com,Obdulia,Robles,female,053-243-1479,Natchez,United States,23689,Illinois,273 Belden,1995-04-13,Fantasy
crmid:9976008772,epicentral1804@gmail.aephandson.com,Carol,Webster,male,396-805-3053,Auburn Hills,United States,06031,Delaware,184 Megan,1934-02-21,Reality-TV
crmid:8019606121,phrenetically2034@outlook.aephandson.com,Erin,Whitley,,926-108-6196,Moore,United States,81715,New Jersey,448 North View,1992-02-05,Fantasy
crmid:3453608475,nonseparable2058@live.aephandson.com,Reynaldo,Price,,984-164-7158,Porterville,United States,51057,Utah,187 Redondo,1964-03-29,Action
crmid:4396391707,engineman1802@yandex.aephandson.com,Debbi,Sheppard,female,827-157-8876,Crystal,United States,71126,Illinois,535 Grant,1952-02-27,Biography
crmid:6207515151,alcyone1972@yandex.aephandson.com,Carrol,Acevedo,,625-467-8804,Lake Worth,United States,73850,New York,1 Mcdonald,1980-12-25,Sport
crmid:8286167163,patroller1985@yahoo.aephandson.com,Michel,Higgins,,078-075-6642,Manteca,United States,09648,Washington,444 Ninth,1986-02-06,Drama
crmid:8861295416,unalterable2008@yandex.aephandson.com,Dung,Huber,female,021-563-3438,Papillion,United States,76190,New York,1100 Bowling Green,1948-11-22,Biography
crmid:2856399321,alvine2032@gmail.aephandson.com,Will,Burgess,male,470-683-0983,Cape Coral,United States,75093,Kansas,72 Wilmot,1944-12-23,Family
crmid:2733281785,too1961@live.aephandson.com,Virgil,King,,015-397-9010,Homer Glen,United States,60543,Arkansas,432 Eddy,1972-11-04,Animation
crmid:1028942121,trimethylmethane1906@outlook.aephandson.com,Augustine,Terry,,495-423-7008,New Port Richey,United States,82730,Oklahoma,427 Iron,1996-10-09,Action
crmid:4980644227,amaryllis2027@live.aephandson.com,Augustus,Cole,,834-789-7748,Hoboken,United States,95204,Rhode Island,338 Rolph,1972-06-19,Reality-TV
crmid:7163914927,blotto1861@live.aephandson.com,Lucien,Tucker,,914-726-7966,South Lake Tahoe,United States,71608,Louisiana,624 Cornwall,1978-03-28,Fantasy
crmid:1682130084,pleasurably1848@gmail.aephandson.com,Abraham,Burt,,468-275-6577,Malden,United States,83608,California,633 Chancery,1985-08-11,Action
crmid:8018337246,corsair1853@live.aephandson.com,Hobert,Waller,,264-397-3579,Wheaton,United States,47100,Tennessee,844 Ina,1986-09-25,History
crmid:8241727445,alsaleh1917@yandex.aephandson.com,Donald,Hays,,663-879-6076,Milford,United States,91634,Rhode Island,1240 Soule,1990-09-06,Sport
crmid:5382610358,saintdom1862@gmail.aephandson.com,Shaun,Morris,male,862-148-3683,Alabaster,United States,51846,Arkansas,18 Heritage,1930-09-21,Action
crmid:4216764242,benzie1899@gmail.aephandson.com,Ignacio,Lucas,male,527-035-8007,Batavia,United States,75115,Kentucky,520 Castle,1936-12-09,News
crmid:6180797459,adventure1864@outlook.aephandson.com,Garfield,Villarreal,,032-543-1194,Lynnwood,United States,16275,Florida,139 Mercedes,1985-02-07,Reality-TV
crmid:7468428097,crabby1916@yahoo.aephandson.com,Raye,Mcintyre,female,940-903-1843,Elizabeth,United States,64602,New York,1065 Prescott,1958-10-22,Account Cancelation
crmid:4209404787,viva1920@gmail.aephandson.com,Granville,Holder,,307-243-7028,Miami,United States,24894,Alaska,319 Hauser,1990-04-21,Biography
crmid:3162176428,zooks1914@gmail.aephandson.com,Mica,Gutierrez,female,481-080-8888,Columbus,United States,38828,Minnesota,966 Sadowa,1949-06-12,Animation
crmid:2888421344,nonfeverishly1994@gmail.aephandson.com,Wilber,Bush,,182-594-4919,Hartford,United States,06779,Delaware,1123 Christmas Tree Point,1970-02-11,Thriller
crmid:5314120066,burin2024@outlook.aephandson.com,Dwain,West,,900-323-2962,Manteca,United States,63895,Oregon,80 Ringold,1986-10-16,Family
crmid:4957286866,incumbant1929@yandex.aephandson.com,Napoleon,Roberts,,251-409-0007,Southfield,United States,28541,Kentucky,1215 Gallagher,1964-04-28,History
crmid:6870170514,hubristic1864@gmail.aephandson.com,Lawana,Simmons,female,871-538-0028,Culver City,United States,88981,Wyoming,289 Jose Sarria,1952-05-27,Fantasy
crmid:8547973033,synaxes1822@yandex.aephandson.com,Octavio,Parker,male,539-798-0293,Wisconsin Rapids,United States,84628,Arizona,1156 Burns,1935-07-22,Account Cancelation
crmid:9439174694,faliscan1977@live.aephandson.com,Ferdinand,Vega,,524-564-9882,Vallejo,United States,78376,New Mexico,711 Santa Ynez,1962-06-05,Sport
crmid:5972101945,carbonite1806@gmail.aephandson.com,Leighann,Miller,female,761-452-2448,Colorado Springs,United States,20036,Connecticut,867 Decatur,1949-05-20,Westerns
crmid:4007922209,flighted1930@yandex.aephandson.com,Luba,Norman,female,445-045-7142,Edwardsville,United States,86689,Kentucky,851 Stag Trail,1958-06-22,History
crmid:2566182436,baghdadi1921@yandex.aephandson.com,Stacy,Carter,,352-446-3921,Gahanna,United States,21913,Kansas,707 Lombard,1964-05-31,Reality-TV
crmid:9901088537,commander2053@outlook.aephandson.com,Harris,Dorsey,,434-473-2841,Huntley,United States,07255,Vermont,1306 Starview,1974-01-09,Biography
crmid:7700004515,mithraize2035@gmail.aephandson.com,Latoria,Sheppard,female,845-644-0410,Denison,United States,20948,Montana,1108 Vasquez,1954-05-27,Action
crmid:2162539423,cantankerousness1815@yahoo.aephandson.com,Brant,Hill,,109-632-1893,La Vista,United States,12068,Alaska,747 Flournoy,1979-03-31,News
crmid:7769255432,patness1960@live.aephandson.com,Frankie,Sexton,,170-580-2219,Pascagoula,United States,43684,Tennessee,313 Lower,1983-10-12,Action
crmid:2902197670,belight1939@gmail.aephandson.com,Long,Dejesus,,216-588-1596,Matthews,United States,72398,Wyoming,1104 Joice,1988-12-13,Fantasy
crmid:5298097694,evzone1989@yandex.aephandson.com,Carrol,Cabrera,,419-579-1417,Laguna Niguel,United States,61013,New Jersey,1260 Circular,1979-11-03,Horror
crmid:3768084105,novcic1909@yahoo.aephandson.com,Willodean,Kane,female,709-268-0888,Port St. Lucie,United States,14554,Oregon,583 Moraga,1955-09-16,News
crmid:8607017131,baboon1917@live.aephandson.com,Stephen,Fischer,,880-027-3085,Valley Stream,United States,58980,North Dakota,929 Kern,1963-10-11,Westerns
crmid:8615472473,clavodeltoid1928@yandex.aephandson.com,Katrice,Suarez,female,176-471-9234,Conway,United States,58291,Wisconsin,1016 Selma,1950-10-09,Animation
crmid:6380495333,stork2009@outlook.aephandson.com,Leeanne,Best,female,141-596-8150,North Charleston,United States,91000,Tennessee,1193 Rosewood,1998-12-06,Mystery
crmid:5484805545,industry2047@outlook.aephandson.com,Irina,Rutledge,female,235-530-1886,Santee,United States,96758,North Dakota,499 Silver,1957-10-07,News
crmid:9699742843,chitter1995@live.aephandson.com,Karine,Montgomery,female,789-587-7681,Eden Prairie,United States,24969,Oklahoma,581 Webb,1957-04-20,Westerns
crmid:4582563103,bleeker1881@yandex.aephandson.com,Jordan,Blevins,,396-207-8819,University Park,United States,52438,California,1299 Farnsworth,1996-09-09,Fantasy
crmid:9615971841,roving1934@outlook.aephandson.com,Bennett,Hoffman,,744-079-4987,Warwick,United States,74785,Arizona,1129 Prado,1991-01-24,Sport
crmid:3163355446,bizonia1910@outlook.aephandson.com,Sandie,Lindsey,female,615-545-2121,Elk Grove Village,United States,75592,South Dakota,325 Zampa,1959-08-17,Fantasy
crmid:2850039632,siums1989@outlook.aephandson.com,Walker,Ortiz,male,148-937-4420,Urbana,United States,96058,Missouri,210 Newcomb,1997-02-24,Sport
crmid:7880000050,bronny1949@yahoo.aephandson.com,Jospeh,Hudson,male,487-345-1331,New Hope,United States,04320,Alabama,700 Montcalm,1996-01-11,Family
crmid:5325076389,swimy2066@live.aephandson.com,Burt,Faulkner,,189-008-2654,Moscow,United States,99472,Vermont,1028 Restani,1993-06-16,Thriller
crmid:4784514669,reamalgamated1883@live.aephandson.com,Laverne,Rogers,male,567-813-3368,Aberdeen,United States,53358,Massachusetts,1325 Linden,1930-10-12,Horror
crmid:5280582435,dangersome1989@gmail.aephandson.com,Hiram,Day,,311-049-2858,Fountain Valley,United States,31230,Iowa,547 De Soto,1963-06-13,Animation
crmid:5540907062,catnapers1917@outlook.aephandson.com,Daryl,Jones,male,317-390-8095,Casa Grande,United States,67694,Delaware,730 Hamilton,1945-11-21,Thriller
crmid:2275893879,etherealization1803@gmail.aephandson.com,Leigh,Norris,male,109-769-8984,Rosenberg,United States,18696,Vermont,345 Alemany,1943-06-22,Reality-TV
crmid:1750306280,unipartite1968@live.aephandson.com,Lilliam,Horne,female,783-965-7139,Dalton,United States,93353,Virginia,787 Moreland,1952-10-10,Sport
crmid:8075232524,aiwan1949@yahoo.aephandson.com,Arron,Maldonado,,677-109-6563,Grandview,United States,39960,Texas,1194 Minnesota,1967-06-20,News
crmid:5377161841,extrasterile2045@yandex.aephandson.com,Austin,Mayer,,659-654-9461,Paducah,United States,99670,Arizona,511 Wills,1982-10-09,Biography
crmid:9871386910,hemerobius1841@yahoo.aephandson.com,Porter,Zimmerman,,574-673-9196,Passaic,United States,33420,Pennsylvania,127 Richardson,1971-03-12,Action
crmid:8789835655,unboldly2069@outlook.aephandson.com,Renaldo,Mcleod,male,623-934-0974,Cathedral City,United States,45562,Massachusetts,119 Goleta,1945-08-19,Action
crmid:3780832287,chine1825@outlook.aephandson.com,Isaias,Lee,,147-958-3745,McAlester,United States,11276,Pennsylvania,800 Bernard,1988-03-26,News
crmid:5338100289,thieving1881@outlook.aephandson.com,Carter,Walters,,401-369-9365,Kalispell,United States,17061,Hawaii,187 Sola,1976-02-02,Biography
crmid:6699660878,turnbuckles1954@outlook.aephandson.com,Jeanice,Hudson,female,517-579-6289,Cicero,United States,25993,Pennsylvania,359 Sergeant John V Young,1947-04-15,Sport
crmid:5843064175,oscillancy1970@yahoo.aephandson.com,Adolph,Rivers,,828-325-8396,Livermore,United States,44733,Massachusetts,1139 Java,1983-08-17,News
crmid:5813191865,gabgab1931@gmail.aephandson.com,Jonathon,Lester,male,815-649-8960,Ocala,United States,15028,Illinois,1196 Ivy,1943-06-17,Reality-TV
crmid:1957508455,evened2032@yahoo.aephandson.com,Loni,Lowe,female,458-482-2307,Murfreesboro,United States,72658,Rhode Island,1161 Saint Charles,1994-12-30,Reality-TV
crmid:9948466589,milled1891@yandex.aephandson.com,Ramon,Farmer,,685-679-1948,Gallatin,United States,53949,Maine,1260 Ewing,1965-09-03,News
crmid:5462214966,jackal1889@gmail.aephandson.com,Lemuel,Robbins,,612-212-7087,Henderson,United States,42712,New Jersey,441 Cotter,1971-08-05,Sport
crmid:1339583939,micronuclear1977@outlook.aephandson.com,Alva,Morin,,292-678-0725,Shakopee,United States,94096,Washington,711 Valmar,1987-10-02,History
crmid:4613330705,expone1988@yahoo.aephandson.com,Luetta,Andrews,female,030-634-7203,Decatur,United States,32068,West Virginia,427 Brentwood,1953-06-01,Reality-TV
crmid:7407089473,champ1808@yahoo.aephandson.com,Alexis,Maxwell,,598-254-0650,Hastings,United States,20028,New Hampshire,932 Watt,1970-05-28,Drama
crmid:5013799127,breakup1814@live.aephandson.com,Marcus,Jennings,male,024-335-8449,Arroyo Grande,United States,83400,Kentucky,956 Sharp,1934-07-15,Biography
crmid:3046207330,pylorogastrectomy2034@gmail.aephandson.com,Markita,Ortiz,female,201-814-1407,Covina,United States,30760,New York,225 Dock,1951-06-22,Family
crmid:3661565852,bronco1942@live.aephandson.com,Lino,Hancock,,355-250-7648,Myrtle Beach,United States,53138,Wyoming,1200 Santa Ana,1995-10-29,Family
crmid:5857341688,gut2057@outlook.aephandson.com,Antione,Best,male,175-976-0974,Carlisle,United States,05517,Oregon,67 Eddy,1944-01-03,Horror
crmid:9615392043,aligner1919@yandex.aephandson.com,Leif,Perkins,,205-937-1342,Urbandale,United States,36267,Kentucky,1033 Harris,1968-05-21,Family
crmid:4004760564,monotrochian1973@live.aephandson.com,Gavin,Mccarthy,male,387-423-2294,Pottstown,United States,09405,Connecticut,1026 Arnold,1936-04-19,News
crmid:4361422567,hippopotamus1938@yahoo.aephandson.com,Humberto,Lamb,male,614-482-2738,Central Falls,United States,29426,Delaware,919 Nelson Rising,1945-05-17,History
crmid:1360665856,bohdan1862@gmail.aephandson.com,Ja,Dominguez,female,324-506-4281,Corona,United States,82095,Delaware,639 Florida,1950-10-07,News
crmid:9913578818,martensitic1836@gmail.aephandson.com,Bradly,Conner,,428-483-2955,Maple Grove,United States,48100,California,842 Dearborn,1986-08-26,Biography
crmid:9558136100,proscriptive1846@yahoo.aephandson.com,Alfonzo,Luna,male,641-126-7942,Woodbury,United States,00206,Nebraska,122 Congo,1933-01-18,Biography
crmid:8867356196,tarmacadam2002@gmail.aephandson.com,Lorina,Salazar,female,065-809-5885,Corona,United States,63175,Maryland,1139 Anderson,1950-11-11,Horror
crmid:1994386419,hypotrophy2040@yandex.aephandson.com,Johnie,Tate,,174-574-8797,Pasco,United States,35381,North Dakota,1090 Friendship,1971-06-17,Family
crmid:1314441139,choosey2043@outlook.aephandson.com,Elmo,Day,male,211-247-1566,North Las Vegas,United States,97173,New Mexico,444 Hicks,1998-02-24,Biography
crmid:3674632357,boudreau2009@yandex.aephandson.com,Jaime,Clemons,,370-898-9143,Moore,United States,31817,Georgia,839 Crook,1992-06-20,Thriller
crmid:6680918726,dirtbird1877@outlook.aephandson.com,Hipolito,Crosby,,076-774-2608,Leesburg,United States,16257,Louisiana,1359 Bank,1982-04-04,Horror
crmid:8965276317,unpanged1919@gmail.aephandson.com,Johnny,Melton,,468-019-5315,Winter Haven,United States,30371,Oklahoma,715 Harris,1973-02-03,Comedy
crmid:4294165167,coventries1854@yandex.aephandson.com,Wilfred,Webb,,645-048-9827,Naugatuck,United States,50157,West Virginia,77 Cleary,1995-09-15,Fantasy
crmid:7609802946,gaffe1821@gmail.aephandson.com,Dong,Neal,female,336-284-8338,Cutler Bay,United States,66354,North Carolina,479 Sunnydale,1952-11-05,News
crmid:9739328748,aware1817@gmail.aephandson.com,Denny,Hutchinson,,711-861-7167,Leesburg,United States,73790,South Dakota,1283 Balceta,1982-12-11,Mystery
crmid:4195808808,abnegative1900@yahoo.aephandson.com,Johnson,Collins,male,831-808-8172,Big Spring,United States,71248,Oregon,83 Compton,1939-05-06,News
crmid:8016543280,demibrassart1821@live.aephandson.com,Hubert,Waters,,377-929-0369,Seguin,United States,40897,North Carolina,1310 Beach,1983-07-01,Reality-TV
crmid:9305448168,adebayo1911@live.aephandson.com,Rodger,Swanson,male,280-548-3783,Berwyn,United States,46264,Vermont,732 Cambridge,1938-08-28,Horror
crmid:6257530247,excalibur1840@yahoo.aephandson.com,Tyrell,Snyder,,406-594-1682,Mineola,United States,44888,New Jersey,81 Serrano,1991-08-12,News
crmid:1249052581,onomatopy1859@yahoo.aephandson.com,Quinton,Burton,,750-868-3200,Holyoke,United States,85431,Delaware,1113 Crisp,1972-06-19,News
crmid:8764316286,correal1907@outlook.aephandson.com,Irmgard,Romero,female,931-143-3509,Clinton,United States,29829,Missouri,278 Donner,1948-04-25,Thriller
crmid:7496724097,tariff1988@yahoo.aephandson.com,Edda,Case,female,338-627-2338,Reedley,United States,98185,New Hampshire,814 Paraiso,1955-03-05,Animation
crmid:3431495890,belie1826@live.aephandson.com,Damien,Brock,male,008-906-0889,Bartow,United States,61700,California,618 Hussey,1936-11-04,Mystery
crmid:5210060474,dunderhead2013@gmail.aephandson.com,Quinn,Mayer,,607-186-1691,Gardena,United States,43486,Alaska,1250 Donner,1965-08-27,Sport
crmid:9048572844,anteater1971@yandex.aephandson.com,Korey,Espinoza,,434-653-3679,San Dimas,United States,45923,Georgia,940 Rivas,1988-02-18,News
crmid:6208665531,cuirassed2040@outlook.aephandson.com,Van,Pace,,080-312-5582,Titusville,United States,48555,New Mexico,1254 Beckett,1991-10-29,News
crmid:3123972319,inbounds1922@yahoo.aephandson.com,Armand,Rocha,,516-139-2926,Ferguson,United States,72036,Kansas,251 Terra Vista,1962-12-04,Family
crmid:3170832634,astral1849@live.aephandson.com,Hosea,Wise,,050-107-0283,South Holland,United States,27096,Utah,940 Iris,1964-07-23,Sport
crmid:9382059984,lashorn1989@yahoo.aephandson.com,Valentin,Sampson,,921-367-2830,Johnson City,United States,54877,Michigan,757 Peabody,1975-10-07,News
crmid:7723136155,bloodshedder1938@outlook.aephandson.com,Keven,Mcleod,male,425-832-1051,Waukegan,United States,06657,Utah,312 Thorne,1938-11-21,Biography
crmid:3323922704,receipt1867@live.aephandson.com,Cherish,Cobb,female,432-704-6467,Norman,United States,15148,Florida,670 Stanyan,1998-04-26,Family
crmid:1625906324,bulldog1969@yandex.aephandson.com,Rolland,Watkins,,394-363-6856,Hurst,United States,54423,Mississippi,1348 John F Kennedy,1974-09-12,Fantasy
crmid:6321410355,puddinglike1861@gmail.aephandson.com,Carl,Davidson,male,830-286-0570,Azusa,United States,62543,Colorado,1299 Helena,1935-10-03,Action
crmid:7979720233,cumulate1931@live.aephandson.com,Warren,Rodgers,,498-409-3478,Lindenwold,United States,06742,Nebraska,173 Burke,1983-02-07,Sport
crmid:1571899407,alcheringa1853@live.aephandson.com,Eryn,Bailey,female,190-095-3154,Collierville,United States,14609,New Mexico,169 Amatury,1949-03-01,Family
crmid:3513683462,overview1905@yandex.aephandson.com,Garland,Collins,,423-914-2021,Florence,United States,25612,Florida,611 San Felipe,1962-05-10,Action
crmid:3190870031,barbara2030@yandex.aephandson.com,Ayana,Campos,female,677-746-1787,Sunrise,United States,51184,Tennessee,1299 Balhi,1953-01-05,News
crmid:4195425775,intact1800@gmail.aephandson.com,Michaele,Marquez,female,543-878-9741,Columbus,United States,30054,Massachusetts,1358 Guttenberg,1949-06-18,Biography
crmid:8274615952,carita2059@yandex.aephandson.com,Shemeka,Gardner,female,774-115-2601,Taylor,United States,13185,Delaware,872 Vandewater,1949-08-11,Action
crmid:6757885611,zebu1915@live.aephandson.com,Teddy,Pickett,,554-265-4337,Glassboro,United States,09777,Missouri,464 Vale,1966-01-19,Fantasy
crmid:4624698747,disquantity1807@gmail.aephandson.com,Kristle,Hunt,female,049-339-2942,East Peoria,United States,20897,Nebraska,769 Porter,1957-05-15,History
crmid:6984675271,penciled1976@outlook.aephandson.com,Daryl,Burton,,778-906-6665,Huntington Beach,United States,53153,Ohio,1276 Juanita,1974-09-16,News
crmid:5862703831,huffily1977@yahoo.aephandson.com,Whitney,Conner,,755-344-1014,Mercer Island,United States,18568,Iowa,415 Metson,1989-03-17,Horror
crmid:6701605870,alist1812@live.aephandson.com,Alden,Alvarez,,711-112-5651,McDonough,United States,31040,Washington,360 Pollock,1988-07-18,Action
crmid:2492750204,endang1878@yahoo.aephandson.com,Gabriel,Hubbard,male,325-081-7164,Alice,United States,29931,Massachusetts,443 Rex,1931-04-15,Reality-TV
crmid:2963279026,ergal1884@live.aephandson.com,Tristan,Hester,,447-655-9907,Sunrise,United States,27143,Hawaii,851 Sibley,1964-04-26,Thriller
crmid:6277500171,insaneness2043@yahoo.aephandson.com,Kory,Short,male,979-997-9955,Brownsville,United States,33749,Wisconsin,362 Bank,1942-06-27,Action
crmid:9252172150,trypaneidae2060@yahoo.aephandson.com,Celena,Hull,female,258-723-9167,Cupertino,United States,94235,Utah,1273 Grote,1952-02-15,News
crmid:5438541119,turmeric1870@yandex.aephandson.com,Irving,Stafford,,582-221-9417,Lynbrook,United States,95821,Florida,1137 Fulton,1985-04-17,Action
crmid:3862393399,churinga1997@yahoo.aephandson.com,Larraine,Wilcox,female,216-883-2891,Euclid,United States,79192,Georgia,1081 Crossover,1960-12-10,News
crmid:9360379085,schoolyard1966@yahoo.aephandson.com,Jerrold,Ward,,847-184-0713,Henderson,United States,53929,Massachusetts,668 San Andreas,1971-10-25,Fantasy
crmid:2495868495,alanson2011@gmail.aephandson.com,Andrew,Jones,,341-772-5612,Keene,United States,43093,Oklahoma,837 Nelson,1976-07-22,Horror
crmid:9777484576,elk2057@gmail.aephandson.com,Eleanora,Simmons,female,406-961-1972,North Chicago,United States,27805,New Mexico,145 Princeton,1998-04-29,Fantasy
crmid:4468079724,ryegrasses1871@live.aephandson.com,Jude,Jacobs,,585-271-0334,Goose Creek,United States,29484,Oklahoma,125 De Wolf,1967-05-30,Family
crmid:6689652904,unaltering1819@yahoo.aephandson.com,Reyes,Mckenzie,,203-543-3636,Montebello,United States,14540,Arkansas,49 Incinerator,1992-02-17,Thriller
crmid:4690436239,unfickle2015@gmail.aephandson.com,Duane,Campbell,,107-696-7109,Gallup,United States,51410,Nebraska,391 James,1965-10-19,Drama
crmid:9853626066,efficacies1904@outlook.aephandson.com,Loria,Blake,female,699-341-4524,Springdale,United States,20673,Massachusetts,145 Ordway,1959-06-03,Family
crmid:8524195494,canyon1829@gmail.aephandson.com,Jessie,Chase,,178-922-7501,Livermore,United States,26185,Arkansas,311 Key,1983-05-04,Sport
crmid:3924446619,charta2042@outlook.aephandson.com,Lilli,Brooks,female,353-177-0577,Delray Beach,United States,35435,Minnesota,405 Parnassus,1954-05-04,Westerns
crmid:4552353118,wedgeable1901@live.aephandson.com,Monroe,Mckay,,901-267-4301,Hopewell,United States,46439,Connecticut,31 Castillo,1973-08-05,Animation
crmid:4548527563,delila1928@yahoo.aephandson.com,Eusebio,Campbell,,121-288-5924,Los Gatos,United States,82122,Georgia,570 Moore,1984-07-10,Thriller
crmid:6385637790,undersomething1869@outlook.aephandson.com,Loyd,Ramirez,,245-544-8529,Villa Park,United States,71878,Oregon,280 Ofarrell,1962-02-04,Account Cancelation
crmid:4102187732,seersucker2068@outlook.aephandson.com,Melvin,Fitzgerald,,301-569-8786,Harvey,United States,80688,Maine,1196 Thorp,1970-01-30,Animation
crmid:5690622932,blackleg1908@yahoo.aephandson.com,Rey,Byrd,,238-363-4984,Goodyear,United States,51598,Florida,333 Mount,1967-10-17,Animation
crmid:8422756794,bridal1883@gmail.aephandson.com,Valentine,Stevens,,253-820-4534,Ogden,United States,38718,Alaska,1322 Edward,1970-09-29,Action
crmid:2502548664,unwailing1823@live.aephandson.com,Tim,Olsen,,398-495-7942,Glendora,United States,96289,Texas,1160 Quintara,1966-11-06,Action
