id,crmid,propensity_premium,propensity_high_speed
a7aacb30-83cc-11ea-92a0-b88a60e194fb,crmid:5682923021,9,5
a7ac2aca-83cc-11ea-ab30-b88a60e194fb,crmid:1930335663,4,8
a7add83e-83cc-11ea-9514-b88a60e194fb,crmid:6471709611,8,5
a7afabda-83cc-11ea-9070-b88a60e194fb,crmid:4840659511,7,7
a7b21cb4-83cc-11ea-9e86-b88a60e194fb,crmid:1702810571,4,7
a7b3ca4a-83cc-11ea-9f66-b88a60e194fb,crmid:8519131197,3,7
a7b52a48-83cc-11ea-ab0f-b88a60e194fb,crmid:3219804280,4,7
a7b6b076-83cc-11ea-88d6-b88a60e194fb,crmid:1650932971,7,4
a7b85e1e-83cc-11ea-b452-b88a60e194fb,crmid:8801578619,6,5
a7ba0c18-83cc-11ea-b592-b88a60e194fb,crmid:9438712989,3,7
a7bb6b76-83cc-11ea-a96d-b88a60e194fb,crmid:4542910436,7,5
a7bddc7a-83cc-11ea-a744-b88a60e194fb,crmid:9267912058,7,8
a7bf8a14-83cc-11ea-aaad-b88a60e194fb,crmid:7084833415,4,10
a7c13914-83cc-11ea-9643-b88a60e194fb,crmid:8134365846,9,3
a7c2e6e2-83cc-11ea-9c47-b88a60e194fb,crmid:2161397222,9,0
a7c4ba52-83cc-11ea-b49a-b88a60e194fb,crmid:1973320014,8,3
a7c61b28-83cc-11ea-9efd-b88a60e194fb,crmid:7257534661,5,8
a7c7efe2-83cc-11ea-a598-b88a60e194fb,crmid:4241942223,7,5
a7ca1286-83cc-11ea-9310-b88a60e194fb,crmid:7649486705,5,8
a7cc0dd4-83cc-11ea-bafc-b88a60e194fb,crmid:6325649397,7,3
a7cea57e-83cc-11ea-984a-b88a60e194fb,crmid:3992672915,10,5
a7d02bf4-83cc-11ea-96d5-b88a60e194fb,crmid:6818038040,5,8
a7d200b8-83cc-11ea-a469-b88a60e194fb,crmid:2496207860,3,7
a7d38746-83cc-11ea-88a3-b88a60e194fb,crmid:9492926701,5,8
a7d5364a-83cc-11ea-80a0-b88a60e194fb,crmid:3111364463,4,8
a7d6e3f6-83cc-11ea-857d-b88a60e194fb,crmid:8088093954,8,3
a7d89086-83cc-11ea-a54e-b88a60e194fb,crmid:4630435821,4,7
a7da3f66-83cc-11ea-8637-b88a60e194fb,crmid:1501418102,3,8
a7dbed08-83cc-11ea-8856-b88a60e194fb,crmid:6674237998,3,8
a7dd995c-83cc-11ea-8b9b-b88a60e194fb,crmid:2317335867,7,3
a7df6e28-83cc-11ea-9505-b88a60e194fb,crmid:2865225414,4,7
a7e142c6-83cc-11ea-b95a-b88a60e194fb,crmid:9738775871,4,9
a7e2cab6-83cc-11ea-a8be-b88a60e194fb,crmid:1313595318,7,3
a7e47888-83cc-11ea-b702-b88a60e194fb,crmid:2340440007,9,6
a7e64d3a-83cc-11ea-990b-b88a60e194fb,crmid:6203691418,5,9
a7e7f9a4-83cc-11ea-96ce-b88a60e194fb,crmid:8669028599,9,5
a7e9819a-83cc-11ea-8df2-b88a60e194fb,crmid:7527228453,10,5
a7eb2dc6-83cc-11ea-bc85-b88a60e194fb,crmid:4241763026,9,4
a7ecb490-83cc-11ea-b8cb-b88a60e194fb,crmid:6243815862,6,3
a7ef73c6-83cc-11ea-9f8c-b88a60e194fb,crmid:5739773922,3,7
a7f1708a-83cc-11ea-aa74-b88a60e194fb,crmid:8317533948,5,8
a7f4077e-83cc-11ea-aa32-b88a60e194fb,crmid:9467471610,8,4
a7f6036c-83cc-11ea-94ed-b88a60e194fb,crmid:4447831833,3,8
a7f7d808-83cc-11ea-a80e-b88a60e194fb,crmid:7650442621,8,6
a7f938f6-83cc-11ea-bbfc-b88a60e194fb,crmid:4271179955,8,4
a7fabe26-83cc-11ea-a840-b88a60e194fb,crmid:3843788844,7,5
a7fc1dca-83cc-11ea-a71d-b88a60e194fb,crmid:7632390105,9,2
a7fdf292-83cc-11ea-8873-b88a60e194fb,crmid:5370009455,4,7
a7ffee4a-83cc-11ea-9777-b88a60e194fb,crmid:6211962239,9,4
a801e9fa-83cc-11ea-a55b-b88a60e194fb,crmid:6929109009,4,8
a803e5e4-83cc-11ea-9ec9-b88a60e194fb,crmid:4334111813,7,4
a80594ee-83cc-11ea-8607-b88a60e194fb,crmid:6907535537,5,8
a80769ae-83cc-11ea-8768-b88a60e194fb,crmid:8150283083,3,7
a8093d18-83cc-11ea-bb59-b88a60e194fb,crmid:9871288462,4,8
a80aeaba-83cc-11ea-aeb0-b88a60e194fb,crmid:4852059885,4,8
a80d0df6-83cc-11ea-a7f1-b88a60e194fb,crmid:5727494766,4,10
a80ee248-83cc-11ea-bdac-b88a60e194fb,crmid:7734512342,4,8
a810421e-83cc-11ea-8e4e-b88a60e194fb,crmid:2201120172,4,8
a811f110-83cc-11ea-b4da-b88a60e194fb,crmid:6680798846,7,4
a8137646-83cc-11ea-8518-b88a60e194fb,crmid:9960970527,4,9
a8152564-83cc-11ea-9adc-b88a60e194fb,crmid:1211017853,8,6
a816d30c-83cc-11ea-b8f9-b88a60e194fb,crmid:5785198102,3,7
a81af04a-83cc-11ea-bd13-b88a60e194fb,crmid:9976008772,5,8
a81c5136-83cc-11ea-bbc5-b88a60e194fb,crmid:8019606121,8,5
a81dfef4-83cc-11ea-aaf1-b88a60e194fb,crmid:3453608475,4,8
a81f5e1a-83cc-11ea-a204-b88a60e194fb,crmid:4396391707,2,9
a820e50a-83cc-11ea-8897-b88a60e194fb,crmid:6207515151,9,5
a8248d34-83cc-11ea-a4e3-b88a60e194fb,crmid:8286167163,3,9
a8261558-83cc-11ea-bf44-b88a60e194fb,crmid:8861295416,8,4
a827c180-83cc-11ea-825d-b88a60e194fb,crmid:2856399321,9,6
a82920fe-83cc-11ea-b488-b88a60e194fb,crmid:2733281785,7,3
a82b1cc6-83cc-11ea-b18d-b88a60e194fb,crmid:1028942121,4,8
a82cca86-83cc-11ea-9423-b88a60e194fb,crmid:4980644227,3,8
a82e2a08-83cc-11ea-b4bb-b88a60e194fb,crmid:7163914927,9,3
a82fb0a4-83cc-11ea-bcac-b88a60e194fb,crmid:1682130084,9,5
a8315efa-83cc-11ea-a226-b88a60e194fb,crmid:8018337246,10,4
a832e680-83cc-11ea-863e-b88a60e194fb,crmid:8241727445,6,8
a83492a8-83cc-11ea-b86c-b88a60e194fb,crmid:5382610358,5,8
a835f21e-83cc-11ea-bfd4-b88a60e194fb,crmid:4216764242,7,4
a837c840-83cc-11ea-a353-b88a60e194fb,crmid:6180797459,10,3
a8394dcc-83cc-11ea-98f7-b88a60e194fb,crmid:7468428097,4,9
a83afc90-83cc-11ea-aac5-b88a60e194fb,crmid:4209404787,3,9
a83c5ab8-83cc-11ea-aefc-b88a60e194fb,crmid:3162176428,10,3
a83e08fa-83cc-11ea-965f-b88a60e194fb,crmid:2888421344,8,5
a83fb624-83cc-11ea-83da-b88a60e194fb,crmid:5314120066,8,6
a841650a-83cc-11ea-8a5a-b88a60e194fb,crmid:4957286866,3,8
a8431194-83cc-11ea-89a7-b88a60e194fb,crmid:6870170514,4,8
a8449978-83cc-11ea-b25b-b88a60e194fb,crmid:8547973033,8,2
a8461ede-83cc-11ea-8dda-b88a60e194fb,crmid:9439174694,8,5
a847f390-83cc-11ea-bcf0-b88a60e194fb,crmid:5972101945,5,7
a84a8b9e-83cc-11ea-be6f-b88a60e194fb,crmid:4007922209,3,9
a84c395c-83cc-11ea-a702-b88a60e194fb,crmid:2566182436,8,4
a84e3598-83cc-11ea-bb00-b88a60e194fb,crmid:9901088537,4,7
a84fe3a4-83cc-11ea-9cae-b88a60e194fb,crmid:7700004515,8,4
a851908c-83cc-11ea-8f23-b88a60e194fb,crmid:2162539423,4,7
a8538c5c-83cc-11ea-b97e-b88a60e194fb,crmid:7769255432,9,4
a854ec24-83cc-11ea-93b1-b88a60e194fb,crmid:2902197670,9,5
a8569b34-83cc-11ea-8be2-b88a60e194fb,crmid:5298097694,4,7
a8586f9e-83cc-11ea-b460-b88a60e194fb,crmid:3768084105,4,9
a859cf42-83cc-11ea-b9d7-b88a60e194fb,crmid:8607017131,6,5
a85b7cfe-83cc-11ea-b7ec-b88a60e194fb,crmid:8615472473,8,4
a85d2924-83cc-11ea-abcd-b88a60e194fb,crmid:6380495333,4,8
a85eafba-83cc-11ea-b61f-b88a60e194fb,crmid:5484805545,3,8
a8608478-83cc-11ea-9210-b88a60e194fb,crmid:9699742843,4,8
a8623236-83cc-11ea-bb41-b88a60e194fb,crmid:4582563103,4,9
a86391b8-83cc-11ea-8d56-b88a60e194fb,crmid:9615971841,10,4
a8658ee8-83cc-11ea-bf4c-b88a60e194fb,crmid:3163355446,10,5
a8673b34-83cc-11ea-99ba-b88a60e194fb,crmid:2850039632,7,4
a8695e3a-83cc-11ea-a474-b88a60e194fb,crmid:7880000050,9,3
a86b0bac-83cc-11ea-8a1e-b88a60e194fb,crmid:5325076389,3,9
a86cb964-83cc-11ea-8ba5-b88a60e194fb,crmid:4784514669,4,8
a86e4012-83cc-11ea-b00f-b88a60e194fb,crmid:5280582435,9,5
a87014cc-83cc-11ea-b2d2-b88a60e194fb,crmid:5540907062,8,3
a8719b6c-83cc-11ea-a4ab-b88a60e194fb,crmid:2275893879,2,9
a873220c-83cc-11ea-b62d-b88a60e194fb,crmid:1750306280,5,6
a8751f40-83cc-11ea-8750-b88a60e194fb,crmid:8075232524,6,7
a876a494-83cc-11ea-ac85-b88a60e194fb,crmid:5377161841,6,5
a8793e24-83cc-11ea-9cb3-b88a60e194fb,crmid:9871386910,3,8
a87ac430-83cc-11ea-8ba6-b88a60e194fb,crmid:8789835655,5,7
a87c49c6-83cc-11ea-820d-b88a60e194fb,crmid:3780832287,8,3
a87df786-83cc-11ea-9a39-b88a60e194fb,crmid:5338100289,8,4
a87f7f8c-83cc-11ea-9e36-b88a60e194fb,crmid:6699660878,3,8
a8810624-83cc-11ea-bf6a-b88a60e194fb,crmid:5843064175,3,8
a88265b4-83cc-11ea-9b3e-b88a60e194fb,crmid:5813191865,5,8
a8843902-83cc-11ea-be50-b88a60e194fb,crmid:1957508455,5,5
a885e6b4-83cc-11ea-90c3-b88a60e194fb,crmid:9948466589,3,8
a8876d4a-83cc-11ea-98c6-b88a60e194fb,crmid:5462214966,8,4
a8891b06-83cc-11ea-90ee-b88a60e194fb,crmid:1339583939,8,7
a88aa1a2-83cc-11ea-8ae0-b88a60e194fb,crmid:4613330705,9,4
a88c2838-83cc-11ea-a71b-b88a60e194fb,crmid:7407089473,3,10
a88dd5dc-83cc-11ea-a568-b88a60e194fb,crmid:5013799127,4,8
a88f5c86-83cc-11ea-947c-b88a60e194fb,crmid:3046207330,10,4
a8910b9c-83cc-11ea-9a6e-b88a60e194fb,crmid:3661565852,4,9
a892b94c-83cc-11ea-91d4-b88a60e194fb,crmid:5857341688,3,7
a89466ba-83cc-11ea-ba5f-b88a60e194fb,crmid:9615392043,9,3
a896146e-83cc-11ea-88c2-b88a60e194fb,crmid:4004760564,3,9
a897e978-83cc-11ea-861b-b88a60e194fb,crmid:4361422567,3,10
a899479e-83cc-11ea-932d-b88a60e194fb,crmid:1360665856,9,2
a89af6de-83cc-11ea-910d-b88a60e194fb,crmid:9913578818,3,7
a89c2e1c-83cc-11ea-8ba4-b88a60e194fb,crmid:9558136100,2,9
a89db5ca-83cc-11ea-b6fe-b88a60e194fb,crmid:8867356196,6,3
a89f3cfa-83cc-11ea-aad2-b88a60e194fb,crmid:1994386419,3,7
a8a09a88-83cc-11ea-9f7c-b88a60e194fb,crmid:1314441139,9,3
a8a2212e-83cc-11ea-ab60-b88a60e194fb,crmid:3674632357,8,4
a8a33298-83cc-11ea-97e8-b88a60e194fb,crmid:6680918726,8,5
a8a50762-83cc-11ea-86cd-b88a60e194fb,crmid:8965276317,3,8
a8a72a40-83cc-11ea-9da8-b88a60e194fb,crmid:4294165167,7,3
a8a8b0d2-83cc-11ea-87a1-b88a60e194fb,crmid:7609802946,4,8
a8aa376c-83cc-11ea-8fa3-b88a60e194fb,crmid:9739328748,8,2
a8abe52e-83cc-11ea-8c91-b88a60e194fb,crmid:4195808808,4,8
a8ad6d1e-83cc-11ea-b97b-b88a60e194fb,crmid:8016543280,3,9
a8af1ac0-83cc-11ea-818a-b88a60e194fb,crmid:9305448168,7,3
a8b07946-83cc-11ea-9bc2-b88a60e194fb,crmid:6257530247,5,9
a8b227f0-83cc-11ea-8f52-b88a60e194fb,crmid:1249052581,4,7
a8b3d5e8-83cc-11ea-91c9-b88a60e194fb,crmid:8764316286,8,2
a8b53562-83cc-11ea-8e92-b88a60e194fb,crmid:7496724097,4,8
a8b6e32c-83cc-11ea-b1cb-b88a60e194fb,crmid:3431495890,8,6
a8b8b7dc-83cc-11ea-afaa-b88a60e194fb,crmid:5210060474,6,3
a8ba3e58-83cc-11ea-a3ad-b88a60e194fb,crmid:9048572844,8,5
a8bbebae-83cc-11ea-bf8d-b88a60e194fb,crmid:6208665531,4,8
a8bd9892-83cc-11ea-a6bf-b88a60e194fb,crmid:3123972319,5,7
a8bef7fe-83cc-11ea-9b2a-b88a60e194fb,crmid:3170832634,8,5
a8c0a74c-83cc-11ea-9532-b88a60e194fb,crmid:9382059984,9,6
a8c27a5e-83cc-11ea-992a-b88a60e194fb,crmid:7723136155,8,3
a8c40200-83cc-11ea-ad5d-b88a60e194fb,crmid:3323922704,3,10
a8c5aeac-83cc-11ea-a9cf-b88a60e194fb,crmid:1625906324,2,6
a8c73554-83cc-11ea-af6e-b88a60e194fb,crmid:6321410355,3,7
a8c90b70-83cc-11ea-80f1-b88a60e194fb,crmid:7979720233,9,4
a8cab910-83cc-11ea-a3c1-b88a60e194fb,crmid:1571899407,5,7
a8cc189c-83cc-11ea-97d2-b88a60e194fb,crmid:3513683462,6,3
a8ce131e-83cc-11ea-a8c8-b88a60e194fb,crmid:3190870031,4,8
a8cfc0da-83cc-11ea-ab80-b88a60e194fb,crmid:4195425775,5,8
a8d1205e-83cc-11ea-832a-b88a60e194fb,crmid:8274615952,5,7
a8d2f69e-83cc-11ea-abb6-b88a60e194fb,crmid:6757885611,9,3
a8d4a2cc-83cc-11ea-9172-b88a60e194fb,crmid:4624698747,7,4
a8d6294a-83cc-11ea-aaea-b88a60e194fb,crmid:6984675271,7,4
a8d7ff3a-83cc-11ea-ba9e-b88a60e194fb,crmid:5862703831,8,2
a8d9fb0a-83cc-11ea-8a06-b88a60e194fb,crmid:6701605870,9,4
a8dc6bb6-83cc-11ea-8911-b88a60e194fb,crmid:2492750204,4,8
a8de8dc0-83cc-11ea-b32d-b88a60e194fb,crmid:2963279026,8,5
a8e08988-83cc-11ea-8226-b88a60e194fb,crmid:6277500171,8,3
a8e2fa8c-83cc-11ea-b435-b88a60e194fb,crmid:9252172150,10,3
a8e51d52-83cc-11ea-9b4f-b88a60e194fb,crmid:5438541119,6,6
a8e6a3f6-83cc-11ea-937f-b88a60e194fb,crmid:3862393399,3,7
a8e82a98-83cc-11ea-a1c2-b88a60e194fb,crmid:9360379085,9,4
a8ea4d7e-83cc-11ea-b178-b88a60e194fb,crmid:2495868495,7,3
a8ec7054-83cc-11ea-8497-b88a60e194fb,crmid:9777484576,5,8
a8ee6c6c-83cc-11ea-b7fb-b88a60e194fb,crmid:4468079724,5,8
a8f3003e-83cc-11ea-bc97-b88a60e194fb,crmid:6689652904,7,3
a8f522f6-83cc-11ea-bf12-b88a60e194fb,crmid:4690436239,4,8
a8f6d090-83cc-11ea-9870-b88a60e194fb,crmid:9853626066,8,3
a8f8a7fe-83cc-11ea-9dc1-b88a60e194fb,crmid:8524195494,4,8
a8fa5350-83cc-11ea-9303-b88a60e194fb,crmid:3924446619,10,3
a8fbdb02-83cc-11ea-b158-b88a60e194fb,crmid:4552353118,5,9
a8fd88e8-83cc-11ea-ab23-b88a60e194fb,crmid:4548527563,8,3
a8ff34e6-83cc-11ea-9784-b88a60e194fb,crmid:6385637790,3,8
a900e422-83cc-11ea-b731-b88a60e194fb,crmid:4102187732,4,8
a90291dc-83cc-11ea-97eb-b88a60e194fb,crmid:5690622932,7,4
a9041864-83cc-11ea-a3f1-b88a60e194fb,crmid:8422756794,7,4
a905ebb4-83cc-11ea-80df-b88a60e194fb,crmid:2502548664,5,7
