crmid,email,first_name,last_name,gender,mobile telephone,city,country,zip,state,street address,birthday,creditrating
crmid:9409158898,aywie2026@outlook.com,Ashlyn,Irwin,female,433-411-6223,Colorado Springs,United States,05544,Missouri,700 Diamond,1949-01-15,927
crmid:3614624439,analyst2000@yandex.com,Wyatt,Potts,,326-720-3578,Gretna,United States,17177,Arkansas,800 Otsego,1968-02-27,2785
crmid:9543503510,alvera2059@yandex.com,Mitzie,Jacobson,female,525-817-4761,Erie,United States,32552,Oregon,371 Comerford,1960-07-15,586
crmid:6845611915,complement1939@yahoo.com,Kaci,Owen,female,348-994-7682,Oakley,United States,81670,Kentucky,165 Raccoon,1949-04-22,2189
crmid:3631430692,alexas1911@yandex.com,Franklyn,Bowers,male,096-545-0571,South Lake Tahoe,United States,00150,Washington,906 Vassar,1941-04-03,1515
crmid:8537893171,falls1961@yahoo.com,Foster,Bowen,male,825-264-3238,Streamwood,United States,00490,Iowa,420 Townsend,1931-04-03,1293
crmid:1585578302,janitors2058@yandex.com,James,Wood,male,212-546-3110,Altamonte Springs,United States,21982,Hawaii,455 Harbor,1931-05-31,2337
crmid:2355950716,brack1818@live.com,Darius,Dorsey,,495-384-1165,Merced,United States,12244,Arizona,864 Capen,1989-04-16,957
crmid:9017790977,rooky2058@outlook.com,Heath,Webb,male,775-709-2873,Aventura,United States,69097,West Virginia,628 Wright,1935-10-09,1040
crmid:9497121644,procline2054@yahoo.com,Garrett,Lucas,male,633-226-1187,Bellwood,United States,23904,Kentucky,1092 Miller,1937-04-18,1799
crmid:6927493619,floods1885@yandex.com,Reggie,Gallagher,,606-620-0647,Park Forest,United States,84084,Kansas,342 Zoo,1997-08-26,2181
crmid:7880726725,adapa1927@gmail.com,Everett,Joyner,,560-685-4078,Gary,United States,48210,Washington,1066 Homer,1965-08-20,631
crmid:2662748728,ashlin1836@live.com,Mathilde,Hart,female,537-479-7256,Easley,United States,33819,Wisconsin,722 Seville,1956-06-13,1018
crmid:5934718458,carayan1998@yandex.com,Deshawn,Peterson,male,688-086-1041,North Port,United States,58971,Alaska,503 Avenue I,1999-10-02,2963
crmid:9763758522,bohdan1844@outlook.com,Wilton,Sharpe,,329-836-1685,Springboro,United States,72255,Wyoming,1165 Carson,1968-08-10,558
crmid:4837124005,descended1966@gmail.com,Joline,Sexton,female,161-714-7355,Rancho Cordova,United States,52037,Arizona,230 Crown,1952-04-26,2516
crmid:8413218473,swingaround1909@gmail.com,Raymon,Sanders,,209-506-4459,Lynn,United States,46752,Indiana,1208 Hunter,1985-08-05,1148
crmid:5167624667,torpedos1957@yahoo.com,Marvella,Rios,female,275-413-4064,Corsicana,United States,36092,Texas,808 Treasury,1951-06-25,2080
crmid:3616833760,soundless1930@outlook.com,Isiah,Russell,,786-665-1922,Lee's Summit,United States,27928,Ohio,522 Page,1982-04-07,1178
crmid:7972042348,dimetry1915@outlook.com,Weldon,Hess,,112-151-9467,Kearny,United States,48558,Iowa,390 Delta,1976-07-08,2158
crmid:4050527554,alaite1828@live.com,Toby,Johnston,,860-785-9760,Melrose,United States,85554,Hawaii,86 Bitting,1989-09-15,624
crmid:8782505194,critter1845@live.com,Domingo,Wyatt,male,067-872-9772,Asheboro,United States,99479,New Jersey,45 Bernal Heights,1934-03-27,1588
crmid:4179011537,agnatha2043@yandex.com,Soo,Davidson,female,156-246-4826,Mount Vernon,United States,14197,New Mexico,258 Montcalm,1994-03-20,1123
crmid:3492327052,drover1828@yahoo.com,Alva,Clarke,,853-995-8660,Lenexa,United States,09914,Utah,1128 Dore,1982-01-22,1129
crmid:3040151434,overgratefulness1902@gmail.com,Julius,Lindsay,,905-019-7114,Lynn,United States,95305,Nevada,904 Battery Wagner,1985-06-19,2309
crmid:5903729376,jinkle2001@outlook.com,Wilhemina,Lester,female,713-127-2393,Westmont,United States,92969,Ohio,1045 Topeka,1960-11-22,1686
crmid:3611411313,cat2060@yandex.com,Jen,Bowen,female,285-002-6256,Shelby,United States,17025,Iowa,424 Greely,1955-12-25,1361
crmid:7486645420,therapy1928@yandex.com,Tristan,Garner,,160-900-9980,Ocala,United States,41832,Oregon,242 Hopkins,1990-05-05,507
crmid:8357982398,aspiring1861@outlook.com,Dave,Trujillo,,022-182-4068,Pickerington,United States,73515,Delaware,45 White,1982-05-13,1604
crmid:6853760718,boiko1987@outlook.com,Cristie,Graves,female,127-911-5185,Clearwater,United States,17762,Missouri,875 Hayes,1948-02-12,2817
crmid:8129065701,unjewelled1965@live.com,Hobert,Sparks,male,229-277-0826,Skokie,United States,60246,Massachusetts,605 Sproule,1935-05-27,2246
crmid:9413224113,pyrogenicity1870@yahoo.com,Merlin,Jimenez,,096-669-8780,Mandan,United States,03545,Oregon,739 Brookdale,1986-01-29,2827
crmid:4440731806,mongrel1903@gmail.com,Jessie,Wright,male,404-849-2317,Summit,United States,69319,Indiana,693 Sergeant John V Young,1933-05-31,901
crmid:1162620000,peery1895@gmail.com,Landon,Palmer,male,871-060-2074,Cabot,United States,30714,Michigan,341 Stockton,1943-06-22,1968
crmid:4123859831,automatic1918@yahoo.com,Apolonia,Duncan,female,662-744-2060,Chico,United States,70830,Iowa,1387 Berry,1947-01-09,486
crmid:3333422203,coccids1863@yahoo.com,Scot,Merritt,,844-132-5134,Santa Monica,United States,57735,Kentucky,1377 Cowell,1995-07-25,1265
crmid:9208539298,craniospinal1842@yahoo.com,Nicolas,Collins,,637-679-8204,Murrysville,United States,95734,South Dakota,877 Mcdowell,1994-10-11,1143
crmid:5044700581,darrin2031@live.com,Alton,Durham,,693-329-6700,Poway,United States,39104,New Hampshire,1380 Venus,1981-01-06,1509
crmid:8416445910,pimplinae1863@outlook.com,Arcelia,Finch,female,965-012-6045,Nashville,United States,12077,Utah,1117 Henry,1995-03-01,514
crmid:2812985460,astronautic1942@yandex.com,Emilio,Wolfe,,038-996-0976,Miramar,United States,23181,Louisiana,43 Robinson,1991-05-25,1354
crmid:6024188895,steadiest2009@outlook.com,Ignacio,Cantrell,,385-467-8493,Redlands,United States,86593,South Dakota,890 Avenue H,1997-10-30,1692
crmid:6960688653,ababa1859@gmail.com,Sheldon,Rollins,male,626-118-3826,Cathedral City,United States,97771,North Carolina,247 Homewood,1945-09-25,1537
crmid:5392331546,clubbily1845@yahoo.com,Tobias,Burns,male,082-641-2522,Anniston,United States,53008,Kentucky,721 Post,1933-09-04,2159
crmid:7503862928,berberine1894@outlook.com,Candra,Hayes,female,853-270-1754,Detroit,United States,07566,Mississippi,1280 Waithman,1954-02-13,605
crmid:6456860582,numbat2031@yandex.com,Young,Banks,,333-111-8264,Klamath Falls,United States,99500,Alabama,776 Megan,1978-05-31,367
crmid:1932991275,artur2039@yahoo.com,Jae,Simpson,,064-045-3776,Stevens Point,United States,51538,Maine,1233 Sixth,1999-08-06,1669
crmid:5864869859,exfoliate2009@gmail.com,Allena,West,female,824-715-7968,Covington,United States,99874,California,774 Jansen,1951-01-30,1410
crmid:1934429882,aviation1990@live.com,Randy,Ochoa,male,092-792-3293,Central Point,United States,66637,Nebraska,476 Hardie,1945-10-15,1343
crmid:2460857963,tuatara2067@live.com,Jackie,Snow,male,779-106-6427,New Bedford,United States,08961,Ohio,257 Ludlow,1995-01-09,1955
crmid:7313791667,rallier1983@yandex.com,Val,Neal,male,070-694-9874,Banning,United States,76668,South Dakota,247 Bridgeview,1936-09-21,2469
crmid:5231079383,trytophan1802@yahoo.com,Jordon,Yates,male,840-365-9894,Anchorage,United States,96976,Washington,2 Ahern,1932-12-11,2388
crmid:6647767755,peacocked1810@live.com,Nathanial,Byrd,,165-051-8061,South Milwaukee,United States,67799,Delaware,859 Trader Vic,1983-11-25,2702
crmid:2873118884,inexplicit2017@live.com,Darrel,Solis,,004-272-4674,Leominster,United States,09827,Nevada,850 Broad,1982-01-01,1386
crmid:5228109180,ustilaginaceous1927@live.com,Harrison,Byers,,662-817-9778,Portland,United States,86223,Kansas,1298 Corona,1992-11-14,1743
crmid:1427160586,failsafe1878@gmail.com,Fletcher,Rose,,912-259-6942,Winston-Salem,United States,38477,Arkansas,314 Gateview 3,1972-05-14,2729
crmid:7516602890,quantifiers1897@outlook.com,Lanny,Henderson,,162-732-6960,Largo,United States,20361,Florida,1242 Potomac,1980-05-15,1683
crmid:8432666200,daleth1861@gmail.com,Buford,Wiley,,751-656-8115,Shelton,United States,63709,Arkansas,246 Ellington,1991-06-17,2696
crmid:7742529914,exogen1878@gmail.com,Demetrius,Fischer,,173-691-0098,Freeport,United States,70227,Montana,482 Dorcas,1964-12-31,1683
crmid:2011736667,blackens1874@outlook.com,Clifford,Huber,,001-730-1173,Inkster,United States,43490,Georgia,174 Anzavista,1974-08-10,2437
crmid:1173891953,alcalde1954@gmail.com,Rodrick,Barton,,003-126-5435,Goodlettsville,United States,67137,Pennsylvania,93 Silver,1967-10-29,1588
crmid:4233557144,macrophyllous1946@outlook.com,Orville,Velazquez,,835-942-9693,Modesto,United States,25889,Texas,1040 Ridgewood,1992-04-19,710
crmid:8989787381,lollygag1818@outlook.com,Suellen,Mclean,female,700-295-0664,Copperas Cove,United States,94798,Virginia,965 Bannock,1950-08-19,2534
crmid:8957119162,ardea1859@yandex.com,Bill,Russo,male,502-773-0209,Carbondale,United States,08815,Alabama,529 Robblee,1944-01-26,777
crmid:1678306872,ardith2067@yahoo.com,Illa,Kaufman,female,801-619-3257,Walker,United States,18438,New Jersey,1163 Birmingham,1951-11-28,744
crmid:1941739205,notifying2038@outlook.com,Seymour,Cochran,,348-744-4594,Los Angeles,United States,25119,Michigan,861 San Miguel,1984-04-01,683
crmid:1710950739,unladylike1878@live.com,Hunter,Nelson,,780-293-3489,Macon,United States,29066,Minnesota,427 Dow,1985-05-28,2719
crmid:3903668906,medicodental1899@gmail.com,Samual,Barton,,832-160-9017,Fullerton,United States,84557,Montana,872 Forest View,1964-12-15,1411
crmid:8495219149,nebraskan1986@outlook.com,Carmelo,Ochoa,,793-203-9792,Kokomo,United States,88490,Oregon,1359 Milan,1978-06-29,2390
crmid:6604040828,pastorale2000@outlook.com,Elvis,Marquez,male,107-804-2582,Bothell,United States,15582,California,1013 Tacoma,1940-03-18,2110
crmid:3088753336,falcon1820@gmail.com,Miquel,Bender,male,056-675-4018,Bonita Springs,United States,47079,Alabama,760 Vallejo,1940-07-02,1049
crmid:5592215023,pennia2029@live.com,Carol,Sampson,,956-502-9072,Franklin,United States,69777,Missouri,917 Garces,1963-10-20,1337
crmid:1867826411,educable1970@yandex.com,Harris,Adkins,,527-782-5822,Rogers,United States,68433,Alabama,713 Helena,1993-02-12,1405
crmid:9923930189,nightingale1930@yahoo.com,Owen,Dodson,,212-583-3953,Forest Lake,United States,05292,Iowa,1012 Congo,1962-02-14,1073
crmid:2084692440,aurevoir1817@gmail.com,Junita,Herring,female,426-204-2031,Salinas,United States,92072,New York,1240 Hazelwood,1957-04-13,2300
crmid:1210172800,colleague1856@gmail.com,Brant,Duffy,male,556-464-7937,Santa Cruz,United States,10015,Oklahoma,889 Ivy,1945-10-02,2382
crmid:5613563789,darkness1865@live.com,Raleigh,Carlson,male,034-891-8379,Benton,United States,61149,New Hampshire,153 Amatury,1938-12-15,479
crmid:9930581265,hypoergic1832@yandex.com,Otis,Yates,,009-288-5608,San Angelo,United States,30089,Iowa,129 Belle,1976-09-01,2924
crmid:3100078599,bianka2069@yandex.com,Vincenzo,Duke,,455-213-4466,Machesney Park,United States,07021,North Dakota,1017 Rivas,1985-01-25,2072
crmid:6000544393,camelus1973@yahoo.com,Mahalia,Mcfadden,female,113-958-2046,Shoreview,United States,72539,Vermont,226 Evans,1960-06-19,2220
crmid:2191841437,bluegums1989@yahoo.com,Dudley,Park,male,253-582-5006,Bryan,United States,16657,Michigan,905 Vista View,1942-03-22,947
crmid:3688881175,wards1828@live.com,Roman,Mcconnell,male,758-774-9078,Bellflower,United States,44075,Wyoming,835 Patten,1937-08-19,681
crmid:7962403175,angiotomy2036@gmail.com,Marvella,Allen,female,387-695-1270,Cleveland Heights,United States,30643,Florida,824 Quesada,1948-06-01,515
crmid:5279380149,undialled1828@gmail.com,Rashad,Morton,,234-873-9700,Johns Creek,United States,45678,Arkansas,548 Gateview 1,1975-07-06,1154
crmid:8284916397,blissfully2032@yandex.com,Lamont,Ramirez,,362-167-5104,Vancouver,United States,47138,Colorado,656 Saint Croix,1986-01-25,2939
crmid:5892435904,bandager1838@outlook.com,Shirley,Long,male,470-795-9388,Northampton,United States,99856,California,855 Brookhaven,1999-12-27,471
crmid:4962332668,castilian1898@live.com,Shani,Hoover,female,279-765-7069,South Burlington,United States,28468,Washington,357 Forest Knolls,1957-08-14,1093
crmid:6158432258,buggyman1896@yahoo.com,Chas,Peters,male,388-573-7398,Boynton Beach,United States,67493,Alaska,575 Harriet,1940-10-03,2308
crmid:4573508732,pleurotoma1979@yahoo.com,Leighann,Patel,female,381-725-6920,Commerce City,United States,59659,Montana,268 Rebecca,1949-10-20,914
crmid:9884343699,unshackled1990@live.com,Perry,Valencia,male,226-669-6487,Winston-Salem,United States,08843,Maine,1295 Kearny,1939-08-29,2967
crmid:4719049283,wryest2034@gmail.com,Micah,Zamora,female,698-198-4890,Commerce City,United States,30469,New Jersey,1224 Fisher,1949-06-03,2440
crmid:4413833817,archfiend1881@live.com,Malika,Beck,female,233-157-4067,Chowchilla,United States,34123,Maryland,391 Greenwich,1947-06-02,1395
crmid:6873898902,megaword1898@live.com,Zackary,Booth,male,945-062-5327,Alamogordo,United States,90476,South Dakota,492 San Antonio,1930-10-03,1373
crmid:7467713013,carnations1907@yandex.com,Luke,Wagner,male,575-716-5394,Port St. Lucie,United States,73225,Wisconsin,1037 Harkness,1936-06-30,1587
crmid:3274941058,unboldly1952@gmail.com,Billie,Riddle,,143-285-1903,Massillon,United States,20735,Maryland,1222 Columbia Square,1988-05-06,688
crmid:3723059427,cantharis2021@yahoo.com,Denis,Hurley,male,020-949-0668,Pine Bluff,United States,01835,Washington,316 Retiro,1941-03-15,766
crmid:2658079472,dalcassian1809@yandex.com,Landon,Acevedo,,380-071-7288,Knoxville,United States,88309,Alaska,651 Rutland,1978-04-28,2435
crmid:2636434592,amorim2011@yandex.com,Stacy,Parks,,406-761-7873,Sunnyvale,United States,89745,Idaho,1392 Talbert,1973-12-10,2154
crmid:2082200335,switchers1900@yandex.com,Sidney,Harmon,male,953-855-9002,Asheville,United States,59804,South Carolina,261 Woodacre,1934-09-13,2328
crmid:1722231386,wrecker2053@outlook.com,Julieann,Stokes,female,821-879-8335,Columbia,United States,25482,Georgia,352 Seawell,1949-04-28,1126
crmid:9873474302,arles1855@outlook.com,Marty,Murray,,127-893-9567,Lomita,United States,65178,South Dakota,1316 Osage,1984-11-01,910
crmid:1696900552,blowing1984@yandex.com,Elton,Espinoza,male,680-940-0807,Peachtree City,United States,01293,Utah,58 Castenada,1933-03-09,1607
crmid:7255071580,astor1878@yahoo.com,Carmen,Gilmore,,907-099-1410,Germantown,United States,63736,Georgia,231 Perego,1966-11-03,2254
crmid:2341473348,profiler1952@yahoo.com,Fernando,Benson,male,633-384-7273,Ashland,United States,23263,Massachusetts,700 Saint Germain,1934-04-02,2998
crmid:8307109545,penning2037@yandex.com,Amberly,Jenkins,female,805-755-7511,Eastlake,United States,08865,Kansas,119 Acme,1957-01-15,2566
crmid:6830705203,meatmen2060@yahoo.com,Kory,Patrick,,474-133-1275,Roseville,United States,23668,North Carolina,900 North View,1964-05-12,2390
crmid:5054659135,bigots1925@yandex.com,Les,Carney,male,962-601-3871,Campbell,United States,36360,Illinois,166 Greenough,1944-06-05,1633
crmid:7523860385,necrosis1968@yahoo.com,Evan,Hahn,,001-702-1094,Hendersonville,United States,69417,Kentucky,676 Moultrie,1971-11-05,929
crmid:4911711494,passwords1836@yahoo.com,Bud,Hickman,,118-228-3653,Palm Desert,United States,36660,New Hampshire,840 Bucareli,1970-10-21,2505
crmid:2013134520,cheques1897@yahoo.com,Buford,Rosales,male,495-061-8549,Paso Robles,United States,90214,New Mexico,21 Touchard,1944-02-25,2771
crmid:7649577922,cercopithecus1951@yandex.com,Roderick,Fuentes,,678-006-5587,Keene,United States,04418,Virginia,894 Alana,1976-01-08,755
crmid:2595801008,razzmatazz1877@outlook.com,Cecil,Jackson,male,990-641-3724,Pittsburgh,United States,08470,California,197 Shrader,1933-02-15,611
crmid:3044377961,decoupage1837@gmail.com,Phillip,Miles,,253-591-8516,Houma,United States,02874,Delaware,309 Burns,1973-01-25,2963
crmid:4471349259,caelus1889@yandex.com,Zenobia,Wells,female,949-258-8505,Santa Fe Springs,United States,55168,Illinois,1399 Sharp,1998-03-18,674
crmid:7644911035,lynx1939@outlook.com,Edward,Randall,female,795-989-8777,New Berlin,United States,79718,Wisconsin,573 Wildwood,1996-12-07,1771
crmid:4433828097,oryx1869@yandex.com,Timothy,Gilliam,,959-266-8583,Little Elm,United States,78646,Michigan,410 Delgado,1983-02-28,2304
crmid:9168151600,dadaism2055@outlook.com,Malcom,Mayo,,720-637-4317,McKinney,United States,36536,New York,612 Potrero,1988-06-23,1433
crmid:3306281305,noblify1963@yahoo.com,Lauren,House,male,812-783-0159,Bloomingdale,United States,32381,Maine,1291 Augusta,1939-06-14,1496
crmid:6944191001,alist2061@outlook.com,Antonio,Heath,male,484-635-4396,Carrollton,United States,05749,Illinois,1297 Romain,1944-01-13,2858
crmid:6773233313,encephaloscopy1806@live.com,Sidney,Middleton,,763-572-5335,Gary,United States,62763,South Carolina,699 Sparrow,1965-11-21,1953
crmid:1670732038,scoot2069@live.com,Stewart,Campbell,,797-069-0220,Vernon Hills,United States,94531,Utah,275 Utah,1985-09-19,1196
crmid:3825715391,philepitta1829@gmail.com,Felipe,Simon,male,535-687-4046,Casselberry,United States,88721,Tennessee,828 Storey,1945-04-27,1113
crmid:1808415162,fumarases2069@gmail.com,Claude,Beasley,,160-402-7916,Mobile,United States,44800,North Dakota,327 Ellsworth,1992-08-18,602
crmid:5443718064,dupree1913@gmail.com,Hai,Buckley,male,008-856-1685,Bethany,United States,79128,Iowa,180 Bigler,1938-12-31,671
crmid:4580015408,chaka2022@gmail.com,Raymon,Mayer,,017-476-5323,White Plains,United States,34794,Arkansas,818 Revello,1974-12-16,703
crmid:1602884869,rolfers1998@live.com,Jamie,Reese,,709-402-8482,Lackawanna,United States,01924,Missouri,759 East Fort Miley,1979-01-27,809
crmid:8481047216,eliminable1917@yandex.com,Maybell,Holmes,female,326-171-7531,Rancho Cucamonga,United States,13282,Mississippi,495 Great,1946-06-14,2692
crmid:8078416864,dorelia1922@outlook.com,Maragret,Gordon,female,752-725-9927,Fairview Heights,United States,36687,Kansas,1328 Simonds,1961-06-12,2252
crmid:6664365282,chlorophane2020@yandex.com,Aubrey,Zamora,,874-544-1799,Greer,United States,80026,Montana,976 San Diego,1968-05-03,445
crmid:1285796074,unstrict1857@yandex.com,Tamie,Pope,female,268-824-8932,Oakley,United States,27012,South Carolina,437 Lauren,1958-08-23,810
crmid:3280665809,fumarases1902@live.com,Kelley,Huff,,424-796-6116,Freeport,United States,68964,New Jersey,412 Science,1964-12-01,2014
crmid:9224261491,dhurrie2069@yandex.com,Clifton,Rowland,,658-970-7956,North Little Rock,United States,42161,Pennsylvania,1085 Turquoise,1998-07-16,934
crmid:5299548201,angelo1952@yandex.com,Danny,Atkinson,,355-110-8447,Grand Prairie,United States,02118,Maryland,701 Ashton,1967-01-07,1673
crmid:6227108329,ibis2025@outlook.com,Wilmer,Carney,,233-870-2823,San Jacinto,United States,62555,New Hampshire,551 La Playa,1978-05-18,570
crmid:9949478162,weedlike1877@outlook.com,Jermaine,Solis,,700-465-3720,Moses Lake,United States,05869,Georgia,254 Baker,1993-02-16,614
crmid:3170817494,anesthetize1923@gmail.com,Carroll,Kinney,,431-644-7734,Shawnee,United States,47200,Nebraska,186 Heritage,1984-07-26,1229
crmid:1940564447,briel1893@yahoo.com,Pok,Brennan,female,563-208-3367,Enterprise,United States,43156,Maryland,579 Berry Extension,1960-07-04,672
crmid:3517384816,unprecipitantly1842@yahoo.com,Shane,Boyle,female,910-062-7166,Palmdale,United States,15439,Minnesota,219 Tomaso,1946-12-20,1925
crmid:6341516614,italy1948@gmail.com,Tyree,Flores,,951-466-5088,Normal,United States,92072,Indiana,594 View,1998-08-09,1532
crmid:2671158859,cites1937@yahoo.com,Ali,Floyd,male,974-971-2313,Walla Walla,United States,88627,Ohio,781 Jennifer,1933-11-20,2097
crmid:6835713176,electrocute2001@yahoo.com,Eugenio,Marks,male,362-721-3924,Shoreview,United States,70577,New Mexico,1369 Nantucket,1930-04-18,2237
crmid:6995385984,thoughtfree1932@yahoo.com,Jose,Decker,male,280-486-3253,Bowie,United States,38363,Oregon,106 Panorama,1940-06-08,2958
crmid:7287850519,clavodeltoid2054@outlook.com,Bobby,Carney,,793-040-4161,Laramie,United States,00126,Wyoming,540 Mammon,1980-02-03,1847
crmid:5346499802,dogman1850@yandex.com,Raul,Kramer,,837-544-8808,West Valley City,United States,37884,Hawaii,201 Aspen,1980-12-24,2992
crmid:3080377363,emotionalist1856@yandex.com,Luke,Hudson,male,669-912-1065,Tracy,United States,90472,Minnesota,318 Fitch,1941-06-15,2824
crmid:1613744262,scissor2052@yahoo.com,Shizuko,Petty,female,143-702-6109,Cudahy,United States,47057,Oklahoma,45 Navajo,1952-08-23,1312
crmid:5271324350,tenons1938@yahoo.com,Jame,Mckinney,,233-865-1482,Goose Creek,United States,75323,Louisiana,1335 Hunters Point,1967-11-19,2607
crmid:1681016114,ventages1822@yahoo.com,Zachery,Wall,,274-363-5879,Garland,United States,67965,Kentucky,92 Rey,1965-12-02,1181
crmid:1582636428,pediatric1972@live.com,Frederick,Morin,,849-330-9341,Santee,United States,33264,Michigan,676 Olive,1969-01-10,2429
crmid:2717066640,serosa1970@gmail.com,Christian,Deleon,,392-621-5772,Richardson,United States,39657,Connecticut,135 Hamilton,1979-10-10,993
crmid:6945821451,cobwebs2068@yahoo.com,Kenneth,Rodriguez,male,203-515-9312,Bridgeton,United States,77100,North Dakota,520 Mullen,1941-06-25,609
crmid:8648591622,alkyds1880@yandex.com,Elane,Dudley,female,700-276-1579,Edwardsville,United States,78816,Florida,323 Leona,1958-10-26,2197
crmid:1590866172,cannibal1977@yandex.com,Dino,Hardin,,660-697-4036,Herriman,United States,85879,Missouri,895 Fell,1971-10-19,1166
crmid:3595695859,barmecide1963@yandex.com,Cassey,Shelton,female,614-347-1356,Nacogdoches,United States,15781,West Virginia,1356 Macondray,1995-03-31,1932
crmid:1861799832,buxom1822@yahoo.com,Ewa,Byrd,female,850-775-5237,Thousand Oaks,United States,61930,Montana,698 Castle,1952-03-05,796
crmid:5183033397,unebriate1838@yahoo.com,Emery,Dillon,male,705-883-7925,Altus,United States,16307,Alabama,558 Rio Verde,1932-03-08,2753
crmid:3831845870,monogamous2038@gmail.com,Adolph,Mendoza,,710-692-1262,Tupelo,United States,88659,North Dakota,1071 Felix,1998-08-20,995
crmid:9514805213,landowning1896@gmail.com,Paul,Cole,,249-116-6798,Overland Park,United States,53041,Illinois,441 Fernwood,1974-06-22,2751
crmid:3987262604,chivalric1966@outlook.com,Laverne,Larson,,119-351-6602,La Quinta,United States,75465,Alabama,419 Manseau,1979-10-17,1226
crmid:1798714089,superurgency1930@outlook.com,Rosann,Briggs,female,279-933-5494,Elko,United States,90236,Indiana,732 Levant,1959-07-04,588
crmid:3680425330,cercopithecus1827@live.com,Ehtel,Farmer,female,157-532-5965,El Reno,United States,14691,North Dakota,1127 Levant,1958-03-09,327
crmid:1763488321,religiousness1897@live.com,George,Marsh,,052-998-4258,Wayne,United States,61392,Virginia,1303 Old Harford,1971-03-03,1843
crmid:4509698706,ferret1814@yahoo.com,Jerald,Banks,,606-382-3084,Gulfport,United States,80323,Alaska,1284 Ccsf Parking Lot,1969-01-19,1805
crmid:3457871358,woundless1879@yahoo.com,Nicholas,Sears,male,974-352-3761,Perris,United States,04251,Louisiana,987 Cuba,1933-10-14,886
crmid:5470610020,foothill1974@outlook.com,Bud,Cervantes,male,169-408-0715,Ceres,United States,05514,New York,27 Safira,1945-02-05,564
crmid:1437024786,panthers2036@gmail.com,Sol,Pittman,,789-076-0236,Las Vegas,United States,65864,Virginia,948 Bayview,1981-12-29,2934
crmid:6490253282,telautography2068@live.com,Beau,Douglas,male,635-761-1996,Adelanto,United States,07685,Rhode Island,797 Clover,1930-01-08,867
crmid:2087763022,biochemical2040@yandex.com,Rick,Cochran,male,757-530-0862,Asbury Park,United States,42475,West Virginia,1205 Swiss,1934-08-06,1473
crmid:3359082005,caban1966@live.com,Jazmine,Mosley,female,742-502-8946,Oak Park,United States,16994,Delaware,531 South,1955-04-21,2810
crmid:9644201306,macaw2020@live.com,Boyce,Evans,,501-544-9204,Imperial Beach,United States,69107,Alaska,782 Reddy,1974-11-25,669
crmid:1606653672,predeciding1952@live.com,Garret,Owens,male,836-099-5747,New Philadelphia,United States,06307,Colorado,228 Alta Mar,1996-02-08,2719
crmid:5193313761,bullocks1923@gmail.com,Brice,Michael,male,893-531-1333,Atlantic City,United States,86418,Maryland,732 Wiese,1934-02-20,2354
crmid:6277775794,cheering1979@yandex.com,Donnell,Winters,,352-600-9183,Morristown,United States,69591,Illinois,719 Dichiera,1993-11-08,2170
crmid:4822617830,cobbra1891@live.com,Jodee,Forbes,female,041-465-8165,Socorro,United States,12257,Connecticut,1018 De Haro,1954-04-10,2499
crmid:7485572766,claudius1994@yandex.com,Temeka,Sosa,female,391-801-8052,Evans,United States,98679,Florida,440 Conservatory Access,1960-08-27,1696
crmid:3255095241,starvation1841@yahoo.com,Bryon,Mckee,,916-721-2160,Roswell,United States,96629,California,1233 Margrave,1969-11-20,2141
crmid:8691446716,pronephros1844@yandex.com,Carey,Peck,male,465-016-7333,Belvidere,United States,07887,Rhode Island,1046 Putnam,1938-02-23,2617
crmid:8117448787,schematic1934@yandex.com,Junior,Evans,,018-286-9979,Peoria,United States,79766,Louisiana,1097 Gaviota,1973-05-25,2503
crmid:5697317586,repopulated1921@outlook.com,Jamar,Rodriquez,male,972-062-9430,South Milwaukee,United States,12581,Washington,473 Old Harford,1943-05-25,2062
crmid:1965479666,jebus1893@live.com,Dominick,Hensley,,072-319-8325,Manitowoc,United States,02131,Mississippi,789 Alvord,1986-01-30,2390
crmid:9889080229,insulators1903@gmail.com,Matha,Elliott,female,194-962-6699,Ponca City,United States,12521,Nevada,559 Kinzey,1946-06-09,734
crmid:7125082091,palmar1960@outlook.com,Stanley,Scott,,839-809-4222,Jamestown,United States,34655,Massachusetts,798 Atoll,1975-06-19,1210
crmid:3485287136,azine1971@yandex.com,Harrison,Beard,,723-060-1395,Hallandale Beach,United States,07422,Michigan,937 Rondel,1969-01-28,2093
crmid:1010108212,dewdrop2002@gmail.com,Joaquin,Clarke,male,790-609-7347,Barnstable Town,United States,38472,Michigan,5 Sequoia,1936-05-06,2760
crmid:6463640409,blackberry2060@yandex.com,Len,Mcdowell,,612-964-5949,Paramus,United States,99328,Oregon,1044 Holladay,1972-04-07,1891
crmid:2530091326,crumblier1964@live.com,Elke,Flowers,female,024-157-5029,East Ridge,United States,75223,Colorado,517 Mission,1957-12-20,2201
crmid:4472033072,dashed2009@yahoo.com,Laurence,Carrillo,female,994-050-3973,Coeur d'Alene,United States,23942,Rhode Island,523 Sadowa,1949-05-05,1130
crmid:1672195052,dumas1945@outlook.com,Ezequiel,Mcconnell,,923-973-4759,Mount Clemens,United States,15558,Indiana,541 Lapu-Lapu,1993-03-17,516
crmid:9478483984,nondenotative1992@live.com,Candie,Chandler,female,486-872-7362,Woodridge,United States,86032,New Hampshire,1172 Richard Henry Dana,1958-02-06,2126
crmid:9711754156,polylith1989@yahoo.com,Ardath,Whitley,female,731-161-2409,Port St. Lucie,United States,10252,Arizona,1134 Oshaughnessy,1952-01-31,1028
crmid:9633841348,kangaroo2049@live.com,Connie,Kramer,male,265-366-3784,Queen Creek,United States,15308,Wisconsin,764 Tapia,1945-02-17,2386
crmid:1796738417,addicted2005@live.com,Earl,Reeves,,292-528-9014,Lake Zurich,United States,02759,Montana,441 Colonial,1980-01-15,501
crmid:1944832285,pennia1861@gmail.com,Angelo,Santos,male,325-842-8044,Youngstown,United States,50972,Iowa,584 Mars,1930-12-30,2505
crmid:1540027428,nainsooks2063@outlook.com,Toshia,Curry,female,133-498-4948,Erlanger,United States,72951,Montana,290 Mark,1960-09-07,1657
crmid:5242345540,janitors1852@yandex.com,Beaulah,Hubbard,female,150-618-1636,White Bear Lake,United States,85574,Georgia,212 Market,1997-09-21,1910
crmid:9504650013,bromid1979@yahoo.com,Ambrose,Velasquez,male,329-134-4103,Pasadena,United States,77078,Minnesota,758 Carolina,1945-01-29,914
crmid:4367341065,brooklyn1884@outlook.com,Thad,Franklin,,311-178-7470,Herndon,United States,43375,Maine,373 Fillmore,1971-07-04,627
crmid:7300899938,engineman2069@yahoo.com,Bryce,Soto,male,695-988-9080,South El Monte,United States,10388,Mississippi,944 Laskie,1944-10-03,2874
crmid:4322043163,epical1861@yandex.com,Trinidad,Mccormick,male,699-589-5569,Americus,United States,56160,Illinois,208 Vista,1932-09-19,2456
crmid:8147584595,deadlocked1941@gmail.com,Allen,Downs,,685-313-8120,Hopewell,United States,73008,Louisiana,1113 San Jacinto,1973-12-13,1406
crmid:3747760843,squid1862@yahoo.com,Pablo,Cash,,735-427-8998,Muscatine,United States,40318,Wyoming,252 Winter,1994-07-18,2522
