crmid,email,first_name,last_name,gender,mobile telephone,city,country,zip,state,street address,birthday
crmid:6859166514,sectored1887@yahoo.com,Jerrold,Keith,,491-838-3778,Morristown,United States,03445,Arizona,229 Clover,1993-02-14
crmid:3872638373,bobbee1874@outlook.com,Aaron,Ramirez,,279-606-9319,Miamisburg,United States,04058,Pennsylvania,1074 Diaz,1990-01-27
crmid:3439288286,erroll2032@yandex.com,Johna,Moreno,female,653-690-6873,Deerfield Beach,United States,76872,Pennsylvania,793 Hulbert,1954-04-21
crmid:8767476088,caricaturists1990@yahoo.com,Wendell,Hernandez,male,027-920-6892,Bainbridge Island,United States,52102,Missouri,443 Gold,1935-10-13
crmid:3396304385,deprogramming1995@yahoo.com,Norah,Oliver,female,956-263-9320,Rialto,United States,69623,Illinois,1196 Treasury,1959-07-22
crmid:8095996456,balunda1888@live.com,Clarence,Riggs,,642-426-8932,Monterey Park,United States,71630,New Mexico,354 Zanowitz,1992-10-06
crmid:6247634586,bayesian2061@outlook.com,Chance,Wyatt,,194-031-9523,Ithaca,United States,29055,Florida,1010 Velasco,1975-05-18
crmid:2553108056,oyster1996@yahoo.com,Shaun,Williamson,male,280-008-3455,Natchez,United States,09184,Arizona,908 Battery,1995-01-17
crmid:1528943043,moggie1882@outlook.com,Crysta,Hardin,female,242-210-5102,East Moline,United States,91612,New York,782 Idora,1957-02-13
crmid:9489488541,bryanism2004@outlook.com,Marinda,Moon,female,564-755-6019,Vista,United States,13686,Montana,1128 Oak Hills,1951-12-12
crmid:3368305209,zaffer1930@gmail.com,Ramiro,Mcleod,,706-677-8963,Hopkinsville,United States,97024,Delaware,738 Hunt,1973-12-25
crmid:3405556977,dogman2056@gmail.com,Leon,Hyde,,650-522-3280,Fort Lauderdale,United States,60308,Pennsylvania,5 Windsor Mill,1963-11-15
crmid:5618331820,colorate1816@yahoo.com,Makeda,Martinez,female,363-477-5101,East Chicago,United States,63851,Louisiana,629 Whitecliff,1957-10-25
crmid:5044259673,schoolbookish1926@gmail.com,Dusty,Davis,male,220-007-3626,Perrysburg,United States,01052,Louisiana,381 Gaven,1940-03-08
crmid:6053973745,dastardly1813@yahoo.com,Shandi,Ayala,female,229-938-5745,North Charleston,United States,96093,Alaska,458 Dock,1998-04-23
crmid:2219657878,astral1823@gmail.com,Jed,Stuart,male,538-380-7425,Arcadia,United States,20559,Minnesota,330 Normandie,1933-05-28
crmid:2970982470,ultramaximal1854@live.com,Madalyn,Cameron,female,561-586-6589,Chino,United States,37015,Texas,1077 Fifth,1947-06-05
crmid:5596351308,dubose1858@yandex.com,Yee,Combs,female,638-604-0946,Duncanville,United States,52781,Texas,287 Meacham,1956-09-06
crmid:9249557377,regroove1868@yahoo.com,Willard,Floyd,,353-336-5584,McHenry,United States,83527,California,946 Parkridge,1988-03-12
crmid:6805664828,centenary1922@outlook.com,Clement,Hernandez,,078-678-5886,Fitchburg,United States,87867,Montana,490 Tuscany,1962-05-24
crmid:5259507854,subglobularly1960@yandex.com,Zack,Levine,,041-501-6087,Lodi,United States,42577,Oregon,522 Lower Fort Mason,1983-08-21
crmid:9351036571,overexpanded1801@yandex.com,Nick,Leblanc,,094-856-8845,Pekin,United States,57752,Rhode Island,1055 Quint,1974-10-13
crmid:3262340382,satd2027@gmail.com,Tyree,Moses,,316-324-0656,Forest Lake,United States,89560,New Hampshire,698 Santa Clara,1962-07-31
crmid:6459407350,sclerenchyme1973@yahoo.com,Tim,Campbell,,479-027-1843,Indio,United States,66453,Wisconsin,421 Meacham,1974-11-20
crmid:2821575923,sphericotetrahedral2048@yandex.com,Kyle,Chandler,,086-279-2790,Lake Zurich,United States,27715,South Dakota,797 Chatham,1980-04-02
crmid:5100479745,allstate2025@live.com,Chet,Short,,592-131-2024,Utica,United States,84619,Rhode Island,990 Cedar,1998-07-18
crmid:4871820804,asperates2026@yahoo.com,Palmer,Barton,male,297-390-6120,Alamo,United States,47417,Vermont,754 Mayflower,1930-08-02
crmid:2261127807,snapberry2047@yahoo.com,Charmain,Rice,female,837-352-5598,Champlin,United States,90348,Massachusetts,277 Mayfair,1946-11-03
crmid:5069835772,ephialtes1848@live.com,Gonzalo,Blevins,,127-409-5470,Orem,United States,96124,Connecticut,286 Verna,1970-11-10
crmid:5650460072,impious1905@yahoo.com,Cornelius,Hatfield,,938-656-3060,Holladay,United States,03919,Minnesota,424 Nautilus,1972-01-24
crmid:4397510514,lining1877@live.com,Dwight,Welch,male,144-242-3287,Bowling Green,United States,14511,New York,820 English,1940-03-30
crmid:3039407307,creak1824@live.com,Margurite,Boyer,female,864-946-3907,Danbury,United States,36694,West Virginia,910 Sanchez,1952-06-03
crmid:3326570277,sighted1810@gmail.com,Raleigh,Ross,male,568-168-9735,White Bear Lake,United States,09786,Kansas,47 Walkway,1935-08-25
crmid:5957436654,buzzsaw1881@live.com,Bryan,Kane,male,322-901-3420,Appleton,United States,04132,Maryland,69 Double Rock,1933-02-16
crmid:5311526572,deserving2018@gmail.com,Esteban,Lowery,,463-958-0320,Utica,United States,94250,Nevada,923 Stern Grove,1990-08-19
crmid:7874780231,invised1809@yandex.com,Brian,Mejia,,874-565-3629,Sahuarita,United States,26858,Indiana,289 Arballo,1965-08-23
crmid:9625618285,canescent1933@outlook.com,Wally,Doyle,,799-376-7461,Parma,United States,83222,Utah,131 Ironwood,1979-05-02
crmid:6639374299,dziemian1801@yandex.com,Raina,Morgan,female,780-123-4949,Shoreview,United States,88167,Idaho,652 Adam,1953-07-21
crmid:5259666300,outspanning1850@yahoo.com,Kris,Bass,,929-972-5305,Lawrence,United States,26072,West Virginia,852 Child,1981-05-05
crmid:9724218691,clarita1824@yahoo.com,Boyd,Hendricks,,490-791-8041,Mineola,United States,63533,Arkansas,984 Simonds,1991-10-29
crmid:6821399799,sirvent1816@gmail.com,Kenny,Cochran,,726-743-6195,Marion,United States,80411,Washington,66 Ver Mehr,1987-09-03
crmid:2653775514,balser1986@yandex.com,Roosevelt,Chavez,male,971-060-2069,Takoma Park,United States,58661,Hawaii,542 Nadell,1930-12-27
crmid:2546448017,blowy2006@yandex.com,Heriberto,Little,male,669-823-0587,Newport News,United States,50658,Montana,1389 Owen,1997-10-23
crmid:9972124396,anybodies1848@yahoo.com,Lesley,Valencia,,586-911-9320,La Mirada,United States,33870,Wyoming,600 Jones,1978-06-09
crmid:2433419020,glasses1913@yahoo.com,Virgil,Kemp,male,128-853-0917,North Plainfield,United States,67436,Texas,1047 Commer,1999-10-03
crmid:7893740465,criminol1814@gmail.com,Randall,Crawford,male,625-945-0178,Burlington,United States,82076,Kentucky,408 Holland,1943-08-07
crmid:2756102244,berri1843@gmail.com,Vanesa,Manning,female,096-496-7764,Cleburne,United States,95735,Mississippi,1371 Lyndhurst,1948-09-18
crmid:5468501876,unsaturation1917@yahoo.com,Jewell,Porter,,281-495-7053,Palm Beach Gardens,United States,22973,Iowa,586 Upland,1964-08-10
crmid:9920099487,advocate1913@gmail.com,Faustino,Black,,580-131-2989,Huntley,United States,88894,Illinois,192 Brush,1974-04-28
crmid:9071955727,touchable1933@yandex.com,Cristopher,Clarke,,458-557-3119,Rialto,United States,61881,West Virginia,1145 Excelsior,1975-03-03
crmid:3386959794,illano1968@live.com,Chong,Miles,,995-913-3011,South Portland,United States,52263,Michigan,1196 Elk,1990-05-03
crmid:7489973251,drescher1933@yahoo.com,Fermin,Jones,,173-643-5449,Hollywood,United States,90232,Florida,662 Westgate,1972-06-02
crmid:2387887572,broddy1969@live.com,Eli,Schneider,male,940-095-1792,Bellwood,United States,81439,Nebraska,645 Bemis,1937-03-26
crmid:6119740972,nonfossiliferous1863@yahoo.com,Rickey,Fields,,922-332-1166,Santa Fe Springs,United States,27626,Louisiana,1390 Mizpah,1962-04-23
crmid:3338477352,smoldering1848@yandex.com,Darrin,Puckett,male,418-330-3218,Brockton,United States,12041,Oregon,655 Melba,1941-03-24
crmid:1865920688,kerning1839@live.com,Jarvis,Leonard,,168-421-8595,Syracuse,United States,27537,Maine,1062 Kronquist,1966-12-27
crmid:1172334572,rodolphus1912@yandex.com,Linwood,Dale,,611-644-1983,Norton Shores,United States,86431,Utah,339 Grafton,1999-05-22
crmid:3592342809,craftly1924@yahoo.com,Fausto,Holland,,371-532-3853,La Puente,United States,20420,Kentucky,366 Yorba,1979-05-12
crmid:5625629443,centrosome2043@live.com,Harry,Tanner,male,863-971-3729,Bergenfield,United States,26763,South Carolina,988 Newcomb,1938-04-28
crmid:5865354734,cooling1918@outlook.com,Eduardo,George,,218-560-1750,Midvale,United States,48631,South Carolina,1113 Whiting,1990-08-21
crmid:5141778838,breaklist1990@outlook.com,Julius,Mccray,,198-713-2317,Hays,United States,09598,Mississippi,353 Lucy,1970-01-15
crmid:5337834367,selachian1860@gmail.com,Isaac,Torres,,070-681-3111,Highland Park,United States,08851,California,525 Arbol,1971-01-01
crmid:6784889328,haler1970@yandex.com,Rod,Hatfield,,331-799-1388,Medina,United States,58534,Vermont,194 Marview,1989-09-02
crmid:6160645060,precourse1806@outlook.com,Teodoro,Townsend,male,565-822-9661,Arcadia,United States,98248,Missouri,64 Telegraph Hill,1933-09-29
crmid:6526563688,jurisprudentially2057@outlook.com,Torri,Hayden,female,448-918-5423,Williamsport,United States,65654,Nebraska,1382 Amherst,1959-09-13
crmid:8195791618,nickers1978@outlook.com,Lauren,Snyder,,785-844-7275,Miami Beach,United States,53782,Minnesota,1168 Jessie West,1990-09-12
crmid:5739643639,unattractive1890@yandex.com,Tony,Robertson,,385-545-2880,Kearny,United States,38178,Idaho,615 Paradise,1976-06-30
crmid:4716418318,aerobatic1857@gmail.com,Gus,Cervantes,,573-215-2592,Leavenworth,United States,49941,Colorado,1135 Armistead,1981-08-31
crmid:7283287702,camacho2042@live.com,Garrett,Mullins,male,311-350-8046,Strongsville,United States,12482,Florida,1390 Crook,1945-04-21
crmid:7775523473,rondawel2059@yahoo.com,Tyrell,Gonzalez,male,111-642-5430,Altamonte Springs,United States,88525,Georgia,353 Entrada,1931-10-29
crmid:2150905195,altitudes1883@live.com,Augustus,Lamb,,200-780-4420,Garden City,United States,20855,Hawaii,463 Amatury,1965-04-18
crmid:3027576825,cow1990@gmail.com,Lemuel,Blackburn,male,704-025-4523,Alameda,United States,30370,New York,114 Pretor,1930-06-03
crmid:1049280703,compose1899@gmail.com,Linwood,Whitaker,,432-635-5113,San Dimas,United States,39130,South Carolina,1002 Fort Mason,1968-05-08
crmid:9659096065,nebaliidae1857@gmail.com,Bob,Hyde,male,064-052-3398,Racine,United States,00991,California,1321 Chesley,1931-01-15
crmid:5205482425,burry1878@yahoo.com,Royal,Baker,male,516-411-7310,Wheaton,United States,70847,Massachusetts,313 Kempton,1942-12-29
crmid:4966840197,eyebrow1851@outlook.com,Benton,Humphrey,male,930-585-3005,Sioux Falls,United States,90781,Oregon,709 Orange,1940-01-15
crmid:4572476050,outbetter1855@yandex.com,Chester,Parrish,male,610-207-9991,Roanoke,United States,79011,Utah,213 Gardener,1945-02-23
crmid:1696688691,periostosis2015@live.com,Blake,Long,male,736-761-2663,Altoona,United States,04697,Massachusetts,413 Carver,1932-01-17
crmid:3639209441,brachial1931@yahoo.com,Sook,Chase,female,630-186-1922,Fairbanks,United States,42263,California,1103 El Camino Del Mar,1961-08-06
crmid:7401706409,april1991@gmail.com,Jarrod,Booth,,408-455-1161,Palm Desert,United States,49620,Mississippi,857 Flower,1993-04-23
crmid:5593809525,pylorogastrectomy1885@outlook.com,Lashay,Rhodes,female,182-527-8021,El Reno,United States,97811,Connecticut,947 Haight,1958-05-24
crmid:2298276462,scalet2037@outlook.com,Nery,Landry,female,576-353-7978,New Hope,United States,25354,North Dakota,386 Louisiana,1996-04-24
crmid:3373031585,semblance2036@gmail.com,Sammie,Brady,,794-471-1665,Joplin,United States,58070,Wyoming,905 San Juan,1976-09-12
crmid:4487847291,craving2043@live.com,Ambrose,Alford,,166-114-5139,Pleasanton,United States,37940,Tennessee,604 Normandie,1976-11-26
crmid:4764385546,adenitis1915@outlook.com,Benito,Strong,,928-980-5871,Lake Forest,United States,78605,South Carolina,271 Grove,1980-12-06
crmid:2457269862,facer1979@yandex.com,Gordon,Stout,,533-741-9693,Joliet,United States,24870,Connecticut,39 Sutro Heights,1976-05-12
crmid:3041771601,shantey1805@outlook.com,Rufus,England,,901-155-7139,Urbana,United States,33378,Kentucky,21 Church Parking Lot,1980-06-06
crmid:1082194982,boarding1958@yahoo.com,Grant,Duke,,827-316-5685,Waltham,United States,89737,Kansas,821 Loma Vista,1996-12-16
crmid:8103937007,ascension1969@outlook.com,Nyla,Larsen,female,208-690-9301,Fair Lawn,United States,55632,Alabama,1085 Dolores,1960-09-13
crmid:7672801994,balthasar1943@yandex.com,Edgar,Merritt,,690-110-1876,Orlando,United States,46071,Hawaii,497 Danvers,1991-12-23
crmid:7563361292,suppleness1945@outlook.com,Ivory,Foreman,male,671-091-4990,Blue Springs,United States,26857,Mississippi,108 Crystal,1939-05-10
crmid:2784277514,assentatory2027@yahoo.com,Alejandrina,Dixon,female,438-344-3854,Southaven,United States,90281,Arizona,854 Mark,1949-01-08
crmid:9182962414,callorhynchus1823@live.com,Zonia,Montgomery,female,727-251-6785,Cupertino,United States,54074,Georgia,877 Krausgrill,1952-09-20
crmid:2684977754,gingiva2053@live.com,Shaun,Rose,,166-715-9268,Pinecrest,United States,76412,North Carolina,52 Stoneman,1983-03-11
crmid:1763557602,forger1919@live.com,Pablo,Watkins,,463-602-5971,Fort Worth,United States,41744,Iowa,829 Malvina,1963-07-30
crmid:7476403082,eightsman1825@outlook.com,Marcelo,Mcbride,,237-490-7432,Murray,United States,75821,Missouri,1187 Woodward,1994-12-27
crmid:7043393388,citrons1876@live.com,Emely,Whitfield,female,077-528-8963,Onalaska,United States,79141,Arizona,368 Sedgewick,1954-11-05
crmid:7992582585,samba1841@yahoo.com,Jamar,Woodward,,827-586-0609,Oxnard,United States,48536,Minnesota,166 Wisconsin,1985-10-20
crmid:2726128951,dumbs1845@outlook.com,Hosea,Booker,male,361-757-4322,Bentonville,United States,60603,Rhode Island,335 Brannan,1938-10-09
crmid:6466910996,irresponsible1813@yahoo.com,Benito,Jensen,,417-229-0162,Minneapolis,United States,99966,Tennessee,951 Belcher,1991-05-30
crmid:1354835474,dissembles1900@live.com,Adelle,Walker,female,624-685-8590,Diamond Bar,United States,06416,Louisiana,1204 San Marcos,1955-01-30
crmid:1260543988,adumbrations1877@yahoo.com,Myron,Roach,male,016-392-5591,Temple Terrace,United States,67469,California,580 Dore,1940-07-25
crmid:2007006356,trs1960@yahoo.com,Tyler,Hood,male,527-465-9715,Carbondale,United States,84477,Virginia,1267 Loyola,1944-09-14
crmid:7373899721,buxom2066@live.com,Lonny,Travis,male,747-492-8260,Albany,United States,87845,Virginia,874 Joost,1930-12-25
crmid:5013336137,velocipeded1946@gmail.com,Stewart,Sutton,,747-536-0852,Southgate,United States,89291,North Dakota,135 Brotherhood,1962-11-01
crmid:7966187567,rubeola1969@outlook.com,Ariel,Kirby,,482-962-7192,Miramar,United States,16497,South Dakota,996 Sedgewick,1991-04-18
crmid:5594337316,asbest1869@outlook.com,Deandrea,Olson,female,886-016-0699,Richmond,United States,51685,Florida,908 Beacon,1994-04-04
crmid:5313291757,septs1908@gmail.com,Mariano,Grant,,565-164-8481,Holland,United States,01308,Utah,75 Wallace,1972-02-20
crmid:1526650749,anticlassicalist1803@yahoo.com,Francesco,Blanchard,,134-658-1573,Thousand Oaks,United States,43227,Massachusetts,531 Esmeralda,1991-04-11
crmid:3599681097,evoked1858@yahoo.com,Gary,Wolf,female,720-894-6571,Duluth,United States,89886,Georgia,642 Lakeview,1956-03-31
crmid:9396186087,squibling1914@outlook.com,Lonnie,Harrison,,170-621-8181,St. Paul,United States,78333,Oklahoma,460 Margrave,1984-06-18
crmid:8146935248,roorbach2031@yandex.com,Trenton,Johnston,,441-515-7976,Independence,United States,81595,Florida,928 Orben,1974-09-07
crmid:9657418102,carapo1957@live.com,Slyvia,Sexton,female,952-645-5506,New Berlin,United States,87819,South Dakota,442 West Pacific,1996-04-23
crmid:9276446091,bosom1959@yahoo.com,Arlen,Rush,,156-937-4890,Merced,United States,49039,Maryland,338 Ozbourn,1989-08-07
crmid:6090230563,paidle1919@gmail.com,Gaston,Scott,,729-112-7509,Gary,United States,81683,Kansas,526 Opalo,1965-04-08
crmid:2594982063,chandra1834@live.com,Edgar,Glenn,,680-329-4125,Reedley,United States,30563,Vermont,1268 Orsi,1979-12-02
crmid:6453682454,telegrams2039@outlook.com,Janiece,Frye,female,298-325-0010,Concord,United States,25242,North Carolina,706 Kiska,1950-04-10
crmid:3416753230,kilohertz1864@yandex.com,Un,O'connor,female,538-841-2582,East Providence,United States,76717,Tennessee,690 Craut,1957-12-17
crmid:3225248891,eduard1826@yandex.com,Toby,Poole,male,986-922-0414,Canton,United States,52717,Alaska,1247 Mono,1944-09-23
crmid:5627894745,pullover1878@outlook.com,Jackson,Wood,,766-201-7179,Highland Village,United States,88779,South Carolina,316 Mizpah,1971-05-29
crmid:9691659253,takeaway1825@yahoo.com,Eugene,Britt,female,825-206-9336,Dover,United States,13167,Oklahoma,595 Girard,1955-03-04
crmid:3469807148,porpoise1824@live.com,Dallas,Erickson,,211-314-4418,Medford,United States,78935,Rhode Island,542 Coral,1988-12-19
crmid:4590569028,jophiel1931@yandex.com,Maurice,Burgess,,896-927-2634,Leesburg,United States,85370,Tennessee,325 Inca,1982-01-18
crmid:5774930506,ceruse1914@yahoo.com,Tenesha,Duncan,female,599-859-2659,Covina,United States,56225,Georgia,1066 Stevenson,1951-09-09
crmid:5434488820,befoam1827@live.com,Britt,Serrano,male,003-516-8878,Ottawa,United States,08400,Alaska,704 Santos,1942-02-26
crmid:5644745591,pulper1858@gmail.com,Dorsey,Frye,,699-457-8414,Fond du Lac,United States,31311,South Carolina,895 Nibbi,1962-07-09
crmid:4184537641,unmolified2021@outlook.com,Tyree,Barlow,,715-199-8232,Jamestown,United States,28955,Nevada,354 Westwood,1975-05-29
crmid:8641235949,ceara1888@outlook.com,Juan,Stein,male,942-750-6063,Bismarck,United States,68357,Washington,502 Scott,1939-11-28
crmid:1159035044,morbility1953@gmail.com,Lance,Witt,,447-063-5418,Lathrop,United States,58590,Washington,1100 Pico,1981-10-27
crmid:5025672922,libra1898@live.com,Tyson,Vega,,613-296-3441,Montgomery,United States,08959,Colorado,1181 Ellis,1992-02-16
crmid:1091799339,tovar2007@gmail.com,Maddie,Cantrell,female,549-143-3618,Chico,United States,37745,New Jersey,842 Everglade,1947-06-05
crmid:2798499676,hummingbird2056@outlook.com,Darron,King,,332-880-3054,Sugar Land,United States,42741,Oregon,1274 Divisadero,1987-04-25
crmid:5624014161,blissfully1950@outlook.com,Sina,Saunders,female,179-214-4850,Washington,United States,28921,Washington,462 Bemis,1955-08-26
crmid:5946255716,chaffiness1838@gmail.com,Reuben,Atkins,,731-386-7939,Kokomo,United States,13860,Minnesota,1015 Burr,1978-02-11
crmid:7723360543,claudicate1994@yahoo.com,Jon,Pittman,,484-185-0314,Gladstone,United States,62636,Louisiana,778 Avenue N,1966-11-12
crmid:9630669533,dredges1845@gmail.com,Hyman,Montgomery,,324-723-5759,Port Hueneme,United States,40636,Louisiana,444 Ccsf Parking Lot,1986-10-02
crmid:1421488125,methyl1912@gmail.com,Mickey,Le,,305-198-6406,Upland,United States,37253,Louisiana,466 Minerva,1972-06-25
crmid:5318956389,brachiopode2012@outlook.com,Ramiro,Conley,male,663-065-7858,Baton Rouge,United States,45423,Iowa,350 Oak Grove,1936-08-07
crmid:8191737362,hardyhead1919@live.com,Quintin,Bullock,male,229-120-4859,Oakland,United States,75944,Iowa,437 Nottingham,1932-08-04
crmid:2791374133,antivirus1835@outlook.com,Bennie,Knight,,002-928-7826,Wadsworth,United States,35107,North Dakota,142 Castle Manor,1971-10-03
crmid:4540574003,padauk1883@gmail.com,Isela,Sargent,female,557-328-5407,Elmhurst,United States,72015,Indiana,644 Holloway,1959-12-28
crmid:4120140709,clethra1826@gmail.com,Juan,Bauer,,387-369-3953,Newnan,United States,63404,Arkansas,690 Terra Vista,1997-11-16
crmid:8714994161,haired1953@live.com,Syreeta,Butler,female,865-849-7344,Sulphur,United States,94388,Utah,1107 Sloan,1952-08-04
crmid:1345435698,cappadine1812@live.com,Shandra,Chan,female,037-485-4746,Thomasville,United States,76150,Colorado,731 Waterville,1950-11-15
crmid:1047683307,sonorosity1985@gmail.com,Loren,Parker,,609-604-4151,Port Chester,United States,78870,Alaska,1303 Naglee,1987-11-23
crmid:9870495830,neogamous1838@gmail.com,Forest,Cherry,,087-384-8061,Ithaca,United States,87171,Colorado,1089 Harlan,1975-10-23
crmid:4783376033,archimedes1825@outlook.com,Marvin,Fulton,,443-172-6841,Vancouver,United States,98782,Indiana,640 Osgood,1990-11-23
crmid:3592532783,cycles1981@yahoo.com,Isaac,Franks,,268-084-5771,Monterey Park,United States,17723,Texas,286 Moneta,1992-04-18
crmid:3786323901,acolapissa2004@yahoo.com,Dwight,Salinas,male,840-678-2803,Victorville,United States,98747,Oklahoma,73 Rondel,1932-03-26
crmid:4842391528,schnaps1896@live.com,Antony,Brooks,,822-470-3258,Mattoon,United States,40141,Kentucky,486 Fernandez,1988-08-01
crmid:8371521263,dodie1968@live.com,Kristofer,Wong,,184-755-1510,Wayne,United States,44634,Utah,1190 Marne,1991-06-16
crmid:9952850655,tropidoleptus1863@gmail.com,Clotilde,Howe,female,269-383-0680,Coeur d'Alene,United States,09012,Tennessee,666 First,1949-02-15
crmid:5925443980,magpie1835@live.com,Nick,Olsen,,372-324-5313,Norwood,United States,77734,Nevada,1252 Pelican Cove,1979-12-29
crmid:4817128901,cat1945@gmail.com,Renato,Guy,male,895-622-6477,Benbrook,United States,40269,Minnesota,1241 Vermont,1938-08-12
crmid:6624180197,exciton2031@outlook.com,Miki,Norton,female,303-121-7812,Chula Vista,United States,66021,Georgia,397 Paris,1947-11-12
crmid:7627329528,knifelike1820@gmail.com,Allyn,Morales,female,780-136-7459,South Plainfield,United States,50107,Michigan,335 Blair,1958-01-20
crmid:4007241549,bloodsports1882@outlook.com,Boyce,Page,,043-534-7872,Harrisburg,United States,00969,Hawaii,180 Warner,1970-01-22
crmid:8676631702,titans1845@gmail.com,Newton,Anderson,,286-907-4422,Hialeah Gardens,United States,87250,Kansas,1317 Cashmere,1971-10-09
crmid:4408672837,ergal1909@outlook.com,Tommie,Salazar,,197-423-2172,Lino Lakes,United States,86825,Wyoming,759 The Block,1983-01-21
crmid:1394180929,decagon2026@yahoo.com,Douglas,Murray,male,801-630-7641,Atascadero,United States,12984,Kentucky,217 Calvert,1934-03-21
crmid:1704290464,costumey1925@live.com,Elroy,Hardy,,312-823-0637,Loma Linda,United States,11142,Tennessee,232 Lexington,1983-03-13
crmid:3853764567,rudimentary1954@live.com,Johnie,Waller,,144-583-9749,St. Paul,United States,41898,Maryland,270 Miguel,1987-07-05
crmid:7513854736,agnar1846@yahoo.com,Jame,Solomon,female,775-060-2718,Poway,United States,12398,Alabama,1120 West Point,1948-04-27
crmid:8537942885,cardiff1811@outlook.com,Owen,Dickson,male,092-979-4754,Bremerton,United States,46009,Kentucky,1343 Arleta,1941-08-08
crmid:1278335977,cimex2007@yandex.com,Rickie,Hester,female,461-658-1289,Commerce City,United States,41545,Kentucky,1277 Cranleigh,1949-07-14
crmid:7163873861,mpbs1932@yandex.com,Sana,Mcintosh,female,638-127-6427,Dixon,United States,55257,Michigan,772 Varennes,1955-10-15
crmid:3270153648,carnivore1972@live.com,Rashad,Stout,,530-108-3700,McHenry,United States,95328,Missouri,21 Mcdowell,1988-09-18
crmid:8594961585,factice1856@gmail.com,Nadene,Graham,female,959-411-8205,Sammamish,United States,13467,Indiana,829 Kirkwood,1955-07-12
crmid:1508807251,subalgebraical2008@outlook.com,Chester,Adkins,,185-301-5859,Glendora,United States,06706,Nebraska,54 Fayette,1966-02-24
crmid:6554886064,unframeable1880@live.com,Brandon,Davidson,male,312-556-5139,Ankeny,United States,06156,Indiana,1118 Palm,1932-01-08
crmid:7747016916,scriptures1896@outlook.com,Collin,Schmidt,,067-492-2395,Snellville,United States,72068,Wyoming,373 Flint,1968-04-02
crmid:4725517785,paves1875@yahoo.com,Dannie,Houston,male,524-570-8973,Bainbridge Island,United States,16841,Oklahoma,841 Guerrero,1935-02-14
crmid:5171333830,ferule2008@gmail.com,Alysha,Waller,female,901-404-7194,Columbus,United States,00540,Alabama,977 Clay,1949-01-30
crmid:2144738825,essed2049@live.com,Deangelo,Joyce,,657-182-0161,Holly Springs,United States,31142,Massachusetts,1166 Transbay Hump,1972-06-20
crmid:4258591391,scarfwise1927@outlook.com,Mafalda,Mooney,female,387-342-3053,Duncanville,United States,53521,Wyoming,733 Auburn,1956-10-25
crmid:9226467264,adventure2018@yahoo.com,Chase,Knight,male,862-293-0538,Atlantic City,United States,94848,Vermont,445 Caledonia,1934-02-16
crmid:5625174302,bommer1956@gmail.com,Cristie,Key,female,934-758-7608,Coeur d'Alene,United States,84136,Nevada,1387 Columbus,1949-02-16
crmid:5130399346,occults1961@yahoo.com,Guadalupe,Bowman,male,716-287-4141,Wheat Ridge,United States,10346,Oklahoma,424 Harris,1942-04-03
crmid:1292135485,cryptic1829@live.com,Gaylord,Tillman,,041-289-3351,Granite City,United States,41782,New Jersey,232 Blanche,1967-07-24
crmid:1715417984,egret1949@live.com,Eddie,Richards,,743-553-5815,New Berlin,United States,48314,Maine,614 Brice,1996-08-21
crmid:6418561891,padauk1956@yahoo.com,Coleman,Gibson,,653-526-0336,Griffin,United States,58533,Maryland,196 Chinook,1968-09-07
crmid:7686760473,eskimo2035@live.com,Sherman,Soto,,131-143-1133,Huntsville,United States,41800,Maryland,338 Morningside,1974-08-01
crmid:1612811103,subtrahends2038@live.com,Lionel,Wolfe,,106-443-7210,Marshalltown,United States,63394,New Jersey,386 Sunnyside,1987-10-06
crmid:2582410618,museful1842@outlook.com,Paris,Dean,male,795-441-1503,West St. Paul,United States,60208,New Hampshire,899 Williar,1937-08-08
crmid:6783435025,hoops2026@outlook.com,Torrie,Mckee,female,193-327-1521,Ogden,United States,95541,Virginia,763 Montague,1952-09-19
crmid:6863681478,griffin2001@outlook.com,Dante,Nash,,050-092-7249,Vista,United States,35182,Alabama,666 Beach,1972-07-17
crmid:6516494302,staurotide1902@yandex.com,Will,Dawson,male,891-779-8099,Plantation,United States,80201,Massachusetts,347 Tocoloma,1936-10-08
crmid:2174766986,audrie2069@gmail.com,Alyse,Logan,female,972-016-6965,Chula Vista,United States,00597,Iowa,300 Casitas,1947-01-17
crmid:4268936235,blizz1989@yahoo.com,Tyler,Joyner,male,628-498-6043,Norwood,United States,76590,New Mexico,998 Jordan,1934-09-16
crmid:6665498779,libra1851@outlook.com,Roderick,Ochoa,,610-658-9415,McHenry,United States,50365,Connecticut,1326 Tocoloma,1988-10-30
crmid:2624811828,carrefour2068@gmail.com,Esta,Bender,female,117-305-2577,Edmond,United States,90734,Pennsylvania,646 Lower,1958-03-02
crmid:2077147987,burgle1896@yahoo.com,Jamar,Clay,,732-530-9841,Moscow,United States,45161,Michigan,618 Harper,1993-08-09
crmid:3921382752,usself1930@live.com,Granville,Hunter,male,203-330-5045,Americus,United States,29705,Arizona,898 Massasoit,1932-04-15
crmid:6442791759,colorate1851@yahoo.com,Lurlene,Riddle,female,322-811-0021,Cranston,United States,38903,Indiana,513 Marlin,1951-06-25
crmid:3108961547,basco1807@gmail.com,Scotty,Mckee,male,357-750-2876,Santa Clarita,United States,58588,California,838 Panama,1996-02-28
crmid:3705776033,aligner2053@live.com,Lynn,Mccarty,male,383-746-3244,Bartow,United States,77544,Montana,718 West Halleck,1936-12-31
crmid:2224828100,reconvenes2054@live.com,Irvin,Collins,male,293-458-8784,Albert Lea,United States,81741,Maryland,655 Lyon,1931-05-06
crmid:2812751132,canopus1803@yandex.com,Monroe,Levine,,182-655-8765,Goose Creek,United States,91759,Texas,215 Alder,1967-09-04
crmid:7277760371,fulgurous1997@live.com,Clementina,Avery,female,631-158-0521,Chicago,United States,04396,Michigan,250 Lafayette,1947-02-01
crmid:2613434853,californicus1966@live.com,Ellis,Houston,,384-380-7770,Medina,United States,15944,Massachusetts,620 Storey,1989-03-22
crmid:9595892961,bossa1816@yahoo.com,Perry,Bradley,,786-981-5148,Matteson,United States,17036,Wisconsin,1383 Clarkson,1988-02-14
crmid:5094454870,dubose2055@gmail.com,Kurtis,Bryant,,662-757-8524,Greer,United States,36105,Tennessee,552 Carson,1968-06-13
crmid:1031454290,disazo2054@yandex.com,Rolando,Erickson,,349-429-2812,Lawrence,United States,54808,Kentucky,1089 English,1981-10-29
crmid:7390384881,wiggeries1966@yahoo.com,Dong,Potter,,673-672-1707,Gastonia,United States,90175,Wisconsin,1283 Marcy,1965-07-02
crmid:5321902186,expone1913@yandex.com,Jeramy,Hendricks,,768-533-7746,Naugatuck,United States,89427,Alabama,984 Great,1995-07-30
crmid:2180447822,tutorial1885@gmail.com,Ashley,Barron,,255-843-7813,Hazel Park,United States,26808,California,344 Bepler,1970-04-25
crmid:9552317008,stereotype1868@yahoo.com,Derek,Wall,,498-185-1275,Herriman,United States,95595,Vermont,136 Jeopardy,1971-09-01
crmid:8251924987,chiefs1837@live.com,Domenic,Rasmussen,male,669-275-6857,Schaumburg,United States,07509,Vermont,1397 Fairfield,1932-03-24
crmid:8443475253,business1831@live.com,Larry,Charles,female,427-706-2848,West Allis,United States,11084,Iowa,669 Godeus,1949-05-06
crmid:8679450089,selenious2002@yahoo.com,Willis,Collier,,918-343-4768,Winter Springs,United States,38353,Wyoming,11 Palo Alto,1970-02-26
crmid:2920373813,linemen1813@yahoo.com,Luigi,Barker,,520-322-6064,Loves Park,United States,34079,Texas,512 August,1984-05-07
crmid:3806522008,paseos2018@live.com,Kasey,Hale,,640-437-0688,Florissant,United States,01345,Massachusetts,891 Rico,1962-02-04
crmid:2832227628,suprastandard1897@yahoo.com,Tory,Knapp,,989-994-8577,Liberty,United States,54995,Minnesota,530 Flounder,1982-10-23
crmid:6056183322,anthropogony2024@yahoo.com,Cole,Sherman,,452-206-9051,Sterling Heights,United States,94483,New Hampshire,82 Santa Monica,1973-08-05
crmid:1785262510,charil1962@outlook.com,Shon,Mcknight,male,786-020-1326,Ashland,United States,95389,Massachusetts,960 Kenny,1934-09-19
crmid:3249562576,factice1807@outlook.com,Jody,Fowler,,917-561-0078,Hot Springs,United States,60072,Nebraska,118 Andover,1973-11-26
crmid:9150577347,enzym2052@outlook.com,See,Carpenter,female,423-317-9214,Coachella,United States,71855,Iowa,760 Shephard,1948-12-15
crmid:6191248040,sensated2045@outlook.com,Maris,Garrett,female,997-007-8267,Wauwatosa,United States,16375,New Mexico,387 Dwight,1955-11-25
crmid:2330558151,adorer1842@yahoo.com,Chong,English,,583-170-3944,Irving,United States,15880,Kentucky,169 Cottonwood,1975-03-27
crmid:2386447133,antipart2059@yahoo.com,Toccara,Huber,female,154-766-6119,Copperas Cove,United States,52821,Washington,873 Sierra,1950-09-15
crmid:8440627248,anilinophilous1944@yahoo.com,Salvador,Koch,male,576-255-9421,Seal Beach,United States,85992,Rhode Island,63 Pueblo,1941-09-16
crmid:3089669606,carpetbags1887@live.com,Emerita,Sanchez,female,147-799-5992,Edgewater,United States,67067,New Mexico,629 Eutaw,1958-11-05
crmid:2772202947,canopus2036@live.com,Bert,Cole,male,341-034-8693,Burton,United States,04434,Hawaii,686 China Basin,1943-01-06
crmid:5383489811,convict2017@outlook.com,Johnny,Reese,,867-790-4177,Huntington Beach,United States,41835,Nevada,838 La Bica,1974-08-29
crmid:3197197033,astrolabe1909@yandex.com,Scotty,Walsh,,424-942-9406,North Port,United States,49855,North Carolina,413 Delmar,1999-07-28
crmid:3172183689,nonvicarious1857@outlook.com,Jim,Flores,male,114-121-6736,Nampa,United States,77248,Michigan,1070 Claude,1995-12-04
crmid:2292297147,coolest1802@yandex.com,Laverna,Mckenzie,female,058-904-1964,Stockton,United States,15500,Oklahoma,90 Loma Vista,1951-05-19
crmid:2583624917,bicentenarnaries1914@live.com,Lakeesha,Oliver,female,525-990-8010,Escondido,United States,28389,North Dakota,456 Hahn,1960-05-22
crmid:9680564114,atlanta1910@yandex.com,Dante,Carter,,994-795-0126,Laurel,United States,01166,Wisconsin,20 Skyline,1981-01-14
crmid:5375309475,iatraliptics1810@yandex.com,Yer,Lester,female,523-574-9268,Winter Garden,United States,15458,Virginia,77 Northridge,1950-09-17
crmid:8492124679,interossei2043@outlook.com,Denis,Robles,male,369-845-7951,Balch Springs,United States,15798,Minnesota,979 Fernandez,1935-03-25
crmid:7481503699,bopeep1964@live.com,Felipe,Delgado,,283-249-8987,Payson,United States,28492,Nebraska,1120 Madrone,1966-06-27
crmid:6095312767,ergane1980@yandex.com,Wallace,Hale,male,119-690-9485,Arnold,United States,51311,Mississippi,141 Cottage,1933-10-12
crmid:2667314960,claimed1856@outlook.com,Roger,Henderson,,575-351-4011,Shelby,United States,54348,New Mexico,1101 Coleridge,1997-07-04
crmid:2669509007,unjewelled1910@gmail.com,Shyla,Rush,female,536-853-0597,DeSoto,United States,67025,Missouri,1032 Hulbert,1953-10-16
crmid:8472762145,april1980@live.com,Maryam,Calderon,female,908-318-4003,East Lansing,United States,73451,Nebraska,793 Alma,1957-12-28
crmid:2387894012,suing2033@outlook.com,Christeen,Travis,female,084-498-9690,Danville,United States,05828,Kansas,67 San Bruno,1953-02-17
crmid:3865938173,padauk1913@gmail.com,Galen,Cotton,male,804-154-8429,Bensenville,United States,26825,Arkansas,322 Behr,1938-04-07
crmid:9607357416,nonearning1832@yandex.com,Cristobal,Nguyen,,674-396-1848,Germantown,United States,86211,California,615 Olympia,1966-03-20
crmid:3692338428,darkies1819@yahoo.com,Warner,Stuart,,970-400-2579,Sheridan,United States,40684,Arizona,1047 Moreland,1990-09-01
crmid:1536255601,crab2006@yahoo.com,Terry,Bass,,120-054-0643,San Juan Capistrano,United States,45808,Michigan,240 Pelican Cove,1991-03-17
crmid:6401509443,bicentenarnaries2053@gmail.com,Jamaal,Zamora,,267-182-4745,Overland Park,United States,44298,Texas,704 Ames,1983-07-14
crmid:4902711472,lotas1826@gmail.com,Jeremiah,Boone,male,156-788-3379,Caledonia,United States,28173,Florida,1264 Forest Side,1943-05-03
crmid:7033071658,blotlessness1878@yahoo.com,Cornell,Robertson,male,191-940-1308,Tucson,United States,51288,Idaho,285 Eastwood,1995-02-04
crmid:3265165852,bobbye2019@live.com,Logan,Aguilar,male,578-207-3668,Poughkeepsie,United States,53494,Ohio,597 Guttenberg,1997-02-12
crmid:3246698247,scrod1984@outlook.com,Aleshia,Watts,female,699-935-8761,Oakdale,United States,29264,Tennessee,658 Macedonia,1960-01-30
crmid:5475891932,ladybugs1987@gmail.com,Mikaela,Holmes,female,943-550-6033,Peekskill,United States,93673,Maine,851 Acadia,1959-06-14
crmid:1264513626,zappiest2038@yandex.com,Paris,Swanson,,891-117-2477,Indianapolis,United States,97248,Delaware,1011 Santa Marina,1974-09-24
crmid:9288506529,detailer1886@yandex.com,Hershel,Petty,male,204-916-2668,Phenix City,United States,07885,Missouri,338 Hiliritas,1940-05-23
crmid:1067871541,collaborationists1939@live.com,Else,Dennis,female,685-953-9568,Commerce City,United States,14268,Oregon,273 United Nations,1949-03-08
crmid:8492050567,seaweeds1958@yahoo.com,Deandre,Love,,757-645-5267,Greenwood,United States,54123,Washington,1070 Vidal,1968-09-16
crmid:4104860113,ashton1986@outlook.com,Daniel,Perkins,male,329-902-9774,Alamo,United States,15332,Arkansas,340 Alberta,1930-02-23
crmid:5182625743,diving1925@yandex.com,Elmer,Mendoza,,508-749-6071,Woodland,United States,95896,Washington,909 Rivoli,1997-08-30
crmid:7494791660,livyer1904@live.com,Lyman,Palmer,male,063-472-1732,New Bedford,United States,16387,Indiana,23 West Portal,1995-02-12
crmid:3374857047,delphinite2065@yandex.com,Abel,Gallagher,male,822-380-2779,Cary,United States,93715,Mississippi,1109 Jose Sarria,1945-01-11
crmid:8085191938,branchings2026@yandex.com,Glenn,Bolton,,803-750-3954,Thousand Oaks,United States,50021,New Hampshire,61 Harrington,1974-01-04
crmid:5500385784,plummet1847@gmail.com,Herman,Brewer,,408-993-6445,Peekskill,United States,88486,Connecticut,1371 Bluxome,1981-12-15
crmid:3650747131,indignity1812@gmail.com,Wilbur,Montoya,,513-442-6771,Lacey,United States,58475,Colorado,52 West Crystal Cove,1979-10-24
crmid:3157378882,galago1960@live.com,Nery,Duffy,female,008-626-4026,Rutherford,United States,91243,Alabama,26 Guerrero,1953-07-08
crmid:9644265929,pantomime1926@yandex.com,Britt,Mcmillan,male,023-019-1368,Owensboro,United States,05120,Kentucky,703 Bass,1933-02-20
crmid:8706984530,nontarred1982@yahoo.com,Debroah,Ryan,female,746-923-3706,Turlock,United States,61763,Wisconsin,906 Clarence,1947-02-26
crmid:4043044078,greyhen1975@gmail.com,Anibal,Copeland,male,476-061-3561,Bellflower,United States,81723,Indiana,1248 Naglee,1937-01-07
crmid:1655435397,satirically1849@outlook.com,Adan,Wade,,614-152-1984,Fort Collins,United States,22086,Connecticut,1400 Eastwood,1963-05-09
crmid:7333697938,montebrasite1951@yahoo.com,Boris,Kim,,930-375-5118,Lawndale,United States,13803,Washington,715 Laskie,1981-03-22
crmid:5175792128,probonding1989@gmail.com,Jaymie,Randolph,female,042-897-3271,Coral Gables,United States,87589,Mississippi,199 Davenport,1950-04-24
crmid:8143709219,termite1964@outlook.com,Van,Moon,,803-015-5231,Matteson,United States,04579,Vermont,870 Maiden,1988-02-22
crmid:6581158691,undelusively2033@yandex.com,Georgann,Coleman,female,192-058-4111,Temple City,United States,21716,Arkansas,526 Townsend,1956-03-06
crmid:6438790618,aberrant2000@outlook.com,Kristofer,Craft,male,983-964-2038,York,United States,12566,Montana,1051 Upland,1944-06-07
crmid:4397928419,geometry1936@yahoo.com,Joel,Wilkins,male,838-790-1998,Wilsonville,United States,09472,Nevada,18 Louisburg,1940-05-31
crmid:3681329156,trochozoa1982@outlook.com,Lucio,Sharpe,,105-553-0595,Snellville,United States,49369,Oregon,730 Vega,1988-09-30
crmid:8782543677,peccable1977@live.com,Signe,Hood,female,720-709-3242,East Moline,United States,74937,Maine,744 Chicago,1957-12-16
crmid:8950710144,dickerson2066@gmail.com,Andrew,Mayo,,433-795-8447,Sioux Falls,United States,20451,West Virginia,730 Santa Monica,1962-01-08
crmid:8276637763,cessna1975@gmail.com,Nathan,David,,062-320-0429,Grand Island,United States,83828,Michigan,87 Owen,1967-07-02
crmid:5540649151,greyhound1864@gmail.com,Salvatore,Robertson,male,991-205-9214,Bentonville,United States,77389,Florida,967 Divisadero,1938-09-25
crmid:2702455756,waftage1929@gmail.com,George,Dillon,male,243-357-3223,Casselberry,United States,78276,Kentucky,480 Stoneridge,1945-04-08
crmid:2229029547,aggressive1808@gmail.com,Maren,Riggs,female,309-556-0408,Renton,United States,27900,Minnesota,789 Bedford,1961-06-25
crmid:7381298690,hyracina1914@outlook.com,Paris,Peters,,289-686-7157,Oak Creek,United States,74844,New Hampshire,99 Whiting,1984-10-27
crmid:2086482874,hedgehog2060@gmail.com,Modesto,Kim,,758-145-1240,Manhattan Beach,United States,67640,North Carolina,884 Fenton,1986-11-10
crmid:8158890563,inconditionate1843@yahoo.com,Victor,Howard,male,174-619-7331,Azusa,United States,77420,Florida,821 Monterey,1935-10-24
crmid:9264987169,cuttail1966@gmail.com,Ramon,Melendez,male,210-928-1903,Stamford,United States,06502,Vermont,496 Blythdale,1933-08-20
crmid:6749449827,soldierwood1825@yandex.com,Nichol,Duke,female,313-806-7130,Warrensburg,United States,61692,South Dakota,104 Felton,1948-10-22
crmid:1883493259,husk1803@gmail.com,Major,Cochran,,059-402-2191,Vancouver,United States,49230,Alabama,46 Allen,1986-07-08
crmid:5202709684,nonflexibleness1889@gmail.com,Sandy,Willis,,293-865-5142,Victorville,United States,47351,Pennsylvania,203 Estero,1993-01-24
crmid:4634457931,mogul1837@yandex.com,Micheal,Waller,male,478-079-1005,Oregon City,United States,79995,Oregon,517 Redwood,1941-07-30
crmid:7551021081,yatigan2047@outlook.com,Glen,Green,male,751-229-2579,Newport News,United States,02958,West Virginia,1221 Stanley,1997-01-30
crmid:6639124834,donned1900@yandex.com,Maynard,Pearson,male,428-163-8178,Temple,United States,88311,New York,408 Garfield,1931-11-13
crmid:5823404849,antinormal1812@gmail.com,Buddy,Burris,,406-910-2914,Royal Palm Beach,United States,28874,Delaware,814 Cragmont,1965-08-24
crmid:3564664297,woodwaxen1910@yandex.com,Silva,Cox,female,603-844-0619,Owatonna,United States,24126,Colorado,641 Otsego,1960-08-07
crmid:6009128233,beelol1901@yandex.com,Brain,Delacruz,male,434-879-7754,Burnsville,United States,08774,Wyoming,1055 Freelon,1943-01-08
crmid:9848773003,masseurs1863@yahoo.com,Henry,Baird,,403-283-4118,Pomona,United States,92323,Delaware,879 Georgia,1992-05-27
crmid:3418381621,quinidin1908@live.com,Daphine,Parsons,female,246-386-3793,Norwalk,United States,11474,Alaska,550 Sala,1999-04-26
crmid:8096178554,baldric2057@gmail.com,Dewayne,Talley,,016-508-0573,Jeffersonville,United States,72398,Connecticut,298 Sturgeon,1975-12-31
crmid:1415657257,coner1939@outlook.com,Stewart,Mcknight,male,759-127-9376,Sterling Heights,United States,08552,Wisconsin,1057 Blake,1935-09-19
crmid:3174917804,amygdalotome2070@yandex.com,Clemente,Shaffer,male,050-315-9036,Paramount,United States,61250,Ohio,1132 Andrew,1942-02-27
crmid:3449975335,misunderstandable1865@gmail.com,Modesto,Bell,male,271-170-7610,Norwich,United States,81021,Louisiana,349 Bertie Minor,1999-12-04
crmid:7751097658,coffin2050@outlook.com,Elisha,Maddox,,990-163-7992,Wyoming,United States,53392,South Dakota,1113 Executive Park,1999-12-11
crmid:8281541181,stingray2051@outlook.com,Loriann,Reynolds,female,815-060-9000,Chula Vista,United States,37721,Oregon,697 Utah,1947-06-24
crmid:1067100217,sedatives2012@yandex.com,Numbers,Goff,male,484-266-0502,Pekin,United States,03815,New Mexico,420 Loehr,1931-07-11
crmid:9562934326,alchimy1990@yahoo.com,Rodger,Henson,,630-055-2103,Madera,United States,70143,Mississippi,1245 Tara,1985-10-02
crmid:4387905193,solarise1995@yandex.com,Vernon,Strong,,052-618-3257,Monterey Park,United States,18578,Idaho,1054 Ocean Vista,1992-02-29
crmid:3064118013,upseek1873@live.com,Victor,Kent,male,607-791-0956,Richland,United States,76644,Georgia,1244 Kenwood,1932-11-19
crmid:3582742872,predigital1950@gmail.com,Claud,Hinton,,829-315-1144,Green,United States,29002,New Mexico,330 Lake Forest,1968-05-06
crmid:5627619650,prissy1812@yahoo.com,Blaine,Walton,,332-599-9223,Springville,United States,84003,Vermont,170 Ashburton,1990-05-02
crmid:2300791905,phrenology2021@live.com,Thad,Sosa,male,346-572-4625,Ansonia,United States,54758,Colorado,1066 Redondo,1933-09-27
crmid:6265184286,plasmoid2058@outlook.com,Elliot,Avila,,753-537-7771,Golden,United States,13706,Texas,1036 West Pacific,1966-03-10
crmid:4386627029,retractor1850@gmail.com,Florencio,Nicholson,male,841-927-4572,Balch Springs,United States,20567,Idaho,260 Coleman,1935-04-21
crmid:4097876813,persuasibly1924@live.com,Anthony,Mathews,male,739-922-6919,Oswego,United States,80946,Georgia,733 Pioche,1936-01-18
crmid:9880679442,stiffish1837@yahoo.com,Ward,Cantrell,,310-874-7907,Manassas,United States,13527,West Virginia,1177 Mateo,1986-03-15
crmid:3676268394,airplay2062@gmail.com,Alfredo,Workman,,797-234-1406,Salinas,United States,73200,North Carolina,850 Ervine,1969-05-09
crmid:4939328215,smackers1826@yandex.com,Colton,Charles,male,740-063-5961,West Chicago,United States,01307,New Jersey,1324 Capen,1930-02-06
crmid:2807439041,chinaberry1951@gmail.com,Gaston,Gutierrez,,801-418-4234,Rockwall,United States,84529,Alabama,608 Armistead,1988-08-22
crmid:1586537882,forger2031@outlook.com,Thora,Bernard,female,810-315-0558,Conway,United States,55423,Connecticut,741 Bartlett,1950-09-03
crmid:3536798116,unpostulated2047@live.com,Aubrey,Randall,,647-794-1433,Galt,United States,45734,Utah,975 Sibley,1965-08-19
crmid:7751097658,brainwasher1833@gmail.com,Kermit,Booth,,734-010-8968,Stephenville,United States,25010,West Virginia,1400 Chapman,1965-09-20
crmid:9947158467,mildish1923@gmail.com,Millard,Carson,,979-869-3731,Honolulu,United States,49152,New York,1289 Gatun,1973-07-17
crmid:7408614275,infirmness1911@gmail.com,Blaine,Salas,,281-488-5892,New Bedford,United States,23012,Illinois,214 Cardenas,1995-05-13
crmid:2212108905,costarred1986@yahoo.com,Jan,Rowe,male,398-005-0828,Weston,United States,07933,South Carolina,79 Capp,1941-05-25
crmid:1327610993,evehood2046@yahoo.com,Jonathon,Salinas,male,684-078-1533,Oklahoma City,United States,07846,Kentucky,130 Santa Paula,1933-06-26
crmid:1407950710,jotisi1841@yahoo.com,Randal,Estes,,635-529-7822,Lathrop,United States,63932,Kentucky,166 Bayside,1981-11-12
crmid:2315005834,enciphered1900@gmail.com,Darrick,Ryan,,123-847-5558,Odessa,United States,36741,Virginia,232 Cornwall,1970-11-26
crmid:7108173190,freemen1847@gmail.com,Trevor,Mckee,,487-958-3272,McDonough,United States,30510,Alaska,162 Saint Croix,1988-06-22
ï»¿crmid:7604109539,bolometric1912@outlook.com,Lon,Cotton,male,050-840-3923,Sunnyvale,United States,61265,Iowa,71 Agnon,1945-06-07
crmid:6090322486,sheeting1875@gmail.com,Wilbur,Avery,male,996-865-2805,Arcata,United States,70099,Utah,1053 Mount Vernon,1933-10-01
crmid:7548561704,fenbank1858@yahoo.com,Pearle,Hancock,female,012-981-2067,Chester,United States,43651,Colorado,268 Fairmount,1946-07-12
crmid:4102811678,chavender2034@outlook.com,Joel,Peterson,,919-593-9948,Terre Haute,United States,33676,New Jersey,226 Reservoir,1979-12-13
crmid:7476896093,breeds1890@yandex.com,Ellamae,Key,female,272-849-3634,Prior Lake,United States,19428,West Virginia,1352 Everson,1947-03-16
crmid:1084034958,monogamous1887@live.com,Michal,Kirkland,,527-640-3062,Maywood,United States,91445,Pennsylvania,540 Dicha,1988-07-06
crmid:2239389506,anesthetize2028@yahoo.com,Cornell,Ross,,723-588-9467,Vacaville,United States,62911,Wyoming,861 Moore,1965-11-03
crmid:9029846820,schuit1868@outlook.com,Cody,Carroll,,073-506-1822,Neenah,United States,22912,Hawaii,1323 Brighton,1995-05-19
crmid:6808222160,eccentrics1859@yahoo.com,Augustus,Reynolds,,166-129-3683,West Hollywood,United States,44277,New Jersey,48 Conservatory Access,1986-09-14
crmid:9139694980,dishrag1985@live.com,Lenna,Harmon,female,665-749-0999,Del City,United States,36773,South Dakota,283 Porter,1954-05-13
crmid:9941898804,anchors2039@yandex.com,Norman,Battle,male,896-453-3705,Avon Lake,United States,47276,Montana,896 Hampshire,1935-07-02
crmid:3234023051,carpool1965@gmail.com,Tawny,Summers,female,290-019-2985,Edwardsville,United States,41329,Alabama,786 Anzavista,1958-08-28
crmid:6143537097,cutline2021@yahoo.com,Wally,Buchanan,,450-984-0048,Santa Fe Springs,United States,71111,Florida,1103 Rod,1978-03-13
crmid:5830430736,radioactivities1828@live.com,Augustus,Gilbert,,091-339-3790,Lake Zurich,United States,80404,Arkansas,179 Claude,1980-10-03
crmid:1043437503,shipwrightry1823@gmail.com,Janene,Dawson,female,473-506-3953,Southaven,United States,51239,Montana,777 Mirando,1996-11-06
crmid:4154607064,peller1878@live.com,Hobert,Haynes,male,139-035-3186,Pembroke Pines,United States,51373,Ohio,723 Dr Tom Waddell,1943-05-13
crmid:7386446670,eagle1873@live.com,Denver,Webster,,308-854-9049,Suffolk,United States,62588,Alaska,830 Delaware,1968-06-20
crmid:2124286753,sak2016@yahoo.com,Jarod,Maxwell,male,535-180-6278,Wilmette,United States,05345,Missouri,1104 San Leandro,1931-05-18
crmid:2067439767,fenbank2029@yahoo.com,Marvin,Duran,,006-356-8123,Kenmore,United States,97948,Arizona,801 Mount Vernon,1977-09-23
crmid:4560190295,carella1845@gmail.com,Maxwell,Barnes,male,129-248-8753,Wyandotte,United States,03001,Louisiana,1040 Hemlock,1936-12-13
crmid:9107525497,aspire1954@yahoo.com,Fermin,Stout,,703-837-3931,Montrose,United States,90264,Utah,465 Lettuce,1992-08-01
crmid:1713794398,braggers1939@gmail.com,Etha,French,female,885-677-9133,Westland,United States,71812,Tennessee,180 Wheat,1955-03-10
crmid:6377587198,telepathically1841@live.com,Gaylord,Daniels,,763-529-1470,Gardner,United States,92527,Colorado,432 Pershing,1965-09-08
crmid:1368878434,sparkplugging2015@yahoo.com,Denis,Mosley,,904-619-5388,Roswell,United States,37976,West Virginia,1361 Marengo,1974-06-26
crmid:3382671582,eruditeness2011@yahoo.com,Brendan,Copeland,,357-022-8549,Millbrook,United States,66501,Kentucky,845 Veterans,1991-11-28
crmid:3183281576,apples1893@yandex.com,Azalee,Ortiz,female,230-437-9121,Watauga,United States,66770,Kansas,375 Highland,1958-12-25
crmid:2702503880,coogan1979@live.com,Melodee,Frederick,female,635-691-1948,Eureka,United States,93786,Mississippi,1298 Wayland,1960-06-10
crmid:4399051398,multirooted1909@yahoo.com,Edris,Yates,female,841-073-4261,North Lauderdale,United States,81978,Kentucky,440 Marview,1998-03-05
crmid:9137629177,decertation1915@yandex.com,Anton,Mccray,,381-807-6860,New Berlin,United States,95078,Nevada,1176 Austin,1996-06-17
crmid:4606043079,rajarshi2030@gmail.com,Martin,Rose,female,489-134-5156,Champaign,United States,77560,North Dakota,237 Moultrie,1946-12-12
crmid:9793333109,deuce1837@live.com,Wes,Marquez,,993-016-3948,Walnut Creek,United States,26475,Georgia,856 Burgoyne,1962-11-22
crmid:5819905383,tiffany2031@gmail.com,Cristobal,Barnett,male,994-602-1311,Casselberry,United States,18692,Nebraska,994 Dickinson,1945-02-02
crmid:3416018438,repours1810@yahoo.com,Song,Foreman,female,999-475-4514,Converse,United States,43809,Connecticut,876 Fairfield,1950-08-10
crmid:2122044895,descendents1885@yandex.com,Daryl,Edwards,,034-110-4001,Waterloo,United States,41122,West Virginia,426 Escolta,1982-02-05
crmid:3318813360,awest2030@yahoo.com,Floyd,Massey,,914-252-8481,Long Branch,United States,51069,Oklahoma,910 Hussey,1984-10-25
crmid:2147679462,unstupid1887@yahoo.com,Jeremiah,Stevens,,780-104-4480,Moorpark,United States,80574,South Carolina,573 Latona,1993-02-19
crmid:2453468275,bobbee1998@live.com,Xuan,Velez,female,467-967-4755,Pharr,United States,55747,California,1246 Seventh,1960-09-29
crmid:6525172505,berlitz2015@yahoo.com,Odis,Parrish,,619-923-3906,Gadsden,United States,12424,California,637 Cross,1964-02-07
crmid:1182696028,microlitic2029@outlook.com,Maxima,Terrell,female,020-746-4891,Richfield,United States,83955,South Dakota,1035 Carr,1946-06-28
crmid:1074988065,aborticide1901@outlook.com,Hershel,Chaney,,275-523-2330,Indian Trail,United States,92219,Missouri,1147 Fremont,1974-04-16
crmid:4841790753,frustrative1879@yahoo.com,Terrell,Bentley,male,601-326-3762,Tallahassee,United States,80036,Colorado,230 Britton,1937-09-02
crmid:1643268286,spiderling1803@yandex.com,Pedro,Dunn,,100-283-2336,Harlingen,United States,40420,Nebraska,77 Dunshee,1969-08-22
crmid:2464553857,grievance2057@yandex.com,Kiera,Glenn,female,041-017-6616,Southlake,United States,13715,Alaska,833 Copper,1947-05-11
crmid:3099322426,unjamming1886@yandex.com,Mickie,Mccullough,female,186-632-9669,Deer Park,United States,85781,Alabama,210 Elmwood,1953-06-19
crmid:1993580624,brimborion1913@outlook.com,Logan,Hart,,897-014-9920,Mansfield,United States,37338,North Dakota,198 Old Harford,1986-05-02
crmid:4132769210,unerroneous1823@live.com,Frankie,Perkins,male,263-794-4269,Albert Lea,United States,82706,Vermont,120 Behr,1931-04-23
crmid:9314125886,snidest2005@gmail.com,Teodoro,Frye,,573-260-8443,Franklin Park,United States,78055,Ohio,180 Lomita,1964-01-19
crmid:8725542180,syrupy1933@yandex.com,Renna,Ayala,female,176-079-7138,Sparks,United States,14121,Wisconsin,8 Inverness,1947-12-14
crmid:6560237400,perfecto1922@gmail.com,Jerrod,James,male,750-596-1276,Bellingham,United States,74066,Kansas,1014 Calgary,1937-05-15
crmid:3777372082,fossorial1943@live.com,Buford,Banks,male,700-212-8540,Central Falls,United States,08694,Louisiana,162 Antonio,1945-02-02
crmid:4725998377,seahorse1886@outlook.com,Alfonso,Delgado,male,956-783-0233,Newberg,United States,02597,Kansas,975 Stoneybrook,1997-01-01
crmid:7460826012,endotropic2056@live.com,Benjamin,Marshall,,305-925-2727,Kingman,United States,39557,New Mexico,1390 Congo,1977-06-26
crmid:6049663890,pixies2067@yandex.com,Levi,Mann,male,935-886-9792,Burlington,United States,39185,Vermont,841 Liebig,1943-06-18
crmid:1351627401,contemptible1829@yahoo.com,Hong,Stokes,male,954-170-9410,Overland Park,United States,79652,Minnesota,117 Davis,1996-10-20
crmid:4434842275,preview1809@outlook.com,Del,Benton,,916-167-7341,Herriman,United States,45108,Vermont,883 Arago,1971-08-06
crmid:3133951204,habanera1847@yandex.com,Kenisha,Villarreal,female,159-999-1437,Vicksburg,United States,12810,Illinois,1164 Marion,1946-05-30
crmid:1946541336,decking1933@yahoo.com,Doug,Gibson,male,133-448-2608,Pembroke Pines,United States,03021,Minnesota,958 Leona,1932-03-11
crmid:2852200416,protragedy2043@gmail.com,Zack,Cole,,319-377-1097,Garfield,United States,25071,New Jersey,973 Winter,1965-04-21
crmid:1890751820,busby1943@yahoo.com,Gary,Hunter,male,095-128-5198,Southlake,United States,04912,North Carolina,1049 Bret Harte,1941-04-15
crmid:1526304266,stupid1915@outlook.com,Clark,Atkinson,,068-296-9520,Louisville,United States,52075,Iowa,163 Haight,1984-10-15
crmid:8651281535,unspecific1979@yahoo.com,Russell,Koch,male,277-856-9951,Oak Forest,United States,04255,Ohio,1341 Visitacion,1936-08-16
crmid:8019003601,delawn1969@yandex.com,Jame,Butler,,208-543-8070,Juneau,United States,36772,Kansas,680 Virginia,1976-06-19
crmid:8493998130,redundancies2040@gmail.com,Laurinda,Beach,female,786-677-7304,Sterling Heights,United States,71050,Alaska,1259 Constanso,1953-05-02
crmid:1102618807,sokols1923@gmail.com,Steve,Goodwin,,421-082-2237,Largo,United States,33502,North Carolina,371 Santa Rosa,1980-06-07
crmid:6596029058,dress1811@live.com,Enda,Figueroa,female,023-167-0789,Donna,United States,14200,Louisiana,713 Castle Manor,1955-03-09
crmid:5844496621,bunchberry1811@outlook.com,Mervin,Webb,,785-059-0944,Plano,United States,91289,California,652 Arnold,1980-03-30
crmid:7060276683,trafflike1872@live.com,Ned,Briggs,male,069-302-5024,Ardmore,United States,48401,Alabama,734 Morning Glory,1933-07-04
crmid:1220036846,divest1851@gmail.com,Cameron,Bright,,853-454-2650,Lebanon,United States,88008,Arkansas,206 Burke,1981-11-27
crmid:7641181935,overincline1824@yandex.com,Quinton,Harding,male,592-145-5306,South Gate,United States,76131,Texas,1213 Bemis,1997-11-23
crmid:5509908018,legate1862@yandex.com,Orlando,Gregory,,248-068-9476,Westlake,United States,54587,Louisiana,727 Rickard,1991-10-26
crmid:8453529243,deprogramming2051@yahoo.com,Clarence,Waller,male,081-515-7770,Twin Falls,United States,58034,Alaska,321 Gay,1995-11-29
crmid:6849511926,moping1897@live.com,Alden,Hardy,,843-057-8130,Tigard,United States,49733,Illinois,854 Gaven,1993-08-19
crmid:1950550055,sidebones1898@live.com,Millard,Dale,,959-204-1274,La Mesa,United States,17257,Montana,190 Westgate,1978-03-02
crmid:6329503175,blackleg2046@gmail.com,Julio,Duke,male,398-307-9960,Centerville,United States,92143,North Dakota,35 Mabel,1945-06-08
crmid:9027477432,cailliach1884@yandex.com,Troy,Kaufman,,115-721-9318,Porterville,United States,84995,South Dakota,338 Helena,1969-08-01
crmid:1542898012,jayhawker1931@gmail.com,Harry,Foley,male,295-893-9389,Cedar City,United States,82181,Georgia,417 Tenny,1945-04-10
crmid:6001908312,daylights1956@outlook.com,Terrence,Mcdowell,male,925-977-5093,Springboro,United States,15736,Iowa,1110 Edith,1945-09-19
crmid:4297875065,pedocalcic1891@yandex.com,Tandra,O'neal,female,098-527-9564,State College,United States,94210,Colorado,1174 Polaris,1951-08-22
crmid:9223460134,anthropos1854@yandex.com,Contessa,Burt,female,350-446-3900,Denton,United States,85017,Connecticut,701 Commer,1954-10-18
crmid:8499486476,aswan1836@live.com,Al,Ortiz,,176-132-3418,Goodlettsville,United States,43669,Florida,294 Decatur,1967-08-12
crmid:9363109745,claval1829@yahoo.com,Fred,French,male,241-241-4235,Beaumont,United States,63602,New Mexico,361 Pearl,1936-11-07
crmid:8275249371,boobies2009@yandex.com,Nathan,Scott,,087-793-0670,San Ramon,United States,32283,Washington,1090 Armstrong,1970-11-10
crmid:5450509183,primeval1931@yahoo.com,Heath,Dickson,male,247-155-5882,Bessemer,United States,99290,New Mexico,366 Clyde,1938-05-08
crmid:9619710652,freezing2010@gmail.com,Bernarda,Calderon,female,416-288-1843,Wilson,United States,21024,Georgia,480 Pretor,1956-01-05
crmid:1006422064,gingeleys1988@outlook.com,Winter,Ayala,female,497-990-0625,Oak Harbor,United States,68059,Vermont,620 Ship,1961-09-01
crmid:1232893015,believer1830@outlook.com,Leif,Rollins,male,240-025-1343,Apopka,United States,97502,New Hampshire,303 California,1933-06-25
crmid:5564390915,jocosities2040@yahoo.com,Ezequiel,Christensen,male,181-988-2233,Spokane Valley,United States,17144,Alaska,394 Ingalls,1943-04-06
crmid:1965179024,pilgrim1985@gmail.com,Henry,Cochran,,474-879-2749,Schererville,United States,38861,Mississippi,874 Naples,1974-04-28
crmid:8325984454,haematins1956@live.com,Brice,Bush,,245-094-4388,Largo,United States,73711,Maryland,1368 Hegal,1980-09-11
crmid:1173675612,unsmokeable2064@live.com,Forrest,Buckner,,812-478-6183,Garner,United States,43164,Delaware,419 Doric,1965-08-10
crmid:6025480101,brachylogy2034@outlook.com,Reatha,Kline,female,577-439-5523,Wheaton,United States,55714,Oklahoma,1250 Avalon,1998-10-19
crmid:6913174343,socked1861@gmail.com,Abe,Cherry,,014-962-6888,Hickory,United States,05687,South Carolina,342 Acevedo,1971-02-09
crmid:5104365049,grunting1950@outlook.com,Dana,Valencia,,504-922-1587,Foster City,United States,57386,South Carolina,603 Keystone,1963-09-30
crmid:9075057045,catfish2059@yandex.com,Denny,Phelps,male,684-200-8933,New Albany,United States,07486,New Mexico,433 Lynch,1995-01-05
crmid:6885073461,borane1872@gmail.com,Thora,Albert,female,130-005-9938,Collinsville,United States,50149,Maryland,767 Almaden,1949-09-01
crmid:6526088247,annamaria1886@yandex.com,Hoyt,Hart,male,799-720-7213,Paramus,United States,03087,Virginia,467 Phelan,1939-05-13
crmid:2644958505,probonding2028@live.com,Desirae,Green,female,854-963-3427,El Cajon,United States,93531,Michigan,22 Sonora,1958-02-12
crmid:9329649286,demised1940@live.com,Thurman,Avery,,693-630-3660,Plainfield,United States,41594,Utah,1336 Juanita,1983-08-05
crmid:4528971341,salangid2003@live.com,Lera,Barr,female,966-293-0524,Cliffside Park,United States,33396,Utah,385 Judson,1948-05-02
crmid:7408131726,cantaloupes2051@live.com,Olinda,Kirkland,female,566-112-2653,Clarksdale,United States,76743,New Jersey,253 Spring Valley,1948-12-31
crmid:6682259684,butcheress1917@yandex.com,Mitchell,Moses,,511-386-7853,Mission Viejo,United States,27412,Oklahoma,379 Parque,1991-05-14
crmid:1534366767,imbued1904@live.com,Zonia,Hunter,female,339-430-8722,Roselle,United States,25424,Idaho,696 Oceanview,1959-09-15
crmid:3968719267,myiarchus2038@yandex.com,Kieth,Lynn,,767-598-5472,San Antonio,United States,40365,Tennessee,1375 Elmhurst,1982-09-02
crmid:8700537969,progression1833@yahoo.com,Numbers,Callahan,,131-638-8875,West Linn,United States,67701,West Virginia,775 Brewster,1980-12-04
crmid:1344495364,kudu1890@live.com,Bernard,Rowland,,636-074-9310,Palm Bay,United States,75117,New York,1258 Everson,1966-03-07
crmid:5454014892,aviation1904@yahoo.com,Kathey,Mendoza,female,455-550-0112,Duluth,United States,62324,Oklahoma,1042 Freeman,1956-11-28
crmid:4804290015,corporeal1932@live.com,Sam,Jefferson,male,251-359-2325,Carmel,United States,54281,North Dakota,684 Decker,1944-09-15
crmid:3135304971,corbett1981@gmail.com,Patrick,Warner,,933-054-0136,North Port,United States,97188,Iowa,912 Linda,1999-06-25
crmid:6730317609,except1903@gmail.com,Lindsay,Curry,,200-244-5532,Granite City,United States,13268,Kentucky,1261 Bancroft,1967-04-01
crmid:8247739159,bevatrons1994@outlook.com,Stuart,O'donnell,,313-860-5640,San Gabriel,United States,74465,Missouri,266 Omar,1978-07-05
crmid:8268186516,bianka1909@gmail.com,Yuonne,Lynch,female,357-940-1735,Danbury,United States,95023,North Carolina,196 Spooner,1952-10-18
crmid:6571521240,catie1848@gmail.com,Eugenio,Hopper,male,215-405-9319,Caldwell,United States,74068,Louisiana,367 Rossmoor,1943-12-07
crmid:8038024970,meatmen1919@outlook.com,Bernardina,Barker,female,291-825-8815,Vestavia Hills,United States,58610,North Dakota,284 Harris,1952-01-02
crmid:4764767344,deviated1881@gmail.com,Devon,Atkins,,420-533-0573,Lemoore,United States,38509,Alabama,325 East Beach,1982-06-30
crmid:3069836956,lariated1968@yandex.com,Jay,Wooten,,175-053-5449,Grapevine,United States,53293,California,867 Ecker,1967-09-25
crmid:1980790531,septenate1889@live.com,Madelene,Merritt,female,712-313-2499,Edgewater,United States,34845,New Jersey,729 Hooper,1958-06-20
crmid:1439946526,pug1880@gmail.com,Carlo,Maxwell,male,771-324-2689,Riviera Beach,United States,15197,Hawaii,205 Seal Cove,1944-02-18
crmid:2806024305,falconry1991@yahoo.com,Mariano,Nguyen,,932-519-8683,Lima,United States,94772,Tennessee,343 Jeopardy,1982-12-15
crmid:4541976420,ryegrasses1834@gmail.com,Coralee,Bean,female,299-790-8255,Rolla,United States,70808,Virginia,140 Vista View,1959-02-02
crmid:1049280703,impassibly1842@yandex.com,Bert,Cash,male,505-080-9351,Bangor,United States,06605,California,1053 Humboldt,1936-01-05
crmid:2228775269,salar1962@live.com,Sydney,Owen,male,403-413-8174,Bakersfield,United States,54792,Louisiana,958 Bonifacio,1935-09-22
crmid:1433160005,caelus1957@outlook.com,Donnie,Bailey,,634-362-2186,St. Cloud,United States,45615,Maryland,1300 Abbey,1982-06-18
crmid:2812467518,afraid1995@gmail.com,Jae,Tyler,male,727-819-6320,Cabot,United States,20372,Virginia,279 Genebern,1943-05-29
crmid:4489240634,alleyway1924@yandex.com,Vance,Hamilton,,396-114-6896,Sterling Heights,United States,63615,Wisconsin,81 Gardener,1978-11-14
crmid:4805095186,papillon1936@gmail.com,Antione,Ingram,,431-535-7100,Montclair,United States,87930,Wyoming,714 Burns,1992-12-31
crmid:6489793551,cookeys2053@outlook.com,Coy,Hurley,,059-525-9854,Seal Beach,United States,88670,New Hampshire,1089 West Broadway,1977-10-20
crmid:7201580744,carpool2050@outlook.com,Rex,Dillard,,768-602-1267,Texarkana,United States,24892,Maryland,1377 Sparta,1966-07-25
crmid:1413790805,heeler1927@gmail.com,Dong,Buck,,451-832-9908,Hopkins,United States,27617,Kansas,1136 Pratt,1973-05-09
crmid:7198101842,cherries2034@yandex.com,Abel,Sargent,,369-218-9431,Goose Creek,United States,67370,Virginia,1097 Davidson,1967-10-20
crmid:5563847407,altruistic1978@yandex.com,Deedra,Skinner,female,312-389-9722,Detroit,United States,88663,Minnesota,819 Fairmount,1954-02-27
crmid:5337783122,octopus1909@gmail.com,Stan,Hogan,,531-018-8573,Mesa,United States,99648,North Dakota,66 Prescott,1989-11-17
crmid:9907021585,bande1961@yahoo.com,Tracey,Mcgowan,,192-718-9428,Lake Charles,United States,31536,Massachusetts,1344 Clay,1979-06-28
crmid:9613052968,accosting1891@live.com,Filiberto,Deleon,,114-604-7358,Shaker Heights,United States,30241,Montana,244 Constanso,1972-08-03
crmid:4656534697,saltish1975@live.com,Walton,Clayton,,497-279-6798,Marana,United States,96613,Michigan,826 Prague,1986-07-22
crmid:5092271618,chalton1871@outlook.com,Marvin,Carter,male,891-853-3547,Carpentersville,United States,36688,Kansas,530 Concourse,1944-07-05
crmid:3025601502,bevin1812@yandex.com,Graig,Bullock,male,144-066-2977,Brook Park,United States,81050,Illinois,65 Sotelo,1941-04-04
crmid:9474293535,hieracosphinxes2021@gmail.com,Jamee,Stark,female,838-834-6889,East Cleveland,United States,27848,Montana,850 Westmoorland,1957-04-28
crmid:2808469216,tups1816@live.com,Eugenio,Chan,,615-472-7520,Ossining,United States,31181,Arizona,513 Desmond,1972-08-05
crmid:2874505615,drenched1951@yandex.com,Bari,Orr,female,107-302-0972,Downey,United States,02210,Washington,1022 Mars,1955-01-22
crmid:3343433034,creating1996@outlook.com,Clemente,Leach,male,491-347-0659,Biddeford,United States,75874,Utah,739 Cowles,1939-02-17
crmid:1195861557,dashed1891@outlook.com,Mitchel,Hardin,male,430-109-2674,Bend,United States,45577,California,774 Continuum,1938-07-13
crmid:8209206377,carding2015@yandex.com,Ismael,Price,,844-014-4204,Lathrop,United States,53392,Iowa,864 Virginia,1981-10-24
crmid:4811423585,detur2036@gmail.com,Eldon,Zimmerman,,095-674-7599,Ottumwa,United States,48591,New Jersey,128 Stillman,1991-07-26
crmid:7669518911,bloodhound1845@gmail.com,Abe,Beasley,,606-413-7728,Lewiston,United States,85800,Rhode Island,493 Castelo,1982-08-18
crmid:8774362481,paunchful1968@yahoo.com,Carmelina,Howard,female,452-833-5956,Colorado Springs,United States,50234,Oregon,1249 Gene Friend,1949-09-03
crmid:9026793205,imboldening1953@gmail.com,Lamar,Holt,,438-611-8300,Matthews,United States,98347,Idaho,860 Leona,1988-07-28
crmid:4455901518,supervene1921@yandex.com,Spencer,Bernard,,232-854-6317,Oak Harbor,United States,63358,West Virginia,485 Cuesta,1970-03-13
crmid:6768263085,malleating1850@live.com,Lavona,Burgess,female,988-596-5578,Palestine,United States,27247,Connecticut,534 Hoff,1960-12-25
crmid:1071014719,explorations1882@live.com,Jc,Swanson,,254-304-9438,Tupelo,United States,31188,Hawaii,1135 Hillside,1969-03-08
crmid:4077059504,subcurate2012@yahoo.com,Desmond,Avery,male,570-491-4211,Taylor,United States,61348,Oklahoma,792 Arnold,1939-03-01
crmid:2043644114,passionometer1914@yandex.com,Ezra,Mccullough,,678-190-1710,Kirksville,United States,17522,Idaho,360 Avenue N,1978-04-13
crmid:3335512732,budgerigar2041@live.com,Benedict,Stevens,male,268-378-3363,Baltimore,United States,07442,California,862 Chester,1935-01-28
crmid:7749345970,woundless2053@live.com,Darnell,Hurley,,309-111-5263,Ferndale,United States,38517,New Hampshire,1288 Niagara,1962-05-24
crmid:6652038833,opossum2040@yandex.com,Kenyetta,Mccray,female,742-820-2945,Salt Lake City,United States,12147,New Mexico,612 Galvez,1951-12-09
crmid:2987921825,ashore1901@live.com,Jerold,Bolton,,984-257-7225,Gainesville,United States,72970,Hawaii,255 Fredson,1964-05-09
crmid:4459186256,suppleness1974@yahoo.com,Otto,Mann,male,875-827-7393,Canton,United States,74338,Virginia,1148 Boylston,1944-12-22
crmid:1970900972,crumble1858@yahoo.com,Yelena,Pena,female,937-938-5167,Dodge City,United States,96991,Michigan,9 Nancy Pelosi,1955-09-23
crmid:2619551638,frustrative1908@outlook.com,Mauricio,West,male,366-740-5659,St. Joseph,United States,85091,Arizona,552 Page,1938-07-30
crmid:4026540674,stupid2066@gmail.com,Francis,Hurley,male,330-410-0385,Ramsey,United States,05905,Maryland,625 Entrada,1934-11-20
crmid:7415139538,beachwear2020@yandex.com,Tod,Dyer,,437-238-7896,Laguna Woods,United States,49052,Nevada,939 La Grande,1979-08-28
crmid:5516192255,madonna1954@yandex.com,Elwood,Jenkins,,018-554-2823,Lynchburg,United States,81740,West Virginia,1084 Liberty,1985-04-04
crmid:7876317108,nuanced2065@live.com,Rolando,Wiley,male,130-839-3910,Williamsport,United States,08498,North Dakota,275 Century,1935-11-16
crmid:2592999027,taurocholate2069@outlook.com,Elizabet,Stanton,female,099-649-2403,Sugar Land,United States,18052,South Dakota,830 Starview,1949-03-28
crmid:8113624992,singly2003@outlook.com,Roy,Lucas,male,626-621-9325,Oakland Park,United States,05936,Maine,347 Holladay,1941-08-18
crmid:4968129327,colston1890@gmail.com,Shakia,Sosa,female,645-910-9319,Escondido,United States,64016,New York,1046 Broad,1960-10-15
crmid:3467008658,sacculoutricular1950@yandex.com,Reid,Park,,632-274-2139,Hercules,United States,56607,Utah,291 Fulton,1971-09-17
crmid:9543817370,morpho2022@gmail.com,Chas,Huff,male,980-000-6786,Beverly,United States,08049,New Mexico,103 Archer,1939-02-15
crmid:2123363822,sidetracked1937@outlook.com,Ike,Bird,male,352-091-7590,Statesville,United States,92599,West Virginia,383 Mauldin,1940-05-03
crmid:6997429964,corker1851@yahoo.com,Domonique,Dickson,female,921-446-9301,Walla Walla,United States,22650,Nebraska,1013 Garrison,1961-03-08
crmid:2372661066,thrillingness1902@yahoo.com,Alvaro,Patton,male,125-111-9812,Brea,United States,86747,Illinois,584 Elmhurst,1941-01-23
crmid:7249041593,afterfuture1948@yandex.com,Faustino,Wong,male,723-736-8594,Altoona,United States,72170,Minnesota,914 Ils,1932-12-22
crmid:7825815992,illano1818@outlook.com,Steve,Guzman,,606-985-0684,Kirkland,United States,92733,Vermont,430 Bryn Mahr,1978-06-10
crmid:6995689622,sanded1912@gmail.com,Jospeh,Meyer,,646-326-2325,North Ridgeville,United States,75903,Tennessee,151 Chestnut,1999-05-18
crmid:5033070295,lieve1843@yahoo.com,Darnell,Jordan,female,018-023-1333,Clearfield,United States,12001,Ohio,535 Bertie Minor,1948-02-16
crmid:2846110354,chrysotherapy1822@yahoo.com,Wes,Wallace,male,541-401-0654,Arnold,United States,53505,Nebraska,378 Oloran,1933-10-30
crmid:1891724845,subspace2040@outlook.com,Daron,Conley,male,889-835-9276,Bradenton,United States,15488,Florida,716 Shakespeare,1941-03-07
crmid:4484434000,gripy1870@yahoo.com,Cleo,Maxwell,male,639-184-6796,Allen Park,United States,78131,Tennessee,1261 Palm,1931-12-27
crmid:1785262510,dielike2015@gmail.com,Monte,Hays,,884-722-8125,Keizer,United States,60630,Ohio,132 Prosper,1976-12-25
crmid:4778007417,aloof2051@yahoo.com,Judson,Lawson,,592-043-1116,Portsmouth,United States,74377,North Carolina,951 Joy,1987-11-11
