crmid,email,first_name,last_name,gender,mobile_telephone,city,country,zip,state,street_address,birthday,creditrating
crmid:9770687030,outdodges2027@outlook.com,Gregg,Sears,,587-970-0866,Lewisville,United States,78025,Louisiana,361 Rockridge,1982-11-29,1983
crmid:7659996374,faliscan2005@outlook.com,Leandro,Orr,,145-407-9738,Martinsburg,United States,83268,Texas,329 Patten,1987-12-13,1383
crmid:2802287184,flamingos2010@yandex.com,Robin,Grant,,508-867-0957,Indian Trail,United States,37749,Pennsylvania,972 Pine,1974-07-26,967
crmid:9376884980,toad1931@outlook.com,Riva,Todd,female,131-774-4425,Concord,United States,46213,Delaware,1378 Minerva,1950-07-29,606
crmid:4890047881,countenancing1890@yahoo.com,Marlon,Smith,,986-740-1587,Gahanna,United States,97588,Ohio,748 Everglade,1964-11-26,1680
crmid:7166036517,calcar1912@gmail.com,Jesse,Garcia,,206-526-9908,Margate,United States,50797,Massachusetts,301 Calhoun,1986-09-10,2031
crmid:5912035204,downcome1926@outlook.com,Waldo,Adkins,,229-066-6660,Morton Grove,United States,99749,Oregon,1136 Alabama,1993-11-20,1843
crmid:3003510797,hookheal2026@yandex.com,Lacy,Gentry,,414-965-7827,Lenoir,United States,97663,Iowa,294 Rock,1982-05-24,1910
crmid:1237438722,narcotization2059@gmail.com,Vito,Schroeder,male,156-621-5935,Annapolis,United States,98399,Maine,865 Fratessa,1933-10-26,829
crmid:4555245183,mowstead1827@live.com,Reggie,Mcfarland,,074-947-2173,Juneau,United States,17797,Pennsylvania,917 Post,1976-03-28,2915
crmid:2065672792,overlow2019@yandex.com,Mack,Moreno,,002-068-8415,Pontiac,United States,26138,West Virginia,592 Rausch,1963-07-21,2368
crmid:4387639789,sedater1804@gmail.com,Porsha,Rivas,female,876-921-8725,Woodstock,United States,75140,Texas,1168 Alpine,1998-03-26,2511
crmid:5797604249,cornmuse1964@yandex.com,Roberto,Warner,,719-175-0500,Garland,United States,51699,Alaska,336 Malden,1965-10-04,2066
crmid:8013239761,eckler1842@outlook.com,Mitsuko,Bishop,female,501-453-9842,Evergreen Park,United States,35496,Illinois,1014 Worth,1960-07-03,470
crmid:2316550399,casco2030@yandex.com,Lyman,Sharp,,504-142-8128,Winter Haven,United States,67973,South Carolina,345 Nobles,1974-01-30,1813
crmid:8992978481,gnat2051@yahoo.com,James,Lawson,,771-084-5483,Miami,United States,83858,New York,232 Thor,1990-12-11,2278
crmid:9087850664,chuddar1848@yahoo.com,Horacio,Crawford,,341-439-4514,Mountain View,United States,29422,Connecticut,298 Niantic,1994-05-10,432
crmid:7922911204,stacker1953@yahoo.com,Kourtney,Ward,female,431-756-0917,Stafford,United States,28982,South Dakota,1081 San Lorenzo,1958-05-30,1098
crmid:8317543683,breakless1913@yandex.com,Kermit,Powell,,819-569-8775,Wentzville,United States,69239,New Mexico,676 Graystone,1992-08-07,2251
crmid:9637906391,infectionist1809@gmail.com,Hwa,Avila,female,537-638-0406,Rocklin,United States,85078,Virginia,934 Arbor,1946-10-07,2434
crmid:5391002427,dropsy1870@yandex.com,Kenny,Ballard,male,142-551-2543,Placentia,United States,13111,New Mexico,98 Lake Merced,1943-06-02,2919
crmid:6715343876,espied1809@live.com,Brian,Mann,,975-476-0712,Forest Park,United States,56505,Arkansas,920 Arago,1962-10-28,1977
crmid:6281031629,pleurotyphoid1954@outlook.com,Bret,Aguilar,,827-507-0787,Philadelphia,United States,58588,Alabama,778 Letterman,1996-08-29,1981
crmid:9087441798,tapinceophalism1907@live.com,Ferdinand,Stafford,,339-507-4592,Indian Trail,United States,60281,Virginia,774 Giants,1974-10-24,2722
crmid:9247403526,fantasize2035@yahoo.com,Ted,Hood,,214-864-2066,Rancho Santa Margarita,United States,94142,New Jersey,303 Granada,1985-07-16,892
crmid:5705537501,decayed2067@live.com,Ian,Winters,,853-063-8761,Goshen,United States,10904,Ohio,977 Transverse,1967-02-09,2539
crmid:8319378263,auditoria1940@outlook.com,Lionel,Wolfe,,116-563-5962,Grand Island,United States,34896,Louisiana,213 Eutaw,1967-07-04,956
crmid:7676994396,unjewelled1863@live.com,Dillon,Dunn,male,739-542-0363,Spokane,United States,88276,South Carolina,352 Montana,1939-03-09,708
crmid:1857547029,clethra1971@outlook.com,Branden,Wiley,male,171-783-3409,Nacogdoches,United States,59949,Pennsylvania,1135 Cragmont,1995-10-02,1275
crmid:1366084858,calvary1996@outlook.com,Fransisca,Munoz,female,717-047-3203,Thousand Oaks,United States,96782,South Dakota,1263 Al Scoma,1960-03-21,926
crmid:4430886965,unstaffed1856@yandex.com,Wes,Gray,male,372-479-3405,Abilene,United States,59691,Massachusetts,518 Rotteck,1930-10-12,530
crmid:8087981307,dunderhead1809@yahoo.com,Chang,Ramirez,,342-151-4815,Marlborough,United States,59491,Colorado,307 Legion Of Honor,1987-09-24,828
crmid:1237659625,blazed1881@gmail.com,Don,Hahn,male,449-840-0799,Butte-Silver Bow,United States,10845,Rhode Island,173 Castenada,1943-03-12,1099
crmid:4818113057,dielike1924@live.com,Mitchell,Roy,,176-327-2094,Neenah,United States,85828,New Hampshire,634 Hicks,1995-10-31,424
crmid:8043849005,dickerson1995@outlook.com,Brice,Buck,,756-143-4141,Mount Vernon,United States,31811,South Carolina,485 Oceanview,1994-07-06,1654
crmid:8371513830,anaconda1893@live.com,Earnest,Gordon,,879-548-0168,Marana,United States,87914,Tennessee,794 Fargo,1986-01-26,2072
crmid:3821310944,onomatopoeia2014@live.com,Millard,Nicholson,,574-089-6233,Freeport,United States,12644,Oregon,1313 Tiffany,1964-03-02,2860
crmid:5294983058,baton2041@gmail.com,Abel,Donovan,,065-560-4981,Montgomery,United States,38520,Rhode Island,316 Seal Cove,1992-07-22,2731
crmid:2794083303,therblig1986@gmail.com,Keenan,Stewart,,955-211-9630,Hutchinson,United States,84306,Mississippi,368 Burnside,1974-01-14,357
crmid:4384598839,snop1824@live.com,Gerard,Good,male,767-124-9423,Cape Coral,United States,26756,Oklahoma,455 Belmont,1944-04-11,2773
crmid:3085018111,kingdoms1843@live.com,Aron,Chan,male,146-974-6410,San Marcos,United States,06147,Massachusetts,837 College,1933-11-02,367
crmid:9259520191,christoffel1800@outlook.com,Shelton,Kidd,,783-467-5361,Frederick,United States,91856,Pennsylvania,4 Madrone,1964-01-07,1997
crmid:2676217639,referencing1924@yahoo.com,Lazaro,Garcia,,081-588-6588,Rock Island,United States,36602,Minnesota,582 Mabini,1980-11-28,1245
crmid:9693282536,adaw1870@yahoo.com,Weston,Livingston,,592-066-9874,Owensboro,United States,23565,New Hampshire,462 Twin Peaks,1965-08-11,2324
crmid:2020988643,croci1942@yandex.com,Eddy,Davis,male,845-091-6562,San Fernando,United States,65171,Pennsylvania,1055 Kaplan,1996-01-06,2033
crmid:6763414101,docken2067@yahoo.com,Rolando,Bowen,,726-321-1118,Lisle,United States,60709,North Dakota,1212 Boynton,1983-11-24,1763
crmid:5227313079,madames1877@yahoo.com,Verena,Richards,female,219-337-0832,Cornelius,United States,53392,Connecticut,484 Mallorca,1950-09-24,1798
crmid:3666852517,pigwash1864@yahoo.com,Barabara,Gallegos,female,023-768-5137,El Mirage,United States,63010,Kansas,537 Mission Bay,1958-11-02,2413
crmid:6187322435,alien1954@yahoo.com,Jerrod,Conway,,282-018-5047,Tifton,United States,52323,Delaware,854 Levant,1986-05-19,2659
crmid:1592894977,bikers1990@live.com,Louie,Hubbard,male,486-585-0382,Portland,United States,03454,California,1359 Arguello,1941-12-12,2443
crmid:5729801897,stiffish1817@yahoo.com,Julio,Hampton,male,068-426-0650,Tucson,United States,66632,Arizona,483 Bercut Access,1932-11-23,2125
crmid:7740661399,enkidu1929@outlook.com,Avery,Eaton,male,871-967-1340,Birmingham,United States,72788,Virginia,340 Morning Glory,1939-12-02,300
crmid:4187066998,curcumas2061@yandex.com,Jayson,Sutton,male,813-725-3955,Auburn,United States,98179,North Carolina,236 Fairfax,1934-05-28,630
crmid:7293978891,narsinga1914@outlook.com,Richie,Powers,,299-809-9618,Stamford,United States,36645,Iowa,496 Thomas,1979-07-22,2449
crmid:6432854828,bemar1811@yandex.com,Tasia,Howard,female,100-546-3063,Daly City,United States,41067,Alabama,112 Texas,1952-08-15,2708
crmid:4492353020,semiticism1982@live.com,Richie,Johns,,211-312-3578,Lawrenceville,United States,93943,Minnesota,541 Fairfield,1981-05-11,2980
crmid:5186729968,cod1984@gmail.com,Humberto,Thornton,,430-433-4462,Hattiesburg,United States,12805,Oregon,511 Manor,1970-03-10,714
crmid:1036760462,chinchilla1901@live.com,Brain,Stone,,841-357-6817,Lemon Grove,United States,40685,Pennsylvania,833 Fremont,1982-07-28,2401
crmid:6287770667,elute2067@live.com,Carroll,Cantrell,male,064-229-0416,Annapolis,United States,07842,Kansas,952 Pulaski,1933-02-05,1363
crmid:3633831664,chiasma2060@outlook.com,Micheal,Trevino,male,345-769-4575,Blaine,United States,49353,New York,1036 Paloma,1939-07-29,1893
crmid:4570060840,pioneering1871@live.com,Elton,Rush,,208-952-6971,Homer Glen,United States,71770,Washington,1181 Deems,1972-07-07,769
crmid:4170157328,badminton1962@outlook.com,Federico,Franco,male,767-155-2744,Centennial,United States,26991,Massachusetts,1222 Exposition,1945-04-10,690
crmid:9113511155,plectridium1999@live.com,Emil,Pugh,,350-198-9783,Laramie,United States,41164,Pennsylvania,679 Oreilly,1980-08-09,1064
crmid:8616158170,chanson1922@gmail.com,Retta,Ochoa,female,061-791-9662,Cooper City,United States,94052,California,1278 Sergeant John V Young,1950-11-14,1802
crmid:5147966893,scarabaeus2055@live.com,Jacob,Kennedy,,523-484-7332,Point Pleasant,United States,26224,New York,745 Wall,1964-06-23,1960
crmid:1036870981,caviling2066@gmail.com,Rodrigo,Patel,,080-685-4141,Gladstone,United States,63540,Nebraska,690 Townsend,1966-10-19,368
crmid:9723253937,goshawk1805@yahoo.com,Erich,Drake,,396-598-5544,Hutchinson,United States,25825,Washington,653 Amador,1974-05-18,1382
crmid:2920610804,appleton2066@gmail.com,Hershel,Underwood,male,356-341-1037,Blacksburg,United States,20753,Oregon,496 Ofarrell,1939-05-29,328
crmid:3335971787,secateurs1991@outlook.com,Gertrud,Cantrell,female,266-082-8883,East Lansing,United States,19963,North Carolina,963 Friedell,1957-03-05,2049
crmid:3549233725,cuirassier1904@outlook.com,Teddy,Lane,male,809-445-7504,Redondo Beach,United States,65749,Indiana,1362 Alpha,1931-09-17,2331
crmid:7473719403,starship1988@live.com,Marion,Hudson,,789-364-9282,Greeley,United States,88598,Missouri,852 Rock,1968-02-18,1658
crmid:2875150701,predischarge2014@outlook.com,Dalton,Stewart,,585-827-0986,North Lauderdale,United States,89541,Utah,857 Rosa Parks,1998-05-31,2940
crmid:1767785832,blandishingly1941@yahoo.com,Tory,Macdonald,,013-503-0114,Morgan Hill,United States,70459,New Jersey,508 Juniper,1993-02-17,1093
crmid:7754840605,corbett1916@gmail.com,Rocco,Bass,,471-543-5048,Manhattan Beach,United States,45786,New Mexico,24 Bella Vista,1986-07-16,559
crmid:8223277664,proscind1857@yandex.com,Antone,Byrd,,607-475-2963,Pleasanton,United States,93108,Wisconsin,606 Colton,1970-05-06,1050
crmid:9076438981,domination1869@gmail.com,Emilio,Mcdaniel,male,752-769-6980,Brownsville,United States,10950,New Hampshire,253 Judah,1942-03-19,1255
crmid:3380037996,eyeglasses1932@outlook.com,Christian,Dorsey,,735-744-5187,San Diego,United States,32776,Connecticut,1231 Hernandez,1969-04-09,2127
crmid:5148411291,diagnose1990@live.com,Tora,Odom,female,882-531-7075,Fairview Heights,United States,86493,South Dakota,1212 Kissling,1961-09-22,1298
crmid:8281661504,overdiscount1914@yandex.com,Laverne,Morrow,male,832-514-1262,Bainbridge Island,United States,37792,Mississippi,242 Marin,1935-06-21,1920
crmid:5713859069,flachery1934@yahoo.com,Rodrigo,Rogers,,983-410-2315,Kalispell,United States,10429,Mississippi,1031 Middle Point,1976-04-28,713
crmid:1285672890,warship2025@live.com,Le,Hahn,female,985-606-2789,Rancho Santa Margarita,United States,28394,Massachusetts,1395 Whittier,1957-05-12,1404
crmid:2091190657,porpoise1807@live.com,Anderson,Miller,,233-490-1134,Hot Springs,United States,72036,Alabama,632 Hawkins,1973-12-14,1426
crmid:5264469773,dastardly2009@gmail.com,Hipolito,Mccoy,,639-186-3447,Fort Myers,United States,44209,South Carolina,1019 Piedmont,1963-07-30,1753
crmid:8229056211,boatly1933@yandex.com,Corey,Stanton,male,871-262-6943,Binghamton,United States,88192,Maine,14 Shrader,1939-02-28,766
crmid:2269197486,fluffs1858@outlook.com,Clyde,Donaldson,male,020-809-3749,Oxnard,United States,07291,Iowa,945 Bowley,1939-12-24,602
crmid:7608296223,decolor1892@gmail.com,Ariel,Rose,male,835-556-2525,Carmel,United States,97851,North Dakota,803 Lurline,1944-01-25,470
crmid:2004994318,butta1875@live.com,Gene,Barrett,,810-465-7911,Port Huron,United States,83642,New Mexico,24 Dirk Dirksen,1976-03-21,996
crmid:5530505392,haters2007@yandex.com,Vicente,Trujillo,male,537-476-3949,Northampton,United States,79854,North Carolina,750 Avenue C,1999-02-18,922
crmid:1745165284,bosom2054@live.com,Hugh,Fuller,,563-069-7642,Salt Lake City,United States,36331,New York,686 Lysette,1978-08-21,2164
crmid:7594508321,wronghead2004@live.com,Ariel,O'brien,male,704-718-9321,Placentia,United States,86069,Montana,38 Coronado,1935-01-22,1000
crmid:8706583577,puffin1874@yahoo.com,Krysten,Mueller,female,448-247-0836,Elkhart,United States,23144,Utah,596 Kennedy,1959-05-21,2143
crmid:6569681978,aesthesodic2035@yandex.com,Lamont,Kelly,male,860-571-4359,Santa Barbara,United States,14848,Utah,24 Seventh,1944-06-16,2614
crmid:7400654521,demir1990@gmail.com,Ellsworth,Suarez,,815-352-0731,Fort Lauderdale,United States,01886,Mississippi,289 Dolphin,1963-02-14,2032
crmid:7860364472,meanwhile2049@yahoo.com,Augustus,Henderson,,338-945-8678,Inglewood,United States,12339,Montana,1103 Morning Glory,1974-03-09,1690
crmid:8960180763,hypotrochanteric1889@yahoo.com,Orval,Kelly,male,998-791-9385,Wenatchee,United States,79043,Idaho,1297 Blackstone,1939-07-16,862
crmid:1382257745,multifilament2056@yahoo.com,Jeffry,Perkins,male,421-153-6919,Atascadero,United States,77782,Louisiana,271 Conrad,1934-12-10,504
crmid:5739902710,netchilik1960@outlook.com,Leeanne,Guerrero,female,526-901-0956,Eden Prairie,United States,25352,South Dakota,1273 Steuart,1957-05-12,2780
crmid:4799425939,quinamine1828@yandex.com,Melita,Park,female,319-097-2409,Cuyahoga Falls,United States,59317,Arkansas,624 Fallon,1952-09-27,2998
crmid:9613118238,labrus2067@yahoo.com,Byron,Gilliam,,415-134-8862,Longmont,United States,00739,Massachusetts,1071 Lockwood,1984-01-26,2448
crmid:8255244572,sidetracked1976@gmail.com,Normand,Conley,,588-110-3201,Joplin,United States,65175,Illinois,249 Belgrave,1976-11-19,817
crmid:9269092631,calcinosis1820@gmail.com,Isadora,Callahan,female,279-252-6810,Duncan,United States,51091,Kentucky,484 Nantucket,1956-10-07,742
crmid:5722587062,hamartia1871@gmail.com,Isidro,Ford,male,492-731-4865,Bergenfield,United States,27663,California,1252 Henry Adams,1938-05-10,895
crmid:5233860376,altruistic1955@yandex.com,Stefania,Mason,female,804-319-0152,Phenix City,United States,25138,Colorado,994 Beverly,1957-08-18,2922
crmid:8126235234,mulctary2013@yahoo.com,Colton,Carlson,male,666-812-2578,Blacksburg,United States,13466,South Dakota,1053 Crespi,1939-02-05,1966
crmid:4755313679,ermey1965@yandex.com,Nida,Gonzales,female,080-413-4132,Denver,United States,63930,Wisconsin,991 Battery Safford,1954-11-13,2086
crmid:8492264254,ant1901@yahoo.com,Stephane,Cote,female,940-078-4987,Edinburg,United States,42377,Illinois,162 Appleton,1958-08-07,2485
crmid:9533077664,booking1851@yahoo.com,Signe,Evans,female,841-794-2003,Fairbanks,United States,43961,Kansas,188 Dutch Windmill Access,1961-08-09,2930
crmid:8708285698,caboodle1911@yahoo.com,Mervin,Pope,,071-500-3770,North Ogden,United States,88697,Michigan,530 Goleta,1998-06-26,2832
crmid:4387422880,dominate2035@outlook.com,Harry,Ortega,,061-576-3585,Kennesaw,United States,85702,North Dakota,943 Pelton,1977-09-20,2191
crmid:4573694416,attentional2028@gmail.com,Young,Hendrix,,943-735-1885,South Plainfield,United States,87663,Michigan,256 Park Presidio,1999-12-25,2892
crmid:3550242124,blackest2052@live.com,Ronnie,Stephens,male,396-220-5898,Arcata,United States,98443,Maryland,515 Briarcliff,1933-08-28,1086
crmid:9280128880,armado1824@gmail.com,Elmo,Howard,male,565-964-7724,Alice,United States,11737,Idaho,36 Winston,1931-03-15,2156
crmid:3090201048,thurnia1953@live.com,Troy,Barber,female,058-914-1210,Durango,United States,54709,Rhode Island,5 Avenue N,1956-09-02,1200
crmid:8945443489,caelum1801@yandex.com,Dorsey,Jennings,male,019-415-6938,Topeka,United States,80410,Alaska,392 Baltimore,1996-01-06,1819
crmid:1100250416,intervallum1982@gmail.com,Buford,Rowland,,040-701-8750,Santa Clarita,United States,73679,Minnesota,867 Automobile,1977-06-08,2625
crmid:1025768040,tiptoppishness1946@yandex.com,Arianna,Gomez,female,885-039-9368,Oshkosh,United States,91078,Maine,1331 Ora,1947-01-11,1707
crmid:4838356233,kerning1834@yahoo.com,Neil,Kirk,male,653-800-1014,Sherman,United States,84306,Rhode Island,259 Marsily,1935-07-16,2027
crmid:7698072930,tattooage1873@yandex.com,Olinda,Cooke,female,553-983-2108,Colorado Springs,United States,31665,Wyoming,881 The Block,1949-07-07,1746
crmid:7020563337,bengalic1883@live.com,Roman,Simmons,male,009-618-6926,Central Point,United States,68918,Alaska,89 Manchester,1945-10-16,1817
crmid:2043164680,avgas1896@yandex.com,Eric,Weaver,,417-993-7991,Kirkland,United States,05178,Iowa,1360 Frederick,1978-02-16,367
crmid:8382329885,coquitlam1987@gmail.com,Fred,Maldonado,female,145-438-0404,El Paso,United States,18608,Iowa,354 Day,1958-03-18,2596
crmid:9410270421,bicamerist2052@outlook.com,Vannesa,Rasmussen,female,832-260-2184,Clearfield,United States,85553,Wyoming,47 Paper,1948-09-24,611
crmid:3928124433,caseloads1807@live.com,Arron,William,male,218-280-1014,Santa Fe Springs,United States,60368,Montana,384 Jeopardy,1942-01-31,347
crmid:7603400021,uniserial1867@outlook.com,Kim,Sweeney,male,042-717-7958,Cedar Falls,United States,78610,New Hampshire,570 Birch,1945-12-11,654
crmid:5340362243,brindlish2050@yandex.com,Bob,Nunez,male,744-780-5501,Palo Alto,United States,81617,South Dakota,905 Stone,1943-01-22,1034
crmid:3389649293,emblem2016@outlook.com,Dana,Reid,male,894-069-5819,Arlington,United States,15449,New York,995 Burlwood,1933-02-24,1920
crmid:6476187272,corsair1952@gmail.com,Kirby,Bender,male,153-972-3912,Bethlehem,United States,36882,Hawaii,1103 Vista,1938-06-02,2309
crmid:4054549916,belar1859@live.com,Ka,Lynn,female,788-652-4582,Saratoga,United States,76762,Ohio,412 Poppy,1960-04-18,1393
crmid:4194020297,anthema1851@outlook.com,Miguel,Lindsey,,450-550-7907,Lynnwood,United States,26146,Connecticut,851 Mcnair,1985-04-25,505
crmid:1666213481,subturbary1932@gmail.com,Michale,Weber,,454-883-5836,Kenner,United States,54993,Tennessee,155 Peabody,1977-10-22,2679
crmid:4213798481,hydronegative1831@yahoo.com,Charles,Christian,,453-093-1255,Los Altos,United States,86030,Kentucky,125 Worden,1984-11-22,1830
crmid:4493495553,balcony1810@yahoo.com,Tai,Potts,female,458-475-8365,Tukwila,United States,64774,West Virginia,536 Peralta,1948-08-23,894
crmid:1185815518,calvary1942@live.com,Kera,Schultz,female,119-587-3769,Elkhart,United States,29821,Idaho,502 Bennington,1959-05-26,2155
crmid:7817924369,chignon1973@yandex.com,Eddy,Jackson,,182-833-2235,Gaithersburg,United States,88951,Idaho,696 Southern Heights,1964-04-29,2880
crmid:8795972213,snuffliness1922@live.com,Bart,Nieves,,499-789-7481,Pasco,United States,35470,Montana,491 Ames,1976-11-19,906
crmid:7271584229,thunderstorm1850@gmail.com,Karey,Stein,female,299-650-2813,Chapel Hill,United States,88885,Wisconsin,269 Garden,1946-04-28,2866
crmid:1733411514,akinesia2028@yahoo.com,Shanelle,Scott,female,325-123-1442,Waco,United States,72468,North Carolina,865 Rosella,1959-08-26,1755
crmid:6253269360,bathed1819@outlook.com,Hector,Morrow,male,006-053-8142,Bonney Lake,United States,25700,Colorado,201 San Marcos,1940-05-21,399
crmid:4632805106,chromotherapist1891@outlook.com,Mckinley,Pace,,020-312-0163,Provo,United States,53933,Oklahoma,182 Ewing,1990-06-29,1977
crmid:6396362858,donnie1867@gmail.com,Tracey,Webster,,007-304-8275,Madera,United States,10501,California,85 Golden Gate,1985-03-28,378
crmid:1033364779,edomitish1850@gmail.com,Rubin,Shelton,,447-113-7825,Onalaska,United States,69074,Utah,203 Claude,1973-05-01,736
crmid:7128809202,calepin2016@live.com,Merilyn,Kane,female,387-584-8061,Cudahy,United States,37343,North Dakota,1204 Peninsula,1952-06-16,952
crmid:4750598391,eurasian1965@yandex.com,Remona,Fuentes,female,425-973-3457,Cranston,United States,94229,New York,526 Oak,1951-10-14,714
crmid:7229786771,bakers2026@yahoo.com,Lester,Norman,,343-441-7778,Mason City,United States,34338,New Hampshire,751 Holland,1987-07-11,1286
crmid:7716799785,annamaria1967@yahoo.com,Daryl,Brooks,female,813-016-3541,Titusville,United States,51103,Colorado,248 Pink,1950-02-04,1011
crmid:4264295258,beylic2044@gmail.com,Graham,Weeks,,472-800-8926,Mankato,United States,31286,New Hampshire,799 Shannon,1986-06-27,2009
crmid:5826423654,prostitute1940@yahoo.com,Felicidad,Winters,female,981-351-3128,Coralville,United States,79927,Hawaii,223 Dukes,1950-03-31,1427
crmid:7125633494,pokeroot2041@yahoo.com,Owen,Mooney,,788-548-3799,Urbana,United States,84956,Delaware,202 Sea View,1985-06-30,2832
crmid:7744582927,noncorrelating1946@live.com,Darnell,Butler,,194-886-0138,Sapulpa,United States,65611,Nebraska,301 Kramer,1987-10-14,1042
crmid:8156897457,cajaput1824@outlook.com,Will,Nolan,male,393-448-6354,Bedford,United States,66603,Idaho,425 Newhall,1937-11-19,2143
crmid:3069617901,dastardly1896@outlook.com,Hipolito,Bird,,103-965-7337,Pontiac,United States,47725,Illinois,576 Drake,1981-06-23,1675
crmid:5936632377,miasmatize2006@gmail.com,Delmar,Reynolds,,698-240-9236,Mountain Brook,United States,56110,Montana,1255 Castle Manor,1994-10-16,2343
crmid:3125594229,kindle1882@yandex.com,Tommie,Barker,male,594-014-4628,Prichard,United States,70511,Pennsylvania,657 Stern Grove,1940-11-18,2713
crmid:9699415008,anisodactyle1992@yandex.com,Lashay,Cortez,female,668-777-4474,Sugar Hill,United States,11674,Kansas,868 Harrison,1954-05-07,1715
crmid:1852842513,moping1870@gmail.com,Dawne,Hutchinson,female,591-465-8995,Munster,United States,67401,North Carolina,713 Josepha,1994-12-06,703
crmid:3642580018,beaulieu1834@yahoo.com,Edmond,Mueller,male,867-161-7520,Beloit,United States,16280,Delaware,707 Retiro,1937-03-21,1867
crmid:3816105873,consimilating1898@yahoo.com,Corey,Mullins,,839-013-0808,Madison,United States,28125,Ohio,1360 Forest,1985-04-15,1845
crmid:5074501802,oximetry2012@yandex.com,Renaldo,Pratt,,711-912-2649,Tarpon Springs,United States,20077,Wyoming,1047 Pomona,1967-01-26,438
crmid:7390713988,sauncy2064@yahoo.com,Randell,Cohen,,133-393-5520,Joliet,United States,26943,North Dakota,325 Knollview,1976-04-15,1424
crmid:8098604921,dryers1977@gmail.com,Savanna,Hampton,female,885-188-0652,Sunrise,United States,13647,Rhode Island,644 Evelyn,1951-08-12,2114
crmid:5283538049,discriminant2044@live.com,Rodrigo,Oliver,,823-314-7626,Milpitas,United States,53663,New Mexico,38 Oliver,1991-10-15,1342
crmid:1798440371,shrew1803@outlook.com,Stacey,Rhodes,,312-817-7063,Laguna Hills,United States,09378,West Virginia,102 Virginia,1979-01-25,1302
crmid:5542245618,epigrammatic1865@yahoo.com,Gil,Sherman,,151-871-7661,Hazel Park,United States,57423,Florida,390 Malden,1970-10-25,1059
crmid:6823136704,documentary1981@yahoo.com,Gary,Sharp,,226-423-6270,Hilliard,United States,81742,Maryland,728 Salinas,1972-02-18,2198
crmid:4447738782,dirtbird1988@live.com,Bret,Howe,,344-541-7586,Torrance,United States,40043,Mississippi,990 Madison,1983-05-02,1551
crmid:4448531499,sines1853@live.com,Drew,Ball,,031-484-9511,Orem,United States,42131,Arkansas,792 Apparel,1992-02-09,2839
crmid:4175028521,rook1880@gmail.com,Shad,Joyce,,971-114-0228,Hillsboro,United States,45418,West Virginia,27 Bache,1972-07-06,412
crmid:1957596122,battlegrounds1979@gmail.com,Randy,Estes,male,926-211-8917,Redondo Beach,United States,02898,Texas,299 Claude,1934-08-09,1152
crmid:6102589855,dauties1828@outlook.com,Calvin,Shaffer,,291-640-9861,Marshfield,United States,40890,Maine,1225 Vassar,1987-07-12,949
crmid:2683713390,proscriptive1956@yandex.com,Weston,Sanchez,,884-973-1406,Millbrook,United States,02587,Hawaii,478 Linda,1991-02-23,2221
crmid:9375173698,finnmarks2025@yandex.com,Arlette,Mcclure,female,405-990-1751,Westfield,United States,15016,Tennessee,640 Via Ferlinghetti,1947-01-19,987
crmid:8676893213,anthropos1991@gmail.com,Lenard,Becker,male,910-961-9126,Agoura Hills,United States,30964,California,221 Alton,1930-06-02,2032
crmid:3713183861,tawer1979@outlook.com,Elene,Mcbride,female,193-587-8038,Eden Prairie,United States,17583,Kentucky,1038 Octavia,1957-03-19,1351
crmid:7727885062,oyster1992@live.com,Dion,Park,female,095-418-8650,Vacaville,United States,91843,Colorado,1095 Clayton,1955-03-22,1680
crmid:5920921029,baboonery2030@yandex.com,Tyson,English,male,038-287-0717,Alamo,United States,51671,Pennsylvania,198 Godeus,1930-09-09,689
crmid:9461855408,cornishman1965@live.com,Mike,Riddle,,417-446-4236,Harker Heights,United States,91440,Massachusetts,895 Drake,1969-07-07,1024
crmid:3786007994,sciences1954@yandex.com,Moses,Scott,,047-608-4602,Ponca City,United States,91242,Nevada,617 Vicente,1972-03-12,2033
crmid:2905297297,deloris1889@outlook.com,Kortney,May,female,551-378-8521,San Luis Obispo,United States,12568,Iowa,327 Wilder,1946-11-09,898
crmid:6807068491,jarbird1913@yahoo.com,Allen,Romero,,759-250-7914,Grandview,United States,27906,Connecticut,308 Graystone,1967-05-12,853
crmid:3733024883,pasha1852@gmail.com,Danny,Levy,male,884-081-9234,Buffalo,United States,10126,Arkansas,148 Prescott,1942-03-17,2889
crmid:6048325202,hydroxyurea1860@live.com,Angla,Velasquez,female,208-426-9319,Deerfield,United States,69312,Arkansas,948 Freelon,1954-11-01,1312
crmid:4041905505,blackbelly2042@live.com,Bradly,Cochran,,470-066-4977,Fort Dodge,United States,31817,Nebraska,970 Mission,1963-06-06,2688
crmid:5036552017,ancon2001@gmail.com,Rufus,Buckner,,355-791-7846,Lombard,United States,90612,Hawaii,1138 Merriam,1984-02-01,1569
crmid:6515249753,louie2054@live.com,Rueben,Melton,,912-367-6964,Omaha,United States,65256,Iowa,1013 Steuben,1962-05-15,773
crmid:8085412281,suffixal1876@outlook.com,Glen,Sawyer,,008-709-4717,Menasha,United States,39881,Arkansas,1014 Anderson,1989-06-09,2435
crmid:8712827238,preacquiring2005@outlook.com,Fritz,Jordan,,153-501-2621,Streamwood,United States,78833,Iowa,1042 Schwerin,1990-07-25,1164
crmid:6909873133,scurry1946@yandex.com,Gaston,Lynch,,988-162-1938,Westbrook,United States,54075,Iowa,586 Torney,1985-06-01,2747
crmid:8212945325,fumigation1815@yahoo.com,Loyd,Cannon,,993-022-3624,Gardena,United States,17137,West Virginia,625 Reuel,1965-03-07,424
crmid:3138353854,basiophthalmite1863@yahoo.com,Robert,Moody,male,596-897-5388,Barberton,United States,43159,South Carolina,1132 Newton,1936-08-20,698
crmid:8909299126,countess2043@yahoo.com,Phylicia,Valdez,female,997-577-8852,Erie,United States,77542,New Mexico,1176 Hodges,1960-12-28,2568
crmid:6085220725,beaulieu1826@yahoo.com,Sherril,Cantu,female,864-059-2571,DeKalb,United States,49387,Oregon,951 Wedemeyer,1953-08-05,1454
crmid:3182215341,byrnie1880@yahoo.com,Joye,Roberson,female,668-305-1729,Trotwood,United States,76823,South Dakota,88 E,1961-04-25,1819
crmid:8966093483,durmast1856@gmail.com,Myron,Madden,male,789-175-7792,Broadview Heights,United States,40717,Idaho,653 De Long,1941-07-18,1457
crmid:1440488388,pyrogenicity1876@yandex.com,Lilliam,Molina,female,268-822-7477,New Albany,United States,18615,South Carolina,713 Kirkwood,1995-03-26,942
crmid:1368834606,dreamlit1827@yahoo.com,Wilhemina,Gibson,female,293-829-1677,Erlanger,United States,98366,Arkansas,449 Morris,1960-09-11,1150
crmid:5711009052,derelict1920@yahoo.com,Aracelis,Mercado,female,364-433-5949,Federal Way,United States,07468,Oklahoma,153 Raleigh,1961-01-20,2262
crmid:6063198564,alluring1981@live.com,Eryn,Sheppard,female,586-707-8484,Elyria,United States,14535,Michigan,3 Don Chee,1959-03-27,2465
crmid:2642546329,etherize1905@yahoo.com,Rogelio,Singleton,,091-325-9080,Grand Rapids,United States,13862,Illinois,31 Argent,1967-03-16,1938
crmid:5472927813,gript1905@live.com,Cory,Bishop,male,090-260-8128,Scranton,United States,59890,Maine,96 Gatun,1997-02-04,1346
crmid:8670776931,euphonetic1921@yahoo.com,Genaro,Gallagher,,634-129-4243,Hinsdale,United States,10366,New Mexico,724 Pierce,1972-03-12,2082
