id,crmid,propensity_score_credit_cards,suggested_credit_card,propensity_score_loan,suggested_loan
53997bf4-4be3-11ea-b6e1-b88a60e194fb-1-ps,crmid:1955330031,3,Student Card,4,Business Loan
539a8e18-4be3-11ea-8eb8-b88a60e194fb-1-ps,crmid:6214181244,3,Business Card,5,Personal Loan
539b77c8-4be3-11ea-b5aa-b88a60e194fb-1-ps,crmid:4427779280,3,Rewards Card,7,Personal Loan
539c6224-4be3-11ea-a7ec-b88a60e194fb-1-ps,crmid:3683467748,4,Simplicity Card,7,Business Loan
539d4c98-4be3-11ea-a9c5-b88a60e194fb-1-ps,crmid:5238912905,4,Dividend Card,7,Auto Loan
539e112e-4be3-11ea-a8af-b88a60e194fb-1-ps,crmid:1708367423,4,Rewards Card,4,Auto Loan
539efc3a-4be3-11ea-b8af-b88a60e194fb-1-ps,crmid:3365028616,4,Platinum Card,4,Business Loan
53a080c6-4be3-11ea-984f-b88a60e194fb-1-ps,crmid:3173483788,2,Dividend Card,5,Personal Loan
53a22e98-4be3-11ea-b2b6-b88a60e194fb-1-ps,crmid:2132004312,3,Simplicity Card,3,Student Loan
53a31aa4-4be3-11ea-a176-b88a60e194fb-1-ps,crmid:2654645076,2,Business Card,2,Personal Loan
53a3dd8a-4be3-11ea-b5cd-b88a60e194fb-1-ps,crmid:5009996993,2,Simplicity Card,4,Auto Loan
53a4ed8a-4be3-11ea-96f3-b88a60e194fb-1-ps,crmid:9046530384,5,Simplicity Card,7,Personal Loan
54a8c998-4be3-11ea-aa16-b88a60e194fb-1-ps,crmid:8168510417,2,Rewards Card,3,Personal Loan
54a9b470-4be3-11ea-8ae2-b88a60e194fb-1-ps,crmid:1208450795,4,Student Card,3,Personal Loan
54aa9d78-4be3-11ea-a33d-b88a60e194fb-1-ps,crmid:8632713785,5,Platinum Card,4,Student Loan
54ab87ba-4be3-11ea-9e6a-b88a60e194fb-1-ps,crmid:6211993644,4,Business Card,8,Personal Loan
54ac7374-4be3-11ea-895c-b88a60e194fb-1-ps,crmid:7334457562,5,Travel Card,3,Personal Loan
54ad8378-4be3-11ea-bdba-b88a60e194fb-1-ps,crmid:5836383713,6,Platinum Card,4,Auto Loan
54ae46c6-4be3-11ea-b471-b88a60e194fb-1-ps,crmid:4667328474,4,Rewards Card,4,Personal Loan
54af3164-4be3-11ea-ae7d-b88a60e194fb-1-ps,crmid:8674991198,3,Student Card,4,Personal Loan
54b01b8c-4be3-11ea-b2f4-b88a60e194fb-1-ps,crmid:1790146744,4,Business Card,4,Auto Loan
54b0dee4-4be3-11ea-9de7-b88a60e194fb-1-ps,crmid:8179930447,5,Travel Card,7,Business Loan
54b1c940-4be3-11ea-bd56-b88a60e194fb-1-ps,crmid:8242124350,2,Travel Card,6,Auto Loan
54b2daa4-4be3-11ea-8572-b88a60e194fb-1-ps,crmid:4675831230,2,Business Card,4,Student Loan
54b39df8-4be3-11ea-8678-b88a60e194fb-1-ps,crmid:8531222349,5,Simplicity Card,4,Auto Loan
54b4b0e8-4be3-11ea-aa46-b88a60e194fb-1-ps,crmid:6009696770,3,Travel Card,4,Personal Loan
54b57402-4be3-11ea-9138-b88a60e194fb-1-ps,crmid:5346584330,2,Rewards Card,4,Auto Loan
54b65e86-4be3-11ea-a4a0-b88a60e194fb-1-ps,crmid:9482101533,9,Travel Card,5,Student Loan
54b76e9e-4be3-11ea-af10-b88a60e194fb-1-ps,crmid:7384885822,4,Rewards Card,3,Business Loan
55b99be8-4be3-11ea-94d9-b88a60e194fb-1-ps,crmid:1333980435,4,Dividend Card,4,Personal Loan
55baae74-4be3-11ea-9e76-b88a60e194fb-1-ps,crmid:5427318605,5,Simplicity Card,3,Personal Loan
55bbbeba-4be3-11ea-9e97-b88a60e194fb-1-ps,crmid:1754943743,4,Dividend Card,4,Personal Loan
55bc8380-4be3-11ea-b593-b88a60e194fb-1-ps,crmid:9079769543,3,Business Card,4,Personal Loan
55bd941c-4be3-11ea-a2a4-b88a60e194fb-1-ps,crmid:9796236498,3,Business Card,2,Business Loan
55be581a-4be3-11ea-a2e8-b88a60e194fb-1-ps,crmid:9478863212,4,Business Card,3,Auto Loan
55bf427e-4be3-11ea-beeb-b88a60e194fb-1-ps,crmid:5313142525,4,Rewards Card,2,Auto Loan
55c02cf6-4be3-11ea-8e03-b88a60e194fb-1-ps,crmid:3172170554,5,Travel Card,2,Business Loan
55c115e4-4be3-11ea-9c10-b88a60e194fb-1-ps,crmid:1192442076,2,Business Card,1,Student Loan
55c2019c-4be3-11ea-804f-b88a60e194fb-1-ps,crmid:8404728388,3,Platinum Card,3,Business Loan
55c2ec0c-4be3-11ea-babc-b88a60e194fb-1-ps,crmid:9411079421,4,Student Card,4,Personal Loan
55c3af46-4be3-11ea-af0d-b88a60e194fb-1-ps,crmid:1458567611,3,Rewards Card,7,Student Loan
55c4bf80-4be3-11ea-b982-b88a60e194fb-1-ps,crmid:6839445862,5,Travel Card,3,Personal Loan
55c5a9d2-4be3-11ea-b07a-b88a60e194fb-1-ps,crmid:1982800498,2,Travel Card,4,Personal Loan
55c694d4-4be3-11ea-8d8b-b88a60e194fb-1-ps,crmid:3517138270,4,Rewards Card,4,Auto Loan
55c7a5a4-4be3-11ea-9caa-b88a60e194fb-1-ps,crmid:1829313132,4,Travel Card,3,Personal Loan
55c86a4c-4be3-11ea-953e-b88a60e194fb-1-ps,crmid:9875737964,3,Travel Card,5,Student Loan
55c954b0-4be3-11ea-a9bd-b88a60e194fb-1-ps,crmid:7372888003,5,Dividend Card,5,Auto Loan
56c9fb68-4be3-11ea-86f9-b88a60e194fb-1-ps,crmid:3705158109,2,Platinum Card,8,Auto Loan
56cb0b8c-4be3-11ea-81df-b88a60e194fb-1-ps,crmid:7697238871,4,Dividend Card,4,Personal Loan
56cbf5e4-4be3-11ea-9954-b88a60e194fb-1-ps,crmid:2846110354,3,Rewards Card,4,Personal Loan
56cce16e-4be3-11ea-be73-b88a60e194fb-1-ps,crmid:7537065133,5,Platinum Card,4,Personal Loan
56cda4da-4be3-11ea-9eed-b88a60e194fb-1-ps,crmid:5601374202,3,Travel Card,4,Personal Loan
56ce6876-4be3-11ea-926f-b88a60e194fb-1-ps,crmid:8497239468,3,Student Card,3,Business Loan
56cf7886-4be3-11ea-9600-b88a60e194fb-1-ps,crmid:7226350477,4,Dividend Card,3,Personal Loan
56d03cc6-4be3-11ea-b5d6-b88a60e194fb-1-ps,crmid:2832227628,4,Student Card,8,Personal Loan
56d125e4-4be3-11ea-aeea-b88a60e194fb-1-ps,crmid:1724125408,4,Rewards Card,4,Student Loan
56d211b6-4be3-11ea-9e41-b88a60e194fb-1-ps,crmid:9966807670,5,Simplicity Card,5,Auto Loan
56d2fbf4-4be3-11ea-b905-b88a60e194fb-1-ps,crmid:6806147809,4,Travel Card,5,Personal Loan
56d3e634-4be3-11ea-9f6c-b88a60e194fb-1-ps,crmid:8753973439,5,Business Card,7,Auto Loan
56d4cfba-4be3-11ea-abff-b88a60e194fb-1-ps,crmid:1702842440,3,Simplicity Card,9,Personal Loan
56d5bb1e-4be3-11ea-a341-b88a60e194fb-1-ps,crmid:4765468828,3,Business Card,3,Personal Loan
56d6f24a-4be3-11ea-b0e1-b88a60e194fb-1-ps,crmid:6704186822,5,Dividend Card,4,Student Loan
56d82d24-4be3-11ea-a08e-b88a60e194fb-1-ps,crmid:6312580604,5,Dividend Card,4,Student Loan
56d93c4a-4be3-11ea-8206-b88a60e194fb-1-ps,crmid:3941560535,6,Travel Card,4,Personal Loan
57d268cc-4be3-11ea-9b77-b88a60e194fb-1-ps,crmid:9182696986,4,Simplicity Card,5,Student Loan
57d35346-4be3-11ea-a45a-b88a60e194fb-1-ps,crmid:3287532146,4,Business Card,5,Personal Loan
57d464f8-4be3-11ea-99d3-b88a60e194fb-1-ps,crmid:1075612803,5,Business Card,2,Personal Loan
57d57654-4be3-11ea-a83c-b88a60e194fb-1-ps,crmid:5278433967,3,Rewards Card,4,Personal Loan
57d6aed2-4be3-11ea-95ee-b88a60e194fb-1-ps,crmid:1731397827,6,Platinum Card,4,Personal Loan
57d7c03e-4be3-11ea-8cbe-b88a60e194fb-1-ps,crmid:2879314345,2,Simplicity Card,3,Auto Loan
57d8f9f8-4be3-11ea-b65f-b88a60e194fb-1-ps,crmid:4820385772,4,Dividend Card,4,Auto Loan
57da323e-4be3-11ea-913b-b88a60e194fb-1-ps,crmid:2661696494,6,Travel Card,4,Personal Loan
57db90a4-4be3-11ea-8a2c-b88a60e194fb-1-ps,crmid:9682005932,3,Dividend Card,4,Personal Loan
57dcc9c6-4be3-11ea-934b-b88a60e194fb-1-ps,crmid:3356752104,5,Student Card,4,Personal Loan
57ddda8a-4be3-11ea-aa99-b88a60e194fb-1-ps,crmid:6560673479,3,Travel Card,5,Personal Loan
57deebf6-4be3-11ea-a2ed-b88a60e194fb-1-ps,crmid:7325015563,4,Travel Card,6,Business Loan
57dffd66-4be3-11ea-b54e-b88a60e194fb-1-ps,crmid:1865920688,4,Platinum Card,3,Auto Loan
57e18428-4be3-11ea-a49e-b88a60e194fb-1-ps,crmid:4422156859,6,Rewards Card,4,Personal Loan
57e2e3a4-4be3-11ea-82fc-b88a60e194fb-1-ps,crmid:7813857145,4,Rewards Card,7,Business Loan
57e41c18-4be3-11ea-ae43-b88a60e194fb-1-ps,crmid:4178113053,5,Simplicity Card,4,Business Loan
57e5066e-4be3-11ea-afb2-b88a60e194fb-1-ps,crmid:4652685077,4,Dividend Card,3,Personal Loan
57e5f0cc-4be3-11ea-b6d5-b88a60e194fb-1-ps,crmid:7183889187,5,Simplicity Card,4,Business Loan
58e1194a-4be3-11ea-b61d-b88a60e194fb-1-ps,crmid:4559523548,3,Rewards Card,5,Student Loan
58e22ac0-4be3-11ea-b4a8-b88a60e194fb-1-ps,crmid:7814973335,4,Simplicity Card,3,Student Loan
58e2ee0a-4be3-11ea-a5a0-b88a60e194fb-1-ps,crmid:3489408991,4,Rewards Card,3,Auto Loan
58e3ff78-4be3-11ea-8f1b-b88a60e194fb-1-ps,crmid:7948935708,4,Business Card,5,Personal Loan
58e4e9d2-4be3-11ea-b948-b88a60e194fb-1-ps,crmid:5708059024,3,Student Card,4,Business Loan
58e5fb46-4be3-11ea-a52d-b88a60e194fb-1-ps,crmid:2748478166,4,Business Card,3,Student Loan
58e6be9a-4be3-11ea-ac08-b88a60e194fb-1-ps,crmid:7924245207,3,Dividend Card,3,Auto Loan
58e781f0-4be3-11ea-8029-b88a60e194fb-1-ps,crmid:4335960377,2,Platinum Card,4,Business Loan
58e89350-4be3-11ea-a025-b88a60e194fb-1-ps,crmid:8459439515,4,Platinum Card,4,Business Loan
58e9569e-4be3-11ea-96fc-b88a60e194fb-1-ps,crmid:9306913233,4,Rewards Card,5,Personal Loan
58ea8f36-4be3-11ea-89cb-b88a60e194fb-1-ps,crmid:3937470988,5,Business Card,3,Personal Loan
58eb5276-4be3-11ea-836c-b88a60e194fb-1-ps,crmid:1437571926,7,Travel Card,4,Personal Loan
58ec15c8-4be3-11ea-9fbd-b88a60e194fb-1-ps,crmid:9489989359,4,Business Card,4,Personal Loan
58ed002e-4be3-11ea-b458-b88a60e194fb-1-ps,crmid:3336963685,4,Dividend Card,5,Personal Loan
58edea80-4be3-11ea-b4e7-b88a60e194fb-1-ps,crmid:9891677082,5,Platinum Card,4,Personal Loan
58eed4e8-4be3-11ea-a937-b88a60e194fb-1-ps,crmid:9722534964,5,Dividend Card,4,Personal Loan
58efbf3e-4be3-11ea-b081-b88a60e194fb-1-ps,crmid:5886481567,6,Business Card,3,Business Loan
58f0a9ac-4be3-11ea-aceb-b88a60e194fb-1-ps,crmid:4095172439,4,Student Card,4,Business Loan
59f56f12-4be3-11ea-b80a-b88a60e194fb-1-ps,crmid:9182696986,5,Travel Card,5,Auto Loan
59f68080-4be3-11ea-be4c-b88a60e194fb-1-ps,crmid:6181529552,5,Platinum Card,5,Personal Loan
59f791f0-4be3-11ea-b425-b88a60e194fb-1-ps,crmid:4580173295,4,Platinum Card,4,Personal Loan
59f8553a-4be3-11ea-accd-b88a60e194fb-1-ps,crmid:3238465359,4,Rewards Card,5,Personal Loan
59f93f92-4be3-11ea-9a8d-b88a60e194fb-1-ps,crmid:6811556166,4,Platinum Card,4,Auto Loan
59fa29f6-4be3-11ea-8a68-b88a60e194fb-1-ps,crmid:8710929415,3,Dividend Card,3,Personal Loan
59faed3a-4be3-11ea-89b0-b88a60e194fb-1-ps,crmid:2730116574,3,Dividend Card,5,Personal Loan
59fbd7a8-4be3-11ea-b42e-b88a60e194fb-1-ps,crmid:9486162396,4,Dividend Card,4,Personal Loan
59fce9a6-4be3-11ea-9f3b-b88a60e194fb-1-ps,crmid:2348040330,5,Simplicity Card,3,Business Loan
59fdfc54-4be3-11ea-8828-b88a60e194fb-1-ps,crmid:4564933570,5,Simplicity Card,4,Auto Loan
59fee51e-4be3-11ea-9e4e-b88a60e194fb-1-ps,crmid:2372661066,3,Business Card,5,Student Loan
59ffd092-4be3-11ea-8baf-b88a60e194fb-1-ps,crmid:6886999223,3,Simplicity Card,5,Auto Loan
5a00b9f6-4be3-11ea-b7f7-b88a60e194fb-1-ps,crmid:7628317340,3,Simplicity Card,4,Student Loan
5a01a552-4be3-11ea-a959-b88a60e194fb-1-ps,crmid:8846675044,3,Dividend Card,4,Personal Loan
5a028fac-4be3-11ea-9450-b88a60e194fb-1-ps,crmid:2540744126,5,Student Card,4,Student Loan
5a039fe8-4be3-11ea-96ff-b88a60e194fb-1-ps,crmid:7442010390,3,Travel Card,4,Auto Loan
5a04d84c-4be3-11ea-86c7-b88a60e194fb-1-ps,crmid:9463160395,5,Simplicity Card,3,Business Loan
5a05c2c0-4be3-11ea-9104-b88a60e194fb-1-ps,crmid:8481140544,4,Platinum Card,9,Business Loan
5b092898-4be3-11ea-92d8-b88a60e194fb-1-ps,crmid:9281436730,5,Rewards Card,4,Student Loan
5b0a147a-4be3-11ea-b9e3-b88a60e194fb-1-ps,crmid:5830430736,5,Student Card,4,Personal Loan
5b0afeb0-4be3-11ea-8135-b88a60e194fb-1-ps,crmid:1119024270,5,Student Card,3,Student Loan
5b0be7e4-4be3-11ea-8612-b88a60e194fb-1-ps,crmid:6567182876,4,Platinum Card,5,Auto Loan
5b0cd31a-4be3-11ea-a2a5-b88a60e194fb-1-ps,crmid:2358965505,4,Simplicity Card,9,Student Loan
5b0d96ba-4be3-11ea-82b3-b88a60e194fb-1-ps,crmid:3118806511,3,Travel Card,4,Auto Loan
5b0f6a18-4be3-11ea-b829-b88a60e194fb-1-ps,crmid:2446884794,5,Simplicity Card,4,Auto Loan
5b107ca4-4be3-11ea-b2c0-b88a60e194fb-1-ps,crmid:6637449901,3,Rewards Card,6,Personal Loan
5b113ff4-4be3-11ea-9b78-b88a60e194fb-1-ps,crmid:2874254637,4,Dividend Card,4,Personal Loan
5b12294c-4be3-11ea-aa74-b88a60e194fb-1-ps,crmid:7549952560,5,Travel Card,3,Personal Loan
5b131534-4be3-11ea-aa79-b88a60e194fb-1-ps,crmid:1380336511,4,Student Card,2,Personal Loan
5b13d82e-4be3-11ea-a017-b88a60e194fb-1-ps,crmid:6602771994,5,Business Card,3,Personal Loan
5b14c29e-4be3-11ea-b876-b88a60e194fb-1-ps,crmid:5418441536,4,Dividend Card,4,Personal Loan
5b15d2ba-4be3-11ea-ac99-b88a60e194fb-1-ps,crmid:7990684495,5,Simplicity Card,4,Personal Loan
5b16977e-4be3-11ea-8063-b88a60e194fb-1-ps,crmid:7816741841,5,Business Card,5,Student Loan
5b175ac2-4be3-11ea-91b9-b88a60e194fb-1-ps,crmid:3133482725,3,Rewards Card,3,Personal Loan
5b186b48-4be3-11ea-b9de-b88a60e194fb-1-ps,crmid:5141778838,5,Business Card,2,Personal Loan
5b192e0c-4be3-11ea-9a66-b88a60e194fb-1-ps,crmid:6155146667,3,Business Card,3,Business Loan
5c16a098-4be3-11ea-8639-b88a60e194fb-1-ps,crmid:5385285942,5,Dividend Card,3,Personal Loan
5c17b202-4be3-11ea-91a3-b88a60e194fb-1-ps,crmid:2477627604,4,Student Card,4,Personal Loan
5c189c5e-4be3-11ea-a17f-b88a60e194fb-1-ps,crmid:7999795530,4,Dividend Card,4,Auto Loan
5c19873a-4be3-11ea-b702-b88a60e194fb-1-ps,crmid:9796288419,5,Business Card,4,Student Loan
5c1a98f4-4be3-11ea-a393-b88a60e194fb-1-ps,crmid:9767540655,3,Travel Card,4,Auto Loan
5c1b827e-4be3-11ea-9e41-b88a60e194fb-1-ps,crmid:9269568160,5,Travel Card,6,Business Loan
5c1c6cde-4be3-11ea-803d-b88a60e194fb-1-ps,crmid:2825191999,4,Platinum Card,4,Personal Loan
5c1da564-4be3-11ea-8d85-b88a60e194fb-1-ps,crmid:6092762132,4,Travel Card,2,Auto Loan
5c1f0598-4be3-11ea-afaf-b88a60e194fb-1-ps,crmid:1582455179,5,Business Card,4,Student Loan
5c201652-4be3-11ea-b49b-b88a60e194fb-1-ps,crmid:6398929364,4,Platinum Card,5,Business Loan
5c2127c0-4be3-11ea-a68b-b88a60e194fb-1-ps,crmid:3022413660,3,Platinum Card,5,Student Loan
5c2213e6-4be3-11ea-8952-b88a60e194fb-1-ps,crmid:3728316809,5,Rewards Card,4,Auto Loan
5c234b7e-4be3-11ea-b265-b88a60e194fb-1-ps,crmid:5562370714,8,Rewards Card,5,Personal Loan
5c2483a2-4be3-11ea-8516-b88a60e194fb-1-ps,crmid:3526440510,3,Dividend Card,2,Personal Loan
5c259518-4be3-11ea-bb38-b88a60e194fb-1-ps,crmid:6220232019,3,Travel Card,2,Student Loan
5c268040-4be3-11ea-9f28-b88a60e194fb-1-ps,crmid:6430714775,5,Platinum Card,3,Business Loan
5c276964-4be3-11ea-84ad-b88a60e194fb-1-ps,crmid:9526112478,3,Business Card,4,Student Loan
5c28a1ee-4be3-11ea-bea7-b88a60e194fb-1-ps,crmid:5986779176,2,Business Card,4,Auto Loan
5d27ea68-4be3-11ea-b86c-b88a60e194fb-1-ps,crmid:4007065254,4,Simplicity Card,3,Auto Loan
5d28d4dc-4be3-11ea-af52-b88a60e194fb-1-ps,crmid:9813033878,4,Dividend Card,4,Student Loan
5d29bf14-4be3-11ea-a7de-b88a60e194fb-1-ps,crmid:4883538389,3,Student Card,3,Auto Loan
5d2aa982-4be3-11ea-8d0f-b88a60e194fb-1-ps,crmid:9480439815,3,Platinum Card,4,Personal Loan
5d2b6cc0-4be3-11ea-b6d3-b88a60e194fb-1-ps,crmid:1195123737,4,Simplicity Card,5,Personal Loan
5d2c572c-4be3-11ea-862e-b88a60e194fb-1-ps,crmid:3725459005,3,Simplicity Card,3,Personal Loan
5d2d419e-4be3-11ea-893d-b88a60e194fb-1-ps,crmid:1764218016,4,Dividend Card,8,Student Loan
5d2e51a6-4be3-11ea-9f58-b88a60e194fb-1-ps,crmid:8715043104,4,Travel Card,5,Personal Loan
5d2f165e-4be3-11ea-8b13-b88a60e194fb-1-ps,crmid:6171131282,5,Student Card,4,Business Loan
5d3000a2-4be3-11ea-91f3-b88a60e194fb-1-ps,crmid:3431597925,3,Travel Card,5,Personal Loan
5d31114a-4be3-11ea-bfe5-b88a60e194fb-1-ps,crmid:6949842840,4,Travel Card,4,Personal Loan
5d31fb3a-4be3-11ea-9b95-b88a60e194fb-1-ps,crmid:1064484545,5,Rewards Card,4,Student Loan
5d330c98-4be3-11ea-a053-b88a60e194fb-1-ps,crmid:4933502354,3,Dividend Card,4,Auto Loan
5d3493b6-4be3-11ea-bdd8-b88a60e194fb-1-ps,crmid:2700786603,3,Business Card,3,Auto Loan
5d35f2a8-4be3-11ea-8e19-b88a60e194fb-1-ps,crmid:4869182496,4,Simplicity Card,5,Business Loan
5d36de7a-4be3-11ea-9d82-b88a60e194fb-1-ps,crmid:5002678621,3,Rewards Card,5,Business Loan
5d37c8a6-4be3-11ea-9049-b88a60e194fb-1-ps,crmid:6107735897,8,Travel Card,4,Business Loan
5d388aee-4be3-11ea-9459-b88a60e194fb-1-ps,crmid:9530175087,9,Platinum Card,3,Personal Loan
5e3c8dee-4be3-11ea-adfa-b88a60e194fb-1-ps,crmid:6811434000,3,Student Card,4,Personal Loan
5e3d78a6-4be3-11ea-9674-b88a60e194fb-1-ps,crmid:8245875708,3,Student Card,4,Student Loan
5e3e619c-4be3-11ea-a898-b88a60e194fb-1-ps,crmid:2115032573,3,Rewards Card,3,Auto Loan
5e3f4d58-4be3-11ea-85bf-b88a60e194fb-1-ps,crmid:4786637463,3,Platinum Card,5,Personal Loan
5e4037f0-4be3-11ea-b7f0-b88a60e194fb-1-ps,crmid:5475891932,5,Dividend Card,4,Auto Loan
5e40fb08-4be3-11ea-95c5-b88a60e194fb-1-ps,crmid:2757776923,3,Business Card,5,Auto Loan
5e41be58-4be3-11ea-8313-b88a60e194fb-1-ps,crmid:7239128839,3,Student Card,4,Student Loan
5e42a792-4be3-11ea-9924-b88a60e194fb-1-ps,crmid:5343703223,5,Simplicity Card,3,Auto Loan
5e439330-4be3-11ea-bd41-b88a60e194fb-1-ps,crmid:5176162698,3,Dividend Card,2,Personal Loan
5e447c3a-4be3-11ea-b519-b88a60e194fb-1-ps,crmid:4031120086,4,Platinum Card,3,Business Loan
5e454118-4be3-11ea-858f-b88a60e194fb-1-ps,crmid:1312849193,6,Simplicity Card,5,Personal Loan
5e462ad2-4be3-11ea-80fd-b88a60e194fb-1-ps,crmid:3075907572,4,Simplicity Card,3,Student Loan
5e471564-4be3-11ea-b51f-b88a60e194fb-1-ps,crmid:8752718734,5,Rewards Card,3,Personal Loan
5e47d88a-4be3-11ea-9bc7-b88a60e194fb-1-ps,crmid:3754753816,4,Dividend Card,4,Business Loan
5e48c386-4be3-11ea-8063-b88a60e194fb-1-ps,crmid:3086720942,5,Rewards Card,4,Personal Loan
5e49d340-4be3-11ea-8aea-b88a60e194fb-1-ps,crmid:6840690045,7,Platinum Card,2,Personal Loan
5e4a9692-4be3-11ea-a6a2-b88a60e194fb-1-ps,crmid:3498299239,8,Business Card,4,Personal Loan
5e4b824c-4be3-11ea-8853-b88a60e194fb-1-ps,crmid:3400224242,2,Travel Card,3,Personal Loan
5f48a686-4be3-11ea-9fe1-b88a60e194fb-1-ps,crmid:5374318340,4,Rewards Card,4,Auto Loan
5f498fc0-4be3-11ea-b3cf-b88a60e194fb-1-ps,crmid:5378537714,5,Simplicity Card,3,Business Loan
5f4a7b40-4be3-11ea-aca9-b88a60e194fb-1-ps,crmid:8476349787,6,Simplicity Card,2,Student Loan
5f4b3d3a-4be3-11ea-bd47-b88a60e194fb-1-ps,crmid:8681711268,3,Platinum Card,5,Business Loan
5f4c28e4-4be3-11ea-8289-b88a60e194fb-1-ps,crmid:7119852407,4,Platinum Card,3,Personal Loan
5f4ceafa-4be3-11ea-83bb-b88a60e194fb-1-ps,crmid:7022278077,3,Platinum Card,4,Personal Loan
5f4e2370-4be3-11ea-9cea-b88a60e194fb-1-ps,crmid:2699888712,4,Travel Card,4,Auto Loan
5f4f8322-4be3-11ea-907f-b88a60e194fb-1-ps,crmid:2822628731,3,Business Card,6,Personal Loan
5f509512-4be3-11ea-8291-b88a60e194fb-1-ps,crmid:7408131726,4,Platinum Card,3,Student Loan
5f517ef0-4be3-11ea-b223-b88a60e194fb-1-ps,crmid:9791422294,4,Simplicity Card,5,Personal Loan
5f526958-4be3-11ea-855a-b88a60e194fb-1-ps,crmid:5613422624,4,Simplicity Card,5,Personal Loan
5f5353b8-4be3-11ea-91d8-b88a60e194fb-1-ps,crmid:8897866478,5,Dividend Card,4,Personal Loan
5f543e0a-4be3-11ea-b9f8-b88a60e194fb-1-ps,crmid:7105745120,6,Student Card,2,Student Loan
5f55508a-4be3-11ea-b6e4-b88a60e194fb-1-ps,crmid:3019987933,2,Travel Card,5,Personal Loan
5f563b28-4be3-11ea-820c-b88a60e194fb-1-ps,crmid:3943477136,4,Platinum Card,6,Business Loan
5f574b64-4be3-11ea-aa15-b88a60e194fb-1-ps,crmid:5588864717,5,Dividend Card,8,Auto Loan
5f58371a-4be3-11ea-a5f6-b88a60e194fb-1-ps,crmid:2625302243,4,Rewards Card,4,Personal Loan
605ab264-4be3-11ea-9d41-b88a60e194fb-1-ps,crmid:3028957843,5,Business Card,5,Business Loan
605bc2b0-4be3-11ea-b5d9-b88a60e194fb-1-ps,crmid:3556368467,5,Simplicity Card,4,Business Loan
605cae5e-4be3-11ea-91a1-b88a60e194fb-1-ps,crmid:2147113292,6,Platinum Card,4,Auto Loan
605d9738-4be3-11ea-a016-b88a60e194fb-1-ps,crmid:7948935708,4,Simplicity Card,4,Auto Loan
605e81be-4be3-11ea-b160-b88a60e194fb-1-ps,crmid:7469203989,5,Business Card,4,Business Loan
605f9328-4be3-11ea-83c4-b88a60e194fb-1-ps,crmid:9176337713,5,Travel Card,6,Auto Loan
6060a48a-4be3-11ea-81c1-b88a60e194fb-1-ps,crmid:6704186822,4,Student Card,3,Business Loan
6061b5f6-4be3-11ea-bced-b88a60e194fb-1-ps,crmid:8877550034,4,Student Card,5,Auto Loan
6062a082-4be3-11ea-a709-b88a60e194fb-1-ps,crmid:8178095794,5,Simplicity Card,4,Business Loan
6063b1dc-4be3-11ea-8ae1-b88a60e194fb-1-ps,crmid:9970848654,3,Rewards Card,4,Personal Loan
60649c2c-4be3-11ea-8e5f-b88a60e194fb-1-ps,crmid:2004249851,4,Rewards Card,1,Business Loan
60658692-4be3-11ea-87e8-b88a60e194fb-1-ps,crmid:9677690153,3,Platinum Card,4,Business Loan
606649e6-4be3-11ea-bc2b-b88a60e194fb-1-ps,crmid:6989391494,3,Travel Card,8,Personal Loan
6067343e-4be3-11ea-ae15-b88a60e194fb-1-ps,crmid:6220098969,5,Dividend Card,3,Personal Loan
60681ea6-4be3-11ea-8d85-b88a60e194fb-1-ps,crmid:4020902391,4,Dividend Card,4,Personal Loan
6068e1e4-4be3-11ea-8310-b88a60e194fb-1-ps,crmid:4540173071,4,Student Card,5,Personal Loan
6069f33a-4be3-11ea-be0d-b88a60e194fb-1-ps,crmid:9591140862,4,Business Card,3,Personal Loan
606addc2-4be3-11ea-b6f1-b88a60e194fb-1-ps,crmid:4997362829,6,Platinum Card,4,Auto Loan
616b5d50-4be3-11ea-a444-b88a60e194fb-1-ps,crmid:6359618501,3,Dividend Card,4,Business Loan
616c6ea8-4be3-11ea-8e7b-b88a60e194fb-1-ps,crmid:7209010504,4,Platinum Card,5,Personal Loan
616d801c-4be3-11ea-85fc-b88a60e194fb-1-ps,crmid:7676656363,8,Platinum Card,5,Personal Loan
616edfb4-4be3-11ea-a7bd-b88a60e194fb-1-ps,crmid:7686887634,1,Rewards Card,3,Personal Loan
617177b8-4be3-11ea-a588-b88a60e194fb-1-ps,crmid:9411753444,3,Business Card,5,Personal Loan
61732568-4be3-11ea-b1e7-b88a60e194fb-1-ps,crmid:5119976850,3,Rewards Card,4,Business Loan
617410fe-4be3-11ea-9abe-b88a60e194fb-1-ps,crmid:8713681717,2,Rewards Card,5,Business Loan
6174d48a-4be3-11ea-85ef-b88a60e194fb-1-ps,crmid:6323866389,6,Rewards Card,3,Personal Loan
6175e58c-4be3-11ea-a3b5-b88a60e194fb-1-ps,crmid:9053962382,4,Dividend Card,5,Auto Loan
6176f6ba-4be3-11ea-b75a-b88a60e194fb-1-ps,crmid:6991011720,3,Travel Card,3,Personal Loan
6177ba3a-4be3-11ea-91c8-b88a60e194fb-1-ps,crmid:5033864897,3,Travel Card,3,Personal Loan
6178a526-4be3-11ea-ad01-b88a60e194fb-1-ps,crmid:7527726204,4,Rewards Card,5,Student Loan
6179dc2c-4be3-11ea-adb2-b88a60e194fb-1-ps,crmid:5520184344,6,Dividend Card,6,Personal Loan
617b14e2-4be3-11ea-a981-b88a60e194fb-1-ps,crmid:8993024628,4,Rewards Card,4,Personal Loan
617c4d36-4be3-11ea-9f79-b88a60e194fb-1-ps,crmid:4174729628,4,Business Card,4,Personal Loan
617d85ae-4be3-11ea-9139-b88a60e194fb-1-ps,crmid:6211626557,5,Platinum Card,4,Personal Loan
617e97c2-4be3-11ea-930f-b88a60e194fb-1-ps,crmid:4390695971,2,Rewards Card,5,Personal Loan
617fa898-4be3-11ea-8543-b88a60e194fb-1-ps,crmid:3003227468,3,Travel Card,4,Personal Loan
62838558-4be3-11ea-b802-b88a60e194fb-1-ps,crmid:4699662404,8,Business Card,6,Personal Loan
62846ee6-4be3-11ea-88f5-b88a60e194fb-1-ps,crmid:6973500221,7,Business Card,4,Business Loan
628559c2-4be3-11ea-be9e-b88a60e194fb-1-ps,crmid:6391093806,8,Rewards Card,4,Personal Loan
628642a8-4be3-11ea-8ccd-b88a60e194fb-1-ps,crmid:8735992685,3,Student Card,5,Personal Loan
62872e66-4be3-11ea-aec2-b88a60e194fb-1-ps,crmid:4571540618,5,Student Card,5,Personal Loan
6287f19c-4be3-11ea-99a1-b88a60e194fb-1-ps,crmid:9876829220,2,Simplicity Card,5,Personal Loan
6288dbba-4be3-11ea-b056-b88a60e194fb-1-ps,crmid:1041129537,3,Student Card,10,Auto Loan
62899f10-4be3-11ea-8663-b88a60e194fb-1-ps,crmid:1586537882,5,Rewards Card,5,Personal Loan
628a896c-4be3-11ea-b613-b88a60e194fb-1-ps,crmid:9114050591,3,Dividend Card,3,Auto Loan
628b99d2-4be3-11ea-8f04-b88a60e194fb-1-ps,crmid:4986031127,3,Platinum Card,4,Student Loan
628c85ae-4be3-11ea-be32-b88a60e194fb-1-ps,crmid:3060415312,4,Business Card,4,Auto Loan
628d96c8-4be3-11ea-8653-b88a60e194fb-1-ps,crmid:2948286622,5,Simplicity Card,6,Personal Loan
628ecf80-4be3-11ea-b283-b88a60e194fb-1-ps,crmid:3422416771,3,Platinum Card,9,Personal Loan
628fdfb8-4be3-11ea-87dc-b88a60e194fb-1-ps,crmid:6063618553,4,Rewards Card,2,Business Loan
6290f25e-4be3-11ea-9ca2-b88a60e194fb-1-ps,crmid:6631908908,2,Simplicity Card,3,Business Loan
62922a34-4be3-11ea-b045-b88a60e194fb-1-ps,crmid:1543174247,5,Business Card,4,Business Loan
62936206-4be3-11ea-abd4-b88a60e194fb-1-ps,crmid:8348083257,3,Travel Card,3,Auto Loan
6294e8a8-4be3-11ea-9e2b-b88a60e194fb-1-ps,crmid:3677389650,3,Travel Card,8,Business Loan
639a72d0-4be3-11ea-bf25-b88a60e194fb-1-ps,crmid:7622049264,5,Rewards Card,4,Personal Loan
639b5d48-4be3-11ea-938e-b88a60e194fb-1-ps,crmid:6251466957,2,Simplicity Card,4,Student Loan
639c4780-4be3-11ea-a8f2-b88a60e194fb-1-ps,crmid:1296798748,4,Simplicity Card,4,Personal Loan
639d0ad2-4be3-11ea-ab17-b88a60e194fb-1-ps,crmid:1574717067,4,Travel Card,4,Personal Loan
639df3b6-4be3-11ea-b578-b88a60e194fb-1-ps,crmid:3736157639,5,Rewards Card,4,Auto Loan
639ede64-4be3-11ea-97c6-b88a60e194fb-1-ps,crmid:9785185056,4,Dividend Card,4,Personal Loan
639fa168-4be3-11ea-a827-b88a60e194fb-1-ps,crmid:4062856972,4,Rewards Card,4,Auto Loan
63a0b30c-4be3-11ea-ac65-b88a60e194fb-1-ps,crmid:6596800512,8,Travel Card,2,Personal Loan
63a19d6c-4be3-11ea-a844-b88a60e194fb-1-ps,crmid:9538304657,5,Simplicity Card,5,Personal Loan
63a260a8-4be3-11ea-8bb3-b88a60e194fb-1-ps,crmid:4278887473,3,Simplicity Card,5,Business Loan
63a37236-4be3-11ea-bfae-b88a60e194fb-1-ps,crmid:4104860113,4,Business Card,5,Business Loan
63a45c88-4be3-11ea-8614-b88a60e194fb-1-ps,crmid:3511055297,6,Dividend Card,3,Auto Loan
63a546da-4be3-11ea-876a-b88a60e194fb-1-ps,crmid:1528775607,4,Travel Card,2,Personal Loan
63a60a3a-4be3-11ea-9faf-b88a60e194fb-1-ps,crmid:7343284774,5,Business Card,3,Student Loan
63a6f5e8-4be3-11ea-b12c-b88a60e194fb-1-ps,crmid:2814308223,4,Dividend Card,5,Personal Loan
63a7dffa-4be3-11ea-b7ac-b88a60e194fb-1-ps,crmid:2879987501,3,Student Card,3,Personal Loan
63a8c952-4be3-11ea-aae1-b88a60e194fb-1-ps,crmid:2894103637,3,Dividend Card,4,Personal Loan
63a9dada-4be3-11ea-8850-b88a60e194fb-1-ps,crmid:4140001354,5,Simplicity Card,4,Student Loan
63aac61a-4be3-11ea-b8c2-b88a60e194fb-1-ps,crmid:8198327505,5,Rewards Card,4,Personal Loan
64adb5cc-4be3-11ea-926b-b88a60e194fb-1-ps,crmid:7769570810,3,Travel Card,4,Student Loan
64aec88c-4be3-11ea-bf6b-b88a60e194fb-1-ps,crmid:5313510724,3,Rewards Card,5,Business Loan
64afd880-4be3-11ea-b69c-b88a60e194fb-1-ps,crmid:1944210610,3,Platinum Card,6,Business Loan
64b09cee-4be3-11ea-9ec9-b88a60e194fb-1-ps,crmid:9070063007,5,Travel Card,3,Business Loan
64b18790-4be3-11ea-b7b6-b88a60e194fb-1-ps,crmid:5541834089,2,Platinum Card,6,Student Loan
64b27206-4be3-11ea-848d-b88a60e194fb-1-ps,crmid:9800217129,5,Dividend Card,5,Personal Loan
64b35c4c-4be3-11ea-952f-b88a60e194fb-1-ps,crmid:3594436661,3,Rewards Card,5,Business Loan
64b44578-4be3-11ea-ac7e-b88a60e194fb-1-ps,crmid:8500216241,5,Travel Card,5,Personal Loan
64b52fb8-4be3-11ea-b02e-b88a60e194fb-1-ps,crmid:1344654747,5,Business Card,2,Student Loan
64b61b74-4be3-11ea-9441-b88a60e194fb-1-ps,crmid:1331086856,4,Business Card,3,Personal Loan
64b705de-4be3-11ea-a3a2-b88a60e194fb-1-ps,crmid:3061559814,5,Dividend Card,3,Personal Loan
64b7eeba-4be3-11ea-808c-b88a60e194fb-1-ps,crmid:8166525452,3,Platinum Card,4,Auto Loan
64b8d924-4be3-11ea-8800-b88a60e194fb-1-ps,crmid:8365463308,3,Platinum Card,5,Auto Loan
64b99c6e-4be3-11ea-a49c-b88a60e194fb-1-ps,crmid:5790892109,3,Rewards Card,3,Student Loan
64ba86c8-4be3-11ea-97dd-b88a60e194fb-1-ps,crmid:9959215506,5,Business Card,4,Personal Loan
64bb4a1c-4be3-11ea-9754-b88a60e194fb-1-ps,crmid:8351086487,4,Dividend Card,5,Student Loan
64bc5b98-4be3-11ea-8b31-b88a60e194fb-1-ps,crmid:8351367600,4,Student Card,3,Personal Loan
65c34580-4be3-11ea-bcc1-b88a60e194fb-1-ps,crmid:8028805015,5,Platinum Card,6,Student Loan
65c456be-4be3-11ea-b4c8-b88a60e194fb-1-ps,crmid:1228069927,4,Student Card,2,Auto Loan
65c53f9c-4be3-11ea-abdf-b88a60e194fb-1-ps,crmid:3943465851,4,Travel Card,3,Personal Loan
65c602ee-4be3-11ea-b763-b88a60e194fb-1-ps,crmid:9675552736,3,Travel Card,4,Business Loan
65c71466-4be3-11ea-9d87-b88a60e194fb-1-ps,crmid:2028966031,4,Student Card,3,Student Loan
65c8002e-4be3-11ea-91d1-b88a60e194fb-1-ps,crmid:9175364764,3,Simplicity Card,2,Business Loan
65c8e952-4be3-11ea-8773-b88a60e194fb-1-ps,crmid:4043194015,4,Rewards Card,5,Auto Loan
65c9fabe-4be3-11ea-bab0-b88a60e194fb-1-ps,crmid:6025480101,2,Dividend Card,4,Business Loan
65cabe0c-4be3-11ea-b31c-b88a60e194fb-1-ps,crmid:9791616758,5,Simplicity Card,3,Business Loan
65cba86e-4be3-11ea-a1f5-b88a60e194fb-1-ps,crmid:7623304429,4,Travel Card,4,Personal Loan
65cc92c2-4be3-11ea-a2db-b88a60e194fb-1-ps,crmid:2300791905,5,Business Card,2,Personal Loan
65cd7dac-4be3-11ea-a66a-b88a60e194fb-1-ps,crmid:3248773483,4,Dividend Card,2,Auto Loan
65ce8ea4-4be3-11ea-8e4c-b88a60e194fb-1-ps,crmid:6636020396,4,Student Card,4,Auto Loan
65cf51ee-4be3-11ea-bb8c-b88a60e194fb-1-ps,crmid:6945655843,5,Rewards Card,6,Auto Loan
65d06454-4be3-11ea-a3a8-b88a60e194fb-1-ps,crmid:5383159533,4,Dividend Card,4,Personal Loan
65d14e2e-4be3-11ea-ba31-b88a60e194fb-1-ps,crmid:9035381578,5,Simplicity Card,6,Personal Loan
65d2123e-4be3-11ea-a1ce-b88a60e194fb-1-ps,crmid:4455922355,5,Simplicity Card,6,Personal Loan
65d3225c-4be3-11ea-8998-b88a60e194fb-1-ps,crmid:9623743439,3,Rewards Card,9,Business Loan
65d3e71e-4be3-11ea-9bee-b88a60e194fb-1-ps,crmid:3338526493,4,Business Card,4,Business Loan
66da7fdc-4be3-11ea-96b8-b88a60e194fb-1-ps,crmid:9424824051,5,Platinum Card,3,Business Loan
66dbdf82-4be3-11ea-a0cd-b88a60e194fb-1-ps,crmid:3325786162,3,Student Card,4,Personal Loan
66dd3f12-4be3-11ea-ad6a-b88a60e194fb-1-ps,crmid:7957216778,3,Travel Card,5,Business Loan
66de9e6c-4be3-11ea-bc55-b88a60e194fb-1-ps,crmid:1983460430,4,Dividend Card,6,Student Loan
66dfd702-4be3-11ea-b250-b88a60e194fb-1-ps,crmid:6554799740,3,Rewards Card,3,Student Loan
66e15e9a-4be3-11ea-aaa9-b88a60e194fb-1-ps,crmid:4869412317,5,Travel Card,5,Student Loan
66e30c78-4be3-11ea-b57e-b88a60e194fb-1-ps,crmid:7131554111,4,Rewards Card,4,Student Loan
66e46ae8-4be3-11ea-85b1-b88a60e194fb-1-ps,crmid:4797854460,6,Student Card,3,Auto Loan
66e555d2-4be3-11ea-82bc-b88a60e194fb-1-ps,crmid:9337280274,4,Dividend Card,4,Personal Loan
66e68db4-4be3-11ea-a98f-b88a60e194fb-1-ps,crmid:6693559111,3,Rewards Card,10,Business Loan
66e7789c-4be3-11ea-acc6-b88a60e194fb-1-ps,crmid:1164994986,4,Simplicity Card,5,Personal Loan
66e889ba-4be3-11ea-b526-b88a60e194fb-1-ps,crmid:4258437547,3,Dividend Card,7,Personal Loan
66e9c22e-4be3-11ea-8b47-b88a60e194fb-1-ps,crmid:8804147448,2,Simplicity Card,3,Personal Loan
66ead38a-4be3-11ea-99bd-b88a60e194fb-1-ps,crmid:6888183133,5,Simplicity Card,6,Student Loan
67387e18-4be3-11ea-980d-b88a60e194fb-1-ps,crmid:2323431204,3,Dividend Card,8,Auto Loan
67583c74-4be3-11ea-8f1b-b88a60e194fb-1-ps,crmid:2629035218,2,Dividend Card,3,Business Loan
678872c0-4be3-11ea-b4be-b88a60e194fb-1-ps,crmid:6996863930,4,Dividend Card,7,Student Loan
67a68228-4be3-11ea-8fab-b88a60e194fb-1-ps,crmid:9470324196,2,Rewards Card,4,Personal Loan
6ac686d2-4be3-11ea-947a-b88a60e194fb-1-ps,crmid:8594961585,2,Student Card,4,Business Loan
6aca7dca-4be3-11ea-8339-b88a60e194fb-1-ps,crmid:6587441795,2,Platinum Card,5,Personal Loan
6acc2b62-4be3-11ea-b776-b88a60e194fb-1-ps,crmid:6261618095,5,Platinum Card,3,Personal Loan
6acdb236-4be3-11ea-aec3-b88a60e194fb-1-ps,crmid:1575926997,4,Student Card,8,Personal Loan
6acf876c-4be3-11ea-8269-b88a60e194fb-1-ps,crmid:2582149392,4,Rewards Card,4,Business Loan
6af8b8dc-4be3-11ea-9922-b88a60e194fb-1-ps,crmid:5238686390,3,Travel Card,6,Auto Loan
6b09a8c0-4be3-11ea-837e-b88a60e194fb-1-ps,crmid:7186848424,4,Simplicity Card,5,Personal Loan
6b187600-4be3-11ea-832e-b88a60e194fb-1-ps,crmid:2083048601,3,Dividend Card,2,Auto Loan
6b196062-4be3-11ea-8146-b88a60e194fb-1-ps,crmid:2179472007,4,Dividend Card,4,Personal Loan
6b1a2398-4be3-11ea-9e5f-b88a60e194fb-1-ps,crmid:7804464298,2,Simplicity Card,8,Personal Loan
6b1b0e0c-4be3-11ea-90f5-b88a60e194fb-1-ps,crmid:5830430736,4,Business Card,4,Auto Loan
6b1c9476-4be3-11ea-a10f-b88a60e194fb-1-ps,crmid:5576365613,4,Student Card,4,Business Loan
6b1da5e8-4be3-11ea-b92c-b88a60e194fb-1-ps,crmid:7714543028,5,Platinum Card,4,Personal Loan
6b1ede68-4be3-11ea-b639-b88a60e194fb-1-ps,crmid:3256270608,2,Dividend Card,3,Auto Loan
6b2016de-4be3-11ea-98fe-b88a60e194fb-1-ps,crmid:1918316362,5,Simplicity Card,2,Student Loan
6b212898-4be3-11ea-972d-b88a60e194fb-1-ps,crmid:6480374762,4,Travel Card,3,Personal Loan
6b2287f0-4be3-11ea-97ad-b88a60e194fb-1-ps,crmid:1753581513,4,Student Card,5,Personal Loan
6b23e7c2-4be3-11ea-b207-b88a60e194fb-1-ps,crmid:3059802886,3,Dividend Card,5,Auto Loan
6c3afc4c-4be3-11ea-8b64-b88a60e194fb-1-ps,crmid:6055894633,2,Simplicity Card,4,Personal Loan
6c3c0dec-4be3-11ea-8fac-b88a60e194fb-1-ps,crmid:5566213376,5,Dividend Card,5,Personal Loan
6c3d2090-4be3-11ea-b5d2-b88a60e194fb-1-ps,crmid:9899528172,5,Business Card,4,Business Loan
6c3e7f1c-4be3-11ea-961d-b88a60e194fb-1-ps,crmid:1865935010,8,Dividend Card,4,Personal Loan
6c3f90ba-4be3-11ea-bd85-b88a60e194fb-1-ps,crmid:9495466884,2,Business Card,3,Personal Loan
6c407bec-4be3-11ea-994e-b88a60e194fb-1-ps,crmid:8687273749,4,Rewards Card,5,Personal Loan
6c413f3a-4be3-11ea-a232-b88a60e194fb-1-ps,crmid:6347664017,3,Student Card,4,Personal Loan
6c42028a-4be3-11ea-a093-b88a60e194fb-1-ps,crmid:5085526157,4,Simplicity Card,5,Personal Loan
6c4312ae-4be3-11ea-8a1f-b88a60e194fb-1-ps,crmid:1403231620,4,Simplicity Card,7,Personal Loan
6c4424a8-4be3-11ea-94f9-b88a60e194fb-1-ps,crmid:1064581911,5,Student Card,3,Student Loan
6c450e6c-4be3-11ea-bb2b-b88a60e194fb-1-ps,crmid:2907698810,3,Student Card,2,Personal Loan
6c45d330-4be3-11ea-ab23-b88a60e194fb-1-ps,crmid:4006635962,2,Travel Card,2,Business Loan
6c46bd86-4be3-11ea-8da6-b88a60e194fb-1-ps,crmid:9904178345,4,Travel Card,6,Business Loan
6c47ce94-4be3-11ea-91ad-b88a60e194fb-1-ps,crmid:9785185056,5,Business Card,5,Personal Loan
6c489246-4be3-11ea-9db5-b88a60e194fb-1-ps,crmid:1447620592,4,Rewards Card,5,Auto Loan
6c497b4c-4be3-11ea-b9d1-b88a60e194fb-1-ps,crmid:9843856958,5,Travel Card,3,Personal Loan
6c4a65a4-4be3-11ea-a7cc-b88a60e194fb-1-ps,crmid:8647062803,3,Dividend Card,3,Business Loan
6c4b500a-4be3-11ea-b5a4-b88a60e194fb-1-ps,crmid:3092409406,4,Rewards Card,3,Student Loan
6c4c61ba-4be3-11ea-90cc-b88a60e194fb-1-ps,crmid:6124264189,2,Student Card,5,Auto Loan
6d4762d8-4be3-11ea-94ef-b88a60e194fb-1-ps,crmid:8045157212,4,Dividend Card,3,Business Loan
6d484d36-4be3-11ea-9d58-b88a60e194fb-1-ps,crmid:4902711472,5,Rewards Card,4,Auto Loan
6d495e9e-4be3-11ea-890d-b88a60e194fb-1-ps,crmid:3334215251,4,Dividend Card,5,Personal Loan
6d4a21ee-4be3-11ea-a251-b88a60e194fb-1-ps,crmid:9854751688,5,Platinum Card,3,Personal Loan
6d4b34e8-4be3-11ea-bb28-b88a60e194fb-1-ps,crmid:1438053541,4,Travel Card,6,Personal Loan
6d4c44e2-4be3-11ea-9bea-b88a60e194fb-1-ps,crmid:7531506513,3,Student Card,9,Personal Loan
6d4d2fc2-4be3-11ea-8e08-b88a60e194fb-1-ps,crmid:5608437225,4,Platinum Card,3,Auto Loan
6d4e8f6e-4be3-11ea-b393-b88a60e194fb-1-ps,crmid:3067292843,3,Platinum Card,5,Student Loan
6d4fc74a-4be3-11ea-9f1c-b88a60e194fb-1-ps,crmid:4280248378,5,Rewards Card,4,Business Loan
6d50d8be-4be3-11ea-9468-b88a60e194fb-1-ps,crmid:2951091473,2,Business Card,4,Personal Loan
6d51c328-4be3-11ea-a020-b88a60e194fb-1-ps,crmid:5739741085,3,Platinum Card,3,Personal Loan
6d52fb78-4be3-11ea-8b28-b88a60e194fb-1-ps,crmid:2244865785,4,Dividend Card,4,Student Loan
6d54a938-4be3-11ea-b6f3-b88a60e194fb-1-ps,crmid:2128085477,4,Travel Card,4,Personal Loan
6d56a51c-4be3-11ea-865c-b88a60e194fb-1-ps,crmid:6861489817,5,Simplicity Card,2,Student Loan
6d59b26c-4be3-11ea-81dc-b88a60e194fb-1-ps,crmid:2635576335,4,Student Card,3,Personal Loan
6d5b38dc-4be3-11ea-86b1-b88a60e194fb-1-ps,crmid:2083387379,1,Platinum Card,4,Personal Loan
6d5cbf80-4be3-11ea-838d-b88a60e194fb-1-ps,crmid:3270153648,7,Platinum Card,3,Business Loan
6d5dfc2c-4be3-11ea-9fc9-b88a60e194fb-1-ps,crmid:8476349787,9,Platinum Card,4,Personal Loan
6e5e50b8-4be3-11ea-9ac6-b88a60e194fb-1-ps,crmid:8774362481,5,Platinum Card,4,Student Loan
6e5f3b40-4be3-11ea-b744-b88a60e194fb-1-ps,crmid:7121329177,3,Business Card,3,Personal Loan
6e6026e6-4be3-11ea-aa14-b88a60e194fb-1-ps,crmid:9230535363,4,Dividend Card,3,Business Loan
6e611110-4be3-11ea-bc59-b88a60e194fb-1-ps,crmid:6204838305,3,Student Card,3,Business Loan
6e61fba2-4be3-11ea-9a6e-b88a60e194fb-1-ps,crmid:6220232019,4,Dividend Card,6,Auto Loan
6e62e4b6-4be3-11ea-999b-b88a60e194fb-1-ps,crmid:2292372110,5,Rewards Card,3,Personal Loan
6e63d00c-4be3-11ea-9e0b-b88a60e194fb-1-ps,crmid:4080095831,3,Student Card,4,Personal Loan
6e6493b8-4be3-11ea-ae4a-b88a60e194fb-1-ps,crmid:9701480563,3,Travel Card,3,Business Loan
6e657de8-4be3-11ea-a9aa-b88a60e194fb-1-ps,crmid:8590756422,3,Business Card,3,Personal Loan
6e668e6e-4be3-11ea-9a02-b88a60e194fb-1-ps,crmid:7464622789,6,Dividend Card,4,Business Loan
6e67785a-4be3-11ea-b981-b88a60e194fb-1-ps,crmid:9139694980,5,Platinum Card,7,Auto Loan
6e683b9c-4be3-11ea-ab06-b88a60e194fb-1-ps,crmid:3502257552,3,Simplicity Card,3,Student Loan
6e692602-4be3-11ea-98fe-b88a60e194fb-1-ps,crmid:6101816926,5,Rewards Card,4,Personal Loan
6e6a3774-4be3-11ea-93e5-b88a60e194fb-1-ps,crmid:5494720976,5,Student Card,3,Student Loan
6e6afac6-4be3-11ea-bc24-b88a60e194fb-1-ps,crmid:8635553429,5,Platinum Card,3,Auto Loan
6e6be51e-4be3-11ea-ae49-b88a60e194fb-1-ps,crmid:6257168224,4,Platinum Card,3,Business Loan
6e6ccf86-4be3-11ea-be48-b88a60e194fb-1-ps,crmid:6138744447,2,Travel Card,2,Student Loan
6e6de112-4be3-11ea-b8ad-b88a60e194fb-1-ps,crmid:3705158109,4,Travel Card,5,Business Loan
6f68bb78-4be3-11ea-85f0-b88a60e194fb-1-ps,crmid:6610581317,4,Business Card,4,Personal Loan
6f69cccc-4be3-11ea-9fae-b88a60e194fb-1-ps,crmid:4847598969,7,Rewards Card,4,Auto Loan
6f6ade58-4be3-11ea-8bd1-b88a60e194fb-1-ps,crmid:7284582115,5,Travel Card,4,Student Loan
6f6ba19e-4be3-11ea-9670-b88a60e194fb-1-ps,crmid:1993889017,5,Travel Card,4,Personal Loan
6f6c8d40-4be3-11ea-9e72-b88a60e194fb-1-ps,crmid:1414994537,4,Business Card,2,Auto Loan
6f6d9e0a-4be3-11ea-bfe4-b88a60e194fb-1-ps,crmid:9950912654,2,Rewards Card,3,Auto Loan
6f6eaf08-4be3-11ea-a580-b88a60e194fb-1-ps,crmid:4280245055,5,Rewards Card,3,Student Loan
6f6f9914-4be3-11ea-bd7f-b88a60e194fb-1-ps,crmid:3172170554,5,Business Card,5,Business Loan
6f7084d8-4be3-11ea-a62b-b88a60e194fb-1-ps,crmid:9867888902,4,Student Card,4,Business Loan
6f714828-4be3-11ea-94e3-b88a60e194fb-1-ps,crmid:7817631956,4,Travel Card,4,Business Loan
6f72584c-4be3-11ea-9c93-b88a60e194fb-1-ps,crmid:6335623592,3,Simplicity Card,2,Auto Loan
6f731ca4-4be3-11ea-9feb-b88a60e194fb-1-ps,crmid:3115123478,4,Travel Card,4,Personal Loan
6f742e5e-4be3-11ea-a274-b88a60e194fb-1-ps,crmid:8319384723,3,Travel Card,5,Student Loan
6f751758-4be3-11ea-a178-b88a60e194fb-1-ps,crmid:4949055264,4,Platinum Card,4,Personal Loan
6f760318-4be3-11ea-b055-b88a60e194fb-1-ps,crmid:9391100715,4,Business Card,5,Personal Loan
6f77155c-4be3-11ea-a708-b88a60e194fb-1-ps,crmid:8795711495,4,Rewards Card,3,Business Loan
6f77d81a-4be3-11ea-9a14-b88a60e194fb-1-ps,crmid:3825343297,6,Student Card,4,Business Loan
6f78e812-4be3-11ea-a915-b88a60e194fb-1-ps,crmid:2190271086,5,Simplicity Card,3,Personal Loan
7080939e-4be3-11ea-bcd3-b88a60e194fb-1-ps,crmid:7576953075,4,Platinum Card,4,Personal Loan
7081a50a-4be3-11ea-a50a-b88a60e194fb-1-ps,crmid:3515816953,4,Travel Card,3,Business Loan
70829068-4be3-11ea-be40-b88a60e194fb-1-ps,crmid:3364067464,5,Student Card,4,Business Loan
7083a22e-4be3-11ea-90b3-b88a60e194fb-1-ps,crmid:7187267014,5,Dividend Card,5,Business Loan
7084b24c-4be3-11ea-b62f-b88a60e194fb-1-ps,crmid:8103108493,4,Travel Card,4,Personal Loan
7085eae4-4be3-11ea-8cb4-b88a60e194fb-1-ps,crmid:5455275759,4,Simplicity Card,5,Student Loan
7086fc3a-4be3-11ea-8516-b88a60e194fb-1-ps,crmid:4533370366,3,Simplicity Card,5,Personal Loan
7087eb00-4be3-11ea-8b04-b88a60e194fb-1-ps,crmid:6470153783,2,Rewards Card,4,Personal Loan
7088f946-4be3-11ea-a13a-b88a60e194fb-1-ps,crmid:9448973618,5,Platinum Card,6,Personal Loan
7089bc98-4be3-11ea-a877-b88a60e194fb-1-ps,crmid:8027013676,5,Simplicity Card,6,Business Loan
708a7fe6-4be3-11ea-b641-b88a60e194fb-1-ps,crmid:3456420712,4,Dividend Card,3,Business Loan
708b8ffe-4be3-11ea-9559-b88a60e194fb-1-ps,crmid:8497501364,4,Platinum Card,4,Student Loan
708ca2c0-4be3-11ea-a5f2-b88a60e194fb-1-ps,crmid:5011403916,3,Travel Card,5,Personal Loan
708d8be2-4be3-11ea-ba42-b88a60e194fb-1-ps,crmid:2786397925,4,Student Card,4,Business Loan
708e5068-4be3-11ea-b65b-b88a60e194fb-1-ps,crmid:8952444571,9,Student Card,5,Personal Loan
708f3ba8-4be3-11ea-8aa5-b88a60e194fb-1-ps,crmid:5957925383,5,Student Card,5,Auto Loan
70904b36-4be3-11ea-b352-b88a60e194fb-1-ps,crmid:8043140380,6,Platinum Card,5,Personal Loan
709136ba-4be3-11ea-a6c3-b88a60e194fb-1-ps,crmid:5440407970,3,Student Card,4,Business Loan
7192c650-4be3-11ea-a911-b88a60e194fb-1-ps,crmid:7757767202,3,Business Card,4,Auto Loan
7193fee4-4be3-11ea-8286-b88a60e194fb-1-ps,crmid:6308227106,3,Rewards Card,7,Student Loan
71951040-4be3-11ea-a3e9-b88a60e194fb-1-ps,crmid:9835922928,4,Business Card,2,Auto Loan
719621ca-4be3-11ea-808b-b88a60e194fb-1-ps,crmid:9947919705,4,Business Card,2,Personal Loan
71973330-4be3-11ea-b7fb-b88a60e194fb-1-ps,crmid:7211203878,4,Student Card,5,Personal Loan
7198449c-4be3-11ea-88a7-b88a60e194fb-1-ps,crmid:7284107512,5,Travel Card,7,Student Loan
71997d1a-4be3-11ea-a831-b88a60e194fb-1-ps,crmid:6491094885,5,Rewards Card,6,Personal Loan
719ab590-4be3-11ea-b7da-b88a60e194fb-1-ps,crmid:3249036819,6,Simplicity Card,3,Auto Loan
719bee18-4be3-11ea-a71c-b88a60e194fb-1-ps,crmid:7080355421,4,Student Card,4,Auto Loan
719cff7e-4be3-11ea-a307-b88a60e194fb-1-ps,crmid:3365132741,3,Platinum Card,3,Personal Loan
719de9d8-4be3-11ea-8f96-b88a60e194fb-1-ps,crmid:9256246462,4,Rewards Card,3,Student Loan
719ed436-4be3-11ea-9e53-b88a60e194fb-1-ps,crmid:4150031501,4,Dividend Card,9,Student Loan
719fe5ba-4be3-11ea-b1e2-b88a60e194fb-1-ps,crmid:7943540551,5,Business Card,4,Personal Loan
71a0a8f0-4be3-11ea-9cc6-b88a60e194fb-1-ps,crmid:7037651230,4,Travel Card,6,Personal Loan
71a1935c-4be3-11ea-b09e-b88a60e194fb-1-ps,crmid:9607357416,4,Travel Card,4,Auto Loan
71a2cbde-4be3-11ea-8323-b88a60e194fb-1-ps,crmid:7267316160,4,Platinum Card,3,Personal Loan
71a3b7ba-4be3-11ea-aab0-b88a60e194fb-1-ps,crmid:8013553920,5,Platinum Card,8,Personal Loan
71a47b22-4be3-11ea-aebf-b88a60e194fb-1-ps,crmid:5553066108,4,Travel Card,7,Auto Loan
72a399be-4be3-11ea-8170-b88a60e194fb-1-ps,crmid:5830760544,4,Platinum Card,5,Personal Loan
72a48580-4be3-11ea-9e04-b88a60e194fb-1-ps,crmid:6989408219,4,Business Card,4,Personal Loan
72a56fe8-4be3-11ea-87a4-b88a60e194fb-1-ps,crmid:8247208631,5,Platinum Card,3,Student Loan
72a65a2e-4be3-11ea-816c-b88a60e194fb-1-ps,crmid:6790432498,3,Platinum Card,3,Business Loan
72a71c18-4be3-11ea-ae9d-b88a60e194fb-1-ps,crmid:6848487106,3,Travel Card,3,Student Loan
72a82d82-4be3-11ea-9366-b88a60e194fb-1-ps,crmid:9132216308,3,Simplicity Card,8,Business Loan
72a918f0-4be3-11ea-a43a-b88a60e194fb-1-ps,crmid:7936319051,3,Rewards Card,4,Personal Loan
72aa0266-4be3-11ea-9245-b88a60e194fb-1-ps,crmid:3075357427,3,Dividend Card,5,Auto Loan
72aaee3a-4be3-11ea-8a5b-b88a60e194fb-1-ps,crmid:3379287362,3,Business Card,4,Business Loan
72abb0f8-4be3-11ea-a9d0-b88a60e194fb-1-ps,crmid:8215389459,2,Dividend Card,5,Auto Loan
72ac9a8a-4be3-11ea-b891-b88a60e194fb-1-ps,crmid:5762146698,3,Platinum Card,4,Auto Loan
72add2d8-4be3-11ea-a632-b88a60e194fb-1-ps,crmid:7731223554,7,Rewards Card,3,Auto Loan
72aebd4a-4be3-11ea-8816-b88a60e194fb-1-ps,crmid:7488202911,2,Business Card,2,Auto Loan
72af81e8-4be3-11ea-83e8-b88a60e194fb-1-ps,crmid:2606076106,6,Rewards Card,4,Personal Loan
72b06bf4-4be3-11ea-a73a-b88a60e194fb-1-ps,crmid:1545160272,5,Travel Card,5,Personal Loan
72b15634-4be3-11ea-adf1-b88a60e194fb-1-ps,crmid:9341493888,4,Student Card,10,Personal Loan
72b24102-4be3-11ea-a6a5-b88a60e194fb-1-ps,crmid:1159968411,4,Business Card,4,Student Loan
72b39f50-4be3-11ea-bb60-b88a60e194fb-1-ps,crmid:3474123849,4,Platinum Card,7,Auto Loan
73b6913a-4be3-11ea-88be-b88a60e194fb-1-ps,crmid:4365285344,4,Dividend Card,3,Personal Loan
73b7a190-4be3-11ea-a922-b88a60e194fb-1-ps,crmid:4320826126,4,Student Card,3,Personal Loan
73b88bb0-4be3-11ea-91a4-b88a60e194fb-1-ps,crmid:2591365500,2,Platinum Card,3,Auto Loan
73b97606-4be3-11ea-8034-b88a60e194fb-1-ps,crmid:3311466601,5,Student Card,3,Student Loan
73ba88cc-4be3-11ea-b463-b88a60e194fb-1-ps,crmid:1630626758,3,Business Card,5,Student Loan
73bb71dc-4be3-11ea-bb16-b88a60e194fb-1-ps,crmid:1414888713,9,Student Card,3,Business Loan
73bc367a-4be3-11ea-87f4-b88a60e194fb-1-ps,crmid:1329691011,5,Rewards Card,5,Business Loan
73bd6dc8-4be3-11ea-ac2b-b88a60e194fb-1-ps,crmid:1413709783,4,Simplicity Card,3,Personal Loan
73be5882-4be3-11ea-9b98-b88a60e194fb-1-ps,crmid:7911497431,5,Dividend Card,5,Auto Loan
73bf4262-4be3-11ea-9289-b88a60e194fb-1-ps,crmid:4524630395,5,Simplicity Card,4,Personal Loan
73c02e40-4be3-11ea-a4cd-b88a60e194fb-1-ps,crmid:2224828100,4,Rewards Card,4,Personal Loan
73c11736-4be3-11ea-9d89-b88a60e194fb-1-ps,crmid:2023745767,4,Platinum Card,3,Personal Loan
73c22a8c-4be3-11ea-a657-b88a60e194fb-1-ps,crmid:6980606585,5,Dividend Card,4,Personal Loan
73c31524-4be3-11ea-9e5f-b88a60e194fb-1-ps,crmid:4573466689,5,Student Card,5,Personal Loan
73c3fd5a-4be3-11ea-aa95-b88a60e194fb-1-ps,crmid:9228601607,3,Platinum Card,4,Personal Loan
73c4e7b0-4be3-11ea-a100-b88a60e194fb-1-ps,crmid:4682191734,5,Simplicity Card,8,Personal Loan
73c8b94c-4be3-11ea-b61c-b88a60e194fb-1-ps,crmid:1629601759,3,Dividend Card,3,Auto Loan
73c97c9a-4be3-11ea-a37a-b88a60e194fb-1-ps,crmid:3108453131,3,Platinum Card,4,Personal Loan
73ca8d54-4be3-11ea-97e8-b88a60e194fb-1-ps,crmid:7096123061,5,Platinum Card,5,Auto Loan
74c8749e-4be3-11ea-a7a8-b88a60e194fb-1-ps,crmid:2082692062,4,Business Card,2,Personal Loan
74c9861e-4be3-11ea-87d3-b88a60e194fb-1-ps,crmid:1455893012,5,Rewards Card,4,Student Loan
