id,crmid,propensity_room_upgrade,propensity_extended_nights
f94f60e8-914c-11ea-9705-b88a60e194fb,crmid:9409158898,9,4
f9514918-914c-11ea-accc-b88a60e194fb,crmid:3614624439,8,5
f95358a4-914c-11ea-a586-b88a60e194fb,crmid:9543503510,7,4
f95567d8-914c-11ea-9eed-b88a60e194fb,crmid:6845611915,4,4
f9577bf8-914c-11ea-9e43-b88a60e194fb,crmid:3631430692,4,5
f95a5d74-914c-11ea-a948-b88a60e194fb,crmid:8537893171,10,5
f95c0afa-914c-11ea-9058-b88a60e194fb,crmid:1585578302,9,4
f95ddfb4-914c-11ea-b7a8-b88a60e194fb,crmid:2355950716,4,5
f95fa0f0-914c-11ea-9fdc-b88a60e194fb,crmid:9017790977,7,5
f9613b36-914c-11ea-8ce9-b88a60e194fb,crmid:9497121644,8,4
f962fc4a-914c-11ea-9594-b88a60e194fb,crmid:6927493619,8,4
f964f812-914c-11ea-977a-b88a60e194fb,crmid:7880726725,8,4
f966ccd2-914c-11ea-bc03-b88a60e194fb,crmid:2662748728,3,6
f9687ac8-914c-11ea-a69a-b88a60e194fb,crmid:5934718458,6,5
f96a62c6-914c-11ea-adc4-b88a60e194fb,crmid:9763758522,4,4
f96c2402-914c-11ea-b55e-b88a60e194fb,crmid:4837124005,3,10
f96df8c0-914c-11ea-82c7-b88a60e194fb,crmid:8413218473,7,2
f96ff4d2-914c-11ea-abdb-b88a60e194fb,crmid:5167624667,3,4
f972791a-914c-11ea-9e0c-b88a60e194fb,crmid:3616833760,4,3
f9754bbe-914c-11ea-aa56-b88a60e194fb,crmid:7972042348,4,5
f977bcb6-914c-11ea-8808-b88a60e194fb,crmid:4050527554,8,5
f979b874-914c-11ea-af6f-b88a60e194fb,crmid:8782505194,8,4
f97b529c-914c-11ea-afea-b88a60e194fb,crmid:4179011537,7,3
f97d13e6-914c-11ea-bd30-b88a60e194fb,crmid:3492327052,9,5
f97ed4fe-914c-11ea-9e5b-b88a60e194fb,crmid:3040151434,1,4
f980bd4c-914c-11ea-a165-b88a60e194fb,crmid:5903729376,9,5
f98243e6-914c-11ea-8697-b88a60e194fb,crmid:3611411313,4,4
f983f194-914c-11ea-83f4-b88a60e194fb,crmid:7486645420,3,3
f985da62-914c-11ea-88ab-b88a60e194fb,crmid:8357982398,1,4
f987e92e-914c-11ea-878a-b88a60e194fb,crmid:6853760718,5,4
f98a1f90-914c-11ea-b07e-b88a60e194fb,crmid:8129065701,4,7
f98c2f3e-914c-11ea-84f6-b88a60e194fb,crmid:9413224113,7,4
f98df01a-914c-11ea-bc4d-b88a60e194fb,crmid:4440731806,9,3
f98fb14a-914c-11ea-9b4a-b88a60e194fb,crmid:1162620000,5,8
f9918610-914c-11ea-9777-b88a60e194fb,crmid:4123859831,3,8
f99381dc-914c-11ea-89e8-b88a60e194fb,crmid:3333422203,4,4
f9956a24-914c-11ea-9862-b88a60e194fb,crmid:9208539298,8,3
f999c3e4-914c-11ea-b620-b88a60e194fb,crmid:5044700581,8,3
f99bf9cc-914c-11ea-a83b-b88a60e194fb,crmid:8416445910,3,5
f99f1aba-914c-11ea-a477-b88a60e194fb,crmid:2812985460,4,4
f9a0ef58-914c-11ea-9ca1-b88a60e194fb,crmid:6024188895,7,4
f9a2c41c-914c-11ea-aee7-b88a60e194fb,crmid:6960688653,3,8
f9a45e36-914c-11ea-80da-b88a60e194fb,crmid:5392331546,7,4
f9a61f62-914c-11ea-8d7c-b88a60e194fb,crmid:7503862928,5,4
f9a807b8-914c-11ea-bf2a-b88a60e194fb,crmid:6456860582,10,4
f9a9ca6e-914c-11ea-a486-b88a60e194fb,crmid:1932991275,7,3
f9ab7824-914c-11ea-9874-b88a60e194fb,crmid:5864869859,8,4
f9acfeb6-914c-11ea-be04-b88a60e194fb,crmid:1934429882,4,5
f9aee7d2-914c-11ea-8adc-b88a60e194fb,crmid:2460857963,9,2
f9b0a698-914c-11ea-a284-b88a60e194fb,crmid:7313791667,3,3
f9b2dd08-914c-11ea-8dac-b88a60e194fb,crmid:5231079383,9,5
f9b48b8a-914c-11ea-8298-b88a60e194fb,crmid:6647767755,7,3
f9b61154-914c-11ea-a10a-b88a60e194fb,crmid:2873118884,4,5
f9b85b30-914c-11ea-82c8-b88a60e194fb,crmid:5228109180,8,4
f9bacc46-914c-11ea-b9bd-b88a60e194fb,crmid:1427160586,4,3
f9bd29ae-914c-11ea-97c0-b88a60e194fb,crmid:7516602890,4,7
f9bec3d4-914c-11ea-ac89-b88a60e194fb,crmid:8432666200,8,3
f9c0851e-914c-11ea-8c0f-b88a60e194fb,crmid:7742529914,4,5
f9c20bdc-914c-11ea-8d79-b88a60e194fb,crmid:2011736667,5,3
f9c3e07e-914c-11ea-acee-b88a60e194fb,crmid:1173891953,4,9
f9c63e0c-914c-11ea-91fc-b88a60e194fb,crmid:4233557144,6,2
f9c874ae-914c-11ea-9126-b88a60e194fb,crmid:8989787381,5,4
f9cb1fcc-914c-11ea-af2e-b88a60e194fb,crmid:8957119162,7,5
f9cd9112-914c-11ea-8090-b88a60e194fb,crmid:1678306872,8,5
f9cf659e-914c-11ea-ae25-b88a60e194fb,crmid:1941739205,4,3
f9d1d6b8-914c-11ea-a10f-b88a60e194fb,crmid:1710950739,4,8
f9d3beca-914c-11ea-8db6-b88a60e194fb,crmid:3903668906,7,4
f9d5a706-914c-11ea-a78f-b88a60e194fb,crmid:8495219149,7,4
f9d76878-914c-11ea-958e-b88a60e194fb,crmid:6604040828,7,5
f9d977ae-914c-11ea-9a7c-b88a60e194fb,crmid:3088753336,4,8
f9dbd50a-914c-11ea-970f-b88a60e194fb,crmid:5592215023,4,7
f9e12c26-914c-11ea-b353-b88a60e194fb,crmid:1867826411,8,5
f9e37624-914c-11ea-b648-b88a60e194fb,crmid:9923930189,3,4
f9e63530-914c-11ea-b1d6-b88a60e194fb,crmid:2084692440,8,6
f9e81d8a-914c-11ea-8aed-b88a60e194fb,crmid:1210172800,8,4
f9ea05b8-914c-11ea-b8d9-b88a60e194fb,crmid:5613563789,6,3
f9eba010-914c-11ea-8a38-b88a60e194fb,crmid:9930581265,4,3
f9ed3a0c-914c-11ea-8eb6-b88a60e194fb,crmid:3100078599,8,4
f9eee7ba-914c-11ea-88e2-b88a60e194fb,crmid:6000544393,8,2
f9f0957e-914c-11ea-b095-b88a60e194fb,crmid:2191841437,2,7
f9f25692-914c-11ea-b879-b88a60e194fb,crmid:3688881175,6,4
f9f417d0-914c-11ea-8ebd-b88a60e194fb,crmid:7962403175,4,1
f9f5d906-914c-11ea-9a8b-b88a60e194fb,crmid:5279380149,2,4
f9f7adc6-914c-11ea-8bfb-b88a60e194fb,crmid:8284916397,3,7
f9f9bd38-914c-11ea-8eee-b88a60e194fb,crmid:5892435904,3,3
f9fb91d8-914c-11ea-a77e-b88a60e194fb,crmid:4962332668,3,2
f9fcf164-914c-11ea-bdbf-b88a60e194fb,crmid:6158432258,3,8
f9fe7808-914c-11ea-b795-b88a60e194fb,crmid:4573508732,4,3
fa001308-914c-11ea-a353-b88a60e194fb,crmid:9884343699,3,3
fa01adb8-914c-11ea-8c7a-b88a60e194fb,crmid:4719049283,7,4
fa03e2be-914c-11ea-a83b-b88a60e194fb,crmid:4413833817,7,1
fa05b8da-914c-11ea-a8b4-b88a60e194fb,crmid:6873898902,4,5
fa07da66-914c-11ea-b0dc-b88a60e194fb,crmid:7467713013,3,8
fa096252-914c-11ea-a764-b88a60e194fb,crmid:3274941058,8,4
fa0b49f0-914c-11ea-985f-b88a60e194fb,crmid:3723059427,3,9
fa0d9362-914c-11ea-a127-b88a60e194fb,crmid:2658079472,10,4
fa0ff0a2-914c-11ea-904f-b88a60e194fb,crmid:2636434592,6,7
fa11c546-914c-11ea-8998-b88a60e194fb,crmid:2082200335,8,6
fa1360e2-914c-11ea-88bc-b88a60e194fb,crmid:1722231386,5,3
fa152306-914c-11ea-9187-b88a60e194fb,crmid:9873474302,8,4
fa171c86-914c-11ea-b9b7-b88a60e194fb,crmid:1696900552,4,3
fa191840-914c-11ea-88d3-b88a60e194fb,crmid:7255071580,6,5
fa1b4ec2-914c-11ea-8b37-b88a60e194fb,crmid:2341473348,4,5
fa1d2370-914c-11ea-9ee2-b88a60e194fb,crmid:8307109545,9,5
fa1ee622-914c-11ea-afb8-b88a60e194fb,crmid:6830705203,8,4
fa20a5e4-914c-11ea-b048-b88a60e194fb,crmid:5054659135,3,4
fa22de24-914c-11ea-ad81-b88a60e194fb,crmid:7523860385,8,4
fa251292-914c-11ea-ab5e-b88a60e194fb,crmid:4911711494,8,6
fa26d564-914c-11ea-b219-b88a60e194fb,crmid:2013134520,7,6
fa296c36-914c-11ea-9616-b88a60e194fb,crmid:7649577922,10,3
fa2bca5c-914c-11ea-987d-b88a60e194fb,crmid:2595801008,5,9
fa2d7714-914c-11ea-9ca0-b88a60e194fb,crmid:3044377961,4,7
fa2f24b6-914c-11ea-aded-b88a60e194fb,crmid:4471349259,6,5
fa30d366-914c-11ea-b167-b88a60e194fb,crmid:7644911035,4,8
fa325a74-914c-11ea-8590-b88a60e194fb,crmid:4433828097,5,3
fa34f106-914c-11ea-8cb1-b88a60e194fb,crmid:9168151600,4,6
fa36b226-914c-11ea-b6b0-b88a60e194fb,crmid:3306281305,4,6
fa3811da-914c-11ea-8611-b88a60e194fb,crmid:6944191001,3,8
fa39991e-914c-11ea-9f3f-b88a60e194fb,crmid:6773233313,9,5
fa3af808-914c-11ea-8549-b88a60e194fb,crmid:1670732038,9,3
fa3c5792-914c-11ea-8c0b-b88a60e194fb,crmid:3825715391,8,4
fa3e05d8-914c-11ea-9892-b88a60e194fb,crmid:1808415162,7,4
fa4062ca-914c-11ea-81cf-b88a60e194fb,crmid:5443718064,9,3
fa43837a-914c-11ea-8fd0-b88a60e194fb,crmid:4580015408,5,3
fa4607fe-914c-11ea-ab00-b88a60e194fb,crmid:1602884869,8,3
fa482aae-914c-11ea-b5df-b88a60e194fb,crmid:8481047216,10,5
fa4ac2c6-914c-11ea-b215-b88a60e194fb,crmid:8078416864,2,4
fa4cf926-914c-11ea-8474-b88a60e194fb,crmid:6664365282,3,3
fa4f6bae-914c-11ea-9bd1-b88a60e194fb,crmid:1285796074,5,7
fa523ce2-914c-11ea-b7ad-b88a60e194fb,crmid:3280665809,3,10
fa55982c-914c-11ea-b6cd-b88a60e194fb,crmid:9224261491,9,5
fa58a56c-914c-11ea-bc99-b88a60e194fb,crmid:5299548201,9,5
fa5ab4c6-914c-11ea-bc82-b88a60e194fb,crmid:6227108329,7,3
fa5cc410-914c-11ea-98dd-b88a60e194fb,crmid:9949478162,6,2
fa5f831e-914c-11ea-87da-b88a60e194fb,crmid:3170817494,8,6
fa62f210-914c-11ea-ac54-b88a60e194fb,crmid:1940564447,4,4
fa653d5a-914c-11ea-ab29-b88a60e194fb,crmid:3517384816,3,5
fa67121e-914c-11ea-8077-b88a60e194fb,crmid:6341516614,8,3
fa694746-914c-11ea-964a-b88a60e194fb,crmid:2671158859,6,4
fa6af62e-914c-11ea-ab17-b88a60e194fb,crmid:6835713176,7,6
fa6d17da-914c-11ea-9c27-b88a60e194fb,crmid:6995385984,4,9
fa6f4dfe-914c-11ea-913d-b88a60e194fb,crmid:7287850519,6,2
fa70d4a2-914c-11ea-9cb7-b88a60e194fb,crmid:5346499802,6,6
fa733222-914c-11ea-9976-b88a60e194fb,crmid:3080377363,9,4
fa75a3f4-914c-11ea-ac6d-b88a60e194fb,crmid:1613744262,8,5
fa78008c-914c-11ea-99ff-b88a60e194fb,crmid:5271324350,4,8
fa7a0fe8-914c-11ea-b346-b88a60e194fb,crmid:1681016114,9,4
fa7ce2d0-914c-11ea-8b45-b88a60e194fb,crmid:1582636428,8,5
fa7fb52e-914c-11ea-991e-b88a60e194fb,crmid:2717066640,9,7
fa81eb86-914c-11ea-9448-b88a60e194fb,crmid:6945821451,4,3
fa83d3c0-914c-11ea-a3cc-b88a60e194fb,crmid:8648591622,4,5
fa86cdb6-914c-11ea-9369-b88a60e194fb,crmid:1590866172,7,3
fa88f050-914c-11ea-886b-b88a60e194fb,crmid:3595695859,8,5
fa8aec2c-914c-11ea-908e-b88a60e194fb,crmid:1861799832,8,4
fa8c8650-914c-11ea-b421-b88a60e194fb,crmid:5183033397,3,4
fa8e5b10-914c-11ea-ade1-b88a60e194fb,crmid:3831845870,5,5
fa8fe1ae-914c-11ea-ba8b-b88a60e194fb,crmid:9514805213,7,4
fa91dd78-914c-11ea-bf0f-b88a60e194fb,crmid:3987262604,4,8
fa935090-914c-11ea-9b81-b88a60e194fb,crmid:1798714089,8,3
fa94b068-914c-11ea-809e-b88a60e194fb,crmid:3680425330,10,4
fa963838-914c-11ea-993b-b88a60e194fb,crmid:1763488321,6,5
fa97bd4c-914c-11ea-a6f4-b88a60e194fb,crmid:4509698706,7,5
fa994558-914c-11ea-95a9-b88a60e194fb,crmid:3457871358,3,5
fa9ab8ae-914c-11ea-ad8b-b88a60e194fb,crmid:5470610020,2,7
fa9c2b3a-914c-11ea-aeef-b88a60e194fb,crmid:1437024786,7,3
fa9db2e4-914c-11ea-bfbf-b88a60e194fb,crmid:6490253282,9,3
fa9f86e4-914c-11ea-94a7-b88a60e194fb,crmid:2087763022,9,4
faa146ae-914c-11ea-96da-b88a60e194fb,crmid:3359082005,9,5
faa31b6e-914c-11ea-b4e8-b88a60e194fb,crmid:9644201306,8,6
faa4b58a-914c-11ea-8ed5-b88a60e194fb,crmid:1606653672,4,9
faa68be8-914c-11ea-847b-b88a60e194fb,crmid:5193313761,3,3
faa84ba2-914c-11ea-bac3-b88a60e194fb,crmid:6277775794,8,3
faa9f97a-914c-11ea-a4a5-b88a60e194fb,crmid:4822617830,5,5
faabce10-914c-11ea-b04e-b88a60e194fb,crmid:7485572766,9,4
faae05ba-914c-11ea-9963-b88a60e194fb,crmid:3255095241,4,5
fab02898-914c-11ea-9e80-b88a60e194fb,crmid:8691446716,4,5
fab25dca-914c-11ea-a165-b88a60e194fb,crmid:8117448787,5,8
fab41efe-914c-11ea-9575-b88a60e194fb,crmid:5697317586,7,4
fab60768-914c-11ea-8c71-b88a60e194fb,crmid:1965479666,3,4
fab83ed2-914c-11ea-a319-b88a60e194fb,crmid:9889080229,3,8
faba393a-914c-11ea-b653-b88a60e194fb,crmid:7125082091,7,5
fabbd35c-914c-11ea-b431-b88a60e194fb,crmid:3485287136,4,4
fabdf7c8-914c-11ea-9927-b88a60e194fb,crmid:1010108212,8,2
fabf9200-914c-11ea-b360-b88a60e194fb,crmid:6463640409,5,4
fac118d4-914c-11ea-8612-b88a60e194fb,crmid:2530091326,5,5
fac2ff52-914c-11ea-8f3d-b88a60e194fb,crmid:4472033072,7,3
fac4e7a6-914c-11ea-9e5c-b88a60e194fb,crmid:1672195052,9,3
fac6a8dc-914c-11ea-8d15-b88a60e194fb,crmid:9478483984,9,4
fac8cbca-914c-11ea-81ef-b88a60e194fb,crmid:9711754156,10,2
faca65e8-914c-11ea-94c9-b88a60e194fb,crmid:9633841348,4,8
facc272e-914c-11ea-94ae-b88a60e194fb,crmid:1796738417,5,3
face3670-914c-11ea-843f-b88a60e194fb,crmid:1944832285,8,4
facfbd12-914c-11ea-8810-b88a60e194fb,crmid:1540027428,5,9
fad19200-914c-11ea-abe9-b88a60e194fb,crmid:5242345540,9,4
fad3544a-914c-11ea-95be-b88a60e194fb,crmid:9504650013,4,7
fad4ed1c-914c-11ea-8160-b88a60e194fb,crmid:4367341065,4,3
fad70fde-914c-11ea-a178-b88a60e194fb,crmid:7300899938,4,4
fadb4228-914c-11ea-bb3d-b88a60e194fb,crmid:4322043163,3,6
fadd03ae-914c-11ea-9414-b88a60e194fb,crmid:8147584595,4,3
fade8a06-914c-11ea-8b49-b88a60e194fb,crmid:3747760843,4,8
