id,transactionID,crmid,timestamp,orderType,transactionSKU,transactionName,transactionType,transactionOwnership,transactionAction,transactionMethod,transactionAmount,transactionFlag
51408806-9430-11ea-8f50-b88a60e194fb,transactionid:565083,crmid:9770687030,2020-02-28T05:58:04.000Z,transaction - mobile,prd1020,Everyday Savings,Savings,Personal,credit,call center,327811.53,1
5142221c-9430-11ea-8000-b88a60e194fb,transactionid:421557,crmid:7659996374,2020-02-20T21:55:04.000Z,transaction - mobile,prd1039,Dividend Card,Credit Card,Personal,credit,ATM,1661.24,1
51441e10-9430-11ea-a8c5-b88a60e194fb,transactionid:532344,crmid:2802287184,2020-02-23T03:05:16.000Z,transaction - mobile,prd1008,Traditional IRA,Retirement,Personal,credit,ATM,526.86,1
51456b0c-9430-11ea-88cd-b88a60e194fb,transactionid:282458,crmid:9376884980,2020-02-26T18:21:01.000Z,transaction - mobile,prd1053,Mortgage: VA,Mortgage,Personal,credit,call center,2312.03,1
5146dd06-9430-11ea-ac0a-b88a60e194fb,transactionid:733306,crmid:4890047881,2020-02-21T12:35:28.000Z,transaction - mobile,prd1145,Everyday Checking,Checking,Personal,credit,mobile,2932.3,1
5147f000-9430-11ea-bc78-b88a60e194fb,transactionid:751933,crmid:7166036517,2020-02-25T19:37:41.000Z,transaction - mobile,prd1010,529 College Savings,College Savings,Personal,credit,mobile,1881.86,1
51496192-9430-11ea-ac96-b88a60e194fb,transactionid:406444,crmid:5912035204,2020-02-17T21:15:08.000Z,transaction - mobile,prd1151,Mortgage: 10 yr Fixed,Mortgage,Personal,credit,call center,414475.88,1
514a9b8a-9430-11ea-a374-b88a60e194fb,transactionid:277104,crmid:3003510797,2020-02-24T01:32:25.000Z,transaction - mobile,prd1095,529 College Savings,College Savings,Personal,credit,broker,3799.55,1
514c346e-9430-11ea-baa4-b88a60e194fb,transactionid:260186,crmid:1237438722,2020-02-19T00:37:34.000Z,transaction - mobile,prd1007,Health Savings,Savings,Personal,credit,mobile,3745.32,1
514d9536-9430-11ea-a119-b88a60e194fb,transactionid:280999,crmid:4555245183,2020-02-19T19:17:56.000Z,transaction - mobile,prd1095,529 College Savings,College Savings,Personal,credit,ATM,2884.96,1
514ef382-9430-11ea-8071-b88a60e194fb,transactionid:882881,crmid:2065672792,2020-02-20T14:45:52.000Z,transaction - mobile,prd1139,Employee Stock Purchase Plans,Investment,Personal,credit,broker,2500.71,1
515004ee-9430-11ea-a375-b88a60e194fb,transactionid:833399,crmid:4387639789,2020-02-18T02:35:16.000Z,transaction - mobile,prd1009,Everyday Checking,Checking,Personal,credit,call center,3498.01,1
51519f2e-9430-11ea-861c-b88a60e194fb,transactionid:875080,crmid:5797604249,2020-02-19T09:31:29.000Z,transaction - mobile,prd1175,401k,Retirement,Personal,credit,call center,3678.42,1
5152ff80-9430-11ea-94f1-b88a60e194fb,transactionid:303951,crmid:8013239761,2020-02-21T23:28:50.000Z,transaction - mobile,prd1074,Premium Checking,Checking,Personal,credit,mobile,3386.1,1
5154388c-9430-11ea-88a2-b88a60e194fb,transactionid:889047,crmid:2316550399,2020-02-28T07:08:06.000Z,transaction - mobile,prd1050,Travel Card,Credit Card,Personal,credit,call center,1487.25,1
5155bf0c-9430-11ea-8e2f-b88a60e194fb,transactionid:454045,crmid:8992978481,2020-02-28T09:21:35.000Z,transaction - mobile,prd1063,High Interest Savings,Savings,Personal,credit,call center,2668.11,1
5156e406-9430-11ea-84f3-b88a60e194fb,transactionid:413556,crmid:9087850664,2020-02-27T19:16:16.000Z,transaction - mobile,prd1176,Overseas Equity Fund,Investment,Personal,close,call center,3614.65,1
51586aa4-9430-11ea-8ded-b88a60e194fb,transactionid:736222,crmid:7922911204,2020-02-19T12:35:26.000Z,transaction - mobile,prd1178,Everyday Savings,Savings,Personal,credit,mobile,3784.45,1
5159a200-9430-11ea-96dd-b88a60e194fb,transactionid:257591,crmid:8317543683,2020-02-23T22:51:22.000Z,transaction - mobile,prd1158,Preferred Checking,Checking,Personal,debt,ATM,3090.26,1
515b4f8c-9430-11ea-9927-b88a60e194fb,transactionid:888150,crmid:9637906391,2020-02-15T19:11:51.000Z,transaction - mobile,prd1005,Everyday Savings,Savings,Personal,close,mobile,3280.19,1
515c9d06-9430-11ea-bf5f-b88a60e194fb,transactionid:667396,crmid:5391002427,2020-02-29T19:10:00.000Z,transaction - mobile,prd1051,Personal Loan,Loan,Personal,credit,call center,3491.38,1
515dfb28-9430-11ea-99cf-b88a60e194fb,transactionid:186107,crmid:6715343876,2020-02-16T05:24:45.000Z,transaction - mobile,prd1071,Critical Illness Insurance,Insurance,Personal,credit,mobile,585496.42,1
515f4718-9430-11ea-9b38-b88a60e194fb,transactionid:155226,crmid:6281031629,2020-02-28T19:51:06.000Z,transaction - mobile,prd1139,Employee Stock Purchase Plans,Investment,Personal,credit,ATM,2114.57,1
516093f4-9430-11ea-8ff2-b88a60e194fb,transactionid:524644,crmid:9087441798,2020-02-27T17:31:48.000Z,transaction - mobile,prd1052,Preferred Checking,Checking,Personal,credit,mobile,3429.2,1
5161cd1c-9430-11ea-b499-b88a60e194fb,transactionid:657181,crmid:9247403526,2020-02-16T19:31:31.000Z,transaction - mobile,prd1063,High Interest Savings,Savings,Personal,close,broker,2175.74,1
51633eb6-9430-11ea-b456-b88a60e194fb,transactionid:643297,crmid:5705537501,2020-02-15T04:33:23.000Z,transaction - mobile,prd1083,Pension Account,Retirement,Personal,credit,call center,5268.59,1
5164d8cc-9430-11ea-8933-b88a60e194fb,transactionid:169732,crmid:8319378263,2020-02-19T18:29:31.000Z,transaction - mobile,prd1040,High Interest Savings,Savings,Personal,credit,branch,2988.32,1
516625fe-9430-11ea-9b9e-b88a60e194fb,transactionid:805770,crmid:7676994396,2020-02-26T21:58:54.000Z,transaction - mobile,prd1180,529 College Savings,College Savings,Personal,credit,broker,3540.88,1
51678580-9430-11ea-a87e-b88a60e194fb,transactionid:983921,crmid:1857547029,2020-02-18T16:51:34.000Z,transaction - mobile,prd1138,Money Market Savings,Savings,Personal,credit,ATM,3293.23,1
5168bce4-9430-11ea-9a3e-b88a60e194fb,transactionid:985122,crmid:1366084858,2020-02-16T13:05:40.000Z,transaction - mobile,prd1080,Mortgage Insurance,Insurance,Personal,credit,mobile,3189.04,1
516a5882-9430-11ea-8446-b88a60e194fb,transactionid:580416,crmid:4430886965,2020-02-25T20:12:25.000Z,transaction - mobile,prd1090,Business Checking,Checking,Business,credit,mobile,393962.89,1
516b7c24-9430-11ea-9fee-b88a60e194fb,transactionid:251829,crmid:8087981307,2020-02-25T23:37:13.000Z,transaction - mobile,prd1040,High Interest Savings,Savings,Personal,credit,branch,3064.99,1
516cc834-9430-11ea-9892-b88a60e194fb,transactionid:494863,crmid:1237659625,2020-02-16T15:30:34.000Z,transaction - mobile,prd1077,Roth IRA,Retirement,Personal,credit,broker,564298.23,1
516e27c6-9430-11ea-b01d-b88a60e194fb,transactionid:608041,crmid:4818113057,2020-02-21T05:41:31.000Z,transaction - mobile,prd1068,Mortgage: 7/1 ARM,Mortgage,Personal,credit,branch,3667.28,1
516f8752-9430-11ea-b063-b88a60e194fb,transactionid:747596,crmid:8043849005,2020-02-25T05:48:33.000Z,transaction - mobile,prd1177,Personal Loan,Loan,Personal,credit,call center,2465.66,1
5170d35a-9430-11ea-83c0-b88a60e194fb,transactionid:125720,crmid:8371513830,2020-02-19T16:20:23.000Z,transaction - mobile,prd1148,Mortgage: 10/1 ARM,Mortgage,Personal,credit,mobile,2228.62,1
517220a8-9430-11ea-a500-b88a60e194fb,transactionid:900829,crmid:3821310944,2020-02-23T19:36:41.000Z,transaction - mobile,prd1139,Employee Stock Purchase Plans,Investment,Personal,close,call center,378002.21,1
5173321e-9430-11ea-84ea-b88a60e194fb,transactionid:139914,crmid:5294983058,2020-02-28T16:09:43.000Z,transaction - mobile,prd1128,High Interest Savings,Savings,Personal,debt,mobile,2210.38,1
51751a5e-9430-11ea-a43b-b88a60e194fb,transactionid:322313,crmid:2794083303,2020-02-26T11:40:51.000Z,transaction - mobile,prd1094,Preferred Checking,Checking,Personal,credit,call center,2832.42,1
5177284c-9430-11ea-94bb-b88a60e194fb,transactionid:643227,crmid:4384598839,2020-02-20T19:45:26.000Z,transaction - mobile,prd1119,Renter's Insurance,Insurance,Personal,credit,call center,2263.78,1
5178aef6-9430-11ea-a4b1-b88a60e194fb,transactionid:387060,crmid:3085018111,2020-02-25T15:30:41.000Z,transaction - mobile,prd1154,Mortgage: 30-yr Fixed,Mortgage,Personal,credit,call center,4385.25,1
517a23a6-9430-11ea-b79c-b88a60e194fb,transactionid:188631,crmid:9259520191,2020-02-25T21:09:32.000Z,transaction - mobile,prd1146,529 College Savings,College Savings,Personal,credit,call center,2277.74,1
517b4882-9430-11ea-ac37-b88a60e194fb,transactionid:513897,crmid:2676217639,2020-02-27T15:46:42.000Z,transaction - mobile,prd1086,Auto Insurance,Insurance,Personal,credit,branch,2785.11,1
517ccd92-9430-11ea-9cf5-b88a60e194fb,transactionid:755164,crmid:9693282536,2020-02-24T13:46:58.000Z,transaction - mobile,prd1073,Business Brokerage Account,Investment,Business,debt,call center,2592.82,1
517e2d46-9430-11ea-945e-b88a60e194fb,transactionid:378043,crmid:2020988643,2020-02-17T21:09:30.000Z,transaction - mobile,prd1049,Business Brokerage Account,Investment,Business,credit,mobile,2827.66,1
517f792c-9430-11ea-b57c-b88a60e194fb,transactionid:833468,crmid:6763414101,2020-02-22T13:52:24.000Z,transaction - mobile,prd1041,Mortgage: 7/1 ARM,Mortgage,Personal,credit,call center,1845.76,1
5180b1c0-9430-11ea-a840-b88a60e194fb,transactionid:928430,crmid:5227313079,2020-02-20T21:06:12.000Z,transaction - mobile,prd1190,Premium Checking,Checking,Personal,close,call center,2615.97,1
51821200-9430-11ea-96a2-b88a60e194fb,transactionid:318956,crmid:3666852517,2020-02-29T14:07:20.000Z,transaction - mobile,prd1146,529 College Savings,College Savings,Personal,credit,ATM,4414.43,1
51833640-9430-11ea-9e7e-b88a60e194fb,transactionid:899724,crmid:6187322435,2020-02-25T19:16:53.000Z,transaction - mobile,prd1126,Merchant Services Account,Merchant Services,Business,credit,broker,2825.59,1
5184aa9c-9430-11ea-9202-b88a60e194fb,transactionid:487792,crmid:1592894977,2020-02-18T00:52:24.000Z,transaction - mobile,prd1125,Mortgage: FHA,Mortgage,Personal,close,mobile,4619.51,1
51861c82-9430-11ea-b8c1-b88a60e194fb,transactionid:488805,crmid:5729801897,2020-02-20T21:12:54.000Z,transaction - mobile,prd1072,Student Loan,Loan,Personal,debt,call center,331025.47,1
5187dd9a-9430-11ea-85b4-b88a60e194fb,transactionid:792798,crmid:7740661399,2020-02-22T10:54:52.000Z,transaction - mobile,prd1033,Fixed Deposit,Investment,Personal,credit,mobile,2508.59,1
51898b5c-9430-11ea-894b-b88a60e194fb,transactionid:425860,crmid:4187066998,2020-02-19T14:22:40.000Z,transaction - mobile,prd1180,529 College Savings,College Savings,Personal,credit,call center,299692.04,1
518ac3de-9430-11ea-819c-b88a60e194fb,transactionid:573540,crmid:7293978891,2020-02-19T12:44:52.000Z,transaction - mobile,prd1083,Pension Account,Retirement,Personal,credit,call center,2731.41,1
518c5e02-9430-11ea-b8a2-b88a60e194fb,transactionid:479521,crmid:6432854828,2020-02-21T17:14:47.000Z,transaction - mobile,prd1108,401k,Retirement,Personal,credit,call center,3241.63,1
518de5e4-9430-11ea-a245-b88a60e194fb,transactionid:508963,crmid:4492353020,2020-02-21T00:03:15.000Z,transaction - mobile,prd1060,Traditional IRA,Retirement,Personal,credit,branch,3176.23,1
518f457e-9430-11ea-8f0c-b88a60e194fb,transactionid:618487,crmid:5186729968,2020-02-29T10:58:59.000Z,transaction - mobile,prd1075,Student Savings,Savings,Personal,credit,broker,3729.78,1
51910570-9430-11ea-b247-b88a60e194fb,transactionid:641674,crmid:1036760462,2020-02-24T13:05:33.000Z,transaction - mobile,prd1088,CDs: 1 year,Investment,Personal,credit,broker,2389.17,1
5192c690-9430-11ea-9e3c-b88a60e194fb,transactionid:391272,crmid:6287770667,2020-02-23T02:45:20.000Z,transaction - mobile,prd1008,Traditional IRA,Retirement,Personal,close,call center,2633.44,1
519439a8-9430-11ea-99c8-b88a60e194fb,transactionid:410267,crmid:3633831664,2020-02-18T22:17:25.000Z,transaction - mobile,prd1086,Auto Insurance,Insurance,Personal,debt,ATM,1869.23,1
5195d3dc-9430-11ea-ae84-b88a60e194fb,transactionid:966029,crmid:4570060840,2020-02-29T06:35:18.000Z,transaction - mobile,prd1140,Travel Card,Credit Card,Personal,credit,mobile,3533.51,1
5197a894-9430-11ea-832e-b88a60e194fb,transactionid:366377,crmid:4170157328,2020-02-26T00:53:48.000Z,transaction - mobile,prd1038,Dividend Card,Credit Card,Personal,credit,ATM,2164.59,1
519969cc-9430-11ea-bfcf-b88a60e194fb,transactionid:461383,crmid:9113511155,2020-02-21T12:36:36.000Z,transaction - mobile,prd1019,Personal Loan,Loan,Personal,credit,broker,2331.21,1
519bc7ac-9430-11ea-bf74-b88a60e194fb,transactionid:821087,crmid:8616158170,2020-02-22T18:57:59.000Z,transaction - mobile,prd1115,Mortgage: VA,Mortgage,Personal,debt,call center,339664.2,1
519d7512-9430-11ea-b64d-b88a60e194fb,transactionid:310111,crmid:5147966893,2020-02-28T23:42:03.000Z,transaction - mobile,prd1126,Merchant Services Account,Merchant Services,Business,close,mobile,3249.57,1
519efb88-9430-11ea-969c-b88a60e194fb,transactionid:196356,crmid:1036870981,2020-02-28T13:55:22.000Z,transaction - mobile,prd1098,Platinum Card,Credit Card,Personal,credit,mobile,1767.1,1
51a0822e-9430-11ea-9279-b88a60e194fb,transactionid:777517,crmid:9723253937,2020-02-22T00:28:42.000Z,transaction - mobile,prd1054,Personal Loan,Loan,Personal,debt,broker,3529.34,1
51a22fd4-9430-11ea-a5e0-b88a60e194fb,transactionid:245224,crmid:2920610804,2020-02-27T12:24:57.000Z,transaction - mobile,prd1162,High Interest Savings,Savings,Personal,debt,ATM,3769.3,1
51a38f6c-9430-11ea-8e8d-b88a60e194fb,transactionid:563125,crmid:3335971787,2020-02-19T14:30:59.000Z,transaction - mobile,prd1166,Business Checking,Checking,Business,debt,ATM,2508.79,1
51a51676-9430-11ea-bde4-b88a60e194fb,transactionid:564160,crmid:3549233725,2020-02-15T07:46:16.000Z,transaction - mobile,prd1192,Money Market Savings,Savings,Personal,credit,mobile,3266.09,1
51a6c3d0-9430-11ea-9e39-b88a60e194fb,transactionid:349041,crmid:7473719403,2020-02-21T12:33:05.000Z,transaction - mobile,prd1195,Student Card,Credit Card,Personal,credit,ATM,2315.84,1
51a8ac0c-9430-11ea-9dcc-b88a60e194fb,transactionid:224215,crmid:2875150701,2020-02-26T04:27:37.000Z,transaction - mobile,prd1170,Mortgage Insurance,Insurance,Personal,credit,branch,4378.41,1
51aa9462-9430-11ea-9a1a-b88a60e194fb,transactionid:729571,crmid:1767785832,2020-02-20T03:37:55.000Z,transaction - mobile,prd1024,Mortgage: FHA,Mortgage,Personal,credit,broker,349909.89,1
51ac1b08-9430-11ea-8b2c-b88a60e194fb,transactionid:909583,crmid:7754840605,2020-02-18T04:23:17.000Z,transaction - mobile,prd1180,529 College Savings,College Savings,Personal,credit,mobile,4541.34,1
51ad6702-9430-11ea-8a57-b88a60e194fb,transactionid:464799,crmid:8223277664,2020-02-16T12:53:34.000Z,transaction - mobile,prd1152,Health Savings,Savings,Personal,credit,branch,3688.92,1
51ae9f82-9430-11ea-a55a-b88a60e194fb,transactionid:865257,crmid:9076438981,2020-02-20T15:16:41.000Z,transaction - mobile,prd1009,Everyday Checking,Checking,Personal,credit,call center,486294.89,1
51afc488-9430-11ea-9d54-b88a60e194fb,transactionid:864290,crmid:3380037996,2020-02-19T16:06:56.000Z,transaction - mobile,prd1092,Rewards Card,Credit Card,Personal,credit,call center,1449.64,1
51b14b30-9430-11ea-9e82-b88a60e194fb,transactionid:652457,crmid:5148411291,2020-02-24T18:06:59.000Z,transaction - mobile,prd1098,Platinum Card,Credit Card,Personal,credit,call center,2812.15,1
51b2aaee-9430-11ea-af5e-b88a60e194fb,transactionid:167254,crmid:8281661504,2020-02-29T06:16:27.000Z,transaction - mobile,prd1010,529 College Savings,College Savings,Personal,credit,ATM,2196.25,1
51b45868-9430-11ea-8837-b88a60e194fb,transactionid:843387,crmid:5713859069,2020-02-25T10:51:53.000Z,transaction - mobile,prd1129,Mortgage: 10/1 ARM,Mortgage,Personal,credit,mobile,2582.76,1
51b5ce14-9430-11ea-b4a1-b88a60e194fb,transactionid:739669,crmid:1285672890,2020-02-22T20:40:47.000Z,transaction - mobile,prd1023,Health Savings,Savings,Personal,close,broker,2690.98,1
51b77a4a-9430-11ea-9772-b88a60e194fb,transactionid:808257,crmid:2091190657,2020-02-15T16:17:58.000Z,transaction - mobile,prd1136,Student Savings,Savings,Personal,credit,mobile,3367.37,1
51b94e06-9430-11ea-a97f-b88a60e194fb,transactionid:686655,crmid:5264469773,2020-02-29T17:16:28.000Z,transaction - mobile,prd1131,Employee Stock Purchase Plans,Investment,Personal,credit,mobile,3083.96,1
51baad7a-9430-11ea-a0f5-b88a60e194fb,transactionid:368065,crmid:8229056211,2020-02-22T02:56:24.000Z,transaction - mobile,prd1061,Mortgage: 5/1 ARM,Mortgage,Personal,credit,mobile,3085.16,1
51bc2088-9430-11ea-bcb1-b88a60e194fb,transactionid:654524,crmid:2269197486,2020-02-19T07:53:24.000Z,transaction - mobile,prd1007,Health Savings,Savings,Personal,close,call center,2877.47,1
51bd59f8-9430-11ea-aaae-b88a60e194fb,transactionid:742013,crmid:7608296223,2020-02-29T15:47:07.000Z,transaction - mobile,prd1073,Business Brokerage Account,Investment,Business,credit,broker,2799.01,1
51becc00-9430-11ea-93cb-b88a60e194fb,transactionid:141492,crmid:2004994318,2020-02-26T16:39:40.000Z,transaction - mobile,prd1172,Employee Stock Purchase Plans,Investment,Personal,close,call center,3552.85,1
51c08e26-9430-11ea-98dd-b88a60e194fb,transactionid:891902,crmid:5530505392,2020-02-15T16:06:28.000Z,transaction - mobile,prd1163,Rewards Savings,Savings,Personal,credit,mobile,2740.3,1
51c24e9c-9430-11ea-b2e1-b88a60e194fb,transactionid:972691,crmid:1745165284,2020-02-17T03:48:50.000Z,transaction - mobile,prd1126,Merchant Services Account,Merchant Services,Business,credit,mobile,2923.96,1
51c48500-9430-11ea-9c72-b88a60e194fb,transactionid:385037,crmid:7594508321,2020-02-27T15:37:07.000Z,transaction - mobile,prd1144,Home Equity Loan,Mortgage,Personal,debt,call center,3311.89,1
51c6a7ba-9430-11ea-9a7c-b88a60e194fb,transactionid:642446,crmid:8706583577,2020-02-16T09:26:20.000Z,transaction - mobile,prd1161,Business Checking,Checking,Business,credit,call center,1812.1,1
51c81ae2-9430-11ea-b0c8-b88a60e194fb,transactionid:156198,crmid:6569681978,2020-02-21T20:42:18.000Z,transaction - mobile,prd1116,Everyday Checking,Checking,Personal,debt,branch,3153.67,1
51c9ef9a-9430-11ea-94a2-b88a60e194fb,transactionid:906298,crmid:7400654521,2020-02-23T07:55:57.000Z,transaction - mobile,prd1051,Personal Loan,Loan,Personal,credit,ATM,2609.98,1
51cbff0c-9430-11ea-bee9-b88a60e194fb,transactionid:939069,crmid:7860364472,2020-02-23T03:38:00.000Z,transaction - mobile,prd1178,Everyday Savings,Savings,Personal,credit,mobile,2629.18,1
51cdacb8-9430-11ea-8859-b88a60e194fb,transactionid:945193,crmid:8960180763,2020-02-16T17:34:03.000Z,transaction - mobile,prd1003,Premium Checking,Checking,Personal,credit,call center,2622.23,1
51cf3340-9430-11ea-92ae-b88a60e194fb,transactionid:656218,crmid:1382257745,2020-02-16T00:19:01.000Z,transaction - mobile,prd1042,Roth IRA,Retirement,Personal,debt,call center,3043.26,1
51d0a652-9430-11ea-9c74-b88a60e194fb,transactionid:717349,crmid:5739902710,2020-02-21T22:25:55.000Z,transaction - mobile,prd1075,Student Savings,Savings,Personal,credit,call center,3931.76,1
51d1ded2-9430-11ea-b8d8-b88a60e194fb,transactionid:391740,crmid:4799425939,2020-02-16T21:46:30.000Z,transaction - mobile,prd1037,Home Equity Loan,Mortgage,Personal,credit,ATM,2329.25,1
51d3b39a-9430-11ea-ada9-b88a60e194fb,transactionid:342165,crmid:9613118238,2020-02-29T22:49:43.000Z,transaction - mobile,prd1133,High Interest Savings,Savings,Personal,credit,call center,2937.73,1
51d526ac-9430-11ea-b97b-b88a60e194fb,transactionid:570597,crmid:8255244572,2020-02-15T01:49:16.000Z,transaction - mobile,prd1046,Mortgage: VA,Mortgage,Personal,credit,call center,358454.56,1
51d69a18-9430-11ea-9397-b88a60e194fb,transactionid:739826,crmid:9269092631,2020-02-15T22:15:10.000Z,transaction - mobile,prd1158,Preferred Checking,Checking,Personal,close,call center,4030.45,1
51d84768-9430-11ea-967a-b88a60e194fb,transactionid:700962,crmid:5722587062,2020-02-28T09:06:12.000Z,transaction - mobile,prd1080,Mortgage Insurance,Insurance,Personal,credit,mobile,3782.07,1
51d958ec-9430-11ea-ac33-b88a60e194fb,transactionid:197802,crmid:5233860376,2020-02-17T00:29:36.000Z,transaction - mobile,prd1141,Premium Checking,Checking,Personal,credit,call center,2994.16,1
51db2dac-9430-11ea-b90f-b88a60e194fb,transactionid:155009,crmid:8126235234,2020-02-17T16:07:43.000Z,transaction - mobile,prd1005,Everyday Savings,Savings,Personal,credit,mobile,2449.79,1
51dc79ac-9430-11ea-9987-b88a60e194fb,transactionid:449244,crmid:4755313679,2020-02-28T08:10:05.000Z,transaction - mobile,prd1100,Personal Loan,Loan,Personal,credit,call center,2603.95,1
51ddc77e-9430-11ea-b6f9-b88a60e194fb,transactionid:167135,crmid:8492264254,2020-02-23T13:54:43.000Z,transaction - mobile,prd1038,Dividend Card,Credit Card,Personal,credit,ATM,341139.12,1
51df4c92-9430-11ea-85f8-b88a60e194fb,transactionid:569845,crmid:9533077664,2020-02-22T17:19:27.000Z,transaction - mobile,prd1169,Business Loan,Loan,Personal,credit,branch,3666.48,1
51e0d322-9430-11ea-978f-b88a60e194fb,transactionid:619831,crmid:8708285698,2020-02-16T22:45:39.000Z,transaction - mobile,prd1116,Everyday Checking,Checking,Personal,credit,branch,2972.36,1
51e2f5d8-9430-11ea-a41e-b88a60e194fb,transactionid:718408,crmid:4387422880,2020-02-24T06:58:43.000Z,transaction - mobile,prd1191,Merchant Services Account,Merchant Services,Business,credit,mobile,3052.29,1
51e4f1c8-9430-11ea-980c-b88a60e194fb,transactionid:217940,crmid:4573694416,2020-02-23T04:38:03.000Z,transaction - mobile,prd1087,Overseas Equity Fund,Investment,Personal,credit,branch,2446.33,1
51e762b4-9430-11ea-b22a-b88a60e194fb,transactionid:658942,crmid:3550242124,2020-02-21T21:15:00.000Z,transaction - mobile,prd1194,Preferred Checking,Checking,Personal,credit,mobile,1859.0,1
51e937a6-9430-11ea-8e59-b88a60e194fb,transactionid:260912,crmid:9280128880,2020-02-22T03:44:03.000Z,transaction - mobile,prd1146,529 College Savings,College Savings,Personal,credit,mobile,425011.67,1
51eaf89c-9430-11ea-9af1-b88a60e194fb,transactionid:944824,crmid:3090201048,2020-02-23T23:04:29.000Z,transaction - mobile,prd1194,Preferred Checking,Checking,Personal,credit,ATM,2163.01,1
51eca646-9430-11ea-8f60-b88a60e194fb,transactionid:475604,crmid:8945443489,2020-02-27T17:41:22.000Z,transaction - mobile,prd1027,Mortgage: 30-yr Fixed,Mortgage,Personal,credit,call center,3146.31,1
51f126a6-9430-11ea-8211-b88a60e194fb,transactionid:854193,crmid:1100250416,2020-02-22T17:08:06.000Z,transaction - mobile,prd1165,Roth IRA,Retirement,Personal,debt,broker,2436.78,1
51f299ba-9430-11ea-b600-b88a60e194fb,transactionid:548724,crmid:1025768040,2020-02-26T09:56:37.000Z,transaction - mobile,prd1116,Everyday Checking,Checking,Personal,credit,ATM,1699.56,1
51f4bc92-9430-11ea-8224-b88a60e194fb,transactionid:886210,crmid:4838356233,2020-02-15T13:54:47.000Z,transaction - mobile,prd1053,Mortgage: VA,Mortgage,Personal,debt,mobile,2655.64,1
51f6a4e8-9430-11ea-a37c-b88a60e194fb,transactionid:592362,crmid:7698072930,2020-02-26T21:19:53.000Z,transaction - mobile,prd1068,Mortgage: 7/1 ARM,Mortgage,Personal,debt,call center,3341.36,1
51f83f26-9430-11ea-acc2-b88a60e194fb,transactionid:630192,crmid:7020563337,2020-02-27T16:14:05.000Z,transaction - mobile,prd1164,Student Card,Credit Card,Personal,debt,mobile,2794.81,1
51f9c5a4-9430-11ea-b6d4-b88a60e194fb,transactionid:801286,crmid:2043164680,2020-02-19T14:09:35.000Z,transaction - mobile,prd1037,Home Equity Loan,Mortgage,Personal,credit,ATM,2760.37,1
51fbadf4-9430-11ea-b90a-b88a60e194fb,transactionid:739001,crmid:8382329885,2020-02-18T07:10:03.000Z,transaction - mobile,prd1126,Merchant Services Account,Merchant Services,Business,credit,call center,2046.76,1
51fd2100-9430-11ea-8935-b88a60e194fb,transactionid:880275,crmid:9410270421,2020-02-29T09:51:15.000Z,transaction - mobile,prd1090,Business Checking,Checking,Business,credit,broker,1884.16,1
51feceba-9430-11ea-b6c8-b88a60e194fb,transactionid:983716,crmid:3928124433,2020-02-27T23:36:15.000Z,transaction - mobile,prd1162,High Interest Savings,Savings,Personal,credit,call center,3162.39,1
520068d4-9430-11ea-95b9-b88a60e194fb,transactionid:350315,crmid:7603400021,2020-02-19T16:00:28.000Z,transaction - mobile,prd1132,Rewards Savings,Savings,Personal,credit,call center,3767.0,1
52021686-9430-11ea-a942-b88a60e194fb,transactionid:843914,crmid:5340362243,2020-02-28T01:27:10.000Z,transaction - mobile,prd1109,Dividend Card,Credit Card,Personal,credit,mobile,2217.46,1
52039d24-9430-11ea-a360-b88a60e194fb,transactionid:164168,crmid:3389649293,2020-02-17T12:01:21.000Z,transaction - mobile,prd1192,Money Market Savings,Savings,Personal,credit,mobile,2824.34,1
5204c212-9430-11ea-a7d5-b88a60e194fb,transactionid:135605,crmid:6476187272,2020-02-18T22:31:16.000Z,transaction - mobile,prd1196,Dividend Card,Credit Card,Personal,credit,broker,2826.25,1
5206353e-9430-11ea-9375-b88a60e194fb,transactionid:492431,crmid:4054549916,2020-02-22T04:07:10.000Z,transaction - mobile,prd1061,Mortgage: 5/1 ARM,Mortgage,Personal,credit,mobile,3835.64,1
520794e2-9430-11ea-b3f6-b88a60e194fb,transactionid:530129,crmid:4194020297,2020-02-17T14:36:25.000Z,transaction - mobile,prd1133,High Interest Savings,Savings,Personal,credit,mobile,3052.59,1
520bee28-9430-11ea-b7c5-b88a60e194fb,transactionid:377928,crmid:1666213481,2020-02-16T10:18:37.000Z,transaction - mobile,prd1070,High Interest Savings,Savings,Personal,debt,call center,2331.64,1
520ead36-9430-11ea-a868-b88a60e194fb,transactionid:325610,crmid:4213798481,2020-02-24T02:59:44.000Z,transaction - mobile,prd1189,Overseas Equity Fund,Investment,Personal,debt,mobile,3845.44,1
5210e430-9430-11ea-bc47-b88a60e194fb,transactionid:294992,crmid:4493495553,2020-02-26T21:21:46.000Z,transaction - mobile,prd1182,Brokerage Account,Investment,Personal,credit,ATM,1932.16,1
5212b848-9430-11ea-8e5d-b88a60e194fb,transactionid:797003,crmid:1185815518,2020-02-24T22:59:25.000Z,transaction - mobile,prd1023,Health Savings,Savings,Personal,close,broker,1769.82,1
5214184a-9430-11ea-b354-b88a60e194fb,transactionid:981063,crmid:7817924369,2020-02-28T13:41:03.000Z,transaction - mobile,prd1005,Everyday Savings,Savings,Personal,credit,branch,450207.49,1
52158af4-9430-11ea-8a26-b88a60e194fb,transactionid:377779,crmid:8795972213,2020-02-21T18:54:40.000Z,transaction - mobile,prd1192,Money Market Savings,Savings,Personal,credit,broker,307309.63,1
5217251c-9430-11ea-8524-b88a60e194fb,transactionid:346890,crmid:7271584229,2020-02-20T02:43:32.000Z,transaction - mobile,prd1129,Mortgage: 10/1 ARM,Mortgage,Personal,credit,call center,3651.69,1
5218712e-9430-11ea-9677-b88a60e194fb,transactionid:337061,crmid:1733411514,2020-02-19T08:35:33.000Z,transaction - mobile,prd1002,Platinum Card,Credit Card,Personal,credit,broker,2106.75,1
5219d0d2-9430-11ea-98b4-b88a60e194fb,transactionid:708940,crmid:6253269360,2020-02-22T14:29:44.000Z,transaction - mobile,prd1033,Fixed Deposit,Investment,Personal,credit,broker,2794.2,1
521b305a-9430-11ea-a00b-b88a60e194fb,transactionid:155245,crmid:4632805106,2020-02-17T09:46:13.000Z,transaction - mobile,prd1065,High Interest Savings,Savings,Personal,credit,call center,1464.81,1
521cb6ee-9430-11ea-b17e-b88a60e194fb,transactionid:588237,crmid:6396362858,2020-02-24T03:48:05.000Z,transaction - mobile,prd1070,High Interest Savings,Savings,Personal,close,branch,293728.8,1
521e7834-9430-11ea-b676-b88a60e194fb,transactionid:414501,crmid:1033364779,2020-02-27T17:13:30.000Z,transaction - mobile,prd1010,529 College Savings,College Savings,Personal,credit,broker,2388.81,1
521ffeba-9430-11ea-9882-b88a60e194fb,transactionid:294279,crmid:7128809202,2020-02-20T06:46:35.000Z,transaction - mobile,prd1036,Simplicity Card,Credit Card,Personal,close,call center,2848.91,1
522171cc-9430-11ea-8823-b88a60e194fb,transactionid:391395,crmid:4750598391,2020-02-15T14:55:38.000Z,transaction - mobile,prd1065,High Interest Savings,Savings,Personal,close,call center,1846.69,1
5222d17e-9430-11ea-b709-b88a60e194fb,transactionid:254810,crmid:7229786771,2020-02-22T02:31:04.000Z,transaction - mobile,prd1096,Renter's Insurance,Insurance,Personal,credit,call center,3965.24,1
522409de-9430-11ea-9235-b88a60e194fb,transactionid:296660,crmid:7716799785,2020-02-24T02:33:50.000Z,transaction - mobile,prd1122,Merchant Services Account,Merchant Services,Business,credit,mobile,2488.26,1
52257cf6-9430-11ea-931b-b88a60e194fb,transactionid:747849,crmid:4264295258,2020-02-21T22:30:35.000Z,transaction - mobile,prd1095,529 College Savings,College Savings,Personal,credit,mobile,2701.6,1
52273e42-9430-11ea-b792-b88a60e194fb,transactionid:361459,crmid:5826423654,2020-02-18T03:32:48.000Z,transaction - mobile,prd1057,Student Card,Credit Card,Personal,debt,call center,3501.6,1
5228b15c-9430-11ea-93c8-b88a60e194fb,transactionid:326453,crmid:7125633494,2020-02-28T11:12:04.000Z,transaction - mobile,prd1147,Business Savings,Savings,Business,close,call center,395580.76,1
5229e9c8-9430-11ea-8fbd-b88a60e194fb,transactionid:161293,crmid:7744582927,2020-02-15T01:19:45.000Z,transaction - mobile,prd1108,401k,Retirement,Personal,credit,mobile,2780.09,1
522b7080-9430-11ea-851a-b88a60e194fb,transactionid:407558,crmid:8156897457,2020-02-29T09:15:22.000Z,transaction - mobile,prd1010,529 College Savings,College Savings,Personal,credit,call center,394554.35,1
522ce37a-9430-11ea-9eb7-b88a60e194fb,transactionid:989411,crmid:3069617901,2020-02-24T15:49:41.000Z,transaction - mobile,prd1101,Mortgage: 5/1 ARM,Mortgage,Personal,credit,call center,4667.29,1
522e56a2-9430-11ea-8a81-b88a60e194fb,transactionid:107975,crmid:5936632377,2020-02-28T17:22:51.000Z,transaction - mobile,prd1149,Auto Loan,Loan,Personal,debt,call center,4467.25,1
522fb634-9430-11ea-bcc1-b88a60e194fb,transactionid:238617,crmid:3125594229,2020-02-25T17:43:32.000Z,transaction - mobile,prd1185,Mortgage: FHA,Mortgage,Personal,credit,mobile,2606.03,1
52318af6-9430-11ea-a615-b88a60e194fb,transactionid:681402,crmid:9699415008,2020-02-24T07:19:59.000Z,transaction - mobile,prd1130,Money Market Savings,Savings,Personal,debt,mobile,408974.72,1
523386ca-9430-11ea-80ee-b88a60e194fb,transactionid:897734,crmid:1852842513,2020-02-23T17:51:00.000Z,transaction - mobile,prd1009,Everyday Checking,Checking,Personal,credit,call center,2914.23,1
52350d54-9430-11ea-91b2-b88a60e194fb,transactionid:714598,crmid:3642580018,2020-02-25T07:47:51.000Z,transaction - mobile,prd1060,Traditional IRA,Retirement,Personal,credit,branch,3441.04,1
5236ce82-9430-11ea-aef7-b88a60e194fb,transactionid:385010,crmid:3816105873,2020-02-16T16:18:40.000Z,transaction - mobile,prd1147,Business Savings,Savings,Business,credit,mobile,3473.2,1
52382e28-9430-11ea-8c6d-b88a60e194fb,transactionid:775711,crmid:5074501802,2020-02-18T23:45:59.000Z,transaction - mobile,prd1064,CDs: 3 month,Investment,Personal,credit,mobile,4041.04,1
52397a28-9430-11ea-a63b-b88a60e194fb,transactionid:765538,crmid:7390713988,2020-02-25T02:12:25.000Z,transaction - mobile,prd1038,Dividend Card,Credit Card,Personal,credit,ATM,2084.65,1
523aed52-9430-11ea-92db-b88a60e194fb,transactionid:362282,crmid:8098604921,2020-02-19T02:27:04.000Z,transaction - mobile,prd1013,Mortgage: FHA,Mortgage,Personal,credit,ATM,450989.41,1
523c4cca-9430-11ea-a233-b88a60e194fb,transactionid:667474,crmid:5283538049,2020-02-29T08:22:23.000Z,transaction - mobile,prd1102,Everyday Savings,Savings,Personal,credit,call center,2751.19,1
523dd374-9430-11ea-8a2f-b88a60e194fb,transactionid:527282,crmid:1798440371,2020-02-28T05:54:42.000Z,transaction - mobile,prd1021,CDs: 5 year,Investment,Personal,credit,call center,3705.95,1
523f1f6e-9430-11ea-a79e-b88a60e194fb,transactionid:944205,crmid:5542245618,2020-02-28T07:33:59.000Z,transaction - mobile,prd1090,Business Checking,Checking,Business,credit,call center,2387.78,1
52408036-9430-11ea-bf92-b88a60e194fb,transactionid:649287,crmid:6823136704,2020-02-18T07:28:41.000Z,transaction - mobile,prd1134,Student Loan,Loan,Personal,credit,ATM,2967.13,1
5241dea8-9430-11ea-929f-b88a60e194fb,transactionid:939809,crmid:4447738782,2020-02-16T17:47:01.000Z,transaction - mobile,prd1090,Business Checking,Checking,Business,credit,mobile,385846.48,1
5243653a-9430-11ea-ba98-b88a60e194fb,transactionid:214990,crmid:4448531499,2020-02-20T23:46:31.000Z,transaction - mobile,prd1037,Home Equity Loan,Mortgage,Personal,credit,call center,4535.39,1
5244d86e-9430-11ea-a838-b88a60e194fb,transactionid:859574,crmid:4175028521,2020-02-24T04:01:58.000Z,transaction - mobile,prd1187,Business Savings,Savings,Business,credit,mobile,3116.97,1
524685fe-9430-11ea-8761-b88a60e194fb,transactionid:408118,crmid:1957596122,2020-02-23T02:27:35.000Z,transaction - mobile,prd1125,Mortgage: FHA,Mortgage,Personal,close,mobile,3176.19,1
5247e700-9430-11ea-b35f-b88a60e194fb,transactionid:681161,crmid:6102589855,2020-02-28T17:20:24.000Z,transaction - mobile,prd1101,Mortgage: 5/1 ARM,Mortgage,Personal,credit,mobile,2778.1,1
52490bf4-9430-11ea-8fd5-b88a60e194fb,transactionid:764257,crmid:2683713390,2020-02-25T12:40:35.000Z,transaction - mobile,prd1182,Brokerage Account,Investment,Personal,credit,broker,3102.89,1
524a7f22-9430-11ea-9466-b88a60e194fb,transactionid:192977,crmid:9375173698,2020-02-19T04:44:30.000Z,transaction - mobile,prd1169,Business Loan,Loan,Personal,debt,call center,2510.51,1
524bcb14-9430-11ea-8b76-b88a60e194fb,transactionid:984534,crmid:8676893213,2020-02-25T10:34:38.000Z,transaction - mobile,prd1017,Merchant Services Account,Merchant Services,Business,credit,broker,2694.08,1
524d15a8-9430-11ea-b0a9-b88a60e194fb,transactionid:871036,crmid:3713183861,2020-02-23T03:21:36.000Z,transaction - mobile,prd1044,Rewards Card,Credit Card,Personal,debt,call center,2729.38,1
524e6298-9430-11ea-9837-b88a60e194fb,transactionid:654231,crmid:7727885062,2020-02-18T07:07:39.000Z,transaction - mobile,prd1143,Travel Card,Credit Card,Personal,credit,call center,412913.42,1
52503698-9430-11ea-957e-b88a60e194fb,transactionid:266070,crmid:5920921029,2020-02-27T22:49:24.000Z,transaction - mobile,prd1102,Everyday Savings,Savings,Personal,credit,ATM,2271.19,1
5251a994-9430-11ea-bcfb-b88a60e194fb,transactionid:393788,crmid:9461855408,2020-02-27T17:02:35.000Z,transaction - mobile,prd1049,Business Brokerage Account,Investment,Business,credit,call center,1812.14,1
525331ae-9430-11ea-a4ee-b88a60e194fb,transactionid:323987,crmid:3786007994,2020-02-17T01:46:04.000Z,transaction - mobile,prd1093,Money Market Savings,Savings,Personal,close,mobile,2843.2,1
5254f182-9430-11ea-9c73-b88a60e194fb,transactionid:840190,crmid:2905297297,2020-02-18T01:38:12.000Z,transaction - mobile,prd1105,Homeowner's Insurance,Insurance,Personal,credit,mobile,3340.33,1
5256511a-9430-11ea-87de-b88a60e194fb,transactionid:132745,crmid:6807068491,2020-02-20T13:32:24.000Z,transaction - mobile,prd1040,High Interest Savings,Savings,Personal,credit,broker,3989.1,1
52578a9e-9430-11ea-a812-b88a60e194fb,transactionid:648957,crmid:3733024883,2020-02-29T10:19:40.000Z,transaction - mobile,prd1039,Dividend Card,Credit Card,Personal,credit,broker,3159.66,1
52591070-9430-11ea-b70f-b88a60e194fb,transactionid:864736,crmid:6048325202,2020-02-26T08:01:38.000Z,transaction - mobile,prd1197,Business Card,Credit Card,Business,credit,call center,597237.95,1
525a8328-9430-11ea-8b62-b88a60e194fb,transactionid:895078,crmid:4041905505,2020-02-20T01:27:45.000Z,transaction - mobile,prd1134,Student Loan,Loan,Personal,credit,call center,2441.66,1
525c7eee-9430-11ea-826c-b88a60e194fb,transactionid:155751,crmid:5036552017,2020-02-19T17:20:44.000Z,transaction - mobile,prd1137,Business Checking,Checking,Business,credit,ATM,244011.76,1
525e6768-9430-11ea-a7f6-b88a60e194fb,transactionid:681055,crmid:6515249753,2020-02-20T19:01:59.000Z,transaction - mobile,prd1164,Student Card,Credit Card,Personal,credit,ATM,2958.81,1
526014f4-9430-11ea-9b35-b88a60e194fb,transactionid:932392,crmid:8085412281,2020-02-28T16:52:32.000Z,transaction - mobile,prd1008,Traditional IRA,Retirement,Personal,credit,ATM,2780.27,1
5261d626-9430-11ea-b115-b88a60e194fb,transactionid:498197,crmid:8712827238,2020-02-19T04:25:23.000Z,transaction - mobile,prd1188,Business Savings,Savings,Business,close,call center,3061.63,1
52635cc0-9430-11ea-bb7e-b88a60e194fb,transactionid:366162,crmid:6909873133,2020-02-26T04:49:18.000Z,transaction - mobile,prd1005,Everyday Savings,Savings,Personal,credit,call center,3729.96,1
5264bc5e-9430-11ea-bd9b-b88a60e194fb,transactionid:289061,crmid:8212945325,2020-02-24T22:04:47.000Z,transaction - mobile,prd1124,CDs: 5 year,Investment,Personal,credit,branch,3087.33,1
5266cbb6-9430-11ea-a73a-b88a60e194fb,transactionid:699354,crmid:3138353854,2020-02-26T11:21:41.000Z,transaction - mobile,prd1166,Business Checking,Checking,Business,credit,call center,3331.62,1
52683ed2-9430-11ea-ae58-b88a60e194fb,transactionid:948945,crmid:8909299126,2020-02-15T07:50:05.000Z,transaction - mobile,prd1094,Preferred Checking,Checking,Personal,credit,mobile,3327.11,1
52698aca-9430-11ea-81ad-b88a60e194fb,transactionid:248149,crmid:6085220725,2020-02-18T05:57:39.000Z,transaction - mobile,prd1130,Money Market Savings,Savings,Personal,credit,mobile,1787.53,1
526b388c-9430-11ea-942a-b88a60e194fb,transactionid:959375,crmid:3182215341,2020-02-24T14:48:18.000Z,transaction - mobile,prd1067,Everyday Checking,Checking,Personal,credit,branch,3115.13,1
526d20da-9430-11ea-a2fe-b88a60e194fb,transactionid:952386,crmid:8966093483,2020-02-26T18:22:06.000Z,transaction - mobile,prd1052,Preferred Checking,Checking,Personal,credit,call center,2914.25,1
526ef588-9430-11ea-b614-b88a60e194fb,transactionid:818315,crmid:1440488388,2020-02-26T01:54:24.000Z,transaction - mobile,prd1094,Preferred Checking,Checking,Personal,credit,mobile,2856.06,1
5270f1ee-9430-11ea-8a62-b88a60e194fb,transactionid:618697,crmid:1368834606,2020-02-23T15:37:09.000Z,transaction - mobile,prd1049,Business Brokerage Account,Investment,Business,credit,call center,2409.52,1
52729f4c-9430-11ea-b15c-b88a60e194fb,transactionid:967491,crmid:5711009052,2020-02-25T14:46:32.000Z,transaction - mobile,prd1109,Dividend Card,Credit Card,Personal,close,call center,2373.32,1
527425a2-9430-11ea-aa55-b88a60e194fb,transactionid:237270,crmid:6063198564,2020-02-15T04:12:05.000Z,transaction - mobile,prd1190,Premium Checking,Checking,Personal,credit,call center,359368.05,1
5275ac48-9430-11ea-bbc7-b88a60e194fb,transactionid:346665,crmid:2642546329,2020-02-15T19:49:41.000Z,transaction - mobile,prd1163,Rewards Savings,Savings,Personal,close,call center,4407.85,1
527794b6-9430-11ea-8ad5-b88a60e194fb,transactionid:260743,crmid:5472927813,2020-02-29T05:47:21.000Z,transaction - mobile,prd1048,Business Loan,Loan,Business,credit,ATM,2409.34,1
52792ecc-9430-11ea-9182-b88a60e194fb,transactionid:854398,crmid:8670776931,2020-02-22T17:40:10.000Z,transaction - mobile,prd1109,Dividend Card,Credit Card,Personal,credit,call center,3421.74,1
