id,reservationid,orderid,crmid,timestamp,orderType,productsku,hotelCheckInUnix,hotelCheckOutUnix,hotelCheckInTS,hotelCheckOutTS,hotelName,hotelChain,hotelLocation,hotelRoomType,hotelRoomCount,hotelGuestAdultCount,hotelGuestChildCount,hotelNightCount,hotelRoomPrice,hotelFinalPrice
orderid:335420,OPA-HBZD,orderid:335420,crmid:5572351588,2019-12-05T17:14:35.000Z,call center,prd1128,1577985275,1578417275,2020-01-02T17:14:35+00:00,2020-01-07T17:14:35+00:00,Repose Resort: Rotterdam,Repose Resort,Rotterdam,ultra-luxury,1,1,0,5,258.84,1294.2
orderid:660838,SD5-QIPS,orderid:660838,crmid:1215721042,2020-02-03T00:33:27.000Z,call center,prd1103,1582245207,1582763607,2020-02-21T00:33:27+00:00,2020-02-27T00:33:27+00:00,Nesting Box Inn: Hamburg,Nesting Box Inn,Hamburg,standard,1,1,0,6,135.01,810.06
orderid:119830,LKC-6O2F,orderid:119830,crmid:9682055969,2019-12-31T06:12:38.000Z,call center,prd1012,1578031958,1578118358,2020-01-03T06:12:38+00:00,2020-01-04T06:12:38+00:00,Sandhill: San Jose,Sandhill,San Jose,standard,1,1,0,1,101.6,101.6
orderid:783426,E2Y-UI4N,orderid:783426,crmid:4228790216,2019-12-26T11:32:03.000Z,call center,prd1112,1578915123,1579087923,2020-01-13T11:32:03+00:00,2020-01-15T11:32:03+00:00,Aspen Heights: Birmingham,Aspen Heights,Birmingham,standard,1,1,2,2,133.48,266.96
orderid:566702,E5O-SS2P,orderid:566702,crmid:6326239081,2020-01-31T12:23:22.000Z,call center,prd1112,1582633402,1582979002,2020-02-25T12:23:22+00:00,2020-02-29T12:23:22+00:00,Aspen Heights: Birmingham,Aspen Heights,Birmingham,standard,1,1,0,4,168.03,672.12
orderid:950303,YJ8-NR83,orderid:950303,crmid:2467763087,2019-12-28T13:26:12.000Z,website,prd1033,1579958772,1580563572,2020-01-25T13:26:12+00:00,2020-02-01T13:26:12+00:00,Admiralty Plaza: Milwaukee,Admiralty Plaza,Milwaukee,standard,1,1,0,7,144.6,1012.2
orderid:620168,CAB-SGLF,orderid:620168,crmid:6306767177,2019-12-07T03:57:55.000Z,kiosk,prd1019,1577678275,1578283075,2019-12-30T03:57:55+00:00,2020-01-06T03:57:55+00:00,Nesting Box Inn: Charlotte,Nesting Box Inn,Charlotte,ultra-luxury,1,1,0,7,341.14,2387.98
orderid:389945,KAQ-NJ78,orderid:389945,crmid:8207219255,2019-12-31T09:02:47.000Z,kiosk,prd1100,1577869367,1578128567,2020-01-01T09:02:47+00:00,2020-01-04T09:02:47+00:00,Aspen Heights: Misk,Aspen Heights,Misk,standard,1,1,0,3,133.48,400.44
orderid:161642,UEE-0J47,orderid:161642,crmid:2455158176,2020-02-12T03:07:35.000Z,website,prd1153,1583377655,1583723255,2020-03-05T03:07:35+00:00,2020-03-09T03:07:35+00:00,Admiralty Plaza: Charlotte,Admiralty Plaza,Charlotte,luxury,1,1,0,4,219.42,877.68
orderid:297720,6HS-YIJF,orderid:297720,crmid:2441964376,2019-12-19T06:50:56.000Z,kiosk,prd1182,1576824656,1576997456,2019-12-20T06:50:56+00:00,2019-12-22T06:50:56+00:00,Restful Nights: Minneapolis,Restful Nights,Minneapolis,standard,1,1,0,2,157.93,315.86
orderid:267081,OWH-PUMP,orderid:267081,crmid:7487367622,2020-02-07T15:08:17.000Z,kiosk,prd1053,1581260897,1582643297,2020-02-09T15:08:17+00:00,2020-02-25T15:08:17+00:00,Sapphire Suites: Cleveland,Sapphire Suites,Cleveland,standard,1,1,0,16,157.32,2517.12
orderid:470230,P8Y-IOGE,orderid:470230,crmid:4107875818,2019-12-24T20:17:25.000Z,mobile,prd1153,1578946645,1579551445,2020-01-13T20:17:25+00:00,2020-01-20T20:17:25+00:00,Admiralty Plaza: Charlotte,Admiralty Plaza,Charlotte,standard,1,1,0,7,174.07,1218.49
orderid:982943,1AA-MSSV,orderid:982943,crmid:3637900918,2019-12-26T11:32:29.000Z,mobile,prd1100,1577446349,1577791949,2019-12-27T11:32:29+00:00,2019-12-31T11:32:29+00:00,Aspen Heights: Misk,Aspen Heights,Misk,standard,1,1,0,4,128.72,514.88
orderid:930016,1OS-ZMRJ,orderid:930016,crmid:3637900918,2020-01-01T00:00:00.000Z,kiosk,prd1161,1577923200,1578182400,2020-01-02T00:00:00+00:00,2020-01-05T00:00:00+00:00,Sapphire Suites: Memphis,Sapphire Suites,Memphis,premium,1,1,0,3,233.73,701.19
orderid:931154,CLC-MSMO,orderid:931154,crmid:3923833645,2020-02-14T22:53:30.000Z,mobile,prd1136,1584140010,1585090410,2020-03-13T22:53:30+00:00,2020-03-24T22:53:30+00:00,Aspen Heights: Osaka,Aspen Heights,Osaka,standard,1,1,0,11,119.16,1310.76
orderid:999584,WBI-QIN2,orderid:999584,crmid:2922868700,2020-02-12T23:45:07.000Z,kiosk,prd1057,1582155907,1582328707,2020-02-19T23:45:07+00:00,2020-02-21T23:45:07+00:00,Admiralty Plaza: Mumbai,Admiralty Plaza,Mumbai,standard,1,1,0,2,126.8,253.6
orderid:625879,EK0-HHZ2,orderid:625879,crmid:3391248641,2020-01-30T01:14:36.000Z,kiosk,prd1001,1582593276,1583889276,2020-02-25T01:14:36+00:00,2020-03-11T01:14:36+00:00,Grandeur Hotels: New York,Grandeur Hotels,New York,standard,1,1,0,15,155.44,2331.6
orderid:477017,WG8-JHOR,orderid:477017,crmid:1150532963,2019-12-28T02:52:58.000Z,call center,prd1071,1577587978,1577674378,2019-12-29T02:52:58+00:00,2019-12-30T02:52:58+00:00,Hospitality Inn: Seoul,Hospitality Inn,Seoul,standard,1,1,0,1,123.98,123.98
orderid:956147,22J-UDXO,orderid:956147,crmid:1627854410,2019-12-23T03:58:59.000Z,kiosk,prd1059,1577159939,1577332739,2019-12-24T03:58:59+00:00,2019-12-26T03:58:59+00:00,Hospitality Inn: Kinshasa,Hospitality Inn,Kinshasa,standard,1,1,0,2,133.01,266.02
orderid:385166,BAT-L2TE,orderid:385166,crmid:6865150133,2019-12-22T11:57:14.000Z,website,prd1106,1579348634,1580990234,2020-01-18T11:57:14+00:00,2020-02-06T11:57:14+00:00,Blue Reef Resort: Munich,Blue Reef Resort,Munich,standard,1,1,0,19,122.82,2333.58
orderid:974579,X5R-NFAX,orderid:974579,crmid:6136496882,2020-01-25T18:19:40.000Z,website,prd1010,1581013180,1581358780,2020-02-06T18:19:40+00:00,2020-02-10T18:19:40+00:00,Blue Reef Resort: San Diego,Blue Reef Resort,San Diego,standard,1,1,0,4,134.96,539.84
orderid:134267,GT9-IEBO,orderid:134267,crmid:8115407626,2020-01-02T16:17:31.000Z,call center,prd1100,1580141851,1581351451,2020-01-27T16:17:31+00:00,2020-02-10T16:17:31+00:00,Aspen Heights: Misk,Aspen Heights,Misk,standard,1,1,0,14,147.79,2069.06
orderid:630718,NYN-DNIV,orderid:630718,crmid:8445087527,2019-12-04T00:34:28.000Z,website,prd1196,1576370068,1576888468,2019-12-15T00:34:28+00:00,2019-12-21T00:34:28+00:00,Aspen Heights: Moscow,Aspen Heights,Moscow,standard,1,1,1,6,100.7,604.2
orderid:595262,P9W-OLAA,orderid:595262,crmid:6535796493,2020-01-28T11:59:51.000Z,kiosk,prd1143,1582199991,1582459191,2020-02-20T11:59:51+00:00,2020-02-23T11:59:51+00:00,Hospitality Inn: San Antonio,Hospitality Inn,San Antonio,standard,1,1,0,3,104.89,314.67
orderid:422626,VKV-F7HZ,orderid:422626,crmid:1179945095,2020-01-25T04:52:22.000Z,mobile,prd1002,1582174342,1582865542,2020-02-20T04:52:22+00:00,2020-02-28T04:52:22+00:00,Restful Nights: Chicago,Restful Nights,Chicago,premium,1,1,2,8,165.52,1324.16
orderid:891923,YM0-JEKB,orderid:891923,crmid:5702048018,2020-01-27T05:31:01.000Z,website,prd1155,1582003861,1582781461,2020-02-18T05:31:01+00:00,2020-02-27T05:31:01+00:00,Hospitality Inn: Denver,Hospitality Inn,Denver,premium,1,1,4,9,155.21,1396.89
orderid:724944,6I1-UKNM,orderid:724944,crmid:5822115930,2020-01-24T23:41:58.000Z,call center,prd1083,1582069318,1582328518,2020-02-18T23:41:58+00:00,2020-02-21T23:41:58+00:00,Hospitality Inn: Bangkok,Hospitality Inn,Bangkok,standard,1,1,0,3,91.7,275.1
orderid:773511,5P5-6NZ8,orderid:773511,crmid:9027199999,2020-02-14T22:49:12.000Z,call center,prd1059,1583016552,1584053352,2020-02-29T22:49:12+00:00,2020-03-12T22:49:12+00:00,Hospitality Inn: Kinshasa,Hospitality Inn,Kinshasa,premium,1,1,0,12,149.18,1790.16
orderid:811995,KPO-GVVL,orderid:811995,crmid:2608653667,2020-02-15T22:04:34.000Z,kiosk,prd1115,1584309874,1584569074,2020-03-15T22:04:34+00:00,2020-03-18T22:04:34+00:00,Nesting Box Inn: Cologne,Nesting Box Inn,Cologne,standard,1,1,1,3,208.43,625.29
orderid:138363,8HI-J4LN,orderid:138363,crmid:3650261551,2019-12-04T17:09:52.000Z,kiosk,prd1173,1575565792,1575652192,2019-12-05T17:09:52+00:00,2019-12-06T17:09:52+00:00,Sapphire Suites: Kansas City,Sapphire Suites,Kansas City,standard,1,1,0,1,185.52,185.52
orderid:340044,YOQ-UQKJ,orderid:340044,crmid:9183772803,2020-01-14T12:43:56.000Z,call center,prd1105,1581425036,1581857036,2020-02-11T12:43:56+00:00,2020-02-16T12:43:56+00:00,Admiralty Plaza: Barcelona,Admiralty Plaza,Barcelona,premium,1,1,0,5,145.36,726.8
orderid:376916,SFQ-SMMK,orderid:376916,crmid:8008837892,2019-12-27T09:40:40.000Z,kiosk,prd1034,1580031640,1580550040,2020-01-26T09:40:40+00:00,2020-02-01T09:40:40+00:00,Blue Reef Resort: Albuquerque,Blue Reef Resort,Albuquerque,premium,1,1,0,6,180.67,1084.02
orderid:499304,VZG-0AQP,orderid:499304,crmid:7061704186,2019-12-11T23:25:22.000Z,call center,prd1143,1576625122,1577143522,2019-12-17T23:25:22+00:00,2019-12-23T23:25:22+00:00,Hospitality Inn: San Antonio,Hospitality Inn,San Antonio,standard,1,1,3,6,113.33,679.98
orderid:377679,9VJ-7FHQ,orderid:377679,crmid:7391067233,2020-01-17T18:23:02.000Z,website,prd1023,1581186182,1581877382,2020-02-08T18:23:02+00:00,2020-02-16T18:23:02+00:00,Hospitality Inn: Boston,Hospitality Inn,Boston,standard,1,1,0,8,137.72,1101.76
orderid:261140,8XB-OO2O,orderid:261140,crmid:5024469280,2019-12-28T07:55:52.000Z,kiosk,prd1071,1579766152,1580975752,2020-01-23T07:55:52+00:00,2020-02-06T07:55:52+00:00,Hospitality Inn: Seoul,Hospitality Inn,Seoul,presidential-suite,1,1,0,14,846.98,11857.72
orderid:702940,HF9-SDAG,orderid:702940,crmid:3776681979,2020-02-08T06:11:51.000Z,kiosk,prd1037,1581315111,1581660711,2020-02-10T06:11:51+00:00,2020-02-14T06:11:51+00:00,Grandeur Hotels: Sacramento,Grandeur Hotels,Sacramento,standard,1,1,0,4,134.15,536.6
orderid:124662,CUQ-BC13,orderid:124662,crmid:6653743679,2019-12-16T08:09:21.000Z,mobile,prd1124,1578816561,1579507761,2020-01-12T08:09:21+00:00,2020-01-20T08:09:21+00:00,Aspen Heights: Leeds,Aspen Heights,Leeds,standard,1,1,1,8,122.47,979.76
orderid:195035,75L-CIUC,orderid:195035,crmid:3555840349,2019-12-11T02:37:22.000Z,kiosk,prd1191,1578019042,1578105442,2020-01-03T02:37:22+00:00,2020-01-04T02:37:22+00:00,Hospitality Inn: Mumbai,Hospitality Inn,Mumbai,standard,1,1,0,1,99.11,99.11
orderid:963905,KGD-DDZQ,orderid:963905,crmid:9694371927,2020-01-28T11:29:11.000Z,kiosk,prd1083,1580556551,1580729351,2020-02-01T11:29:11+00:00,2020-02-03T11:29:11+00:00,Hospitality Inn: Bangkok,Hospitality Inn,Bangkok,standard,1,1,0,2,111.25,222.5
orderid:180705,1FB-DOAW,orderid:180705,crmid:7146432692,2020-02-15T14:07:44.000Z,mobile,prd1146,1583590064,1584540464,2020-03-07T14:07:44+00:00,2020-03-18T14:07:44+00:00,Restful Nights: San Jose,Restful Nights,San Jose,standard,1,1,0,11,168.59,1854.49
orderid:676644,W9Q-MGE9,orderid:676644,crmid:6208449412,2020-02-02T02:30:48.000Z,kiosk,prd1033,1580869848,1581042648,2020-02-05T02:30:48+00:00,2020-02-07T02:30:48+00:00,Admiralty Plaza: Milwaukee,Admiralty Plaza,Milwaukee,premium,1,1,0,2,108.06,216.12
orderid:143351,EK8-FG30,orderid:143351,crmid:5141654664,2020-01-12T20:56:35.000Z,call center,prd1112,1581022595,1582491395,2020-02-06T20:56:35+00:00,2020-02-23T20:56:35+00:00,Aspen Heights: Birmingham,Aspen Heights,Birmingham,premium,1,1,0,17,139.06,2364.02
orderid:342956,O0G-TNSZ,orderid:342956,crmid:6961056393,2019-12-22T11:40:44.000Z,kiosk,prd1181,1577360444,1577619644,2019-12-26T11:40:44+00:00,2019-12-29T11:40:44+00:00,Grandeur Hotels: Oakland,Grandeur Hotels,Oakland,premium,1,1,0,3,141.15,423.45
orderid:640916,EDR-UX5X,orderid:640916,crmid:5748740445,2019-12-15T09:57:16.000Z,mobile,prd1141,1578477436,1579514236,2020-01-08T09:57:16+00:00,2020-01-20T09:57:16+00:00,Admiralty Plaza: Phoenix,Admiralty Plaza,Phoenix,premium,1,1,0,12,88.84,1066.08
orderid:138954,GEF-5EYG,orderid:138954,crmid:2654238595,2020-02-05T04:11:23.000Z,mobile,prd1057,1582517483,1582949483,2020-02-24T04:11:23+00:00,2020-02-29T04:11:23+00:00,Admiralty Plaza: Mumbai,Admiralty Plaza,Mumbai,premium,1,1,3,5,162.27,811.35
orderid:573913,IWO-FTPY,orderid:573913,crmid:5703183812,2020-01-06T10:35:43.000Z,website,prd1169,1580121343,1580726143,2020-01-27T10:35:43+00:00,2020-02-03T10:35:43+00:00,Grandeur Hotels: Tucson,Grandeur Hotels,Tucson,standard,1,1,0,7,120.76,845.32
orderid:704899,WAX-HLDR,orderid:704899,crmid:9440813294,2019-12-14T21:28:34.000Z,website,prd1142,1577914114,1578432514,2020-01-01T21:28:34+00:00,2020-01-07T21:28:34+00:00,Blue Reef Resort: Philadelphia,Blue Reef Resort,Philadelphia,premium,1,1,0,6,134.45,806.7
orderid:786801,QIM-NJPO,orderid:786801,crmid:2589010617,2020-01-29T12:02:30.000Z,call center,prd1045,1580817750,1581249750,2020-02-04T12:02:30+00:00,2020-02-09T12:02:30+00:00,Admiralty Plaza: Miami,Admiralty Plaza,Miami,standard,1,1,3,5,122.74,613.7
orderid:276321,RGW-NSLC,orderid:276321,crmid:4748302808,2020-01-18T04:36:23.000Z,call center,prd1044,1579581383,1579754183,2020-01-21T04:36:23+00:00,2020-01-23T04:36:23+00:00,Repose Resort: Colorado Springs,Repose Resort,Colorado Springs,standard,1,1,0,2,161.24,322.48
orderid:277750,K17-BNTY,orderid:277750,crmid:9613862593,2020-02-03T05:51:39.000Z,kiosk,prd1136,1581659499,1582005099,2020-02-14T05:51:39+00:00,2020-02-18T05:51:39+00:00,Aspen Heights: Osaka,Aspen Heights,Osaka,standard,1,1,0,4,162.13,648.52
orderid:478344,UKB-33WD,orderid:478344,crmid:9298980851,2020-01-14T10:03:36.000Z,mobile,prd1099,1580724216,1581329016,2020-02-03T10:03:36+00:00,2020-02-10T10:03:36+00:00,Family Fun Hotels: Bucharest,Family Fun Hotels,Bucharest,standard,1,1,0,7,125.44,878.08
orderid:247364,CRJ-GX8C,orderid:247364,crmid:3494635941,2019-12-31T21:47:47.000Z,kiosk,prd1009,1579297667,1579643267,2020-01-17T21:47:47+00:00,2020-01-21T21:47:47+00:00,Admiralty Plaza: San Antonio,Admiralty Plaza,San Antonio,premium,1,1,0,4,170.45,681.8
orderid:949269,IJP-VH7S,orderid:949269,crmid:1906693611,2020-02-07T01:17:55.000Z,call center,prd1073,1583284675,1584407875,2020-03-04T01:17:55+00:00,2020-03-17T01:17:55+00:00,Grandeur Hotels: Lima,Grandeur Hotels,Lima,standard,1,1,0,13,131.79,1713.27
orderid:782318,WWR-3LPX,orderid:782318,crmid:1245816891,2019-12-13T09:43:40.000Z,kiosk,prd1107,1576316620,1576662220,2019-12-14T09:43:40+00:00,2019-12-18T09:43:40+00:00,Hospitality Inn: Kharkiv,Hospitality Inn,Kharkiv,standard,1,1,0,4,175.78,703.12
orderid:492503,HPT-V7AR,orderid:492503,crmid:6908192078,2020-01-16T08:51:04.000Z,website,prd1075,1579251064,1579423864,2020-01-17T08:51:04+00:00,2020-01-19T08:51:04+00:00,Family Fun Hotels: Bangalore,Family Fun Hotels,Bangalore,standard,1,1,0,2,125.04,250.08
orderid:794790,9D8-VTF0,orderid:794790,crmid:3553420315,2019-12-21T02:49:47.000Z,website,prd1081,1578970187,1579834187,2020-01-14T02:49:47+00:00,2020-01-24T02:49:47+00:00,Admiralty Plaza: Rod de Janeiro,Admiralty Plaza,Rod de Janeiro,luxury,1,1,2,10,347.19,3471.9
orderid:777416,C9M-LXHG,orderid:777416,crmid:2661208988,2020-02-06T09:57:43.000Z,website,prd1007,1583229463,1584698263,2020-03-03T09:57:43+00:00,2020-03-20T09:57:43+00:00,Nesting Box Inn: Phoenix,Nesting Box Inn,Phoenix,premium,1,1,0,17,168.08,2857.36
orderid:136671,LZU-D88L,orderid:136671,crmid:3706573371,2020-01-18T17:17:25.000Z,website,prd1087,1581614245,1582305445,2020-02-13T17:17:25+00:00,2020-02-21T17:17:25+00:00,Family Fun Hotels: Kolkata,Family Fun Hotels,Kolkata,standard,1,1,0,8,104.14,833.12
orderid:587542,PAJ-ACYI,orderid:587542,crmid:2474015417,2019-12-28T17:48:02.000Z,website,prd1005,1577728082,1577900882,2019-12-30T17:48:02+00:00,2020-01-01T17:48:02+00:00,Sapphire Suites: Los Angeles,Sapphire Suites,Los Angeles,standard,1,1,0,2,102.93,205.86
orderid:880230,OQU-U1TL,orderid:880230,crmid:2474015417,2020-01-03T00:00:00.000Z,kiosk,prd1034,1578096000,1578441600,2020-01-04T00:00:00+00:00,2020-01-08T00:00:00+00:00,Blue Reef Resort: Albuquerque,Blue Reef Resort,Albuquerque,premium,1,1,0,4,159.21,636.84
orderid:567243,UPN-QYJD,orderid:567243,crmid:3908070381,2020-02-07T21:30:11.000Z,kiosk,prd1173,1583443811,1583875811,2020-03-05T21:30:11+00:00,2020-03-10T21:30:11+00:00,Sapphire Suites: Kansas City,Sapphire Suites,Kansas City,standard,1,1,0,5,125.8,629.0
orderid:585773,7CZ-BISF,orderid:585773,crmid:5483786440,2020-01-14T03:43:44.000Z,call center,prd1081,1579146224,1579405424,2020-01-16T03:43:44+00:00,2020-01-19T03:43:44+00:00,Admiralty Plaza: Rod de Janeiro,Admiralty Plaza,Rod de Janeiro,premium,1,1,0,3,138.54,415.62
orderid:916870,8E4-DHNW,orderid:916870,crmid:8906715618,2019-12-31T20:27:26.000Z,kiosk,prd1149,1579897646,1580502446,2020-01-24T20:27:26+00:00,2020-01-31T20:27:26+00:00,Sapphire Suites: San Francisco,Sapphire Suites,San Francisco,standard,1,1,0,7,119.02,833.14
orderid:865125,OQC-OQ0M,orderid:865125,crmid:2035177142,2020-01-14T02:22:38.000Z,mobile,prd1023,1581214958,1581819758,2020-02-09T02:22:38+00:00,2020-02-16T02:22:38+00:00,Hospitality Inn: Boston,Hospitality Inn,Boston,standard,1,1,2,7,160.54,1123.78
orderid:611689,HIC-THDY,orderid:611689,crmid:1517719407,2019-12-01T16:07:52.000Z,kiosk,prd1011,1575475672,1575648472,2019-12-04T16:07:52+00:00,2019-12-06T16:07:52+00:00,Hospitality Inn: Dallas,Hospitality Inn,Dallas,luxury,1,1,0,2,283.83,567.66
orderid:456454,L3Y-I35Z,orderid:456454,crmid:4673437254,2019-12-18T07:13:32.000Z,website,prd1118,1577344412,1577949212,2019-12-26T07:13:32+00:00,2020-01-02T07:13:32+00:00,Blue Reef Resort: Cologne,Blue Reef Resort,Cologne,standard,1,1,0,7,136.37,954.59
orderid:277961,L7X-IBL0,orderid:277961,crmid:5245719639,2020-02-10T14:15:04.000Z,mobile,prd1051,1581430504,1581603304,2020-02-11T14:15:04+00:00,2020-02-13T14:15:04+00:00,Family Fun Hotels: New Orleans,Family Fun Hotels,New Orleans,standard,1,1,0,2,172.59,345.18
orderid:385688,BKJ-KQHV,orderid:385688,crmid:8200393640,2019-12-20T13:20:57.000Z,website,prd1161,1577193657,1577280057,2019-12-24T13:20:57+00:00,2019-12-25T13:20:57+00:00,Sapphire Suites: Memphis,Sapphire Suites,Memphis,standard,1,1,0,1,117.93,117.93
orderid:267168,MIR-PCMW,orderid:267168,crmid:9193028929,2020-01-07T23:11:22.000Z,website,prd1129,1578525082,1578611482,2020-01-08T23:11:22+00:00,2020-01-09T23:11:22+00:00,Admiralty Plaza: Helsinki,Admiralty Plaza,Helsinki,standard,1,1,0,1,128.86,128.86
orderid:106034,O6N-1KJH,orderid:106034,crmid:4376498196,2020-01-29T09:59:59.000Z,kiosk,prd1070,1581847199,1582192799,2020-02-16T09:59:59+00:00,2020-02-20T09:59:59+00:00,Blue Reef Resort: Jakarta,Blue Reef Resort,Jakarta,ultra-luxury,1,1,0,4,408.23,1632.92
orderid:766442,RPM-WK9Y,orderid:766442,crmid:6060549873,2019-12-06T07:02:07.000Z,website,prd1119,1575702127,1575961327,2019-12-07T07:02:07+00:00,2019-12-10T07:02:07+00:00,Hospitality Inn: Turin,Hospitality Inn,Turin,ultra-luxury,1,1,0,3,362.89,1088.67
orderid:209252,B9J-JGQP,orderid:209252,crmid:4817549450,2020-02-11T09:40:30.000Z,kiosk,prd1009,1583228430,1583746830,2020-03-03T09:40:30+00:00,2020-03-09T09:40:30+00:00,Admiralty Plaza: San Antonio,Admiralty Plaza,San Antonio,standard,1,1,0,6,129.91,779.46
orderid:394743,ADE-XKED,orderid:394743,crmid:2418360054,2020-01-26T20:46:47.000Z,service desk,prd1094,1580417207,1580590007,2020-01-30T20:46:47+00:00,2020-02-01T20:46:47+00:00,Blue Reef Resort: Berlin,Blue Reef Resort,Berlin,standard,1,1,0,2,156.98,313.96
orderid:342918,ORN-HSCT,orderid:342918,crmid:8162966494,2020-02-03T22:37:49.000Z,website,prd1117,1582929469,1583447869,2020-02-28T22:37:49+00:00,2020-03-05T22:37:49+00:00,Admiralty Plaza: Dublin,Admiralty Plaza,Dublin,standard,1,1,0,6,117.98,707.88
orderid:785218,LQD-NMPJ,orderid:785218,crmid:9809965716,2020-02-12T21:59:22.000Z,call center,prd1124,1581717562,1581890362,2020-02-14T21:59:22+00:00,2020-02-16T21:59:22+00:00,Aspen Heights: Leeds,Aspen Heights,Leeds,standard,1,1,0,2,110.82,221.64
orderid:551514,JVT-E190,orderid:551514,crmid:8405993196,2019-12-31T15:02:13.000Z,mobile,prd1086,1577977333,1578063733,2020-01-02T15:02:13+00:00,2020-01-03T15:02:13+00:00,Restful Nights: Johannesburg,Restful Nights,Johannesburg,standard,1,1,0,1,138.79,138.79
orderid:452680,E5B-LEGT,orderid:452680,crmid:3570551722,2019-12-08T11:52:16.000Z,mobile,prd1152,1577533936,1579089136,2019-12-28T11:52:16+00:00,2020-01-15T11:52:16+00:00,Repose Resort: Indianapolis,Repose Resort,Indianapolis,standard,1,1,0,18,90.31,1625.58
orderid:149151,Y2E-SKVU,orderid:149151,crmid:2386019490,2020-02-01T02:40:20.000Z,kiosk,prd1108,1583116820,1583548820,2020-03-02T02:40:20+00:00,2020-03-07T02:40:20+00:00,Sandhill: Milan,Sandhill,Milan,premium,1,1,0,5,181.3,906.5
orderid:823132,N2U-LUHD,orderid:823132,crmid:8295758141,2020-01-09T22:43:33.000Z,website,prd1087,1580510613,1582152213,2020-01-31T22:43:33+00:00,2020-02-19T22:43:33+00:00,Family Fun Hotels: Kolkata,Family Fun Hotels,Kolkata,standard,1,1,0,19,161.9,3076.1
orderid:720265,2SG-H2PI,orderid:720265,crmid:5553554091,2020-02-12T23:18:21.000Z,kiosk,prd1049,1584055101,1584227901,2020-03-12T23:18:21+00:00,2020-03-14T23:18:21+00:00,Grandeur Hotels: Tulsa,Grandeur Hotels,Tulsa,presidential-suite,1,1,0,2,827.57,1655.14
orderid:557627,P0F-PZBR,orderid:557627,crmid:4015133152,2019-12-07T08:18:36.000Z,call center,prd1016,1575793116,1575965916,2019-12-08T08:18:36+00:00,2019-12-10T08:18:36+00:00,Aspen Heights: Columbus,Aspen Heights,Columbus,ultra-luxury,1,1,0,2,255.14,510.28
orderid:318397,SOL-EFZP,orderid:318397,crmid:9088110980,2020-01-22T10:06:47.000Z,website,prd1040,1581242807,1581761207,2020-02-09T10:06:47+00:00,2020-02-15T10:06:47+00:00,Aspen Heights: Atlanta,Aspen Heights,Atlanta,standard,1,1,0,6,138.44,830.64
orderid:363388,FJJ-USXV,orderid:363388,crmid:3763754519,2019-12-17T21:45:27.000Z,mobile,prd1171,1579124727,1579815927,2020-01-15T21:45:27+00:00,2020-01-23T21:45:27+00:00,Family Fun Hotels: Sacramento,Family Fun Hotels,Sacramento,standard,1,1,3,8,154.68,1237.44
orderid:399329,I6S-FFC8,orderid:399329,crmid:3300406469,2020-01-09T15:11:10.000Z,call center,prd1094,1578755470,1579187470,2020-01-11T15:11:10+00:00,2020-01-16T15:11:10+00:00,Blue Reef Resort: Berlin,Blue Reef Resort,Berlin,standard,1,1,0,5,164.95,824.75
orderid:321724,GKC-87JM,orderid:321724,crmid:4027169463,2020-02-02T10:04:20.000Z,website,prd1145,1582884260,1583575460,2020-02-28T10:04:20+00:00,2020-03-07T10:04:20+00:00,Grandeur Hotels: Dallas,Grandeur Hotels,Dallas,standard,1,1,0,8,163.06,1304.48
orderid:847171,V2X-NLKS,orderid:847171,crmid:1153821752,2020-01-12T03:04:30.000Z,website,prd1138,1578971070,1579143870,2020-01-14T03:04:30+00:00,2020-01-16T03:04:30+00:00,Sego Lily Suites: Lagos,Sego Lily Suites,Lagos,standard,1,1,0,2,163.84,327.68
orderid:754808,OK6-RQ4C,orderid:754808,crmid:2831894970,2019-12-12T21:36:11.000Z,website,prd1023,1577741771,1578432971,2019-12-30T21:36:11+00:00,2020-01-07T21:36:11+00:00,Hospitality Inn: Boston,Hospitality Inn,Boston,standard,1,1,0,8,116.67,933.36
orderid:680017,36Z-NXXY,orderid:680017,crmid:3996916266,2019-12-02T05:18:31.000Z,call center,prd1163,1576819111,1577423911,2019-12-20T05:18:31+00:00,2019-12-27T05:18:31+00:00,Nesting Box Inn: Oklahoma City,Nesting Box Inn,Oklahoma City,standard,1,1,3,7,142.32,996.24
orderid:727869,XSY-SIIW,orderid:727869,crmid:6150011198,2019-12-22T06:28:48.000Z,website,prd1118,1577168928,1577255328,2019-12-24T06:28:48+00:00,2019-12-25T06:28:48+00:00,Blue Reef Resort: Cologne,Blue Reef Resort,Cologne,premium,1,1,0,1,191.96,191.96
orderid:320867,QFJ-7FAB,orderid:320867,crmid:6342547062,2019-12-26T08:55:16.000Z,website,prd1160,1577436916,1577868916,2019-12-27T08:55:16+00:00,2020-01-01T08:55:16+00:00,Aspen Heights: Nashville,Aspen Heights,Nashville,luxury,1,1,0,5,344.2,1721.0
orderid:683512,UAV-JBL5,orderid:683512,crmid:1474049496,2019-12-08T16:02:06.000Z,website,prd1113,1576857726,1577116926,2019-12-20T16:02:06+00:00,2019-12-23T16:02:06+00:00,Sapphire Suites: Kazan,Sapphire Suites,Kazan,standard,1,1,0,3,130.55,391.65
orderid:703899,ULC-GOIL,orderid:703899,crmid:8458845337,2020-01-25T06:16:40.000Z,call center,prd1029,1580019400,1580105800,2020-01-26T06:16:40+00:00,2020-01-27T06:16:40+00:00,Sapphire Suites: Oklahoma City,Sapphire Suites,Oklahoma City,standard,1,1,0,1,108.29,108.29
orderid:829228,UDT-YVTD,orderid:829228,crmid:3822233837,2020-01-16T22:43:11.000Z,mobile,prd1169,1581201791,1581806591,2020-02-08T22:43:11+00:00,2020-02-15T22:43:11+00:00,Grandeur Hotels: Tucson,Grandeur Hotels,Tucson,standard,1,1,0,7,175.07,1225.49
orderid:618019,HU5-N446,orderid:618019,crmid:3960512621,2020-01-05T10:58:38.000Z,mobile,prd1141,1579949918,1580727518,2020-01-25T10:58:38+00:00,2020-02-03T10:58:38+00:00,Admiralty Plaza: Phoenix,Admiralty Plaza,Phoenix,standard,1,1,0,9,119.36,1074.24
orderid:907224,MIM-TOG8,orderid:907224,crmid:1007340053,2019-12-29T12:34:13.000Z,website,prd1086,1578314053,1579264453,2020-01-06T12:34:13+00:00,2020-01-17T12:34:13+00:00,Restful Nights: Johannesburg,Restful Nights,Johannesburg,luxury,1,1,0,11,391.02,4301.22
orderid:962594,3G4-IZ3T,orderid:962594,crmid:3940804964,2020-01-09T15:22:19.000Z,website,prd1189,1579188139,1579533739,2020-01-16T15:22:19+00:00,2020-01-20T15:22:19+00:00,Admiralty Plaza: Bakersfield,Admiralty Plaza,Bakersfield,standard,1,1,0,4,89.54,358.16
orderid:744383,8BO-RIYZ,orderid:744383,crmid:5588789088,2019-12-13T14:59:06.000Z,website,prd1021,1577977146,1578927546,2020-01-02T14:59:06+00:00,2020-01-13T14:59:06+00:00,Admiralty Plaza: Denver,Admiralty Plaza,Denver,luxury,1,1,0,11,298.07,3278.77
orderid:400854,WXL-V3AI,orderid:400854,crmid:7224293852,2020-02-09T13:01:45.000Z,mobile,prd1151,1582030905,1582981305,2020-02-18T13:01:45+00:00,2020-02-29T13:01:45+00:00,Nesting Box Inn: Fort Worth,Nesting Box Inn,Fort Worth,standard,1,1,3,11,144.76,1592.36
orderid:857684,BIS-U9KY,orderid:857684,crmid:9346539066,2019-12-31T22:20:37.000Z,kiosk,prd1125,1579990837,1580595637,2020-01-25T22:20:37+00:00,2020-02-01T22:20:37+00:00,Sapphire Suites: Palermo,Sapphire Suites,Palermo,premium,1,1,0,7,147.72,1034.04
orderid:542054,M0U-RWIO,orderid:542054,crmid:2173014812,2019-12-18T13:34:04.000Z,website,prd1175,1578144844,1578490444,2020-01-04T13:34:04+00:00,2020-01-08T13:34:04+00:00,Nesting Box Inn: Long Beach,Nesting Box Inn,Long Beach,premium,1,1,0,4,153.34,613.36
orderid:258701,PIN-IFLO,orderid:258701,crmid:9729815735,2019-12-25T15:16:01.000Z,kiosk,prd1153,1578237361,1578755761,2020-01-05T15:16:01+00:00,2020-01-11T15:16:01+00:00,Admiralty Plaza: Charlotte,Admiralty Plaza,Charlotte,standard,1,1,0,6,179.42,1076.52
orderid:193429,D6T-VS0K,orderid:193429,crmid:1351958176,2020-02-07T01:22:06.000Z,call center,prd1153,1581124926,1581211326,2020-02-08T01:22:06+00:00,2020-02-09T01:22:06+00:00,Admiralty Plaza: Charlotte,Admiralty Plaza,Charlotte,standard,1,1,0,1,97.13,97.13
orderid:770910,KHI-ATK4,orderid:770910,crmid:4379547414,2019-12-14T02:13:28.000Z,kiosk,prd1120,1578190408,1578449608,2020-01-05T02:13:28+00:00,2020-01-08T02:13:28+00:00,Sandhill: Marseille,Sandhill,Marseille,standard,1,1,3,3,160.88,482.64
orderid:797298,LGA-I6NL,orderid:797298,crmid:9652586420,2020-02-15T06:57:48.000Z,call center,prd1118,1581836268,1582009068,2020-02-16T06:57:48+00:00,2020-02-18T06:57:48+00:00,Blue Reef Resort: Cologne,Blue Reef Resort,Cologne,standard,1,1,0,2,150.56,301.12
orderid:358814,ZOI-TVG8,orderid:358814,crmid:9652586420,2020-02-19T00:00:00.000Z,website,prd1130,1582156800,1582416000,2020-02-20T00:00:00+00:00,2020-02-23T00:00:00+00:00,Blue Reef Resort: Bremen,Blue Reef Resort,Bremen,luxury,1,1,0,3,359.47,1078.41
orderid:767608,2FO-YX97,orderid:767608,crmid:7800309089,2019-12-04T02:04:15.000Z,call center,prd1143,1577325855,1578017055,2019-12-26T02:04:15+00:00,2020-01-03T02:04:15+00:00,Hospitality Inn: San Antonio,Hospitality Inn,San Antonio,standard,1,1,0,8,144.98,1159.84
orderid:644696,PR1-UEXQ,orderid:644696,crmid:5001770156,2019-12-09T13:09:08.000Z,kiosk,prd1153,1577452148,1577970548,2019-12-27T13:09:08+00:00,2020-01-02T13:09:08+00:00,Admiralty Plaza: Charlotte,Admiralty Plaza,Charlotte,ultra-luxury,1,1,0,6,334.08,2004.48
orderid:350935,JW5-PZCX,orderid:350935,crmid:8479791568,2020-01-10T06:46:02.000Z,call center,prd1069,1579243562,1579589162,2020-01-17T06:46:02+00:00,2020-01-21T06:46:02+00:00,Admiralty Plaza: Singapore,Admiralty Plaza,Singapore,premium,1,1,0,4,129.27,517.08
orderid:375829,T8D-MLTY,orderid:375829,crmid:9421736584,2020-02-04T11:03:34.000Z,website,prd1158,1581678214,1582110214,2020-02-14T11:03:34+00:00,2020-02-19T11:03:34+00:00,Restful Nights: El Paso,Restful Nights,El Paso,standard,1,1,0,5,180.93,904.65
orderid:792479,CKL-WHER,orderid:792479,crmid:1439391709,2020-02-04T19:53:59.000Z,call center,prd1160,1580932439,1581105239,2020-02-05T19:53:59+00:00,2020-02-07T19:53:59+00:00,Aspen Heights: Nashville,Aspen Heights,Nashville,premium,1,1,0,2,114.07,228.14
orderid:618076,XKG-GKYE,orderid:618076,crmid:1824810669,2020-02-14T22:03:54.000Z,service desk,prd1053,1583273034,1583705034,2020-03-03T22:03:54+00:00,2020-03-08T22:03:54+00:00,Sapphire Suites: Cleveland,Sapphire Suites,Cleveland,standard,1,1,1,5,101.23,506.15
orderid:462282,ZAM-ORPC,orderid:462282,crmid:1787814787,2019-12-03T07:25:41.000Z,mobile,prd1050,1575444341,1575617141,2019-12-04T07:25:41+00:00,2019-12-06T07:25:41+00:00,Restful Nights: Arlington,Restful Nights,Arlington,standard,1,1,0,2,155.82,311.64
orderid:473078,A0D-JWIG,orderid:473078,crmid:1787814787,2019-12-08T00:00:00.000Z,kiosk,prd1142,1575849600,1576195200,2019-12-09T00:00:00+00:00,2019-12-13T00:00:00+00:00,Blue Reef Resort: Philadelphia,Blue Reef Resort,Philadelphia,standard,1,1,0,4,142.56,570.24
orderid:545914,XGY-7EXU,orderid:545914,crmid:1787814787,2019-12-14T00:00:00.000Z,website,prd1098,1576540800,1576713600,2019-12-17T00:00:00+00:00,2019-12-19T00:00:00+00:00,Restful Nights: Kiev,Restful Nights,Kiev,premium,1,1,0,2,146.91,293.82
orderid:913889,0NK-KMXY,orderid:913889,crmid:4516448361,2020-01-08T18:10:30.000Z,call center,prd1184,1579198230,1580235030,2020-01-16T18:10:30+00:00,2020-01-28T18:10:30+00:00,Aspen Heights: Arlington,Aspen Heights,Arlington,standard,1,1,0,12,144.39,1732.68
orderid:791495,H7D-RIBT,orderid:791495,crmid:3445189507,2019-12-26T22:22:03.000Z,website,prd1064,1579472523,1580595723,2020-01-19T22:22:03+00:00,2020-02-01T22:22:03+00:00,Aspen Heights: Paris,Aspen Heights,Paris,standard,1,1,0,13,174.28,2265.64
orderid:603493,SVD-THKC,orderid:603493,crmid:9521057869,2020-01-03T11:51:14.000Z,mobile,prd1016,1579953074,1580385074,2020-01-25T11:51:14+00:00,2020-01-30T11:51:14+00:00,Aspen Heights: Columbus,Aspen Heights,Columbus,standard,1,1,0,5,144.36,721.8
orderid:514803,5E1-2UKE,orderid:514803,crmid:1149124014,2019-12-29T20:13:16.000Z,service desk,prd1070,1578514396,1579205596,2020-01-08T20:13:16+00:00,2020-01-16T20:13:16+00:00,Blue Reef Resort: Jakarta,Blue Reef Resort,Jakarta,premium,1,1,1,8,112.24,897.92
orderid:798268,LYA-KQHV,orderid:798268,crmid:8889306661,2020-01-08T23:46:44.000Z,website,prd1179,1578700004,1578786404,2020-01-10T23:46:44+00:00,2020-01-11T23:46:44+00:00,Hospitality Inn: Miami,Hospitality Inn,Miami,standard,1,1,0,1,126.58,126.58
orderid:456161,ZX1-ON4Y,orderid:456161,crmid:5352515946,2019-12-22T12:04:29.000Z,call center,prd1167,1577275469,1577621069,2019-12-25T12:04:29+00:00,2019-12-29T12:04:29+00:00,Hospitality Inn: Milwaukee,Hospitality Inn,Milwaukee,standard,1,1,0,4,187.85,751.4
orderid:457273,RHA-M8R9,orderid:457273,crmid:7691448860,2020-01-31T07:14:38.000Z,kiosk,prd1131,1580541278,1580627678,2020-02-01T07:14:38+00:00,2020-02-02T07:14:38+00:00,Hospitality Inn: Sheffield,Hospitality Inn,Sheffield,standard,1,1,0,1,154.72,154.72
orderid:351374,IXD-JTHB,orderid:351374,crmid:6208816202,2020-02-06T16:29:40.000Z,website,prd1023,1582475380,1583166580,2020-02-23T16:29:40+00:00,2020-03-02T16:29:40+00:00,Hospitality Inn: Boston,Hospitality Inn,Boston,standard,1,1,0,8,144.91,1159.28
orderid:289229,5JE-Z8TL,orderid:289229,crmid:8909974891,2019-12-01T10:28:38.000Z,service desk,prd1147,1575541718,1575628118,2019-12-05T10:28:38+00:00,2019-12-06T10:28:38+00:00,Family Fun Hotels: Austin,Family Fun Hotels,Austin,premium,1,1,0,1,131.14,131.14
orderid:312552,0YI-NIBB,orderid:312552,crmid:8909974891,2019-12-07T00:00:00.000Z,call center,prd1130,1575763200,1576022400,2019-12-08T00:00:00+00:00,2019-12-11T00:00:00+00:00,Blue Reef Resort: Bremen,Blue Reef Resort,Bremen,standard,1,1,0,3,133.86,401.58
orderid:665384,LAO-4GIW,orderid:665384,crmid:3867194753,2020-02-15T16:34:12.000Z,website,prd1095,1584376452,1585326852,2020-03-16T16:34:12+00:00,2020-03-27T16:34:12+00:00,Hospitality Inn: Casablanca,Hospitality Inn,Casablanca,standard,1,1,0,11,137.58,1513.38
orderid:684467,A7D-UHG4,orderid:684467,crmid:5193913040,2020-01-08T10:32:34.000Z,mobile,prd1133,1578997954,1579516354,2020-01-14T10:32:34+00:00,2020-01-20T10:32:34+00:00,Grandeur Hotels: Toronto,Grandeur Hotels,Toronto,standard,1,1,0,6,90.86,545.16
orderid:302619,SCW-HE4U,orderid:302619,crmid:4584325000,2020-02-04T01:30:11.000Z,website,prd1197,1582594211,1583112611,2020-02-25T01:30:11+00:00,2020-03-02T01:30:11+00:00,Sapphire Suites: London,Sapphire Suites,London,standard,1,1,0,6,114.74,688.44
orderid:208566,FFZ-6UHG,orderid:208566,crmid:3726203221,2019-12-25T18:38:40.000Z,service desk,prd1035,1579545520,1580495920,2020-01-20T18:38:40+00:00,2020-01-31T18:38:40+00:00,Hospitality Inn: Tucson,Hospitality Inn,Tucson,luxury,1,1,0,11,356.1,3917.1
orderid:216325,HUJ-5RS0,orderid:216325,crmid:1531659801,2019-12-09T04:43:50.000Z,call center,prd1021,1576125830,1576557830,2019-12-12T04:43:50+00:00,2019-12-17T04:43:50+00:00,Admiralty Plaza: Denver,Admiralty Plaza,Denver,premium,1,1,0,5,149.68,748.4
orderid:620937,0PX-WT0E,orderid:620937,crmid:7927945121,2019-12-15T20:20:44.000Z,mobile,prd1189,1578860444,1579465244,2020-01-12T20:20:44+00:00,2020-01-19T20:20:44+00:00,Admiralty Plaza: Bakersfield,Admiralty Plaza,Bakersfield,standard,1,1,0,7,103.46,724.22
orderid:221586,25B-HVYH,orderid:221586,crmid:2268487983,2020-02-06T05:30:32.000Z,call center,prd1128,1581053432,1581139832,2020-02-07T05:30:32+00:00,2020-02-08T05:30:32+00:00,Repose Resort: Rotterdam,Repose Resort,Rotterdam,standard,1,1,0,1,128.68,128.68
orderid:833513,JEH-NF9N,orderid:833513,crmid:7958165120,2019-12-11T03:06:52.000Z,kiosk,prd1172,1576292812,1576811212,2019-12-14T03:06:52+00:00,2019-12-20T03:06:52+00:00,Aspen Heights: Mesa,Aspen Heights,Mesa,standard,1,1,0,6,92.82,556.92
orderid:178776,KHQ-PJZU,orderid:178776,crmid:1762705188,2019-12-24T22:31:29.000Z,call center,prd1129,1579386689,1579991489,2020-01-18T22:31:29+00:00,2020-01-25T22:31:29+00:00,Admiralty Plaza: Helsinki,Admiralty Plaza,Helsinki,premium,1,1,0,7,134.01,938.07
orderid:824509,KQ2-GMMR,orderid:824509,crmid:1783599622,2019-12-23T04:17:11.000Z,website,prd1153,1577506631,1577593031,2019-12-28T04:17:11+00:00,2019-12-29T04:17:11+00:00,Admiralty Plaza: Charlotte,Admiralty Plaza,Charlotte,standard,1,1,0,1,122.03,122.03
orderid:131175,QVE-RGHF,orderid:131175,crmid:1737639315,2019-12-30T14:35:44.000Z,website,prd1099,1579790144,1580135744,2020-01-23T14:35:44+00:00,2020-01-27T14:35:44+00:00,Family Fun Hotels: Bucharest,Family Fun Hotels,Bucharest,standard,1,1,3,4,133.96,535.84
orderid:674790,3ND-A8YP,orderid:674790,crmid:9605913187,2020-02-10T21:47:27.000Z,kiosk,prd1059,1581716847,1582062447,2020-02-14T21:47:27+00:00,2020-02-18T21:47:27+00:00,Hospitality Inn: Kinshasa,Hospitality Inn,Kinshasa,standard,1,1,0,4,125.38,501.52
orderid:791074,VVQ-74HX,orderid:791074,crmid:4990741045,2020-02-02T02:57:45.000Z,kiosk,prd1021,1580871465,1580957865,2020-02-05T02:57:45+00:00,2020-02-06T02:57:45+00:00,Admiralty Plaza: Denver,Admiralty Plaza,Denver,standard,1,1,0,1,132.16,132.16
orderid:490220,5T6-WZOW,orderid:490220,crmid:4814010350,2020-01-25T16:23:13.000Z,website,prd1106,1580055793,1580314993,2020-01-26T16:23:13+00:00,2020-01-29T16:23:13+00:00,Blue Reef Resort: Munich,Blue Reef Resort,Munich,standard,1,1,0,3,186.97,560.91
orderid:867478,A1U-TMHN,orderid:867478,crmid:4814010350,2020-01-31T00:00:00.000Z,call center,prd1125,1580515200,1580601600,2020-02-01T00:00:00+00:00,2020-02-02T00:00:00+00:00,Sapphire Suites: Palermo,Sapphire Suites,Palermo,standard,1,1,0,1,149.18,149.18
orderid:433542,H6Z-O9EY,orderid:433542,crmid:2422161390,2020-01-14T05:54:52.000Z,website,prd1069,1579067692,1579240492,2020-01-15T05:54:52+00:00,2020-01-17T05:54:52+00:00,Admiralty Plaza: Singapore,Admiralty Plaza,Singapore,standard,1,1,0,2,143.08,286.16
orderid:663044,AQA-ROHS,orderid:663044,crmid:1305305198,2020-02-02T08:19:45.000Z,mobile,prd1010,1582273185,1583050785,2020-02-21T08:19:45+00:00,2020-03-01T08:19:45+00:00,Blue Reef Resort: San Diego,Blue Reef Resort,San Diego,standard,1,1,0,9,99.76,897.84
orderid:901000,HIT-DOMW,orderid:901000,crmid:7867320856,2019-12-22T23:36:36.000Z,mobile,prd1141,1577230596,1577316996,2019-12-24T23:36:36+00:00,2019-12-25T23:36:36+00:00,Admiralty Plaza: Phoenix,Admiralty Plaza,Phoenix,standard,1,1,0,1,180.39,180.39
orderid:467880,ZAU-79L4,orderid:467880,crmid:2635464665,2020-01-23T08:00:03.000Z,call center,prd1123,1580198403,1580284803,2020-01-28T08:00:03+00:00,2020-01-29T08:00:03+00:00,Family Fun Hotels: Amsterdam,Family Fun Hotels,Amsterdam,standard,1,1,0,1,138.98,138.98
orderid:603578,YRV-JVXF,orderid:603578,crmid:6494579029,2020-02-15T16:23:24.000Z,website,prd1055,1581870204,1581956604,2020-02-16T16:23:24+00:00,2020-02-17T16:23:24+00:00,Nesting Box Inn: Bakersfield,Nesting Box Inn,Bakersfield,premium,1,1,0,1,107.06,107.06
orderid:684493,NYH-A5Z8,orderid:684493,crmid:5759489557,2020-02-11T03:06:00.000Z,mobile,prd1137,1583463960,1584068760,2020-03-06T03:06:00+00:00,2020-03-13T03:06:00+00:00,Sapphire Suites: Manila,Sapphire Suites,Manila,standard,1,1,0,7,109.05,763.35
orderid:850255,ECS-FL3G,orderid:850255,crmid:8132253362,2019-12-06T10:42:16.000Z,website,prd1146,1575974536,1576579336,2019-12-10T10:42:16+00:00,2019-12-17T10:42:16+00:00,Restful Nights: San Jose,Restful Nights,San Jose,premium,1,1,0,7,165.27,1156.89
orderid:308530,KOR-WAIT,orderid:308530,crmid:8798239604,2019-12-22T12:57:33.000Z,kiosk,prd1047,1577105853,1577278653,2019-12-23T12:57:33+00:00,2019-12-25T12:57:33+00:00,Hospitality Inn: Oakland,Hospitality Inn,Oakland,standard,1,1,0,2,126.67,253.34
orderid:848308,D8D-6IDA,orderid:848308,crmid:8230202363,2019-12-09T15:23:36.000Z,website,prd1149,1578410616,1579188216,2020-01-07T15:23:36+00:00,2020-01-16T15:23:36+00:00,Sapphire Suites: San Francisco,Sapphire Suites,San Francisco,premium,1,1,0,9,123.37,1110.33
orderid:911417,EC9-ZWL0,orderid:911417,crmid:5460717241,2020-02-11T12:09:52.000Z,kiosk,prd1077,1583582992,1584014992,2020-03-07T12:09:52+00:00,2020-03-12T12:09:52+00:00,Sapphire Suites: Cairo,Sapphire Suites,Cairo,standard,1,1,0,5,184.84,924.2
orderid:478108,LQD-KFKR,orderid:478108,crmid:3899822366,2020-01-12T00:01:35.000Z,website,prd1028,1578873695,1579132895,2020-01-13T00:01:35+00:00,2020-01-16T00:01:35+00:00,Aspen Heights: Portland,Aspen Heights,Portland,premium,1,1,0,3,140.45,421.35
orderid:286607,B0J-SHOE,orderid:286607,crmid:3100083281,2020-01-18T04:45:42.000Z,website,prd1013,1580964342,1582001142,2020-02-06T04:45:42+00:00,2020-02-18T04:45:42+00:00,Grandeur Hotels: Austin,Grandeur Hotels,Austin,standard,1,1,0,12,144.61,1735.32
orderid:659898,MEZ-MHED,orderid:659898,crmid:8812725999,2020-01-20T23:58:45.000Z,mobile,prd1022,1580255925,1580947125,2020-01-28T23:58:45+00:00,2020-02-05T23:58:45+00:00,Blue Reef Resort: Washington DC,Blue Reef Resort,Washington DC,standard,1,1,1,8,137.13,1097.04
orderid:882761,D7K-FUZR,orderid:882761,crmid:8244134672,2020-01-02T08:56:30.000Z,website,prd1136,1579942590,1581324990,2020-01-25T08:56:30+00:00,2020-02-10T08:56:30+00:00,Aspen Heights: Osaka,Aspen Heights,Osaka,standard,1,1,4,16,129.26,2068.16
orderid:365484,YHT-JFQ6,orderid:365484,crmid:8147010382,2020-01-25T18:24:19.000Z,kiosk,prd1154,1581704659,1581963859,2020-02-14T18:24:19+00:00,2020-02-17T18:24:19+00:00,Blue Reef Resort: Seattle,Blue Reef Resort,Seattle,standard,1,1,0,3,130.87,392.61
orderid:364103,489-JBYC,orderid:364103,crmid:4472503155,2019-12-04T07:07:06.000Z,service desk,prd1039,1575529626,1575961626,2019-12-05T07:07:06+00:00,2019-12-10T07:07:06+00:00,Family Fun Hotels: Kansas City,Family Fun Hotels,Kansas City,standard,1,1,0,5,141.09,705.45
orderid:794078,LXS-DH7J,orderid:794078,crmid:4685539574,2019-12-01T22:36:41.000Z,mobile,prd1093,1577227001,1577659001,2019-12-24T22:36:41+00:00,2019-12-29T22:36:41+00:00,Admiralty Plaza: Yokohama,Admiralty Plaza,Yokohama,standard,1,1,0,5,123.17,615.85
orderid:237790,XC2-IWWE,orderid:237790,crmid:4766033584,2019-12-03T07:31:50.000Z,website,prd1073,1577604710,1578987110,2019-12-29T07:31:50+00:00,2020-01-14T07:31:50+00:00,Grandeur Hotels: Lima,Grandeur Hotels,Lima,standard,1,1,3,16,135.47,2167.52
orderid:583651,82T-VN1C,orderid:583651,crmid:2335599007,2020-02-04T10:38:21.000Z,website,prd1004,1582713501,1583750301,2020-02-26T10:38:21+00:00,2020-03-09T10:38:21+00:00,Aspen Heights: Boulder,Aspen Heights,Boulder,premium,1,1,0,12,148.08,1776.96
orderid:615586,HHH-XPIJ,orderid:615586,crmid:3410128689,2019-12-11T12:01:24.000Z,mobile,prd1076,1577361684,1578484884,2019-12-26T12:01:24+00:00,2020-01-08T12:01:24+00:00,Aspen Heights: Bogota,Aspen Heights,Bogota,standard,1,1,0,13,164.92,2143.96
orderid:976977,RWN-5SH9,orderid:976977,crmid:4167907317,2020-01-12T18:39:32.000Z,website,prd1115,1581100772,1582223972,2020-02-07T18:39:32+00:00,2020-02-20T18:39:32+00:00,Nesting Box Inn: Cologne,Nesting Box Inn,Cologne,standard,1,1,0,13,101.21,1315.73
orderid:906136,CQU-NKWV,orderid:906136,crmid:3361491947,2020-02-09T10:13:42.000Z,website,prd1028,1581416022,1582971222,2020-02-11T10:13:42+00:00,2020-02-29T10:13:42+00:00,Aspen Heights: Portland,Aspen Heights,Portland,presidential-suite,1,1,1,18,998.44,17971.92
orderid:873024,YPM-HFMQ,orderid:873024,crmid:6017549734,2020-01-13T21:28:42.000Z,call center,prd1064,1581283722,1581629322,2020-02-09T21:28:42+00:00,2020-02-13T21:28:42+00:00,Aspen Heights: Paris,Aspen Heights,Paris,luxury,1,1,0,4,373.38,1493.52
orderid:667228,VDB-MMDR,orderid:667228,crmid:1727509569,2019-12-27T17:50:50.000Z,kiosk,prd1163,1577987450,1578851450,2020-01-02T17:50:50+00:00,2020-01-12T17:50:50+00:00,Nesting Box Inn: Oklahoma City,Nesting Box Inn,Oklahoma City,standard,1,1,2,10,119.12,1191.2
orderid:655980,P3B-WPQB,orderid:655980,crmid:5831298502,2020-01-25T10:23:10.000Z,call center,prd1136,1581848590,1581934990,2020-02-16T10:23:10+00:00,2020-02-17T10:23:10+00:00,Aspen Heights: Osaka,Aspen Heights,Osaka,standard,1,1,0,1,157.1,157.1
orderid:249480,YEK-SQKM,orderid:249480,crmid:8493231150,2020-01-28T11:03:07.000Z,mobile,prd1109,1580295787,1580382187,2020-01-29T11:03:07+00:00,2020-01-30T11:03:07+00:00,Grandeur Hotels: Belgrade,Grandeur Hotels,Belgrade,premium,1,1,0,1,141.52,141.52
orderid:379401,8AQ-IHDO,orderid:379401,crmid:8306886662,2019-12-11T14:19:31.000Z,kiosk,prd1112,1577629171,1578147571,2019-12-29T14:19:31+00:00,2020-01-04T14:19:31+00:00,Aspen Heights: Birmingham,Aspen Heights,Birmingham,standard,1,1,0,6,143.66,861.96
orderid:100801,6OR-L124,orderid:100801,crmid:7097448009,2020-02-11T19:52:01.000Z,kiosk,prd1136,1581537121,1581623521,2020-02-12T19:52:01+00:00,2020-02-13T19:52:01+00:00,Aspen Heights: Osaka,Aspen Heights,Osaka,standard,1,1,0,1,164.02,164.02
orderid:921356,UA0-5UHZ,orderid:921356,crmid:6127517037,2020-02-07T09:47:45.000Z,kiosk,prd1125,1583228865,1583920065,2020-03-03T09:47:45+00:00,2020-03-11T09:47:45+00:00,Sapphire Suites: Palermo,Sapphire Suites,Palermo,premium,1,1,0,8,144.42,1155.36
orderid:640264,AJA-L9IV,orderid:640264,crmid:8854280380,2019-12-19T18:56:35.000Z,website,prd1177,1579287395,1579546595,2020-01-17T18:56:35+00:00,2020-01-20T18:56:35+00:00,Admiralty Plaza: Raleigh,Admiralty Plaza,Raleigh,standard,1,1,4,3,133.22,399.66
orderid:104969,D0I-LBJG,orderid:104969,crmid:5266012737,2020-01-12T09:57:47.000Z,kiosk,prd1160,1581328667,1581501467,2020-02-10T09:57:47+00:00,2020-02-12T09:57:47+00:00,Aspen Heights: Nashville,Aspen Heights,Nashville,standard,1,1,0,2,120.71,241.42
orderid:709432,W6Q-JMRJ,orderid:709432,crmid:5975445639,2020-01-31T10:35:30.000Z,call center,prd1196,1582194930,1582886130,2020-02-20T10:35:30+00:00,2020-02-28T10:35:30+00:00,Aspen Heights: Moscow,Aspen Heights,Moscow,standard,1,1,0,8,109.0,872.0
orderid:753387,DEU-1Z0F,orderid:753387,crmid:1858245746,2020-02-15T05:22:50.000Z,mobile,prd1015,1582262570,1582435370,2020-02-21T05:22:50+00:00,2020-02-23T05:22:50+00:00,Family Fun Hotels: San Francisco,Family Fun Hotels,San Francisco,standard,1,1,0,2,124.08,248.16
orderid:196843,3DW-IRCS,orderid:196843,crmid:5540270985,2020-02-07T00:11:50.000Z,website,prd1154,1581120710,1581466310,2020-02-08T00:11:50+00:00,2020-02-12T00:11:50+00:00,Blue Reef Resort: Seattle,Blue Reef Resort,Seattle,standard,1,1,0,4,149.06,596.24
orderid:136300,5AU-RFSM,orderid:136300,crmid:8511834921,2020-01-30T14:43:09.000Z,call center,prd1046,1582468989,1583160189,2020-02-23T14:43:09+00:00,2020-03-02T14:43:09+00:00,Blue Reef Resort: Virginia Beach,Blue Reef Resort,Virginia Beach,premium,1,1,0,8,178.01,1424.08
orderid:247434,XVA-LDBZ,orderid:247434,crmid:7062000365,2019-12-15T23:18:08.000Z,mobile,prd1052,1578439088,1579216688,2020-01-07T23:18:08+00:00,2020-01-16T23:18:08+00:00,Aspen Heights: Wichita,Aspen Heights,Wichita,standard,1,1,0,9,176.54,1588.86
orderid:210704,R8P-Q8AT,orderid:210704,crmid:6856845007,2020-01-14T16:29:01.000Z,website,prd1087,1579105741,1579192141,2020-01-15T16:29:01+00:00,2020-01-16T16:29:01+00:00,Family Fun Hotels: Kolkata,Family Fun Hotels,Kolkata,standard,1,1,0,1,136.61,136.61
orderid:234420,6OD-HQHO,orderid:234420,crmid:6856845007,2020-01-18T00:00:00.000Z,website,prd1179,1579392000,1579824000,2020-01-19T00:00:00+00:00,2020-01-24T00:00:00+00:00,Hospitality Inn: Miami,Hospitality Inn,Miami,standard,1,1,0,5,184.79,923.95
orderid:528432,ZGE-MFDJ,orderid:528432,crmid:4206141881,2020-02-11T16:54:41.000Z,kiosk,prd1152,1584032081,1584550481,2020-03-12T16:54:41+00:00,2020-03-18T16:54:41+00:00,Repose Resort: Indianapolis,Repose Resort,Indianapolis,premium,1,1,2,6,124.39,746.34
orderid:974410,MEX-KQIA,orderid:974410,crmid:6626187226,2020-01-10T17:50:42.000Z,kiosk,prd1189,1580147442,1581529842,2020-01-27T17:50:42+00:00,2020-02-12T17:50:42+00:00,Admiralty Plaza: Bakersfield,Admiralty Plaza,Bakersfield,standard,1,1,0,16,126.68,2026.88
orderid:913671,XHT-S3SO,orderid:913671,crmid:8706002919,2020-01-22T12:06:46.000Z,website,prd1057,1580213206,1580386006,2020-01-28T12:06:46+00:00,2020-01-30T12:06:46+00:00,Admiralty Plaza: Mumbai,Admiralty Plaza,Mumbai,standard,1,1,4,2,122.84,245.68
orderid:541159,MUZ-TQB3,orderid:541159,crmid:6136717328,2020-01-30T11:16:12.000Z,website,prd1130,1581074172,1582197372,2020-02-07T11:16:12+00:00,2020-02-20T11:16:12+00:00,Blue Reef Resort: Bremen,Blue Reef Resort,Bremen,standard,1,1,4,13,134.97,1754.61
orderid:551809,MT6-0IX4,orderid:551809,crmid:9833112911,2020-02-08T08:46:56.000Z,website,prd1082,1583311616,1583657216,2020-03-04T08:46:56+00:00,2020-03-08T08:46:56+00:00,Blue Reef Resort: Surat,Blue Reef Resort,Surat,standard,1,1,0,4,158.16,632.64
orderid:989161,GGJ-XVDO,orderid:989161,crmid:4659536559,2020-01-13T17:32:08.000Z,kiosk,prd1071,1580837528,1582306328,2020-02-04T17:32:08+00:00,2020-02-21T17:32:08+00:00,Hospitality Inn: Seoul,Hospitality Inn,Seoul,premium,1,1,0,17,112.28,1908.76
orderid:263259,HK2-SIDB,orderid:263259,crmid:9992756430,2019-12-20T02:35:47.000Z,website,prd1184,1579142147,1580006147,2020-01-16T02:35:47+00:00,2020-01-26T02:35:47+00:00,Aspen Heights: Arlington,Aspen Heights,Arlington,standard,1,1,0,10,135.81,1358.1
orderid:872851,XUX-IPGV,orderid:872851,crmid:5061776137,2020-02-07T00:58:08.000Z,kiosk,prd1188,1583197088,1583629088,2020-03-03T00:58:08+00:00,2020-03-08T00:58:08+00:00,Repose Resort: Tampa,Repose Resort,Tampa,premium,1,1,2,5,156.38,781.9
orderid:461172,KSH-QGIU,orderid:461172,crmid:6809470240,2019-12-08T23:13:39.000Z,kiosk,prd1155,1577747619,1578093219,2019-12-30T23:13:39+00:00,2020-01-03T23:13:39+00:00,Hospitality Inn: Denver,Hospitality Inn,Denver,standard,1,1,2,4,73.88,295.52
orderid:320354,SW3-PAVM,orderid:320354,crmid:2881685375,2019-12-09T12:26:03.000Z,website,prd1057,1576585563,1577190363,2019-12-17T12:26:03+00:00,2019-12-24T12:26:03+00:00,Admiralty Plaza: Mumbai,Admiralty Plaza,Mumbai,standard,1,1,0,7,119.3,835.1
orderid:696829,MNI-7LVW,orderid:696829,crmid:7132185699,2020-01-13T10:08:59.000Z,kiosk,prd1011,1580810939,1581588539,2020-02-04T10:08:59+00:00,2020-02-13T10:08:59+00:00,Hospitality Inn: Dallas,Hospitality Inn,Dallas,standard,1,1,0,9,159.55,1435.95
orderid:222957,ILP-TI8U,orderid:222957,crmid:3835982655,2019-12-27T12:54:42.000Z,website,prd1156,1577537682,1577624082,2019-12-28T12:54:42+00:00,2019-12-29T12:54:42+00:00,Sandhill: Washington DC,Sandhill,Washington DC,standard,1,1,0,1,159.86,159.86
orderid:716215,3C1-L29A,orderid:716215,crmid:2442558187,2020-02-06T23:26:28.000Z,mobile,prd1119,1581463588,1581549988,2020-02-11T23:26:28+00:00,2020-02-12T23:26:28+00:00,Hospitality Inn: Turin,Hospitality Inn,Turin,standard,1,1,0,1,128.52,128.52
orderid:636434,YPS-KAWW,orderid:636434,crmid:9371334852,2020-02-15T06:17:47.000Z,kiosk,prd1112,1583907467,1584425867,2020-03-11T06:17:47+00:00,2020-03-17T06:17:47+00:00,Aspen Heights: Birmingham,Aspen Heights,Birmingham,standard,1,1,0,6,128.99,773.94
orderid:980638,6SO-THNO,orderid:980638,crmid:5354893001,2020-02-11T11:20:47.000Z,call center,prd1047,1582024847,1582370447,2020-02-18T11:20:47+00:00,2020-02-22T11:20:47+00:00,Hospitality Inn: Oakland,Hospitality Inn,Oakland,standard,1,1,0,4,140.79,563.16
orderid:144498,WL6-NPAI,orderid:144498,crmid:6986726203,2019-12-16T02:09:33.000Z,mobile,prd1046,1577153373,1577412573,2019-12-24T02:09:33+00:00,2019-12-27T02:09:33+00:00,Blue Reef Resort: Virginia Beach,Blue Reef Resort,Virginia Beach,standard,1,1,1,3,132.2,396.6
orderid:119042,5UW-XXGX,orderid:119042,crmid:4035717432,2020-01-18T11:34:42.000Z,call center,prd1092,1581334482,1581593682,2020-02-10T11:34:42+00:00,2020-02-13T11:34:42+00:00,Repose Resort: Cape Town,Repose Resort,Cape Town,premium,1,1,0,3,176.33,528.99
orderid:344481,ZX8-WG03,orderid:344481,crmid:5461768946,2020-01-16T12:32:50.000Z,website,prd1175,1581337970,1582201970,2020-02-10T12:32:50+00:00,2020-02-20T12:32:50+00:00,Nesting Box Inn: Long Beach,Nesting Box Inn,Long Beach,premium,1,1,0,10,174.91,1749.1
orderid:312569,GJB-GXCP,orderid:312569,crmid:4669835224,2020-01-25T21:48:42.000Z,kiosk,prd1100,1581716922,1583012922,2020-02-14T21:48:42+00:00,2020-02-29T21:48:42+00:00,Aspen Heights: Misk,Aspen Heights,Misk,ultra-luxury,1,1,0,15,334.36,5015.4
orderid:165359,KK4-LY53,orderid:165359,crmid:2786504908,2019-12-13T02:27:50.000Z,website,prd1071,1577672870,1578018470,2019-12-30T02:27:50+00:00,2020-01-03T02:27:50+00:00,Hospitality Inn: Seoul,Hospitality Inn,Seoul,standard,1,1,0,4,141.52,566.08
orderid:484929,0VH-83OV,orderid:484929,crmid:2192328940,2019-12-23T15:30:11.000Z,kiosk,prd1174,1577287811,1577460611,2019-12-25T15:30:11+00:00,2019-12-27T15:30:11+00:00,Sego Lily Suites: Atlanta,Sego Lily Suites,Atlanta,standard,1,1,0,2,138.82,277.64
orderid:175499,FT0-TJVG,orderid:175499,crmid:2271142320,2020-01-20T17:45:14.000Z,call center,prd1069,1581356714,1582047914,2020-02-10T17:45:14+00:00,2020-02-18T17:45:14+00:00,Admiralty Plaza: Singapore,Admiralty Plaza,Singapore,standard,1,1,0,8,118.32,946.56
orderid:534068,IUK-PRYB,orderid:534068,crmid:8220383079,2020-01-30T23:35:36.000Z,kiosk,prd1076,1580513736,1580772936,2020-01-31T23:35:36+00:00,2020-02-03T23:35:36+00:00,Aspen Heights: Bogota,Aspen Heights,Bogota,presidential-suite,1,1,0,3,849.55,2548.65
orderid:969285,TFS-QSZE,orderid:969285,crmid:5994155194,2020-01-04T23:29:33.000Z,kiosk,prd1109,1580340573,1580772573,2020-01-29T23:29:33+00:00,2020-02-03T23:29:33+00:00,Grandeur Hotels: Belgrade,Grandeur Hotels,Belgrade,standard,1,1,0,5,148.82,744.1
orderid:226624,M70-MMKN,orderid:226624,crmid:5724451179,2019-12-22T03:57:10.000Z,kiosk,prd1006,1577073430,1577246230,2019-12-23T03:57:10+00:00,2019-12-25T03:57:10+00:00,Sego Lily Suites: Salt Lake City,Sego Lily Suites,Salt Lake City,premium,1,1,0,2,107.66,215.32
orderid:654058,RIM-OUYY,orderid:654058,crmid:9971363075,2020-01-07T15:54:05.000Z,mobile,prd1190,1579708445,1580140445,2020-01-22T15:54:05+00:00,2020-01-27T15:54:05+00:00,Blue Reef Resort: Aurora,Blue Reef Resort,Aurora,premium,1,1,0,5,156.08,780.4
orderid:231568,QUT-PALP,orderid:231568,crmid:5623699768,2019-12-22T18:45:14.000Z,mobile,prd1011,1577213114,1577299514,2019-12-24T18:45:14+00:00,2019-12-25T18:45:14+00:00,Hospitality Inn: Dallas,Hospitality Inn,Dallas,standard,1,1,0,1,114.8,114.8
orderid:975350,7RO-ILOR,orderid:975350,crmid:3363543002,2019-12-22T11:06:54.000Z,website,prd1134,1579086414,1579518414,2020-01-15T11:06:54+00:00,2020-01-20T11:06:54+00:00,Restful Nights: Montreal,Restful Nights,Montreal,premium,1,1,0,5,191.31,956.55
orderid:291953,YGS-5WRD,orderid:291953,crmid:4280363880,2019-12-31T00:31:56.000Z,call center,prd1003,1579739516,1580257916,2020-01-23T00:31:56+00:00,2020-01-29T00:31:56+00:00,Family Fun Hotels: Houston,Family Fun Hotels,Houston,ultra-luxury,1,1,0,6,327.41,1964.46
orderid:798696,AV0-V5HL,orderid:798696,crmid:8682321046,2020-02-16T04:36:31.000Z,mobile,prd1148,1581914191,1582086991,2020-02-17T04:36:31+00:00,2020-02-19T04:36:31+00:00,Aspen Heights: Jacksonville,Aspen Heights,Jacksonville,standard,1,1,0,2,116.07,232.14
orderid:173905,MQ2-YUKJ,orderid:173905,crmid:2410254286,2019-12-08T17:32:56.000Z,mobile,prd1178,1576690376,1577122376,2019-12-18T17:32:56+00:00,2019-12-23T17:32:56+00:00,Blue Reef Resort: Colorado Springs,Blue Reef Resort,Colorado Springs,ultra-luxury,1,1,0,5,306.35,1531.75
