{"_id": "orderid:674342", "timestamp": "2020-02-05T16:29:07.000Z", "eventType": "transaction", "_adobeamericaspot3": {"CRMID": "crmid:4407325118", "orderDetails": {"orderID": "orderid:674342", "reservationid": "QM2-BURD", "orderType": "mobile", "hotelSKU": "prd1117", "hotelCheckInUnix": "1582648147", "hotelCheckOutUnix": "1583080147", "hotelCheckInTS": "2020-02-25T16:29:07+00:00", "hotelCheckOutTS": "2020-03-01T16:29:07+00:00", "hotelChain": "Admiralty Plaza", "hotelName": "Admiralty Plaza: Dublin", "hotelLocation": "Dublin", "hotelRoomType": "premium", "hotelRoomCount": "1", "hotelGuestAdultCount": "1", "hotelGuestChildCount": "0", "hotelNightCount": "5", "hotelRoomPrice": "124.07", "hotelFinalPrice": "620.35"}}}
{"_id": "orderid:610642", "timestamp": "2020-02-12T16:09:45.000Z", "eventType": "transaction", "_adobeamericaspot3": {"CRMID": "crmid:9353293730", "orderDetails": {"orderID": "orderid:610642", "reservationid": "86F-N8WN", "orderType": "website", "hotelSKU": "prd1142", "hotelCheckInUnix": "1581782985", "hotelCheckOutUnix": "1581955785", "hotelCheckInTS": "2020-02-15T16:09:45+00:00", "hotelCheckOutTS": "2020-02-17T16:09:45+00:00", "hotelChain": "Blue Reef Resort", "hotelName": "Blue Reef Resort: Philadelphia", "hotelLocation": "Philadelphia", "hotelRoomType": "standard", "hotelRoomCount": "1", "hotelGuestAdultCount": "1", "hotelGuestChildCount": "0", "hotelNightCount": "2", "hotelRoomPrice": "135.0", "hotelFinalPrice": "270.0"}}}
{"_id": "orderid:478958", "timestamp": "2019-12-18T14:40:57.000Z", "eventType": "transaction", "_adobeamericaspot3": {"CRMID": "crmid:2914562106", "orderDetails": {"orderID": "orderid:478958", "reservationid": "SDE-DRQ7", "orderType": "call center", "hotelSKU": "prd1194", "hotelCheckInUnix": "1578408057", "hotelCheckOutUnix": "1578753657", "hotelCheckInTS": "2020-01-07T14:40:57+00:00", "hotelCheckOutTS": "2020-01-11T14:40:57+00:00", "hotelChain": "Restful Nights", "hotelName": "Restful Nights: Tianjin", "hotelLocation": "Tianjin", "hotelRoomType": "standard", "hotelRoomCount": "1", "hotelGuestAdultCount": "1", "hotelGuestChildCount": "0", "hotelNightCount": "4", "hotelRoomPrice": "127.83", "hotelFinalPrice": "511.32"}}}
{"_id": "orderid:355386", "timestamp": "2019-12-06T07:22:28.000Z", "eventType": "transaction", "_adobeamericaspot3": {"CRMID": "crmid:1607501923", "orderDetails": {"orderID": "orderid:355386", "reservationid": "MNA-WJ3G", "orderType": "website", "hotelSKU": "prd1151", "hotelCheckInUnix": "1577344948", "hotelCheckOutUnix": "1577604148", "hotelCheckInTS": "2019-12-26T07:22:28+00:00", "hotelCheckOutTS": "2019-12-29T07:22:28+00:00", "hotelChain": "Nesting Box Inn", "hotelName": "Nesting Box Inn: Fort Worth", "hotelLocation": "Fort Worth", "hotelRoomType": "premium", "hotelRoomCount": "1", "hotelGuestAdultCount": "1", "hotelGuestChildCount": "0", "hotelNightCount": "3", "hotelRoomPrice": "162.06", "hotelFinalPrice": "486.18"}}}
{"_id": "orderid:453534", "timestamp": "2019-12-16T01:18:34.000Z", "eventType": "transaction", "_adobeamericaspot3": {"CRMID": "crmid:7293564091", "orderDetails": {"orderID": "orderid:453534", "reservationid": "GGZ-M6YA", "orderType": "mobile", "hotelSKU": "prd1028", "hotelCheckInUnix": "1576631914", "hotelCheckOutUnix": "1576718314", "hotelCheckInTS": "2019-12-18T01:18:34+00:00", "hotelCheckOutTS": "2019-12-19T01:18:34+00:00", "hotelChain": "Aspen Heights", "hotelName": "Aspen Heights: Portland", "hotelLocation": "Portland", "hotelRoomType": "standard", "hotelRoomCount": "1", "hotelGuestAdultCount": "1", "hotelGuestChildCount": "0", "hotelNightCount": "1", "hotelRoomPrice": "159.6", "hotelFinalPrice": "159.6"}}}
{"_id": "orderid:523579", "timestamp": "2020-02-05T12:32:26.000Z", "eventType": "transaction", "_adobeamericaspot3": {"CRMID": "crmid:8748947375", "orderDetails": {"orderID": "orderid:523579", "reservationid": "ZSX-BB0L", "orderType": "website", "hotelSKU": "prd1189", "hotelCheckInUnix": "1582979546", "hotelCheckOutUnix": "1583411546", "hotelCheckInTS": "2020-02-29T12:32:26+00:00", "hotelCheckOutTS": "2020-03-05T12:32:26+00:00", "hotelChain": "Admiralty Plaza", "hotelName": "Admiralty Plaza: Bakersfield", "hotelLocation": "Bakersfield", "hotelRoomType": "premium", "hotelRoomCount": "1", "hotelGuestAdultCount": "1", "hotelGuestChildCount": "0", "hotelNightCount": "5", "hotelRoomPrice": "197.21", "hotelFinalPrice": "986.05"}}}
{"_id": "orderid:915030", "timestamp": "2020-02-06T18:00:58.000Z", "eventType": "transaction", "_adobeamericaspot3": {"CRMID": "crmid:1472599431", "orderDetails": {"orderID": "orderid:915030", "reservationid": "16N-NIXW", "orderType": "call center", "hotelSKU": "prd1119", "hotelCheckInUnix": "1583258458", "hotelCheckOutUnix": "1583863258", "hotelCheckInTS": "2020-03-03T18:00:58+00:00", "hotelCheckOutTS": "2020-03-10T18:00:58+00:00", "hotelChain": "Hospitality Inn", "hotelName": "Hospitality Inn: Turin", "hotelLocation": "Turin", "hotelRoomType": "standard", "hotelRoomCount": "1", "hotelGuestAdultCount": "1", "hotelGuestChildCount": "0", "hotelNightCount": "7", "hotelRoomPrice": "120.32", "hotelFinalPrice": "842.24"}}}
{"_id": "orderid:127470", "timestamp": "2019-12-16T20:22:55.000Z", "eventType": "transaction", "_adobeamericaspot3": {"CRMID": "crmid:2388775815", "orderDetails": {"orderID": "orderid:127470", "reservationid": "TWK-TIB7", "orderType": "website", "hotelSKU": "prd1021", "hotelCheckInUnix": "1576614175", "hotelCheckOutUnix": "1576959775", "hotelCheckInTS": "2019-12-17T20:22:55+00:00", "hotelCheckOutTS": "2019-12-21T20:22:55+00:00", "hotelChain": "Admiralty Plaza", "hotelName": "Admiralty Plaza: Denver", "hotelLocation": "Denver", "hotelRoomType": "premium", "hotelRoomCount": "1", "hotelGuestAdultCount": "1", "hotelGuestChildCount": "0", "hotelNightCount": "4", "hotelRoomPrice": "138.06", "hotelFinalPrice": "552.24"}}}
{"_id": "orderid:856350", "timestamp": "2020-01-29T05:45:56.000Z", "eventType": "transaction", "_adobeamericaspot3": {"CRMID": "crmid:9269756629", "orderDetails": {"orderID": "orderid:856350", "reservationid": "JQJ-MQIN", "orderType": "website", "hotelSKU": "prd1004", "hotelCheckInUnix": "1580967956", "hotelCheckOutUnix": "1581659156", "hotelCheckInTS": "2020-02-06T05:45:56+00:00", "hotelCheckOutTS": "2020-02-14T05:45:56+00:00", "hotelChain": "Aspen Heights", "hotelName": "Aspen Heights: Boulder", "hotelLocation": "Boulder", "hotelRoomType": "luxury", "hotelRoomCount": "1", "hotelGuestAdultCount": "1", "hotelGuestChildCount": "0", "hotelNightCount": "8", "hotelRoomPrice": "400.02", "hotelFinalPrice": "3200.16"}}}
{"_id": "orderid:387561", "timestamp": "2020-01-27T14:48:11.000Z", "eventType": "transaction", "_adobeamericaspot3": {"CRMID": "crmid:6617104682", "orderDetails": {"orderID": "orderid:387561", "reservationid": "WUV-U4ZH", "orderType": "kiosk", "hotelSKU": "prd1053", "hotelCheckInUnix": "1580741291", "hotelCheckOutUnix": "1581000491", "hotelCheckInTS": "2020-02-03T14:48:11+00:00", "hotelCheckOutTS": "2020-02-06T14:48:11+00:00", "hotelChain": "Sapphire Suites", "hotelName": "Sapphire Suites: Cleveland", "hotelLocation": "Cleveland", "hotelRoomType": "premium", "hotelRoomCount": "1", "hotelGuestAdultCount": "1", "hotelGuestChildCount": "0", "hotelNightCount": "3", "hotelRoomPrice": "147.29", "hotelFinalPrice": "441.87"}}}
{"_id": "orderid:551861", "timestamp": "2019-12-25T06:48:34.000Z", "eventType": "transaction", "_adobeamericaspot3": {"CRMID": "crmid:8186761998", "orderDetails": {"orderID": "orderid:551861", "reservationid": "LOG-IDAA", "orderType": "mobile", "hotelSKU": "prd1071", "hotelCheckInUnix": "1579330114", "hotelCheckOutUnix": "1579934914", "hotelCheckInTS": "2020-01-18T06:48:34+00:00", "hotelCheckOutTS": "2020-01-25T06:48:34+00:00", "hotelChain": "Hospitality Inn", "hotelName": "Hospitality Inn: Seoul", "hotelLocation": "Seoul", "hotelRoomType": "ultra-luxury", "hotelRoomCount": "1", "hotelGuestAdultCount": "1", "hotelGuestChildCount": "0", "hotelNightCount": "7", "hotelRoomPrice": "366.52", "hotelFinalPrice": "2565.64"}}}
{"_id": "orderid:489065", "timestamp": "2020-02-16T07:06:47.000Z", "eventType": "transaction", "_adobeamericaspot3": {"CRMID": "crmid:3708725869", "orderDetails": {"orderID": "orderid:489065", "reservationid": "66T-XX7Z", "orderType": "website", "hotelSKU": "prd1100", "hotelCheckInUnix": "1581923207", "hotelCheckOutUnix": "1582009607", "hotelCheckInTS": "2020-02-17T07:06:47+00:00", "hotelCheckOutTS": "2020-02-18T07:06:47+00:00", "hotelChain": "Aspen Heights", "hotelName": "Aspen Heights: Misk", "hotelLocation": "Misk", "hotelRoomType": "standard", "hotelRoomCount": "1", "hotelGuestAdultCount": "1", "hotelGuestChildCount": "0", "hotelNightCount": "1", "hotelRoomPrice": "140.22", "hotelFinalPrice": "140.22"}}}
{"_id": "orderid:259540", "timestamp": "2020-01-26T00:55:18.000Z", "eventType": "transaction", "_adobeamericaspot3": {"CRMID": "crmid:5045971960", "orderDetails": {"orderID": "orderid:259540", "reservationid": "KQN-MFFJ", "orderType": "service desk", "hotelSKU": "prd1118", "hotelCheckInUnix": "1580259318", "hotelCheckOutUnix": "1580345718", "hotelCheckInTS": "2020-01-29T00:55:18+00:00", "hotelCheckOutTS": "2020-01-30T00:55:18+00:00", "hotelChain": "Blue Reef Resort", "hotelName": "Blue Reef Resort: Cologne", "hotelLocation": "Cologne", "hotelRoomType": "standard", "hotelRoomCount": "1", "hotelGuestAdultCount": "1", "hotelGuestChildCount": "0", "hotelNightCount": "1", "hotelRoomPrice": "78.85", "hotelFinalPrice": "78.85"}}}
{"_id": "orderid:352161", "timestamp": "2019-12-19T14:10:01.000Z", "eventType": "transaction", "_adobeamericaspot3": {"CRMID": "crmid:3178695444", "orderDetails": {"orderID": "orderid:352161", "reservationid": "Q0G-JRRF", "orderType": "service desk", "hotelSKU": "prd1157", "hotelCheckInUnix": "1577628601", "hotelCheckOutUnix": "1578665401", "hotelCheckInTS": "2019-12-29T14:10:01+00:00", "hotelCheckOutTS": "2020-01-10T14:10:01+00:00", "hotelChain": "Grandeur Hotels", "hotelName": "Grandeur Hotels: Boston", "hotelLocation": "Boston", "hotelRoomType": "luxury", "hotelRoomCount": "1", "hotelGuestAdultCount": "1", "hotelGuestChildCount": "0", "hotelNightCount": "12", "hotelRoomPrice": "301.31", "hotelFinalPrice": "3615.72"}}}
{"_id": "orderid:837936", "timestamp": "2019-12-26T15:08:06.000Z", "eventType": "transaction", "_adobeamericaspot3": {"CRMID": "crmid:5355772599", "orderDetails": {"orderID": "orderid:837936", "reservationid": "NP3-QM9H", "orderType": "mobile", "hotelSKU": "prd1040", "hotelCheckInUnix": "1577459286", "hotelCheckOutUnix": "1577545686", "hotelCheckInTS": "2019-12-27T15:08:06+00:00", "hotelCheckOutTS": "2019-12-28T15:08:06+00:00", "hotelChain": "Aspen Heights", "hotelName": "Aspen Heights: Atlanta", "hotelLocation": "Atlanta", "hotelRoomType": "standard", "hotelRoomCount": "1", "hotelGuestAdultCount": "1", "hotelGuestChildCount": "0", "hotelNightCount": "1", "hotelRoomPrice": "106.13", "hotelFinalPrice": "106.13"}}}
{"_id": "orderid:944804", "timestamp": "2020-02-08T15:45:19.000Z", "eventType": "transaction", "_adobeamericaspot3": {"CRMID": "crmid:7476640734", "orderDetails": {"orderID": "orderid:944804", "reservationid": "QLN-BHUA", "orderType": "website", "hotelSKU": "prd1118", "hotelCheckInUnix": "1582559119", "hotelCheckOutUnix": "1583077519", "hotelCheckInTS": "2020-02-24T15:45:19+00:00", "hotelCheckOutTS": "2020-03-01T15:45:19+00:00", "hotelChain": "Blue Reef Resort", "hotelName": "Blue Reef Resort: Cologne", "hotelLocation": "Cologne", "hotelRoomType": "standard", "hotelRoomCount": "1", "hotelGuestAdultCount": "1", "hotelGuestChildCount": "0", "hotelNightCount": "6", "hotelRoomPrice": "137.78", "hotelFinalPrice": "826.68"}}}
{"_id": "orderid:696249", "timestamp": "2019-12-14T02:07:18.000Z", "eventType": "transaction", "_adobeamericaspot3": {"CRMID": "crmid:5195601754", "orderDetails": {"orderID": "orderid:696249", "reservationid": "ISE-QXO9", "orderType": "kiosk", "hotelSKU": "prd1157", "hotelCheckInUnix": "1576980438", "hotelCheckOutUnix": "1577412438", "hotelCheckInTS": "2019-12-22T02:07:18+00:00", "hotelCheckOutTS": "2019-12-27T02:07:18+00:00", "hotelChain": "Grandeur Hotels", "hotelName": "Grandeur Hotels: Boston", "hotelLocation": "Boston", "hotelRoomType": "premium", "hotelRoomCount": "1", "hotelGuestAdultCount": "1", "hotelGuestChildCount": "2", "hotelNightCount": "5", "hotelRoomPrice": "108.25", "hotelFinalPrice": "541.25"}}}
{"_id": "orderid:927752", "timestamp": "2020-01-29T07:22:23.000Z", "eventType": "transaction", "_adobeamericaspot3": {"CRMID": "crmid:3639444506", "orderDetails": {"orderID": "orderid:927752", "reservationid": "UTI-RGDB", "orderType": "kiosk", "hotelSKU": "prd1061", "hotelCheckInUnix": "1580368943", "hotelCheckOutUnix": "1580541743", "hotelCheckInTS": "2020-01-30T07:22:23+00:00", "hotelCheckOutTS": "2020-02-01T07:22:23+00:00", "hotelChain": "Grandeur Hotels", "hotelName": "Grandeur Hotels: Lahore", "hotelLocation": "Lahore", "hotelRoomType": "standard", "hotelRoomCount": "1", "hotelGuestAdultCount": "1", "hotelGuestChildCount": "0", "hotelNightCount": "2", "hotelRoomPrice": "143.45", "hotelFinalPrice": "286.9"}}}
{"_id": "orderid:281537", "timestamp": "2020-01-12T18:40:40.000Z", "eventType": "transaction", "_adobeamericaspot3": {"CRMID": "crmid:3989246006", "orderDetails": {"orderID": "orderid:281537", "reservationid": "153-VEYN", "orderType": "service desk", "hotelSKU": "prd1034", "hotelCheckInUnix": "1581446440", "hotelCheckOutUnix": "1582396840", "hotelCheckInTS": "2020-02-11T18:40:40+00:00", "hotelCheckOutTS": "2020-02-22T18:40:40+00:00", "hotelChain": "Blue Reef Resort", "hotelName": "Blue Reef Resort: Albuquerque", "hotelLocation": "Albuquerque", "hotelRoomType": "standard", "hotelRoomCount": "1", "hotelGuestAdultCount": "1", "hotelGuestChildCount": "0", "hotelNightCount": "11", "hotelRoomPrice": "91.43", "hotelFinalPrice": "1005.73"}}}
{"_id": "orderid:822292", "timestamp": "2020-01-10T05:39:28.000Z", "eventType": "transaction", "_adobeamericaspot3": {"CRMID": "crmid:8583153776", "orderDetails": {"orderID": "orderid:822292", "reservationid": "AQR-ZT2M", "orderType": "mobile", "hotelSKU": "prd1069", "hotelCheckInUnix": "1579066768", "hotelCheckOutUnix": "1579153168", "hotelCheckInTS": "2020-01-15T05:39:28+00:00", "hotelCheckOutTS": "2020-01-16T05:39:28+00:00", "hotelChain": "Admiralty Plaza", "hotelName": "Admiralty Plaza: Singapore", "hotelLocation": "Singapore", "hotelRoomType": "ultra-luxury", "hotelRoomCount": "1", "hotelGuestAdultCount": "1", "hotelGuestChildCount": "0", "hotelNightCount": "1", "hotelRoomPrice": "330.91", "hotelFinalPrice": "330.91"}}}
{"_id": "orderid:925459", "timestamp": "2020-01-11T15:29:20.000Z", "eventType": "transaction", "_adobeamericaspot3": {"CRMID": "crmid:2092418075", "orderDetails": {"orderID": "orderid:925459", "reservationid": "WUI-ZBOZ", "orderType": "mobile", "hotelSKU": "prd1053", "hotelCheckInUnix": "1580916560", "hotelCheckOutUnix": "1581953360", "hotelCheckInTS": "2020-02-05T15:29:20+00:00", "hotelCheckOutTS": "2020-02-17T15:29:20+00:00", "hotelChain": "Sapphire Suites", "hotelName": "Sapphire Suites: Cleveland", "hotelLocation": "Cleveland", "hotelRoomType": "luxury", "hotelRoomCount": "1", "hotelGuestAdultCount": "1", "hotelGuestChildCount": "2", "hotelNightCount": "12", "hotelRoomPrice": "388.46", "hotelFinalPrice": "4661.52"}}}
{"_id": "orderid:211727", "timestamp": "2020-01-11T06:14:13.000Z", "eventType": "transaction", "_adobeamericaspot3": {"CRMID": "crmid:6266976372", "orderDetails": {"orderID": "orderid:211727", "reservationid": "0OC-PECJ", "orderType": "website", "hotelSKU": "prd1003", "hotelCheckInUnix": "1578809653", "hotelCheckOutUnix": "1579241653", "hotelCheckInTS": "2020-01-12T06:14:13+00:00", "hotelCheckOutTS": "2020-01-17T06:14:13+00:00", "hotelChain": "Family Fun Hotels", "hotelName": "Family Fun Hotels: Houston", "hotelLocation": "Houston", "hotelRoomType": "standard", "hotelRoomCount": "1", "hotelGuestAdultCount": "1", "hotelGuestChildCount": "0", "hotelNightCount": "5", "hotelRoomPrice": "128.58", "hotelFinalPrice": "642.9"}}}
{"_id": "orderid:641736", "timestamp": "2020-02-10T09:34:17.000Z", "eventType": "transaction", "_adobeamericaspot3": {"CRMID": "crmid:4531480402", "orderDetails": {"orderID": "orderid:641736", "reservationid": "WGN-78CF", "orderType": "website", "hotelSKU": "prd1012", "hotelCheckInUnix": "1583660057", "hotelCheckOutUnix": "1584869657", "hotelCheckInTS": "2020-03-08T09:34:17+00:00", "hotelCheckOutTS": "2020-03-22T09:34:17+00:00", "hotelChain": "Sandhill", "hotelName": "Sandhill: San Jose", "hotelLocation": "San Jose", "hotelRoomType": "standard", "hotelRoomCount": "1", "hotelGuestAdultCount": "1", "hotelGuestChildCount": "3", "hotelNightCount": "14", "hotelRoomPrice": "133.38", "hotelFinalPrice": "1867.32"}}}
{"_id": "orderid:280909", "timestamp": "2020-02-15T10:00:18.000Z", "eventType": "transaction", "_adobeamericaspot3": {"CRMID": "crmid:1692936810", "orderDetails": {"orderID": "orderid:280909", "reservationid": "B3S-OZMS", "orderType": "kiosk", "hotelSKU": "prd1165", "hotelCheckInUnix": "1583488818", "hotelCheckOutUnix": "1583748018", "hotelCheckInTS": "2020-03-06T10:00:18+00:00", "hotelCheckOutTS": "2020-03-09T10:00:18+00:00", "hotelChain": "Admiralty Plaza", "hotelName": "Admiralty Plaza: Louisville", "hotelLocation": "Louisville", "hotelRoomType": "standard", "hotelRoomCount": "1", "hotelGuestAdultCount": "1", "hotelGuestChildCount": "2", "hotelNightCount": "3", "hotelRoomPrice": "105.27", "hotelFinalPrice": "315.81"}}}
{"_id": "orderid:978217", "timestamp": "2019-12-12T06:38:42.000Z", "eventType": "transaction", "_adobeamericaspot3": {"CRMID": "crmid:5639068887", "orderDetails": {"orderID": "orderid:978217", "reservationid": "EFF-B48R", "orderType": "call center", "hotelSKU": "prd1077", "hotelCheckInUnix": "1576305522", "hotelCheckOutUnix": "1576391922", "hotelCheckInTS": "2019-12-14T06:38:42+00:00", "hotelCheckOutTS": "2019-12-15T06:38:42+00:00", "hotelChain": "Sapphire Suites", "hotelName": "Sapphire Suites: Cairo", "hotelLocation": "Cairo", "hotelRoomType": "premium", "hotelRoomCount": "1", "hotelGuestAdultCount": "1", "hotelGuestChildCount": "0", "hotelNightCount": "1", "hotelRoomPrice": "141.06", "hotelFinalPrice": "141.06"}}}
{"_id": "orderid:814794", "timestamp": "2020-02-12T16:28:26.000Z", "eventType": "transaction", "_adobeamericaspot3": {"CRMID": "crmid:1535034846", "orderDetails": {"orderID": "orderid:814794", "reservationid": "JCX-LAC7", "orderType": "website", "hotelSKU": "prd1011", "hotelCheckInUnix": "1582993706", "hotelCheckOutUnix": "1584030506", "hotelCheckInTS": "2020-02-29T16:28:26+00:00", "hotelCheckOutTS": "2020-03-12T16:28:26+00:00", "hotelChain": "Hospitality Inn", "hotelName": "Hospitality Inn: Dallas", "hotelLocation": "Dallas", "hotelRoomType": "standard", "hotelRoomCount": "1", "hotelGuestAdultCount": "1", "hotelGuestChildCount": "0", "hotelNightCount": "12", "hotelRoomPrice": "125.67", "hotelFinalPrice": "1508.04"}}}
{"_id": "orderid:172033", "timestamp": "2019-12-02T12:54:38.000Z", "eventType": "transaction", "_adobeamericaspot3": {"CRMID": "crmid:5432578429", "orderDetails": {"orderID": "orderid:172033", "reservationid": "LFC-1PJE", "orderType": "kiosk", "hotelSKU": "prd1157", "hotelCheckInUnix": "1575377678", "hotelCheckOutUnix": "1575636878", "hotelCheckInTS": "2019-12-03T12:54:38+00:00", "hotelCheckOutTS": "2019-12-06T12:54:38+00:00", "hotelChain": "Grandeur Hotels", "hotelName": "Grandeur Hotels: Boston", "hotelLocation": "Boston", "hotelRoomType": "standard", "hotelRoomCount": "1", "hotelGuestAdultCount": "1", "hotelGuestChildCount": "0", "hotelNightCount": "3", "hotelRoomPrice": "101.76", "hotelFinalPrice": "305.28"}}}
{"_id": "orderid:201809", "timestamp": "2019-12-28T17:08:17.000Z", "eventType": "transaction", "_adobeamericaspot3": {"CRMID": "crmid:2828587633", "orderDetails": {"orderID": "orderid:201809", "reservationid": "UOX-YTAQ", "orderType": "service desk", "hotelSKU": "prd1035", "hotelCheckInUnix": "1579799297", "hotelCheckOutUnix": "1580749697", "hotelCheckInTS": "2020-01-23T17:08:17+00:00", "hotelCheckOutTS": "2020-02-03T17:08:17+00:00", "hotelChain": "Hospitality Inn", "hotelName": "Hospitality Inn: Tucson", "hotelLocation": "Tucson", "hotelRoomType": "standard", "hotelRoomCount": "1", "hotelGuestAdultCount": "1", "hotelGuestChildCount": "0", "hotelNightCount": "11", "hotelRoomPrice": "154.59", "hotelFinalPrice": "1700.49"}}}
{"_id": "orderid:865348", "timestamp": "2020-01-31T07:54:22.000Z", "eventType": "transaction", "_adobeamericaspot3": {"CRMID": "crmid:6621194805", "orderDetails": {"orderID": "orderid:865348", "reservationid": "TNG-32QI", "orderType": "service desk", "hotelSKU": "prd1160", "hotelCheckInUnix": "1582012462", "hotelCheckOutUnix": "1582617262", "hotelCheckInTS": "2020-02-18T07:54:22+00:00", "hotelCheckOutTS": "2020-02-25T07:54:22+00:00", "hotelChain": "Aspen Heights", "hotelName": "Aspen Heights: Nashville", "hotelLocation": "Nashville", "hotelRoomType": "standard", "hotelRoomCount": "1", "hotelGuestAdultCount": "1", "hotelGuestChildCount": "0", "hotelNightCount": "7", "hotelRoomPrice": "174.18", "hotelFinalPrice": "1219.26"}}}
{"_id": "orderid:545689", "timestamp": "2019-12-09T15:17:11.000Z", "eventType": "transaction", "_adobeamericaspot3": {"CRMID": "crmid:3372313834", "orderDetails": {"orderID": "orderid:545689", "reservationid": "4VI-LXB4", "orderType": "website", "hotelSKU": "prd1088", "hotelCheckInUnix": "1577719031", "hotelCheckOutUnix": "1578583031", "hotelCheckInTS": "2019-12-30T15:17:11+00:00", "hotelCheckOutTS": "2020-01-09T15:17:11+00:00", "hotelChain": "Aspen Heights", "hotelName": "Aspen Heights: Ankara", "hotelLocation": "Ankara", "hotelRoomType": "standard", "hotelRoomCount": "1", "hotelGuestAdultCount": "1", "hotelGuestChildCount": "0", "hotelNightCount": "10", "hotelRoomPrice": "131.32", "hotelFinalPrice": "1313.2"}}}
{"_id": "orderid:459869", "timestamp": "2019-12-25T23:07:54.000Z", "eventType": "transaction", "_adobeamericaspot3": {"CRMID": "crmid:9511802325", "orderDetails": {"orderID": "orderid:459869", "reservationid": "XLO-Q3DU", "orderType": "website", "hotelSKU": "prd1019", "hotelCheckInUnix": "1578006474", "hotelCheckOutUnix": "1578524874", "hotelCheckInTS": "2020-01-02T23:07:54+00:00", "hotelCheckOutTS": "2020-01-08T23:07:54+00:00", "hotelChain": "Nesting Box Inn", "hotelName": "Nesting Box Inn: Charlotte", "hotelLocation": "Charlotte", "hotelRoomType": "standard", "hotelRoomCount": "1", "hotelGuestAdultCount": "1", "hotelGuestChildCount": "0", "hotelNightCount": "6", "hotelRoomPrice": "174.48", "hotelFinalPrice": "1046.88"}}}
{"_id": "orderid:527969", "timestamp": "2020-01-31T21:43:10.000Z", "eventType": "transaction", "_adobeamericaspot3": {"CRMID": "crmid:5943758240", "orderDetails": {"orderID": "orderid:527969", "reservationid": "IVK-JZF9", "orderType": "kiosk", "hotelSKU": "prd1173", "hotelCheckInUnix": "1582407790", "hotelCheckOutUnix": "1582839790", "hotelCheckInTS": "2020-02-22T21:43:10+00:00", "hotelCheckOutTS": "2020-02-27T21:43:10+00:00", "hotelChain": "Sapphire Suites", "hotelName": "Sapphire Suites: Kansas City", "hotelLocation": "Kansas City", "hotelRoomType": "standard", "hotelRoomCount": "1", "hotelGuestAdultCount": "1", "hotelGuestChildCount": "0", "hotelNightCount": "5", "hotelRoomPrice": "161.26", "hotelFinalPrice": "806.3"}}}
{"_id": "orderid:134828", "timestamp": "2019-12-10T12:27:02.000Z", "eventType": "transaction", "_adobeamericaspot3": {"CRMID": "crmid:7009904497", "orderDetails": {"orderID": "orderid:134828", "reservationid": "5UO-4DBU", "orderType": "call center", "hotelSKU": "prd1190", "hotelCheckInUnix": "1576067222", "hotelCheckOutUnix": "1576412822", "hotelCheckInTS": "2019-12-11T12:27:02+00:00", "hotelCheckOutTS": "2019-12-15T12:27:02+00:00", "hotelChain": "Blue Reef Resort", "hotelName": "Blue Reef Resort: Aurora", "hotelLocation": "Aurora", "hotelRoomType": "standard", "hotelRoomCount": "1", "hotelGuestAdultCount": "1", "hotelGuestChildCount": "0", "hotelNightCount": "4", "hotelRoomPrice": "156.76", "hotelFinalPrice": "627.04"}}}
{"_id": "orderid:337399", "timestamp": "2020-02-01T05:06:39.000Z", "eventType": "transaction", "_adobeamericaspot3": {"CRMID": "crmid:6869493210", "orderDetails": {"orderID": "orderid:337399", "reservationid": "I8E-HUJL", "orderType": "website", "hotelSKU": "prd1093", "hotelCheckInUnix": "1582952799", "hotelCheckOutUnix": "1583471199", "hotelCheckInTS": "2020-02-29T05:06:39+00:00", "hotelCheckOutTS": "2020-03-06T05:06:39+00:00", "hotelChain": "Admiralty Plaza", "hotelName": "Admiralty Plaza: Yokohama", "hotelLocation": "Yokohama", "hotelRoomType": "standard", "hotelRoomCount": "1", "hotelGuestAdultCount": "1", "hotelGuestChildCount": "0", "hotelNightCount": "6", "hotelRoomPrice": "147.27", "hotelFinalPrice": "883.62"}}}
{"_id": "orderid:766790", "timestamp": "2019-12-24T05:50:47.000Z", "eventType": "transaction", "_adobeamericaspot3": {"CRMID": "crmid:8255184274", "orderDetails": {"orderID": "orderid:766790", "reservationid": "GFB-LGCA", "orderType": "call center", "hotelSKU": "prd1076", "hotelCheckInUnix": "1579067447", "hotelCheckOutUnix": "1580190647", "hotelCheckInTS": "2020-01-15T05:50:47+00:00", "hotelCheckOutTS": "2020-01-28T05:50:47+00:00", "hotelChain": "Aspen Heights", "hotelName": "Aspen Heights: Bogota", "hotelLocation": "Bogota", "hotelRoomType": "standard", "hotelRoomCount": "1", "hotelGuestAdultCount": "1", "hotelGuestChildCount": "0", "hotelNightCount": "13", "hotelRoomPrice": "140.37", "hotelFinalPrice": "1824.81"}}}
{"_id": "orderid:405274", "timestamp": "2020-01-16T16:17:46.000Z", "eventType": "transaction", "_adobeamericaspot3": {"CRMID": "crmid:1890351691", "orderDetails": {"orderID": "orderid:405274", "reservationid": "W25-I2X1", "orderType": "mobile", "hotelSKU": "prd1100", "hotelCheckInUnix": "1579277866", "hotelCheckOutUnix": "1579450666", "hotelCheckInTS": "2020-01-17T16:17:46+00:00", "hotelCheckOutTS": "2020-01-19T16:17:46+00:00", "hotelChain": "Aspen Heights", "hotelName": "Aspen Heights: Misk", "hotelLocation": "Misk", "hotelRoomType": "premium", "hotelRoomCount": "1", "hotelGuestAdultCount": "1", "hotelGuestChildCount": "0", "hotelNightCount": "2", "hotelRoomPrice": "126.96", "hotelFinalPrice": "253.92"}}}
{"_id": "orderid:636231", "timestamp": "2020-01-20T00:00:00.000Z", "eventType": "transaction", "_adobeamericaspot3": {"CRMID": "crmid:1890351691", "orderDetails": {"orderID": "orderid:636231", "reservationid": "W9S-TI77", "orderType": "kiosk", "hotelSKU": "prd1002", "hotelCheckInUnix": "1579564800", "hotelCheckOutUnix": "1579996800", "hotelCheckInTS": "2020-01-21T00:00:00+00:00", "hotelCheckOutTS": "2020-01-26T00:00:00+00:00", "hotelChain": "Restful Nights", "hotelName": "Restful Nights: Chicago", "hotelLocation": "Chicago", "hotelRoomType": "premium", "hotelRoomCount": "1", "hotelGuestAdultCount": "1", "hotelGuestChildCount": "0", "hotelNightCount": "5", "hotelRoomPrice": "198.16", "hotelFinalPrice": "990.8"}}}
{"_id": "orderid:618048", "timestamp": "2019-12-13T20:42:08.000Z", "eventType": "transaction", "_adobeamericaspot3": {"CRMID": "crmid:1246502681", "orderDetails": {"orderID": "orderid:618048", "reservationid": "CEI-YWXY", "orderType": "call center", "hotelSKU": "prd1038", "hotelCheckInUnix": "1577911328", "hotelCheckOutUnix": "1578429728", "hotelCheckInTS": "2020-01-01T20:42:08+00:00", "hotelCheckOutTS": "2020-01-07T20:42:08+00:00", "hotelChain": "Restful Nights", "hotelName": "Restful Nights: Mesa", "hotelLocation": "Mesa", "hotelRoomType": "standard", "hotelRoomCount": "1", "hotelGuestAdultCount": "1", "hotelGuestChildCount": "0", "hotelNightCount": "6", "hotelRoomPrice": "172.44", "hotelFinalPrice": "1034.64"}}}
{"_id": "orderid:283202", "timestamp": "2020-01-07T10:28:56.000Z", "eventType": "transaction", "_adobeamericaspot3": {"CRMID": "crmid:9613032431", "orderDetails": {"orderID": "orderid:283202", "reservationid": "VS9-60DZ", "orderType": "kiosk", "hotelSKU": "prd1071", "hotelCheckInUnix": "1579775336", "hotelCheckOutUnix": "1580293736", "hotelCheckInTS": "2020-01-23T10:28:56+00:00", "hotelCheckOutTS": "2020-01-29T10:28:56+00:00", "hotelChain": "Hospitality Inn", "hotelName": "Hospitality Inn: Seoul", "hotelLocation": "Seoul", "hotelRoomType": "standard", "hotelRoomCount": "1", "hotelGuestAdultCount": "1", "hotelGuestChildCount": "0", "hotelNightCount": "6", "hotelRoomPrice": "102.54", "hotelFinalPrice": "615.24"}}}
{"_id": "orderid:907049", "timestamp": "2020-02-16T08:42:36.000Z", "eventType": "transaction", "_adobeamericaspot3": {"CRMID": "crmid:4484990172", "orderDetails": {"orderID": "orderid:907049", "reservationid": "TWI-3EGE", "orderType": "call center", "hotelSKU": "prd1070", "hotelCheckInUnix": "1582533756", "hotelCheckOutUnix": "1583052156", "hotelCheckInTS": "2020-02-24T08:42:36+00:00", "hotelCheckOutTS": "2020-03-01T08:42:36+00:00", "hotelChain": "Blue Reef Resort", "hotelName": "Blue Reef Resort: Jakarta", "hotelLocation": "Jakarta", "hotelRoomType": "luxury", "hotelRoomCount": "1", "hotelGuestAdultCount": "1", "hotelGuestChildCount": "0", "hotelNightCount": "6", "hotelRoomPrice": "348.7", "hotelFinalPrice": "2092.2"}}}
{"_id": "orderid:690289", "timestamp": "2020-02-05T00:35:00.000Z", "eventType": "transaction", "_adobeamericaspot3": {"CRMID": "crmid:6673600210", "orderDetails": {"orderID": "orderid:690289", "reservationid": "SDD-RWXJ", "orderType": "kiosk", "hotelSKU": "prd1148", "hotelCheckInUnix": "1580949300", "hotelCheckOutUnix": "1581035700", "hotelCheckInTS": "2020-02-06T00:35:00+00:00", "hotelCheckOutTS": "2020-02-07T00:35:00+00:00", "hotelChain": "Aspen Heights", "hotelName": "Aspen Heights: Jacksonville", "hotelLocation": "Jacksonville", "hotelRoomType": "premium", "hotelRoomCount": "1", "hotelGuestAdultCount": "1", "hotelGuestChildCount": "0", "hotelNightCount": "1", "hotelRoomPrice": "114.19", "hotelFinalPrice": "114.19"}}}
{"_id": "orderid:805139", "timestamp": "2019-12-19T01:18:14.000Z", "eventType": "transaction", "_adobeamericaspot3": {"CRMID": "crmid:7753010911", "orderDetails": {"orderID": "orderid:805139", "reservationid": "PCL-SJ8P", "orderType": "mobile", "hotelSKU": "prd1040", "hotelCheckInUnix": "1578964694", "hotelCheckOutUnix": "1580174294", "hotelCheckInTS": "2020-01-14T01:18:14+00:00", "hotelCheckOutTS": "2020-01-28T01:18:14+00:00", "hotelChain": "Aspen Heights", "hotelName": "Aspen Heights: Atlanta", "hotelLocation": "Atlanta", "hotelRoomType": "premium", "hotelRoomCount": "1", "hotelGuestAdultCount": "1", "hotelGuestChildCount": "4", "hotelNightCount": "14", "hotelRoomPrice": "137.87", "hotelFinalPrice": "1930.18"}}}
{"_id": "orderid:175946", "timestamp": "2019-12-21T19:37:58.000Z", "eventType": "transaction", "_adobeamericaspot3": {"CRMID": "crmid:8587859831", "orderDetails": {"orderID": "orderid:175946", "reservationid": "5RL-SHNF", "orderType": "website", "hotelSKU": "prd1194", "hotelCheckInUnix": "1579117078", "hotelCheckOutUnix": "1580413078", "hotelCheckInTS": "2020-01-15T19:37:58+00:00", "hotelCheckOutTS": "2020-01-30T19:37:58+00:00", "hotelChain": "Restful Nights", "hotelName": "Restful Nights: Tianjin", "hotelLocation": "Tianjin", "hotelRoomType": "ultra-luxury", "hotelRoomCount": "1", "hotelGuestAdultCount": "1", "hotelGuestChildCount": "0", "hotelNightCount": "15", "hotelRoomPrice": "329.37", "hotelFinalPrice": "4940.55"}}}
{"_id": "orderid:536362", "timestamp": "2019-12-23T19:14:12.000Z", "eventType": "transaction", "_adobeamericaspot3": {"CRMID": "crmid:3110826478", "orderDetails": {"orderID": "orderid:536362", "reservationid": "PTJ-NMJO", "orderType": "mobile", "hotelSKU": "prd1028", "hotelCheckInUnix": "1579374852", "hotelCheckOutUnix": "1579547652", "hotelCheckInTS": "2020-01-18T19:14:12+00:00", "hotelCheckOutTS": "2020-01-20T19:14:12+00:00", "hotelChain": "Aspen Heights", "hotelName": "Aspen Heights: Portland", "hotelLocation": "Portland", "hotelRoomType": "standard", "hotelRoomCount": "1", "hotelGuestAdultCount": "1", "hotelGuestChildCount": "0", "hotelNightCount": "2", "hotelRoomPrice": "134.79", "hotelFinalPrice": "269.58"}}}
{"_id": "orderid:975369", "timestamp": "2019-12-26T19:26:32.000Z", "eventType": "transaction", "_adobeamericaspot3": {"CRMID": "crmid:8263715707", "orderDetails": {"orderID": "orderid:975369", "reservationid": "KHG-5CMM", "orderType": "call center", "hotelSKU": "prd1016", "hotelCheckInUnix": "1577906792", "hotelCheckOutUnix": "1578338792", "hotelCheckInTS": "2020-01-01T19:26:32+00:00", "hotelCheckOutTS": "2020-01-06T19:26:32+00:00", "hotelChain": "Aspen Heights", "hotelName": "Aspen Heights: Columbus", "hotelLocation": "Columbus", "hotelRoomType": "standard", "hotelRoomCount": "1", "hotelGuestAdultCount": "1", "hotelGuestChildCount": "1", "hotelNightCount": "5", "hotelRoomPrice": "106.23", "hotelFinalPrice": "531.15"}}}
{"_id": "orderid:800644", "timestamp": "2019-12-30T19:12:35.000Z", "eventType": "transaction", "_adobeamericaspot3": {"CRMID": "crmid:6617137427", "orderDetails": {"orderID": "orderid:800644", "reservationid": "5MX-VDPH", "orderType": "website", "hotelSKU": "prd1043", "hotelCheckInUnix": "1580238755", "hotelCheckOutUnix": "1580843555", "hotelCheckInTS": "2020-01-28T19:12:35+00:00", "hotelCheckOutTS": "2020-02-04T19:12:35+00:00", "hotelChain": "Nesting Box Inn", "hotelName": "Nesting Box Inn: Raleigh", "hotelLocation": "Raleigh", "hotelRoomType": "standard", "hotelRoomCount": "1", "hotelGuestAdultCount": "1", "hotelGuestChildCount": "0", "hotelNightCount": "7", "hotelRoomPrice": "160.47", "hotelFinalPrice": "1123.29"}}}
{"_id": "orderid:233259", "timestamp": "2020-01-12T01:17:56.000Z", "eventType": "transaction", "_adobeamericaspot3": {"CRMID": "crmid:5698269481", "orderDetails": {"orderID": "orderid:233259", "reservationid": "SOX-QDYW", "orderType": "service desk", "hotelSKU": "prd1032", "hotelCheckInUnix": "1581038276", "hotelCheckOutUnix": "1581470276", "hotelCheckInTS": "2020-02-07T01:17:56+00:00", "hotelCheckOutTS": "2020-02-12T01:17:56+00:00", "hotelChain": "Repose Resort", "hotelName": "Repose Resort: Baltimore", "hotelLocation": "Baltimore", "hotelRoomType": "standard", "hotelRoomCount": "1", "hotelGuestAdultCount": "1", "hotelGuestChildCount": "1", "hotelNightCount": "5", "hotelRoomPrice": "143.14", "hotelFinalPrice": "715.7"}}}
{"_id": "orderid:649158", "timestamp": "2020-01-04T09:22:11.000Z", "eventType": "transaction", "_adobeamericaspot3": {"CRMID": "crmid:4845313946", "orderDetails": {"orderID": "orderid:649158", "reservationid": "SNW-HVSV", "orderType": "mobile", "hotelSKU": "prd1086", "hotelCheckInUnix": "1580462531", "hotelCheckOutUnix": "1581153731", "hotelCheckInTS": "2020-01-31T09:22:11+00:00", "hotelCheckOutTS": "2020-02-08T09:22:11+00:00", "hotelChain": "Restful Nights", "hotelName": "Restful Nights: Johannesburg", "hotelLocation": "Johannesburg", "hotelRoomType": "standard", "hotelRoomCount": "1", "hotelGuestAdultCount": "1", "hotelGuestChildCount": "0", "hotelNightCount": "8", "hotelRoomPrice": "154.42", "hotelFinalPrice": "1235.36"}}}
{"_id": "orderid:850564", "timestamp": "2019-12-26T00:14:48.000Z", "eventType": "transaction", "_adobeamericaspot3": {"CRMID": "crmid:9505113681", "orderDetails": {"orderID": "orderid:850564", "reservationid": "5CP-FO3Z", "orderType": "kiosk", "hotelSKU": "prd1047", "hotelCheckInUnix": "1579479288", "hotelCheckOutUnix": "1580256888", "hotelCheckInTS": "2020-01-20T00:14:48+00:00", "hotelCheckOutTS": "2020-01-29T00:14:48+00:00", "hotelChain": "Hospitality Inn", "hotelName": "Hospitality Inn: Oakland", "hotelLocation": "Oakland", "hotelRoomType": "standard", "hotelRoomCount": "1", "hotelGuestAdultCount": "1", "hotelGuestChildCount": "0", "hotelNightCount": "9", "hotelRoomPrice": "141.97", "hotelFinalPrice": "1277.73"}}}
{"_id": "orderid:990248", "timestamp": "2020-01-26T20:19:43.000Z", "eventType": "transaction", "_adobeamericaspot3": {"CRMID": "crmid:1508794035", "orderDetails": {"orderID": "orderid:990248", "reservationid": "MSM-GAV1", "orderType": "kiosk", "hotelSKU": "prd1141", "hotelCheckInUnix": "1580156383", "hotelCheckOutUnix": "1580242783", "hotelCheckInTS": "2020-01-27T20:19:43+00:00", "hotelCheckOutTS": "2020-01-28T20:19:43+00:00", "hotelChain": "Admiralty Plaza", "hotelName": "Admiralty Plaza: Phoenix", "hotelLocation": "Phoenix", "hotelRoomType": "standard", "hotelRoomCount": "1", "hotelGuestAdultCount": "1", "hotelGuestChildCount": "0", "hotelNightCount": "1", "hotelRoomPrice": "155.95", "hotelFinalPrice": "155.95"}}}
{"_id": "orderid:948411", "timestamp": "2020-01-24T13:13:25.000Z", "eventType": "transaction", "_adobeamericaspot3": {"CRMID": "crmid:8276052738", "orderDetails": {"orderID": "orderid:948411", "reservationid": "44Q-16XN", "orderType": "call center", "hotelSKU": "prd1117", "hotelCheckInUnix": "1580217205", "hotelCheckOutUnix": "1580390005", "hotelCheckInTS": "2020-01-28T13:13:25+00:00", "hotelCheckOutTS": "2020-01-30T13:13:25+00:00", "hotelChain": "Admiralty Plaza", "hotelName": "Admiralty Plaza: Dublin", "hotelLocation": "Dublin", "hotelRoomType": "premium", "hotelRoomCount": "1", "hotelGuestAdultCount": "1", "hotelGuestChildCount": "0", "hotelNightCount": "2", "hotelRoomPrice": "112.94", "hotelFinalPrice": "225.88"}}}
{"_id": "orderid:445421", "timestamp": "2020-02-08T00:50:41.000Z", "eventType": "transaction", "_adobeamericaspot3": {"CRMID": "crmid:8529933230", "orderDetails": {"orderID": "orderid:445421", "reservationid": "ONG-Z2WZ", "orderType": "kiosk", "hotelSKU": "prd1143", "hotelCheckInUnix": "1582591841", "hotelCheckOutUnix": "1583196641", "hotelCheckInTS": "2020-02-25T00:50:41+00:00", "hotelCheckOutTS": "2020-03-03T00:50:41+00:00", "hotelChain": "Hospitality Inn", "hotelName": "Hospitality Inn: San Antonio", "hotelLocation": "San Antonio", "hotelRoomType": "standard", "hotelRoomCount": "1", "hotelGuestAdultCount": "1", "hotelGuestChildCount": "0", "hotelNightCount": "7", "hotelRoomPrice": "155.66", "hotelFinalPrice": "1089.62"}}}
{"_id": "orderid:913578", "timestamp": "2020-01-07T19:13:55.000Z", "eventType": "transaction", "_adobeamericaspot3": {"CRMID": "crmid:7640025537", "orderDetails": {"orderID": "orderid:913578", "reservationid": "AK6-Y65Z", "orderType": "website", "hotelSKU": "prd1109", "hotelCheckInUnix": "1580498035", "hotelCheckOutUnix": "1580930035", "hotelCheckInTS": "2020-01-31T19:13:55+00:00", "hotelCheckOutTS": "2020-02-05T19:13:55+00:00", "hotelChain": "Grandeur Hotels", "hotelName": "Grandeur Hotels: Belgrade", "hotelLocation": "Belgrade", "hotelRoomType": "standard", "hotelRoomCount": "1", "hotelGuestAdultCount": "1", "hotelGuestChildCount": "0", "hotelNightCount": "5", "hotelRoomPrice": "153.94", "hotelFinalPrice": "769.7"}}}
{"_id": "orderid:241788", "timestamp": "2019-12-30T05:25:13.000Z", "eventType": "transaction", "_adobeamericaspot3": {"CRMID": "crmid:4239457164", "orderDetails": {"orderID": "orderid:241788", "reservationid": "0NX-R5UO", "orderType": "website", "hotelSKU": "prd1148", "hotelCheckInUnix": "1579929913", "hotelCheckOutUnix": "1580361913", "hotelCheckInTS": "2020-01-25T05:25:13+00:00", "hotelCheckOutTS": "2020-01-30T05:25:13+00:00", "hotelChain": "Aspen Heights", "hotelName": "Aspen Heights: Jacksonville", "hotelLocation": "Jacksonville", "hotelRoomType": "standard", "hotelRoomCount": "1", "hotelGuestAdultCount": "1", "hotelGuestChildCount": "0", "hotelNightCount": "5", "hotelRoomPrice": "138.36", "hotelFinalPrice": "691.8"}}}
{"_id": "orderid:874958", "timestamp": "2019-12-22T02:07:40.000Z", "eventType": "transaction", "_adobeamericaspot3": {"CRMID": "crmid:3377531723", "orderDetails": {"orderID": "orderid:874958", "reservationid": "PQG-YUKF", "orderType": "website", "hotelSKU": "prd1095", "hotelCheckInUnix": "1578362860", "hotelCheckOutUnix": "1579054060", "hotelCheckInTS": "2020-01-07T02:07:40+00:00", "hotelCheckOutTS": "2020-01-15T02:07:40+00:00", "hotelChain": "Hospitality Inn", "hotelName": "Hospitality Inn: Casablanca", "hotelLocation": "Casablanca", "hotelRoomType": "standard", "hotelRoomCount": "1", "hotelGuestAdultCount": "1", "hotelGuestChildCount": "0", "hotelNightCount": "8", "hotelRoomPrice": "139.6", "hotelFinalPrice": "1116.8"}}}
{"_id": "orderid:470471", "timestamp": "2020-02-13T09:15:14.000Z", "eventType": "transaction", "_adobeamericaspot3": {"CRMID": "crmid:2427585389", "orderDetails": {"orderID": "orderid:470471", "reservationid": "AHU-BVSU", "orderType": "kiosk", "hotelSKU": "prd1121", "hotelCheckInUnix": "1581671714", "hotelCheckOutUnix": "1582017314", "hotelCheckInTS": "2020-02-14T09:15:14+00:00", "hotelCheckOutTS": "2020-02-18T09:15:14+00:00", "hotelChain": "Grandeur Hotels", "hotelName": "Grandeur Hotels: Stockholm", "hotelLocation": "Stockholm", "hotelRoomType": "standard", "hotelRoomCount": "1", "hotelGuestAdultCount": "1", "hotelGuestChildCount": "0", "hotelNightCount": "4", "hotelRoomPrice": "120.44", "hotelFinalPrice": "481.76"}}}
{"_id": "orderid:392663", "timestamp": "2020-02-13T00:37:42.000Z", "eventType": "transaction", "_adobeamericaspot3": {"CRMID": "crmid:4462511389", "orderDetails": {"orderID": "orderid:392663", "reservationid": "6SL-HJMS", "orderType": "kiosk", "hotelSKU": "prd1196", "hotelCheckInUnix": "1583627862", "hotelCheckOutUnix": "1584405462", "hotelCheckInTS": "2020-03-08T00:37:42+00:00", "hotelCheckOutTS": "2020-03-17T00:37:42+00:00", "hotelChain": "Aspen Heights", "hotelName": "Aspen Heights: Moscow", "hotelLocation": "Moscow", "hotelRoomType": "standard", "hotelRoomCount": "1", "hotelGuestAdultCount": "1", "hotelGuestChildCount": "0", "hotelNightCount": "9", "hotelRoomPrice": "156.08", "hotelFinalPrice": "1404.72"}}}
{"_id": "orderid:934083", "timestamp": "2020-01-08T03:42:30.000Z", "eventType": "transaction", "_adobeamericaspot3": {"CRMID": "crmid:8629250775", "orderDetails": {"orderID": "orderid:934083", "reservationid": "EQO-L1GB", "orderType": "call center", "hotelSKU": "prd1070", "hotelCheckInUnix": "1579059750", "hotelCheckOutUnix": "1579491750", "hotelCheckInTS": "2020-01-15T03:42:30+00:00", "hotelCheckOutTS": "2020-01-20T03:42:30+00:00", "hotelChain": "Blue Reef Resort", "hotelName": "Blue Reef Resort: Jakarta", "hotelLocation": "Jakarta", "hotelRoomType": "standard", "hotelRoomCount": "1", "hotelGuestAdultCount": "1", "hotelGuestChildCount": "0", "hotelNightCount": "5", "hotelRoomPrice": "152.65", "hotelFinalPrice": "763.25"}}}
{"_id": "orderid:868488", "timestamp": "2020-01-13T18:16:31.000Z", "eventType": "transaction", "_adobeamericaspot3": {"CRMID": "crmid:8232619789", "orderDetails": {"orderID": "orderid:868488", "reservationid": "8CY-LFSB", "orderType": "mobile", "hotelSKU": "prd1033", "hotelCheckInUnix": "1579630591", "hotelCheckOutUnix": "1579976191", "hotelCheckInTS": "2020-01-21T18:16:31+00:00", "hotelCheckOutTS": "2020-01-25T18:16:31+00:00", "hotelChain": "Admiralty Plaza", "hotelName": "Admiralty Plaza: Milwaukee", "hotelLocation": "Milwaukee", "hotelRoomType": "premium", "hotelRoomCount": "1", "hotelGuestAdultCount": "1", "hotelGuestChildCount": "3", "hotelNightCount": "4", "hotelRoomPrice": "175.28", "hotelFinalPrice": "701.12"}}}
{"_id": "orderid:699168", "timestamp": "2020-01-23T19:30:27.000Z", "eventType": "transaction", "_adobeamericaspot3": {"CRMID": "crmid:3728388711", "orderDetails": {"orderID": "orderid:699168", "reservationid": "JFS-GGHV", "orderType": "call center", "hotelSKU": "prd1052", "hotelCheckInUnix": "1581795027", "hotelCheckOutUnix": "1581967827", "hotelCheckInTS": "2020-02-15T19:30:27+00:00", "hotelCheckOutTS": "2020-02-17T19:30:27+00:00", "hotelChain": "Aspen Heights", "hotelName": "Aspen Heights: Wichita", "hotelLocation": "Wichita", "hotelRoomType": "standard", "hotelRoomCount": "1", "hotelGuestAdultCount": "1", "hotelGuestChildCount": "0", "hotelNightCount": "2", "hotelRoomPrice": "120.3", "hotelFinalPrice": "240.6"}}}
{"_id": "orderid:482197", "timestamp": "2019-12-07T12:30:00.000Z", "eventType": "transaction", "_adobeamericaspot3": {"CRMID": "crmid:9601526306", "orderDetails": {"orderID": "orderid:482197", "reservationid": "6R8-AUD2", "orderType": "website", "hotelSKU": "prd1037", "hotelCheckInUnix": "1575894600", "hotelCheckOutUnix": "1576326600", "hotelCheckInTS": "2019-12-09T12:30:00+00:00", "hotelCheckOutTS": "2019-12-14T12:30:00+00:00", "hotelChain": "Grandeur Hotels", "hotelName": "Grandeur Hotels: Sacramento", "hotelLocation": "Sacramento", "hotelRoomType": "standard", "hotelRoomCount": "1", "hotelGuestAdultCount": "1", "hotelGuestChildCount": "0", "hotelNightCount": "5", "hotelRoomPrice": "139.1", "hotelFinalPrice": "695.5"}}}
{"_id": "orderid:246607", "timestamp": "2019-12-16T00:00:00.000Z", "eventType": "transaction", "_adobeamericaspot3": {"CRMID": "crmid:9601526306", "orderDetails": {"orderID": "orderid:246607", "reservationid": "RTB-FFBC", "orderType": "mobile", "hotelSKU": "prd1166", "hotelCheckInUnix": "1576540800", "hotelCheckOutUnix": "1576713600", "hotelCheckInTS": "2019-12-17T00:00:00+00:00", "hotelCheckOutTS": "2019-12-19T00:00:00+00:00", "hotelChain": "Blue Reef Resort", "hotelName": "Blue Reef Resort: Baltimore", "hotelLocation": "Baltimore", "hotelRoomType": "luxury", "hotelRoomCount": "1", "hotelGuestAdultCount": "1", "hotelGuestChildCount": "0", "hotelNightCount": "2", "hotelRoomPrice": "217.61", "hotelFinalPrice": "435.22"}}}
{"_id": "orderid:581436", "timestamp": "2019-12-22T14:21:47.000Z", "eventType": "transaction", "_adobeamericaspot3": {"CRMID": "crmid:4217538287", "orderDetails": {"orderID": "orderid:581436", "reservationid": "47X-Z0NK", "orderType": "website", "hotelSKU": "prd1178", "hotelCheckInUnix": "1577110907", "hotelCheckOutUnix": "1577197307", "hotelCheckInTS": "2019-12-23T14:21:47+00:00", "hotelCheckOutTS": "2019-12-24T14:21:47+00:00", "hotelChain": "Blue Reef Resort", "hotelName": "Blue Reef Resort: Colorado Springs", "hotelLocation": "Colorado Springs", "hotelRoomType": "premium", "hotelRoomCount": "1", "hotelGuestAdultCount": "1", "hotelGuestChildCount": "0", "hotelNightCount": "1", "hotelRoomPrice": "139.72", "hotelFinalPrice": "139.72"}}}
{"_id": "orderid:888386", "timestamp": "2020-02-08T19:54:11.000Z", "eventType": "transaction", "_adobeamericaspot3": {"CRMID": "crmid:5864376358", "orderDetails": {"orderID": "orderid:888386", "reservationid": "F0O-Y5AY", "orderType": "mobile", "hotelSKU": "prd1100", "hotelCheckInUnix": "1583438051", "hotelCheckOutUnix": "1583956451", "hotelCheckInTS": "2020-03-05T19:54:11+00:00", "hotelCheckOutTS": "2020-03-11T19:54:11+00:00", "hotelChain": "Aspen Heights", "hotelName": "Aspen Heights: Misk", "hotelLocation": "Misk", "hotelRoomType": "premium", "hotelRoomCount": "1", "hotelGuestAdultCount": "1", "hotelGuestChildCount": "3", "hotelNightCount": "6", "hotelRoomPrice": "132.51", "hotelFinalPrice": "795.06"}}}
{"_id": "orderid:789863", "timestamp": "2019-12-04T20:07:39.000Z", "eventType": "transaction", "_adobeamericaspot3": {"CRMID": "crmid:7492475985", "orderDetails": {"orderID": "orderid:789863", "reservationid": "VFK-VDHS", "orderType": "kiosk", "hotelSKU": "prd1121", "hotelCheckInUnix": "1577995659", "hotelCheckOutUnix": "1578686859", "hotelCheckInTS": "2020-01-02T20:07:39+00:00", "hotelCheckOutTS": "2020-01-10T20:07:39+00:00", "hotelChain": "Grandeur Hotels", "hotelName": "Grandeur Hotels: Stockholm", "hotelLocation": "Stockholm", "hotelRoomType": "standard", "hotelRoomCount": "1", "hotelGuestAdultCount": "1", "hotelGuestChildCount": "0", "hotelNightCount": "8", "hotelRoomPrice": "105.7", "hotelFinalPrice": "845.6"}}}
{"_id": "orderid:420211", "timestamp": "2020-01-16T00:33:24.000Z", "eventType": "transaction", "_adobeamericaspot3": {"CRMID": "crmid:4470109595", "orderDetails": {"orderID": "orderid:420211", "reservationid": "H0J-ZXSS", "orderType": "kiosk", "hotelSKU": "prd1061", "hotelCheckInUnix": "1580776404", "hotelCheckOutUnix": "1581554004", "hotelCheckInTS": "2020-02-04T00:33:24+00:00", "hotelCheckOutTS": "2020-02-13T00:33:24+00:00", "hotelChain": "Grandeur Hotels", "hotelName": "Grandeur Hotels: Lahore", "hotelLocation": "Lahore", "hotelRoomType": "standard", "hotelRoomCount": "1", "hotelGuestAdultCount": "1", "hotelGuestChildCount": "0", "hotelNightCount": "9", "hotelRoomPrice": "140.84", "hotelFinalPrice": "1267.56"}}}
{"_id": "orderid:368818", "timestamp": "2020-01-31T06:29:24.000Z", "eventType": "transaction", "_adobeamericaspot3": {"CRMID": "crmid:6640086262", "orderDetails": {"orderID": "orderid:368818", "reservationid": "HAH-WMVM", "orderType": "kiosk", "hotelSKU": "prd1082", "hotelCheckInUnix": "1580538564", "hotelCheckOutUnix": "1580624964", "hotelCheckInTS": "2020-02-01T06:29:24+00:00", "hotelCheckOutTS": "2020-02-02T06:29:24+00:00", "hotelChain": "Blue Reef Resort", "hotelName": "Blue Reef Resort: Surat", "hotelLocation": "Surat", "hotelRoomType": "premium", "hotelRoomCount": "1", "hotelGuestAdultCount": "1", "hotelGuestChildCount": "0", "hotelNightCount": "1", "hotelRoomPrice": "162.21", "hotelFinalPrice": "162.21"}}}
{"_id": "orderid:298040", "timestamp": "2020-02-04T00:00:00.000Z", "eventType": "transaction", "_adobeamericaspot3": {"CRMID": "crmid:6640086262", "orderDetails": {"orderID": "orderid:298040", "reservationid": "JDW-2XQI", "orderType": "kiosk", "hotelSKU": "prd1076", "hotelCheckInUnix": "1581033600", "hotelCheckOutUnix": "1581206400", "hotelCheckInTS": "2020-02-07T00:00:00+00:00", "hotelCheckOutTS": "2020-02-09T00:00:00+00:00", "hotelChain": "Aspen Heights", "hotelName": "Aspen Heights: Bogota", "hotelLocation": "Bogota", "hotelRoomType": "standard", "hotelRoomCount": "1", "hotelGuestAdultCount": "1", "hotelGuestChildCount": "0", "hotelNightCount": "2", "hotelRoomPrice": "108.12", "hotelFinalPrice": "216.24"}}}
{"_id": "orderid:969264", "timestamp": "2020-02-11T00:00:00.000Z", "eventType": "transaction", "_adobeamericaspot3": {"CRMID": "crmid:6640086262", "orderDetails": {"orderID": "orderid:969264", "reservationid": "GRT-LAAN", "orderType": "website", "hotelSKU": "prd1023", "hotelCheckInUnix": "1581465600", "hotelCheckOutUnix": "1581724800", "hotelCheckInTS": "2020-02-12T00:00:00+00:00", "hotelCheckOutTS": "2020-02-15T00:00:00+00:00", "hotelChain": "Hospitality Inn", "hotelName": "Hospitality Inn: Boston", "hotelLocation": "Boston", "hotelRoomType": "standard", "hotelRoomCount": "1", "hotelGuestAdultCount": "1", "hotelGuestChildCount": "0", "hotelNightCount": "3", "hotelRoomPrice": "142.91", "hotelFinalPrice": "428.73"}}}
{"_id": "orderid:885285", "timestamp": "2020-02-13T22:45:52.000Z", "eventType": "transaction", "_adobeamericaspot3": {"CRMID": "crmid:3995269164", "orderDetails": {"orderID": "orderid:885285", "reservationid": "CTH-LMP7", "orderType": "website", "hotelSKU": "prd1143", "hotelCheckInUnix": "1581720352", "hotelCheckOutUnix": "1581806752", "hotelCheckInTS": "2020-02-14T22:45:52+00:00", "hotelCheckOutTS": "2020-02-15T22:45:52+00:00", "hotelChain": "Hospitality Inn", "hotelName": "Hospitality Inn: San Antonio", "hotelLocation": "San Antonio", "hotelRoomType": "standard", "hotelRoomCount": "1", "hotelGuestAdultCount": "1", "hotelGuestChildCount": "0", "hotelNightCount": "1", "hotelRoomPrice": "121.04", "hotelFinalPrice": "121.04"}}}
{"_id": "orderid:747679", "timestamp": "2019-12-26T08:57:14.000Z", "eventType": "transaction", "_adobeamericaspot3": {"CRMID": "crmid:4307464925", "orderDetails": {"orderID": "orderid:747679", "reservationid": "QZO-POWF", "orderType": "kiosk", "hotelSKU": "prd1184", "hotelCheckInUnix": "1578387434", "hotelCheckOutUnix": "1579165034", "hotelCheckInTS": "2020-01-07T08:57:14+00:00", "hotelCheckOutTS": "2020-01-16T08:57:14+00:00", "hotelChain": "Aspen Heights", "hotelName": "Aspen Heights: Arlington", "hotelLocation": "Arlington", "hotelRoomType": "premium", "hotelRoomCount": "1", "hotelGuestAdultCount": "1", "hotelGuestChildCount": "0", "hotelNightCount": "9", "hotelRoomPrice": "121.37", "hotelFinalPrice": "1092.33"}}}
{"_id": "orderid:186170", "timestamp": "2020-01-16T18:54:15.000Z", "eventType": "transaction", "_adobeamericaspot3": {"CRMID": "crmid:3081513036", "orderDetails": {"orderID": "orderid:186170", "reservationid": "AYJ-ON3Q", "orderType": "website", "hotelSKU": "prd1148", "hotelCheckInUnix": "1580064855", "hotelCheckOutUnix": "1581706455", "hotelCheckInTS": "2020-01-26T18:54:15+00:00", "hotelCheckOutTS": "2020-02-14T18:54:15+00:00", "hotelChain": "Aspen Heights", "hotelName": "Aspen Heights: Jacksonville", "hotelLocation": "Jacksonville", "hotelRoomType": "standard", "hotelRoomCount": "1", "hotelGuestAdultCount": "1", "hotelGuestChildCount": "4", "hotelNightCount": "19", "hotelRoomPrice": "151.38", "hotelFinalPrice": "2876.22"}}}
{"_id": "orderid:453261", "timestamp": "2019-12-31T03:47:24.000Z", "eventType": "transaction", "_adobeamericaspot3": {"CRMID": "crmid:1574980121", "orderDetails": {"orderID": "orderid:453261", "reservationid": "DKD-KWBC", "orderType": "call center", "hotelSKU": "prd1146", "hotelCheckInUnix": "1578282444", "hotelCheckOutUnix": "1578455244", "hotelCheckInTS": "2020-01-06T03:47:24+00:00", "hotelCheckOutTS": "2020-01-08T03:47:24+00:00", "hotelChain": "Restful Nights", "hotelName": "Restful Nights: San Jose", "hotelLocation": "San Jose", "hotelRoomType": "standard", "hotelRoomCount": "1", "hotelGuestAdultCount": "1", "hotelGuestChildCount": "0", "hotelNightCount": "2", "hotelRoomPrice": "141.31", "hotelFinalPrice": "282.62"}}}
{"_id": "orderid:548976", "timestamp": "2020-02-07T16:51:40.000Z", "eventType": "transaction", "_adobeamericaspot3": {"CRMID": "crmid:6289221230", "orderDetails": {"orderID": "orderid:548976", "reservationid": "FSI-GJGB", "orderType": "mobile", "hotelSKU": "prd1027", "hotelCheckInUnix": "1581699100", "hotelCheckOutUnix": "1581958300", "hotelCheckInTS": "2020-02-14T16:51:40+00:00", "hotelCheckOutTS": "2020-02-17T16:51:40+00:00", "hotelChain": "Family Fun Hotels", "hotelName": "Family Fun Hotels: Memphis", "hotelLocation": "Memphis", "hotelRoomType": "standard", "hotelRoomCount": "1", "hotelGuestAdultCount": "1", "hotelGuestChildCount": "0", "hotelNightCount": "3", "hotelRoomPrice": "155.24", "hotelFinalPrice": "465.72"}}}
{"_id": "orderid:293861", "timestamp": "2019-12-13T10:00:23.000Z", "eventType": "transaction", "_adobeamericaspot3": {"CRMID": "crmid:3882047793", "orderDetails": {"orderID": "orderid:293861", "reservationid": "JOG-73ZH", "orderType": "call center", "hotelSKU": "prd1139", "hotelCheckInUnix": "1578045623", "hotelCheckOutUnix": "1578996023", "hotelCheckInTS": "2020-01-03T10:00:23+00:00", "hotelCheckOutTS": "2020-01-14T10:00:23+00:00", "hotelChain": "Nesting Box Inn", "hotelName": "Nesting Box Inn: Nairobi", "hotelLocation": "Nairobi", "hotelRoomType": "standard", "hotelRoomCount": "1", "hotelGuestAdultCount": "1", "hotelGuestChildCount": "0", "hotelNightCount": "11", "hotelRoomPrice": "146.74", "hotelFinalPrice": "1614.14"}}}
{"_id": "orderid:192645", "timestamp": "2020-01-27T03:47:58.000Z", "eventType": "transaction", "_adobeamericaspot3": {"CRMID": "crmid:5704420876", "orderDetails": {"orderID": "orderid:192645", "reservationid": "MKH-AMBK", "orderType": "kiosk", "hotelSKU": "prd1160", "hotelCheckInUnix": "1582084078", "hotelCheckOutUnix": "1582948078", "hotelCheckInTS": "2020-02-19T03:47:58+00:00", "hotelCheckOutTS": "2020-02-29T03:47:58+00:00", "hotelChain": "Aspen Heights", "hotelName": "Aspen Heights: Nashville", "hotelLocation": "Nashville", "hotelRoomType": "standard", "hotelRoomCount": "1", "hotelGuestAdultCount": "1", "hotelGuestChildCount": "0", "hotelNightCount": "10", "hotelRoomPrice": "118.15", "hotelFinalPrice": "1181.5"}}}
{"_id": "orderid:246651", "timestamp": "2020-01-20T21:38:48.000Z", "eventType": "transaction", "_adobeamericaspot3": {"CRMID": "crmid:4028117212", "orderDetails": {"orderID": "orderid:246651", "reservationid": "LCY-WALW", "orderType": "kiosk", "hotelSKU": "prd1037", "hotelCheckInUnix": "1581889128", "hotelCheckOutUnix": "1582407528", "hotelCheckInTS": "2020-02-16T21:38:48+00:00", "hotelCheckOutTS": "2020-02-22T21:38:48+00:00", "hotelChain": "Grandeur Hotels", "hotelName": "Grandeur Hotels: Sacramento", "hotelLocation": "Sacramento", "hotelRoomType": "ultra-luxury", "hotelRoomCount": "1", "hotelGuestAdultCount": "1", "hotelGuestChildCount": "0", "hotelNightCount": "6", "hotelRoomPrice": "359.85", "hotelFinalPrice": "2159.1"}}}
{"_id": "orderid:871573", "timestamp": "2019-12-26T13:26:52.000Z", "eventType": "transaction", "_adobeamericaspot3": {"CRMID": "crmid:6653178580", "orderDetails": {"orderID": "orderid:871573", "reservationid": "R0H-PGKS", "orderType": "call center", "hotelSKU": "prd1016", "hotelCheckInUnix": "1577712412", "hotelCheckOutUnix": "1578058012", "hotelCheckInTS": "2019-12-30T13:26:52+00:00", "hotelCheckOutTS": "2020-01-03T13:26:52+00:00", "hotelChain": "Aspen Heights", "hotelName": "Aspen Heights: Columbus", "hotelLocation": "Columbus", "hotelRoomType": "standard", "hotelRoomCount": "1", "hotelGuestAdultCount": "1", "hotelGuestChildCount": "0", "hotelNightCount": "4", "hotelRoomPrice": "162.34", "hotelFinalPrice": "649.36"}}}
{"_id": "orderid:183939", "timestamp": "2020-01-04T00:00:00.000Z", "eventType": "transaction", "_adobeamericaspot3": {"CRMID": "crmid:6653178580", "orderDetails": {"orderID": "orderid:183939", "reservationid": "HHL-JSVV", "orderType": "call center", "hotelSKU": "prd1177", "hotelCheckInUnix": "1578182400", "hotelCheckOutUnix": "1578355200", "hotelCheckInTS": "2020-01-05T00:00:00+00:00", "hotelCheckOutTS": "2020-01-07T00:00:00+00:00", "hotelChain": "Admiralty Plaza", "hotelName": "Admiralty Plaza: Raleigh", "hotelLocation": "Raleigh", "hotelRoomType": "standard", "hotelRoomCount": "1", "hotelGuestAdultCount": "1", "hotelGuestChildCount": "0", "hotelNightCount": "2", "hotelRoomPrice": "135.69", "hotelFinalPrice": "271.38"}}}
{"_id": "orderid:635823", "timestamp": "2020-01-17T13:41:25.000Z", "eventType": "transaction", "_adobeamericaspot3": {"CRMID": "crmid:8993637109", "orderDetails": {"orderID": "orderid:635823", "reservationid": "INI-GFET", "orderType": "mobile", "hotelSKU": "prd1040", "hotelCheckInUnix": "1581774085", "hotelCheckOutUnix": "1583156485", "hotelCheckInTS": "2020-02-15T13:41:25+00:00", "hotelCheckOutTS": "2020-03-02T13:41:25+00:00", "hotelChain": "Aspen Heights", "hotelName": "Aspen Heights: Atlanta", "hotelLocation": "Atlanta", "hotelRoomType": "luxury", "hotelRoomCount": "1", "hotelGuestAdultCount": "1", "hotelGuestChildCount": "0", "hotelNightCount": "16", "hotelRoomPrice": "469.35", "hotelFinalPrice": "7509.6"}}}
{"_id": "orderid:506836", "timestamp": "2019-12-19T10:22:49.000Z", "eventType": "transaction", "_adobeamericaspot3": {"CRMID": "crmid:1793894645", "orderDetails": {"orderID": "orderid:506836", "reservationid": "LJV-DP5R", "orderType": "kiosk", "hotelSKU": "prd1160", "hotelCheckInUnix": "1577528569", "hotelCheckOutUnix": "1578133369", "hotelCheckInTS": "2019-12-28T10:22:49+00:00", "hotelCheckOutTS": "2020-01-04T10:22:49+00:00", "hotelChain": "Aspen Heights", "hotelName": "Aspen Heights: Nashville", "hotelLocation": "Nashville", "hotelRoomType": "standard", "hotelRoomCount": "1", "hotelGuestAdultCount": "1", "hotelGuestChildCount": "0", "hotelNightCount": "7", "hotelRoomPrice": "123.91", "hotelFinalPrice": "867.37"}}}
{"_id": "orderid:372022", "timestamp": "2020-01-09T22:56:07.000Z", "eventType": "transaction", "_adobeamericaspot3": {"CRMID": "crmid:5615859514", "orderDetails": {"orderID": "orderid:372022", "reservationid": "SQF-GYOV", "orderType": "kiosk", "hotelSKU": "prd1074", "hotelCheckInUnix": "1579215367", "hotelCheckOutUnix": "1579733767", "hotelCheckInTS": "2020-01-16T22:56:07+00:00", "hotelCheckOutTS": "2020-01-22T22:56:07+00:00", "hotelChain": "Restful Nights", "hotelName": "Restful Nights: Mexico City", "hotelLocation": "Mexico City", "hotelRoomType": "standard", "hotelRoomCount": "1", "hotelGuestAdultCount": "1", "hotelGuestChildCount": "0", "hotelNightCount": "6", "hotelRoomPrice": "110.34", "hotelFinalPrice": "662.04"}}}
{"_id": "orderid:576120", "timestamp": "2020-02-08T04:34:42.000Z", "eventType": "transaction", "_adobeamericaspot3": {"CRMID": "crmid:1949024315", "orderDetails": {"orderID": "orderid:576120", "reservationid": "QE2-WVLI", "orderType": "service desk", "hotelSKU": "prd1071", "hotelCheckInUnix": "1581222882", "hotelCheckOutUnix": "1581482082", "hotelCheckInTS": "2020-02-09T04:34:42+00:00", "hotelCheckOutTS": "2020-02-12T04:34:42+00:00", "hotelChain": "Hospitality Inn", "hotelName": "Hospitality Inn: Seoul", "hotelLocation": "Seoul", "hotelRoomType": "standard", "hotelRoomCount": "1", "hotelGuestAdultCount": "1", "hotelGuestChildCount": "0", "hotelNightCount": "3", "hotelRoomPrice": "154.87", "hotelFinalPrice": "464.61"}}}
{"_id": "orderid:841588", "timestamp": "2019-12-28T22:59:01.000Z", "eventType": "transaction", "_adobeamericaspot3": {"CRMID": "crmid:5596350049", "orderDetails": {"orderID": "orderid:841588", "reservationid": "UUO-EGNU", "orderType": "kiosk", "hotelSKU": "prd1146", "hotelCheckInUnix": "1579474741", "hotelCheckOutUnix": "1579820341", "hotelCheckInTS": "2020-01-19T22:59:01+00:00", "hotelCheckOutTS": "2020-01-23T22:59:01+00:00", "hotelChain": "Restful Nights", "hotelName": "Restful Nights: San Jose", "hotelLocation": "San Jose", "hotelRoomType": "premium", "hotelRoomCount": "1", "hotelGuestAdultCount": "1", "hotelGuestChildCount": "0", "hotelNightCount": "4", "hotelRoomPrice": "123.2", "hotelFinalPrice": "492.8"}}}
{"_id": "orderid:633094", "timestamp": "2019-12-24T15:59:05.000Z", "eventType": "transaction", "_adobeamericaspot3": {"CRMID": "crmid:5657646187", "orderDetails": {"orderID": "orderid:633094", "reservationid": "RZK-8HCI", "orderType": "website", "hotelSKU": "prd1143", "hotelCheckInUnix": "1579535945", "hotelCheckOutUnix": "1579881545", "hotelCheckInTS": "2020-01-20T15:59:05+00:00", "hotelCheckOutTS": "2020-01-24T15:59:05+00:00", "hotelChain": "Hospitality Inn", "hotelName": "Hospitality Inn: San Antonio", "hotelLocation": "San Antonio", "hotelRoomType": "premium", "hotelRoomCount": "1", "hotelGuestAdultCount": "1", "hotelGuestChildCount": "0", "hotelNightCount": "4", "hotelRoomPrice": "139.21", "hotelFinalPrice": "556.84"}}}
{"_id": "orderid:829107", "timestamp": "2020-01-05T10:42:13.000Z", "eventType": "transaction", "_adobeamericaspot3": {"CRMID": "crmid:9109302178", "orderDetails": {"orderID": "orderid:829107", "reservationid": "XC2-9ZBC", "orderType": "kiosk", "hotelSKU": "prd1184", "hotelCheckInUnix": "1578307333", "hotelCheckOutUnix": "1578393733", "hotelCheckInTS": "2020-01-06T10:42:13+00:00", "hotelCheckOutTS": "2020-01-07T10:42:13+00:00", "hotelChain": "Aspen Heights", "hotelName": "Aspen Heights: Arlington", "hotelLocation": "Arlington", "hotelRoomType": "premium", "hotelRoomCount": "1", "hotelGuestAdultCount": "1", "hotelGuestChildCount": "0", "hotelNightCount": "1", "hotelRoomPrice": "153.88", "hotelFinalPrice": "153.88"}}}
{"_id": "orderid:157222", "timestamp": "2020-01-09T00:00:00.000Z", "eventType": "transaction", "_adobeamericaspot3": {"CRMID": "crmid:9109302178", "orderDetails": {"orderID": "orderid:157222", "reservationid": "ZSO-7GBY", "orderType": "website", "hotelSKU": "prd1035", "hotelCheckInUnix": "1578614400", "hotelCheckOutUnix": "1578700800", "hotelCheckInTS": "2020-01-10T00:00:00+00:00", "hotelCheckOutTS": "2020-01-11T00:00:00+00:00", "hotelChain": "Hospitality Inn", "hotelName": "Hospitality Inn: Tucson", "hotelLocation": "Tucson", "hotelRoomType": "standard", "hotelRoomCount": "1", "hotelGuestAdultCount": "1", "hotelGuestChildCount": "0", "hotelNightCount": "1", "hotelRoomPrice": "120.12", "hotelFinalPrice": "120.12"}}}
{"_id": "orderid:533545", "timestamp": "2020-02-07T15:41:14.000Z", "eventType": "transaction", "_adobeamericaspot3": {"CRMID": "crmid:7121547775", "orderDetails": {"orderID": "orderid:533545", "reservationid": "JYG-4JMA", "orderType": "website", "hotelSKU": "prd1044", "hotelCheckInUnix": "1583163674", "hotelCheckOutUnix": "1584114074", "hotelCheckInTS": "2020-03-02T15:41:14+00:00", "hotelCheckOutTS": "2020-03-13T15:41:14+00:00", "hotelChain": "Repose Resort", "hotelName": "Repose Resort: Colorado Springs", "hotelLocation": "Colorado Springs", "hotelRoomType": "standard", "hotelRoomCount": "1", "hotelGuestAdultCount": "1", "hotelGuestChildCount": "0", "hotelNightCount": "11", "hotelRoomPrice": "164.26", "hotelFinalPrice": "1806.86"}}}
{"_id": "orderid:906478", "timestamp": "2019-12-05T01:44:06.000Z", "eventType": "transaction", "_adobeamericaspot3": {"CRMID": "crmid:5592005368", "orderDetails": {"orderID": "orderid:906478", "reservationid": "XMM-1OK6", "orderType": "call center", "hotelSKU": "prd1095", "hotelCheckInUnix": "1575596646", "hotelCheckOutUnix": "1575769446", "hotelCheckInTS": "2019-12-06T01:44:06+00:00", "hotelCheckOutTS": "2019-12-08T01:44:06+00:00", "hotelChain": "Hospitality Inn", "hotelName": "Hospitality Inn: Casablanca", "hotelLocation": "Casablanca", "hotelRoomType": "luxury", "hotelRoomCount": "1", "hotelGuestAdultCount": "1", "hotelGuestChildCount": "0", "hotelNightCount": "2", "hotelRoomPrice": "291.89", "hotelFinalPrice": "583.78"}}}
{"_id": "orderid:573156", "timestamp": "2020-01-30T05:05:58.000Z", "eventType": "transaction", "_adobeamericaspot3": {"CRMID": "crmid:4222150457", "orderDetails": {"orderID": "orderid:573156", "reservationid": "EU4-GH8D", "orderType": "kiosk", "hotelSKU": "prd1037", "hotelCheckInUnix": "1582002358", "hotelCheckOutUnix": "1582607158", "hotelCheckInTS": "2020-02-18T05:05:58+00:00", "hotelCheckOutTS": "2020-02-25T05:05:58+00:00", "hotelChain": "Grandeur Hotels", "hotelName": "Grandeur Hotels: Sacramento", "hotelLocation": "Sacramento", "hotelRoomType": "standard", "hotelRoomCount": "1", "hotelGuestAdultCount": "1", "hotelGuestChildCount": "0", "hotelNightCount": "7", "hotelRoomPrice": "127.82", "hotelFinalPrice": "894.74"}}}
{"_id": "orderid:803708", "timestamp": "2019-12-03T10:09:20.000Z", "eventType": "transaction", "_adobeamericaspot3": {"CRMID": "crmid:1091689335", "orderDetails": {"orderID": "orderid:803708", "reservationid": "YRR-TNDO", "orderType": "service desk", "hotelSKU": "prd1076", "hotelCheckInUnix": "1576922960", "hotelCheckOutUnix": "1578218960", "hotelCheckInTS": "2019-12-21T10:09:20+00:00", "hotelCheckOutTS": "2020-01-05T10:09:20+00:00", "hotelChain": "Aspen Heights", "hotelName": "Aspen Heights: Bogota", "hotelLocation": "Bogota", "hotelRoomType": "standard", "hotelRoomCount": "1", "hotelGuestAdultCount": "1", "hotelGuestChildCount": "0", "hotelNightCount": "15", "hotelRoomPrice": "178.17", "hotelFinalPrice": "2672.55"}}}
{"_id": "orderid:130334", "timestamp": "2020-02-10T18:05:00.000Z", "eventType": "transaction", "_adobeamericaspot3": {"CRMID": "crmid:1666433940", "orderDetails": {"orderID": "orderid:130334", "reservationid": "VG0-DFZH", "orderType": "mobile", "hotelSKU": "prd1172", "hotelCheckInUnix": "1582049100", "hotelCheckOutUnix": "1582740300", "hotelCheckInTS": "2020-02-18T18:05:00+00:00", "hotelCheckOutTS": "2020-02-26T18:05:00+00:00", "hotelChain": "Aspen Heights", "hotelName": "Aspen Heights: Mesa", "hotelLocation": "Mesa", "hotelRoomType": "standard", "hotelRoomCount": "1", "hotelGuestAdultCount": "1", "hotelGuestChildCount": "0", "hotelNightCount": "8", "hotelRoomPrice": "139.26", "hotelFinalPrice": "1114.08"}}}
{"_id": "orderid:109858", "timestamp": "2020-01-11T19:22:25.000Z", "eventType": "transaction", "_adobeamericaspot3": {"CRMID": "crmid:6665662838", "orderDetails": {"orderID": "orderid:109858", "reservationid": "FJQ-WN1O", "orderType": "call center", "hotelSKU": "prd1089", "hotelCheckInUnix": "1580757745", "hotelCheckOutUnix": "1581276145", "hotelCheckInTS": "2020-02-03T19:22:25+00:00", "hotelCheckOutTS": "2020-02-09T19:22:25+00:00", "hotelChain": "Sapphire Suites", "hotelName": "Sapphire Suites: Rome", "hotelLocation": "Rome", "hotelRoomType": "standard", "hotelRoomCount": "1", "hotelGuestAdultCount": "1", "hotelGuestChildCount": "1", "hotelNightCount": "6", "hotelRoomPrice": "91.96", "hotelFinalPrice": "551.76"}}}
{"_id": "orderid:107572", "timestamp": "2020-02-02T23:14:41.000Z", "eventType": "transaction", "_adobeamericaspot3": {"CRMID": "crmid:1131620399", "orderDetails": {"orderID": "orderid:107572", "reservationid": "SIE-VPMP", "orderType": "website", "hotelSKU": "prd1034", "hotelCheckInUnix": "1582758881", "hotelCheckOutUnix": "1582931681", "hotelCheckInTS": "2020-02-26T23:14:41+00:00", "hotelCheckOutTS": "2020-02-28T23:14:41+00:00", "hotelChain": "Blue Reef Resort", "hotelName": "Blue Reef Resort: Albuquerque", "hotelLocation": "Albuquerque", "hotelRoomType": "standard", "hotelRoomCount": "1", "hotelGuestAdultCount": "1", "hotelGuestChildCount": "0", "hotelNightCount": "2", "hotelRoomPrice": "85.29", "hotelFinalPrice": "170.58"}}}
{"_id": "orderid:202642", "timestamp": "2019-12-26T18:24:06.000Z", "eventType": "transaction", "_adobeamericaspot3": {"CRMID": "crmid:2908880621", "orderDetails": {"orderID": "orderid:202642", "reservationid": "UYN-9UAU", "orderType": "service desk", "hotelSKU": "prd1134", "hotelCheckInUnix": "1577471046", "hotelCheckOutUnix": "1577643846", "hotelCheckInTS": "2019-12-27T18:24:06+00:00", "hotelCheckOutTS": "2019-12-29T18:24:06+00:00", "hotelChain": "Restful Nights", "hotelName": "Restful Nights: Montreal", "hotelLocation": "Montreal", "hotelRoomType": "standard", "hotelRoomCount": "1", "hotelGuestAdultCount": "1", "hotelGuestChildCount": "0", "hotelNightCount": "2", "hotelRoomPrice": "158.92", "hotelFinalPrice": "317.84"}}}
{"_id": "orderid:910231", "timestamp": "2020-01-03T20:41:13.000Z", "eventType": "transaction", "_adobeamericaspot3": {"CRMID": "crmid:6266828232", "orderDetails": {"orderID": "orderid:910231", "reservationid": "2LV-RZBX", "orderType": "website", "hotelSKU": "prd1004", "hotelCheckInUnix": "1578170473", "hotelCheckOutUnix": "1578429673", "hotelCheckInTS": "2020-01-04T20:41:13+00:00", "hotelCheckOutTS": "2020-01-07T20:41:13+00:00", "hotelChain": "Aspen Heights", "hotelName": "Aspen Heights: Boulder", "hotelLocation": "Boulder", "hotelRoomType": "standard", "hotelRoomCount": "1", "hotelGuestAdultCount": "1", "hotelGuestChildCount": "0", "hotelNightCount": "3", "hotelRoomPrice": "167.02", "hotelFinalPrice": "501.06"}}}
{"_id": "orderid:349846", "timestamp": "2020-02-13T22:28:06.000Z", "eventType": "transaction", "_adobeamericaspot3": {"CRMID": "crmid:3888908861", "orderDetails": {"orderID": "orderid:349846", "reservationid": "3EN-QWP3", "orderType": "kiosk", "hotelSKU": "prd1082", "hotelCheckInUnix": "1584052086", "hotelCheckOutUnix": "1584743286", "hotelCheckInTS": "2020-03-12T22:28:06+00:00", "hotelCheckOutTS": "2020-03-20T22:28:06+00:00", "hotelChain": "Blue Reef Resort", "hotelName": "Blue Reef Resort: Surat", "hotelLocation": "Surat", "hotelRoomType": "standard", "hotelRoomCount": "1", "hotelGuestAdultCount": "1", "hotelGuestChildCount": "0", "hotelNightCount": "8", "hotelRoomPrice": "148.7", "hotelFinalPrice": "1189.6"}}}
{"_id": "orderid:524518", "timestamp": "2019-12-08T04:52:48.000Z", "eventType": "transaction", "_adobeamericaspot3": {"CRMID": "crmid:4162942729", "orderDetails": {"orderID": "orderid:524518", "reservationid": "ASQ-NVWG", "orderType": "call center", "hotelSKU": "prd1019", "hotelCheckInUnix": "1577422368", "hotelCheckOutUnix": "1578113568", "hotelCheckInTS": "2019-12-27T04:52:48+00:00", "hotelCheckOutTS": "2020-01-04T04:52:48+00:00", "hotelChain": "Nesting Box Inn", "hotelName": "Nesting Box Inn: Charlotte", "hotelLocation": "Charlotte", "hotelRoomType": "premium", "hotelRoomCount": "1", "hotelGuestAdultCount": "1", "hotelGuestChildCount": "0", "hotelNightCount": "8", "hotelRoomPrice": "141.04", "hotelFinalPrice": "1128.32"}}}
{"_id": "orderid:223996", "timestamp": "2019-12-30T06:27:11.000Z", "eventType": "transaction", "_adobeamericaspot3": {"CRMID": "crmid:3207892199", "orderDetails": {"orderID": "orderid:223996", "reservationid": "O75-HH4B", "orderType": "website", "hotelSKU": "prd1047", "hotelCheckInUnix": "1578032831", "hotelCheckOutUnix": "1578119231", "hotelCheckInTS": "2020-01-03T06:27:11+00:00", "hotelCheckOutTS": "2020-01-04T06:27:11+00:00", "hotelChain": "Hospitality Inn", "hotelName": "Hospitality Inn: Oakland", "hotelLocation": "Oakland", "hotelRoomType": "standard", "hotelRoomCount": "1", "hotelGuestAdultCount": "1", "hotelGuestChildCount": "0", "hotelNightCount": "1", "hotelRoomPrice": "134.85", "hotelFinalPrice": "134.85"}}}
{"_id": "orderid:358543", "timestamp": "2020-01-26T09:12:19.000Z", "eventType": "transaction", "_adobeamericaspot3": {"CRMID": "crmid:9709926968", "orderDetails": {"orderID": "orderid:358543", "reservationid": "RDA-NXX0", "orderType": "website", "hotelSKU": "prd1099", "hotelCheckInUnix": "1581325939", "hotelCheckOutUnix": "1582881139", "hotelCheckInTS": "2020-02-10T09:12:19+00:00", "hotelCheckOutTS": "2020-02-28T09:12:19+00:00", "hotelChain": "Family Fun Hotels", "hotelName": "Family Fun Hotels: Bucharest", "hotelLocation": "Bucharest", "hotelRoomType": "luxury", "hotelRoomCount": "1", "hotelGuestAdultCount": "1", "hotelGuestChildCount": "1", "hotelNightCount": "18", "hotelRoomPrice": "311.7", "hotelFinalPrice": "5610.6"}}}
{"_id": "orderid:348092", "timestamp": "2020-01-07T18:26:44.000Z", "eventType": "transaction", "_adobeamericaspot3": {"CRMID": "crmid:9062437171", "orderDetails": {"orderID": "orderid:348092", "reservationid": "WTN-78SP", "orderType": "kiosk", "hotelSKU": "prd1074", "hotelCheckInUnix": "1580408804", "hotelCheckOutUnix": "1581100004", "hotelCheckInTS": "2020-01-30T18:26:44+00:00", "hotelCheckOutTS": "2020-02-07T18:26:44+00:00", "hotelChain": "Restful Nights", "hotelName": "Restful Nights: Mexico City", "hotelLocation": "Mexico City", "hotelRoomType": "standard", "hotelRoomCount": "1", "hotelGuestAdultCount": "1", "hotelGuestChildCount": "0", "hotelNightCount": "8", "hotelRoomPrice": "150.75", "hotelFinalPrice": "1206.0"}}}
{"_id": "orderid:637893", "timestamp": "2020-01-18T12:00:28.000Z", "eventType": "transaction", "_adobeamericaspot3": {"CRMID": "crmid:9617978862", "orderDetails": {"orderID": "orderid:637893", "reservationid": "L6B-WQQU", "orderType": "service desk", "hotelSKU": "prd1033", "hotelCheckInUnix": "1579521628", "hotelCheckOutUnix": "1579694428", "hotelCheckInTS": "2020-01-20T12:00:28+00:00", "hotelCheckOutTS": "2020-01-22T12:00:28+00:00", "hotelChain": "Admiralty Plaza", "hotelName": "Admiralty Plaza: Milwaukee", "hotelLocation": "Milwaukee", "hotelRoomType": "standard", "hotelRoomCount": "1", "hotelGuestAdultCount": "1", "hotelGuestChildCount": "0", "hotelNightCount": "2", "hotelRoomPrice": "127.86", "hotelFinalPrice": "255.72"}}}
{"_id": "orderid:355602", "timestamp": "2020-01-02T08:21:15.000Z", "eventType": "transaction", "_adobeamericaspot3": {"CRMID": "crmid:5179293055", "orderDetails": {"orderID": "orderid:355602", "reservationid": "3XN-EOI2", "orderType": "website", "hotelSKU": "prd1013", "hotelCheckInUnix": "1578298875", "hotelCheckOutUnix": "1578471675", "hotelCheckInTS": "2020-01-06T08:21:15+00:00", "hotelCheckOutTS": "2020-01-08T08:21:15+00:00", "hotelChain": "Grandeur Hotels", "hotelName": "Grandeur Hotels: Austin", "hotelLocation": "Austin", "hotelRoomType": "premium", "hotelRoomCount": "1", "hotelGuestAdultCount": "1", "hotelGuestChildCount": "0", "hotelNightCount": "2", "hotelRoomPrice": "152.4", "hotelFinalPrice": "304.8"}}}
{"_id": "orderid:928617", "timestamp": "2020-02-07T03:32:32.000Z", "eventType": "transaction", "_adobeamericaspot3": {"CRMID": "crmid:2674094996", "orderDetails": {"orderID": "orderid:928617", "reservationid": "XYG-GOFI", "orderType": "mobile", "hotelSKU": "prd1018", "hotelCheckInUnix": "1581132752", "hotelCheckOutUnix": "1581305552", "hotelCheckInTS": "2020-02-08T03:32:32+00:00", "hotelCheckOutTS": "2020-02-10T03:32:32+00:00", "hotelChain": "Sego Lily Suites", "hotelName": "Sego Lily Suites: Indianapolis", "hotelLocation": "Indianapolis", "hotelRoomType": "standard", "hotelRoomCount": "1", "hotelGuestAdultCount": "1", "hotelGuestChildCount": "0", "hotelNightCount": "2", "hotelRoomPrice": "159.77", "hotelFinalPrice": "319.54"}}}
{"_id": "orderid:659239", "timestamp": "2019-12-19T21:12:41.000Z", "eventType": "transaction", "_adobeamericaspot3": {"CRMID": "crmid:3843371310", "orderDetails": {"orderID": "orderid:659239", "reservationid": "PSO-GEPG", "orderType": "call center", "hotelSKU": "prd1004", "hotelCheckInUnix": "1578777161", "hotelCheckOutUnix": "1580073161", "hotelCheckInTS": "2020-01-11T21:12:41+00:00", "hotelCheckOutTS": "2020-01-26T21:12:41+00:00", "hotelChain": "Aspen Heights", "hotelName": "Aspen Heights: Boulder", "hotelLocation": "Boulder", "hotelRoomType": "standard", "hotelRoomCount": "1", "hotelGuestAdultCount": "1", "hotelGuestChildCount": "0", "hotelNightCount": "15", "hotelRoomPrice": "185.32", "hotelFinalPrice": "2779.8"}}}
{"_id": "orderid:536421", "timestamp": "2019-12-29T02:57:41.000Z", "eventType": "transaction", "_adobeamericaspot3": {"CRMID": "crmid:5330111519", "orderDetails": {"orderID": "orderid:536421", "reservationid": "HDU-8KKV", "orderType": "call center", "hotelSKU": "prd1110", "hotelCheckInUnix": "1577847461", "hotelCheckOutUnix": "1578625061", "hotelCheckInTS": "2020-01-01T02:57:41+00:00", "hotelCheckOutTS": "2020-01-10T02:57:41+00:00", "hotelChain": "Restful Nights", "hotelName": "Restful Nights: Sofia", "hotelLocation": "Sofia", "hotelRoomType": "standard", "hotelRoomCount": "1", "hotelGuestAdultCount": "1", "hotelGuestChildCount": "0", "hotelNightCount": "9", "hotelRoomPrice": "128.04", "hotelFinalPrice": "1152.36"}}}
