id,reservationid,orderid,crmid,timestamp,orderType,productsku,hotelCheckInUnix,hotelCheckOutUnix,hotelCheckInTS,hotelCheckOutTS,hotelName,hotelChain,hotelLocation,hotelRoomType,hotelRoomCount,hotelGuestAdultCount,hotelGuestChildCount,hotelNightCount,hotelRoomPrice,hotelFinalPrice
df231108-53c8-11ea-9c3d-b88a60e194fb,0TR-N65U,orderid:559804,crmid:1640707875,2019-12-01T13:29:04.000Z,call center,prd1098,1575293344,1575466144,2019-12-02T13:29:04+00:00,2019-12-04T13:29:04+00:00,Restful Nights: Kiev,Restful Nights,Kiev,standard,1,1,0,2,89.28,178.56
df23d5a2-53c8-11ea-b634-b88a60e194fb,1HU-1BGI,orderid:475923,crmid:5229586208,2020-02-03T13:38:46.000Z,call center,prd1180,1580823526,1580909926,2020-02-04T13:38:46+00:00,2020-02-05T13:38:46+00:00,Sandhill: Virginia Beach,Sandhill,Virginia Beach,standard,1,1,0,1,115.55,115.55
df2497a8-53c8-11ea-8c2a-b88a60e194fb,XLR-B7HH,orderid:738800,crmid:6454152091,2020-01-16T12:45:47.000Z,kiosk,prd1088,1581165947,1581338747,2020-02-08T12:45:47+00:00,2020-02-10T12:45:47+00:00,Aspen Heights: Ankara,Aspen Heights,Ankara,premium,1,1,0,2,149.52,299.04
df258202-53c8-11ea-83f8-b88a60e194fb,HFO-VBHB,orderid:404207,crmid:6101920707,2020-01-12T12:09:42.000Z,website,prd1057,1581163782,1581768582,2020-02-08T12:09:42+00:00,2020-02-15T12:09:42+00:00,Admiralty Plaza: Mumbai,Admiralty Plaza,Mumbai,premium,1,1,1,7,139.28,974.96
df261f92-53c8-11ea-b573-b88a60e194fb,YSC-QB2K,orderid:813767,crmid:8860200563,2020-02-07T01:23:33.000Z,kiosk,prd1035,1581211413,1581297813,2020-02-09T01:23:33+00:00,2020-02-10T01:23:33+00:00,Hospitality Inn: Tucson,Hospitality Inn,Tucson,standard,1,1,0,1,135.89,135.89
df26bbd4-53c8-11ea-a9e5-b88a60e194fb,H8P-Y95Z,orderid:526635,crmid:3153193296,2020-02-14T08:41:10.000Z,mobile,prd1081,1581756070,1581842470,2020-02-15T08:41:10+00:00,2020-02-16T08:41:10+00:00,Admiralty Plaza: Rod de Janeiro,Admiralty Plaza,Rod de Janeiro,standard,1,1,0,1,129.22,129.22
df26e2c8-53c8-11ea-904e-b88a60e194fb,OLD-TE2C,orderid:225472,crmid:3153193296,2020-02-18T00:00:00.000Z,kiosk,prd1041,1582070400,1582156800,2020-02-19T00:00:00+00:00,2020-02-20T00:00:00+00:00,Sapphire Suites: Long Beach,Sapphire Suites,Long Beach,ultra-luxury,1,1,0,1,326.19,326.19
df277f1e-53c8-11ea-b41a-b88a60e194fb,ZZ7-ZPZM,orderid:212218,crmid:5293883196,2019-12-10T04:53:45.000Z,mobile,prd1177,1576040025,1576299225,2019-12-11T04:53:45+00:00,2019-12-14T04:53:45+00:00,Admiralty Plaza: Raleigh,Admiralty Plaza,Raleigh,premium,1,1,0,3,161.89,485.67
df284122-53c8-11ea-a51b-b88a60e194fb,UF8-S9ZB,orderid:610989,crmid:5183719418,2020-02-11T03:00:59.000Z,service desk,prd1106,1583031659,1583550059,2020-03-01T03:00:59+00:00,2020-03-07T03:00:59+00:00,Blue Reef Resort: Munich,Blue Reef Resort,Munich,standard,1,1,0,6,141.72,850.32
df2905e8-53c8-11ea-b0e4-b88a60e194fb,UA7-T56C,orderid:534992,crmid:8697534035,2020-01-24T17:19:33.000Z,website,prd1173,1580318373,1580750373,2020-01-29T17:19:33+00:00,2020-02-03T17:19:33+00:00,Sapphire Suites: Kansas City,Sapphire Suites,Kansas City,standard,1,1,4,5,94.36,471.8
df29c912-53c8-11ea-b14b-b88a60e194fb,FXL-PWR7,orderid:341754,crmid:2117768042,2020-01-09T11:35:44.000Z,website,prd1077,1579606544,1580297744,2020-01-21T11:35:44+00:00,2020-01-29T11:35:44+00:00,Sapphire Suites: Cairo,Sapphire Suites,Cairo,standard,1,1,0,8,141.0,1128.0
df2a8c5c-53c8-11ea-be88-b88a60e194fb,ZH0-0CAH,orderid:811036,crmid:6652137001,2020-01-10T16:09:06.000Z,kiosk,prd1052,1578758946,1579104546,2020-01-11T16:09:06+00:00,2020-01-15T16:09:06+00:00,Aspen Heights: Wichita,Aspen Heights,Wichita,premium,1,1,0,4,146.87,587.48
df2b28a2-53c8-11ea-aae1-b88a60e194fb,DGD-IZHX,orderid:949157,crmid:3165197451,2020-02-06T13:48:17.000Z,website,prd1160,1583502497,1584971297,2020-03-06T13:48:17+00:00,2020-03-23T13:48:17+00:00,Aspen Heights: Nashville,Aspen Heights,Nashville,standard,1,1,0,17,127.15,2161.55
df2bebf4-53c8-11ea-b6b6-b88a60e194fb,TWN-IZEL,orderid:526589,crmid:1800311804,2020-02-13T13:20:09.000Z,kiosk,prd1097,1583587209,1584192009,2020-03-07T13:20:09+00:00,2020-03-14T13:20:09+00:00,Grandeur Hotels: Buenos Aires,Grandeur Hotels,Buenos Aires,premium,1,1,4,7,156.21,1093.47
df2d729c-53c8-11ea-baa6-b88a60e194fb,Q4Z-QCZN,orderid:939709,crmid:8422253590,2019-12-07T14:41:22.000Z,kiosk,prd1058,1578062482,1578321682,2020-01-03T14:41:22+00:00,2020-01-06T14:41:22+00:00,Blue Reef Resort: Delhi,Blue Reef Resort,Delhi,standard,1,1,0,3,159.56,478.68
df2f94ae-53c8-11ea-b84a-b88a60e194fb,QJX-YOH2,orderid:525256,crmid:6302072514,2020-01-15T15:26:54.000Z,mobile,prd1147,1579188414,1579361214,2020-01-16T15:26:54+00:00,2020-01-18T15:26:54+00:00,Family Fun Hotels: Austin,Family Fun Hotels,Austin,premium,1,1,0,2,138.97,277.94
df31431a-53c8-11ea-b5fb-b88a60e194fb,OSZ-ODTY,orderid:998544,crmid:2091882951,2019-12-27T00:59:17.000Z,call center,prd1077,1579654757,1579913957,2020-01-22T00:59:17+00:00,2020-01-25T00:59:17+00:00,Sapphire Suites: Cairo,Sapphire Suites,Cairo,standard,1,1,0,3,143.0,429.0
df32c9e8-53c8-11ea-8119-b88a60e194fb,QJV-Q9GJ,orderid:272118,crmid:1108322295,2019-12-24T09:41:32.000Z,mobile,prd1083,1578994892,1580463692,2020-01-14T09:41:32+00:00,2020-01-31T09:41:32+00:00,Hospitality Inn: Bangkok,Hospitality Inn,Bangkok,standard,1,1,2,17,166.2,2825.4
df347786-53c8-11ea-87c0-b88a60e194fb,URK-RE1G,orderid:189328,crmid:6908852557,2020-01-06T17:44:32.000Z,website,prd1040,1580233472,1580492672,2020-01-28T17:44:32+00:00,2020-01-31T17:44:32+00:00,Aspen Heights: Atlanta,Aspen Heights,Atlanta,luxury,1,1,3,3,306.95,920.85
df362524-53c8-11ea-9602-b88a60e194fb,MQV-ODDD,orderid:509431,crmid:3956453740,2019-12-30T04:21:21.000Z,service desk,prd1076,1577852481,1578111681,2020-01-01T04:21:21+00:00,2020-01-04T04:21:21+00:00,Aspen Heights: Bogota,Aspen Heights,Bogota,luxury,1,1,0,3,293.99,881.97
df364c30-53c8-11ea-8847-b88a60e194fb,MDQ-TATH,orderid:921559,crmid:3956453740,2020-01-05T00:00:00.000Z,service desk,prd1105,1578700800,1578787200,2020-01-11T00:00:00+00:00,2020-01-12T00:00:00+00:00,Admiralty Plaza: Barcelona,Admiralty Plaza,Barcelona,premium,1,1,0,1,151.74,151.74
df37f9f6-53c8-11ea-a3be-b88a60e194fb,WPC-GPPZ,orderid:204506,crmid:6380245043,2020-01-15T04:17:12.000Z,website,prd1016,1580703432,1580876232,2020-02-03T04:17:12+00:00,2020-02-05T04:17:12+00:00,Aspen Heights: Columbus,Aspen Heights,Columbus,premium,1,1,0,2,134.9,269.8
df398080-53c8-11ea-8fdd-b88a60e194fb,6WC-O5E7,orderid:588909,crmid:3072024058,2020-02-09T13:04:45.000Z,website,prd1045,1582290285,1582808685,2020-02-21T13:04:45+00:00,2020-02-27T13:04:45+00:00,Admiralty Plaza: Miami,Admiralty Plaza,Miami,standard,1,1,4,6,137.19,823.14
df3ab912-53c8-11ea-b682-b88a60e194fb,60D-FWLB,orderid:751471,crmid:5273825537,2020-01-22T20:31:14.000Z,call center,prd1118,1579897874,1580070674,2020-01-24T20:31:14+00:00,2020-01-26T20:31:14+00:00,Blue Reef Resort: Cologne,Blue Reef Resort,Cologne,premium,1,1,0,2,152.14,304.28
df3cb398-53c8-11ea-9a25-b88a60e194fb,O05-0UMX,orderid:952629,crmid:9063455029,2019-12-16T08:55:22.000Z,website,prd1093,1578560122,1579164922,2020-01-09T08:55:22+00:00,2020-01-16T08:55:22+00:00,Admiralty Plaza: Yokohama,Admiralty Plaza,Yokohama,standard,1,1,0,7,112.21,785.47
df3e1486-53c8-11ea-8e95-b88a60e194fb,VJM-LHXS,orderid:698890,crmid:1940107349,2019-12-02T18:14:54.000Z,call center,prd1091,1576606494,1577384094,2019-12-17T18:14:54+00:00,2019-12-26T18:14:54+00:00,Nesting Box Inn: New Taipei,Nesting Box Inn,New Taipei,presidential-suite,1,1,1,9,980.65,8825.85
df400ec6-53c8-11ea-b5d8-b88a60e194fb,QTE-R0DH,orderid:118216,crmid:8931616603,2019-12-31T19:50:16.000Z,website,prd1010,1579809016,1580241016,2020-01-23T19:50:16+00:00,2020-01-28T19:50:16+00:00,Blue Reef Resort: San Diego,Blue Reef Resort,San Diego,standard,1,1,0,5,116.78,583.9
df419586-53c8-11ea-8e19-b88a60e194fb,CBH-BPSY,orderid:468761,crmid:4728601389,2020-02-15T13:39:33.000Z,website,prd1160,1583415573,1584020373,2020-03-05T13:39:33+00:00,2020-03-12T13:39:33+00:00,Aspen Heights: Nashville,Aspen Heights,Nashville,standard,1,1,0,7,124.09,868.63
df43447e-53c8-11ea-b2f7-b88a60e194fb,K60-GQP9,orderid:101733,crmid:4137610896,2020-02-15T14:53:20.000Z,kiosk,prd1124,1581864800,1581951200,2020-02-16T14:53:20+00:00,2020-02-17T14:53:20+00:00,Aspen Heights: Leeds,Aspen Heights,Leeds,standard,1,1,0,1,179.48,179.48
df436b9e-53c8-11ea-b8c6-b88a60e194fb,NIF-SUPH,orderid:805692,crmid:4137610896,2020-02-19T00:00:00.000Z,call center,prd1196,1582675200,1582761600,2020-02-26T00:00:00+00:00,2020-02-27T00:00:00+00:00,Aspen Heights: Moscow,Aspen Heights,Moscow,luxury,1,1,0,1,320.9,320.9
df44f234-53c8-11ea-897d-b88a60e194fb,EOS-KEEO,orderid:860822,crmid:4796311639,2020-01-14T00:10:50.000Z,website,prd1028,1580688650,1581120650,2020-02-03T00:10:50+00:00,2020-02-08T00:10:50+00:00,Aspen Heights: Portland,Aspen Heights,Portland,standard,1,1,0,5,142.47,712.35
df469ffa-53c8-11ea-bab8-b88a60e194fb,HZO-4UUJ,orderid:572954,crmid:4039956519,2020-02-04T00:58:33.000Z,mobile,prd1026,1580950713,1581037113,2020-02-06T00:58:33+00:00,2020-02-07T00:58:33+00:00,Restful Nights: Nashville,Restful Nights,Nashville,standard,1,1,0,1,104.29,104.29
df482686-53c8-11ea-b90d-b88a60e194fb,UXQ-4S8E,orderid:883955,crmid:8772001757,2019-12-26T00:32:02.000Z,service desk,prd1184,1577493122,1577752322,2019-12-28T00:32:02+00:00,2019-12-31T00:32:02+00:00,Aspen Heights: Arlington,Aspen Heights,Arlington,standard,1,1,0,3,156.94,470.82
df495f18-53c8-11ea-8ee0-b88a60e194fb,SM4-PCM8,orderid:570528,crmid:1856421874,2020-01-11T00:31:28.000Z,website,prd1121,1578789088,1579048288,2020-01-12T00:31:28+00:00,2020-01-15T00:31:28+00:00,Grandeur Hotels: Stockholm,Grandeur Hotels,Stockholm,premium,1,1,0,3,119.15,357.45
df4b5a1e-53c8-11ea-98af-b88a60e194fb,WWK-NVJX,orderid:805234,crmid:9130859732,2020-02-01T08:41:35.000Z,kiosk,prd1004,1580719295,1580805695,2020-02-03T08:41:35+00:00,2020-02-04T08:41:35+00:00,Aspen Heights: Boulder,Aspen Heights,Boulder,premium,1,1,0,1,135.57,135.57
df4ce1b4-53c8-11ea-aa3c-b88a60e194fb,A7A-UW89,orderid:231120,crmid:5997014150,2020-01-28T17:19:45.000Z,mobile,prd1115,1582391985,1583083185,2020-02-22T17:19:45+00:00,2020-03-01T17:19:45+00:00,Nesting Box Inn: Cologne,Nesting Box Inn,Cologne,standard,1,1,0,8,125.26,1002.08
df4e4112-53c8-11ea-bc04-b88a60e194fb,A6H-ZGFJ,orderid:649362,crmid:3999322438,2020-01-09T02:11:38.000Z,website,prd1046,1578881498,1579572698,2020-01-13T02:11:38+00:00,2020-01-21T02:11:38+00:00,Blue Reef Resort: Virginia Beach,Blue Reef Resort,Virginia Beach,premium,1,1,3,8,140.37,1122.96
df4feeb4-53c8-11ea-a7ff-b88a60e194fb,QRN-CEHE,orderid:590574,crmid:1314928135,2019-12-10T18:16:40.000Z,call center,prd1178,1576088200,1576174600,2019-12-11T18:16:40+00:00,2019-12-12T18:16:40+00:00,Blue Reef Resort: Colorado Springs,Blue Reef Resort,Colorado Springs,premium,1,1,0,1,139.12,139.12
df51c388-53c8-11ea-b705-b88a60e194fb,YVH-4HY0,orderid:180961,crmid:3425049034,2020-01-06T11:54:18.000Z,service desk,prd1104,1578743658,1578916458,2020-01-11T11:54:18+00:00,2020-01-13T11:54:18+00:00,Repose Resort: Warsaw,Repose Resort,Warsaw,standard,1,1,0,2,150.33,300.66
df51e90a-53c8-11ea-a75f-b88a60e194fb,QLY-MNTV,orderid:442903,crmid:3425049034,2020-01-14T00:00:00.000Z,website,prd1119,1579046400,1579132800,2020-01-15T00:00:00+00:00,2020-01-16T00:00:00+00:00,Hospitality Inn: Turin,Hospitality Inn,Turin,standard,1,1,0,1,123.88,123.88
df537124-53c8-11ea-bd93-b88a60e194fb,H5E-PXB3,orderid:633106,crmid:6273608347,2020-01-17T14:56:39.000Z,website,prd1165,1579791399,1580223399,2020-01-23T14:56:39+00:00,2020-01-28T14:56:39+00:00,Admiralty Plaza: Louisville,Admiralty Plaza,Louisville,standard,1,1,0,5,129.58,647.9
df554608-53c8-11ea-9749-b88a60e194fb,7DA-ZQSO,orderid:474014,crmid:7045278257,2020-01-12T19:56:06.000Z,website,prd1190,1580673366,1581623766,2020-02-02T19:56:06+00:00,2020-02-13T19:56:06+00:00,Blue Reef Resort: Aurora,Blue Reef Resort,Aurora,standard,1,1,0,11,155.09,1705.99
df56cc7e-53c8-11ea-9f81-b88a60e194fb,77O-Q5LQ,orderid:348093,crmid:1398159984,2020-01-06T04:13:44.000Z,website,prd1100,1580271224,1580703224,2020-01-29T04:13:44+00:00,2020-02-03T04:13:44+00:00,Aspen Heights: Misk,Aspen Heights,Misk,standard,1,1,0,5,155.76,778.8
df57ddec-53c8-11ea-af51-b88a60e194fb,Q0G-LGCX,orderid:941525,crmid:7273543533,2020-01-23T13:44:17.000Z,website,prd1078,1579873457,1579959857,2020-01-24T13:44:17+00:00,2020-01-25T13:44:17+00:00,Sego Lily Suites: Ho Chi Minh,Sego Lily Suites,Ho Chi Minh,standard,1,1,0,1,122.86,122.86
df598ba8-53c8-11ea-9e04-b88a60e194fb,UJV-XPEB,orderid:655162,crmid:4799779094,2020-01-06T03:15:28.000Z,service desk,prd1023,1579230928,1580267728,2020-01-17T03:15:28+00:00,2020-01-29T03:15:28+00:00,Hospitality Inn: Boston,Hospitality Inn,Boston,standard,1,1,1,12,137.05,1644.6
df5b123a-53c8-11ea-bff3-b88a60e194fb,71M-2AMZ,orderid:515995,crmid:4105002673,2020-02-01T03:27:01.000Z,kiosk,prd1010,1581132421,1581391621,2020-02-08T03:27:01+00:00,2020-02-11T03:27:01+00:00,Blue Reef Resort: San Diego,Blue Reef Resort,San Diego,premium,1,1,0,3,114.77,344.31
df5c7092-53c8-11ea-b397-b88a60e194fb,N4T-JMGS,orderid:192107,crmid:9485587375,2020-01-05T14:17:58.000Z,kiosk,prd1111,1578320278,1578493078,2020-01-06T14:17:58+00:00,2020-01-08T14:17:58+00:00,Family Fun Hotels: Prague,Family Fun Hotels,Prague,standard,1,1,0,2,143.75,287.5
df5e9350-53c8-11ea-97cd-b88a60e194fb,N1L-SNN2,orderid:710845,crmid:6264705969,2019-12-19T10:13:29.000Z,website,prd1197,1578305609,1578996809,2020-01-06T10:13:29+00:00,2020-01-14T10:13:29+00:00,Sapphire Suites: London,Sapphire Suites,London,premium,1,1,0,8,132.1,1056.8
df6019f6-53c8-11ea-89c2-b88a60e194fb,C5W-L6WJ,orderid:183803,crmid:7809513513,2020-02-13T23:54:13.000Z,website,prd1189,1581724453,1581983653,2020-02-14T23:54:13+00:00,2020-02-17T23:54:13+00:00,Admiralty Plaza: Bakersfield,Admiralty Plaza,Bakersfield,standard,1,1,0,3,182.79,548.37
df61c7a8-53c8-11ea-b63e-b88a60e194fb,GTN-A9EE,orderid:963413,crmid:8423252030,2020-01-08T07:39:52.000Z,kiosk,prd1154,1580456392,1581061192,2020-01-31T07:39:52+00:00,2020-02-07T07:39:52+00:00,Blue Reef Resort: Seattle,Blue Reef Resort,Seattle,standard,1,1,3,7,158.53,1109.71
df63272c-53c8-11ea-94c6-b88a60e194fb,LK5-D0UR,orderid:320140,crmid:3747834877,2020-01-06T02:13:20.000Z,kiosk,prd1121,1579659200,1580091200,2020-01-22T02:13:20+00:00,2020-01-27T02:13:20+00:00,Grandeur Hotels: Stockholm,Grandeur Hotels,Stockholm,standard,1,1,0,5,153.3,766.5
df64d4e2-53c8-11ea-9b6a-b88a60e194fb,XUC-OMSM,orderid:792440,crmid:9848748282,2020-01-09T23:01:09.000Z,kiosk,prd1045,1581030069,1582153269,2020-02-06T23:01:09+00:00,2020-02-19T23:01:09+00:00,Admiralty Plaza: Miami,Admiralty Plaza,Miami,standard,1,1,0,13,129.48,1683.24
df66f902-53c8-11ea-b5ef-b88a60e194fb,MAM-BARR,orderid:157788,crmid:1340073489,2020-02-09T03:27:33.000Z,kiosk,prd1167,1581305253,1581391653,2020-02-10T03:27:33+00:00,2020-02-11T03:27:33+00:00,Hospitality Inn: Milwaukee,Hospitality Inn,Milwaukee,standard,1,1,0,1,164.26,164.26
df68a6ba-53c8-11ea-89eb-b88a60e194fb,NGJ-VBBH,orderid:697622,crmid:4163709131,2020-01-26T10:56:34.000Z,call center,prd1159,1582455394,1583060194,2020-02-23T10:56:34+00:00,2020-03-01T10:56:34+00:00,Family Fun Hotels: Detroit,Family Fun Hotels,Detroit,luxury,1,1,0,7,297.85,2084.95
df6a0642-53c8-11ea-a8ae-b88a60e194fb,PPX-JZOP,orderid:564544,crmid:8784585421,2020-01-20T18:34:16.000Z,call center,prd1069,1580150056,1580927656,2020-01-27T18:34:16+00:00,2020-02-05T18:34:16+00:00,Admiralty Plaza: Singapore,Admiralty Plaza,Singapore,premium,1,1,2,9,168.92,1520.28
df6c2800-53c8-11ea-b86f-b88a60e194fb,9FW-9E3C,orderid:201384,crmid:9340507885,2019-12-25T22:00:18.000Z,website,prd1189,1579039218,1579384818,2020-01-14T22:00:18+00:00,2020-01-18T22:00:18+00:00,Admiralty Plaza: Bakersfield,Admiralty Plaza,Bakersfield,premium,1,1,0,4,188.97,755.88
df6e733a-53c8-11ea-a5f0-b88a60e194fb,Z1F-0TTA,orderid:453664,crmid:9239540249,2020-02-06T23:33:40.000Z,website,prd1095,1581118420,1581377620,2020-02-07T23:33:40+00:00,2020-02-10T23:33:40+00:00,Hospitality Inn: Casablanca,Hospitality Inn,Casablanca,luxury,1,1,0,3,429.32,1287.96
df6e9a6c-53c8-11ea-b26f-b88a60e194fb,XBQ-ZEGV,orderid:751909,crmid:9239540249,2020-02-12T00:00:00.000Z,call center,prd1106,1581724800,1582070400,2020-02-15T00:00:00+00:00,2020-02-19T00:00:00+00:00,Blue Reef Resort: Munich,Blue Reef Resort,Munich,premium,1,1,0,4,112.75,451.0
df6fd2e2-53c8-11ea-8c22-b88a60e194fb,4CS-CFTO,orderid:427000,crmid:7847416404,2020-02-15T02:58:30.000Z,kiosk,prd1141,1582340310,1583031510,2020-02-22T02:58:30+00:00,2020-03-01T02:58:30+00:00,Admiralty Plaza: Phoenix,Admiralty Plaza,Phoenix,premium,1,1,0,8,134.74,1077.92
df71cde4-53c8-11ea-a415-b88a60e194fb,S0I-B3OK,orderid:873674,crmid:2571265397,2019-12-15T13:24:50.000Z,call center,prd1105,1576934690,1578576290,2019-12-21T13:24:50+00:00,2020-01-09T13:24:50+00:00,Admiralty Plaza: Barcelona,Admiralty Plaza,Barcelona,standard,1,1,0,19,143.43,2725.17
df73ca64-53c8-11ea-aac5-b88a60e194fb,GUB-HTSF,orderid:540803,crmid:1492585998,2020-01-22T18:12:18.000Z,website,prd1142,1581617538,1582308738,2020-02-13T18:12:18+00:00,2020-02-21T18:12:18+00:00,Blue Reef Resort: Philadelphia,Blue Reef Resort,Philadelphia,standard,1,1,0,8,113.31,906.48
df77c0b4-53c8-11ea-85c7-b88a60e194fb,R4V-EDWI,orderid:176093,crmid:8273317227,2019-12-23T03:33:10.000Z,website,prd1137,1577244790,1577676790,2019-12-25T03:33:10+00:00,2019-12-30T03:33:10+00:00,Sapphire Suites: Manila,Sapphire Suites,Manila,standard,1,1,0,5,142.53,712.65
df79203e-53c8-11ea-bc98-b88a60e194fb,MCN-B7MX,orderid:566498,crmid:5818543773,2019-12-21T02:22:47.000Z,kiosk,prd1155,1578882167,1579400567,2020-01-13T02:22:47+00:00,2020-01-19T02:22:47+00:00,Hospitality Inn: Denver,Hospitality Inn,Denver,standard,1,1,2,6,173.64,1041.84
df7b1c24-53c8-11ea-a3ad-b88a60e194fb,BUY-PHIH,orderid:359092,crmid:9754936344,2019-12-03T13:26:43.000Z,kiosk,prd1064,1577712403,1577971603,2019-12-30T13:26:43+00:00,2020-01-02T13:26:43+00:00,Aspen Heights: Paris,Aspen Heights,Paris,premium,1,1,0,3,174.11,522.33
df7ca336-53c8-11ea-89a7-b88a60e194fb,MCF-VHHB,orderid:543188,crmid:4585423155,2019-12-22T07:34:24.000Z,service desk,prd1022,1577172864,1577259264,2019-12-24T07:34:24+00:00,2019-12-25T07:34:24+00:00,Blue Reef Resort: Washington DC,Blue Reef Resort,Washington DC,standard,1,1,0,1,132.74,132.74
df7e9e80-53c8-11ea-8f7b-b88a60e194fb,PG1-8HYA,orderid:437405,crmid:7574462881,2020-02-15T10:52:13.000Z,kiosk,prd1004,1582887133,1583751133,2020-02-28T10:52:13+00:00,2020-03-09T10:52:13+00:00,Aspen Heights: Boulder,Aspen Heights,Boulder,standard,1,1,3,10,136.45,1364.5
df80253a-53c8-11ea-a541-b88a60e194fb,FNR-WD8I,orderid:467915,crmid:7186616548,2019-12-08T01:36:03.000Z,website,prd1089,1577669763,1578188163,2019-12-30T01:36:03+00:00,2020-01-05T01:36:03+00:00,Sapphire Suites: Rome,Sapphire Suites,Rome,standard,1,1,0,6,150.15,900.9
df8220e6-53c8-11ea-a6d7-b88a60e194fb,LSF-Y5X0,orderid:846040,crmid:8410357970,2020-01-27T19:25:26.000Z,call center,prd1046,1582658726,1583695526,2020-02-25T19:25:26+00:00,2020-03-08T19:25:26+00:00,Blue Reef Resort: Virginia Beach,Blue Reef Resort,Virginia Beach,standard,1,1,0,12,135.3,1623.6
df846ade-53c8-11ea-9b13-b88a60e194fb,6XK-ECFR,orderid:910784,crmid:8610784463,2020-01-05T21:49:00.000Z,mobile,prd1148,1578520140,1578865740,2020-01-08T21:49:00+00:00,2020-01-12T21:49:00+00:00,Aspen Heights: Jacksonville,Aspen Heights,Jacksonville,standard,1,1,0,4,141.48,565.92
df85f180-53c8-11ea-a739-b88a60e194fb,MHW-D1HZ,orderid:162780,crmid:4678349675,2020-01-29T21:41:04.000Z,mobile,prd1136,1580420464,1580593264,2020-01-30T21:41:04+00:00,2020-02-01T21:41:04+00:00,Aspen Heights: Osaka,Aspen Heights,Osaka,standard,1,1,0,2,105.47,210.94
df879f40-53c8-11ea-b8c1-b88a60e194fb,U2G-FRXL,orderid:304620,crmid:1313480361,2019-12-16T13:31:55.000Z,kiosk,prd1187,1576589515,1577107915,2019-12-17T13:31:55+00:00,2019-12-23T13:31:55+00:00,Nesting Box Inn: Cleveland,Nesting Box Inn,Cleveland,standard,1,1,0,6,97.84,587.04
df8925da-53c8-11ea-bc8d-b88a60e194fb,XY0-H1CQ,orderid:885149,crmid:2908486002,2020-01-05T07:18:40.000Z,website,prd1183,1580714320,1581319120,2020-02-03T07:18:40+00:00,2020-02-10T07:18:40+00:00,Family Fun Hotels: Tulsa,Family Fun Hotels,Tulsa,standard,1,1,0,7,147.3,1031.1
df8aac70-53c8-11ea-8195-b88a60e194fb,KAU-ZSTT,orderid:330680,crmid:1679863577,2019-12-25T20:11:14.000Z,kiosk,prd1033,1579205474,1579464674,2020-01-16T20:11:14+00:00,2020-01-19T20:11:14+00:00,Admiralty Plaza: Milwaukee,Admiralty Plaza,Milwaukee,standard,1,1,0,3,171.84,515.52
df8ca842-53c8-11ea-bffc-b88a60e194fb,H6R-PVNN,orderid:373739,crmid:8996688312,2020-01-04T10:05:35.000Z,kiosk,prd1009,1578737135,1579082735,2020-01-11T10:05:35+00:00,2020-01-15T10:05:35+00:00,Admiralty Plaza: San Antonio,Admiralty Plaza,San Antonio,standard,1,1,0,4,161.53,646.12
df8de0c0-53c8-11ea-8664-b88a60e194fb,GPF-YV5T,orderid:470503,crmid:5006779054,2019-12-26T18:48:58.000Z,call center,prd1100,1579027738,1579805338,2020-01-14T18:48:58+00:00,2020-01-23T18:48:58+00:00,Aspen Heights: Misk,Aspen Heights,Misk,standard,1,1,0,9,129.3,1163.7
df8f6770-53c8-11ea-9dc4-b88a60e194fb,NPM-RWMH,orderid:525441,crmid:4368419350,2019-12-05T19:22:38.000Z,website,prd1177,1577215358,1577992958,2019-12-24T19:22:38+00:00,2020-01-02T19:22:38+00:00,Admiralty Plaza: Raleigh,Admiralty Plaza,Raleigh,ultra-luxury,1,1,3,9,298.96,2690.64
df909fe4-53c8-11ea-bdc1-b88a60e194fb,XBD-NYYM,orderid:361940,crmid:3150810142,2019-12-22T20:38:54.000Z,website,prd1035,1577392734,1578083934,2019-12-26T20:38:54+00:00,2020-01-03T20:38:54+00:00,Hospitality Inn: Tucson,Hospitality Inn,Tucson,luxury,1,1,0,8,343.94,2751.52
df922686-53c8-11ea-9f15-b88a60e194fb,BIT-TC3T,orderid:625416,crmid:4352031054,2020-02-04T14:24:59.000Z,mobile,prd1011,1581517499,1582208699,2020-02-12T14:24:59+00:00,2020-02-20T14:24:59+00:00,Hospitality Inn: Dallas,Hospitality Inn,Dallas,standard,1,1,0,8,140.94,1127.52
df93ad36-53c8-11ea-af64-b88a60e194fb,YOK-RUS6,orderid:427585,crmid:4320077549,2019-12-29T23:52:25.000Z,mobile,prd1167,1577749945,1578009145,2019-12-30T23:52:25+00:00,2020-01-02T23:52:25+00:00,Hospitality Inn: Milwaukee,Hospitality Inn,Milwaukee,standard,1,1,0,3,153.01,459.03
df950cac-53c8-11ea-ad42-b88a60e194fb,JTM-YSG0,orderid:813754,crmid:3439611431,2020-01-20T17:31:56.000Z,mobile,prd1105,1581355916,1582392716,2020-02-10T17:31:56+00:00,2020-02-22T17:31:56+00:00,Admiralty Plaza: Barcelona,Admiralty Plaza,Barcelona,standard,1,1,0,12,118.64,1423.68
df964530-53c8-11ea-8a1a-b88a60e194fb,UGS-G29U,orderid:996036,crmid:6400022235,2020-01-26T00:24:28.000Z,website,prd1085,1582071868,1582763068,2020-02-19T00:24:28+00:00,2020-02-27T00:24:28+00:00,Grandeur Hotels: Saint Petersburg,Grandeur Hotels,Saint Petersburg,luxury,1,1,0,8,385.79,3086.32
df97cbf4-53c8-11ea-bd41-b88a60e194fb,OCI-T1HH,orderid:738491,crmid:9978108478,2020-01-21T15:48:52.000Z,mobile,prd1190,1581608932,1582127332,2020-02-13T15:48:52+00:00,2020-02-19T15:48:52+00:00,Blue Reef Resort: Aurora,Blue Reef Resort,Aurora,standard,1,1,0,6,141.31,847.86
df99a0a6-53c8-11ea-ba27-b88a60e194fb,TE9-CCUD,orderid:180350,crmid:7481882175,2020-01-14T04:26:09.000Z,kiosk,prd1009,1579148769,1579235169,2020-01-16T04:26:09+00:00,2020-01-17T04:26:09+00:00,Admiralty Plaza: San Antonio,Admiralty Plaza,San Antonio,standard,1,1,0,1,152.74,152.74
df9bea7e-53c8-11ea-8d89-b88a60e194fb,Z99-WDEI,orderid:527694,crmid:7038409288,2020-01-30T15:45:32.000Z,call center,prd1115,1582645532,1583509532,2020-02-25T15:45:32+00:00,2020-03-06T15:45:32+00:00,Nesting Box Inn: Cologne,Nesting Box Inn,Cologne,standard,1,1,0,10,58.1,581.0
df9ea99a-53c8-11ea-8535-b88a60e194fb,WBT-MD4Q,orderid:932015,crmid:6573034156,2020-01-12T16:42:17.000Z,call center,prd1083,1580661737,1580920937,2020-02-02T16:42:17+00:00,2020-02-05T16:42:17+00:00,Hospitality Inn: Bangkok,Hospitality Inn,Bangkok,premium,1,1,0,3,100.5,301.5
dfa0f4f4-53c8-11ea-8406-b88a60e194fb,YTA-37WW,orderid:755445,crmid:9204182017,2020-02-15T00:36:51.000Z,kiosk,prd1148,1581813411,1582072611,2020-02-16T00:36:51+00:00,2020-02-19T00:36:51+00:00,Aspen Heights: Jacksonville,Aspen Heights,Jacksonville,standard,1,1,0,3,116.53,349.59
dfa5140a-53c8-11ea-ba86-b88a60e194fb,EIZ-4HMS,orderid:239247,crmid:3854529678,2019-12-08T18:35:42.000Z,kiosk,prd1121,1578076542,1579718142,2020-01-03T18:35:42+00:00,2020-01-22T18:35:42+00:00,Grandeur Hotels: Stockholm,Grandeur Hotels,Stockholm,standard,1,1,0,19,114.51,2175.69
dfa81f82-53c8-11ea-a29c-b88a60e194fb,JDK-WAHA,orderid:876233,crmid:4817625795,2019-12-02T19:47:19.000Z,website,prd1147,1575748039,1575834439,2019-12-07T19:47:19+00:00,2019-12-08T19:47:19+00:00,Family Fun Hotels: Austin,Family Fun Hotels,Austin,standard,1,1,0,1,146.67,146.67
dfad288c-53c8-11ea-b005-b88a60e194fb,KUE-UYUT,orderid:948982,crmid:9958445203,2019-12-03T07:24:53.000Z,mobile,prd1077,1575789893,1575962693,2019-12-08T07:24:53+00:00,2019-12-10T07:24:53+00:00,Sapphire Suites: Cairo,Sapphire Suites,Cairo,premium,1,1,0,2,131.72,263.44
dfb4c9b4-53c8-11ea-b1fb-b88a60e194fb,ZYZ-GVPQ,orderid:589787,crmid:6834863360,2020-02-11T04:26:43.000Z,mobile,prd1026,1583209603,1583468803,2020-03-03T04:26:43+00:00,2020-03-06T04:26:43+00:00,Restful Nights: Nashville,Restful Nights,Nashville,standard,1,1,0,3,156.72,470.16
dfbcb8e2-53c8-11ea-8c98-b88a60e194fb,FNZ-XNSG,orderid:256614,crmid:8195604245,2020-02-10T01:13:55.000Z,website,prd1047,1583889235,1584234835,2020-03-11T01:13:55+00:00,2020-03-15T01:13:55+00:00,Hospitality Inn: Oakland,Hospitality Inn,Oakland,luxury,1,1,3,4,300.63,1202.52
dfc40c00-53c8-11ea-8d50-b88a60e194fb,PSV-3FC9,orderid:237393,crmid:4873488041,2020-01-11T19:55:16.000Z,kiosk,prd1088,1578858916,1578945316,2020-01-12T19:55:16+00:00,2020-01-13T19:55:16+00:00,Aspen Heights: Ankara,Aspen Heights,Ankara,standard,1,1,0,1,161.47,161.47
dfcbfb1a-53c8-11ea-a671-b88a60e194fb,VLD-X6U7,orderid:874299,crmid:1997691904,2019-12-02T03:01:06.000Z,mobile,prd1058,1576983666,1577502066,2019-12-22T03:01:06+00:00,2019-12-28T03:01:06+00:00,Blue Reef Resort: Delhi,Blue Reef Resort,Delhi,standard,1,1,0,6,137.2,823.2
dfd39c52-53c8-11ea-ad3d-b88a60e194fb,RKA-G180,orderid:149133,crmid:4961684488,2019-12-01T14:08:09.000Z,website,prd1053,1577369289,1577974089,2019-12-26T14:08:09+00:00,2020-01-02T14:08:09+00:00,Sapphire Suites: Cleveland,Sapphire Suites,Cleveland,standard,1,1,4,7,113.92,797.44
dfd8093a-53c8-11ea-85c3-b88a60e194fb,YPD-L3HT,orderid:998145,crmid:4208297881,2019-12-05T13:46:50.000Z,call center,prd1131,1577195210,1578232010,2019-12-24T13:46:50+00:00,2020-01-05T13:46:50+00:00,Hospitality Inn: Sheffield,Hospitality Inn,Sheffield,standard,1,1,0,12,136.68,1640.16
dfe0e2b0-53c8-11ea-acc7-b88a60e194fb,3YO-DLUV,orderid:428728,crmid:3862747492,2020-01-13T02:26:17.000Z,service desk,prd1160,1581301577,1582079177,2020-02-10T02:26:17+00:00,2020-02-19T02:26:17+00:00,Aspen Heights: Nashville,Aspen Heights,Nashville,standard,1,1,0,9,193.43,1740.87
dfe8fa80-53c8-11ea-b68f-b88a60e194fb,TWH-CEZU,orderid:991157,crmid:8357594540,2020-01-28T21:47:05.000Z,website,prd1153,1580680025,1581198425,2020-02-02T21:47:05+00:00,2020-02-08T21:47:05+00:00,Admiralty Plaza: Charlotte,Admiralty Plaza,Charlotte,standard,1,1,0,6,143.54,861.24
dfed6738-53c8-11ea-8fec-b88a60e194fb,TVH-XDP4,orderid:564538,crmid:8390183362,2019-12-24T01:19:42.000Z,kiosk,prd1050,1579223982,1580260782,2020-01-17T01:19:42+00:00,2020-01-29T01:19:42+00:00,Restful Nights: Arlington,Restful Nights,Arlington,standard,1,1,0,12,184.2,2210.4
dff863a8-53c8-11ea-8dd9-b88a60e194fb,IPO-MPK8,orderid:570828,crmid:9697409624,2020-02-13T00:57:39.000Z,kiosk,prd1003,1583629059,1584320259,2020-03-08T00:57:39+00:00,2020-03-16T00:57:39+00:00,Family Fun Hotels: Houston,Family Fun Hotels,Houston,standard,1,1,0,8,161.05,1288.4
dffd93d4-53c8-11ea-934b-b88a60e194fb,OQF-VH68,orderid:232620,crmid:3268126644,2019-12-14T13:20:03.000Z,website,prd1048,1578489603,1580131203,2020-01-08T13:20:03+00:00,2020-01-27T13:20:03+00:00,Sandhill: Minneapolis,Sandhill,Minneapolis,standard,1,1,0,19,147.83,2808.77
dffecc5c-53c8-11ea-866c-b88a60e194fb,OOY-1MFI,orderid:938018,crmid:2157291689,2020-02-16T11:17:30.000Z,call center,prd1155,1582715850,1584184650,2020-02-26T11:17:30+00:00,2020-03-14T11:17:30+00:00,Hospitality Inn: Denver,Hospitality Inn,Denver,premium,1,1,0,17,173.65,2952.05
e000036c-53c8-11ea-ba15-b88a60e194fb,VPP-DPII,orderid:395654,crmid:6951309474,2019-12-11T02:23:18.000Z,call center,prd1126,1578450198,1580005398,2020-01-08T02:23:18+00:00,2020-01-26T02:23:18+00:00,Sego Lily Suites: Genova,Sego Lily Suites,Genova,standard,1,1,4,18,143.08,2575.44
e00114d8-53c8-11ea-9060-b88a60e194fb,B3V-LQPW,orderid:727915,crmid:7754697357,2020-01-08T03:14:29.000Z,website,prd1076,1581045269,1581822869,2020-02-07T03:14:29+00:00,2020-02-16T03:14:29+00:00,Aspen Heights: Bogota,Aspen Heights,Bogota,presidential-suite,1,1,0,9,907.99,8171.91
e0027470-53c8-11ea-bd58-b88a60e194fb,HRQ-DYJF,orderid:924037,crmid:9645464633,2020-01-23T03:12:47.000Z,call center,prd1158,1581995567,1582686767,2020-02-18T03:12:47+00:00,2020-02-26T03:12:47+00:00,Restful Nights: El Paso,Restful Nights,El Paso,presidential-suite,1,1,0,8,907.57,7260.56
e00337b4-53c8-11ea-a40d-b88a60e194fb,HUV-VGAI,orderid:739447,crmid:1482810151,2020-01-15T13:39:27.000Z,website,prd1105,1579527567,1580909967,2020-01-20T13:39:27+00:00,2020-02-05T13:39:27+00:00,Admiralty Plaza: Barcelona,Admiralty Plaza,Barcelona,standard,1,1,0,16,160.06,2560.96
e004be8a-53c8-11ea-87c3-b88a60e194fb,CNY-BT1K,orderid:725438,crmid:7263389770,2020-02-04T21:53:10.000Z,kiosk,prd1127,1582321990,1582840390,2020-02-21T21:53:10+00:00,2020-02-27T21:53:10+00:00,Nesting Box Inn: Glasgow,Nesting Box Inn,Glasgow,luxury,1,1,4,6,328.55,1971.3
e0061e34-53c8-11ea-94a4-b88a60e194fb,NAA-LGIN,orderid:628655,crmid:7695541162,2019-12-09T18:54:51.000Z,website,prd1184,1576004091,1576176891,2019-12-10T18:54:51+00:00,2019-12-12T18:54:51+00:00,Aspen Heights: Arlington,Aspen Heights,Arlington,standard,1,1,0,2,132.49,264.98
e0072f7e-53c8-11ea-8efe-b88a60e194fb,GYK-S0Q4,orderid:360418,crmid:3007833253,2020-01-04T08:40:29.000Z,website,prd1057,1579596029,1580028029,2020-01-21T08:40:29+00:00,2020-01-26T08:40:29+00:00,Admiralty Plaza: Mumbai,Admiralty Plaza,Mumbai,standard,1,1,0,5,180.31,901.55
e00867d2-53c8-11ea-b641-b88a60e194fb,C05-ZSLM,orderid:793154,crmid:4875980175,2020-01-25T02:02:05.000Z,service desk,prd1129,1580004125,1580349725,2020-01-26T02:02:05+00:00,2020-01-30T02:02:05+00:00,Admiralty Plaza: Helsinki,Admiralty Plaza,Helsinki,standard,1,1,0,4,145.85,583.4
e009531a-53c8-11ea-a0ce-b88a60e194fb,MPB-XSUQ,orderid:788826,crmid:2673919154,2019-12-26T12:11:19.000Z,kiosk,prd1112,1579608679,1579954279,2020-01-21T12:11:19+00:00,2020-01-25T12:11:19+00:00,Aspen Heights: Birmingham,Aspen Heights,Birmingham,luxury,1,1,3,4,338.35,1353.4
e00a16b6-53c8-11ea-8b66-b88a60e194fb,PWD-YJEQ,orderid:177981,crmid:5530842554,2020-01-11T13:19:00.000Z,website,prd1047,1578835140,1579007940,2020-01-12T13:19:00+00:00,2020-01-14T13:19:00+00:00,Hospitality Inn: Oakland,Hospitality Inn,Oakland,standard,1,1,0,2,158.58,317.16
e00a3dcc-53c8-11ea-af06-b88a60e194fb,UHP-QWEJ,orderid:909512,crmid:5530842554,2020-01-16T00:00:00.000Z,website,prd1088,1579305600,1579564800,2020-01-18T00:00:00+00:00,2020-01-21T00:00:00+00:00,Aspen Heights: Ankara,Aspen Heights,Ankara,premium,1,1,0,3,101.27,303.81
e00a64da-53c8-11ea-a661-b88a60e194fb,VEE-IFLL,orderid:618115,crmid:5530842554,2020-01-22T00:00:00.000Z,website,prd1007,1579737600,1579996800,2020-01-23T00:00:00+00:00,2020-01-26T00:00:00+00:00,Nesting Box Inn: Phoenix,Nesting Box Inn,Phoenix,standard,1,1,0,3,107.8,323.4
e00b2826-53c8-11ea-ad93-b88a60e194fb,AKF-HUMS,orderid:412872,crmid:6842613331,2020-01-16T14:43:18.000Z,kiosk,prd1010,1581000198,1582036998,2020-02-06T14:43:18+00:00,2020-02-18T14:43:18+00:00,Blue Reef Resort: San Diego,Blue Reef Resort,San Diego,standard,1,1,0,12,153.54,1842.48
e00bebe8-53c8-11ea-b572-b88a60e194fb,ZFD-SSRK,orderid:913138,crmid:7542738931,2020-01-07T02:09:22.000Z,kiosk,prd1052,1579745362,1580263762,2020-01-23T02:09:22+00:00,2020-01-29T02:09:22+00:00,Aspen Heights: Wichita,Aspen Heights,Wichita,premium,1,1,0,6,161.12,966.72
e00fe362-53c8-11ea-b555-b88a60e194fb,S5W-IK11,orderid:890021,crmid:8162401714,2019-12-09T18:10:08.000Z,kiosk,prd1004,1576433408,1577038208,2019-12-15T18:10:08+00:00,2019-12-22T18:10:08+00:00,Aspen Heights: Boulder,Aspen Heights,Boulder,premium,1,1,0,7,129.4,905.8
e010a69e-53c8-11ea-aff7-b88a60e194fb,U8J-CPFT,orderid:835071,crmid:7662965543,2020-01-23T11:59:33.000Z,call center,prd1038,1579867173,1580039973,2020-01-24T11:59:33+00:00,2020-01-26T11:59:33+00:00,Restful Nights: Mesa,Restful Nights,Mesa,premium,1,1,0,2,173.53,347.06
e01190c6-53c8-11ea-9b5b-b88a60e194fb,BZA-EM4W,orderid:270396,crmid:6127855601,2020-01-17T15:25:21.000Z,website,prd1076,1579447521,1579533921,2020-01-19T15:25:21+00:00,2020-01-20T15:25:21+00:00,Aspen Heights: Bogota,Aspen Heights,Bogota,standard,1,1,0,1,115.83,115.83
e0127b28-53c8-11ea-b92a-b88a60e194fb,TBQ-5XAM,orderid:454045,crmid:1830565356,2020-02-12T08:02:57.000Z,mobile,prd1149,1581580977,1581753777,2020-02-13T08:02:57+00:00,2020-02-15T08:02:57+00:00,Sapphire Suites: San Francisco,Sapphire Suites,San Francisco,premium,1,1,0,2,112.31,224.62
e01365e2-53c8-11ea-8de1-b88a60e194fb,WWW-QXFL,orderid:149006,crmid:5947186841,2020-01-23T12:17:34.000Z,kiosk,prd1130,1579868254,1580041054,2020-01-24T12:17:34+00:00,2020-01-26T12:17:34+00:00,Blue Reef Resort: Bremen,Blue Reef Resort,Bremen,standard,1,1,0,2,142.35,284.7
e0138cda-53c8-11ea-8876-b88a60e194fb,2DH-8YFM,orderid:595119,crmid:5947186841,2020-01-27T00:00:00.000Z,mobile,prd1007,1580342400,1580428800,2020-01-30T00:00:00+00:00,2020-01-31T00:00:00+00:00,Nesting Box Inn: Phoenix,Nesting Box Inn,Phoenix,standard,1,1,0,1,132.84,132.84
e0149d98-53c8-11ea-9ccf-b88a60e194fb,HAB-5GIM,orderid:121918,crmid:7581971176,2019-12-20T20:26:00.000Z,mobile,prd1040,1577046360,1577219160,2019-12-22T20:26:00+00:00,2019-12-24T20:26:00+00:00,Aspen Heights: Atlanta,Aspen Heights,Atlanta,premium,1,1,0,2,112.0,224.0
e014c528-53c8-11ea-8261-b88a60e194fb,TZS-O89U,orderid:785204,crmid:7581971176,2019-12-25T00:00:00.000Z,mobile,prd1083,1577318400,1577404800,2019-12-26T00:00:00+00:00,2019-12-27T00:00:00+00:00,Hospitality Inn: Bangkok,Hospitality Inn,Bangkok,premium,1,1,0,1,180.63,180.63
e015afc0-53c8-11ea-8d0b-b88a60e194fb,W4A-PAUX,orderid:142790,crmid:8481738095,2020-01-01T09:25:29.000Z,kiosk,prd1165,1579771529,1579944329,2020-01-23T09:25:29+00:00,2020-01-25T09:25:29+00:00,Admiralty Plaza: Louisville,Admiralty Plaza,Louisville,standard,1,1,4,2,120.15,240.3
e01699d0-53c8-11ea-8ee2-b88a60e194fb,FSL-JOHS,orderid:169550,crmid:6293561643,2019-12-29T09:43:34.000Z,kiosk,prd1057,1579340614,1580291014,2020-01-18T09:43:34+00:00,2020-01-29T09:43:34+00:00,Admiralty Plaza: Mumbai,Admiralty Plaza,Mumbai,standard,1,1,0,11,142.82,1571.02
e0178434-53c8-11ea-95aa-b88a60e194fb,XQ9-1U9T,orderid:271958,crmid:2095967069,2020-02-02T13:24:15.000Z,call center,prd1141,1582032255,1582464255,2020-02-18T13:24:15+00:00,2020-02-23T13:24:15+00:00,Admiralty Plaza: Phoenix,Admiralty Plaza,Phoenix,luxury,1,1,0,5,280.06,1400.3
e01847e2-53c8-11ea-96e3-b88a60e194fb,UYJ-I4YN,orderid:867668,crmid:9115167080,2020-02-02T13:00:50.000Z,kiosk,prd1025,1580994050,1581426050,2020-02-06T13:00:50+00:00,2020-02-11T13:00:50+00:00,Grandeur Hotels: Detroit,Grandeur Hotels,Detroit,presidential-suite,1,1,0,5,899.97,4499.85
e0198046-53c8-11ea-a0c6-b88a60e194fb,GXW-APTQ,orderid:709357,crmid:7244701771,2019-12-29T10:33:13.000Z,service desk,prd1074,1577701993,1577788393,2019-12-30T10:33:13+00:00,2019-12-31T10:33:13+00:00,Restful Nights: Mexico City,Restful Nights,Mexico City,premium,1,1,0,1,134.53,134.53
e01adfd8-53c8-11ea-8a0b-b88a60e194fb,UUW-DCMA,orderid:946536,crmid:9169686121,2020-01-26T03:37:57.000Z,website,prd1169,1582083477,1582256277,2020-02-19T03:37:57+00:00,2020-02-21T03:37:57+00:00,Grandeur Hotels: Tucson,Grandeur Hotels,Tucson,standard,1,1,0,2,152.35,304.7
e01c3f64-53c8-11ea-b063-b88a60e194fb,86H-QY11,orderid:715534,crmid:2047748806,2020-01-26T13:19:43.000Z,mobile,prd1133,1582377583,1582636783,2020-02-22T13:19:43+00:00,2020-02-25T13:19:43+00:00,Grandeur Hotels: Toronto,Grandeur Hotels,Toronto,standard,1,1,0,3,104.15,312.45
e01d2870-53c8-11ea-8870-b88a60e194fb,LWD-UEDO,orderid:708197,crmid:1685730752,2019-12-11T13:26:00.000Z,call center,prd1189,1576675560,1576761960,2019-12-18T13:26:00+00:00,2019-12-19T13:26:00+00:00,Admiralty Plaza: Bakersfield,Admiralty Plaza,Bakersfield,luxury,1,1,0,1,362.8,362.8
e01debc0-53c8-11ea-91e5-b88a60e194fb,GQR-PELO,orderid:404491,crmid:5054940614,2020-01-08T07:21:18.000Z,website,prd1092,1580196078,1581578478,2020-01-28T07:21:18+00:00,2020-02-13T07:21:18+00:00,Repose Resort: Cape Town,Repose Resort,Cape Town,standard,1,1,0,16,151.42,2422.72
e01ed622-53c8-11ea-8252-b88a60e194fb,HXN-6STT,orderid:315245,crmid:1663513166,2019-12-02T15:13:17.000Z,website,prd1157,1576768397,1576854797,2019-12-19T15:13:17+00:00,2019-12-20T15:13:17+00:00,Grandeur Hotels: Boston,Grandeur Hotels,Boston,standard,1,1,3,1,138.99,138.99
e01f9974-53c8-11ea-a7b5-b88a60e194fb,KEQ-8AJL,orderid:397099,crmid:5556009526,2020-02-04T16:00:41.000Z,website,prd1097,1581264041,1581436841,2020-02-09T16:00:41+00:00,2020-02-11T16:00:41+00:00,Grandeur Hotels: Buenos Aires,Grandeur Hotels,Buenos Aires,standard,1,1,0,2,159.36,318.72
e02083c0-53c8-11ea-8e90-b88a60e194fb,JGY-R6LS,orderid:669023,crmid:9254198622,2019-12-10T05:07:00.000Z,mobile,prd1082,1578200820,1578805620,2020-01-05T05:07:00+00:00,2020-01-12T05:07:00+00:00,Blue Reef Resort: Surat,Blue Reef Resort,Surat,standard,1,1,0,7,148.61,1040.27
e021e354-53c8-11ea-9f94-b88a60e194fb,HVD-CO6D,orderid:610538,crmid:1515321894,2020-02-09T16:36:32.000Z,kiosk,prd1142,1583426192,1583685392,2020-03-05T16:36:32+00:00,2020-03-08T16:36:32+00:00,Blue Reef Resort: Philadelphia,Blue Reef Resort,Philadelphia,standard,1,1,0,3,157.42,472.26
e0231bd8-53c8-11ea-a64c-b88a60e194fb,IY6-GGPO,orderid:152182,crmid:4628527301,2019-12-01T19:22:54.000Z,service desk,prd1145,1575314574,1575400974,2019-12-02T19:22:54+00:00,2019-12-03T19:22:54+00:00,Grandeur Hotels: Dallas,Grandeur Hotels,Dallas,standard,1,1,0,1,197.77,197.77
e0245462-53c8-11ea-9f66-b88a60e194fb,2OC-ECAC,orderid:978493,crmid:2082829268,2019-12-23T13:31:53.000Z,call center,prd1020,1579354313,1579786313,2020-01-18T13:31:53+00:00,2020-01-23T13:31:53+00:00,Repose Resort: Seattle,Repose Resort,Seattle,premium,1,1,0,5,133.4,667.0
e0253ed2-53c8-11ea-9b9a-b88a60e194fb,XDA-QO4R,orderid:710821,crmid:4028173542,2019-12-27T02:49:35.000Z,service desk,prd1016,1579661375,1580438975,2020-01-22T02:49:35+00:00,2020-01-31T02:49:35+00:00,Aspen Heights: Columbus,Aspen Heights,Columbus,standard,1,1,0,9,130.93,1178.37
e026502c-53c8-11ea-9b43-b88a60e194fb,3JC-APOM,orderid:992659,crmid:3003721240,2020-01-06T15:50:58.000Z,kiosk,prd1045,1579621858,1580485858,2020-01-21T15:50:58+00:00,2020-01-31T15:50:58+00:00,Admiralty Plaza: Miami,Admiralty Plaza,Miami,standard,1,1,1,10,168.24,1682.4
e0273aa4-53c8-11ea-b31b-b88a60e194fb,O3H-GFAP,orderid:969914,crmid:2797707745,2020-01-03T17:34:38.000Z,service desk,prd1003,1578591278,1579023278,2020-01-09T17:34:38+00:00,2020-01-14T17:34:38+00:00,Family Fun Hotels: Houston,Family Fun Hotels,Houston,standard,1,1,0,5,135.49,677.45
e027fde2-53c8-11ea-b3e5-b88a60e194fb,6WN-CEVN,orderid:254939,crmid:4841847269,2019-12-07T20:51:47.000Z,kiosk,prd1085,1576011107,1576356707,2019-12-10T20:51:47+00:00,2019-12-14T20:51:47+00:00,Grandeur Hotels: Saint Petersburg,Grandeur Hotels,Saint Petersburg,standard,1,1,0,4,129.74,518.96
e028c130-53c8-11ea-bb24-b88a60e194fb,I3V-KCXV,orderid:821024,crmid:3784541937,2020-01-30T16:30:26.000Z,mobile,prd1023,1582648226,1583944226,2020-02-25T16:30:26+00:00,2020-03-11T16:30:26+00:00,Hospitality Inn: Boston,Hospitality Inn,Boston,standard,1,1,0,15,192.75,2891.25
e029aba4-53c8-11ea-8193-b88a60e194fb,GR5-C8FQ,orderid:148285,crmid:3170402021,2020-01-23T21:10:47.000Z,call center,prd1009,1580073047,1580245847,2020-01-26T21:10:47+00:00,2020-01-28T21:10:47+00:00,Admiralty Plaza: San Antonio,Admiralty Plaza,San Antonio,standard,1,1,0,2,194.37,388.74
e02a6ef4-53c8-11ea-8ee8-b88a60e194fb,IGG-XHCK,orderid:799934,crmid:7283904763,2019-12-23T03:25:03.000Z,website,prd1011,1577330703,1577676303,2019-12-26T03:25:03+00:00,2019-12-30T03:25:03+00:00,Hospitality Inn: Dallas,Hospitality Inn,Dallas,premium,1,1,0,4,137.43,549.72
e02a95f4-53c8-11ea-8929-b88a60e194fb,IP8-7BRR,orderid:587631,crmid:7283904763,2020-01-01T00:00:00.000Z,website,prd1020,1578009600,1578355200,2020-01-03T00:00:00+00:00,2020-01-07T00:00:00+00:00,Repose Resort: Seattle,Repose Resort,Seattle,standard,1,1,0,4,127.9,511.6
e02b5954-53c8-11ea-9f9c-b88a60e194fb,OPX-NAM7,orderid:429304,crmid:5085429754,2020-02-01T18:15:22.000Z,call center,prd1101,1582740922,1583259322,2020-02-26T18:15:22+00:00,2020-03-03T18:15:22+00:00,Sapphire Suites: Vienna,Sapphire Suites,Vienna,standard,1,1,0,6,119.24,715.44
e02c43b8-53c8-11ea-a454-b88a60e194fb,BLY-5SQS,orderid:896747,crmid:1218702218,2020-01-29T04:38:10.000Z,call center,prd1131,1582691890,1584074290,2020-02-26T04:38:10+00:00,2020-03-13T04:38:10+00:00,Hospitality Inn: Sheffield,Hospitality Inn,Sheffield,luxury,1,1,0,16,374.55,5992.8
e02d2e14-53c8-11ea-a37d-b88a60e194fb,H2Q-TATN,orderid:423172,crmid:2159029905,2019-12-03T13:13:22.000Z,website,prd1189,1577711602,1578575602,2019-12-30T13:13:22+00:00,2020-01-09T13:13:22+00:00,Admiralty Plaza: Bakersfield,Admiralty Plaza,Bakersfield,premium,1,1,2,10,137.06,1370.6
e02df166-53c8-11ea-9567-b88a60e194fb,AO5-WZQD,orderid:973843,crmid:2002181372,2020-02-03T16:51:54.000Z,mobile,prd1085,1582303914,1582822314,2020-02-21T16:51:54+00:00,2020-02-27T16:51:54+00:00,Grandeur Hotels: Saint Petersburg,Grandeur Hotels,Saint Petersburg,luxury,1,1,1,6,309.51,1857.06
e02f0398-53c8-11ea-b929-b88a60e194fb,YA9-TPKF,orderid:226660,crmid:6348630274,2020-02-04T01:36:54.000Z,website,prd1128,1582681014,1583631414,2020-02-26T01:36:54+00:00,2020-03-08T01:36:54+00:00,Repose Resort: Rotterdam,Repose Resort,Rotterdam,standard,1,1,0,11,143.46,1578.06
e02fed36-53c8-11ea-ab59-b88a60e194fb,XTD-PFTK,orderid:522566,crmid:7915144775,2019-12-12T06:43:16.000Z,kiosk,prd1050,1576392196,1576737796,2019-12-15T06:43:16+00:00,2019-12-19T06:43:16+00:00,Restful Nights: Arlington,Restful Nights,Arlington,standard,1,1,0,4,139.26,557.04
e030d776-53c8-11ea-861c-b88a60e194fb,VIW-IWRQ,orderid:216741,crmid:7948149709,2020-02-01T06:41:21.000Z,kiosk,prd1097,1582267281,1582440081,2020-02-21T06:41:21+00:00,2020-02-23T06:41:21+00:00,Grandeur Hotels: Buenos Aires,Grandeur Hotels,Buenos Aires,premium,1,1,0,2,169.74,339.48
e031e8e2-53c8-11ea-a8d6-b88a60e194fb,JB4-QXUJ,orderid:826845,crmid:6221960890,2020-01-17T08:50:04.000Z,kiosk,prd1016,1580892604,1581238204,2020-02-05T08:50:04+00:00,2020-02-09T08:50:04+00:00,Aspen Heights: Columbus,Aspen Heights,Columbus,premium,1,1,4,4,109.49,437.96
e0332168-53c8-11ea-ba32-b88a60e194fb,1R9-KUAX,orderid:877943,crmid:2102104755,2020-02-11T15:41:35.000Z,service desk,prd1193,1581522095,1581781295,2020-02-12T15:41:35+00:00,2020-02-15T15:41:35+00:00,Grandeur Hotels: Kinshasa,Grandeur Hotels,Kinshasa,standard,1,1,0,3,116.38,349.14
e033486e-53c8-11ea-82ca-b88a60e194fb,FJO-32Q3,orderid:779448,crmid:2102104755,2020-02-17T00:00:00.000Z,kiosk,prd1047,1581984000,1582243200,2020-02-18T00:00:00+00:00,2020-02-21T00:00:00+00:00,Hospitality Inn: Oakland,Hospitality Inn,Oakland,standard,1,1,0,3,132.77,398.31
e034cf24-53c8-11ea-8b46-b88a60e194fb,0QQ-H0WB,orderid:958352,crmid:4039245373,2019-12-20T05:45:06.000Z,kiosk,prd1165,1578462306,1578721506,2020-01-08T05:45:06+00:00,2020-01-11T05:45:06+00:00,Admiralty Plaza: Louisville,Admiralty Plaza,Louisville,standard,1,1,0,3,101.81,305.43
e03655dc-53c8-11ea-bee1-b88a60e194fb,CT1-YTMJ,orderid:801827,crmid:3048000865,2020-02-16T03:05:10.000Z,website,prd1076,1584414310,1586055910,2020-03-17T03:05:10+00:00,2020-04-05T03:05:10+00:00,Aspen Heights: Bogota,Aspen Heights,Bogota,standard,1,1,1,19,106.5,2023.5
e0378ed2-53c8-11ea-ae81-b88a60e194fb,VRM-CBRE,orderid:344024,crmid:2363294654,2019-12-03T03:17:34.000Z,mobile,prd1105,1575602254,1575947854,2019-12-06T03:17:34+00:00,2019-12-10T03:17:34+00:00,Admiralty Plaza: Barcelona,Admiralty Plaza,Barcelona,premium,1,1,0,4,177.63,710.52
e038789e-53c8-11ea-bda1-b88a60e194fb,B38-I0LL,orderid:842891,crmid:7719224546,2019-12-02T22:54:02.000Z,call center,prd1179,1576796042,1577314442,2019-12-19T22:54:02+00:00,2019-12-25T22:54:02+00:00,Hospitality Inn: Miami,Hospitality Inn,Miami,standard,1,1,0,6,180.11,1080.66
e0393bf0-53c8-11ea-be5c-b88a60e194fb,DQV-13LP,orderid:549119,crmid:2738293531,2020-02-07T14:57:19.000Z,website,prd1129,1583074639,1584629839,2020-03-01T14:57:19+00:00,2020-03-19T14:57:19+00:00,Admiralty Plaza: Helsinki,Admiralty Plaza,Helsinki,premium,1,1,0,18,158.19,2847.42
e03a4d40-53c8-11ea-81d4-b88a60e194fb,TSO-QGZA,orderid:869395,crmid:4783506794,2020-01-12T22:36:20.000Z,website,prd1086,1580682980,1581460580,2020-02-02T22:36:20+00:00,2020-02-11T22:36:20+00:00,Restful Nights: Johannesburg,Restful Nights,Johannesburg,premium,1,1,0,9,119.13,1072.17
e03b3798-53c8-11ea-93ff-b88a60e194fb,JOP-HYCK,orderid:925195,crmid:1023327242,2019-12-01T09:56:19.000Z,service desk,prd1196,1576749379,1577267779,2019-12-19T09:56:19+00:00,2019-12-25T09:56:19+00:00,Aspen Heights: Moscow,Aspen Heights,Moscow,premium,1,1,0,6,139.62,837.72
e03bfae2-53c8-11ea-b256-b88a60e194fb,ZDC-4RSI,orderid:676053,crmid:3920898615,2020-01-11T11:44:50.000Z,website,prd1095,1579002290,1579175090,2020-01-14T11:44:50+00:00,2020-01-16T11:44:50+00:00,Hospitality Inn: Casablanca,Hospitality Inn,Casablanca,standard,1,1,0,2,175.86,351.72
e03ce552-53c8-11ea-ab02-b88a60e194fb,ODN-GOIT,orderid:987645,crmid:6973440821,2020-02-08T00:36:01.000Z,website,prd1160,1582936561,1583800561,2020-02-29T00:36:01+00:00,2020-03-10T00:36:01+00:00,Aspen Heights: Nashville,Aspen Heights,Nashville,premium,1,1,0,10,135.35,1353.5
e03dcfa6-53c8-11ea-a940-b88a60e194fb,KDD-I6WJ,orderid:893638,crmid:5499898407,2020-01-12T00:56:41.000Z,call center,prd1110,1578877001,1579222601,2020-01-13T00:56:41+00:00,2020-01-17T00:56:41+00:00,Restful Nights: Sofia,Restful Nights,Sofia,standard,1,1,0,4,150.07,600.28
e03eba18-53c8-11ea-a464-b88a60e194fb,W93-TQ2L,orderid:911334,crmid:9120937509,2019-12-28T15:59:24.000Z,kiosk,prd1045,1577980764,1578499164,2020-01-02T15:59:24+00:00,2020-01-08T15:59:24+00:00,Admiralty Plaza: Miami,Admiralty Plaza,Miami,standard,1,1,0,6,100.99,605.94
e03f7d64-53c8-11ea-aa6c-b88a60e194fb,I98-IAYF,orderid:521351,crmid:9738574263,2020-01-01T06:46:05.000Z,call center,prd1144,1577947565,1578033965,2020-01-02T06:46:05+00:00,2020-01-03T06:46:05+00:00,Sandhill: San Diego,Sandhill,San Diego,standard,1,1,0,1,119.45,119.45
e04040a8-53c8-11ea-8a3d-b88a60e194fb,4PQ-EKTJ,orderid:461678,crmid:1101633814,2020-01-13T05:53:26.000Z,kiosk,prd1045,1581141206,1581746006,2020-02-08T05:53:26+00:00,2020-02-15T05:53:26+00:00,Admiralty Plaza: Miami,Admiralty Plaza,Miami,premium,1,1,0,7,148.94,1042.58
e04103fa-53c8-11ea-95e1-b88a60e194fb,P8N-M1PN,orderid:408145,crmid:3125309486,2019-12-15T06:30:51.000Z,call center,prd1179,1578378651,1579761051,2020-01-07T06:30:51+00:00,2020-01-23T06:30:51+00:00,Hospitality Inn: Miami,Hospitality Inn,Miami,standard,1,1,0,16,80.18,1282.88
e041ee62-53c8-11ea-b95b-b88a60e194fb,NG2-B5VG,orderid:355518,crmid:1191051155,2020-01-02T13:00:19.000Z,kiosk,prd1014,1578056419,1578142819,2020-01-03T13:00:19+00:00,2020-01-04T13:00:19+00:00,Restful Nights: Jacksonville,Restful Nights,Jacksonville,standard,1,1,0,1,136.84,136.84
e042d8be-53c8-11ea-8f7d-b88a60e194fb,68C-EKD5,orderid:176088,crmid:1988150166,2019-12-05T07:46:58.000Z,call center,prd1071,1576050418,1576568818,2019-12-11T07:46:58+00:00,2019-12-17T07:46:58+00:00,Hospitality Inn: Seoul,Hospitality Inn,Seoul,standard,1,1,4,6,118.62,711.72
e043ea28-53c8-11ea-b6c6-b88a60e194fb,KIO-FLT2,orderid:195676,crmid:2963887377,2020-01-06T09:07:37.000Z,call center,prd1033,1578560857,1578906457,2020-01-09T09:07:37+00:00,2020-01-13T09:07:37+00:00,Admiralty Plaza: Milwaukee,Admiralty Plaza,Milwaukee,standard,1,1,0,4,115.44,461.76
e044ad76-53c8-11ea-b958-b88a60e194fb,PAD-VW1N,orderid:341952,crmid:2595671525,2020-01-04T00:17:24.000Z,call center,prd1050,1580343444,1581034644,2020-01-30T00:17:24+00:00,2020-02-07T00:17:24+00:00,Restful Nights: Arlington,Restful Nights,Arlington,premium,1,1,0,8,108.15,865.2
e04570c0-53c8-11ea-8404-b88a60e194fb,YVR-T6RO,orderid:913777,crmid:7024029108,2020-01-26T21:33:18.000Z,call center,prd1141,1582147998,1582579998,2020-02-19T21:33:18+00:00,2020-02-24T21:33:18+00:00,Admiralty Plaza: Phoenix,Admiralty Plaza,Phoenix,standard,1,1,0,5,154.97,774.85
e0465b2c-53c8-11ea-94e0-b88a60e194fb,KOB-3NLE,orderid:546996,crmid:5944604076,2019-12-24T15:13:17.000Z,website,prd1040,1578841997,1579446797,2020-01-12T15:13:17+00:00,2020-01-19T15:13:17+00:00,Aspen Heights: Atlanta,Aspen Heights,Atlanta,standard,1,1,0,7,149.2,1044.4
e0474590-53c8-11ea-af04-b88a60e194fb,ZQ9-LSBT,orderid:297411,crmid:7802234958,2020-02-04T21:28:52.000Z,kiosk,prd1083,1582234132,1582579732,2020-02-20T21:28:52+00:00,2020-02-24T21:28:52+00:00,Hospitality Inn: Bangkok,Hospitality Inn,Bangkok,standard,1,1,0,4,130.16,520.64
e0482fe8-53c8-11ea-beaf-b88a60e194fb,W9Y-VKUM,orderid:384043,crmid:7050848785,2020-02-14T02:28:51.000Z,call center,prd1148,1583548131,1584239331,2020-03-07T02:28:51+00:00,2020-03-15T02:28:51+00:00,Aspen Heights: Jacksonville,Aspen Heights,Jacksonville,standard,1,1,0,8,122.35,978.8
e048f338-53c8-11ea-9796-b88a60e194fb,L3Q-UIO8,orderid:346508,crmid:5269916767,2019-12-13T23:07:00.000Z,call center,prd1078,1577833620,1578352020,2019-12-31T23:07:00+00:00,2020-01-06T23:07:00+00:00,Sego Lily Suites: Ho Chi Minh,Sego Lily Suites,Ho Chi Minh,premium,1,1,0,6,120.03,720.18
e049b680-53c8-11ea-9bb9-b88a60e194fb,JPZ-YZUP,orderid:253930,crmid:8909103755,2020-01-05T08:47:25.000Z,website,prd1057,1580287645,1580546845,2020-01-29T08:47:25+00:00,2020-02-01T08:47:25+00:00,Admiralty Plaza: Mumbai,Admiralty Plaza,Mumbai,standard,1,1,4,3,114.48,343.44
e04aa0f0-53c8-11ea-9c5d-b88a60e194fb,XT9-XFGF,orderid:435670,crmid:1562593430,2019-12-28T02:38:54.000Z,website,prd1179,1579574334,1580092734,2020-01-21T02:38:54+00:00,2020-01-27T02:38:54+00:00,Hospitality Inn: Miami,Hospitality Inn,Miami,standard,1,1,0,6,119.66,717.96
e04b8b52-53c8-11ea-8c8f-b88a60e194fb,15F-ROSG,orderid:956475,crmid:1390326245,2020-02-16T18:28:34.000Z,kiosk,prd1056,1581964114,1582136914,2020-02-17T18:28:34+00:00,2020-02-19T18:28:34+00:00,Repose Resort: Aurora,Repose Resort,Aurora,standard,1,1,0,2,121.43,242.86
e04c9cba-53c8-11ea-98e2-b88a60e194fb,GAQ-PYTN,orderid:324396,crmid:7471941994,2020-02-02T07:38:21.000Z,kiosk,prd1173,1582529901,1583048301,2020-02-24T07:38:21+00:00,2020-03-01T07:38:21+00:00,Sapphire Suites: Kansas City,Sapphire Suites,Kansas City,standard,1,1,0,6,151.99,911.94
e04d8726-53c8-11ea-996f-b88a60e194fb,WG8-Q5RY,orderid:107246,crmid:4931632926,2020-01-23T18:13:22.000Z,website,prd1093,1582049602,1583172802,2020-02-18T18:13:22+00:00,2020-03-02T18:13:22+00:00,Admiralty Plaza: Yokohama,Admiralty Plaza,Yokohama,standard,1,1,3,13,182.79,2376.27
e04e4a68-53c8-11ea-a57f-b88a60e194fb,JED-0GST,orderid:409380,crmid:6371659824,2020-01-16T19:34:18.000Z,kiosk,prd1083,1580931258,1582227258,2020-02-05T19:34:18+00:00,2020-02-20T19:34:18+00:00,Hospitality Inn: Bangkok,Hospitality Inn,Bangkok,standard,1,1,0,15,148.1,2221.5
e04f0dc2-53c8-11ea-8617-b88a60e194fb,5A4-LQ5D,orderid:779287,crmid:2982004003,2020-02-08T09:33:34.000Z,mobile,prd1069,1581845614,1583228014,2020-02-16T09:33:34+00:00,2020-03-03T09:33:34+00:00,Admiralty Plaza: Singapore,Admiralty Plaza,Singapore,standard,1,1,0,16,179.12,2865.92
e04ff824-53c8-11ea-84ed-b88a60e194fb,KT1-RQ8Z,orderid:976814,crmid:6888307867,2019-12-07T16:28:47.000Z,kiosk,prd1059,1575822527,1576254527,2019-12-08T16:28:47+00:00,2019-12-13T16:28:47+00:00,Hospitality Inn: Kinshasa,Hospitality Inn,Kinshasa,standard,1,1,0,5,136.56,682.8
e050e274-53c8-11ea-acf6-b88a60e194fb,2DW-NUME,orderid:278209,crmid:2841699647,2020-01-10T19:50:40.000Z,mobile,prd1160,1578772240,1579031440,2020-01-11T19:50:40+00:00,2020-01-14T19:50:40+00:00,Aspen Heights: Nashville,Aspen Heights,Nashville,standard,1,1,0,3,150.65,451.95
e051cce6-53c8-11ea-83c9-b88a60e194fb,AYQ-CJFH,orderid:511193,crmid:2984676143,2020-01-21T04:34:44.000Z,mobile,prd1165,1582173284,1582346084,2020-02-20T04:34:44+00:00,2020-02-22T04:34:44+00:00,Admiralty Plaza: Louisville,Admiralty Plaza,Louisville,standard,1,1,0,2,117.58,235.16
e0529026-53c8-11ea-8bf4-b88a60e194fb,FV7-9YXI,orderid:313439,crmid:1468910327,2020-01-19T18:19:30.000Z,call center,prd1097,1581617970,1582309170,2020-02-13T18:19:30+00:00,2020-02-21T18:19:30+00:00,Grandeur Hotels: Buenos Aires,Grandeur Hotels,Buenos Aires,standard,1,1,0,8,112.77,902.16
e0535376-53c8-11ea-ae86-b88a60e194fb,RYY-T2SV,orderid:855256,crmid:7484875785,2019-12-04T07:33:42.000Z,kiosk,prd1131,1575531222,1575704022,2019-12-05T07:33:42+00:00,2019-12-07T07:33:42+00:00,Hospitality Inn: Sheffield,Hospitality Inn,Sheffield,standard,1,1,0,2,135.78,271.56
e0537a88-53c8-11ea-93f6-b88a60e194fb,VRT-QMYR,orderid:620961,crmid:7484875785,2019-12-08T00:00:00.000Z,call center,prd1020,1575849600,1576022400,2019-12-09T00:00:00+00:00,2019-12-11T00:00:00+00:00,Repose Resort: Seattle,Repose Resort,Seattle,premium,1,1,0,2,108.62,217.24
e0543ddc-53c8-11ea-b9ad-b88a60e194fb,PGV-ZAPE,orderid:678868,crmid:6876779741,2019-12-04T19:28:17.000Z,kiosk,prd1153,1577647697,1577734097,2019-12-29T19:28:17+00:00,2019-12-30T19:28:17+00:00,Admiralty Plaza: Charlotte,Admiralty Plaza,Charlotte,luxury,1,1,0,1,343.04,343.04
e0557664-53c8-11ea-8cfe-b88a60e194fb,FD8-HUFI,orderid:576828,crmid:6102942135,2019-12-03T07:28:39.000Z,kiosk,prd1179,1577345319,1578814119,2019-12-26T07:28:39+00:00,2020-01-12T07:28:39+00:00,Hospitality Inn: Miami,Hospitality Inn,Miami,standard,1,1,0,17,145.69,2476.73
e05687d2-53c8-11ea-8c56-b88a60e194fb,GQU-MEC9,orderid:229558,crmid:7464110330,2019-12-26T05:50:11.000Z,mobile,prd1040,1579585811,1580277011,2020-01-21T05:50:11+00:00,2020-01-29T05:50:11+00:00,Aspen Heights: Atlanta,Aspen Heights,Atlanta,luxury,1,1,0,8,380.08,3040.64
e0577222-53c8-11ea-856a-b88a60e194fb,A5O-ZKZB,orderid:244261,crmid:1252629150,2020-01-06T22:35:04.000Z,call center,prd1061,1580250904,1581028504,2020-01-28T22:35:04+00:00,2020-02-06T22:35:04+00:00,Grandeur Hotels: Lahore,Grandeur Hotels,Lahore,standard,1,1,0,9,133.55,1201.95
e0583586-53c8-11ea-8fb6-b88a60e194fb,9DZ-PJ7P,orderid:330081,crmid:8346504478,2019-12-15T04:23:17.000Z,mobile,prd1184,1578284597,1578370997,2020-01-06T04:23:17+00:00,2020-01-07T04:23:17+00:00,Aspen Heights: Arlington,Aspen Heights,Arlington,premium,1,1,0,1,142.21,142.21
e058f8d8-53c8-11ea-86ce-b88a60e194fb,BLM-16CH,orderid:889480,crmid:7125948803,2020-01-19T04:35:33.000Z,mobile,prd1109,1581654933,1582173333,2020-02-14T04:35:33+00:00,2020-02-20T04:35:33+00:00,Grandeur Hotels: Belgrade,Grandeur Hotels,Belgrade,premium,1,1,2,6,178.13,1068.78
e059e32e-53c8-11ea-8f88-b88a60e194fb,ONM-P595,orderid:905019,crmid:8252759296,2019-12-31T06:18:40.000Z,website,prd1076,1579155520,1579846720,2020-01-16T06:18:40+00:00,2020-01-24T06:18:40+00:00,Aspen Heights: Bogota,Aspen Heights,Bogota,standard,1,1,0,8,148.82,1190.56
e05aa680-53c8-11ea-b12a-b88a60e194fb,CWT-3CXF,orderid:265754,crmid:5011562153,2019-12-25T21:38:52.000Z,call center,prd1016,1577482732,1577655532,2019-12-27T21:38:52+00:00,2019-12-29T21:38:52+00:00,Aspen Heights: Columbus,Aspen Heights,Columbus,premium,1,1,0,2,150.37,300.74
e05b69c2-53c8-11ea-98a9-b88a60e194fb,DHU-XT8H,orderid:441954,crmid:2820472834,2020-01-05T02:29:09.000Z,call center,prd1115,1580005749,1580264949,2020-01-26T02:29:09+00:00,2020-01-29T02:29:09+00:00,Nesting Box Inn: Cologne,Nesting Box Inn,Cologne,premium,1,1,0,3,91.57,274.71
e05c2d1c-53c8-11ea-beab-b88a60e194fb,7KK-SYWI,orderid:991322,crmid:7491076152,2020-01-06T22:18:01.000Z,kiosk,prd1094,1580681881,1581200281,2020-02-02T22:18:01+00:00,2020-02-08T22:18:01+00:00,Blue Reef Resort: Berlin,Blue Reef Resort,Berlin,standard,1,1,0,6,167.6,1005.6
e05cf06e-53c8-11ea-a760-b88a60e194fb,5WI-GC8W,orderid:277679,crmid:7106201283,2019-12-22T22:53:46.000Z,call center,prd1063,1577487226,1577573626,2019-12-27T22:53:46+00:00,2019-12-28T22:53:46+00:00,Family Fun Hotels: London,Family Fun Hotels,London,premium,1,1,0,1,162.78,162.78
e05ddad2-53c8-11ea-9899-b88a60e194fb,LYZ-UKDR,orderid:998872,crmid:8535414107,2019-12-02T17:19:28.000Z,kiosk,prd1016,1575479968,1575652768,2019-12-04T17:19:28+00:00,2019-12-06T17:19:28+00:00,Aspen Heights: Columbus,Aspen Heights,Columbus,standard,1,1,0,2,131.71,263.42
e05eec3a-53c8-11ea-bab7-b88a60e194fb,RPP-NVJR,orderid:120048,crmid:3931591053,2020-01-05T22:53:50.000Z,website,prd1181,1580511230,1580770430,2020-01-31T22:53:50+00:00,2020-02-03T22:53:50+00:00,Grandeur Hotels: Oakland,Grandeur Hotels,Oakland,luxury,1,1,4,3,262.25,786.75
e05faf88-53c8-11ea-bffb-b88a60e194fb,GES-DKTW,orderid:410792,crmid:2564884955,2019-12-15T07:18:42.000Z,mobile,prd1059,1576480722,1576567122,2019-12-16T07:18:42+00:00,2019-12-17T07:18:42+00:00,Hospitality Inn: Kinshasa,Hospitality Inn,Kinshasa,standard,1,1,0,1,138.67,138.67
e060e800-53c8-11ea-8d81-b88a60e194fb,EES-FG10,orderid:340770,crmid:9118338807,2020-01-23T13:05:07.000Z,call center,prd1171,1582376707,1583327107,2020-02-22T13:05:07+00:00,2020-03-04T13:05:07+00:00,Family Fun Hotels: Sacramento,Family Fun Hotels,Sacramento,premium,1,1,0,11,87.82,966.02
e061d26c-53c8-11ea-ac45-b88a60e194fb,YJA-F2BA,orderid:524645,crmid:9343821597,2020-01-28T07:51:16.000Z,service desk,prd1109,1580457076,1580629876,2020-01-31T07:51:16+00:00,2020-02-02T07:51:16+00:00,Grandeur Hotels: Belgrade,Grandeur Hotels,Belgrade,standard,1,1,0,2,171.09,342.18
e062bd8a-53c8-11ea-bfe1-b88a60e194fb,FE2-IBFP,orderid:999061,crmid:6783184033,2020-01-18T08:54:51.000Z,call center,prd1136,1581324891,1581843291,2020-02-10T08:54:51+00:00,2020-02-16T08:54:51+00:00,Aspen Heights: Osaka,Aspen Heights,Osaka,luxury,1,1,0,6,299.41,1796.46
e063a726-53c8-11ea-b531-b88a60e194fb,Q2K-NOLI,orderid:837741,crmid:5037233858,2020-01-10T16:30:25.000Z,website,prd1196,1578846625,1579019425,2020-01-12T16:30:25+00:00,2020-01-14T16:30:25+00:00,Aspen Heights: Moscow,Aspen Heights,Moscow,standard,1,1,0,2,141.06,282.12
e0649192-53c8-11ea-b79c-b88a60e194fb,DWR-EA0W,orderid:800467,crmid:1667391966,2020-02-16T09:39:19.000Z,website,prd1155,1582105159,1582191559,2020-02-19T09:39:19+00:00,2020-02-20T09:39:19+00:00,Hospitality Inn: Denver,Hospitality Inn,Denver,standard,1,1,0,1,148.47,148.47
e0657bfa-53c8-11ea-941b-b88a60e194fb,CLY-5TIU,orderid:562679,crmid:3287421607,2020-01-22T14:50:10.000Z,website,prd1023,1580309410,1581087010,2020-01-29T14:50:10+00:00,2020-02-07T14:50:10+00:00,Hospitality Inn: Boston,Hospitality Inn,Boston,standard,1,1,0,9,192.39,1731.51
