{"_id": "df231108-53c8-11ea-9c3d-b88a60e194fb", "timestamp": "2019-12-01T13:29:04.000Z", "eventType": "transaction", "_adobeamericaspot3": {"CRMID": "crmid:1640707875", "orderDetails": {"orderID": "orderid:559804", "reservationid": "0TR-N65U", "orderType": "call center"}}}
{"_id": "df23d5a2-53c8-11ea-b634-b88a60e194fb", "timestamp": "2020-02-03T13:38:46.000Z", "eventType": "transaction", "_adobeamericaspot3": {"CRMID": "crmid:5229586208", "orderDetails": {"orderID": "orderid:475923", "reservationid": "1HU-1BGI", "orderType": "call center"}}}
{"_id": "df2497a8-53c8-11ea-8c2a-b88a60e194fb", "timestamp": "2020-01-16T12:45:47.000Z", "eventType": "transaction", "_adobeamericaspot3": {"CRMID": "crmid:6454152091", "orderDetails": {"orderID": "orderid:738800", "reservationid": "XLR-B7HH", "orderType": "kiosk"}}}
{"_id": "df258202-53c8-11ea-83f8-b88a60e194fb", "timestamp": "2020-01-12T12:09:42.000Z", "eventType": "transaction", "_adobeamericaspot3": {"CRMID": "crmid:6101920707", "orderDetails": {"orderID": "orderid:404207", "reservationid": "HFO-VBHB", "orderType": "website"}}}
{"_id": "df261f92-53c8-11ea-b573-b88a60e194fb", "timestamp": "2020-02-07T01:23:33.000Z", "eventType": "transaction", "_adobeamericaspot3": {"CRMID": "crmid:8860200563", "orderDetails": {"orderID": "orderid:813767", "reservationid": "YSC-QB2K", "orderType": "kiosk"}}}
{"_id": "df26bbd4-53c8-11ea-a9e5-b88a60e194fb", "timestamp": "2020-02-14T08:41:10.000Z", "eventType": "transaction", "_adobeamericaspot3": {"CRMID": "crmid:3153193296", "orderDetails": {"orderID": "orderid:526635", "reservationid": "H8P-Y95Z", "orderType": "mobile"}}}
{"_id": "df26e2c8-53c8-11ea-904e-b88a60e194fb", "timestamp": "2020-02-18T00:00:00.000Z", "eventType": "transaction", "_adobeamericaspot3": {"CRMID": "crmid:3153193296", "orderDetails": {"orderID": "orderid:225472", "reservationid": "OLD-TE2C", "orderType": "kiosk"}}}
{"_id": "df277f1e-53c8-11ea-b41a-b88a60e194fb", "timestamp": "2019-12-10T04:53:45.000Z", "eventType": "transaction", "_adobeamericaspot3": {"CRMID": "crmid:5293883196", "orderDetails": {"orderID": "orderid:212218", "reservationid": "ZZ7-ZPZM", "orderType": "mobile"}}}
{"_id": "df284122-53c8-11ea-a51b-b88a60e194fb", "timestamp": "2020-02-11T03:00:59.000Z", "eventType": "transaction", "_adobeamericaspot3": {"CRMID": "crmid:5183719418", "orderDetails": {"orderID": "orderid:610989", "reservationid": "UF8-S9ZB", "orderType": "service desk"}}}
{"_id": "df2905e8-53c8-11ea-b0e4-b88a60e194fb", "timestamp": "2020-01-24T17:19:33.000Z", "eventType": "transaction", "_adobeamericaspot3": {"CRMID": "crmid:8697534035", "orderDetails": {"orderID": "orderid:534992", "reservationid": "UA7-T56C", "orderType": "website"}}}
{"_id": "df29c912-53c8-11ea-b14b-b88a60e194fb", "timestamp": "2020-01-09T11:35:44.000Z", "eventType": "transaction", "_adobeamericaspot3": {"CRMID": "crmid:2117768042", "orderDetails": {"orderID": "orderid:341754", "reservationid": "FXL-PWR7", "orderType": "website"}}}
{"_id": "df2a8c5c-53c8-11ea-be88-b88a60e194fb", "timestamp": "2020-01-10T16:09:06.000Z", "eventType": "transaction", "_adobeamericaspot3": {"CRMID": "crmid:6652137001", "orderDetails": {"orderID": "orderid:811036", "reservationid": "ZH0-0CAH", "orderType": "kiosk"}}}
{"_id": "df2b28a2-53c8-11ea-aae1-b88a60e194fb", "timestamp": "2020-02-06T13:48:17.000Z", "eventType": "transaction", "_adobeamericaspot3": {"CRMID": "crmid:3165197451", "orderDetails": {"orderID": "orderid:949157", "reservationid": "DGD-IZHX", "orderType": "website"}}}
{"_id": "df2bebf4-53c8-11ea-b6b6-b88a60e194fb", "timestamp": "2020-02-13T13:20:09.000Z", "eventType": "transaction", "_adobeamericaspot3": {"CRMID": "crmid:1800311804", "orderDetails": {"orderID": "orderid:526589", "reservationid": "TWN-IZEL", "orderType": "kiosk"}}}
{"_id": "df2d729c-53c8-11ea-baa6-b88a60e194fb", "timestamp": "2019-12-07T14:41:22.000Z", "eventType": "transaction", "_adobeamericaspot3": {"CRMID": "crmid:8422253590", "orderDetails": {"orderID": "orderid:939709", "reservationid": "Q4Z-QCZN", "orderType": "kiosk"}}}
{"_id": "df2f94ae-53c8-11ea-b84a-b88a60e194fb", "timestamp": "2020-01-15T15:26:54.000Z", "eventType": "transaction", "_adobeamericaspot3": {"CRMID": "crmid:6302072514", "orderDetails": {"orderID": "orderid:525256", "reservationid": "QJX-YOH2", "orderType": "mobile"}}}
{"_id": "df31431a-53c8-11ea-b5fb-b88a60e194fb", "timestamp": "2019-12-27T00:59:17.000Z", "eventType": "transaction", "_adobeamericaspot3": {"CRMID": "crmid:2091882951", "orderDetails": {"orderID": "orderid:998544", "reservationid": "OSZ-ODTY", "orderType": "call center"}}}
{"_id": "df32c9e8-53c8-11ea-8119-b88a60e194fb", "timestamp": "2019-12-24T09:41:32.000Z", "eventType": "transaction", "_adobeamericaspot3": {"CRMID": "crmid:1108322295", "orderDetails": {"orderID": "orderid:272118", "reservationid": "QJV-Q9GJ", "orderType": "mobile"}}}
{"_id": "df347786-53c8-11ea-87c0-b88a60e194fb", "timestamp": "2020-01-06T17:44:32.000Z", "eventType": "transaction", "_adobeamericaspot3": {"CRMID": "crmid:6908852557", "orderDetails": {"orderID": "orderid:189328", "reservationid": "URK-RE1G", "orderType": "website"}}}
{"_id": "df362524-53c8-11ea-9602-b88a60e194fb", "timestamp": "2019-12-30T04:21:21.000Z", "eventType": "transaction", "_adobeamericaspot3": {"CRMID": "crmid:3956453740", "orderDetails": {"orderID": "orderid:509431", "reservationid": "MQV-ODDD", "orderType": "service desk"}}}
{"_id": "df364c30-53c8-11ea-8847-b88a60e194fb", "timestamp": "2020-01-05T00:00:00.000Z", "eventType": "transaction", "_adobeamericaspot3": {"CRMID": "crmid:3956453740", "orderDetails": {"orderID": "orderid:921559", "reservationid": "MDQ-TATH", "orderType": "service desk"}}}
{"_id": "df37f9f6-53c8-11ea-a3be-b88a60e194fb", "timestamp": "2020-01-15T04:17:12.000Z", "eventType": "transaction", "_adobeamericaspot3": {"CRMID": "crmid:6380245043", "orderDetails": {"orderID": "orderid:204506", "reservationid": "WPC-GPPZ", "orderType": "website"}}}
{"_id": "df398080-53c8-11ea-8fdd-b88a60e194fb", "timestamp": "2020-02-09T13:04:45.000Z", "eventType": "transaction", "_adobeamericaspot3": {"CRMID": "crmid:3072024058", "orderDetails": {"orderID": "orderid:588909", "reservationid": "6WC-O5E7", "orderType": "website"}}}
{"_id": "df3ab912-53c8-11ea-b682-b88a60e194fb", "timestamp": "2020-01-22T20:31:14.000Z", "eventType": "transaction", "_adobeamericaspot3": {"CRMID": "crmid:5273825537", "orderDetails": {"orderID": "orderid:751471", "reservationid": "60D-FWLB", "orderType": "call center"}}}
{"_id": "df3cb398-53c8-11ea-9a25-b88a60e194fb", "timestamp": "2019-12-16T08:55:22.000Z", "eventType": "transaction", "_adobeamericaspot3": {"CRMID": "crmid:9063455029", "orderDetails": {"orderID": "orderid:952629", "reservationid": "O05-0UMX", "orderType": "website"}}}
{"_id": "df3e1486-53c8-11ea-8e95-b88a60e194fb", "timestamp": "2019-12-02T18:14:54.000Z", "eventType": "transaction", "_adobeamericaspot3": {"CRMID": "crmid:1940107349", "orderDetails": {"orderID": "orderid:698890", "reservationid": "VJM-LHXS", "orderType": "call center"}}}
{"_id": "df400ec6-53c8-11ea-b5d8-b88a60e194fb", "timestamp": "2019-12-31T19:50:16.000Z", "eventType": "transaction", "_adobeamericaspot3": {"CRMID": "crmid:8931616603", "orderDetails": {"orderID": "orderid:118216", "reservationid": "QTE-R0DH", "orderType": "website"}}}
{"_id": "df419586-53c8-11ea-8e19-b88a60e194fb", "timestamp": "2020-02-15T13:39:33.000Z", "eventType": "transaction", "_adobeamericaspot3": {"CRMID": "crmid:4728601389", "orderDetails": {"orderID": "orderid:468761", "reservationid": "CBH-BPSY", "orderType": "website"}}}
{"_id": "df43447e-53c8-11ea-b2f7-b88a60e194fb", "timestamp": "2020-02-15T14:53:20.000Z", "eventType": "transaction", "_adobeamericaspot3": {"CRMID": "crmid:4137610896", "orderDetails": {"orderID": "orderid:101733", "reservationid": "K60-GQP9", "orderType": "kiosk"}}}
{"_id": "df436b9e-53c8-11ea-b8c6-b88a60e194fb", "timestamp": "2020-02-19T00:00:00.000Z", "eventType": "transaction", "_adobeamericaspot3": {"CRMID": "crmid:4137610896", "orderDetails": {"orderID": "orderid:805692", "reservationid": "NIF-SUPH", "orderType": "call center"}}}
{"_id": "df44f234-53c8-11ea-897d-b88a60e194fb", "timestamp": "2020-01-14T00:10:50.000Z", "eventType": "transaction", "_adobeamericaspot3": {"CRMID": "crmid:4796311639", "orderDetails": {"orderID": "orderid:860822", "reservationid": "EOS-KEEO", "orderType": "website"}}}
{"_id": "df469ffa-53c8-11ea-bab8-b88a60e194fb", "timestamp": "2020-02-04T00:58:33.000Z", "eventType": "transaction", "_adobeamericaspot3": {"CRMID": "crmid:4039956519", "orderDetails": {"orderID": "orderid:572954", "reservationid": "HZO-4UUJ", "orderType": "mobile"}}}
{"_id": "df482686-53c8-11ea-b90d-b88a60e194fb", "timestamp": "2019-12-26T00:32:02.000Z", "eventType": "transaction", "_adobeamericaspot3": {"CRMID": "crmid:8772001757", "orderDetails": {"orderID": "orderid:883955", "reservationid": "UXQ-4S8E", "orderType": "service desk"}}}
{"_id": "df495f18-53c8-11ea-8ee0-b88a60e194fb", "timestamp": "2020-01-11T00:31:28.000Z", "eventType": "transaction", "_adobeamericaspot3": {"CRMID": "crmid:1856421874", "orderDetails": {"orderID": "orderid:570528", "reservationid": "SM4-PCM8", "orderType": "website"}}}
{"_id": "df4b5a1e-53c8-11ea-98af-b88a60e194fb", "timestamp": "2020-02-01T08:41:35.000Z", "eventType": "transaction", "_adobeamericaspot3": {"CRMID": "crmid:9130859732", "orderDetails": {"orderID": "orderid:805234", "reservationid": "WWK-NVJX", "orderType": "kiosk"}}}
{"_id": "df4ce1b4-53c8-11ea-aa3c-b88a60e194fb", "timestamp": "2020-01-28T17:19:45.000Z", "eventType": "transaction", "_adobeamericaspot3": {"CRMID": "crmid:5997014150", "orderDetails": {"orderID": "orderid:231120", "reservationid": "A7A-UW89", "orderType": "mobile"}}}
{"_id": "df4e4112-53c8-11ea-bc04-b88a60e194fb", "timestamp": "2020-01-09T02:11:38.000Z", "eventType": "transaction", "_adobeamericaspot3": {"CRMID": "crmid:3999322438", "orderDetails": {"orderID": "orderid:649362", "reservationid": "A6H-ZGFJ", "orderType": "website"}}}
{"_id": "df4feeb4-53c8-11ea-a7ff-b88a60e194fb", "timestamp": "2019-12-10T18:16:40.000Z", "eventType": "transaction", "_adobeamericaspot3": {"CRMID": "crmid:1314928135", "orderDetails": {"orderID": "orderid:590574", "reservationid": "QRN-CEHE", "orderType": "call center"}}}
{"_id": "df51c388-53c8-11ea-b705-b88a60e194fb", "timestamp": "2020-01-06T11:54:18.000Z", "eventType": "transaction", "_adobeamericaspot3": {"CRMID": "crmid:3425049034", "orderDetails": {"orderID": "orderid:180961", "reservationid": "YVH-4HY0", "orderType": "service desk"}}}
{"_id": "df51e90a-53c8-11ea-a75f-b88a60e194fb", "timestamp": "2020-01-14T00:00:00.000Z", "eventType": "transaction", "_adobeamericaspot3": {"CRMID": "crmid:3425049034", "orderDetails": {"orderID": "orderid:442903", "reservationid": "QLY-MNTV", "orderType": "website"}}}
{"_id": "df537124-53c8-11ea-bd93-b88a60e194fb", "timestamp": "2020-01-17T14:56:39.000Z", "eventType": "transaction", "_adobeamericaspot3": {"CRMID": "crmid:6273608347", "orderDetails": {"orderID": "orderid:633106", "reservationid": "H5E-PXB3", "orderType": "website"}}}
{"_id": "df554608-53c8-11ea-9749-b88a60e194fb", "timestamp": "2020-01-12T19:56:06.000Z", "eventType": "transaction", "_adobeamericaspot3": {"CRMID": "crmid:7045278257", "orderDetails": {"orderID": "orderid:474014", "reservationid": "7DA-ZQSO", "orderType": "website"}}}
{"_id": "df56cc7e-53c8-11ea-9f81-b88a60e194fb", "timestamp": "2020-01-06T04:13:44.000Z", "eventType": "transaction", "_adobeamericaspot3": {"CRMID": "crmid:1398159984", "orderDetails": {"orderID": "orderid:348093", "reservationid": "77O-Q5LQ", "orderType": "website"}}}
{"_id": "df57ddec-53c8-11ea-af51-b88a60e194fb", "timestamp": "2020-01-23T13:44:17.000Z", "eventType": "transaction", "_adobeamericaspot3": {"CRMID": "crmid:7273543533", "orderDetails": {"orderID": "orderid:941525", "reservationid": "Q0G-LGCX", "orderType": "website"}}}
{"_id": "df598ba8-53c8-11ea-9e04-b88a60e194fb", "timestamp": "2020-01-06T03:15:28.000Z", "eventType": "transaction", "_adobeamericaspot3": {"CRMID": "crmid:4799779094", "orderDetails": {"orderID": "orderid:655162", "reservationid": "UJV-XPEB", "orderType": "service desk"}}}
{"_id": "df5b123a-53c8-11ea-bff3-b88a60e194fb", "timestamp": "2020-02-01T03:27:01.000Z", "eventType": "transaction", "_adobeamericaspot3": {"CRMID": "crmid:4105002673", "orderDetails": {"orderID": "orderid:515995", "reservationid": "71M-2AMZ", "orderType": "kiosk"}}}
{"_id": "df5c7092-53c8-11ea-b397-b88a60e194fb", "timestamp": "2020-01-05T14:17:58.000Z", "eventType": "transaction", "_adobeamericaspot3": {"CRMID": "crmid:9485587375", "orderDetails": {"orderID": "orderid:192107", "reservationid": "N4T-JMGS", "orderType": "kiosk"}}}
{"_id": "df5e9350-53c8-11ea-97cd-b88a60e194fb", "timestamp": "2019-12-19T10:13:29.000Z", "eventType": "transaction", "_adobeamericaspot3": {"CRMID": "crmid:6264705969", "orderDetails": {"orderID": "orderid:710845", "reservationid": "N1L-SNN2", "orderType": "website"}}}
{"_id": "df6019f6-53c8-11ea-89c2-b88a60e194fb", "timestamp": "2020-02-13T23:54:13.000Z", "eventType": "transaction", "_adobeamericaspot3": {"CRMID": "crmid:7809513513", "orderDetails": {"orderID": "orderid:183803", "reservationid": "C5W-L6WJ", "orderType": "website"}}}
{"_id": "df61c7a8-53c8-11ea-b63e-b88a60e194fb", "timestamp": "2020-01-08T07:39:52.000Z", "eventType": "transaction", "_adobeamericaspot3": {"CRMID": "crmid:8423252030", "orderDetails": {"orderID": "orderid:963413", "reservationid": "GTN-A9EE", "orderType": "kiosk"}}}
{"_id": "df63272c-53c8-11ea-94c6-b88a60e194fb", "timestamp": "2020-01-06T02:13:20.000Z", "eventType": "transaction", "_adobeamericaspot3": {"CRMID": "crmid:3747834877", "orderDetails": {"orderID": "orderid:320140", "reservationid": "LK5-D0UR", "orderType": "kiosk"}}}
{"_id": "df64d4e2-53c8-11ea-9b6a-b88a60e194fb", "timestamp": "2020-01-09T23:01:09.000Z", "eventType": "transaction", "_adobeamericaspot3": {"CRMID": "crmid:9848748282", "orderDetails": {"orderID": "orderid:792440", "reservationid": "XUC-OMSM", "orderType": "kiosk"}}}
{"_id": "df66f902-53c8-11ea-b5ef-b88a60e194fb", "timestamp": "2020-02-09T03:27:33.000Z", "eventType": "transaction", "_adobeamericaspot3": {"CRMID": "crmid:1340073489", "orderDetails": {"orderID": "orderid:157788", "reservationid": "MAM-BARR", "orderType": "kiosk"}}}
{"_id": "df68a6ba-53c8-11ea-89eb-b88a60e194fb", "timestamp": "2020-01-26T10:56:34.000Z", "eventType": "transaction", "_adobeamericaspot3": {"CRMID": "crmid:4163709131", "orderDetails": {"orderID": "orderid:697622", "reservationid": "NGJ-VBBH", "orderType": "call center"}}}
{"_id": "df6a0642-53c8-11ea-a8ae-b88a60e194fb", "timestamp": "2020-01-20T18:34:16.000Z", "eventType": "transaction", "_adobeamericaspot3": {"CRMID": "crmid:8784585421", "orderDetails": {"orderID": "orderid:564544", "reservationid": "PPX-JZOP", "orderType": "call center"}}}
{"_id": "df6c2800-53c8-11ea-b86f-b88a60e194fb", "timestamp": "2019-12-25T22:00:18.000Z", "eventType": "transaction", "_adobeamericaspot3": {"CRMID": "crmid:9340507885", "orderDetails": {"orderID": "orderid:201384", "reservationid": "9FW-9E3C", "orderType": "website"}}}
{"_id": "df6e733a-53c8-11ea-a5f0-b88a60e194fb", "timestamp": "2020-02-06T23:33:40.000Z", "eventType": "transaction", "_adobeamericaspot3": {"CRMID": "crmid:9239540249", "orderDetails": {"orderID": "orderid:453664", "reservationid": "Z1F-0TTA", "orderType": "website"}}}
{"_id": "df6e9a6c-53c8-11ea-b26f-b88a60e194fb", "timestamp": "2020-02-12T00:00:00.000Z", "eventType": "transaction", "_adobeamericaspot3": {"CRMID": "crmid:9239540249", "orderDetails": {"orderID": "orderid:751909", "reservationid": "XBQ-ZEGV", "orderType": "call center"}}}
{"_id": "df6fd2e2-53c8-11ea-8c22-b88a60e194fb", "timestamp": "2020-02-15T02:58:30.000Z", "eventType": "transaction", "_adobeamericaspot3": {"CRMID": "crmid:7847416404", "orderDetails": {"orderID": "orderid:427000", "reservationid": "4CS-CFTO", "orderType": "kiosk"}}}
{"_id": "df71cde4-53c8-11ea-a415-b88a60e194fb", "timestamp": "2019-12-15T13:24:50.000Z", "eventType": "transaction", "_adobeamericaspot3": {"CRMID": "crmid:2571265397", "orderDetails": {"orderID": "orderid:873674", "reservationid": "S0I-B3OK", "orderType": "call center"}}}
{"_id": "df73ca64-53c8-11ea-aac5-b88a60e194fb", "timestamp": "2020-01-22T18:12:18.000Z", "eventType": "transaction", "_adobeamericaspot3": {"CRMID": "crmid:1492585998", "orderDetails": {"orderID": "orderid:540803", "reservationid": "GUB-HTSF", "orderType": "website"}}}
{"_id": "df77c0b4-53c8-11ea-85c7-b88a60e194fb", "timestamp": "2019-12-23T03:33:10.000Z", "eventType": "transaction", "_adobeamericaspot3": {"CRMID": "crmid:8273317227", "orderDetails": {"orderID": "orderid:176093", "reservationid": "R4V-EDWI", "orderType": "website"}}}
{"_id": "df79203e-53c8-11ea-bc98-b88a60e194fb", "timestamp": "2019-12-21T02:22:47.000Z", "eventType": "transaction", "_adobeamericaspot3": {"CRMID": "crmid:5818543773", "orderDetails": {"orderID": "orderid:566498", "reservationid": "MCN-B7MX", "orderType": "kiosk"}}}
{"_id": "df7b1c24-53c8-11ea-a3ad-b88a60e194fb", "timestamp": "2019-12-03T13:26:43.000Z", "eventType": "transaction", "_adobeamericaspot3": {"CRMID": "crmid:9754936344", "orderDetails": {"orderID": "orderid:359092", "reservationid": "BUY-PHIH", "orderType": "kiosk"}}}
{"_id": "df7ca336-53c8-11ea-89a7-b88a60e194fb", "timestamp": "2019-12-22T07:34:24.000Z", "eventType": "transaction", "_adobeamericaspot3": {"CRMID": "crmid:4585423155", "orderDetails": {"orderID": "orderid:543188", "reservationid": "MCF-VHHB", "orderType": "service desk"}}}
{"_id": "df7e9e80-53c8-11ea-8f7b-b88a60e194fb", "timestamp": "2020-02-15T10:52:13.000Z", "eventType": "transaction", "_adobeamericaspot3": {"CRMID": "crmid:7574462881", "orderDetails": {"orderID": "orderid:437405", "reservationid": "PG1-8HYA", "orderType": "kiosk"}}}
{"_id": "df80253a-53c8-11ea-a541-b88a60e194fb", "timestamp": "2019-12-08T01:36:03.000Z", "eventType": "transaction", "_adobeamericaspot3": {"CRMID": "crmid:7186616548", "orderDetails": {"orderID": "orderid:467915", "reservationid": "FNR-WD8I", "orderType": "website"}}}
{"_id": "df8220e6-53c8-11ea-a6d7-b88a60e194fb", "timestamp": "2020-01-27T19:25:26.000Z", "eventType": "transaction", "_adobeamericaspot3": {"CRMID": "crmid:8410357970", "orderDetails": {"orderID": "orderid:846040", "reservationid": "LSF-Y5X0", "orderType": "call center"}}}
{"_id": "df846ade-53c8-11ea-9b13-b88a60e194fb", "timestamp": "2020-01-05T21:49:00.000Z", "eventType": "transaction", "_adobeamericaspot3": {"CRMID": "crmid:8610784463", "orderDetails": {"orderID": "orderid:910784", "reservationid": "6XK-ECFR", "orderType": "mobile"}}}
{"_id": "df85f180-53c8-11ea-a739-b88a60e194fb", "timestamp": "2020-01-29T21:41:04.000Z", "eventType": "transaction", "_adobeamericaspot3": {"CRMID": "crmid:4678349675", "orderDetails": {"orderID": "orderid:162780", "reservationid": "MHW-D1HZ", "orderType": "mobile"}}}
{"_id": "df879f40-53c8-11ea-b8c1-b88a60e194fb", "timestamp": "2019-12-16T13:31:55.000Z", "eventType": "transaction", "_adobeamericaspot3": {"CRMID": "crmid:1313480361", "orderDetails": {"orderID": "orderid:304620", "reservationid": "U2G-FRXL", "orderType": "kiosk"}}}
{"_id": "df8925da-53c8-11ea-bc8d-b88a60e194fb", "timestamp": "2020-01-05T07:18:40.000Z", "eventType": "transaction", "_adobeamericaspot3": {"CRMID": "crmid:2908486002", "orderDetails": {"orderID": "orderid:885149", "reservationid": "XY0-H1CQ", "orderType": "website"}}}
{"_id": "df8aac70-53c8-11ea-8195-b88a60e194fb", "timestamp": "2019-12-25T20:11:14.000Z", "eventType": "transaction", "_adobeamericaspot3": {"CRMID": "crmid:1679863577", "orderDetails": {"orderID": "orderid:330680", "reservationid": "KAU-ZSTT", "orderType": "kiosk"}}}
{"_id": "df8ca842-53c8-11ea-bffc-b88a60e194fb", "timestamp": "2020-01-04T10:05:35.000Z", "eventType": "transaction", "_adobeamericaspot3": {"CRMID": "crmid:8996688312", "orderDetails": {"orderID": "orderid:373739", "reservationid": "H6R-PVNN", "orderType": "kiosk"}}}
{"_id": "df8de0c0-53c8-11ea-8664-b88a60e194fb", "timestamp": "2019-12-26T18:48:58.000Z", "eventType": "transaction", "_adobeamericaspot3": {"CRMID": "crmid:5006779054", "orderDetails": {"orderID": "orderid:470503", "reservationid": "GPF-YV5T", "orderType": "call center"}}}
{"_id": "df8f6770-53c8-11ea-9dc4-b88a60e194fb", "timestamp": "2019-12-05T19:22:38.000Z", "eventType": "transaction", "_adobeamericaspot3": {"CRMID": "crmid:4368419350", "orderDetails": {"orderID": "orderid:525441", "reservationid": "NPM-RWMH", "orderType": "website"}}}
{"_id": "df909fe4-53c8-11ea-bdc1-b88a60e194fb", "timestamp": "2019-12-22T20:38:54.000Z", "eventType": "transaction", "_adobeamericaspot3": {"CRMID": "crmid:3150810142", "orderDetails": {"orderID": "orderid:361940", "reservationid": "XBD-NYYM", "orderType": "website"}}}
{"_id": "df922686-53c8-11ea-9f15-b88a60e194fb", "timestamp": "2020-02-04T14:24:59.000Z", "eventType": "transaction", "_adobeamericaspot3": {"CRMID": "crmid:4352031054", "orderDetails": {"orderID": "orderid:625416", "reservationid": "BIT-TC3T", "orderType": "mobile"}}}
{"_id": "df93ad36-53c8-11ea-af64-b88a60e194fb", "timestamp": "2019-12-29T23:52:25.000Z", "eventType": "transaction", "_adobeamericaspot3": {"CRMID": "crmid:4320077549", "orderDetails": {"orderID": "orderid:427585", "reservationid": "YOK-RUS6", "orderType": "mobile"}}}
{"_id": "df950cac-53c8-11ea-ad42-b88a60e194fb", "timestamp": "2020-01-20T17:31:56.000Z", "eventType": "transaction", "_adobeamericaspot3": {"CRMID": "crmid:3439611431", "orderDetails": {"orderID": "orderid:813754", "reservationid": "JTM-YSG0", "orderType": "mobile"}}}
{"_id": "df964530-53c8-11ea-8a1a-b88a60e194fb", "timestamp": "2020-01-26T00:24:28.000Z", "eventType": "transaction", "_adobeamericaspot3": {"CRMID": "crmid:6400022235", "orderDetails": {"orderID": "orderid:996036", "reservationid": "UGS-G29U", "orderType": "website"}}}
{"_id": "df97cbf4-53c8-11ea-bd41-b88a60e194fb", "timestamp": "2020-01-21T15:48:52.000Z", "eventType": "transaction", "_adobeamericaspot3": {"CRMID": "crmid:9978108478", "orderDetails": {"orderID": "orderid:738491", "reservationid": "OCI-T1HH", "orderType": "mobile"}}}
{"_id": "df99a0a6-53c8-11ea-ba27-b88a60e194fb", "timestamp": "2020-01-14T04:26:09.000Z", "eventType": "transaction", "_adobeamericaspot3": {"CRMID": "crmid:7481882175", "orderDetails": {"orderID": "orderid:180350", "reservationid": "TE9-CCUD", "orderType": "kiosk"}}}
{"_id": "df9bea7e-53c8-11ea-8d89-b88a60e194fb", "timestamp": "2020-01-30T15:45:32.000Z", "eventType": "transaction", "_adobeamericaspot3": {"CRMID": "crmid:7038409288", "orderDetails": {"orderID": "orderid:527694", "reservationid": "Z99-WDEI", "orderType": "call center"}}}
{"_id": "df9ea99a-53c8-11ea-8535-b88a60e194fb", "timestamp": "2020-01-12T16:42:17.000Z", "eventType": "transaction", "_adobeamericaspot3": {"CRMID": "crmid:6573034156", "orderDetails": {"orderID": "orderid:932015", "reservationid": "WBT-MD4Q", "orderType": "call center"}}}
{"_id": "dfa0f4f4-53c8-11ea-8406-b88a60e194fb", "timestamp": "2020-02-15T00:36:51.000Z", "eventType": "transaction", "_adobeamericaspot3": {"CRMID": "crmid:9204182017", "orderDetails": {"orderID": "orderid:755445", "reservationid": "YTA-37WW", "orderType": "kiosk"}}}
{"_id": "dfa5140a-53c8-11ea-ba86-b88a60e194fb", "timestamp": "2019-12-08T18:35:42.000Z", "eventType": "transaction", "_adobeamericaspot3": {"CRMID": "crmid:3854529678", "orderDetails": {"orderID": "orderid:239247", "reservationid": "EIZ-4HMS", "orderType": "kiosk"}}}
{"_id": "dfa81f82-53c8-11ea-a29c-b88a60e194fb", "timestamp": "2019-12-02T19:47:19.000Z", "eventType": "transaction", "_adobeamericaspot3": {"CRMID": "crmid:4817625795", "orderDetails": {"orderID": "orderid:876233", "reservationid": "JDK-WAHA", "orderType": "website"}}}
{"_id": "dfad288c-53c8-11ea-b005-b88a60e194fb", "timestamp": "2019-12-03T07:24:53.000Z", "eventType": "transaction", "_adobeamericaspot3": {"CRMID": "crmid:9958445203", "orderDetails": {"orderID": "orderid:948982", "reservationid": "KUE-UYUT", "orderType": "mobile"}}}
{"_id": "dfb4c9b4-53c8-11ea-b1fb-b88a60e194fb", "timestamp": "2020-02-11T04:26:43.000Z", "eventType": "transaction", "_adobeamericaspot3": {"CRMID": "crmid:6834863360", "orderDetails": {"orderID": "orderid:589787", "reservationid": "ZYZ-GVPQ", "orderType": "mobile"}}}
{"_id": "dfbcb8e2-53c8-11ea-8c98-b88a60e194fb", "timestamp": "2020-02-10T01:13:55.000Z", "eventType": "transaction", "_adobeamericaspot3": {"CRMID": "crmid:8195604245", "orderDetails": {"orderID": "orderid:256614", "reservationid": "FNZ-XNSG", "orderType": "website"}}}
{"_id": "dfc40c00-53c8-11ea-8d50-b88a60e194fb", "timestamp": "2020-01-11T19:55:16.000Z", "eventType": "transaction", "_adobeamericaspot3": {"CRMID": "crmid:4873488041", "orderDetails": {"orderID": "orderid:237393", "reservationid": "PSV-3FC9", "orderType": "kiosk"}}}
{"_id": "dfcbfb1a-53c8-11ea-a671-b88a60e194fb", "timestamp": "2019-12-02T03:01:06.000Z", "eventType": "transaction", "_adobeamericaspot3": {"CRMID": "crmid:1997691904", "orderDetails": {"orderID": "orderid:874299", "reservationid": "VLD-X6U7", "orderType": "mobile"}}}
{"_id": "dfd39c52-53c8-11ea-ad3d-b88a60e194fb", "timestamp": "2019-12-01T14:08:09.000Z", "eventType": "transaction", "_adobeamericaspot3": {"CRMID": "crmid:4961684488", "orderDetails": {"orderID": "orderid:149133", "reservationid": "RKA-G180", "orderType": "website"}}}
{"_id": "dfd8093a-53c8-11ea-85c3-b88a60e194fb", "timestamp": "2019-12-05T13:46:50.000Z", "eventType": "transaction", "_adobeamericaspot3": {"CRMID": "crmid:4208297881", "orderDetails": {"orderID": "orderid:998145", "reservationid": "YPD-L3HT", "orderType": "call center"}}}
{"_id": "dfe0e2b0-53c8-11ea-acc7-b88a60e194fb", "timestamp": "2020-01-13T02:26:17.000Z", "eventType": "transaction", "_adobeamericaspot3": {"CRMID": "crmid:3862747492", "orderDetails": {"orderID": "orderid:428728", "reservationid": "3YO-DLUV", "orderType": "service desk"}}}
{"_id": "dfe8fa80-53c8-11ea-b68f-b88a60e194fb", "timestamp": "2020-01-28T21:47:05.000Z", "eventType": "transaction", "_adobeamericaspot3": {"CRMID": "crmid:8357594540", "orderDetails": {"orderID": "orderid:991157", "reservationid": "TWH-CEZU", "orderType": "website"}}}
{"_id": "dfed6738-53c8-11ea-8fec-b88a60e194fb", "timestamp": "2019-12-24T01:19:42.000Z", "eventType": "transaction", "_adobeamericaspot3": {"CRMID": "crmid:8390183362", "orderDetails": {"orderID": "orderid:564538", "reservationid": "TVH-XDP4", "orderType": "kiosk"}}}
{"_id": "dff863a8-53c8-11ea-8dd9-b88a60e194fb", "timestamp": "2020-02-13T00:57:39.000Z", "eventType": "transaction", "_adobeamericaspot3": {"CRMID": "crmid:9697409624", "orderDetails": {"orderID": "orderid:570828", "reservationid": "IPO-MPK8", "orderType": "kiosk"}}}
{"_id": "dffd93d4-53c8-11ea-934b-b88a60e194fb", "timestamp": "2019-12-14T13:20:03.000Z", "eventType": "transaction", "_adobeamericaspot3": {"CRMID": "crmid:3268126644", "orderDetails": {"orderID": "orderid:232620", "reservationid": "OQF-VH68", "orderType": "website"}}}
{"_id": "dffecc5c-53c8-11ea-866c-b88a60e194fb", "timestamp": "2020-02-16T11:17:30.000Z", "eventType": "transaction", "_adobeamericaspot3": {"CRMID": "crmid:2157291689", "orderDetails": {"orderID": "orderid:938018", "reservationid": "OOY-1MFI", "orderType": "call center"}}}
{"_id": "e000036c-53c8-11ea-ba15-b88a60e194fb", "timestamp": "2019-12-11T02:23:18.000Z", "eventType": "transaction", "_adobeamericaspot3": {"CRMID": "crmid:6951309474", "orderDetails": {"orderID": "orderid:395654", "reservationid": "VPP-DPII", "orderType": "call center"}}}
{"_id": "e00114d8-53c8-11ea-9060-b88a60e194fb", "timestamp": "2020-01-08T03:14:29.000Z", "eventType": "transaction", "_adobeamericaspot3": {"CRMID": "crmid:7754697357", "orderDetails": {"orderID": "orderid:727915", "reservationid": "B3V-LQPW", "orderType": "website"}}}
{"_id": "e0027470-53c8-11ea-bd58-b88a60e194fb", "timestamp": "2020-01-23T03:12:47.000Z", "eventType": "transaction", "_adobeamericaspot3": {"CRMID": "crmid:9645464633", "orderDetails": {"orderID": "orderid:924037", "reservationid": "HRQ-DYJF", "orderType": "call center"}}}
{"_id": "e00337b4-53c8-11ea-a40d-b88a60e194fb", "timestamp": "2020-01-15T13:39:27.000Z", "eventType": "transaction", "_adobeamericaspot3": {"CRMID": "crmid:1482810151", "orderDetails": {"orderID": "orderid:739447", "reservationid": "HUV-VGAI", "orderType": "website"}}}
{"_id": "e004be8a-53c8-11ea-87c3-b88a60e194fb", "timestamp": "2020-02-04T21:53:10.000Z", "eventType": "transaction", "_adobeamericaspot3": {"CRMID": "crmid:7263389770", "orderDetails": {"orderID": "orderid:725438", "reservationid": "CNY-BT1K", "orderType": "kiosk"}}}
{"_id": "e0061e34-53c8-11ea-94a4-b88a60e194fb", "timestamp": "2019-12-09T18:54:51.000Z", "eventType": "transaction", "_adobeamericaspot3": {"CRMID": "crmid:7695541162", "orderDetails": {"orderID": "orderid:628655", "reservationid": "NAA-LGIN", "orderType": "website"}}}
{"_id": "e0072f7e-53c8-11ea-8efe-b88a60e194fb", "timestamp": "2020-01-04T08:40:29.000Z", "eventType": "transaction", "_adobeamericaspot3": {"CRMID": "crmid:3007833253", "orderDetails": {"orderID": "orderid:360418", "reservationid": "GYK-S0Q4", "orderType": "website"}}}
{"_id": "e00867d2-53c8-11ea-b641-b88a60e194fb", "timestamp": "2020-01-25T02:02:05.000Z", "eventType": "transaction", "_adobeamericaspot3": {"CRMID": "crmid:4875980175", "orderDetails": {"orderID": "orderid:793154", "reservationid": "C05-ZSLM", "orderType": "service desk"}}}
{"_id": "e009531a-53c8-11ea-a0ce-b88a60e194fb", "timestamp": "2019-12-26T12:11:19.000Z", "eventType": "transaction", "_adobeamericaspot3": {"CRMID": "crmid:2673919154", "orderDetails": {"orderID": "orderid:788826", "reservationid": "MPB-XSUQ", "orderType": "kiosk"}}}
{"_id": "e00a16b6-53c8-11ea-8b66-b88a60e194fb", "timestamp": "2020-01-11T13:19:00.000Z", "eventType": "transaction", "_adobeamericaspot3": {"CRMID": "crmid:5530842554", "orderDetails": {"orderID": "orderid:177981", "reservationid": "PWD-YJEQ", "orderType": "website"}}}
{"_id": "e00a3dcc-53c8-11ea-af06-b88a60e194fb", "timestamp": "2020-01-16T00:00:00.000Z", "eventType": "transaction", "_adobeamericaspot3": {"CRMID": "crmid:5530842554", "orderDetails": {"orderID": "orderid:909512", "reservationid": "UHP-QWEJ", "orderType": "website"}}}
{"_id": "e00a64da-53c8-11ea-a661-b88a60e194fb", "timestamp": "2020-01-22T00:00:00.000Z", "eventType": "transaction", "_adobeamericaspot3": {"CRMID": "crmid:5530842554", "orderDetails": {"orderID": "orderid:618115", "reservationid": "VEE-IFLL", "orderType": "website"}}}
{"_id": "e00b2826-53c8-11ea-ad93-b88a60e194fb", "timestamp": "2020-01-16T14:43:18.000Z", "eventType": "transaction", "_adobeamericaspot3": {"CRMID": "crmid:6842613331", "orderDetails": {"orderID": "orderid:412872", "reservationid": "AKF-HUMS", "orderType": "kiosk"}}}
{"_id": "e00bebe8-53c8-11ea-b572-b88a60e194fb", "timestamp": "2020-01-07T02:09:22.000Z", "eventType": "transaction", "_adobeamericaspot3": {"CRMID": "crmid:7542738931", "orderDetails": {"orderID": "orderid:913138", "reservationid": "ZFD-SSRK", "orderType": "kiosk"}}}
{"_id": "e00fe362-53c8-11ea-b555-b88a60e194fb", "timestamp": "2019-12-09T18:10:08.000Z", "eventType": "transaction", "_adobeamericaspot3": {"CRMID": "crmid:8162401714", "orderDetails": {"orderID": "orderid:890021", "reservationid": "S5W-IK11", "orderType": "kiosk"}}}
{"_id": "e010a69e-53c8-11ea-aff7-b88a60e194fb", "timestamp": "2020-01-23T11:59:33.000Z", "eventType": "transaction", "_adobeamericaspot3": {"CRMID": "crmid:7662965543", "orderDetails": {"orderID": "orderid:835071", "reservationid": "U8J-CPFT", "orderType": "call center"}}}
{"_id": "e01190c6-53c8-11ea-9b5b-b88a60e194fb", "timestamp": "2020-01-17T15:25:21.000Z", "eventType": "transaction", "_adobeamericaspot3": {"CRMID": "crmid:6127855601", "orderDetails": {"orderID": "orderid:270396", "reservationid": "BZA-EM4W", "orderType": "website"}}}
{"_id": "e0127b28-53c8-11ea-b92a-b88a60e194fb", "timestamp": "2020-02-12T08:02:57.000Z", "eventType": "transaction", "_adobeamericaspot3": {"CRMID": "crmid:1830565356", "orderDetails": {"orderID": "orderid:454045", "reservationid": "TBQ-5XAM", "orderType": "mobile"}}}
{"_id": "e01365e2-53c8-11ea-8de1-b88a60e194fb", "timestamp": "2020-01-23T12:17:34.000Z", "eventType": "transaction", "_adobeamericaspot3": {"CRMID": "crmid:5947186841", "orderDetails": {"orderID": "orderid:149006", "reservationid": "WWW-QXFL", "orderType": "kiosk"}}}
{"_id": "e0138cda-53c8-11ea-8876-b88a60e194fb", "timestamp": "2020-01-27T00:00:00.000Z", "eventType": "transaction", "_adobeamericaspot3": {"CRMID": "crmid:5947186841", "orderDetails": {"orderID": "orderid:595119", "reservationid": "2DH-8YFM", "orderType": "mobile"}}}
{"_id": "e0149d98-53c8-11ea-9ccf-b88a60e194fb", "timestamp": "2019-12-20T20:26:00.000Z", "eventType": "transaction", "_adobeamericaspot3": {"CRMID": "crmid:7581971176", "orderDetails": {"orderID": "orderid:121918", "reservationid": "HAB-5GIM", "orderType": "mobile"}}}
{"_id": "e014c528-53c8-11ea-8261-b88a60e194fb", "timestamp": "2019-12-25T00:00:00.000Z", "eventType": "transaction", "_adobeamericaspot3": {"CRMID": "crmid:7581971176", "orderDetails": {"orderID": "orderid:785204", "reservationid": "TZS-O89U", "orderType": "mobile"}}}
{"_id": "e015afc0-53c8-11ea-8d0b-b88a60e194fb", "timestamp": "2020-01-01T09:25:29.000Z", "eventType": "transaction", "_adobeamericaspot3": {"CRMID": "crmid:8481738095", "orderDetails": {"orderID": "orderid:142790", "reservationid": "W4A-PAUX", "orderType": "kiosk"}}}
{"_id": "e01699d0-53c8-11ea-8ee2-b88a60e194fb", "timestamp": "2019-12-29T09:43:34.000Z", "eventType": "transaction", "_adobeamericaspot3": {"CRMID": "crmid:6293561643", "orderDetails": {"orderID": "orderid:169550", "reservationid": "FSL-JOHS", "orderType": "kiosk"}}}
{"_id": "e0178434-53c8-11ea-95aa-b88a60e194fb", "timestamp": "2020-02-02T13:24:15.000Z", "eventType": "transaction", "_adobeamericaspot3": {"CRMID": "crmid:2095967069", "orderDetails": {"orderID": "orderid:271958", "reservationid": "XQ9-1U9T", "orderType": "call center"}}}
{"_id": "e01847e2-53c8-11ea-96e3-b88a60e194fb", "timestamp": "2020-02-02T13:00:50.000Z", "eventType": "transaction", "_adobeamericaspot3": {"CRMID": "crmid:9115167080", "orderDetails": {"orderID": "orderid:867668", "reservationid": "UYJ-I4YN", "orderType": "kiosk"}}}
{"_id": "e0198046-53c8-11ea-a0c6-b88a60e194fb", "timestamp": "2019-12-29T10:33:13.000Z", "eventType": "transaction", "_adobeamericaspot3": {"CRMID": "crmid:7244701771", "orderDetails": {"orderID": "orderid:709357", "reservationid": "GXW-APTQ", "orderType": "service desk"}}}
{"_id": "e01adfd8-53c8-11ea-8a0b-b88a60e194fb", "timestamp": "2020-01-26T03:37:57.000Z", "eventType": "transaction", "_adobeamericaspot3": {"CRMID": "crmid:9169686121", "orderDetails": {"orderID": "orderid:946536", "reservationid": "UUW-DCMA", "orderType": "website"}}}
{"_id": "e01c3f64-53c8-11ea-b063-b88a60e194fb", "timestamp": "2020-01-26T13:19:43.000Z", "eventType": "transaction", "_adobeamericaspot3": {"CRMID": "crmid:2047748806", "orderDetails": {"orderID": "orderid:715534", "reservationid": "86H-QY11", "orderType": "mobile"}}}
{"_id": "e01d2870-53c8-11ea-8870-b88a60e194fb", "timestamp": "2019-12-11T13:26:00.000Z", "eventType": "transaction", "_adobeamericaspot3": {"CRMID": "crmid:1685730752", "orderDetails": {"orderID": "orderid:708197", "reservationid": "LWD-UEDO", "orderType": "call center"}}}
{"_id": "e01debc0-53c8-11ea-91e5-b88a60e194fb", "timestamp": "2020-01-08T07:21:18.000Z", "eventType": "transaction", "_adobeamericaspot3": {"CRMID": "crmid:5054940614", "orderDetails": {"orderID": "orderid:404491", "reservationid": "GQR-PELO", "orderType": "website"}}}
{"_id": "e01ed622-53c8-11ea-8252-b88a60e194fb", "timestamp": "2019-12-02T15:13:17.000Z", "eventType": "transaction", "_adobeamericaspot3": {"CRMID": "crmid:1663513166", "orderDetails": {"orderID": "orderid:315245", "reservationid": "HXN-6STT", "orderType": "website"}}}
{"_id": "e01f9974-53c8-11ea-a7b5-b88a60e194fb", "timestamp": "2020-02-04T16:00:41.000Z", "eventType": "transaction", "_adobeamericaspot3": {"CRMID": "crmid:5556009526", "orderDetails": {"orderID": "orderid:397099", "reservationid": "KEQ-8AJL", "orderType": "website"}}}
{"_id": "e02083c0-53c8-11ea-8e90-b88a60e194fb", "timestamp": "2019-12-10T05:07:00.000Z", "eventType": "transaction", "_adobeamericaspot3": {"CRMID": "crmid:9254198622", "orderDetails": {"orderID": "orderid:669023", "reservationid": "JGY-R6LS", "orderType": "mobile"}}}
{"_id": "e021e354-53c8-11ea-9f94-b88a60e194fb", "timestamp": "2020-02-09T16:36:32.000Z", "eventType": "transaction", "_adobeamericaspot3": {"CRMID": "crmid:1515321894", "orderDetails": {"orderID": "orderid:610538", "reservationid": "HVD-CO6D", "orderType": "kiosk"}}}
{"_id": "e0231bd8-53c8-11ea-a64c-b88a60e194fb", "timestamp": "2019-12-01T19:22:54.000Z", "eventType": "transaction", "_adobeamericaspot3": {"CRMID": "crmid:4628527301", "orderDetails": {"orderID": "orderid:152182", "reservationid": "IY6-GGPO", "orderType": "service desk"}}}
{"_id": "e0245462-53c8-11ea-9f66-b88a60e194fb", "timestamp": "2019-12-23T13:31:53.000Z", "eventType": "transaction", "_adobeamericaspot3": {"CRMID": "crmid:2082829268", "orderDetails": {"orderID": "orderid:978493", "reservationid": "2OC-ECAC", "orderType": "call center"}}}
{"_id": "e0253ed2-53c8-11ea-9b9a-b88a60e194fb", "timestamp": "2019-12-27T02:49:35.000Z", "eventType": "transaction", "_adobeamericaspot3": {"CRMID": "crmid:4028173542", "orderDetails": {"orderID": "orderid:710821", "reservationid": "XDA-QO4R", "orderType": "service desk"}}}
{"_id": "e026502c-53c8-11ea-9b43-b88a60e194fb", "timestamp": "2020-01-06T15:50:58.000Z", "eventType": "transaction", "_adobeamericaspot3": {"CRMID": "crmid:3003721240", "orderDetails": {"orderID": "orderid:992659", "reservationid": "3JC-APOM", "orderType": "kiosk"}}}
{"_id": "e0273aa4-53c8-11ea-b31b-b88a60e194fb", "timestamp": "2020-01-03T17:34:38.000Z", "eventType": "transaction", "_adobeamericaspot3": {"CRMID": "crmid:2797707745", "orderDetails": {"orderID": "orderid:969914", "reservationid": "O3H-GFAP", "orderType": "service desk"}}}
{"_id": "e027fde2-53c8-11ea-b3e5-b88a60e194fb", "timestamp": "2019-12-07T20:51:47.000Z", "eventType": "transaction", "_adobeamericaspot3": {"CRMID": "crmid:4841847269", "orderDetails": {"orderID": "orderid:254939", "reservationid": "6WN-CEVN", "orderType": "kiosk"}}}
{"_id": "e028c130-53c8-11ea-bb24-b88a60e194fb", "timestamp": "2020-01-30T16:30:26.000Z", "eventType": "transaction", "_adobeamericaspot3": {"CRMID": "crmid:3784541937", "orderDetails": {"orderID": "orderid:821024", "reservationid": "I3V-KCXV", "orderType": "mobile"}}}
{"_id": "e029aba4-53c8-11ea-8193-b88a60e194fb", "timestamp": "2020-01-23T21:10:47.000Z", "eventType": "transaction", "_adobeamericaspot3": {"CRMID": "crmid:3170402021", "orderDetails": {"orderID": "orderid:148285", "reservationid": "GR5-C8FQ", "orderType": "call center"}}}
{"_id": "e02a6ef4-53c8-11ea-8ee8-b88a60e194fb", "timestamp": "2019-12-23T03:25:03.000Z", "eventType": "transaction", "_adobeamericaspot3": {"CRMID": "crmid:7283904763", "orderDetails": {"orderID": "orderid:799934", "reservationid": "IGG-XHCK", "orderType": "website"}}}
{"_id": "e02a95f4-53c8-11ea-8929-b88a60e194fb", "timestamp": "2020-01-01T00:00:00.000Z", "eventType": "transaction", "_adobeamericaspot3": {"CRMID": "crmid:7283904763", "orderDetails": {"orderID": "orderid:587631", "reservationid": "IP8-7BRR", "orderType": "website"}}}
{"_id": "e02b5954-53c8-11ea-9f9c-b88a60e194fb", "timestamp": "2020-02-01T18:15:22.000Z", "eventType": "transaction", "_adobeamericaspot3": {"CRMID": "crmid:5085429754", "orderDetails": {"orderID": "orderid:429304", "reservationid": "OPX-NAM7", "orderType": "call center"}}}
{"_id": "e02c43b8-53c8-11ea-a454-b88a60e194fb", "timestamp": "2020-01-29T04:38:10.000Z", "eventType": "transaction", "_adobeamericaspot3": {"CRMID": "crmid:1218702218", "orderDetails": {"orderID": "orderid:896747", "reservationid": "BLY-5SQS", "orderType": "call center"}}}
{"_id": "e02d2e14-53c8-11ea-a37d-b88a60e194fb", "timestamp": "2019-12-03T13:13:22.000Z", "eventType": "transaction", "_adobeamericaspot3": {"CRMID": "crmid:2159029905", "orderDetails": {"orderID": "orderid:423172", "reservationid": "H2Q-TATN", "orderType": "website"}}}
{"_id": "e02df166-53c8-11ea-9567-b88a60e194fb", "timestamp": "2020-02-03T16:51:54.000Z", "eventType": "transaction", "_adobeamericaspot3": {"CRMID": "crmid:2002181372", "orderDetails": {"orderID": "orderid:973843", "reservationid": "AO5-WZQD", "orderType": "mobile"}}}
{"_id": "e02f0398-53c8-11ea-b929-b88a60e194fb", "timestamp": "2020-02-04T01:36:54.000Z", "eventType": "transaction", "_adobeamericaspot3": {"CRMID": "crmid:6348630274", "orderDetails": {"orderID": "orderid:226660", "reservationid": "YA9-TPKF", "orderType": "website"}}}
{"_id": "e02fed36-53c8-11ea-ab59-b88a60e194fb", "timestamp": "2019-12-12T06:43:16.000Z", "eventType": "transaction", "_adobeamericaspot3": {"CRMID": "crmid:7915144775", "orderDetails": {"orderID": "orderid:522566", "reservationid": "XTD-PFTK", "orderType": "kiosk"}}}
{"_id": "e030d776-53c8-11ea-861c-b88a60e194fb", "timestamp": "2020-02-01T06:41:21.000Z", "eventType": "transaction", "_adobeamericaspot3": {"CRMID": "crmid:7948149709", "orderDetails": {"orderID": "orderid:216741", "reservationid": "VIW-IWRQ", "orderType": "kiosk"}}}
{"_id": "e031e8e2-53c8-11ea-a8d6-b88a60e194fb", "timestamp": "2020-01-17T08:50:04.000Z", "eventType": "transaction", "_adobeamericaspot3": {"CRMID": "crmid:6221960890", "orderDetails": {"orderID": "orderid:826845", "reservationid": "JB4-QXUJ", "orderType": "kiosk"}}}
{"_id": "e0332168-53c8-11ea-ba32-b88a60e194fb", "timestamp": "2020-02-11T15:41:35.000Z", "eventType": "transaction", "_adobeamericaspot3": {"CRMID": "crmid:2102104755", "orderDetails": {"orderID": "orderid:877943", "reservationid": "1R9-KUAX", "orderType": "service desk"}}}
{"_id": "e033486e-53c8-11ea-82ca-b88a60e194fb", "timestamp": "2020-02-17T00:00:00.000Z", "eventType": "transaction", "_adobeamericaspot3": {"CRMID": "crmid:2102104755", "orderDetails": {"orderID": "orderid:779448", "reservationid": "FJO-32Q3", "orderType": "kiosk"}}}
{"_id": "e034cf24-53c8-11ea-8b46-b88a60e194fb", "timestamp": "2019-12-20T05:45:06.000Z", "eventType": "transaction", "_adobeamericaspot3": {"CRMID": "crmid:4039245373", "orderDetails": {"orderID": "orderid:958352", "reservationid": "0QQ-H0WB", "orderType": "kiosk"}}}
{"_id": "e03655dc-53c8-11ea-bee1-b88a60e194fb", "timestamp": "2020-02-16T03:05:10.000Z", "eventType": "transaction", "_adobeamericaspot3": {"CRMID": "crmid:3048000865", "orderDetails": {"orderID": "orderid:801827", "reservationid": "CT1-YTMJ", "orderType": "website"}}}
{"_id": "e0378ed2-53c8-11ea-ae81-b88a60e194fb", "timestamp": "2019-12-03T03:17:34.000Z", "eventType": "transaction", "_adobeamericaspot3": {"CRMID": "crmid:2363294654", "orderDetails": {"orderID": "orderid:344024", "reservationid": "VRM-CBRE", "orderType": "mobile"}}}
{"_id": "e038789e-53c8-11ea-bda1-b88a60e194fb", "timestamp": "2019-12-02T22:54:02.000Z", "eventType": "transaction", "_adobeamericaspot3": {"CRMID": "crmid:7719224546", "orderDetails": {"orderID": "orderid:842891", "reservationid": "B38-I0LL", "orderType": "call center"}}}
{"_id": "e0393bf0-53c8-11ea-be5c-b88a60e194fb", "timestamp": "2020-02-07T14:57:19.000Z", "eventType": "transaction", "_adobeamericaspot3": {"CRMID": "crmid:2738293531", "orderDetails": {"orderID": "orderid:549119", "reservationid": "DQV-13LP", "orderType": "website"}}}
{"_id": "e03a4d40-53c8-11ea-81d4-b88a60e194fb", "timestamp": "2020-01-12T22:36:20.000Z", "eventType": "transaction", "_adobeamericaspot3": {"CRMID": "crmid:4783506794", "orderDetails": {"orderID": "orderid:869395", "reservationid": "TSO-QGZA", "orderType": "website"}}}
{"_id": "e03b3798-53c8-11ea-93ff-b88a60e194fb", "timestamp": "2019-12-01T09:56:19.000Z", "eventType": "transaction", "_adobeamericaspot3": {"CRMID": "crmid:1023327242", "orderDetails": {"orderID": "orderid:925195", "reservationid": "JOP-HYCK", "orderType": "service desk"}}}
{"_id": "e03bfae2-53c8-11ea-b256-b88a60e194fb", "timestamp": "2020-01-11T11:44:50.000Z", "eventType": "transaction", "_adobeamericaspot3": {"CRMID": "crmid:3920898615", "orderDetails": {"orderID": "orderid:676053", "reservationid": "ZDC-4RSI", "orderType": "website"}}}
{"_id": "e03ce552-53c8-11ea-ab02-b88a60e194fb", "timestamp": "2020-02-08T00:36:01.000Z", "eventType": "transaction", "_adobeamericaspot3": {"CRMID": "crmid:6973440821", "orderDetails": {"orderID": "orderid:987645", "reservationid": "ODN-GOIT", "orderType": "website"}}}
{"_id": "e03dcfa6-53c8-11ea-a940-b88a60e194fb", "timestamp": "2020-01-12T00:56:41.000Z", "eventType": "transaction", "_adobeamericaspot3": {"CRMID": "crmid:5499898407", "orderDetails": {"orderID": "orderid:893638", "reservationid": "KDD-I6WJ", "orderType": "call center"}}}
{"_id": "e03eba18-53c8-11ea-a464-b88a60e194fb", "timestamp": "2019-12-28T15:59:24.000Z", "eventType": "transaction", "_adobeamericaspot3": {"CRMID": "crmid:9120937509", "orderDetails": {"orderID": "orderid:911334", "reservationid": "W93-TQ2L", "orderType": "kiosk"}}}
{"_id": "e03f7d64-53c8-11ea-aa6c-b88a60e194fb", "timestamp": "2020-01-01T06:46:05.000Z", "eventType": "transaction", "_adobeamericaspot3": {"CRMID": "crmid:9738574263", "orderDetails": {"orderID": "orderid:521351", "reservationid": "I98-IAYF", "orderType": "call center"}}}
{"_id": "e04040a8-53c8-11ea-8a3d-b88a60e194fb", "timestamp": "2020-01-13T05:53:26.000Z", "eventType": "transaction", "_adobeamericaspot3": {"CRMID": "crmid:1101633814", "orderDetails": {"orderID": "orderid:461678", "reservationid": "4PQ-EKTJ", "orderType": "kiosk"}}}
{"_id": "e04103fa-53c8-11ea-95e1-b88a60e194fb", "timestamp": "2019-12-15T06:30:51.000Z", "eventType": "transaction", "_adobeamericaspot3": {"CRMID": "crmid:3125309486", "orderDetails": {"orderID": "orderid:408145", "reservationid": "P8N-M1PN", "orderType": "call center"}}}
{"_id": "e041ee62-53c8-11ea-b95b-b88a60e194fb", "timestamp": "2020-01-02T13:00:19.000Z", "eventType": "transaction", "_adobeamericaspot3": {"CRMID": "crmid:1191051155", "orderDetails": {"orderID": "orderid:355518", "reservationid": "NG2-B5VG", "orderType": "kiosk"}}}
{"_id": "e042d8be-53c8-11ea-8f7d-b88a60e194fb", "timestamp": "2019-12-05T07:46:58.000Z", "eventType": "transaction", "_adobeamericaspot3": {"CRMID": "crmid:1988150166", "orderDetails": {"orderID": "orderid:176088", "reservationid": "68C-EKD5", "orderType": "call center"}}}
{"_id": "e043ea28-53c8-11ea-b6c6-b88a60e194fb", "timestamp": "2020-01-06T09:07:37.000Z", "eventType": "transaction", "_adobeamericaspot3": {"CRMID": "crmid:2963887377", "orderDetails": {"orderID": "orderid:195676", "reservationid": "KIO-FLT2", "orderType": "call center"}}}
{"_id": "e044ad76-53c8-11ea-b958-b88a60e194fb", "timestamp": "2020-01-04T00:17:24.000Z", "eventType": "transaction", "_adobeamericaspot3": {"CRMID": "crmid:2595671525", "orderDetails": {"orderID": "orderid:341952", "reservationid": "PAD-VW1N", "orderType": "call center"}}}
{"_id": "e04570c0-53c8-11ea-8404-b88a60e194fb", "timestamp": "2020-01-26T21:33:18.000Z", "eventType": "transaction", "_adobeamericaspot3": {"CRMID": "crmid:7024029108", "orderDetails": {"orderID": "orderid:913777", "reservationid": "YVR-T6RO", "orderType": "call center"}}}
{"_id": "e0465b2c-53c8-11ea-94e0-b88a60e194fb", "timestamp": "2019-12-24T15:13:17.000Z", "eventType": "transaction", "_adobeamericaspot3": {"CRMID": "crmid:5944604076", "orderDetails": {"orderID": "orderid:546996", "reservationid": "KOB-3NLE", "orderType": "website"}}}
{"_id": "e0474590-53c8-11ea-af04-b88a60e194fb", "timestamp": "2020-02-04T21:28:52.000Z", "eventType": "transaction", "_adobeamericaspot3": {"CRMID": "crmid:7802234958", "orderDetails": {"orderID": "orderid:297411", "reservationid": "ZQ9-LSBT", "orderType": "kiosk"}}}
{"_id": "e0482fe8-53c8-11ea-beaf-b88a60e194fb", "timestamp": "2020-02-14T02:28:51.000Z", "eventType": "transaction", "_adobeamericaspot3": {"CRMID": "crmid:7050848785", "orderDetails": {"orderID": "orderid:384043", "reservationid": "W9Y-VKUM", "orderType": "call center"}}}
{"_id": "e048f338-53c8-11ea-9796-b88a60e194fb", "timestamp": "2019-12-13T23:07:00.000Z", "eventType": "transaction", "_adobeamericaspot3": {"CRMID": "crmid:5269916767", "orderDetails": {"orderID": "orderid:346508", "reservationid": "L3Q-UIO8", "orderType": "call center"}}}
{"_id": "e049b680-53c8-11ea-9bb9-b88a60e194fb", "timestamp": "2020-01-05T08:47:25.000Z", "eventType": "transaction", "_adobeamericaspot3": {"CRMID": "crmid:8909103755", "orderDetails": {"orderID": "orderid:253930", "reservationid": "JPZ-YZUP", "orderType": "website"}}}
{"_id": "e04aa0f0-53c8-11ea-9c5d-b88a60e194fb", "timestamp": "2019-12-28T02:38:54.000Z", "eventType": "transaction", "_adobeamericaspot3": {"CRMID": "crmid:1562593430", "orderDetails": {"orderID": "orderid:435670", "reservationid": "XT9-XFGF", "orderType": "website"}}}
{"_id": "e04b8b52-53c8-11ea-8c8f-b88a60e194fb", "timestamp": "2020-02-16T18:28:34.000Z", "eventType": "transaction", "_adobeamericaspot3": {"CRMID": "crmid:1390326245", "orderDetails": {"orderID": "orderid:956475", "reservationid": "15F-ROSG", "orderType": "kiosk"}}}
{"_id": "e04c9cba-53c8-11ea-98e2-b88a60e194fb", "timestamp": "2020-02-02T07:38:21.000Z", "eventType": "transaction", "_adobeamericaspot3": {"CRMID": "crmid:7471941994", "orderDetails": {"orderID": "orderid:324396", "reservationid": "GAQ-PYTN", "orderType": "kiosk"}}}
{"_id": "e04d8726-53c8-11ea-996f-b88a60e194fb", "timestamp": "2020-01-23T18:13:22.000Z", "eventType": "transaction", "_adobeamericaspot3": {"CRMID": "crmid:4931632926", "orderDetails": {"orderID": "orderid:107246", "reservationid": "WG8-Q5RY", "orderType": "website"}}}
{"_id": "e04e4a68-53c8-11ea-a57f-b88a60e194fb", "timestamp": "2020-01-16T19:34:18.000Z", "eventType": "transaction", "_adobeamericaspot3": {"CRMID": "crmid:6371659824", "orderDetails": {"orderID": "orderid:409380", "reservationid": "JED-0GST", "orderType": "kiosk"}}}
{"_id": "e04f0dc2-53c8-11ea-8617-b88a60e194fb", "timestamp": "2020-02-08T09:33:34.000Z", "eventType": "transaction", "_adobeamericaspot3": {"CRMID": "crmid:2982004003", "orderDetails": {"orderID": "orderid:779287", "reservationid": "5A4-LQ5D", "orderType": "mobile"}}}
{"_id": "e04ff824-53c8-11ea-84ed-b88a60e194fb", "timestamp": "2019-12-07T16:28:47.000Z", "eventType": "transaction", "_adobeamericaspot3": {"CRMID": "crmid:6888307867", "orderDetails": {"orderID": "orderid:976814", "reservationid": "KT1-RQ8Z", "orderType": "kiosk"}}}
{"_id": "e050e274-53c8-11ea-acf6-b88a60e194fb", "timestamp": "2020-01-10T19:50:40.000Z", "eventType": "transaction", "_adobeamericaspot3": {"CRMID": "crmid:2841699647", "orderDetails": {"orderID": "orderid:278209", "reservationid": "2DW-NUME", "orderType": "mobile"}}}
{"_id": "e051cce6-53c8-11ea-83c9-b88a60e194fb", "timestamp": "2020-01-21T04:34:44.000Z", "eventType": "transaction", "_adobeamericaspot3": {"CRMID": "crmid:2984676143", "orderDetails": {"orderID": "orderid:511193", "reservationid": "AYQ-CJFH", "orderType": "mobile"}}}
{"_id": "e0529026-53c8-11ea-8bf4-b88a60e194fb", "timestamp": "2020-01-19T18:19:30.000Z", "eventType": "transaction", "_adobeamericaspot3": {"CRMID": "crmid:1468910327", "orderDetails": {"orderID": "orderid:313439", "reservationid": "FV7-9YXI", "orderType": "call center"}}}
{"_id": "e0535376-53c8-11ea-ae86-b88a60e194fb", "timestamp": "2019-12-04T07:33:42.000Z", "eventType": "transaction", "_adobeamericaspot3": {"CRMID": "crmid:7484875785", "orderDetails": {"orderID": "orderid:855256", "reservationid": "RYY-T2SV", "orderType": "kiosk"}}}
{"_id": "e0537a88-53c8-11ea-93f6-b88a60e194fb", "timestamp": "2019-12-08T00:00:00.000Z", "eventType": "transaction", "_adobeamericaspot3": {"CRMID": "crmid:7484875785", "orderDetails": {"orderID": "orderid:620961", "reservationid": "VRT-QMYR", "orderType": "call center"}}}
{"_id": "e0543ddc-53c8-11ea-b9ad-b88a60e194fb", "timestamp": "2019-12-04T19:28:17.000Z", "eventType": "transaction", "_adobeamericaspot3": {"CRMID": "crmid:6876779741", "orderDetails": {"orderID": "orderid:678868", "reservationid": "PGV-ZAPE", "orderType": "kiosk"}}}
{"_id": "e0557664-53c8-11ea-8cfe-b88a60e194fb", "timestamp": "2019-12-03T07:28:39.000Z", "eventType": "transaction", "_adobeamericaspot3": {"CRMID": "crmid:6102942135", "orderDetails": {"orderID": "orderid:576828", "reservationid": "FD8-HUFI", "orderType": "kiosk"}}}
{"_id": "e05687d2-53c8-11ea-8c56-b88a60e194fb", "timestamp": "2019-12-26T05:50:11.000Z", "eventType": "transaction", "_adobeamericaspot3": {"CRMID": "crmid:7464110330", "orderDetails": {"orderID": "orderid:229558", "reservationid": "GQU-MEC9", "orderType": "mobile"}}}
{"_id": "e0577222-53c8-11ea-856a-b88a60e194fb", "timestamp": "2020-01-06T22:35:04.000Z", "eventType": "transaction", "_adobeamericaspot3": {"CRMID": "crmid:1252629150", "orderDetails": {"orderID": "orderid:244261", "reservationid": "A5O-ZKZB", "orderType": "call center"}}}
{"_id": "e0583586-53c8-11ea-8fb6-b88a60e194fb", "timestamp": "2019-12-15T04:23:17.000Z", "eventType": "transaction", "_adobeamericaspot3": {"CRMID": "crmid:8346504478", "orderDetails": {"orderID": "orderid:330081", "reservationid": "9DZ-PJ7P", "orderType": "mobile"}}}
{"_id": "e058f8d8-53c8-11ea-86ce-b88a60e194fb", "timestamp": "2020-01-19T04:35:33.000Z", "eventType": "transaction", "_adobeamericaspot3": {"CRMID": "crmid:7125948803", "orderDetails": {"orderID": "orderid:889480", "reservationid": "BLM-16CH", "orderType": "mobile"}}}
{"_id": "e059e32e-53c8-11ea-8f88-b88a60e194fb", "timestamp": "2019-12-31T06:18:40.000Z", "eventType": "transaction", "_adobeamericaspot3": {"CRMID": "crmid:8252759296", "orderDetails": {"orderID": "orderid:905019", "reservationid": "ONM-P595", "orderType": "website"}}}
{"_id": "e05aa680-53c8-11ea-b12a-b88a60e194fb", "timestamp": "2019-12-25T21:38:52.000Z", "eventType": "transaction", "_adobeamericaspot3": {"CRMID": "crmid:5011562153", "orderDetails": {"orderID": "orderid:265754", "reservationid": "CWT-3CXF", "orderType": "call center"}}}
{"_id": "e05b69c2-53c8-11ea-98a9-b88a60e194fb", "timestamp": "2020-01-05T02:29:09.000Z", "eventType": "transaction", "_adobeamericaspot3": {"CRMID": "crmid:2820472834", "orderDetails": {"orderID": "orderid:441954", "reservationid": "DHU-XT8H", "orderType": "call center"}}}
{"_id": "e05c2d1c-53c8-11ea-beab-b88a60e194fb", "timestamp": "2020-01-06T22:18:01.000Z", "eventType": "transaction", "_adobeamericaspot3": {"CRMID": "crmid:7491076152", "orderDetails": {"orderID": "orderid:991322", "reservationid": "7KK-SYWI", "orderType": "kiosk"}}}
{"_id": "e05cf06e-53c8-11ea-a760-b88a60e194fb", "timestamp": "2019-12-22T22:53:46.000Z", "eventType": "transaction", "_adobeamericaspot3": {"CRMID": "crmid:7106201283", "orderDetails": {"orderID": "orderid:277679", "reservationid": "5WI-GC8W", "orderType": "call center"}}}
{"_id": "e05ddad2-53c8-11ea-9899-b88a60e194fb", "timestamp": "2019-12-02T17:19:28.000Z", "eventType": "transaction", "_adobeamericaspot3": {"CRMID": "crmid:8535414107", "orderDetails": {"orderID": "orderid:998872", "reservationid": "LYZ-UKDR", "orderType": "kiosk"}}}
{"_id": "e05eec3a-53c8-11ea-bab7-b88a60e194fb", "timestamp": "2020-01-05T22:53:50.000Z", "eventType": "transaction", "_adobeamericaspot3": {"CRMID": "crmid:3931591053", "orderDetails": {"orderID": "orderid:120048", "reservationid": "RPP-NVJR", "orderType": "website"}}}
{"_id": "e05faf88-53c8-11ea-bffb-b88a60e194fb", "timestamp": "2019-12-15T07:18:42.000Z", "eventType": "transaction", "_adobeamericaspot3": {"CRMID": "crmid:2564884955", "orderDetails": {"orderID": "orderid:410792", "reservationid": "GES-DKTW", "orderType": "mobile"}}}
{"_id": "e060e800-53c8-11ea-8d81-b88a60e194fb", "timestamp": "2020-01-23T13:05:07.000Z", "eventType": "transaction", "_adobeamericaspot3": {"CRMID": "crmid:9118338807", "orderDetails": {"orderID": "orderid:340770", "reservationid": "EES-FG10", "orderType": "call center"}}}
{"_id": "e061d26c-53c8-11ea-ac45-b88a60e194fb", "timestamp": "2020-01-28T07:51:16.000Z", "eventType": "transaction", "_adobeamericaspot3": {"CRMID": "crmid:9343821597", "orderDetails": {"orderID": "orderid:524645", "reservationid": "YJA-F2BA", "orderType": "service desk"}}}
{"_id": "e062bd8a-53c8-11ea-bfe1-b88a60e194fb", "timestamp": "2020-01-18T08:54:51.000Z", "eventType": "transaction", "_adobeamericaspot3": {"CRMID": "crmid:6783184033", "orderDetails": {"orderID": "orderid:999061", "reservationid": "FE2-IBFP", "orderType": "call center"}}}
{"_id": "e063a726-53c8-11ea-b531-b88a60e194fb", "timestamp": "2020-01-10T16:30:25.000Z", "eventType": "transaction", "_adobeamericaspot3": {"CRMID": "crmid:5037233858", "orderDetails": {"orderID": "orderid:837741", "reservationid": "Q2K-NOLI", "orderType": "website"}}}
{"_id": "e0649192-53c8-11ea-b79c-b88a60e194fb", "timestamp": "2020-02-16T09:39:19.000Z", "eventType": "transaction", "_adobeamericaspot3": {"CRMID": "crmid:1667391966", "orderDetails": {"orderID": "orderid:800467", "reservationid": "DWR-EA0W", "orderType": "website"}}}
{"_id": "e0657bfa-53c8-11ea-941b-b88a60e194fb", "timestamp": "2020-01-22T14:50:10.000Z", "eventType": "transaction", "_adobeamericaspot3": {"CRMID": "crmid:3287421607", "orderDetails": {"orderID": "orderid:562679", "reservationid": "CLY-5TIU", "orderType": "website"}}}
