crmid,email,first_name,last_name,gender,mobile telephone,city,country,zip,state,street address,birthday,historicalpoints
crmid:6469184870,shrimp2067@live.com,Mirella,Farrell,female,215-207-8536,East St. Louis,United States,92252,Delaware,1121 Harper,1957-06-09,1184
crmid:4083403673,exploiters1931@outlook.com,Vernon,Dyer,male,596-756-4830,Petersburg,United States,02906,Colorado,1286 Tacoma,1937-09-09,2752
crmid:5433916850,jetteau1948@live.com,Marvin,Hickman,,178-036-5308,Oklahoma City,United States,32568,Nebraska,502 Serrano,1977-05-19,915
crmid:1865265863,dayton1944@outlook.com,Donte,Abbott,male,895-913-0312,Brookings,United States,70053,North Dakota,236 Jarboe,1942-12-06,2566
crmid:4013597420,racker1811@outlook.com,Roland,Guthrie,,029-982-8340,South Burlington,United States,93834,Oregon,48 Miller,1970-02-11,2894
crmid:1353099146,rhamnus1940@yahoo.com,Keira,Bell,female,484-534-0309,Euless,United States,52944,Colorado,833 Delancey,1960-10-25,2228
crmid:2567359346,mechanic1891@live.com,Setsuko,Montgomery,female,555-205-3213,Darien,United States,46998,Oklahoma,625 Exeter,1953-08-20,434
crmid:4874513321,cithara1984@yahoo.com,Douglas,Decker,,986-454-2565,Jamestown,United States,82120,Mississippi,114 Homestead,1975-04-01,2161
crmid:6922889050,sponge1892@yandex.com,Florance,Morton,female,820-524-8000,Emporia,United States,66689,Montana,1137 Legion Of Honor,1959-11-24,835
crmid:4996730626,starfish1836@yandex.com,Kraig,Pace,,891-368-2042,West St. Paul,United States,78788,Oklahoma,1393 Mckinley,1970-08-25,2432
crmid:6258460870,paterero2038@outlook.com,Moses,Hale,male,537-093-3305,Carlisle,United States,63957,Washington,1059 Sumner,1944-11-14,2914
crmid:9020752307,corporeal2055@yandex.com,Jacinto,Garza,,528-062-3062,Hesperia,United States,27269,Massachusetts,1021 Franklin,1971-04-19,379
crmid:3346428683,etherize2001@yahoo.com,Elden,Beasley,,198-725-4778,Lancaster,United States,93493,Montana,616 Fort Funston,1980-12-10,1854
crmid:9073938118,strepsiceros1901@yandex.com,Frederick,Carlson,male,412-674-7573,Berea,United States,27514,Delaware,573 Ivy,1938-04-05,2054
crmid:9882081246,feminist1915@gmail.com,Elmer,Dickson,,553-223-5113,Twentynine Palms,United States,77556,Vermont,371 Sturgeon,1986-12-26,1516
crmid:8786793200,solitude1909@live.com,Sammy,Compton,male,868-854-4048,Atascadero,United States,53286,Montana,949 Rhode Island,1934-09-07,612
crmid:8314854889,tironian1960@gmail.com,Adan,Spencer,,687-836-5303,San Dimas,United States,43408,Arkansas,845 Lucy,1989-11-10,1629
crmid:3307315332,undescendent1960@gmail.com,Carter,Meyer,male,217-692-7139,Olive Branch,United States,06183,Connecticut,230 Kezar,1942-02-20,2350
crmid:7737581619,bider2009@yahoo.com,Arianne,Gillespie,female,166-940-2781,Xenia,United States,20349,Georgia,1005 Avalon,1957-09-01,474
crmid:8146363774,uneffusing1885@gmail.com,Nathanial,Phelps,,837-498-2112,Revere,United States,64397,Michigan,49 Elk,1981-08-07,648
crmid:6261843020,metaluminic1875@gmail.com,Korey,Barrera,,779-325-8339,Winter Haven,United States,33700,Idaho,101 Dodge,1979-05-11,1809
crmid:9615349576,amstutz1974@outlook.com,Malik,Whitley,male,695-102-2634,Belleville,United States,35593,Utah,589 Kohler,1937-07-31,1059
crmid:3611884594,cercopithecus1886@gmail.com,Anibal,Huffman,male,440-303-1947,Cary,United States,09414,New Hampshire,311 Cambon,1945-01-15,1010
crmid:7309588144,balser1909@gmail.com,Vincenzo,Myers,,281-075-3540,Riviera Beach,United States,44496,Hawaii,1161 Gladeview,1985-10-13,323
crmid:7513550084,lawing1830@gmail.com,Everett,Mercer,,417-589-8768,Long Branch,United States,10966,Missouri,892 Bonita,1984-02-29,1717
crmid:8579398774,batteries1871@yahoo.com,Duncan,Crawford,male,571-733-1249,Ankeny,United States,85198,Florida,629 Terra Vista,1932-10-26,1555
crmid:5470535424,arsenium1828@yahoo.com,Ulysses,Flowers,,944-540-9231,O'Fallon,United States,36355,Massachusetts,115 Battery,1974-11-22,2324
crmid:7473918793,corvo1905@yandex.com,Maye,May,female,882-751-5631,Rosemead,United States,82560,Rhode Island,40 Jefferson,1958-06-18,387
crmid:9979732419,carnations2038@outlook.com,Yaeko,Schwartz,female,407-785-1153,Winter Garden,United States,25747,Alabama,1034 Willard,1958-09-26,2420
crmid:8984612402,inspired2067@live.com,Rex,Carroll,male,567-667-4986,Battle Creek,United States,61497,Florida,126 Zeno,1936-11-15,1865
crmid:3845520495,escudero1951@gmail.com,Nelson,Hamilton,,172-025-8727,Mooresville,United States,90402,Florida,608 Kaplan,1993-04-03,2489
crmid:6466054484,engle1895@yandex.com,Lionel,Head,,343-060-1735,Superior,United States,88423,Georgia,383 Pierce,1984-07-13,2854
crmid:2590869808,cottontail1838@live.com,Trevor,Ortiz,,146-850-2948,Washington,United States,86258,South Dakota,1146 Byron,1972-10-02,1844
crmid:8469594847,cagatay1906@gmail.com,Columbus,Rodgers,male,242-107-7773,Scarsdale,United States,07182,New Jersey,431 Aladdin,1935-02-25,1729
crmid:2728003434,antinome1986@yahoo.com,Edwin,Donovan,,680-769-3619,Fort Collins,United States,70992,Kentucky,1321 Museum,1963-09-02,1910
crmid:1883332788,yoks2007@live.com,Wayne,Henderson,,439-518-1282,Winter Park,United States,73043,New Hampshire,27 Perry,1976-10-03,1581
crmid:8606411925,baccalaureate2047@gmail.com,Johnathan,Rowland,,536-590-6999,Mesa,United States,68630,New Mexico,1239 Via Bufano,1989-11-08,706
crmid:3854877352,cassondra1898@gmail.com,Hiram,Wilcox,,055-820-1456,Houma,United States,38985,Wisconsin,393 Vara,1973-06-04,724
crmid:5144058852,launce1844@live.com,Angelo,Sloan,,116-963-5295,Wichita Falls,United States,79208,Nebraska,1251 Carter,1976-12-09,2392
crmid:7414123766,leghorn1956@live.com,Loris,Bright,female,088-409-8515,Yorkville,United States,57155,South Dakota,1072 Richardson,1998-04-23,2908
crmid:8834302943,eastland1911@live.com,Burt,Ashley,male,950-075-1657,Brentwood,United States,07894,California,1227 Circular,1941-02-01,782
crmid:3297131878,cottontail2012@yandex.com,Columbus,Johnston,male,272-429-8159,Atlanta,United States,17621,Vermont,637 Isola,1934-02-15,2562
crmid:3509600146,bibiri1923@yahoo.com,Darwin,Atkins,male,938-550-4007,Rancho Cordova,United States,06703,Kansas,819 Wisser,1938-11-20,1300
crmid:7438940517,castles1836@outlook.com,Bev,Ballard,female,676-858-9263,Charlotte,United States,09860,Tennessee,1376 Shawnee,1946-01-02,714
crmid:3249393142,blisters1906@outlook.com,Tyron,Moreno,,533-434-2879,Fort Pierce,United States,78766,Oklahoma,1 Genebern,1963-12-16,1392
crmid:2647358515,cynicalness2027@yandex.com,Wilton,Shepard,,731-769-5474,Salem,United States,86652,Michigan,912 Hernandez,1979-11-22,2160
crmid:2828259227,muumuu1935@yandex.com,Alton,O'neal,,904-460-2240,Kaysville,United States,53165,Florida,116 Morton,1976-09-30,2331
crmid:6087284149,huddled2022@live.com,Dave,Russell,,325-310-7182,Turlock,United States,97107,Connecticut,841 Reuel,1962-12-27,1589
crmid:3602296845,achira1868@outlook.com,Rashad,Guerra,male,768-151-4975,Atwater,United States,83217,Utah,240 Starview,1934-08-12,2224
crmid:5954494138,brachydiagonal1972@outlook.com,Willian,Logan,,238-018-0562,Hanford,United States,60856,Vermont,1066 Mcdowell,1969-11-27,653
crmid:5274944035,earring1934@outlook.com,Giovanni,White,male,363-586-9208,Bowie,United States,25574,Florida,1248 Oak,1940-04-18,826
crmid:5823044255,aporia2010@gmail.com,Alvaro,Rich,,727-355-7407,O'Fallon,United States,48276,Indiana,337 Hudson,1982-06-28,1672
crmid:7969165567,woofs1806@live.com,Lane,Buchanan,,942-972-4745,Fort Pierce,United States,10143,Washington,522 Peru,1963-03-05,1532
crmid:1956898482,trabecularism1826@yahoo.com,Guy,Tran,,447-290-9091,Moline,United States,47885,Maryland,854 Pilgrim,1992-08-09,1688
crmid:5035919634,verbiages2013@yahoo.com,Asa,Norton,,358-939-2178,Mineola,United States,39024,Massachusetts,1134 Edie,1991-07-05,1488
crmid:8310864875,funambulatory1986@outlook.com,Leland,Mckay,,692-411-9510,Kennewick,United States,89897,Illinois,1199 Mint,1977-10-30,655
crmid:9118882776,demijohn1905@outlook.com,Lenard,Simmons,male,424-725-8439,Waterbury,United States,13652,New Hampshire,415 Onique,1943-11-12,1553
crmid:2863109958,trust1928@gmail.com,Mckinley,Miles,male,188-701-8598,Pasadena,United States,83745,West Virginia,648 Emery,1941-07-20,1652
crmid:8859716867,atlantis1836@outlook.com,Randall,Douglas,,697-384-2598,Wake Forest,United States,47082,Indiana,679 Brunswick,1990-04-23,2041
crmid:5464112953,unsobering1875@yandex.com,Brian,Wilson,male,795-005-2207,Campbell,United States,79659,Wisconsin,546 Mcnair,1944-02-08,1042
crmid:7856472654,cowtail1846@live.com,Kazuko,Hyde,female,207-214-5870,Cypress,United States,24763,Oklahoma,1321 Arkansas,1952-05-15,1916
crmid:2803709518,heiress1963@yandex.com,Ernie,Watkins,,305-900-4127,Hammond,United States,88801,Idaho,326 Maddux,1969-01-29,1197
crmid:4575742652,suffixal1877@live.com,Arron,Randolph,,394-903-5809,Muncie,United States,23768,Nevada,968 Bank,1994-05-11,2920
crmid:8000576680,nondenotative1938@yahoo.com,Billye,Norton,female,840-591-5554,North Olmsted,United States,26249,Tennessee,1110 Briarcliff,1999-04-02,2393
crmid:9093337451,overbrush1831@outlook.com,Paris,Nieves,female,535-829-9720,Socorro,United States,26599,Arkansas,1206 Spruce,1957-07-21,928
crmid:2817968283,bulanda2031@live.com,Carie,Turner,female,864-324-3406,The Colony,United States,55042,Pennsylvania,819 Fifth,1954-02-15,1527
crmid:8917236177,megaloenteron2057@yahoo.com,Scottie,Miranda,,337-723-2123,Hampton,United States,96066,Vermont,1029 Woodhaven,1969-01-22,2414
crmid:5255831500,curlew2057@live.com,Alvin,Rich,,471-399-4631,Milwaukee,United States,77497,Montana,1209 Oceanview,1991-04-26,836
crmid:5651606446,bibiri1924@yahoo.com,Danyell,Chavez,female,466-417-9900,Raymore,United States,21494,Vermont,1376 Quartz,1958-02-06,1292
crmid:6387217821,atman2012@yandex.com,Jacquiline,Gentry,female,385-958-3321,Chickasha,United States,21438,Oklahoma,883 Wallace,1947-04-11,1088
crmid:3819400016,neuropathical1979@yandex.com,Angel,Wagner,,433-016-9082,Lindenhurst,United States,17891,Tennessee,606 Minnesota,1983-03-02,415
crmid:3213124917,antelope1991@outlook.com,Gerry,Rosario,male,247-328-0858,Aiken,United States,28583,Iowa,991 Midcrest,1930-04-25,1146
crmid:3500790725,asperates1859@gmail.com,Angelyn,Allison,female,503-062-4324,Cincinnati,United States,01154,Utah,40 Loehr,1947-01-01,1266
crmid:8682413235,influenzic2005@gmail.com,Lanie,Cochran,female,632-464-6871,South Milwaukee,United States,52205,Montana,1327 Lassen,1997-04-28,2586
crmid:7606795144,depicting1938@outlook.com,Ali,Booth,,703-064-3150,Gardner,United States,55600,Colorado,555 Lower,1965-09-13,675
crmid:8646712449,heft2023@yahoo.com,Jamie,Mitchell,,019-481-8903,Gloucester,United States,99739,South Carolina,29 Magellan,1966-06-26,2027
crmid:4833807555,aichmophobia2005@outlook.com,Bronwyn,Garner,female,033-269-8525,Claremont,United States,06840,Michigan,467 Oneida,1947-01-11,2701
crmid:3496037240,norms1829@outlook.com,Vernon,Barnes,female,466-506-4432,Elk Grove,United States,58743,Mississippi,1203 Fitch,1959-09-02,1007
crmid:1650290807,epigrammatic1897@live.com,Cruz,Boyle,,572-975-2988,Middletown,United States,22084,Indiana,499 Athens,1990-04-07,681
crmid:7773319847,horsiest1935@gmail.com,Alexander,Tran,,389-191-4914,Hudson,United States,65060,Kentucky,985 Mirabel,1973-11-07,2195
crmid:2883702084,athelia1919@live.com,Wendell,Larson,,663-079-7261,Monroe,United States,40757,Massachusetts,640 Poplar,1992-08-29,2386
crmid:3122059351,earles2047@yahoo.com,Jesus,Cooke,female,466-223-9577,Park Ridge,United States,72384,Montana,614 Glenhaven,1955-04-07,2034
crmid:8735316228,cupholder1973@outlook.com,Cruz,Berger,male,565-122-9139,Berkeley,United States,60567,Michigan,1134 Vermont,1938-11-04,1289
crmid:8201347280,labrus1809@live.com,Claud,Jennings,male,674-586-5335,San Pablo,United States,04396,Wyoming,1066 Raleigh,1941-02-15,1670
crmid:7419530433,sulphine1994@yahoo.com,Apryl,Silva,female,316-222-1739,Elkhart,United States,03331,Tennessee,476 Hillside,1959-01-27,2959
crmid:2636400860,dunks2035@live.com,Aubrey,Reese,male,589-171-1583,Atlanta,United States,04458,Hawaii,388 Trader Vic,1934-01-24,974
crmid:1812291761,wingseed1909@yandex.com,Donetta,Duran,female,117-339-0165,Euclid,United States,11572,Georgia,188 Dawson,1960-03-09,2389
crmid:4024537271,culebra1979@live.com,Kristofer,Vaughn,male,328-939-6802,Buckeye,United States,69433,Kentucky,118 Northpoint,1942-12-11,1361
crmid:6714776820,seaward1938@yandex.com,Wesley,Burton,female,942-842-1009,Renton,United States,55194,New York,515 Balhi,1953-09-04,2298
crmid:8949684767,loads1852@yahoo.com,Indira,Dalton,female,773-057-4486,Erie,United States,82317,Georgia,301 Monte Vista,1960-04-07,1886
crmid:2810377421,decadactylous1818@gmail.com,Nicolasa,Herring,female,088-837-0567,Walnut Creek,United States,86447,New Jersey,312 Arlington,1959-10-13,990
crmid:3164080616,bihai2014@live.com,Chance,Ramos,male,758-500-6879,Barnstable Town,United States,04805,Iowa,24 Thor,1936-02-24,1410
crmid:6838839039,cotys2021@yandex.com,Stefan,Burton,,539-102-1248,Stevens Point,United States,70717,Washington,1069 Reno,1975-02-10,1765
crmid:9263387491,mediatorial1999@yandex.com,Sal,Hogan,,128-831-7172,Pasco,United States,84551,New York,109 Osage,1970-07-08,2535
crmid:7605172970,unzips2005@live.com,Antonio,Martinez,,769-578-9175,Hesperia,United States,23084,Montana,773 Steveloe,1971-04-11,1046
crmid:4005824449,ballistae2025@yandex.com,Oswaldo,O'connor,,234-536-6988,Richmond,United States,47461,New Hampshire,458 Davenport,1986-07-23,1451
crmid:1406523344,pooled1809@outlook.com,Chassidy,Craig,female,956-710-5661,Fairview Heights,United States,08786,Louisiana,1021 Ashburton,1961-02-07,1645
crmid:1422225158,bidden1994@yandex.com,Trenton,Orr,male,660-701-4335,Tampa,United States,60673,Florida,203 Chatham,1940-09-22,1321
crmid:5577504594,turtle2054@yandex.com,Oren,Evans,,816-936-8737,Norco,United States,45415,New York,240 Cervantes,1998-08-01,2626
crmid:4740084863,levied2010@yandex.com,Roland,Hurst,,072-937-4314,Lakeland,United States,22424,South Dakota,699 Glenhaven,1980-04-07,2676
crmid:3853732287,cajaput1815@gmail.com,Dewey,Sexton,male,826-589-9095,Bedford,United States,68896,Massachusetts,526 Palmetto,1937-11-21,1066
crmid:1117236462,fiction1964@yahoo.com,Johnathon,Clarke,,523-319-7474,Hialeah,United States,08173,Minnesota,761 Maiden,1971-02-26,1050
crmid:5717256178,lawless1896@live.com,Isreal,Mcneil,male,102-639-3170,Casselberry,United States,85659,Kansas,489 Mountain Spring,1945-05-20,815
crmid:9931537447,enciphered1955@yahoo.com,Ethan,Buchanan,,325-698-5922,Lisle,United States,60199,Delaware,620 Linares,1983-11-09,1420
crmid:7257364855,kabistan2038@live.com,Stacy,Morales,,662-648-7182,McAlester,United States,07949,Vermont,570 Glenbrook,1988-02-06,1056
crmid:1091810622,acute1945@live.com,Kaycee,Barton,female,496-598-7051,Chickasha,United States,26452,New Hampshire,427 Overlook,1947-05-02,553
crmid:1803817439,anabel1929@yandex.com,Markus,Mosley,,078-645-5054,Hemet,United States,04681,Kentucky,5 Battery Blaney,1971-01-11,1739
crmid:8086507407,mixers1826@yandex.com,Faustino,Morse,,060-369-2080,Keller,United States,37762,Rhode Island,1240 Bernice,1977-07-08,448
crmid:1352451109,chromomere1880@yandex.com,Melissia,Foley,female,960-473-3147,Cocoa,United States,56325,Utah,1376 Lakeview,1949-09-21,1175
crmid:2231008673,coward1986@live.com,Carey,Dillon,,099-572-7764,Longmont,United States,45799,Kansas,22 Reposa,1984-08-06,1864
crmid:7869957477,starlessly1877@live.com,Merlyn,Williams,female,452-377-2599,Cookeville,United States,69453,Wyoming,529 Yorba,1950-10-12,1617
crmid:8208649502,breton1912@outlook.com,Jack,Good,male,893-496-4589,Barberton,United States,28828,Oregon,305 Nautilus,1936-05-11,1085
crmid:1503860885,enneateric1888@gmail.com,Darrin,Holmes,,308-646-2916,Kinston,United States,07409,Ohio,1228 Liebig,1978-01-15,510
crmid:8383581835,sittidae2021@gmail.com,Leif,Joseph,,935-790-7029,Holladay,United States,13641,Nevada,1217 Mcrae,1972-03-02,1866
crmid:6524460211,edsel1821@gmail.com,Don,Riddle,,519-351-7696,Yorkville,United States,31878,Tennessee,128 Bay View,1975-02-05,2348
crmid:2219746083,slewer1885@yahoo.com,Ken,Washington,male,767-086-9295,Carlsbad,United States,32176,West Virginia,649 Alpine,1944-06-30,1173
crmid:5125260562,elgar1889@live.com,Tatyana,Blanchard,female,875-100-2774,Wilson,United States,87476,West Virginia,384 Eugenia,1949-12-31,2972
crmid:1383174704,hemimetabola2059@outlook.com,Marlin,Hansen,male,437-179-2120,Berwyn,United States,35543,Wyoming,395 El Camino Del Mar,1938-07-12,564
crmid:5330287655,citral2033@yahoo.com,Orville,Hardy,,508-613-3011,Palmetto Bay,United States,49043,New Jersey,128 Valletta,1983-08-01,1124
crmid:9990288698,electrodesiccation2064@outlook.com,Gene,Patel,male,124-944-1096,Weatherford,United States,61955,Idaho,589 Piper,1999-02-08,1182
crmid:2808179606,charlotte1971@outlook.com,Carey,Douglas,,342-909-2115,Hoover,United States,54830,Kansas,688 Newell,1973-09-17,1511
crmid:5508111559,aggression1978@live.com,Austin,Ochoa,female,799-368-0098,Villa Park,United States,66675,Nevada,763 Silverview,1950-11-02,1052
crmid:3670471909,vulgarian2045@outlook.com,Jayson,Carlson,,192-627-2652,Ridgeland,United States,90612,New Mexico,215 Loma Vista,1973-02-12,1714
crmid:6729332038,emerized2062@yahoo.com,Brad,Shannon,,534-961-2882,Novi,United States,22025,South Dakota,629 Walker,1967-06-09,2673
crmid:4616261965,abnormal1876@yahoo.com,Juan,Petty,,192-600-5391,Homer Glen,United States,19778,Virginia,1170 Mercury,1972-03-25,2836
crmid:5160372737,unlibellously1846@yandex.com,Francesco,Haney,,570-478-7676,Glen Cove,United States,99528,California,57 Castle Manor,1966-07-26,976
crmid:7125129300,edifier1841@yandex.com,Raul,Mclaughlin,male,302-654-2206,Auburn Hills,United States,94251,Arizona,478 Hawes,1934-12-15,814
crmid:7643011496,bulbilla1835@yahoo.com,Marhta,Andrews,female,196-408-4022,Stow,United States,29030,Georgia,939 Agnon,1957-10-30,362
crmid:9727706302,couchy2000@gmail.com,Dannie,Bean,,516-612-1609,Helena,United States,97197,Delaware,77 Bertie Minor,1970-12-04,862
crmid:8041902109,pseudonym1861@live.com,Josh,Bright,,998-778-8965,Miamisburg,United States,98513,New Mexico,245 Marine,1990-04-29,940
crmid:9743314815,amphithuron1837@outlook.com,Adolph,Hanson,male,488-733-8394,Redlands,United States,51300,North Carolina,812 Merrimac,1996-11-04,2043
crmid:1986547297,uncolourable1896@live.com,Karl,Mejia,female,436-278-9513,Cutler Bay,United States,55729,Nevada,1333 Liberty,1952-10-08,528
crmid:4376755483,coquillage1873@live.com,Raleigh,Peck,,544-323-8893,Laguna Woods,United States,18856,Wisconsin,492 Denslowe,1979-02-28,1993
crmid:3948155616,eidetic1891@yahoo.com,Jerry,Cole,,294-362-1156,Suffolk,United States,38311,Minnesota,1394 Exeter,1971-11-27,2809
crmid:6840254578,kilometrage2030@yahoo.com,Rafael,Ellison,male,507-491-3842,Calexico,United States,42945,Alabama,996 Battery Dynamite,1943-08-09,1933
crmid:4545752260,mastoid2016@gmail.com,Alfonso,Pierce,,347-972-5887,Weston,United States,75100,California,716 Putnam,1971-09-02,476
crmid:5467225509,vomer1861@outlook.com,Ernie,Faulkner,male,132-227-4133,Sunnyvale,United States,02433,Maryland,541 Gellert,1936-04-09,1277
crmid:4469070377,agnomen1980@live.com,Hans,Beach,male,117-446-9325,Agoura Hills,United States,60689,Rhode Island,478 Mizpah,1930-11-08,397
crmid:2497697421,russet2063@yahoo.com,Barry,Marshall,,635-614-5310,Weatherford,United States,55350,Louisiana,1252 Thornton,1999-09-19,770
crmid:2744170901,quinamine1959@yandex.com,Jonas,Burnett,male,694-038-4502,Carson City,United States,31536,Arizona,125 Reservoir,1944-06-04,2919
crmid:9009981090,chores1838@outlook.com,Antwan,Simmons,male,093-984-2412,Cape Girardeau,United States,89810,Colorado,664 Golden,1944-01-27,703
crmid:4922315831,donkey1812@yandex.com,Frankie,Gardner,,441-087-1923,Lake in the Hills,United States,23210,New York,356 Ralston,1980-04-08,601
crmid:3809962215,subspace2027@yahoo.com,Karoline,Burnett,female,520-416-1208,Upper Arlington,United States,62163,New Hampshire,1051 Piedmont,1958-05-04,1746
crmid:9870177087,sciomachiology1808@gmail.com,Ian,Jordan,male,847-128-8120,Bettendorf,United States,84502,New Mexico,226 Guerrero,1938-05-16,551
crmid:5377599760,chrysops1941@live.com,Berry,Pickett,,238-812-8229,White Plains,United States,31676,Louisiana,588 Costa,1973-06-04,1443
crmid:3618782350,douping1845@gmail.com,Chang,Haley,,126-173-0323,La Habra,United States,02007,Washington,393 Clarion,1978-01-19,2988
crmid:3343081409,wafer1803@yahoo.com,Emory,Hull,male,123-563-0705,Cathedral City,United States,91395,Oklahoma,550 Fisher,1945-04-15,675
crmid:9719814385,index1942@gmail.com,Lynwood,Howe,,474-561-4374,Mount Vernon,United States,47194,Texas,207 Kate,1994-08-26,2329
crmid:9284874404,nuanced2018@live.com,Bryan,Ortiz,,914-299-6151,Mankato,United States,88680,Missouri,1201 Addison,1986-05-29,1101
crmid:8023095426,chromatics1998@yandex.com,Benito,Mcbride,male,655-419-6711,Bellflower,United States,85636,Ohio,867 Oak Hills,1937-01-19,2931
crmid:1952911279,haplome1981@live.com,Vicente,Perry,,689-021-6804,Harrison,United States,85347,South Dakota,976 Winfield,1970-10-27,987
crmid:1341710150,deere1929@gmail.com,Danae,Kemp,female,916-679-9489,Denton,United States,10291,Vermont,1309 Dodge,1954-02-16,1528
crmid:9146961686,pyrrhic1994@outlook.com,Jimmy,Lancaster,female,731-448-1072,East Orange,United States,25537,Maryland,242 Barnard,1957-04-17,1268
crmid:9066865023,barrels2057@gmail.com,Arlen,Sharp,,173-428-7316,Issaquah,United States,67983,Michigan,1181 Elk,1975-11-06,1072
crmid:9017840910,redissolubleness2019@gmail.com,Waldo,Hayes,,285-630-4927,San Juan,United States,87670,Washington,801 Wyman,1986-01-11,873
crmid:4299619022,chalon1800@yahoo.com,Duane,Freeman,,453-303-0082,Lehi,United States,85312,Ohio,848 Acorn,1982-09-20,2761
crmid:9880231832,asbestosis1801@gmail.com,Chris,Shaw,male,125-573-9626,Atlanta,United States,01012,Oklahoma,1121 Rodgers,1934-02-27,2921
crmid:6914747519,blotlessness2052@outlook.com,Marylouise,Herring,female,574-329-2858,Champaign,United States,35954,Vermont,308 Pleasant,1946-06-13,1896
crmid:7083224541,cannibals1936@yandex.com,Anton,Atkins,,857-706-7704,Maricopa,United States,06081,Arkansas,813 Jansen,1987-01-04,922
crmid:1358770957,incognitos1932@yandex.com,Aldo,Castaneda,,648-419-0808,Jeffersonville,United States,83017,Kentucky,886 Lawton,1975-04-11,1832
crmid:1534804086,isopoda1874@gmail.com,Arnulfo,Harding,,914-325-6443,Mentor,United States,07087,Alabama,1084 Ervine,1989-02-01,1845
crmid:8007625673,blazed1922@live.com,Emile,Hunt,male,769-895-7428,Auburn,United States,14801,Montana,674 Navajo,1934-03-15,541
crmid:4533904039,muumuu2062@outlook.com,Bernie,Vance,male,927-250-7650,Pittsburgh,United States,08559,Kentucky,523 Gilbert,1934-01-29,693
crmid:7949109628,chemistry1862@yahoo.com,Mack,Fischer,,313-511-7534,Moraga,United States,44827,Arkansas,421 Corwin,1993-08-29,1111
crmid:7190066820,tricostate1965@live.com,Larry,Hendricks,,254-994-2926,Orinda,United States,20936,Nevada,661 Wood,1963-03-01,2347
crmid:3391789324,immune1923@yandex.com,Vance,Gray,,687-102-7092,Longview,United States,36632,Pennsylvania,1318 Lansdale,1984-06-17,2202
crmid:2679110138,navies1899@yahoo.com,Lloyd,Talley,,022-472-5798,Franklin,United States,18887,Georgia,583 Arago,1963-03-31,2748
crmid:6515473085,abrasive1964@yandex.com,Delmer,Cooke,male,707-523-9599,Brea,United States,91269,Wisconsin,93 La Ferrera,1941-11-05,2487
crmid:8224207535,liger1980@yandex.com,Cleveland,Moore,,933-708-5450,Tinton Falls,United States,62590,Connecticut,1252 Gerke,1967-10-19,933
crmid:8651998581,busybody1871@outlook.com,Steven,Smith,male,109-540-6271,Cartersville,United States,56177,Colorado,1151 State,1944-09-27,1883
crmid:7526018049,close1977@live.com,Erik,Bean,male,016-495-9860,Alabaster,United States,91336,Missouri,1293 Dicha,1930-04-02,1939
crmid:3844151718,cavalero1817@live.com,Harrison,Cannon,male,370-614-0832,Beverly,United States,23790,Minnesota,20 Sansome,1939-04-05,632
crmid:4354414945,securableness2041@outlook.com,Ali,Christensen,male,089-224-8462,Atlantic City,United States,71656,New Mexico,65 Dolores,1934-01-06,2724
crmid:9245157728,spice1882@yahoo.com,Vaughn,Wall,male,269-038-2033,Oak Forest,United States,09831,Indiana,238 South Van Ness,1932-09-30,1548
crmid:4368428496,referencing1905@yandex.com,Margorie,Wyatt,female,739-408-3905,Cottonwood Heights,United States,36234,Maine,124 Precita,1951-06-22,1405
crmid:1074424903,cohesion2070@yandex.com,Ivana,Sykes,female,401-134-3664,Tampa,United States,18847,Illinois,174 Sacramento,1948-04-28,1530
crmid:1540673594,antinome1859@yahoo.com,Georgeann,Heath,female,243-483-8041,East Point,United States,13182,Nebraska,61 Montecito,1957-03-13,400
crmid:5331095193,alexandrite1950@gmail.com,Ernie,Baird,,271-067-0585,North Miami Beach,United States,46660,California,642 Larch,1998-07-31,510
crmid:7360204001,brownlee1813@yandex.com,Roberto,Daniels,,628-293-1428,Lockport,United States,73922,Ohio,863 Automobile,1983-01-13,967
crmid:1171447049,callorhynchidae1931@gmail.com,Lance,Woodward,,065-102-6931,Skokie,United States,83343,Colorado,526 Vasquez,1971-02-11,741
crmid:8404887158,euectic1868@gmail.com,Lorriane,Lyons,female,905-774-6004,Chickasha,United States,30019,Arkansas,1120 Whiting,1947-06-18,2956
crmid:4807324911,levering1908@live.com,Lorean,Cabrera,female,891-548-4060,Palm Springs,United States,98617,Vermont,102 Gillette,1950-10-11,423
crmid:8501943448,cocker2029@gmail.com,Olen,Carlson,male,689-677-6420,Canton,United States,40468,Maryland,303 Chenery,1944-07-05,655
crmid:4489753564,estrange1960@outlook.com,Frederic,Wilkins,male,144-156-6482,Atlanta,United States,26632,Maine,1180 Shannon,1934-04-23,693
crmid:3936654549,bucketman1827@outlook.com,Rupert,Tillman,male,460-835-1378,Spring Valley,United States,78847,Texas,186 Locksley,1937-08-29,2007
crmid:9956947295,craftly1859@yandex.com,Gregory,Hale,,575-934-5176,St. Matthews,United States,36536,Indiana,105 Continuum,1976-02-22,1458
crmid:6515882830,confucius1809@yahoo.com,Bunny,Walker,female,023-236-4212,North Plainfield,United States,59999,Vermont,460 Naples,1999-09-29,2748
crmid:9713816216,curate1821@gmail.com,Santana,Rivers,female,178-596-2020,Chicago,United States,77481,Wisconsin,286 Graham,1947-08-25,858
crmid:4954699146,lallans1939@yahoo.com,Joan,O'neil,,595-795-2516,Hercules,United States,18933,Vermont,1012 Johnstone,1971-02-12,1394
crmid:7067658623,airflow1999@live.com,Trinidad,Madden,,973-344-8503,Portsmouth,United States,61665,Nevada,799 Piedmont,1982-04-25,2098
crmid:3249301557,unmatchableness1941@yahoo.com,Francesco,Hubbard,,729-981-6732,Ridgewood,United States,52928,Alaska,1141 Julius,1988-05-09,717
crmid:3300853753,cresoxide2050@gmail.com,Justin,Mercado,,275-160-7580,Leominster,United States,40604,Indiana,147 Truby,1982-08-07,485
crmid:3767958339,tironian1986@live.com,Aurelio,Maxwell,,453-013-2801,Hays,United States,58955,South Dakota,1393 Old Mason,1970-09-11,1515
crmid:7322844110,faller2052@live.com,Jarvis,Merritt,,436-993-3768,Maryland Heights,United States,30644,Nebraska,1236 Monument,1987-06-09,2758
crmid:5918929627,anstett1976@outlook.com,Danny,Horne,male,790-679-3179,Prior Lake,United States,04437,Wisconsin,360 Ardath,1937-03-14,2556
crmid:4330719495,aldols2065@gmail.com,Arnoldo,Andrews,,541-192-5377,Roseburg,United States,35015,Oklahoma,851 Windsor,1969-05-17,2409
crmid:1538306817,camper1808@yahoo.com,Preston,Howe,,929-131-0993,Pacifica,United States,91449,Alaska,1044 Jakey,1975-04-03,2338
crmid:2288522500,balser2043@yahoo.com,Philip,Bradford,,152-656-6894,La Crosse,United States,80542,Hawaii,695 Sergeant John V Young,1978-12-02,330
crmid:5407684214,brushwood1818@live.com,Archie,Booth,,513-584-0955,New London,United States,88792,Pennsylvania,1196 Pope,1996-12-24,1484
crmid:2242661869,leopard2057@outlook.com,Elease,Mcfarland,female,920-154-0806,Dodge City,United States,81598,Maryland,481 Goettingen,1955-11-05,2898
