crmid,email,first_name,last_name,gender,mobile telephone,city,country,zip,state,street address,birthday,historicalpoints
crmid:4407325118,longhair1972@live.com,Wilmer,Ratliff,,422-400-4212,Harrisburg,United States,77657,Oklahoma,843 Maywood,1970-12-16,1581
crmid:9353293730,vertebras1994@gmail.com,Jae,Shaffer,,001-091-0254,Hopkinsville,United States,96420,Missouri,152 Clairview,1973-12-11,2873
crmid:2914562106,defined2043@yahoo.com,Ray,Mills,,703-005-7003,Millville,United States,70648,Missouri,464 Seymour,1991-12-01,551
crmid:1607501923,interflow1877@outlook.com,Ethan,Wilder,male,318-025-0633,Parkersburg,United States,01976,Virginia,34 Clarendon,1930-04-18,890
crmid:7293564091,schnaps1810@live.com,Isidro,Navarro,,939-348-0422,Lexington,United States,81941,Tennessee,1010 Opalo,1982-12-06,2284
crmid:8748947375,april1817@outlook.com,Marcos,Woods,male,614-577-0295,Bethlehem,United States,78975,Colorado,969 Delancey,1938-12-25,1352
crmid:1472599431,trucker2057@yahoo.com,Matthew,Keller,,221-783-0661,Meriden,United States,13495,Maine,753 Kiska,1989-03-07,1345
crmid:2388775815,arghan2020@yandex.com,Marshall,Montgomery,,828-057-0826,Galt,United States,07038,Nebraska,1159 Recycle,1965-01-23,1509
crmid:9269756629,able1960@yahoo.com,Marlana,Rush,female,092-837-5867,Eagle Pass,United States,97330,Wyoming,830 Harrington,1956-06-26,692
crmid:6617104682,eland2010@live.com,Annice,Tyson,female,731-368-5021,Citrus Heights,United States,68474,Kentucky,388 Lundeen,1947-11-01,2423
crmid:8186761998,cobra1982@gmail.com,Boris,Reid,male,250-396-9979,Attleboro,United States,08532,Oklahoma,151 Miley,1934-01-24,2468
crmid:3708725869,dachshund1844@yahoo.com,Earl,Vazquez,,110-163-4880,Harlingen,United States,27986,Colorado,328 Main,1969-04-07,1129
crmid:5045971960,repentingly1940@gmail.com,Tien,Roberts,female,524-674-3394,Naples,United States,95789,Oregon,564 West Clay,1995-03-17,2408
crmid:3178695444,bottlefeed1959@yahoo.com,Jacinto,Wright,,432-385-0276,Titusville,United States,42889,Wyoming,720 Julia,1984-05-07,587
crmid:5355772599,novelette1979@yandex.com,Joseph,Benjamin,,658-418-0264,North Little Rock,United States,21808,Minnesota,1220 Dolores,1998-05-11,2741
crmid:7476640734,uninspired1969@yahoo.com,David,Gomez,male,517-365-2068,Olathe,United States,81833,North Dakota,209 Hamerton,1937-03-11,2505
crmid:5195601754,circadian1939@live.com,Cesar,Harvey,male,374-432-5475,Reno,United States,98046,Arkansas,538 Newcomb,1942-02-13,1969
crmid:3639444506,colene1870@yandex.com,Julius,Austin,,355-443-6848,South Burlington,United States,67940,Hawaii,1266 Day,1986-05-30,2378
crmid:3989246006,boiko1976@yahoo.com,Sydney,Riggs,,991-946-6338,Hoboken,United States,59077,Wisconsin,229 Dellbrook,1972-09-05,312
crmid:8583153776,ababa1861@yahoo.com,Cornelius,Monroe,male,453-136-1353,San Fernando,United States,86566,Massachusetts,107 Corbett,1936-10-27,2278
crmid:2092418075,dewdrops2002@yahoo.com,Joan,Fitzgerald,,588-366-0020,White Bear Lake,United States,67179,Maine,1322 Lafayette,1966-03-05,2233
crmid:6266976372,scoot1928@outlook.com,Elvin,Cain,,103-482-0497,Montrose,United States,23616,Utah,1355 Cordova,1992-05-10,2458
crmid:4531480402,batteries2002@yandex.com,Jude,Berger,,806-688-0286,Spring Valley,United States,31318,Wisconsin,92 Uranus,1977-01-06,2519
crmid:1692936810,minimi1867@yandex.com,King,Dean,,427-105-6642,Littleton,United States,32825,Mississippi,513 Seventh,1983-06-22,2508
crmid:5639068887,forgotten1802@yandex.com,Ronald,Pierce,female,011-813-9637,Coral Springs,United States,47988,Alaska,364 Battery Crosby,1950-07-23,1172
crmid:1535034846,erection2023@yahoo.com,Tracey,Marshall,,935-317-4410,Schererville,United States,92745,Wisconsin,2 Malta,1967-01-26,1346
crmid:5432578429,espied2027@live.com,Bo,Britt,male,217-035-1996,Orange,United States,99184,New Hampshire,542 Carr,1934-01-04,1388
crmid:2828587633,apoda1988@live.com,Manie,Gaines,female,468-030-6910,Willoughby,United States,89343,New Jersey,731 Moss,1948-12-11,2364
crmid:6621194805,congregant1996@live.com,Deeanna,Santiago,female,916-373-4842,Fairfield,United States,67139,Idaho,620 Verdun,1961-10-04,1674
crmid:3372313834,hipmi1823@live.com,Roderick,Burch,male,225-114-5164,Boise City,United States,43022,Pennsylvania,586 Ford,1940-08-04,1881
crmid:9511802325,imperatorially1978@live.com,Parker,Allen,,626-143-4635,Galveston,United States,76697,West Virginia,21 Rockdale,1965-11-26,1475
crmid:5943758240,dziemian1976@gmail.com,Lyman,Mcdaniel,,328-413-5998,Jefferson City,United States,39591,Minnesota,741 Arroyo,1975-05-06,1605
crmid:7009904497,triaene1848@gmail.com,Normand,Tyler,male,507-869-0607,Wilsonville,United States,08805,Alabama,1252 Ina,1937-07-29,2604
crmid:6869493210,dusky1903@yandex.com,Stuart,Lee,male,378-624-7108,Boise City,United States,51693,Wyoming,1351 San Aleso,1940-09-17,2402
crmid:8255184274,liger1967@outlook.com,Joya,Buckner,female,875-108-4020,Sacramento,United States,12668,Vermont,226 Upper,1949-04-04,669
crmid:1890351691,antsier2003@yahoo.com,Floyd,Jensen,,202-411-3985,Wayne,United States,60923,Vermont,340 Paramount,1987-02-17,2551
crmid:1246502681,lemon1814@live.com,Guadalupe,Yang,,421-781-3656,Lauderhill,United States,10917,Alaska,989 Lucky,1981-03-07,1293
crmid:9613032431,divinely2008@yahoo.com,Katherin,Kim,female,168-376-8898,West Springfield,United States,14722,Wyoming,865 Dorantes,1947-05-16,1142
crmid:4484990172,cyrtidae1839@live.com,Guadalupe,Bradshaw,,356-872-6972,Loveland,United States,90807,Hawaii,1301 Medical Center,1984-07-01,2848
crmid:6673600210,shirtdress1906@live.com,Candra,Dejesus,female,970-766-4586,Cleveland,United States,04764,Alaska,1331 Albion,1948-02-08,982
crmid:7753010911,kwashiorkor1957@live.com,Royce,Mcdonald,female,686-140-2612,Suisun City,United States,18503,Vermont,1269 Robert Kirk,1953-10-26,1056
crmid:8587859831,superstardom1940@yandex.com,Cecila,Cannon,female,422-244-2807,Erie,United States,70222,Montana,833 Illinois,1960-12-23,1897
crmid:3110826478,benzoglycolic1986@live.com,Cherilyn,Joseph,female,625-226-8095,Cumberland,United States,06536,Ohio,762 Holly,1952-02-16,699
crmid:8263715707,athenor1922@gmail.com,Margarite,Fuller,female,945-673-9237,Poughkeepsie,United States,13096,Alaska,988 Acevedo,1950-12-11,2065
crmid:6617137427,deaved1920@yandex.com,Nakisha,Chan,female,533-240-8153,Chesapeake,United States,31825,Michigan,817 Collingwood,1946-07-06,1417
crmid:5698269481,majesty2022@yahoo.com,Shelby,Pace,male,508-462-0602,Bryan,United States,75373,Rhode Island,624 Avenue D,1942-12-29,1889
crmid:4845313946,papulation2021@yandex.com,Keith,Blevins,,255-305-2370,Mineral Wells,United States,05801,Washington,1353 Reed,1991-02-07,744
crmid:9505113681,copious1904@gmail.com,Jeffery,Christian,,425-931-4859,Wisconsin Rapids,United States,42293,Indiana,924 Lydia,1990-02-10,2778
crmid:1508794035,doubledecker2030@gmail.com,Man,Hyde,female,636-813-2689,Douglasville,United States,73046,Mississippi,1391 Avenue B,1955-06-15,2357
crmid:8276052738,kinkajou1862@gmail.com,Suzi,Mayer,female,125-771-4122,Edgewater,United States,84099,Hawaii,483 Marvel,1958-08-18,1653
crmid:8529933230,unlimned1823@yahoo.com,Kendall,Duffy,,766-259-7738,New Hope,United States,40922,Wyoming,95 York,1996-08-06,2538
crmid:7640025537,postscapular1931@outlook.com,Parker,Barrett,,771-512-9120,Zion,United States,53096,South Carolina,58 Inca,1994-05-13,2306
crmid:4239457164,waggle1846@yahoo.com,Rigoberto,Koch,male,047-706-7535,Whittier,United States,91445,Nevada,537 San Carlos,1997-02-16,1117
crmid:3377531723,habanera1997@outlook.com,Micah,Mccarty,,554-941-2236,Maryland Heights,United States,17485,Missouri,1216 Cornwall,1987-04-18,1383
crmid:2427585389,thorpes1858@outlook.com,Xochitl,Holland,female,566-905-1222,Newark,United States,67915,South Carolina,235 Dunshee,1997-11-29,2525
crmid:4462511389,ascertainability1943@yandex.com,Oscar,Mcgee,,226-304-7122,Terrell,United States,23554,Utah,1107 Kenny,1968-06-05,2206
crmid:8629250775,spelter1895@yahoo.com,Amos,Head,,384-777-0764,Phoenix,United States,59248,Montana,668 Jackson,1997-07-30,2246
crmid:8232619789,brevier1809@live.com,Laurence,Guerra,,828-072-8387,Redwood City,United States,22234,Alaska,523 Ceres,1965-12-08,1471
crmid:3728388711,atune1987@yandex.com,Boris,Gay,,415-695-0574,Huntington Park,United States,97383,Oregon,1045 Natick,1974-09-25,1348
crmid:9601526306,clannishly2031@outlook.com,Humberto,Buckner,,934-457-8724,Mishawaka,United States,37198,Florida,789 Russian Hill,1991-05-08,806
crmid:4217538287,blazon1854@live.com,Cliff,Davis,,712-969-8532,Whittier,United States,42841,Montana,219 Cerritos,1982-12-08,1895
crmid:5864376358,freemen1825@yandex.com,Chantay,Barnes,female,284-288-1410,Chico,United States,07502,Maine,445 State,1947-02-02,1369
crmid:7492475985,molluscans1948@gmail.com,Merrill,Cummings,male,912-931-0901,Nacogdoches,United States,02492,Delaware,663 Holly,1995-02-13,2127
crmid:4470109595,bidden2028@yahoo.com,Carlton,Henderson,,174-620-5190,Streamwood,United States,62891,Montana,913 Manzanita,1963-10-27,676
crmid:6640086262,schmelze1957@yahoo.com,Barry,Snyder,,616-266-3955,Huntington,United States,12808,Tennessee,1235 Fernwood,1973-03-14,1035
crmid:3995269164,weinmannia1904@gmail.com,Yang,Patel,female,064-507-0143,Cerritos,United States,59022,Nevada,976 Trumbull,1946-09-23,1111
crmid:4307464925,lamebrain1806@gmail.com,Mammie,Buckner,female,613-962-1939,San Juan,United States,26396,Alabama,1333 Grote,1959-11-23,1557
crmid:3081513036,effectible1815@live.com,Lael,Gordon,female,150-304-1790,North Royalton,United States,18247,Georgia,1084 Derby,1999-03-28,350
crmid:1574980121,paratrophy1915@gmail.com,Darrick,Weaver,,218-256-1847,Vernon Hills,United States,88351,Alaska,462 Mcrae,1968-06-18,566
crmid:6289221230,codebreaker2050@outlook.com,Leo,Nichols,,645-138-1085,Herriman,United States,92665,Pennsylvania,480 Spears,1971-08-07,2194
crmid:3882047793,sorest1805@yahoo.com,Abel,Vargas,male,222-567-7451,Americus,United States,78392,Kentucky,1316 Inverness,1932-01-29,1424
crmid:5704420876,qibla1850@outlook.com,Sherilyn,Schultz,female,130-652-9488,Clinton,United States,94906,Mississippi,22 Whipple,1948-08-26,1012
crmid:4028117212,cervid1980@yahoo.com,Tyron,Pickett,,798-814-0625,Raymore,United States,46752,Wyoming,1278 Missouri,1981-06-22,2214
crmid:6653178580,shapiest1989@yahoo.com,Roxy,Morrison,female,411-519-6855,Wisconsin Rapids,United States,71495,Virginia,292 Rockland,1951-07-21,672
crmid:8993637109,behalf1900@outlook.com,Makeda,Chapman,female,953-875-8266,Dubuque,United States,88168,South Carolina,402 Van Buren,1956-06-06,1443
crmid:1793894645,carbonite1857@yandex.com,Justin,Nash,,690-738-5066,Ypsilanti,United States,31868,Delaware,846 Tioga,1978-07-06,2383
crmid:5615859514,crureus1813@live.com,Cody,Brock,,101-990-7315,West Valley City,United States,23196,Alaska,430 Cowles,1962-03-12,1391
crmid:1949024315,bobbery1988@gmail.com,Tameika,England,female,999-219-8027,Elizabeth City,United States,40963,Indiana,1061 Channel,1959-08-09,903
crmid:5596350049,broody1829@live.com,Byron,Mckinney,male,762-668-0677,Pittsfield,United States,10380,Virginia,778 Hegal,1945-12-03,1079
crmid:5657646187,didine1851@yandex.com,Johnie,Orr,male,837-923-2094,Ardmore,United States,93118,Minnesota,196 Dunshee,1933-12-10,1145
crmid:9109302178,underling2031@yandex.com,Elliot,Berg,,173-563-5061,Jacksonville,United States,38069,New Hampshire,392 Progress,1975-05-01,1980
crmid:7121547775,emmetropism1992@gmail.com,Marco,Wiggins,male,739-984-3082,Anacortes,United States,30749,Vermont,625 Piedmont,1932-07-31,2129
crmid:5592005368,acuate1992@live.com,Aurelio,Reyes,male,113-065-4773,Central Point,United States,09824,Wisconsin,1017 Dorman,1945-01-24,2790
crmid:4222150457,clannishly1998@gmail.com,Demetrius,Flowers,,946-411-7623,Pinecrest,United States,54270,Florida,185 Laguna Honda,1997-12-16,1165
crmid:1091689335,clavodeltoid2070@yandex.com,Alberto,Holland,,000-704-8671,Portland,United States,70301,North Dakota,112 Stow Lake,1981-01-01,1453
crmid:1666433940,egalites2017@outlook.com,Demarcus,Lane,,115-396-2220,Seattle,United States,30285,Oklahoma,871 Touchard,1974-01-03,1011
crmid:6665662838,drenched1959@yandex.com,Roy,Bradley,,019-984-2195,Michigan City,United States,21467,Maryland,76 Estero,1990-05-09,1078
crmid:1131620399,echidna2031@gmail.com,Everette,Rocha,,136-927-1386,Maple Heights,United States,84870,North Carolina,526 Edgewood,1986-11-14,1465
crmid:2908880621,dewdrop1864@live.com,Makeda,Cummings,female,017-816-5332,Owensboro,United States,13410,Florida,186 Fremont,1947-12-11,2388
crmid:6266828232,phenylic2050@gmail.com,Bao,Larsen,female,679-725-5865,Deerfield,United States,75637,Alabama,198 Stark,1954-12-02,1453
crmid:3888908861,civility1949@gmail.com,Raymon,Howard,male,403-057-7201,New Brunswick,United States,64996,Maine,850 Clarion,1996-10-03,1129
crmid:4162942729,eyebrow1896@outlook.com,Madalyn,Espinoza,female,664-256-8873,Derby,United States,37644,Oregon,863 Pena,1954-06-09,2742
crmid:3207892199,masterstroke1935@yahoo.com,Gayle,Reeves,,522-758-8013,Upland,United States,25712,Maine,542 Finley,1963-10-16,2515
crmid:9709926968,unreliable2070@outlook.com,Raleigh,Maxwell,male,188-738-6813,National City,United States,19989,North Dakota,352 Berkeley,1995-02-15,1331
crmid:9062437171,elute1846@yahoo.com,Courtney,Kirk,,617-373-6084,Pleasanton,United States,57112,Colorado,419 Clipper,1995-05-26,1549
crmid:9617978862,reinfecting2063@gmail.com,Joel,Cotton,,538-387-6798,Mason,United States,53436,Nevada,20 Thomas More,1987-09-13,2048
crmid:5179293055,nuciculture2038@yandex.com,Robert,Patterson,male,502-550-3572,Brockton,United States,74838,Rhode Island,444 Boalt,1941-12-31,671
crmid:2674094996,zizyphus1961@yahoo.com,Wallace,Gallagher,,232-135-8267,Indio,United States,42310,Massachusetts,954 Montana,1974-07-18,1776
crmid:3843371310,borrelli2067@yahoo.com,Richard,Lott,,357-783-6508,Utica,United States,48346,North Dakota,311 Lansdale,1981-12-27,586
crmid:5330111519,lawing2063@yahoo.com,Huey,Ray,male,097-352-2397,Bartow,United States,29950,Arkansas,651 Bernal Heights,1936-05-24,411
