crmid,email,first_name,last_name,gender,mobile telephone,city,country,zip,state,street address,birthday,historicalpoints
crmid:5572351588,coward1914@gmail.com,Bret,Justice,,071-436-6348,Johnson City,United States,73549,Iowa,107 Jessie West,1975-12-29,1769
crmid:1215721042,welcome1802@yahoo.com,Celena,Lucas,female,059-097-5843,Dixon,United States,02596,Pennsylvania,32 Hollywood,1955-02-18,2057
crmid:9682055969,upseek1955@yahoo.com,Logan,Cook,female,538-182-7682,Chickasha,United States,32353,Wyoming,1381 Custer,1947-05-07,1135
crmid:4228790216,bask2064@yandex.com,Nicky,Roy,female,346-501-1811,Dodge City,United States,31508,Nebraska,83 Tandang Sora,1955-07-26,2796
crmid:6326239081,eland1933@outlook.com,Justin,Edwards,,190-386-2798,Griffin,United States,18395,Iowa,283 Iris,1968-03-12,1228
crmid:2467763087,takeaway1913@yandex.com,Emanuel,Todd,,237-638-1628,Greer,United States,57619,Iowa,456 Fontinella,1968-10-13,2567
crmid:6306767177,starvation2030@yandex.com,Bert,Kelly,male,715-724-8787,Bensenville,United States,74730,Florida,445 Verna,1938-01-16,569
crmid:8207219255,banya1804@yahoo.com,Bobby,William,,074-500-6438,North Plainfield,United States,47306,Pennsylvania,675 Alpha,1999-08-16,1185
crmid:2455158176,apropos2019@yahoo.com,Reid,Nguyen,male,892-388-9900,San Bernardino,United States,06448,New Hampshire,790 Garden,1931-08-21,928
crmid:2441964376,pluguglies2048@live.com,Morris,Hubbard,,002-557-4042,Goldsboro,United States,29746,Arizona,1298 Cervantes,1967-05-12,1054
crmid:7487367622,dominiqu2036@yandex.com,Virgil,Chen,,167-040-2558,Olympia,United States,83059,Oregon,450 Eldridge,1969-09-01,1462
crmid:4107875818,sledged1976@live.com,Danial,Valdez,male,635-081-2600,Buffalo,United States,14696,Massachusetts,753 Toll Plaza Tunnel,1942-02-16,878
crmid:3637900918,dolomites2028@gmail.com,Clement,Calhoun,,541-718-8112,Lawrenceville,United States,50891,Kentucky,983 Romolo,1981-10-03,1811
crmid:3923833645,diallings2052@yandex.com,Fredric,Woodward,,093-518-5230,Johnstown,United States,37322,New York,83 Legion,1975-06-26,1108
crmid:2922868700,bengalic1808@yandex.com,Booker,Holcomb,,383-975-0894,Palm Beach Gardens,United States,48745,Utah,1061 Ninth,1983-08-26,2662
crmid:3391248641,unobstructedness1928@yahoo.com,Emory,Pena,,294-525-5242,Godfrey,United States,98013,Kentucky,597 Columbus,1966-07-28,1022
crmid:1150532963,balinese1824@yahoo.com,Dusty,Perez,,192-959-5824,Weirton,United States,20276,Arkansas,560 Forest,1962-11-02,2618
crmid:1627854410,dauphine2058@yahoo.com,Werner,House,,915-405-6012,Norco,United States,86074,Oklahoma,1018 Sunview,1998-07-22,1157
crmid:6865150133,beagle1909@yahoo.com,Cecil,Mcmahon,male,242-612-0371,Westminster,United States,05387,Oklahoma,451 Gladstone,1942-02-19,1805
crmid:6136496882,erlenmeyer1898@yandex.com,Minh,Bryant,,861-104-6522,Golden,United States,21411,Vermont,254 Camellia,1966-05-06,1240
crmid:8115407626,chimbley1832@outlook.com,Ezekiel,Shaw,,209-967-2277,Tallmadge,United States,49768,Colorado,1054 Boynton,1990-06-30,1221
crmid:8445087527,tricostate1987@yandex.com,Damien,Lucas,,234-533-1262,Honolulu,United States,66212,Mississippi,463 Grant,1973-10-13,2682
crmid:6535796493,oppose2026@yandex.com,Norris,Tillman,,716-053-2929,Miami Gardens,United States,71278,Indiana,342 Robert C Levy,1990-12-05,1477
crmid:1179945095,egality1932@outlook.com,Jefferey,Reese,male,729-579-0542,Orem,United States,79259,Florida,429 Lucerne,1942-05-24,2084
crmid:5702048018,critter1903@outlook.com,Cornelius,Palmer,,865-317-2659,Lansing,United States,74153,Michigan,1252 Delgado,1980-03-15,2820
crmid:5822115930,scarped1852@outlook.com,Damien,Padilla,,412-067-7180,Millville,United States,91158,Connecticut,872 Saint Croix,1991-01-06,2444
crmid:9027199999,fiction1915@yahoo.com,Issac,Farmer,,354-190-9246,Paramount,United States,31782,Iowa,426 Orange,1974-10-04,417
crmid:2608653667,egalites2056@yandex.com,Debbi,Melendez,female,760-689-5685,Dyersburg,United States,11576,Colorado,1135 Quarry,1956-02-20,1519
crmid:3650261551,burley1912@yahoo.com,Otto,Beard,,760-669-2773,Lawrence,United States,18067,Rhode Island,133 Mclaren,1981-02-15,1692
crmid:9183772803,abhorrent1984@outlook.com,Tad,Vargas,male,883-625-2757,New Iberia,United States,66584,Mississippi,697 Lee,1996-10-01,2884
crmid:8008837892,zootaxy2045@yandex.com,Markus,Fry,,397-534-0549,Rahway,United States,53717,Maryland,984 Erkson,1973-10-23,2585
crmid:7061704186,cashbox1957@yahoo.com,Rodney,Coleman,,995-234-3907,Sandusky,United States,35811,Ohio,1260 Wanda,1976-08-19,1157
crmid:7391067233,introspectionism1987@gmail.com,Riley,Buckner,,836-613-7148,Fitchburg,United States,51412,New York,644 Melra,1962-10-07,1248
crmid:5024469280,infest1974@outlook.com,Elicia,Simmons,female,412-841-6920,Chicago,United States,71593,Georgia,560 Fort Mason,1947-12-05,2600
crmid:3776681979,biker1998@gmail.com,Emmitt,Schroeder,,489-404-7612,Wildwood,United States,41019,Arkansas,794 Balceta,1986-09-07,2927
crmid:6653743679,basiophthalmite1981@live.com,Josue,Gray,,827-881-4454,Sherwood,United States,39633,Minnesota,843 Pollard,1973-03-30,1440
crmid:3555840349,sokols1819@live.com,Lucien,Lowery,,490-390-4888,Lake Worth,United States,40550,New Mexico,132 Del Sur,1980-08-09,2790
crmid:9694371927,basiophthalmite1860@live.com,Erick,Gray,,401-555-3013,Jersey City,United States,21371,New York,11 Wattson,1975-05-02,2133
crmid:7146432692,alyre1893@gmail.com,Jerald,Harris,,685-828-0086,Newport Beach,United States,86813,Virginia,725 Alert,1997-07-21,531
crmid:6208449412,sorriness1852@live.com,Bradford,Terrell,,636-283-0370,Hoffman Estates,United States,40089,Wisconsin,1272 Clairview,1972-08-04,555
crmid:5141654664,aurore1929@yandex.com,Leandro,Weber,,470-428-5025,Rowlett,United States,37132,Kentucky,936 Bowling Green,1980-03-25,2905
crmid:6961056393,overbrush1868@yahoo.com,Benedict,Gamble,male,286-598-6549,Bonita Springs,United States,02245,Idaho,1134 Apollo,1940-01-11,527
crmid:5748740445,blackroot1940@outlook.com,Fredda,Bartlett,female,760-549-5146,Euclid,United States,90732,Maryland,115 Stow Lake,1960-03-02,1255
crmid:2654238595,shares1858@yahoo.com,Leoma,Shannon,female,779-143-8839,Crystal,United States,88817,Wyoming,843 Dorchester,1952-05-27,2004
crmid:5703183812,twattles1894@gmail.com,Aaron,Blake,,036-201-3487,Wilson,United States,90740,Alabama,380 Watchman,1968-02-29,761
crmid:9440813294,cunard2032@yahoo.com,Olin,Shepard,,670-773-0920,Gallatin,United States,70585,Nebraska,3 Bella Vista,1965-11-01,422
crmid:2589010617,dickerson2038@gmail.com,Lakia,Baldwin,female,282-700-6015,Corvallis,United States,20142,Virginia,83 Galvez,1951-05-01,478
crmid:4748302808,nonimposition1899@yahoo.com,Alayna,Stuart,female,958-015-5899,Fairview Heights,United States,02719,North Dakota,40 Marist,1961-01-28,2249
crmid:9613862593,funkia1807@live.com,Abraham,Sweet,,587-508-2927,Kingston,United States,14040,Oregon,237 Meadowbrook,1977-03-24,2516
crmid:9298980851,pectinogen2010@yandex.com,Lavinia,Yates,female,082-010-2235,Elk Grove Village,United States,52140,Tennessee,112 Gambier,1959-10-22,1539
crmid:3494635941,coquitlam2043@outlook.com,Orval,Boyle,,762-698-3854,Rock Springs,United States,73405,New Mexico,411 Bartlett,1978-05-12,577
crmid:1906693611,nubigenous1828@outlook.com,Dacia,Reyes,female,431-792-9834,Chickasha,United States,97573,Michigan,274 Broadmoor,1947-02-24,1300
crmid:1245816891,diene2038@yahoo.com,Rogelio,Walsh,,003-690-5488,Winter Garden,United States,79550,New Mexico,956 Jamestown,1975-10-05,868
crmid:6908192078,phies1954@live.com,Erich,Hopper,,667-749-6818,Howard,United States,30186,Nebraska,214 Levant,1973-06-10,1092
crmid:3553420315,metalsmith2040@yahoo.com,Quintin,Griffith,male,148-719-2391,Savage,United States,94287,New Mexico,307 Talbert,1935-08-12,733
crmid:2661208988,alcoa1919@yandex.com,Bernardo,Shepherd,,879-127-6654,Rochester Hills,United States,99798,Virginia,380 Benton,1977-05-25,937
crmid:3706573371,chiefs1891@outlook.com,Gerard,Robertson,,610-155-3670,Safety Harbor,United States,36698,Connecticut,161 Estero,1978-11-22,1494
crmid:2474015417,gript1876@yahoo.com,Xochitl,Mooney,female,192-461-8798,Nampa,United States,52689,Nebraska,1271 Dorado,1995-10-21,2214
crmid:3908070381,prawn1944@gmail.com,Ramon,Olsen,male,179-281-0344,Sparks,United States,80620,Wyoming,445 Hickory,1933-08-22,1924
crmid:5483786440,caelum1996@yahoo.com,Colin,Whitehead,male,326-940-4536,Cedar City,United States,16331,Georgia,819 Italy,1945-02-22,383
crmid:8906715618,caribous1935@yahoo.com,Domingo,Fry,,253-747-1056,La Mirada,United States,84135,Tennessee,1273 Jade,1978-08-15,332
crmid:2035177142,caseloads1952@outlook.com,Nathaniel,Estes,,743-061-6173,Morganton,United States,35945,Maryland,836 Bache,1993-07-20,2792
crmid:1517719407,alvera2004@outlook.com,Josh,Velez,,334-740-7282,Midwest City,United States,11382,Indiana,1317 Oreilly,1990-03-22,1003
crmid:4673437254,ringtailed1931@yahoo.com,Hal,Calderon,,859-191-9481,Maryland Heights,United States,25286,Nebraska,81 Sycamore,1987-05-19,316
crmid:5245719639,abime1898@gmail.com,Bret,Ratliff,,978-043-4758,Johns Creek,United States,53927,Wisconsin,591 Bronte,1975-10-17,2335
crmid:8200393640,adine2068@outlook.com,Ervin,Parrish,,649-586-8528,Paducah,United States,34065,North Dakota,574 Porter,1977-12-15,408
crmid:9193028929,launce1876@gmail.com,Rudolf,Goff,male,346-145-2832,Riverbank,United States,13013,New Mexico,413 Copper,1943-08-11,1750
crmid:4376498196,erminia2034@outlook.com,Jacquetta,Jarvis,female,662-163-3732,Daytona Beach,United States,25546,Tennessee,250 Gibb,1953-04-15,423
crmid:6060549873,diploptera1830@outlook.com,Larry,Kerr,female,143-283-9574,Dixon,United States,25666,California,853 San Anselmo,1955-05-16,1410
crmid:4817549450,blazers1936@outlook.com,Sunday,Mathews,female,572-439-6442,Muskegon,United States,15025,Wisconsin,603 Aerial,1994-03-16,2366
crmid:2418360054,staurotide1880@yandex.com,Cedric,Bates,male,406-832-9855,Trenton,United States,80114,Alabama,748 Jules,1930-02-02,2313
crmid:8162966494,jellyfish1998@live.com,Jeffrey,Rosario,male,116-110-0715,Blue Springs,United States,87945,South Carolina,343 Ophir,1939-05-25,1768
crmid:9809965716,lefty1889@yahoo.com,Doyle,Johnston,male,458-922-5228,Port Hueneme,United States,08485,Wyoming,942 Euclid,1936-03-15,2091
crmid:8405993196,sequentializing1891@yahoo.com,Werner,Meyers,male,099-866-3779,Avondale,United States,52580,Indiana,757 Escolta,1935-10-20,599
crmid:3570551722,astronautic1988@live.com,Keesha,Greene,female,873-333-3901,Enid,United States,63438,West Virginia,47 Mercedes,1959-11-09,1753
crmid:2386019490,distressedly1852@live.com,Russel,Savage,male,317-753-7075,Attleboro,United States,44131,Wisconsin,1095 Rizal,1934-08-26,1704
crmid:8295758141,foraneous1830@live.com,Jules,Brooks,,939-151-0209,Frisco,United States,13149,Hawaii,768 Ophir,1964-04-16,1949
crmid:5553554091,assistant2028@gmail.com,Charlyn,Salas,female,562-287-5868,Oregon City,United States,27775,Utah,431 Alta Vista,1958-02-26,2642
crmid:4015133152,batis1868@yandex.com,Neal,Jensen,,174-312-0352,Livermore,United States,41411,Hawaii,822 Fallon,1983-07-15,2406
crmid:9088110980,pennia2004@outlook.com,Numbers,Dyer,male,705-415-8895,Amarillo,United States,46470,Oklahoma,68 Quickstep,1932-07-09,2420
crmid:3763754519,nainsooks2052@gmail.com,Hosea,Sosa,male,755-849-4925,Bentonville,United States,28547,Ohio,1294 Willard,1938-05-27,2940
crmid:3300406469,oncogene1979@gmail.com,Merrilee,Talley,female,868-113-9139,Woodbury,United States,88303,Kansas,479 Burgoyne,1957-06-28,784
crmid:4027169463,constitutions2049@yandex.com,Cyrstal,Griffith,female,613-553-2609,Sun Prairie,United States,51198,Utah,277 Dodge,1998-04-04,2117
crmid:1153821752,severality1979@outlook.com,Lavette,Mays,female,554-145-6377,Muncie,United States,28551,Minnesota,1159 Bayside Village,1994-04-26,528
crmid:2831894970,modestly1833@yahoo.com,Maximo,Slater,,286-583-8408,Lake Forest,United States,86132,South Carolina,362 Bright,1980-11-20,1446
crmid:3996916266,adaptable1943@yahoo.com,Catrice,Mcguire,female,478-224-7520,Chico,United States,65522,Nebraska,213 Quarry,1947-11-26,2258
crmid:6150011198,intermediaries1959@yahoo.com,Omer,Ashley,,382-482-4292,Vero Beach,United States,60764,Alaska,553 Lyndhurst,1974-02-25,1470
crmid:6342547062,birman1803@live.com,Terrance,Brock,male,976-423-5106,Apopka,United States,75478,Alabama,1304 Broadway,1933-12-30,2548
crmid:1474049496,canuck1883@gmail.com,Jared,Church,male,012-592-3376,Springville,United States,80797,Maine,1374 Emerald,1933-12-25,1392
crmid:8458845337,abounding1908@yandex.com,Willard,Chan,male,704-693-7236,Blue Springs,United States,59164,Arkansas,329 Raycliff,1939-10-06,1539
crmid:3822233837,tyrantship1901@gmail.com,Jerry,Fisher,male,195-174-7344,Bartlesville,United States,30119,Ohio,390 Brooks,1936-05-10,344
crmid:3960512621,palafitte2055@live.com,Patricia,Marquez,,503-599-9630,Owatonna,United States,44048,Texas,492 Stilwell,1981-12-16,496
crmid:1007340053,fewer1894@yahoo.com,Anderson,Bradshaw,male,713-828-1625,Oakdale,United States,00794,Wyoming,1362 Duncan,1940-01-03,2197
crmid:3940804964,chimalapa1819@yahoo.com,Ted,Hodges,,246-469-1247,Kirkland,United States,96343,Arizona,456 Fern,1978-07-21,1019
crmid:5588789088,metaluminic1828@outlook.com,Anisa,Winters,female,129-617-7119,Rolla,United States,19155,Missouri,369 Dartmouth,1954-01-31,1081
crmid:7224293852,relaces1964@yandex.com,Willian,Johnston,,236-141-4574,Hampton,United States,72258,Michigan,114 Main,1969-12-09,1987
crmid:9346539066,canadian1999@gmail.com,Perry,Noble,,504-346-0940,Mercer Island,United States,42615,South Carolina,106 West Portal,1989-08-12,1026
crmid:2173014812,clubbily1907@outlook.com,Oscar,Stewart,female,367-498-9929,Tuscaloosa,United States,18812,Nevada,1196 Maple,1951-10-29,1541
crmid:9729815735,fortepiano2060@outlook.com,Milford,Murray,male,569-647-3863,Rochester Hills,United States,96946,Wisconsin,1130 Taraval,1940-07-21,2225
crmid:1351958176,contradiction2039@yahoo.com,Lacy,Tran,,139-533-2575,Lathrop,United States,65559,Maryland,1356 Vicente,1981-11-19,1039
crmid:4379547414,jogging1997@live.com,Alejandro,Sharpe,,913-587-4122,Livonia,United States,78378,New Hampshire,790 Lulu,1983-08-27,1012
crmid:9652586420,bonehead1951@yandex.com,Sheldon,Garner,,794-520-0055,West Memphis,United States,49558,Florida,1138 Washburn,1988-03-31,2487
crmid:7800309089,balthasar2003@gmail.com,Williams,Mercado,,638-271-7099,Glendale,United States,11869,Montana,1236 Ophir,1966-02-19,1605
crmid:5001770156,booby2070@yahoo.com,Douglas,Wong,male,887-246-7116,Centerville,United States,17258,Michigan,958 Jordan,1945-03-31,2803
crmid:8479791568,hwy2031@outlook.com,Abel,Clements,,865-590-8825,Melrose Park,United States,15912,Maine,1090 Cortland,1989-03-19,923
crmid:9421736584,eyeline1868@yahoo.com,Teodoro,Lindsay,male,275-894-2334,Ashtabula,United States,53790,Indiana,1097 Stilwell,1934-09-17,2724
crmid:1439391709,bottlefeed1884@yahoo.com,Nickolas,Browning,,396-662-7033,Germantown,United States,72613,Hawaii,641 Sonoma,1966-11-09,363
crmid:1824810669,theist1875@yahoo.com,Marcellus,Molina,,153-542-1800,Santa Clara,United States,39432,Georgia,273 Clay,1970-12-30,2255
crmid:1787814787,aligner2035@live.com,Florencio,Rich,,587-228-1344,Niagara Falls,United States,94591,West Virginia,543 Ramsel,1997-07-31,2620
crmid:4516448361,hippidium1920@outlook.com,Ayako,Simmons,female,688-647-1982,Clovis,United States,98596,Alaska,980 Shephard,1948-01-27,2131
crmid:3445189507,trickiness2002@live.com,Eldridge,Wilder,male,153-333-2025,Anaheim,United States,17031,Pennsylvania,818 Manzanita,1932-03-31,947
crmid:9521057869,koala1866@yahoo.com,Darin,Padilla,male,174-618-2772,Wheaton,United States,90673,South Carolina,405 Cunningham,1931-03-22,493
crmid:1149124014,cutline1936@yahoo.com,Talitha,Valenzuela,female,379-962-4257,Santa Fe,United States,18163,Indiana,247 Davidson,1950-08-29,1945
crmid:8889306661,rovers2008@yahoo.com,Teresia,Howell,female,001-650-0581,Virginia Beach,United States,17992,Nebraska,34 Cervantes,1949-10-30,2094
crmid:5352515946,yappiness1800@live.com,Ressie,Mcknight,female,915-652-9331,Davenport,United States,48426,Alaska,250 Woodhaven,1953-07-19,713
crmid:7691448860,cockeyed2048@yandex.com,Jeromy,Ochoa,male,283-630-8175,Rutherford,United States,66864,New York,918 Henry,1940-11-28,1768
crmid:6208816202,cotys1841@outlook.com,Jacques,Rogers,,747-498-6314,Norfolk,United States,75267,Washington,945 Candlestick Point Sra,1998-12-13,1110
crmid:8909974891,deckers1927@gmail.com,Giuseppe,Mullen,,956-089-2630,Plymouth,United States,75728,South Dakota,1174 Bonnie Brae,1989-09-14,746
crmid:3867194753,drover2028@yahoo.com,Estell,Pearson,female,900-290-4277,Shreveport,United States,16246,Kansas,67 Byxbee,1947-03-23,1519
crmid:5193913040,buder1966@yandex.com,Eilene,Rivers,female,991-921-7368,Petersburg,United States,61813,Massachusetts,375 Clinton,1954-03-25,2675
crmid:4584325000,evoked1908@gmail.com,Ardell,Dotson,female,411-371-1070,Poway,United States,12168,Texas,271 Sierra,1950-01-08,1668
crmid:3726203221,fagottino1970@gmail.com,Drew,Vinson,,370-203-3404,New Philadelphia,United States,32105,New Hampshire,812 Missouri,1996-06-14,458
crmid:1531659801,credenza1821@gmail.com,Craig,Vazquez,,447-765-9030,Gardner,United States,40610,Arizona,880 Weatherly,1965-07-13,1914
crmid:7927945121,addis1998@gmail.com,Sharice,Stein,female,996-153-6286,Dearborn,United States,67847,New Hampshire,932 Orchard,1953-11-28,2179
crmid:2268487983,balunda1920@yahoo.com,Delmer,Mckay,,226-538-5533,Livermore,United States,66713,Kansas,425 Ashburton,1983-11-14,2193
crmid:7958165120,bourgeois1911@gmail.com,Lyle,Blanchard,,616-915-9132,Hobart,United States,55516,California,771 Castle,1972-10-29,2138
crmid:1762705188,yak1844@outlook.com,Tracey,Austin,male,139-155-1592,Woodstock,United States,05501,Michigan,251 Beideman,1940-09-01,1186
crmid:1783599622,calvary1920@yandex.com,Marco,Castaneda,,424-808-2817,Roseville,United States,55496,Missouri,331 Dove,1992-09-18,817
crmid:1737639315,emacs1874@live.com,Clair,Griffin,,352-596-8530,Homer Glen,United States,70309,Nebraska,795 Diaz,1972-12-19,953
crmid:9605913187,jocosities1809@gmail.com,Salvador,Dodson,,319-300-6608,Mankato,United States,99382,New Jersey,1089 Arco,1986-08-27,2687
crmid:4990741045,abominable2044@outlook.com,Ward,Terry,,385-386-7970,Milledgeville,United States,11558,New Mexico,553 Lisbon,1991-02-05,2630
crmid:4814010350,sailable1873@yahoo.com,Bernardo,Spencer,male,700-533-6345,Aberdeen,United States,58813,Wisconsin,166 Amber,1930-10-02,2754
crmid:2422161390,overshorten1818@gmail.com,Jody,Brooks,,606-992-3724,Virginia Beach,United States,98620,Maryland,144 Claremont,1973-09-20,2592
crmid:1305305198,filmer2000@outlook.com,Junior,King,,630-032-3256,Manassas,United States,73384,Nevada,727 Osceola,1986-02-10,1913
crmid:7867320856,wanton1980@yandex.com,Monroe,Cortez,,455-757-7500,Rancho Mirage,United States,59391,Georgia,918 Mistral,1997-05-30,1039
crmid:2635464665,avenger2024@outlook.com,Keira,Melendez,female,400-609-1479,Temple Terrace,United States,62584,Utah,1247 Reeves,1949-05-20,2582
crmid:6494579029,adorable1806@outlook.com,Charley,Shepard,,915-263-1621,Rialto,United States,49680,Tennessee,66 Ambrose Bierce,1992-01-30,2235
crmid:5759489557,critter2042@outlook.com,Casey,Wall,male,099-003-9071,Anchorage,United States,06409,Wyoming,59 Acme,1932-02-20,1747
crmid:8132253362,oversowed1855@yandex.com,Tonita,Castro,female,603-699-6860,Coral Springs,United States,61816,Arizona,634 Aerial,1950-11-17,2196
crmid:8798239604,corporality1990@gmail.com,Alfred,Cardenas,male,666-860-4135,Prichard,United States,01037,Colorado,1303 De Forest,1932-01-05,2991
crmid:8230202363,balunda1890@outlook.com,Isaias,Harrington,,651-234-9843,New Brighton,United States,94137,Ohio,1074 Conservatory Access,1996-08-15,2906
crmid:5460717241,carcass1849@yahoo.com,Albert,Burch,male,751-481-8348,Bellaire,United States,60392,Idaho,327 Keyes,1937-11-21,924
crmid:3899822366,dhoul1880@gmail.com,Benny,Webster,,737-323-1760,Herndon,United States,84067,Hawaii,692 Santa Barbara,1971-03-16,2560
crmid:3100083281,arcanal1830@yandex.com,Ellena,Blackwell,female,893-522-8636,Post Falls,United States,71290,Pennsylvania,616 Conrad,1951-03-03,1268
crmid:8812725999,chasing1980@yahoo.com,Isidro,Reeves,male,003-061-0564,Battle Ground,United States,92833,Oregon,224 Belle,1936-05-24,1753
crmid:8244134672,nesty1843@yandex.com,Erminia,Dudley,female,558-998-6506,Chelsea,United States,77218,Colorado,1220 El Plazuela,1946-12-19,2251
crmid:8147010382,bargeman1892@yahoo.com,Rocco,Hunter,male,533-016-8256,Boston,United States,68764,Utah,5 Isola,1940-11-21,1756
crmid:4472503155,buffalo1893@yahoo.com,Tobias,Chen,,796-167-5747,Lehi,United States,96113,Idaho,447 Harney,1982-06-22,2885
crmid:4685539574,setae1920@gmail.com,Wilbert,Bailey,,240-571-0188,Herriman,United States,14601,Kansas,559 La Ferrera,1971-03-03,2760
crmid:4766033584,drink1951@yahoo.com,Quintin,Stone,male,372-820-8024,Abilene,United States,49095,Nevada,222 Leona,1930-08-28,2516
crmid:2335599007,recalcitrating1861@outlook.com,Mose,Bishop,,609-572-2392,Lindenhurst,United States,16029,Maryland,92 Elliot,1983-03-13,836
crmid:3410128689,unstridently1991@yahoo.com,Bruno,Page,male,685-794-9701,Torrance,United States,98623,Vermont,1049 Lillian,1942-02-22,2404
crmid:4167907317,oryx1899@yandex.com,Khalilah,Lambert,female,301-101-3792,Desert Hot Springs,United States,21691,Massachusetts,338 Brentwood,1954-05-17,338
crmid:3361491947,andirin1837@gmail.com,Stefan,Sparks,,507-271-3317,Honolulu,United States,65787,Alabama,459 Buchanan,1973-11-15,1649
crmid:6017549734,verdurer1957@yahoo.com,Lino,Acevedo,,076-877-7485,Laramie,United States,90387,Mississippi,560 Ada,1980-10-02,1529
crmid:1727509569,naturopathy1801@yandex.com,Mack,Waters,male,127-562-7324,Carrboro,United States,39254,Illinois,929 Madera,1944-07-30,1007
crmid:5831298502,apaches1994@outlook.com,Lionel,Garrett,male,030-488-7635,Oakland Park,United States,69635,Missouri,115 Bass,1943-11-12,2858
crmid:8493231150,microphytology1985@yandex.com,Silva,Wilkerson,female,334-895-3319,Eau Claire,United States,42733,Minnesota,872 Redondo,1957-08-31,2326
crmid:8306886662,precisionize1889@live.com,Demetrius,Vincent,male,423-211-6475,Acworth,United States,89890,Michigan,1041 King,1930-03-30,486
crmid:7097448009,eyeballs2001@yandex.com,Isidro,Kinney,,796-747-9352,Greer,United States,31213,Washington,848 Santa Rosa,1968-05-27,1220
crmid:6127517037,emilee2003@yandex.com,Harland,Schwartz,,518-183-1424,Shelton,United States,21284,Rhode Island,400 Walter,1968-07-04,1081
crmid:8854280380,bronchiole1834@yahoo.com,Rodrigo,Wade,male,964-340-4814,Brownsville,United States,99809,Rhode Island,824 Mission,1942-08-30,1061
crmid:5266012737,greyhen1965@outlook.com,Martin,Mccray,female,248-721-0672,Coconut Creek,United States,83599,South Carolina,558 Mandalay,1949-10-12,2970
crmid:5975445639,windswept1864@outlook.com,Aurelio,Barrera,,503-625-5542,Lino Lakes,United States,78106,Utah,1192 Crescent,1983-08-27,2979
crmid:1858245746,interhabitation2061@live.com,Chester,Lopez,,349-849-4148,Lynn,United States,95035,Wisconsin,828 Mirabel,1985-07-17,2094
crmid:5540270985,martensitic1944@live.com,Tyler,Adkins,male,415-871-2707,Cary,United States,60294,Idaho,511 Golden,1945-11-18,2614
crmid:8511834921,batch1813@yahoo.com,Wilfred,Mccarthy,,051-876-0625,Lansing,United States,09538,Oregon,1272 Auburn,1980-02-10,1708
crmid:7062000365,sarcolytic2026@live.com,Lamont,Sheppard,,512-506-5494,Goodyear,United States,91033,New Hampshire,814 Van Ness,1967-04-21,1368
crmid:6856845007,diplopod1925@gmail.com,Zachariah,Patel,,496-198-3522,Hallandale Beach,United States,20657,Texas,1370 Yale,1969-05-17,1743
crmid:4206141881,murmuringly1864@gmail.com,Tyree,Calhoun,,736-216-4791,South El Monte,United States,86515,Florida,587 Carl,1964-10-30,2356
crmid:6626187226,juliennes1922@live.com,Pablo,Morse,,396-258-3698,Franklin Park,United States,18863,Kansas,809 Garnett,1964-02-10,578
crmid:8706002919,petal1872@yandex.com,Lionel,Walsh,,855-333-3335,Santa Paula,United States,44977,Virginia,1218 Everson,1981-10-15,1203
crmid:6136717328,juliennes1818@yandex.com,Dustin,Stephens,male,460-576-1683,Bridgeton,United States,11667,Massachusetts,965 Central,1941-03-28,1274
crmid:9833112911,bastion2056@outlook.com,Celinda,Nielsen,female,990-032-5128,Royal Oak,United States,26665,Montana,155 Cayuga,1955-11-21,1944
crmid:4659536559,wabby2059@yahoo.com,Herb,Silva,male,228-974-7588,Camden,United States,99822,Nebraska,1089 Illinois,1943-11-09,2223
crmid:9992756430,schrik1980@live.com,Dexter,Lynch,,524-910-6591,Leominster,United States,81395,Montana,4 Missouri,1982-12-07,2942
crmid:5061776137,dragonade1946@gmail.com,Glenn,Albert,,449-207-6189,Holland,United States,66361,Alabama,828 Central Magazine,1972-11-24,1686
crmid:6809470240,dichter1942@gmail.com,Willis,Vaughn,,289-954-9079,Laguna Woods,United States,70891,Delaware,888 Julius,1979-12-25,401
crmid:2881685375,dominate1939@gmail.com,Renay,Greene,female,347-374-0091,Durango,United States,73423,New Mexico,735 Amatista,1956-07-12,338
crmid:7132185699,indignity1938@live.com,Renato,Jacobs,male,123-442-8047,Billings,United States,49562,Illinois,412 Jakey,1939-08-15,1714
crmid:3835982655,avestan1857@yahoo.com,Alane,Morton,female,726-723-7503,Denton,United States,76717,Kentucky,522 Potrero,1954-01-21,1298
crmid:2442558187,bernadin1836@outlook.com,Renato,Haney,,614-255-9959,Warrensburg,United States,93504,Oklahoma,1362 Santa Fe,1978-07-20,300
crmid:9371334852,chinchilla1888@live.com,Leeanna,Eaton,female,509-698-9376,Chanhassen,United States,24150,Kansas,1044 Greenough,1946-05-09,611
crmid:5354893001,steric1905@yahoo.com,Jonathan,Rasmussen,,596-232-1168,Marshfield,United States,77737,Mississippi,964 Gaven,1987-12-05,2754
crmid:6986726203,apples2031@yahoo.com,Jospeh,Mayo,male,204-081-6204,Beverly,United States,32463,Oregon,111 Sharon,1939-06-19,1013
crmid:4035717432,merchants1838@gmail.com,Brendon,Johns,male,168-372-2643,Antioch,United States,74307,Georgia,1392 Palm,1933-02-15,658
crmid:5461768946,redeployed1886@gmail.com,Kerry,Kirby,male,796-860-3891,Thomasville,United States,73857,Wyoming,591 Annie,1931-06-16,2035
crmid:4669835224,bluefin1845@outlook.com,Ali,Owens,,524-197-9333,Woodstock,United States,23068,Alabama,7 Casitas,1965-08-12,1305
crmid:2786504908,alcindor2033@outlook.com,Lowell,Stephenson,,043-907-1477,Juneau,United States,72364,Arkansas,676 Rex,1976-02-09,2979
crmid:2192328940,dogie1930@yahoo.com,Grant,Wallace,male,200-825-9674,Oakley,United States,06696,Vermont,972 Hunt,1937-10-22,1517
crmid:2271142320,electrotechnics1803@live.com,Frank,Sparks,,746-055-2408,Moreno Valley,United States,21248,North Carolina,911 Allison,1993-04-26,2098
crmid:8220383079,fidelia1884@gmail.com,Donnie,Skinner,,620-949-6330,Montgomery,United States,04801,New Jersey,592 Antonio,1992-01-04,1948
crmid:5994155194,unawakableness1996@live.com,Odis,Knapp,,025-837-3532,Fountain,United States,02744,Missouri,142 Williar,1963-01-08,1441
crmid:5724451179,sensationistic1893@gmail.com,Stanley,Downs,,796-704-5701,Lee's Summit,United States,72526,Idaho,1318 Safira,1982-12-09,735
crmid:9971363075,contradistinctive1868@yandex.com,Lachelle,Martinez,female,250-694-6473,East Point,United States,22822,Missouri,1398 Baden,1957-05-18,2280
crmid:5623699768,asperates1940@yahoo.com,Merrill,Burris,,299-357-0978,Hesperia,United States,80032,Louisiana,609 Crestmont,1971-11-03,981
crmid:3363543002,pauses1865@gmail.com,Willian,Dillard,,389-115-6678,Ocoee,United States,43720,Minnesota,204 Crestwell,1993-06-12,1520
crmid:4280363880,weinmannia1866@gmail.com,Fidel,Guy,,870-703-4579,Moses Lake,United States,07327,Mississippi,103 Cuba,1993-01-22,2302
crmid:8682321046,fortes1837@live.com,Ivey,Hudson,female,594-513-4838,Chelsea,United States,62826,Illinois,439 Stern Grove,1946-12-30,870
crmid:2410254286,unreluctantly1873@live.com,Kenia,Ochoa,female,593-969-9246,Derby,United States,52415,Alaska,464 Miguel,1954-10-25,943
