id,crmid,propensity_room_upgrade,propensity_extended_nights
orderid:335420,crmid:5572351588,7,4
orderid:660838,crmid:1215721042,5,5
orderid:119830,crmid:9682055969,7,6
orderid:783426,crmid:4228790216,4,4
orderid:566702,crmid:6326239081,4,4
orderid:950303,crmid:2467763087,6,5
orderid:620168,crmid:6306767177,3,5
orderid:389945,crmid:8207219255,4,5
orderid:161642,crmid:2455158176,5,4
orderid:297720,crmid:2441964376,8,3
orderid:267081,crmid:7487367622,6,9
orderid:470230,crmid:4107875818,3,5
orderid:930016,crmid:3637900918,3,7
orderid:931154,crmid:3923833645,4,4
orderid:999584,crmid:2922868700,4,3
orderid:625879,crmid:3391248641,4,2
orderid:477017,crmid:1150532963,5,6
orderid:956147,crmid:1627854410,4,5
orderid:385166,crmid:6865150133,3,4
orderid:974579,crmid:6136496882,4,3
orderid:134267,crmid:8115407626,2,3
orderid:630718,crmid:8445087527,4,4
orderid:595262,crmid:6535796493,4,4
orderid:422626,crmid:1179945095,8,4
orderid:891923,crmid:5702048018,3,5
orderid:724944,crmid:5822115930,5,4
orderid:773511,crmid:9027199999,4,5
orderid:811995,crmid:2608653667,4,5
orderid:138363,crmid:3650261551,5,8
orderid:340044,crmid:9183772803,2,5
orderid:376916,crmid:8008837892,4,5
orderid:499304,crmid:7061704186,5,3
orderid:377679,crmid:7391067233,5,3
orderid:261140,crmid:5024469280,4,4
orderid:702940,crmid:3776681979,6,4
orderid:124662,crmid:6653743679,2,2
orderid:195035,crmid:3555840349,3,4
orderid:963905,crmid:9694371927,5,5
orderid:180705,crmid:7146432692,8,5
orderid:676644,crmid:6208449412,4,4
orderid:143351,crmid:5141654664,3,4
orderid:342956,crmid:6961056393,4,5
orderid:640916,crmid:5748740445,4,5
orderid:138954,crmid:2654238595,4,5
orderid:573913,crmid:5703183812,3,5
orderid:704899,crmid:9440813294,3,4
orderid:786801,crmid:2589010617,3,6
orderid:276321,crmid:4748302808,8,3
orderid:277750,crmid:9613862593,3,5
orderid:478344,crmid:9298980851,4,4
orderid:247364,crmid:3494635941,4,3
orderid:949269,crmid:1906693611,5,4
orderid:782318,crmid:1245816891,4,5
orderid:492503,crmid:6908192078,4,3
orderid:794790,crmid:3553420315,5,5
orderid:777416,crmid:2661208988,4,4
orderid:136671,crmid:3706573371,4,4
orderid:880230,crmid:2474015417,5,4
orderid:567243,crmid:3908070381,3,7
orderid:585773,crmid:5483786440,4,3
orderid:916870,crmid:8906715618,4,8
orderid:865125,crmid:2035177142,6,3
orderid:611689,crmid:1517719407,5,4
orderid:456454,crmid:4673437254,5,4
orderid:277961,crmid:5245719639,3,4
orderid:385688,crmid:8200393640,5,7
orderid:267168,crmid:9193028929,4,6
orderid:106034,crmid:4376498196,5,4
orderid:766442,crmid:6060549873,5,4
orderid:209252,crmid:4817549450,5,3
orderid:394743,crmid:2418360054,4,5
orderid:342918,crmid:8162966494,4,4
orderid:785218,crmid:9809965716,6,5
orderid:551514,crmid:8405993196,6,4
orderid:452680,crmid:3570551722,8,5
orderid:149151,crmid:2386019490,8,3
orderid:823132,crmid:8295758141,3,2
orderid:720265,crmid:5553554091,3,5
orderid:557627,crmid:4015133152,5,5
orderid:318397,crmid:9088110980,4,3
orderid:363388,crmid:3763754519,4,4
orderid:399329,crmid:3300406469,3,3
orderid:321724,crmid:4027169463,3,4
orderid:847171,crmid:1153821752,4,9
orderid:754808,crmid:2831894970,3,3
orderid:680017,crmid:3996916266,4,4
orderid:727869,crmid:6150011198,6,5
orderid:320867,crmid:6342547062,2,5
orderid:683512,crmid:1474049496,5,9
orderid:703899,crmid:8458845337,4,9
orderid:829228,crmid:3822233837,4,3
orderid:618019,crmid:3960512621,3,3
orderid:907224,crmid:1007340053,8,4
orderid:962594,crmid:3940804964,5,3
orderid:744383,crmid:5588789088,4,3
orderid:400854,crmid:7224293852,4,4
orderid:857684,crmid:9346539066,5,8
orderid:542054,crmid:2173014812,4,5
orderid:258701,crmid:9729815735,4,3
orderid:193429,crmid:1351958176,5,5
orderid:770910,crmid:4379547414,8,4
orderid:358814,crmid:9652586420,5,4
orderid:767608,crmid:7800309089,4,4
orderid:644696,crmid:5001770156,5,4
orderid:350935,crmid:8479791568,5,6
orderid:375829,crmid:9421736584,7,5
orderid:792479,crmid:1439391709,3,5
orderid:618076,crmid:1824810669,4,8
orderid:545914,crmid:1787814787,8,5
orderid:913889,crmid:4516448361,4,5
orderid:791495,crmid:3445189507,5,4
orderid:603493,crmid:9521057869,5,4
orderid:514803,crmid:1149124014,3,5
orderid:798268,crmid:8889306661,4,5
orderid:456161,crmid:5352515946,2,3
orderid:457273,crmid:7691448860,5,5
orderid:351374,crmid:6208816202,3,4
orderid:312552,crmid:8909974891,2,5
orderid:665384,crmid:3867194753,3,4
orderid:684467,crmid:5193913040,6,5
orderid:302619,crmid:4584325000,4,8
orderid:208566,crmid:3726203221,4,4
orderid:216325,crmid:1531659801,4,3
orderid:620937,crmid:7927945121,4,3
orderid:221586,crmid:2268487983,8,3
orderid:833513,crmid:7958165120,4,5
orderid:178776,crmid:1762705188,4,3
orderid:824509,crmid:1783599622,3,4
orderid:131175,crmid:1737639315,4,5
orderid:674790,crmid:9605913187,4,4
orderid:791074,crmid:4990741045,5,2
orderid:867478,crmid:4814010350,3,8
orderid:433542,crmid:2422161390,3,4
orderid:663044,crmid:1305305198,2,4
orderid:901000,crmid:7867320856,3,4
orderid:467880,crmid:2635464665,4,3
orderid:603578,crmid:6494579029,4,6
orderid:684493,crmid:5759489557,2,9
orderid:850255,crmid:8132253362,9,4
orderid:308530,crmid:8798239604,6,5
orderid:848308,crmid:8230202363,6,8
orderid:911417,crmid:5460717241,4,7
orderid:478108,crmid:3899822366,4,5
orderid:286607,crmid:3100083281,5,4
orderid:659898,crmid:8812725999,5,3
orderid:882761,crmid:8244134672,4,5
orderid:365484,crmid:8147010382,4,4
orderid:364103,crmid:4472503155,2,4
orderid:794078,crmid:4685539574,2,4
orderid:237790,crmid:4766033584,4,3
orderid:583651,crmid:2335599007,3,2
orderid:615586,crmid:3410128689,2,4
orderid:976977,crmid:4167907317,4,4
orderid:906136,crmid:3361491947,4,3
orderid:873024,crmid:6017549734,5,3
orderid:667228,crmid:1727509569,6,4
orderid:655980,crmid:5831298502,3,2
orderid:249480,crmid:8493231150,3,4
orderid:379401,crmid:8306886662,4,4
orderid:100801,crmid:7097448009,5,5
orderid:921356,crmid:6127517037,5,7
orderid:640264,crmid:8854280380,4,5
orderid:104969,crmid:5266012737,4,4
orderid:709432,crmid:5975445639,2,3
orderid:753387,crmid:1858245746,3,2
orderid:196843,crmid:5540270985,4,4
orderid:136300,crmid:8511834921,4,4
orderid:247434,crmid:7062000365,6,4
orderid:234420,crmid:6856845007,4,4
orderid:528432,crmid:4206141881,8,3
orderid:974410,crmid:6626187226,4,3
orderid:913671,crmid:8706002919,6,4
orderid:541159,crmid:6136717328,4,4
orderid:551809,crmid:9833112911,4,2
orderid:989161,crmid:4659536559,5,4
orderid:263259,crmid:9992756430,4,4
orderid:872851,crmid:5061776137,8,4
orderid:461172,crmid:6809470240,3,5
orderid:320354,crmid:2881685375,4,4
orderid:696829,crmid:7132185699,5,3
orderid:222957,crmid:3835982655,8,4
orderid:716215,crmid:2442558187,2,3
orderid:636434,crmid:9371334852,3,5
orderid:980638,crmid:5354893001,4,2
orderid:144498,crmid:6986726203,4,4
orderid:119042,crmid:4035717432,10,2
orderid:344481,crmid:5461768946,5,4
orderid:312569,crmid:4669835224,3,4
orderid:165359,crmid:2786504908,5,3
orderid:484929,crmid:2192328940,3,9
orderid:175499,crmid:2271142320,3,5
orderid:534068,crmid:8220383079,3,2
orderid:969285,crmid:5994155194,3,4
orderid:226624,crmid:5724451179,3,8
orderid:654058,crmid:9971363075,4,5
orderid:231568,crmid:5623699768,4,5
orderid:975350,crmid:3363543002,9,5
orderid:291953,crmid:4280363880,2,2
orderid:798696,crmid:8682321046,5,2
orderid:173905,crmid:2410254286,5,4
