id,crmid,propensity_room_upgrade,propensity_extended_nights
c97745b4-7dd9-11ea-92e7-b88a60e194fb,crmid:6469184870,5,6
c9782fe4-7dd9-11ea-ba12-b88a60e194fb,crmid:4083403673,2,3
c9791a3e-7dd9-11ea-be27-b88a60e194fb,crmid:5433916850,8,3
c97a5338-7dd9-11ea-b761-b88a60e194fb,crmid:1865265863,4,5
c97b6422-7dd9-11ea-8bb2-b88a60e194fb,crmid:4013597420,5,4
c97c9ca8-7dd9-11ea-bc18-b88a60e194fb,crmid:1353099146,2,5
c97dae8c-7dd9-11ea-b191-b88a60e194fb,crmid:2567359346,3,7
c97f5bba-7dd9-11ea-8996-b88a60e194fb,crmid:4874513321,6,5
c9810986-7dd9-11ea-8d91-b88a60e194fb,crmid:6922889050,8,4
c98241e2-7dd9-11ea-882c-b88a60e194fb,crmid:4996730626,4,7
c983c89c-7dd9-11ea-bf5d-b88a60e194fb,crmid:6258460870,3,3
c985011a-7dd9-11ea-858d-b88a60e194fb,crmid:9020752307,4,3
c98687b0-7dd9-11ea-a493-b88a60e194fb,crmid:3346428683,5,3
c9879914-7dd9-11ea-888c-b88a60e194fb,crmid:9073938118,6,2
c988f8ae-7dd9-11ea-bf8b-b88a60e194fb,crmid:9882081246,3,5
c98a0a24-7dd9-11ea-993d-b88a60e194fb,crmid:8786793200,4,4
c98b1b88-7dd9-11ea-a853-b88a60e194fb,crmid:8314854889,5,4
c98c05de-7dd9-11ea-a096-b88a60e194fb,crmid:3307315332,4,6
c98cf040-7dd9-11ea-b88f-b88a60e194fb,crmid:7737581619,8,5
c98ddaa4-7dd9-11ea-a298-b88a60e194fb,crmid:8146363774,4,3
c98eec06-7dd9-11ea-9426-b88a60e194fb,crmid:6261843020,6,9
c98fd680-7dd9-11ea-9001-b88a60e194fb,crmid:9615349576,4,4
c990e7ee-7dd9-11ea-b135-b88a60e194fb,crmid:3611884594,3,4
c991d25a-7dd9-11ea-9d4e-b88a60e194fb,crmid:7309588144,8,4
c992e3ba-7dd9-11ea-823e-b88a60e194fb,crmid:7513550084,8,5
c9941c6c-7dd9-11ea-af6e-b88a60e194fb,crmid:8579398774,4,6
c994df92-7dd9-11ea-ac1f-b88a60e194fb,crmid:5470535424,5,9
c995f0fe-7dd9-11ea-8a76-b88a60e194fb,crmid:7473918793,4,10
c996db4a-7dd9-11ea-8d90-b88a60e194fb,crmid:9979732419,2,6
c997c5ae-7dd9-11ea-8990-b88a60e194fb,crmid:8984612402,4,3
c998d724-7dd9-11ea-8047-b88a60e194fb,crmid:3845520495,5,3
c99a0fc0-7dd9-11ea-9d52-b88a60e194fb,crmid:6466054484,7,3
c99b2100-7dd9-11ea-b6ef-b88a60e194fb,crmid:2590869808,5,4
c99c5994-7dd9-11ea-9e30-b88a60e194fb,crmid:8469594847,8,5
c99db91e-7dd9-11ea-bb80-b88a60e194fb,crmid:2728003434,2,10
c99f66c8-7dd9-11ea-ae02-b88a60e194fb,crmid:1883332788,5,4
c9a0782e-7dd9-11ea-b651-b88a60e194fb,crmid:8606411925,3,3
c9a1b0cc-7dd9-11ea-8ac7-b88a60e194fb,crmid:3854877352,8,4
c9a2e948-7dd9-11ea-83d5-b88a60e194fb,crmid:5144058852,2,2
c9a3d39a-7dd9-11ea-95f9-b88a60e194fb,crmid:7414123766,4,8
c9a50c12-7dd9-11ea-979a-b88a60e194fb,crmid:8834302943,3,8
c9a64498-7dd9-11ea-ad7e-b88a60e194fb,crmid:3297131878,4,5
c9a755fe-7dd9-11ea-8b81-b88a60e194fb,crmid:3509600146,3,5
c9a84074-7dd9-11ea-9a79-b88a60e194fb,crmid:7438940517,4,4
c9a92ad4-7dd9-11ea-b097-b88a60e194fb,crmid:3249393142,3,4
c9aa3c3e-7dd9-11ea-a67f-b88a60e194fb,crmid:2647358515,3,5
c9ab755a-7dd9-11ea-92d6-b88a60e194fb,crmid:2828259227,7,3
c9ac8652-7dd9-11ea-b39d-b88a60e194fb,crmid:6087284149,3,5
c9ad97be-7dd9-11ea-87d8-b88a60e194fb,crmid:3602296845,5,3
c9ae820c-7dd9-11ea-b5c2-b88a60e194fb,crmid:5954494138,4,5
c9afbb3a-7dd9-11ea-9af7-b88a60e194fb,crmid:5274944035,5,8
c9b11a58-7dd9-11ea-a487-b88a60e194fb,crmid:5823044255,3,4
c9b25290-7dd9-11ea-a730-b88a60e194fb,crmid:7969165567,10,5
c9b363e6-7dd9-11ea-96c1-b88a60e194fb,crmid:1956898482,4,6
c9b49c6e-7dd9-11ea-af07-b88a60e194fb,crmid:5035919634,8,4
c9b5ae68-7dd9-11ea-ab1b-b88a60e194fb,crmid:8310864875,5,5
c9b75b92-7dd9-11ea-8829-b88a60e194fb,crmid:9118882776,5,2
c9b89406-7dd9-11ea-b42f-b88a60e194fb,crmid:2863109958,6,3
c9b97e82-7dd9-11ea-978b-b88a60e194fb,crmid:8859716867,4,4
c9ba93b4-7dd9-11ea-8f3d-b88a60e194fb,crmid:5464112953,6,5
c9bba3f0-7dd9-11ea-88bd-b88a60e194fb,crmid:7856472654,4,5
c9bcb550-7dd9-11ea-b441-b88a60e194fb,crmid:2803709518,4,5
c9bd78b4-7dd9-11ea-bbcc-b88a60e194fb,crmid:4575742652,2,5
c9be6310-7dd9-11ea-9db8-b88a60e194fb,crmid:8000576680,3,4
c9bf4dc0-7dd9-11ea-ac9c-b88a60e194fb,crmid:9093337451,3,5
c9c05ee2-7dd9-11ea-9e0e-b88a60e194fb,crmid:2817968283,4,4
c9c17058-7dd9-11ea-9519-b88a60e194fb,crmid:8917236177,5,4
c9c28276-7dd9-11ea-a722-b88a60e194fb,crmid:5255831500,2,5
c9c393e4-7dd9-11ea-acd9-b88a60e194fb,crmid:5651606446,5,3
c9c4569e-7dd9-11ea-a729-b88a60e194fb,crmid:6387217821,2,10
c9c567f6-7dd9-11ea-b842-b88a60e194fb,crmid:3819400016,4,2
c9c7b1da-7dd9-11ea-8a8d-b88a60e194fb,crmid:3213124917,6,9
c9c8c3ca-7dd9-11ea-be56-b88a60e194fb,crmid:3500790725,4,9
c9c9ada4-7dd9-11ea-be13-b88a60e194fb,crmid:8682413235,5,3
c9ca9806-7dd9-11ea-b1af-b88a60e194fb,crmid:7606795144,3,6
c9cbd0ac-7dd9-11ea-ba9b-b88a60e194fb,crmid:8646712449,3,7
c9cce20c-7dd9-11ea-9d75-b88a60e194fb,crmid:4833807555,5,3
c9ce1a66-7dd9-11ea-b746-b88a60e194fb,crmid:3496037240,4,5
c9cf52df-7dd9-11ea-ae71-b88a60e194fb,crmid:1650290807,3,2
c9d06448-7dd9-11ea-8edb-b88a60e194fb,crmid:7773319847,4,5
c9d127a2-7dd9-11ea-a662-b88a60e194fb,crmid:2883702084,5,2
c9d21206-7dd9-11ea-85d4-b88a60e194fb,crmid:3122059351,4,4
c9d2fc5c-7dd9-11ea-afe3-b88a60e194fb,crmid:8735316228,4,4
c9d3e6c2-7dd9-11ea-9ecb-b88a60e194fb,crmid:8201347280,8,5
c9d4d119-7dd9-11ea-b936-b88a60e194fb,crmid:7419530433,5,9
c9d5e290-7dd9-11ea-85b0-b88a60e194fb,crmid:2636400860,7,5
c9d6cce2-7dd9-11ea-b71a-b88a60e194fb,crmid:1812291761,3,4
c9d7b762-7dd9-11ea-8d2d-b88a60e194fb,crmid:4024537271,6,4
c9d8c8b4-7dd9-11ea-8a72-b88a60e194fb,crmid:6714776820,8,4
c9d9b31c-7dd9-11ea-ab4a-b88a60e194fb,crmid:8949684767,7,4
c9da9d78-7dd9-11ea-a993-b88a60e194fb,crmid:2810377421,6,3
c9db60cc-7dd9-11ea-9b87-b88a60e194fb,crmid:3164080616,5,3
c9dc4b1e-7dd9-11ea-89b7-b88a60e194fb,crmid:6838839039,4,4
c9dd5eb0-7dd9-11ea-b56b-b88a60e194fb,crmid:9263387491,9,5
c9de485c-7dd9-11ea-b2bb-b88a60e194fb,crmid:7605172970,5,4
c9df588c-7dd9-11ea-85ee-b88a60e194fb,crmid:4005824449,5,9
c9e042d8-7dd9-11ea-84c7-b88a60e194fb,crmid:1406523344,5,4
c9e12d2c-7dd9-11ea-baa2-b88a60e194fb,crmid:1422225158,2,6
c9e218f4-7dd9-11ea-a5b4-b88a60e194fb,crmid:5577504594,5,3
c9e59a30-7dd9-11ea-a35e-b88a60e194fb,crmid:4740084863,4,3
c9e6d276-7dd9-11ea-9334-b88a60e194fb,crmid:3853732287,10,5
c9e80b00-7dd9-11ea-9277-b88a60e194fb,crmid:1117236462,6,3
c9e96a9a-7dd9-11ea-987d-b88a60e194fb,crmid:5717256178,2,8
c9eb183a-7dd9-11ea-a91f-b88a60e194fb,crmid:9931537447,3,4
c9ec77c8-7dd9-11ea-b9e6-b88a60e194fb,crmid:7257364855,4,2
c9edfe5e-7dd9-11ea-9985-b88a60e194fb,crmid:1091810622,4,1
c9ef85f0-7dd9-11ea-a2b2-b88a60e194fb,crmid:1803817439,3,4
c9f09670-7dd9-11ea-9589-b88a60e194fb,crmid:8086507407,5,9
c9f1f5e8-7dd9-11ea-9e70-b88a60e194fb,crmid:1352451109,3,5
c9f32e9c-7dd9-11ea-bdc7-b88a60e194fb,crmid:2231008673,4,7
c9f46788-7dd9-11ea-91e2-b88a60e194fb,crmid:7869957477,5,4
c9f59f7e-7dd9-11ea-813a-b88a60e194fb,crmid:8208649502,10,5
c9f6b0de-7dd9-11ea-90a1-b88a60e194fb,crmid:1503860885,4,4
c9f7c26e-7dd9-11ea-9ede-b88a60e194fb,crmid:8383581835,4,8
c9f9707e-7dd9-11ea-9006-b88a60e194fb,crmid:6524460211,8,3
c9faa890-7dd9-11ea-9fe4-b88a60e194fb,crmid:2219746083,3,5
c9fbe10a-7dd9-11ea-b906-b88a60e194fb,crmid:5125260562,4,5
c9fcf27a-7dd9-11ea-9ca7-b88a60e194fb,crmid:1383174704,6,10
c9fe5228-7dd9-11ea-b1cd-b88a60e194fb,crmid:5330287655,3,4
c9ffb18a-7dd9-11ea-841f-b88a60e194fb,crmid:9990288698,5,3
ca015fa2-7dd9-11ea-bb19-b88a60e194fb,crmid:2808179606,4,3
ca0270a8-7dd9-11ea-a900-b88a60e194fb,crmid:5508111559,3,6
ca03d034-7dd9-11ea-a190-b88a60e194fb,crmid:3670471909,5,3
ca0556e4-7dd9-11ea-acdd-b88a60e194fb,crmid:6729332038,1,9
ca072b9c-7dd9-11ea-9572-b88a60e194fb,crmid:4616261965,4,3
ca08d962-7dd9-11ea-a6e6-b88a60e194fb,crmid:5160372737,7,4
ca0a609c-7dd9-11ea-8f79-b88a60e194fb,crmid:7125129300,4,6
ca0b986e-7dd9-11ea-80ed-b88a60e194fb,crmid:7643011496,5,4
ca0cd0d2-7dd9-11ea-bd43-b88a60e194fb,crmid:9727706302,4,3
ca0e0966-7dd9-11ea-8d01-b88a60e194fb,crmid:8041902109,3,5
ca0f9008-7dd9-11ea-89de-b88a60e194fb,crmid:9743314815,5,7
ca10ef8c-7dd9-11ea-b899-b88a60e194fb,crmid:1986547297,5,8
ca12281a-7dd9-11ea-bfc3-b88a60e194fb,crmid:4376755483,5,5
ca13609e-7dd9-11ea-85f4-b88a60e194fb,crmid:3948155616,4,3
ca14991e-7dd9-11ea-82bd-b88a60e194fb,crmid:6840254578,3,3
ca15aa98-7dd9-11ea-91fe-b88a60e194fb,crmid:4545752260,5,5
ca16bbe8-7dd9-11ea-9687-b88a60e194fb,crmid:5467225509,4,5
ca17ce86-7dd9-11ea-bfa0-b88a60e194fb,crmid:4469070377,4,6
ca18dff4-7dd9-11ea-85eb-b88a60e194fb,crmid:2497697421,4,3
ca1a18e4-7dd9-11ea-997b-b88a60e194fb,crmid:2744170901,3,3
ca1b01f0-7dd9-11ea-8e47-b88a60e194fb,crmid:9009981090,5,4
ca1c131e-7dd9-11ea-ba44-b88a60e194fb,crmid:4922315831,4,4
ca1cfeda-7dd9-11ea-9779-b88a60e194fb,crmid:3809962215,5,4
ca1dc212-7dd9-11ea-a039-b88a60e194fb,crmid:9870177087,3,3
ca1e857a-7dd9-11ea-9745-b88a60e194fb,crmid:5377599760,4,7
ca1f95cc-7dd9-11ea-8d81-b88a60e194fb,crmid:3618782350,4,3
ca20ce18-7dd9-11ea-b024-b88a60e194fb,crmid:3343081409,4,9
ca222d9e-7dd9-11ea-8393-b88a60e194fb,crmid:9719814385,5,4
ca236612-7dd9-11ea-99f6-b88a60e194fb,crmid:9284874404,6,6
ca249eb0-7dd9-11ea-acfc-b88a60e194fb,crmid:8023095426,5,8
ca25d730-7dd9-11ea-84ee-b88a60e194fb,crmid:1952911279,3,4
ca2736ba-7dd9-11ea-b437-b88a60e194fb,crmid:1341710150,4,5
ca286f26-7dd9-11ea-8e4b-b88a60e194fb,crmid:9146961686,5,1
ca29f664-7dd9-11ea-9dc6-b88a60e194fb,crmid:9066865023,5,4
ca2b557a-7dd9-11ea-a1cc-b88a60e194fb,crmid:9017840910,3,4
ca2d0370-7dd9-11ea-bab9-b88a60e194fb,crmid:4299619022,5,4
ca2e62a6-7dd9-11ea-a3bc-b88a60e194fb,crmid:9880231832,3,3
ca2f9b28-7dd9-11ea-bc7c-b88a60e194fb,crmid:6914747519,4,4
ca30d3b6-7dd9-11ea-a6be-b88a60e194fb,crmid:7083224541,3,4
ca32a83e-7dd9-11ea-9824-b88a60e194fb,crmid:1358770957,4,8
ca33e0b6-7dd9-11ea-88d9-b88a60e194fb,crmid:1534804086,3,4
ca34f26c-7dd9-11ea-9c49-b88a60e194fb,crmid:8007625673,4,7
ca3678f6-7dd9-11ea-8400-b88a60e194fb,crmid:4533904039,4,5
ca378a78-7dd9-11ea-be89-b88a60e194fb,crmid:7949109628,7,3
ca38c348-7dd9-11ea-a61a-b88a60e194fb,crmid:7190066820,2,7
ca39d44c-7dd9-11ea-8cf6-b88a60e194fb,crmid:3391789324,9,3
ca3b0e34-7dd9-11ea-8314-b88a60e194fb,crmid:2679110138,5,6
ca3c9374-7dd9-11ea-9cf4-b88a60e194fb,crmid:6515473085,4,4
ca3e6802-7dd9-11ea-b872-b88a60e194fb,crmid:8224207535,2,6
ca3feeba-7dd9-11ea-8c9d-b88a60e194fb,crmid:8651998581,5,3
ca41274a-7dd9-11ea-9369-b88a60e194fb,crmid:7526018049,4,3
ca423934-7dd9-11ea-9296-b88a60e194fb,crmid:3844151718,4,4
ca439830-7dd9-11ea-a545-b88a60e194fb,crmid:4354414945,4,5
ca44f7d8-7dd9-11ea-ba2f-b88a60e194fb,crmid:9245157728,4,5
ca460926-7dd9-11ea-8a7b-b88a60e194fb,crmid:4368428496,10,5
ca46f392-7dd9-11ea-a842-b88a60e194fb,crmid:1074424903,5,3
ca482c0c-7dd9-11ea-bab5-b88a60e194fb,crmid:1540673594,4,3
ca49661e-7dd9-11ea-a9d6-b88a60e194fb,crmid:5331095193,4,3
ca4a7606-7dd9-11ea-ab33-b88a60e194fb,crmid:7360204001,4,3
ca4bae80-7dd9-11ea-b29a-b88a60e194fb,crmid:1171447049,5,4
ca4ce6fe-7dd9-11ea-8d38-b88a60e194fb,crmid:8404887158,4,4
ca4e94ae-7dd9-11ea-8914-b88a60e194fb,crmid:4807324911,5,4
ca501b40-7dd9-11ea-aab6-b88a60e194fb,crmid:8501943448,3,3
ca51a1e4-7dd9-11ea-ac91-b88a60e194fb,crmid:4489753564,5,2
ca52da8a-7dd9-11ea-8c24-b88a60e194fb,crmid:3936654549,5,3
ca543a0c-7dd9-11ea-9ead-b88a60e194fb,crmid:9956947295,7,6
ca554b74-7dd9-11ea-b6e8-b88a60e194fb,crmid:6515882830,9,5
ca565cee-7dd9-11ea-b612-b88a60e194fb,crmid:9713816216,1,4
ca57e370-7dd9-11ea-aabf-b88a60e194fb,crmid:4954699146,3,6
ca594306-7dd9-11ea-96ae-b88a60e194fb,crmid:7067658623,5,5
ca5a7b86-7dd9-11ea-b66f-b88a60e194fb,crmid:3249301557,5,3
ca5b8d5e-7dd9-11ea-be04-b88a60e194fb,crmid:3300853753,2,4
ca5d1394-7dd9-11ea-aa43-b88a60e194fb,crmid:3767958339,3,3
ca5e7334-7dd9-11ea-8c8c-b88a60e194fb,crmid:7322844110,4,2
ca5fd29a-7dd9-11ea-a8d7-b88a60e194fb,crmid:5918929627,4,3
ca610b24-7dd9-11ea-a423-b88a60e194fb,crmid:4330719495,3,7
ca621c9c-7dd9-11ea-840a-b88a60e194fb,crmid:1538306817,4,8
ca632f88-7dd9-11ea-855e-b88a60e194fb,crmid:2288522500,9,4
ca64419c-7dd9-11ea-8479-b88a60e194fb,crmid:5407684214,4,4
ca652b52-7dd9-11ea-8844-b88a60e194fb,crmid:2242661869,5,5
