crmid,email,first_name,last_name,gender,mobile_telephone,city,country,zip,state,street_address,birthday,creditrating
crmid:3996293311,precast1950@live.com,Vance,Ware,male,525-900-0162,Nashville,United States,50998,Tennessee,604 Valley,1995-09-23,2396
crmid:7112578369,leopard1815@yahoo.com,Zonia,Humphrey,female,415-579-1760,Daly City,United States,94350,Indiana,377 Saint Marys,1952-09-15,2345
crmid:5510019922,oyster1921@yahoo.com,Elenora,Caldwell,female,989-865-9774,Cincinnati,United States,81165,Louisiana,1327 Jack Kerouac,1947-03-05,1680
crmid:6559221163,polyparies1865@live.com,John,Sharpe,,412-089-1750,Homestead,United States,08362,Washington,955 Crisp,1973-02-09,2630
crmid:7521879392,estheticism1961@live.com,Carl,Cain,female,831-801-9638,Duncanville,United States,04238,Massachusetts,1355 Dehon,1956-02-05,679
crmid:1834310622,dresel1963@yahoo.com,Royce,Chandler,,499-229-0636,Long Branch,United States,72043,Massachusetts,883 Red Rock,1984-09-09,1159
crmid:9225155500,yoks1971@yahoo.com,Mckenzie,Langley,female,733-521-2489,Conroe,United States,77568,South Dakota,815 Maiden,1950-12-24,534
crmid:1327175132,confused1890@gmail.com,Maegan,Cox,female,035-883-2354,Pascagoula,United States,12567,Louisiana,1242 Ludlow,1950-06-07,1531
crmid:5976323077,forecastlehead2049@outlook.com,Homer,Clemons,male,595-405-5155,Southlake,United States,01746,Rhode Island,1079 Coldspring,1932-05-06,433
crmid:7446854571,unbesmeared1944@yandex.com,Haywood,Hernandez,,098-166-9471,North Lauderdale,United States,95244,Texas,706 Garrison,1998-09-11,2639
crmid:8893537774,begley1859@live.com,Scotty,Fischer,male,363-560-8621,Benton,United States,54813,Tennessee,1109 Marist,1938-09-10,1801
crmid:1319241216,unimitated2011@gmail.com,Howard,Lamb,male,231-876-3745,Carbondale,United States,25012,Illinois,1247 Fauntleroy,1944-05-17,1287
crmid:8248318237,embryony1946@outlook.com,Dalton,Ford,,147-104-8836,North Little Rock,United States,25992,Delaware,1211 Lansdale,1998-05-26,2286
crmid:9618759579,cupper1839@live.com,Dante,Nichols,,085-121-0295,Romulus,United States,59752,Alaska,258 Aquavista,1973-11-18,2136
crmid:3682871283,thrower1980@yandex.com,Jeffry,Gross,,855-114-7848,Kalispell,United States,37372,Hawaii,1213 Cumberland,1976-06-23,564
crmid:8285681375,unaborted1940@gmail.com,Albertine,Sandoval,female,665-759-3891,Culver City,United States,60702,Louisiana,1163 Spreckels Lake,1952-11-19,1353
crmid:6652290167,bookmaker1954@live.com,Roland,Aguirre,male,255-409-8713,Bell,United States,48823,Louisiana,1030 Taber,1937-08-01,2708
crmid:1020961309,trafflike1889@outlook.com,Julene,Finley,female,411-436-4357,Davenport,United States,62014,Hawaii,19 Cottonwood,1953-12-08,2362
crmid:7552420848,coner1928@gmail.com,Lawrence,Lambert,,120-035-2533,Marshalltown,United States,73838,North Carolina,896 Alder,1987-12-30,888
crmid:7830813413,efficient1898@yandex.com,Evan,Williamson,,193-522-3284,Moscow,United States,74312,Illinois,557 Coleman,1993-12-21,2870
crmid:4355950589,antisun2043@live.com,Royal,Roman,,244-271-0765,Santa Ana,United States,67727,Kentucky,784 Stanford Heights,1999-12-26,1829
crmid:6049659330,endoperidial1977@yahoo.com,Rocco,Rutledge,,856-324-5635,Pinole,United States,84394,Minnesota,1358 Britton,1992-07-13,452
crmid:7276629757,foreordaining2070@outlook.com,Galen,Price,,315-006-4152,Santa Maria,United States,43975,North Carolina,1048 Parkridge,1986-05-12,922
crmid:4007320689,strawsmall1987@gmail.com,Tamala,Glover,female,027-929-0336,Colonial Heights,United States,41302,Iowa,495 Maxwell,1949-08-11,463
crmid:2403097097,artaba1929@yandex.com,Bebe,Buck,female,566-408-9179,Davenport,United States,61870,Minnesota,1286 Maywood,1953-11-02,2258
crmid:8614557832,holk1986@yahoo.com,Peter,Johns,male,136-680-2282,New Port Richey,United States,09483,Vermont,682 Myra,1996-01-31,2006
crmid:8584594534,untightened1949@outlook.com,Rick,Hill,,831-063-6277,Galveston,United States,62646,Maine,674 Merrill,1965-12-19,1445
crmid:2609065241,autogiro1850@yandex.com,Ambrose,Burris,,553-197-1342,Fond du Lac,United States,67413,Alabama,1075 Westgate,1962-11-06,559
crmid:6590156270,aouad1919@yahoo.com,Elsy,Gibbs,female,392-122-1057,West Allis,United States,11677,Texas,462 Alder,1955-03-11,2973
crmid:2152238458,christoffel1942@gmail.com,Devin,Mills,,371-850-9934,Livonia,United States,06768,Massachusetts,1333 Karen,1983-01-13,1294
crmid:6732443312,interflow1905@gmail.com,Cory,Zamora,,331-781-8141,Trenton,United States,52710,Ohio,458 Gateview 3,1999-07-08,2711
crmid:9069632491,kloof1974@live.com,Lemuel,Maynard,male,852-379-4640,St. Louis,United States,03625,New Mexico,1330 Van Keuren,1939-12-12,1129
crmid:6325942068,calcinosis1901@yahoo.com,Santiago,Cabrera,,908-953-0982,Morganton,United States,22177,Kentucky,429 Bishop,1993-05-19,1232
crmid:3269560606,elevator2023@gmail.com,Lynsey,Wise,female,829-670-1064,Stow,United States,53814,New Jersey,608 India,1994-03-11,1116
crmid:4530732842,salamander2052@yahoo.com,Keren,Brennan,female,756-384-0556,Wichita Falls,United States,20360,New Jersey,1314 West Portal,1957-05-04,756
crmid:4475465219,cajuputs1883@yandex.com,Gene,Norman,,400-695-5720,Springdale,United States,20661,Hawaii,906 Reeves,1964-07-01,1830
crmid:4923459941,middlesplitter1932@gmail.com,Shandi,Hartman,female,849-614-5761,Corinth,United States,47428,New Jersey,982 Donahue,1950-08-13,2879
crmid:5346448818,dropping2048@live.com,Giuseppe,Mccarthy,male,422-782-6115,Anacortes,United States,29895,Indiana,768 Kiska,1932-04-19,1598
crmid:9816817527,chotts1830@outlook.com,Fredrick,Waters,male,604-961-9782,Schertz,United States,19224,New Jersey,259 Recycle,1945-04-30,2591
crmid:3720458077,pipsqueak1959@yahoo.com,Eddie,Emerson,male,201-885-6795,Annapolis,United States,62282,California,265 Prado,1933-11-06,489
crmid:2343584626,adiana1872@outlook.com,Lenard,Horn,,447-408-9339,Milwaukie,United States,31451,Nevada,998 Cook,1991-06-05,469
crmid:4302121838,kittenship1992@yandex.com,Rodger,Barrett,,245-305-2960,McAllen,United States,72413,Maine,820 Ambrose Bierce,1988-06-09,1497
crmid:6709667370,cessna1988@live.com,Deane,Flores,female,158-162-9872,Thousand Oaks,United States,12368,Idaho,1161 Raleigh,1953-02-10,2340
crmid:3533457485,carnations1986@yandex.com,Williams,Riddle,male,501-159-0192,Buckeye,United States,52350,Idaho,229 Mcallister,1942-10-25,2141
crmid:8273567630,parietals2042@yahoo.com,Akilah,Chang,female,210-200-6325,Pearland,United States,91084,Massachusetts,1131 Henry Adams,1952-01-06,796
crmid:6569665151,abominated1906@gmail.com,Teodoro,Matthews,male,565-583-5176,Providence,United States,67502,Oregon,1027 Underwood,1933-09-18,1476
crmid:7899855244,quibblers1970@yandex.com,Salvador,Mccarthy,male,112-935-4924,Burton,United States,65972,Florida,826 Irving,1943-10-17,1166
crmid:5110687993,diene1903@yahoo.com,An,Lucas,female,772-727-4814,Dodge City,United States,08827,Nevada,250 Harriet,1955-01-18,2330
crmid:7684350342,estherian1955@outlook.com,Luvenia,Slater,female,232-564-0397,Saratoga,United States,29887,Oklahoma,187 Liggett,1957-12-28,2193
crmid:2960942931,deceive1823@yandex.com,Franklin,Bass,,720-089-4705,Maryland Heights,United States,98052,Illinois,912 Bell,1987-12-27,2625
crmid:6023970359,landowning2054@outlook.com,Marlon,Noel,,487-710-4590,Pompano Beach,United States,40355,New York,879 Lapham,1987-05-03,1444
crmid:8683782388,colias1921@gmail.com,Young,Sargent,,954-914-0739,Henderson,United States,16878,Utah,849 Hays,1971-03-13,1278
crmid:9783410599,streamliner2030@outlook.com,Cole,Farrell,,631-437-6705,Yucca Valley,United States,64215,New Hampshire,691 Public,1974-08-04,547
crmid:8333295913,clone1976@outlook.com,Conrad,Gaines,male,331-300-2244,Pelham,United States,78093,Texas,830 Vega,1935-02-11,2715
crmid:5523637055,insuree1845@gmail.com,Asley,Pitts,female,213-065-9864,Chicago Heights,United States,70039,Maine,628 East,1947-12-24,535
crmid:3323793137,aichmophobia1938@yandex.com,Benito,Kidd,,862-201-9357,Lansing,United States,61906,New Mexico,707 John F Kennedy,1980-11-13,1369
crmid:4363556038,loudmouthed1920@live.com,Basil,Chan,male,257-829-7576,Redwood City,United States,56032,Hawaii,1180 Gorham,1942-11-02,2758
crmid:3342835736,alaite1965@yandex.com,Heike,Morrow,female,059-729-4521,Colorado Springs,United States,66136,Illinois,13 Tubbs,1949-11-07,923
crmid:6390461351,misdeemed1910@gmail.com,Bret,Cotton,male,307-671-7460,Phenix City,United States,50023,California,250 Bayside Village,1933-02-07,552
crmid:2289790247,minima1941@gmail.com,Merilyn,Bartlett,female,238-307-3179,Chandler,United States,93656,Louisiana,582 Cragmont,1946-11-12,2095
crmid:9630922034,butting2025@live.com,Pia,Pitts,female,882-408-4619,North Plainfield,United States,27308,Maryland,185 Kate,1999-04-14,2439
crmid:6401088582,bepimpling1857@yandex.com,Renaldo,Joyce,,365-246-2888,Menasha,United States,05416,Hawaii,384 Martinez,1989-01-19,968
crmid:6219504895,apama2018@live.com,Chi,Brock,male,693-403-5821,Safety Harbor,United States,11323,Kentucky,537 Maywood,1945-02-04,1832
crmid:5959850925,axiomatic1842@yahoo.com,Stepanie,Holcomb,female,596-441-0082,Wentzville,United States,14376,Colorado,1105 Kaplan,1949-08-14,512
crmid:4042980491,bouncer1847@live.com,Granville,Shaw,,401-333-7186,Southgate,United States,43162,New Jersey,189 Bartol,1981-01-12,2956
crmid:4041115162,goldfinch2028@live.com,Gerry,Dyer,male,562-669-8074,Carteret,United States,72866,Utah,1376 Woodside,1944-04-09,497
crmid:6526095902,incompletion1894@live.com,Usha,Conrad,female,314-258-6906,Delano,United States,59541,Massachusetts,994 Donner,1954-10-30,1655
crmid:7884803658,casas1825@yandex.com,Art,Vincent,,817-168-3247,Hamtramck,United States,10968,Arkansas,598 Bertha,1969-04-07,874
crmid:6263540847,eyebrow1884@live.com,Luciano,Cruz,male,111-537-8810,Brea,United States,33111,Georgia,1034 La Playa,1941-06-07,686
crmid:1077564916,symphoricarpos1916@yahoo.com,Antione,Rowland,,569-525-1582,Roselle,United States,98477,Kentucky,466 Aptos,1983-01-14,2504
crmid:4719084267,berberine1923@yahoo.com,Clinton,Curtis,male,758-701-0249,Baltimore,United States,62648,Washington,1 Rincon,1935-11-04,2669
crmid:1884487449,bulbilla1919@gmail.com,Zane,Morgan,,848-781-2625,Fort Lee,United States,12695,Iowa,945 Worcester,1963-04-12,2895
crmid:1713495613,devera1832@gmail.com,Chanelle,Alvarado,female,691-845-9036,Woonsocket,United States,10656,Delaware,340 Clarion,1946-02-01,2436
crmid:3538741847,desynonymization1974@gmail.com,Danuta,Francis,female,995-925-4639,Sheboygan,United States,12637,Hawaii,42 Twin Peaks,1954-02-10,2687
crmid:2960906898,setae2044@yahoo.com,Benton,Pace,,735-203-8824,Pleasanton,United States,66529,Utah,272 Industrial,1976-09-27,351
crmid:8554319072,penicilliform1942@outlook.com,Greg,Faulkner,male,343-315-0200,Palm Beach Gardens,United States,02666,Nebraska,1199 Peninsula,1942-04-09,2461
crmid:9403503425,computerise1837@outlook.com,Gaylord,Morgan,,618-351-9740,Wauwatosa,United States,25292,California,1356 Dawson,1962-03-18,2540
crmid:3290759228,celtish2008@yahoo.com,Conrad,Stevens,male,466-279-7075,Brookings,United States,13744,Tennessee,1281 Cushman,1942-02-28,1746
crmid:8216660023,phonophoric1953@yahoo.com,Kasey,Vasquez,male,861-241-8994,St. Paul,United States,08328,South Dakota,271 James,1936-06-29,1414
crmid:8769131829,blackest1950@live.com,Scot,Rice,,637-393-2794,Greenfield,United States,96005,Montana,1308 Amethyst,1968-10-31,1090
crmid:4195747740,evangelian2028@yandex.com,Rolland,Bond,,539-568-1105,West Springfield,United States,55846,Colorado,1144 Cypress,1995-06-18,1715
crmid:5127186423,reddeer2036@yandex.com,Kera,Fitzgerald,female,908-602-0238,Dalton,United States,21996,Alabama,553 Corbett,1952-05-10,624
crmid:7863470757,unrecorded2030@yahoo.com,Kip,Carney,,558-012-4460,Hammond,United States,84329,Pennsylvania,227 Rotteck,1969-06-15,2302
crmid:6265714995,hymenium2028@outlook.com,Eryn,Sosa,female,961-633-3751,Rock Hill,United States,29874,Montana,338 Hillway,1961-10-31,1257
crmid:8074498393,sylvanitic2055@yandex.com,Claud,Wong,,703-611-2998,Havelock,United States,64992,New York,379 Ellert,1970-11-14,1036
crmid:7329170491,raphia1911@gmail.com,Octavio,Kerr,,118-650-7569,Los Gatos,United States,46940,Oklahoma,561 Golden Gate,1984-07-13,2129
crmid:3504334078,codens1804@live.com,Zane,Love,male,621-156-6433,Calumet City,United States,54062,Delaware,249 Shields,1943-10-18,2821
crmid:3952174469,cocoa1855@gmail.com,Sydney,Valenzuela,,282-095-6066,Hinesville,United States,70498,South Carolina,1298 Clover,1972-11-01,2645
crmid:9089584399,brachiopode2068@live.com,Charles,Hicks,,989-014-4207,Urbana,United States,41042,Delaware,654 Westbrook,1983-02-10,2927
crmid:8119252225,blacktongue1872@yandex.com,Jimmie,Collier,,061-504-8463,Liberal,United States,51320,Georgia,8 Mandalay,1982-10-12,1640
crmid:9462386276,awesome2003@yandex.com,Garret,Britt,male,686-389-0316,Carlisle,United States,81479,Utah,1241 Acadia,1944-04-04,346
crmid:2235786787,brocade1843@yahoo.com,Jarvis,Macias,,494-073-7830,Somerville,United States,41429,Minnesota,1206 Cargo,1990-09-04,1563
crmid:2088298201,underreader1852@live.com,Patrick,Acevedo,,635-953-1696,Forest Lake,United States,92802,South Carolina,22 Montgomery,1962-04-04,2034
crmid:4899006306,middlesplitter1830@yahoo.com,Darell,Simmons,,656-348-8979,Sun Prairie,United States,40120,South Carolina,1223 Compton,1986-04-01,2516
crmid:4152652471,champ1977@outlook.com,Giovanni,Keller,,843-147-7565,Lexington,United States,15468,Minnesota,511 Niantic,1982-03-13,1676
crmid:7546427206,spiritually1952@yandex.com,Bryanna,Peterson,female,017-732-5629,Corona,United States,57881,Florida,710 John,1950-10-02,1462
crmid:8092936202,boutade1927@gmail.com,Raphael,Banks,male,295-048-5667,Alexandria,United States,84732,Kansas,1063 Rockland,1931-08-02,2270
crmid:5554441605,diving1868@gmail.com,Patience,Snow,female,582-628-9478,Sumter,United States,28615,Connecticut,1118 Jack London,1957-07-27,989
crmid:7138358861,woodcrafty1839@yahoo.com,Leslie,Cole,male,533-996-3826,Wichita,United States,01234,Kansas,641 Mountview,1932-06-06,861
crmid:5736528838,pipits1958@gmail.com,Rufus,Henry,,183-960-3746,Stamford,United States,44403,Georgia,645 Zanowitz,1990-04-16,1446
crmid:7506624330,compatriot1954@gmail.com,Porter,Lindsay,,223-370-4211,Wake Forest,United States,20650,South Carolina,419 Levant,1966-04-01,646
crmid:9059642812,reamalgamated2032@live.com,Dirk,Williams,,441-084-6669,North Canton,United States,44995,Montana,977 Staples,1998-08-22,727
crmid:4059163653,borrelli1932@live.com,Scottie,Ayala,female,779-118-4741,Conroe,United States,46312,Washington,1089 Ewing,1950-08-01,2958
crmid:9455206119,disgracer1892@gmail.com,Demetrius,Cardenas,,790-559-3907,Lake Oswego,United States,25191,Michigan,483 Banneker,1980-04-15,2364
crmid:8618342001,immerging2047@yandex.com,Miesha,Mcconnell,female,062-607-2297,Decatur,United States,95709,Hawaii,1344 La Ferrera,1953-06-19,2985
crmid:3261963168,swallow2017@yahoo.com,Remona,Perkins,female,697-772-7225,Euclid,United States,43469,Washington,736 Old Decatur,1960-07-23,869
crmid:6279598952,unprecipitantly2004@live.com,Ross,Wilson,male,386-427-5978,Boulder,United States,44320,Arkansas,981 Albatross,1940-08-31,2500
crmid:3635292413,electroretinography1874@yandex.com,Nicky,King,,528-499-5747,Shawnee,United States,92941,Georgia,1144 Lapu-Lapu,1979-04-14,2692
crmid:7468647508,tuatera1862@outlook.com,Marquis,Lang,male,347-028-5725,Camarillo,United States,35134,Virginia,189 Catalina,1943-07-17,881
crmid:3002245456,revetoed1935@gmail.com,Georgianne,Warren,female,899-784-9845,Ottumwa,United States,81610,Kentucky,358 Potomac,1947-10-25,2139
crmid:8905052119,kindle1862@live.com,Alejandro,Rodgers,,981-211-4691,Marietta,United States,88590,Wyoming,927 Steiner,1987-06-20,1348
crmid:2888335476,soave1928@yandex.com,Cornelius,Cabrera,,160-943-4408,Hickory,United States,41115,Kentucky,349 Comerford,1971-08-30,1036
crmid:8715177861,lobster1807@yahoo.com,Catherina,Coleman,female,171-472-9878,Russellville,United States,21605,Wisconsin,399 Gould,1960-02-06,2390
crmid:4291486491,arterial2030@gmail.com,Byron,Dudley,male,880-689-9232,Belle Glade,United States,01648,Utah,914 Bannan,1937-02-08,1861
crmid:6782900701,navite1895@gmail.com,Gavin,Vega,,060-047-8693,Manitowoc,United States,09290,Idaho,1298 Avalon,1986-01-29,2252
crmid:8522487737,datos1999@live.com,Clair,Gay,,253-325-5106,Mayfield Heights,United States,06335,Mississippi,287 Harlem,1988-01-22,1106
crmid:7731377731,callery2018@outlook.com,Carter,Beard,,065-803-1504,La Habra,United States,26039,Arkansas,1250 Von Schmidt,1978-05-01,1229
crmid:9017133229,proforma1974@outlook.com,Ronny,Jimenez,,574-563-4040,Madera,United States,30493,Oregon,786 Margrave,1985-06-15,975
crmid:6907598761,paseos1970@outlook.com,Leonardo,Whitney,,234-213-8527,Kernersville,United States,18913,Iowa,915 Naples,1977-02-09,2163
crmid:3839144902,mermnad2014@gmail.com,Warren,Wright,,602-931-7423,Johnson City,United States,96957,Oregon,342 Cameo,1975-10-22,2060
crmid:2308405260,aerobatic2017@yandex.com,Kristopher,Koch,,091-824-6469,Terrell,United States,50640,Massachusetts,549 Alberta,1995-06-02,1844
crmid:4276982347,detur1844@live.com,Estefana,Lyons,female,484-487-9810,Sacramento,United States,99140,Nevada,956 West View,1950-03-18,939
crmid:2070207143,silentest1968@yandex.com,Serita,Gomez,female,668-151-2967,Vista,United States,23821,Washington,222 Belles,1956-08-11,2122
crmid:8938978489,anthropos1843@yandex.com,Rene,Craft,male,768-010-3321,Bell,United States,41076,Iowa,661 Banneker,1937-08-07,2332
crmid:9965313531,blueberries1963@yandex.com,Tomiko,Waters,female,519-849-3358,University Place,United States,65235,Idaho,1331 Old Decatur,1956-09-30,849
crmid:8810341548,lion2009@gmail.com,Rodrigo,Dickson,male,951-765-7627,Bellevue,United States,40495,Connecticut,1070 Eve,1937-08-08,1774
crmid:3985700417,highflier1932@yandex.com,Karima,Salinas,female,387-992-8297,Temple Terrace,United States,27832,Maryland,1258 Redwood,1960-04-26,2067
crmid:8661074565,vulgarian1971@yahoo.com,Emory,Hewitt,,933-381-4653,Lorain,United States,52164,Louisiana,905 Maxwell,1984-10-26,2968
crmid:3706542791,barragon2017@live.com,Leonel,Potter,,845-475-9596,Upper Arlington,United States,84307,Montana,1106 East Crystal Cove,1989-06-03,1694
crmid:9136833868,articulate1971@live.com,Frederic,Ashley,male,883-515-6234,Queen Creek,United States,07243,Georgia,761 San Aleso,1942-12-25,1952
crmid:5521681356,demeo1879@outlook.com,Renaldo,Henderson,male,806-340-5072,Brea,United States,94859,Georgia,229 Gladiolus,1941-12-15,938
crmid:6512779190,canaller1962@yahoo.com,Ambrose,Goff,,387-892-5930,Killeen,United States,92009,Maine,1384 Lyndhurst,1977-04-08,2216
crmid:9464588393,holoptic2020@outlook.com,Perry,Cross,,284-187-7451,Minnetonka,United States,96028,Indiana,884 Quartz,1991-11-21,1019
crmid:3312354120,abrasiometer1890@live.com,Drew,Levy,male,258-720-1622,Cape Coral,United States,18110,Wyoming,1387 Gorgas,1944-03-17,1845
crmid:6540823915,cow2041@gmail.com,Brandon,Burgess,male,977-363-2742,Northbrook,United States,01060,California,1250 Newcomb,1999-02-02,717
crmid:6885747814,alert1905@gmail.com,Rickey,Yates,,554-796-4426,Green,United States,28982,Oregon,1128 Valerton,1968-05-14,1577
crmid:5271246675,bickford1829@yahoo.com,Frederic,Malone,,207-487-3230,Herndon,United States,61855,Oregon,510 Blatchford,1971-11-29,1572
crmid:2178238107,cupper1922@yandex.com,Anderson,Flynn,,385-942-9816,Nashua,United States,89624,Maine,1162 Fernwood,1995-06-22,786
crmid:2660055893,mildish2065@yandex.com,Adah,Salazar,female,418-990-5480,Oxnard,United States,10865,Arkansas,382 Sergeant John V Young,1951-01-26,2270
crmid:7958287330,polypage2050@yandex.com,Refugio,Abbott,male,665-981-1451,Brookings,United States,41466,Ohio,192 Steveloe,1942-08-01,2047
crmid:9609866809,pacas1807@outlook.com,Eliz,Gray,female,888-826-1811,New Britain,United States,21601,Utah,1066 Ledyard,1996-04-21,1799
crmid:6935720121,anthroxan1960@outlook.com,Dewayne,Kim,,213-182-5697,Round Rock,United States,67051,Rhode Island,720 Lucerne,1984-01-07,2983
crmid:4214581811,heteroploidy1841@outlook.com,Drew,Benton,,175-449-8337,Normal,United States,46741,North Carolina,168 Sola,1998-07-05,2015
crmid:3804768302,spurnwater1872@gmail.com,Eddie,Rasmussen,,000-270-2310,Mauldin,United States,62111,Alaska,787 Avenue Of The Palms,1988-11-06,1818
crmid:6371873252,auspicious1837@gmail.com,Winston,Hardy,male,430-649-0229,Baldwin Park,United States,50043,California,1269 Mcdowell,1935-10-13,970
crmid:9553203944,tropicbird2017@yahoo.com,Denny,Robinson,male,077-587-2982,Warwick,United States,91364,California,962 Wool,1930-03-25,1136
crmid:1280147419,californicus1864@gmail.com,Manuel,Frazier,,143-380-6021,Palm Desert,United States,52703,Delaware,1307 Prospect,1996-06-09,981
crmid:1295951592,overshadow1994@outlook.com,Everett,Lindsey,,434-001-6557,Ramsey,United States,78396,North Dakota,957 Vista View,1976-08-30,530
crmid:3607203044,moth2028@yandex.com,Augustine,Leblanc,,576-456-1668,Santa Ana,United States,85700,Iowa,1194 Pink,1981-12-14,2760
crmid:6462721710,bagels1939@yahoo.com,Lyle,Mendoza,,635-443-4178,Porterville,United States,40739,Wisconsin,1293 Jordan,1988-06-01,1552
crmid:5686327256,nonoccurrence2042@gmail.com,Quinn,Yates,male,383-294-1760,Round Rock,United States,90954,Minnesota,705 Turner,1930-08-03,1361
crmid:4474567001,missilery1957@live.com,Darin,Duncan,male,033-035-2436,Bensenville,United States,14676,Alabama,5 Marist,1938-03-09,2821
crmid:8695707829,decil1817@outlook.com,Alfredo,Avila,male,082-492-5480,Castle Rock,United States,06080,Indiana,939 Quint,1945-01-01,1182
crmid:3338990634,coir1930@gmail.com,King,Moreno,,474-866-2138,LaGrange,United States,11302,Nevada,1288 Saint Germain,1979-02-01,419
crmid:8823034248,temporooccipital1948@live.com,Franklin,Bailey,,198-807-8595,St. Cloud,United States,29227,West Virginia,967 Lake Merced Hill,1964-05-31,604
crmid:7903777581,feminist1962@yahoo.com,Johnson,Roy,,933-102-3304,Findlay,United States,09916,Minnesota,649 Mountview,1962-01-23,887
crmid:6731797431,baptist1884@outlook.com,Forest,Snider,,581-742-6775,Hobbs,United States,10259,Hawaii,1026 Pino,1972-03-20,1673
crmid:2662377553,semilate2009@gmail.com,Jordon,Willis,,394-637-3185,Garland,United States,23973,Alaska,1209 Compton,1965-05-21,2369
crmid:3695159342,unboldly1933@yandex.com,Elfreda,Hamilton,female,932-989-6970,Winchester,United States,56238,Kansas,1226 Lockwood,1957-03-12,1917
crmid:2585331127,geology1879@yahoo.com,Dwain,Frazier,male,123-360-4282,Alexandria,United States,76613,Louisiana,320 Drummond,1931-12-22,2923
crmid:1024550780,biabo1994@yahoo.com,Ardella,Velez,female,405-058-2314,East Moline,United States,89646,Connecticut,1119 Alta Mar,1957-01-29,2298
crmid:2970055370,neuter1981@yahoo.com,Cristopher,Morrow,,117-407-2083,Salt Lake City,United States,46351,Texas,1118 Morrell,1984-11-15,2731
crmid:5726503092,concentrate2064@outlook.com,Orval,Espinoza,male,116-921-2984,Camas,United States,45573,Ohio,1191 Wilde,1943-07-09,2142
crmid:1006984007,infest1825@outlook.com,Geoffrey,Parsons,,069-435-0662,Schaumburg,United States,37669,North Dakota,103 Christopher,1980-06-25,379
crmid:1182135057,stoat1916@yahoo.com,Hyman,Dillon,,338-722-4670,Portland,United States,41423,Iowa,776 Shephard,1987-03-23,2550
crmid:5134738090,homeothermic2052@live.com,Cornell,Morrow,male,579-531-9660,Butte-Silver Bow,United States,91445,Virginia,934 Langton,1943-02-21,2526
crmid:9762645888,dubose2037@outlook.com,Sheldon,Richards,,137-047-5142,Mokena,United States,13555,New Jersey,615 Cleo Rand,1992-04-24,1132
crmid:2548088600,pilocystic2049@outlook.com,Lino,Torres,,526-792-4579,Lombard,United States,17697,Indiana,1176 Moulton,1984-03-26,2381
crmid:6273779674,ancient1899@yahoo.com,Nickolas,Parker,,524-900-1723,Kingsport,United States,56076,Missouri,1086 Fort Funston,1977-09-22,2626
crmid:8749712686,desynonymization1894@yandex.com,Renaldo,Pitts,male,968-055-4405,Visalia,United States,66768,Idaho,416 Jewett,1944-11-15,2404
crmid:3396077218,somali1938@gmail.com,Irvin,Odom,,676-226-0654,Mission,United States,51960,Virginia,1108 Jessie East,1991-09-05,1930
crmid:4130004881,ambitious1890@yahoo.com,Heide,Hurley,female,624-861-4989,Owatonna,United States,71316,Maine,182 San Leandro,1948-04-15,909
crmid:7450261905,plainswomen2068@gmail.com,Darin,Bray,,295-269-8329,Sanger,United States,87391,Connecticut,1074 Bob Kaufman,1990-06-09,1893
crmid:5687892620,chlorozincate2067@live.com,Patricia,Kidd,male,964-284-9945,Brigham City,United States,49373,Utah,945 Parkhurst,1941-08-16,2165
crmid:3261654328,segued1956@yahoo.com,Emerson,Kemp,male,512-964-4628,Atwater,United States,74567,Maine,121 Gene Friend,1934-12-06,859
crmid:5343927098,trination2044@yandex.com,Willis,Cain,male,327-145-5846,American Fork,United States,85194,Arizona,951 Lucy,1932-11-19,1004
crmid:1439463791,craving1824@outlook.com,Bryon,Golden,,225-449-8701,Park Forest,United States,46838,Arkansas,512 Hillway,1990-03-22,701
crmid:4884555735,scorpion1857@outlook.com,Arden,Langley,,786-668-1596,Lehi,United States,44565,Delaware,569 Carter,1982-08-03,2356
crmid:8278529219,hieracosphinxes1864@gmail.com,Ted,Yates,,593-366-8919,Mentor,United States,50790,Louisiana,181 Surrey,1989-09-07,972
crmid:4174742994,caron1982@gmail.com,Neil,Horton,,748-573-7775,Hays,United States,29641,Minnesota,536 Croaker,1970-04-15,374
crmid:2744074587,lawless1848@yandex.com,Bernarda,Cain,female,083-643-3468,Statesville,United States,21996,South Dakota,279 Briarcliff,1961-01-05,2351
crmid:4148323741,chafeweed1912@yahoo.com,Ashanti,Harrington,female,667-747-0104,El Centro,United States,09722,Pennsylvania,527 Saul,1958-01-13,632
crmid:3415537869,redeployed2008@gmail.com,Irvin,Moran,,137-260-0955,Los Banos,United States,51365,California,651 Delta,1984-10-27,1613
crmid:4168844378,saltire1858@live.com,Bernard,Boyd,male,802-662-0524,Winchester,United States,00496,Oregon,25 Commer,1940-01-03,1793
crmid:2648356589,octopus1860@outlook.com,Jesse,Aguilar,,923-522-0234,Orinda,United States,48723,Rhode Island,1006 Cora,1989-03-27,966
crmid:5450377287,dyslogistic1851@yahoo.com,Lorette,Sanders,female,455-212-9706,Enid,United States,39214,North Carolina,1161 Santa Barbara,1959-06-26,2427
crmid:6787842993,antisun1984@live.com,Dana,Riddle,,219-946-7976,Lorain,United States,29477,Missouri,704 Morrell,1984-05-24,2523
crmid:2185307246,thorax1865@yahoo.com,Craig,Hess,,933-713-9008,Irving,United States,12131,Arkansas,714 Massachusetts,1975-03-19,2380
crmid:5869781821,quizzify1881@yandex.com,Brad,Wolf,male,065-409-9669,Ansonia,United States,89219,Mississippi,881 Broadway,1933-01-31,2271
crmid:1439919166,tableau1830@yahoo.com,Nam,Fuller,female,657-033-5457,Enid,United States,33886,North Dakota,1026 Blatchford,1959-07-10,2806
crmid:9991592826,awaken1833@yandex.com,Tommie,Gibson,male,668-964-9334,Ada,United States,75792,Nebraska,9 Emery,1930-12-20,1461
crmid:6737091169,babbage2026@yahoo.com,Lowell,Morse,male,677-915-6554,San Bruno,United States,78063,New Hampshire,1342 Bayside,1930-06-21,485
crmid:6612794756,bardolph2023@gmail.com,Levi,Sloan,male,120-807-6985,Tustin,United States,81804,Hawaii,515 Armstrong,1945-06-27,2256
crmid:5415496663,balletomane1890@live.com,Kenny,Sharp,,199-583-6443,North Royalton,United States,39234,Texas,516 Eutaw,1999-07-21,2529
crmid:9042233517,mocha1847@gmail.com,Julene,Kelly,female,003-268-8818,Collinsville,United States,21785,Pennsylvania,53 Anza,1949-04-16,583
crmid:5786995421,bommer1823@gmail.com,Jay,Gardner,,079-515-3585,Martinez,United States,54652,Alabama,93 Elwood,1987-10-17,2086
crmid:1945796212,crinkly2043@live.com,Joana,Richard,female,811-649-1222,Deerfield,United States,24420,Hawaii,939 Lagunitas,1954-04-24,1371
crmid:2444473590,adjuster1943@gmail.com,Brian,Koch,,635-569-7557,Klamath Falls,United States,58690,Alaska,388 Kennedy,1978-09-12,2532
crmid:7314522578,anasa2054@live.com,Ty,Barron,male,513-227-5186,Paramus,United States,05614,Oregon,880 Circular,1938-09-02,1056
crmid:8913633154,capabler2020@outlook.com,Dannie,Merrill,male,625-248-8395,Caledonia,United States,15462,Pennsylvania,880 Incinerator,1943-02-20,2262
