crmid,email,first_name,last_name,gender,mobile telephone,city,country,zip,state,street address,birthday,creditrating
crmid:7119884012,eyeglasses1837@live.com,Thurman,Cleveland,male,479-224-3449,Boynton Beach,United States,56385,Tennessee,503 Julian,1940-09-06,649
crmid:7717007056,became2066@live.com,Pierre,Holloway,,370-792-0712,Santa Rosa,United States,98214,New York,1202 Towerside,1995-09-10,2795
crmid:4773838018,squirting1927@live.com,Israel,Harding,,133-929-8341,Superior,United States,55213,Oklahoma,356 Hollister,1981-05-15,774
crmid:9651580925,outredden2054@yahoo.com,Librada,O'donnell,female,191-390-2684,Crestview,United States,33419,Illinois,794 Brady,1951-05-22,1940
crmid:7475964537,mechanic2062@yandex.com,Graig,Norton,,897-906-7756,Portage,United States,83906,Maryland,46 The Block,1978-06-30,520
crmid:2368057960,barrels2013@outlook.com,Leoma,King,female,953-341-4418,East St. Louis,United States,96431,South Carolina,817 United Nations,1957-11-10,563
crmid:7911054599,peller1965@yandex.com,Jerold,Serrano,,596-922-8640,Flower Mound,United States,67212,Hawaii,661 Lois,1962-12-20,1643
crmid:3282841471,drainpipe1914@yahoo.com,Noe,Huff,,751-723-9477,Taunton,United States,98373,Maine,909 Randall,1975-12-17,1449
crmid:3852750460,blacklegging1821@live.com,Tommy,Donaldson,,239-413-0285,Methuen,United States,46280,New York,82 Gay,1990-07-10,1835
crmid:9040694661,enterocoele1926@yahoo.com,Haywood,Roach,male,484-297-0152,Palm Bay,United States,07676,Oregon,1094 Hoff,1939-12-22,2584
crmid:3467479428,corie2047@yandex.com,Quiana,Davidson,female,335-278-7310,Woodland,United States,94714,Massachusetts,1384 Oneida,1955-07-08,1612
crmid:6184155644,effectible1977@live.com,Bryce,Middleton,male,113-924-6113,Puyallup,United States,70431,Georgia,769 Judah,1940-02-20,1563
crmid:9987486205,dinkey1920@live.com,Weston,Franco,male,026-322-4973,Orinda,United States,75642,Alabama,1375 Gibson,1941-10-10,2939
crmid:7692183001,bear2011@yahoo.com,Jason,Hickman,female,425-461-6743,Eagle Pass,United States,94795,Utah,767 Gardenside,1956-04-14,1643
crmid:9574972750,cowtail1941@outlook.com,Tanner,Dudley,,755-102-8418,Jeffersontown,United States,09208,West Virginia,1156 Sharon,1975-02-15,500
crmid:6877877392,delaminate1894@live.com,Bradly,Griffin,,691-173-7877,Fitchburg,United States,54709,New Mexico,377 Varennes,1962-10-14,2916
crmid:6416246440,segued1906@yandex.com,John,Mcbride,,635-832-5397,Radcliff,United States,46161,Oregon,1117 Gene Friend,1988-09-21,897
crmid:3871624925,couple1929@outlook.com,Fausto,Mueller,male,852-176-9502,Visalia,United States,86252,Oregon,521 Ulloa,1945-04-21,692
crmid:4714952423,durrie2021@outlook.com,Emilio,Mckinney,,605-902-4065,Hayward,United States,25251,North Carolina,1234 Bell,1970-04-26,2477
crmid:4810726438,zareebas1804@yandex.com,Harley,Humphrey,,091-600-0020,Ottawa,United States,40278,Iowa,596 Alta,1993-03-03,490
crmid:7938026564,cathedrals1847@outlook.com,Hobert,Townsend,,940-531-1541,Leominster,United States,94665,Kentucky,192 Balhi,1982-11-15,2737
crmid:7909018591,frigatebird1848@yahoo.com,Quinn,Haley,,082-217-7713,Mooresville,United States,38320,Alaska,567 Alviso,1993-06-16,2710
crmid:5718122994,faller2063@gmail.com,Buck,Gibbs,,802-766-4422,Paramus,United States,43839,North Carolina,202 Lysette,1986-08-11,571
crmid:2371208760,burlie1943@yandex.com,Piedad,Lancaster,female,824-069-5670,Chambersburg,United States,49182,Kansas,890 Green,1946-07-17,2984
crmid:7788532683,consolute1864@yahoo.com,Shane,Small,male,984-373-1002,New Hope,United States,05291,Maryland,845 Osage,1996-01-25,1779
crmid:9913572339,slinking2034@yahoo.com,Basil,Rosales,,698-400-9234,Lenexa,United States,55506,Hawaii,389 Samoset,1982-09-25,2231
crmid:1936183750,colicky1907@live.com,Boris,Bentley,male,119-595-7478,Tamarac,United States,00421,Florida,1036 Sears,1938-01-02,1072
crmid:4058165471,belee1937@gmail.com,Garfield,Booker,,648-329-3468,Roseburg,United States,39708,Iowa,222 Candyland,1974-12-30,1838
crmid:9913543047,stowdown2019@outlook.com,Clyde,Walton,,418-138-0978,Gainesville,United States,55174,Texas,718 Rayburn,1964-10-11,1326
crmid:2274798146,demarch2059@live.com,Kenyetta,Page,female,456-341-9665,Davie,United States,72845,New Jersey,1143 Fort Funston,1953-12-28,1108
crmid:8271853892,boons1962@yandex.com,Gayle,Mcconnell,male,337-400-5049,Santa Ana,United States,02723,Missouri,698 Pine,1936-04-19,2563
crmid:2419294481,gabgab2013@outlook.com,Anneliese,Burnett,female,840-477-4080,Plainfield,United States,10548,New Mexico,192 Vulcan,1952-11-01,2532
crmid:6988811273,sherramoor1991@yandex.com,Ruthanne,Murphy,female,159-114-2811,Statesville,United States,66549,Georgia,768 Amatury,1994-03-15,2148
crmid:8371113969,woesome1802@yahoo.com,Kris,Nunez,,768-149-8742,Flower Mound,United States,81330,Ohio,370 Conservatory Access,1962-08-04,2387
crmid:9260856944,elastica1922@live.com,Markus,Walter,,690-441-9902,Hastings,United States,46952,North Dakota,3 Heron,1970-07-01,1199
crmid:3079335993,outbetter1973@gmail.com,Heriberto,Dodson,,755-441-2779,Marion,United States,12252,North Carolina,1078 Willie B Kennedy,1987-03-07,427
crmid:6887293396,ergotic1972@gmail.com,Tanner,Dickerson,,669-404-7690,Los Gatos,United States,67026,New Hampshire,575 Eugenia,1984-11-04,2743
crmid:2248149348,bogard1963@gmail.com,Carrol,Blevins,,283-302-4163,Minneapolis,United States,57755,Maryland,160 Candyland,1991-09-26,1631
crmid:7678291795,against2003@live.com,Edwin,Valencia,male,222-159-1553,Buena Park,United States,14573,Maryland,274 Greenview,1942-03-29,2535
crmid:7581641258,crumble2041@outlook.com,Lorenzo,Hunt,,756-928-0133,Lorain,United States,59682,Mississippi,1025 Rosewood,1984-10-13,377
crmid:2144130410,interhybridized1897@outlook.com,Tad,Zimmerman,male,098-815-1592,Pasadena,United States,57561,Alabama,564 Melrose,1933-12-20,2984
crmid:9351470599,conform1928@outlook.com,Isiah,Knowles,male,296-830-3851,Peachtree City,United States,70462,Kansas,123 Kate,1939-05-16,1005
crmid:1516561153,hyracina1955@live.com,Lajuana,Vega,female,282-106-3222,Natchez,United States,12909,Kentucky,424 Shore View,1995-03-29,876
crmid:8332802720,deathweed2056@outlook.com,Arden,Cunningham,,967-251-1476,Florence,United States,97592,Alaska,1272 Germania,1962-09-26,1254
crmid:2717904616,drink1945@gmail.com,Hal,Knapp,,943-884-4450,Layton,United States,51202,Nebraska,1023 North,1981-10-06,2419
crmid:4872778875,downtown1885@live.com,Wendolyn,Cantrell,female,299-486-3619,Faribault,United States,54312,Rhode Island,609 San Leandro,1961-09-05,1246
crmid:5326566069,fogger2036@yandex.com,Fernando,Patton,male,677-110-6452,Cape Girardeau,United States,29899,Tennessee,1142 Fredela,1944-04-23,2241
crmid:2049655865,cattle1954@live.com,Teresia,Malone,female,067-596-1768,Westland,United States,25163,Washington,1338 Bass,1956-09-18,2475
crmid:2874789246,hoising2010@gmail.com,Janene,Barker,female,590-843-2006,Clearfield,United States,20459,Arizona,821 Plum,1948-04-02,1458
crmid:6955221843,pommies2047@yahoo.com,Emmitt,Booker,male,215-801-7480,Brookings,United States,18246,Tennessee,942 Ellert,1942-04-03,2872
crmid:1546224129,caron1945@gmail.com,Nestor,Weeks,,687-215-3305,New Braunfels,United States,32349,Wisconsin,200 Cook,1996-06-29,346
crmid:8790526267,cliffs1891@live.com,Bret,Espinoza,,721-389-7702,Southaven,United States,87890,Colorado,543 Bret Harte,1967-01-14,533
crmid:2919366449,lovebirds1806@live.com,Tomoko,Conrad,female,709-773-4656,Farmington Hills,United States,76120,Rhode Island,33 Jerome,1961-11-17,1345
crmid:9985108711,dentine1880@yahoo.com,Rod,Slater,,394-644-0976,Fountain Hills,United States,45431,Missouri,911 Fairfax,1963-07-19,2838
crmid:8390177254,claval1853@yahoo.com,Florencio,Clark,,638-621-3759,Starkville,United States,64617,Hawaii,1237 Kenwood,1976-08-24,1487
crmid:8070951736,hydrome2070@yandex.com,Sharyl,Ferguson,female,366-416-5818,Oceanside,United States,12556,Wyoming,1280 Gambier,1947-08-09,318
crmid:6135204745,downs1879@outlook.com,Nathan,Collins,male,522-401-5684,Brigham City,United States,45152,Kentucky,115 Roanoke,1941-07-06,2875
crmid:6445060528,unapplicable1952@yandex.com,Milo,Meadows,,434-445-5924,West Covina,United States,72975,Michigan,871 Leavenworth,1963-05-31,2640
crmid:7813737528,redips1987@gmail.com,Burl,Weeks,,148-411-7741,Soledad,United States,32500,Mississippi,356 Anson,1976-10-10,2690
crmid:1227424767,dartboard1908@live.com,Leroy,Reid,male,345-695-8868,Bismarck,United States,67693,New Hampshire,424 Venard,1939-12-12,1579
crmid:5693546566,eniac2028@yahoo.com,Micheal,White,male,577-437-7564,St. Paul,United States,57981,Idaho,101 Julius,1999-01-25,606
crmid:7052441442,untamely1925@gmail.com,Tyson,Clay,male,499-012-1219,Annapolis,United States,75762,New York,101 Galvez,1933-12-27,1393
crmid:3596908670,hyperpersonal1996@live.com,Julius,Solis,male,128-192-3506,Williamsport,United States,85886,Massachusetts,974 Richardson,1999-02-28,2075
crmid:1165991977,cashbox2033@gmail.com,Ernest,Vincent,male,173-143-3091,American Fork,United States,89191,Washington,1092 Parque,1932-04-30,2333
crmid:3337671712,groundsheet1975@gmail.com,Vernon,Blair,,384-855-6437,Morristown,United States,53645,Colorado,704 Getz,1993-10-27,1607
crmid:5522204097,caribou1985@live.com,Brande,Workman,female,062-589-2262,Chino Hills,United States,89432,Minnesota,196 La Playa,1947-01-31,825
crmid:2157566537,pouncing1983@live.com,Ha,Griffith,female,286-527-6151,Claremont,United States,63114,Michigan,1167 Zampa,1947-11-07,1589
crmid:6128902955,pyrrhic2021@yahoo.com,Obdulia,Rhodes,female,002-331-6190,Muskego,United States,88732,Nevada,99 Bright,1994-03-27,1703
crmid:4916575591,mankilling1968@yahoo.com,Foster,Navarro,male,432-720-7114,Bountiful,United States,62285,Minnesota,678 Ritch,1940-11-30,1863
crmid:7377266878,gonenesses1956@outlook.com,Rudolph,Rush,,385-556-8362,Lincoln Park,United States,23757,New Hampshire,364 Northgate,1983-04-11,763
crmid:7923810976,cachet1867@gmail.com,Ward,Pitts,male,294-938-6420,New Braunfels,United States,05113,Kentucky,30 Rhode Island,1996-02-24,323
crmid:3807850758,afternight1855@yahoo.com,Normand,Osborne,,732-788-1496,Mason,United States,64456,Massachusetts,950 Clyde,1987-11-18,2236
crmid:3479546050,barriere1894@live.com,Rodrick,Mendez,,442-509-8557,Valley Stream,United States,22861,Idaho,847 Tunnel,1963-06-09,2613
crmid:9163167973,bronco1957@yahoo.com,Jeramy,Blackwell,male,265-969-7479,Annapolis,United States,22392,Utah,1065 Palou,1933-05-03,2440
crmid:2859091405,amylan1812@yahoo.com,Eugene,Good,,066-606-5754,Ventura,United States,74213,Mississippi,1187 Ash,1967-08-10,2121
crmid:6306491065,phalaropodidae1933@live.com,Earl,Howard,,807-664-7894,Urbandale,United States,39224,Iowa,130 Innes,1974-12-29,1248
crmid:7952214034,chivalric2067@yandex.com,Tracy,Reilly,,920-330-0579,Rochester,United States,40580,Virginia,484 Revello,1992-03-01,1935
crmid:7335099566,normalcy2052@yandex.com,Jewel,Mitchell,male,112-082-9450,San Marcos,United States,56689,Maryland,330 Crystal,1997-11-22,2750
crmid:1854465492,gravelliness1928@yandex.com,Mario,Rich,male,070-709-5327,Ashtabula,United States,36174,Wisconsin,1192 Brookhaven,1934-07-24,2147
crmid:7710763019,imboldening1853@outlook.com,Joshua,Bowen,,692-258-6751,Simpsonville,United States,39790,Oklahoma,216 Faxon,1974-08-30,2228
crmid:4381260133,ebenezer2051@gmail.com,Wendolyn,Atkins,female,279-752-3203,Davenport,United States,57154,Maine,801 Bluestone,1953-09-01,2373
crmid:9016748519,pteridium1801@yahoo.com,Anthony,Wilder,,987-957-3859,Mooresville,United States,27196,Montana,1087 Adele,1993-04-19,2582
crmid:1538328077,dryers1832@live.com,Bill,Velasquez,,446-751-4316,Joliet,United States,13066,California,1335 St. Paul Street-Calvert,1976-03-22,2422
crmid:1310691417,hydrograph1831@gmail.com,Hayden,Nguyen,male,153-444-9171,Addison,United States,26872,Arkansas,400 Leona,1930-05-21,2452
crmid:6375678379,peristylium1903@yandex.com,Virgilio,Robertson,,226-718-4941,Freeport,United States,70775,Illinois,585 Hawes,1964-09-01,2218
crmid:1937668899,polypage1867@yandex.com,Naoma,Guerrero,female,072-314-4130,Takoma Park,United States,93110,West Virginia,487 Sheridan,1951-07-12,766
crmid:4559025031,demibrassart2018@outlook.com,Frances,Chapman,,623-652-3024,Kent,United States,32288,Nevada,1309 Littlefield,1977-06-29,1482
crmid:1271134975,consummately2056@yandex.com,Elroy,Cantu,male,995-519-5597,Sand Springs,United States,11195,Missouri,1154 Rankin,1945-03-05,1263
crmid:4652953223,camel1896@outlook.com,Gino,Schultz,male,391-829-4837,Brookings,United States,25108,Delaware,1362 Newburg,1942-04-26,745
crmid:4550151340,belight1981@gmail.com,Kirk,Booker,,069-604-9816,Florissant,United States,69136,Minnesota,1381 Brosnan,1962-11-11,1866
crmid:3145124253,barklyite1955@gmail.com,Claudio,Barton,male,154-557-2523,Naples,United States,00131,Oklahoma,1308 San Fernando,1995-01-30,1500
crmid:6777052991,barit2058@yandex.com,Kim,Cain,,184-668-8144,Glendale,United States,71316,North Carolina,395 Swiss,1966-12-09,2101
crmid:1948690227,bonanzas2031@live.com,Rodrigo,Nieves,,577-869-5329,Staunton,United States,34447,Arizona,850 West View,1969-02-14,2821
crmid:8048318000,aptitude1875@yahoo.com,Porfirio,Hawkins,,529-772-8414,San Benito,United States,53473,Arizona,1252 Digby,1986-06-27,398
crmid:6979351960,underproduction1946@yandex.com,Thanh,Scott,female,184-404-6399,Waukesha,United States,25927,Maine,220 Century,1960-09-26,1707
crmid:7711399585,museful1841@yandex.com,Jon,Burke,,667-164-8161,Lompoc,United States,83399,Indiana,1105 Baywood,1984-04-12,2876
crmid:9006674243,donned1819@yandex.com,Korey,Livingston,,553-676-7210,Mundelein,United States,82865,Michigan,436 Turk,1994-08-07,741
crmid:4938579987,multibranchiate1810@gmail.com,Lilla,Leon,female,357-543-7082,New Lenox,United States,23863,New Mexico,1334 Zoo,1996-04-26,1110
crmid:3236065886,epomophorus1847@live.com,Darron,Chen,,511-178-3227,University Place,United States,49514,Connecticut,1027 Cedro,1984-05-31,2659
crmid:5919515515,claimer2037@gmail.com,Derek,Pugh,,086-326-6014,Mustang,United States,32770,Virginia,100 Sanchez,1995-05-31,2984
crmid:7766573533,burel2010@yandex.com,Lesley,Booker,,509-487-3379,Solon,United States,25324,Ohio,95 Castle,1963-06-18,489
crmid:3939747107,gharial1807@gmail.com,Reinaldo,Reese,male,412-553-5597,Salem,United States,70709,Alabama,863 San Aleso,1932-08-24,546
crmid:4553416990,scorer1800@outlook.com,Gregory,Le,,999-704-3790,Rocky Mount,United States,30258,Colorado,71 Fell Access,1973-06-01,1548
crmid:3159048559,elusions2003@live.com,Harland,Carter,,501-490-6997,Racine,United States,93852,New Jersey,1291 Panama,1987-05-23,2886
crmid:6839818352,turkophil1901@live.com,Evan,Atkins,female,693-167-4649,Oro Valley,United States,97931,South Carolina,371 Lyndhurst,1947-03-01,303
crmid:6316766679,cordaites1814@yahoo.com,Grazyna,O'connor,female,996-804-5860,Colleyville,United States,16309,South Carolina,836 Glenhaven,1949-03-22,2494
crmid:5615066084,boats1970@yahoo.com,Matthew,Leach,,046-297-7690,Georgetown,United States,35333,Arkansas,841 Sacramento,1965-07-27,492
crmid:5231275298,splays1993@live.com,Neal,Woodward,male,574-942-2693,Portsmouth,United States,87965,Hawaii,895 Cranleigh,1930-12-14,2430
crmid:9861505208,rearwards1837@live.com,Harlan,Baird,,957-219-6996,Oak Creek,United States,29450,New Jersey,152 Ivy,1966-07-15,370
crmid:6611065257,ceriel1807@yandex.com,Todd,Dennis,,876-599-0986,Valparaiso,United States,38342,West Virginia,1090 Hawes,1972-09-29,390
crmid:4340832729,normoblastic1929@outlook.com,Shavonne,Ross,female,100-494-2319,Chillicothe,United States,45843,Ohio,865 Casitas,1947-08-25,2521
crmid:3957786661,dustman2067@yandex.com,Natacha,Nielsen,female,561-093-1637,Opelousas,United States,92372,Ohio,1070 Verna,1957-07-21,1216
crmid:3414937938,infantly2027@yahoo.com,Waldo,Mcgee,male,681-930-3725,Atlantic City,United States,52436,Florida,698 Shakespeare,1934-10-19,649
crmid:8085905328,unsmokeable2041@gmail.com,Marshall,Thomas,male,462-273-9809,Bloomingdale,United States,30446,Iowa,424 Osage,1939-07-29,1197
crmid:2703042820,hardline2007@outlook.com,Francina,Rodgers,female,556-695-6699,Colorado Springs,United States,67245,Rhode Island,1195 Capra,1949-10-06,1702
crmid:8995978706,mixers1829@yandex.com,Robert,Gallegos,,078-879-3156,Hartford,United States,23789,Massachusetts,1056 Edgemont,1970-04-27,486
crmid:5577566228,wormer1994@yandex.com,Donovan,Branch,male,997-900-1396,Ardmore,United States,19903,Ohio,1287 Bergen,1933-03-04,1752
crmid:5103225336,redias1812@yandex.com,Garth,Rose,,000-987-1999,Sparks,United States,49172,Alaska,35 Wilmot,1986-05-30,2999
crmid:8191674606,loads1918@gmail.com,Tiffiny,Dillard,female,374-466-8564,Natchez,United States,22875,Arkansas,838 Ceres,1995-04-17,1194
crmid:3481419024,decertation1995@yahoo.com,Vernon,Odom,,266-603-1236,Moorhead,United States,21536,New Mexico,1330 Issleib,1993-04-23,1668
crmid:7217253305,tricostate1906@live.com,Erich,Velasquez,male,789-554-2568,Baytown,United States,13278,Michigan,1236 Thorne,1936-04-29,2640
crmid:7955511169,dauties1902@outlook.com,Gonzalo,Bush,,578-511-5151,Manitowoc,United States,37152,Wisconsin,1262 Transbay Loop,1986-06-11,1419
crmid:4657489599,ultramaximal1837@gmail.com,Wendell,Chang,male,883-651-8314,Bloomington,United States,56008,North Dakota,27 Morningside,1939-10-06,2356
crmid:7519424065,abounding1828@live.com,Jarrett,Dalton,,972-799-2471,Oxford,United States,47531,Maine,908 Glenhaven,1988-12-17,1085
crmid:1805414311,breaker1905@outlook.com,Andreas,Frank,,599-514-3075,Southfield,United States,28710,South Carolina,424 Avenue Of The Palms,1967-05-28,654
crmid:5429143799,hoising1849@yandex.com,Carroll,Keith,male,044-891-3638,Avon Lake,United States,02004,New Jersey,276 Greenough,1935-02-16,2395
crmid:9759950400,sawer1822@yandex.com,Shela,Pacheco,female,429-211-1983,Dover,United States,47969,New Hampshire,334 Gough,1955-08-22,1354
crmid:7543308244,molluscans1824@live.com,Carter,Shepard,male,117-702-2578,Redondo Beach,United States,00497,Arkansas,257 Varela,1937-12-03,2337
crmid:4319949943,baronesses1900@outlook.com,Alfred,Strickland,male,886-362-9269,Brighton,United States,07901,Colorado,1309 Fell Access,1941-01-28,2945
crmid:3264563230,prissy2022@live.com,Mose,Hopkins,,039-608-3269,Poplar Bluff,United States,58681,Nebraska,819 Reddy,1998-08-27,1721
crmid:2251497527,bulbilla1894@yahoo.com,Carlos,Gallagher,male,173-962-8065,Oakland Park,United States,03671,South Dakota,904 Commer,1938-02-11,547
crmid:5075060420,gaffe2047@outlook.com,Jamal,Blankenship,,695-430-1183,Maple Valley,United States,52255,Utah,627 Sixth,1986-10-07,514
crmid:5700618412,envelop1912@yandex.com,Julian,Ward,,926-414-9925,Mountain View,United States,69918,Georgia,449 Ozbourn,1994-12-24,1017
crmid:1023825741,april2002@yahoo.com,Brain,Tran,,317-237-4167,Mount Clemens,United States,55887,Kentucky,662 Lobos,1993-10-06,1951
crmid:3189539841,avocet1886@yandex.com,Brittni,Stevenson,female,747-058-7338,East Lansing,United States,07282,Oklahoma,6 Sibert,1957-01-28,2471
crmid:9544438627,bijou1836@gmail.com,Bethel,Reilly,female,658-644-3617,Columbus,United States,67070,Utah,1197 Kingston,1949-10-02,1874
crmid:5792975993,dominiqu1927@live.com,Elden,Espinoza,,837-910-1456,Plattsburgh,United States,23861,New Mexico,511 Card,1963-07-10,675
crmid:7291616762,vandalic2069@gmail.com,Morgan,Hoover,male,137-658-7261,Cedar Park,United States,47869,Arizona,1395 Lynch,1945-07-14,1340
crmid:5272792240,barite1841@yahoo.com,Lieselotte,Singleton,female,017-563-1675,Statesboro,United States,28800,Georgia,1284 South Van Horn,1958-05-27,736
crmid:3578160260,dartboard1848@outlook.com,Edgar,Harrington,,094-694-1083,Long Branch,United States,59903,Vermont,302 Chancery,1984-10-30,373
crmid:6359953268,conform2064@yahoo.com,Gregory,Hess,male,855-562-0601,Yucaipa,United States,02895,North Carolina,1323 Williams,1932-12-08,616
crmid:2495497540,nonmanila1983@live.com,Hugh,Williams,male,673-624-2212,Billings,United States,24718,Montana,532 Battery Dynamite,1939-05-31,2653
crmid:9745723251,biedermeier1850@outlook.com,Ira,Logan,,500-453-0325,San Marcos,United States,92871,Virginia,1082 Jefferson,1967-11-25,2102
crmid:4224586455,sensoparalysis1808@live.com,Bernie,Cohen,female,993-858-8525,Sidney,United States,79171,Washington,390 Ney,1961-01-06,1665
crmid:2875853664,trimethylmethane1998@outlook.com,Greg,Parker,male,974-274-7799,Caldwell,United States,25397,New Jersey,525 Pixley,1943-04-22,1986
crmid:1952658253,balas1892@yahoo.com,Kendall,Randall,male,773-037-0375,Walker,United States,73709,Maryland,90 Catherine,1945-06-24,2135
crmid:5159655311,septembral1992@yandex.com,Buck,Bradford,,241-971-2843,Kannapolis,United States,67308,Utah,1134 Normandie,1976-11-04,2077
crmid:8105528197,decayed1934@gmail.com,Edwin,Marshall,male,545-183-9419,Olympia,United States,05856,Hawaii,862 Quartz,1933-03-18,1536
crmid:9142595511,apatosaurus1962@yahoo.com,Justin,Kent,male,850-032-3218,Texas City,United States,66840,Texas,651 Winfield,1942-11-27,454
crmid:4574544962,delat1896@live.com,Minh,O'brien,,423-201-6066,Sioux City,United States,40669,Illinois,828 Lunado,1992-12-01,2241
crmid:2259025313,emirate2010@live.com,Keven,Harmon,male,259-193-5548,Westbrook,United States,13442,Ohio,1002 Clarence,1942-06-13,1385
crmid:8701268187,bodymaking2061@yahoo.com,Eloy,Collier,,621-800-7125,Richardson,United States,41017,Delaware,572 Nibbi,1985-04-02,1243
crmid:2837510116,unzips1820@outlook.com,Huey,Hull,,798-586-0261,Windsor,United States,33948,Arizona,845 South Van Horn,1979-07-13,2623
crmid:1856823253,colder1842@gmail.com,Raleigh,Sheppard,male,974-158-1797,Camarillo,United States,46080,Connecticut,1283 Sickles,1943-08-27,1547
crmid:7290494662,polioencephalomyelitis2032@yandex.com,Lorilee,Larsen,female,527-879-0190,Thousand Oaks,United States,19931,Wisconsin,302 Saint Croix,1953-09-11,362
crmid:1259638114,boohoo1911@outlook.com,Kris,Nelson,,487-310-4793,Prior Lake,United States,31399,New York,757 Gonzalez,1970-03-07,2941
crmid:5839450168,formaldehyd1970@yandex.com,Lyndia,Luna,female,633-219-9061,Elizabeth,United States,32363,Mississippi,215 Kern,1958-06-18,1928
crmid:9105225368,pendative1864@yahoo.com,Ervin,Small,male,981-548-5502,Bay City,United States,78353,Colorado,1196 Dakota,1936-12-07,2478
crmid:1504551202,chiasma1919@live.com,Monte,Dotson,,757-412-7018,Plant City,United States,39645,Nebraska,904 Hicks,1976-10-20,2827
crmid:4413175090,tapadera1801@gmail.com,Dinorah,Rush,female,290-071-0971,Eagle Mountain,United States,10050,Nevada,610 Breen,1956-03-26,536
crmid:6499579444,zebra1852@outlook.com,Pablo,Everett,,902-965-5260,Minnetonka,United States,63846,North Carolina,889 Circular,1991-11-02,2514
crmid:8574385161,bronny1830@live.com,Devorah,Jackson,female,326-710-8021,San Mateo,United States,14336,Rhode Island,701 East Beach,1951-03-15,1702
crmid:4145260021,donatistical1965@gmail.com,Juliane,Hartman,female,556-276-4033,Commerce City,United States,20355,Utah,413 Blairwood,1949-04-13,2263
crmid:6353723208,uppercut1870@yandex.com,Dario,Sellers,male,118-024-4047,Tifton,United States,08091,Delaware,530 Chilton,1935-03-26,2201
crmid:4882982567,award2010@outlook.com,Ema,Guzman,female,859-618-2616,Champaign,United States,18588,Oklahoma,1394 Fountain,1946-03-12,1663
crmid:2728558552,uniserial1827@gmail.com,Roderick,Contreras,,325-799-5116,Opelousas,United States,60141,Arkansas,799 Cottage,1972-02-26,2713
crmid:4973441772,syncretion1816@yahoo.com,Alton,Sutton,male,743-155-1022,Alice,United States,06880,Arizona,809 Montclair,1931-01-28,1604
crmid:3321237597,intracutaneously1962@gmail.com,Clayton,Calderon,,524-105-3216,Marysville,United States,29477,Florida,899 Chattanooga,1987-04-24,582
crmid:2027580029,caggy1912@gmail.com,Yasuko,Barker,female,298-671-8593,San Bernardino,United States,18008,North Carolina,96 Le Conte,1953-09-02,1241
crmid:5659301330,succursal2053@live.com,Matthew,Haynes,,702-998-0154,Fort Wayne,United States,22683,Nebraska,278 State,1963-04-18,2260
crmid:1440736968,chambertin2048@yahoo.com,Coy,Medina,male,849-170-8317,Bloomingdale,United States,81276,Wisconsin,30 Skyview,1939-11-04,837
crmid:2747505050,criminologist1915@gmail.com,Kenneth,Keith,,480-879-0644,Huntington,United States,14302,New Hampshire,187 Stratford,1973-03-11,2567
crmid:4562939386,snakemouths1806@live.com,Chia,Stephenson,female,329-442-4463,Colleyville,United States,09320,Minnesota,958 Pierce,1949-02-28,455
crmid:2646202052,decries2053@outlook.com,Dexter,Roy,,721-232-1169,New Braunfels,United States,21784,Ohio,1016 Marne,1996-05-19,2648
crmid:4223234483,abalone2018@outlook.com,Joan,Huber,male,661-752-1912,Bridgeton,United States,39546,Rhode Island,213 Palo Alto,1941-05-15,1127
crmid:3329591881,arras2051@gmail.com,Thanh,Berry,female,788-539-6386,Citrus Heights,United States,80747,Oklahoma,1348 Oscar,1947-09-03,684
crmid:5516117301,beechy1916@yandex.com,Kraig,Franco,,506-841-2300,Monroe,United States,04208,Tennessee,343 Zampa,1992-01-03,1155
crmid:3014721034,vibrational1834@live.com,Vance,Mckee,male,549-377-0917,Batavia,United States,59930,Massachusetts,968 Rae,1936-09-19,761
crmid:2946094188,hippophagy1833@live.com,Ciera,Salas,female,037-066-2824,New Castle,United States,20710,Alaska,152 Moulton,1996-04-03,1799
crmid:6644582384,biosynthesis2057@gmail.com,Clint,Miles,male,957-797-4147,Ocoee,United States,01059,Oregon,922 Gillette,1935-11-04,1978
crmid:2968816832,bowered2007@yahoo.com,Sage,Fuentes,female,666-056-6414,Coral Springs,United States,64384,South Dakota,1246 Steiner,1950-11-15,2041
crmid:9393159679,uneffusing2054@gmail.com,Lance,Tillman,,915-496-6242,Mobile,United States,98967,California,255 Mercato,1992-08-20,651
crmid:8644040381,xyloquinone2003@live.com,Shakira,Fry,female,243-097-6608,Coon Rapids,United States,93032,New Hampshire,662 Circular,1950-08-10,2699
crmid:8205338485,dependent2026@yahoo.com,Rob,Donovan,,655-852-8048,Las Cruces,United States,38928,New Hampshire,1257 Gillette,1981-06-29,2939
crmid:3277127798,lynx1856@yandex.com,Marguerita,Acosta,female,748-294-7117,Federal Way,United States,83911,Wyoming,30 Soule,1961-06-01,1632
crmid:7561987191,tracking1887@yahoo.com,Joaquin,Bishop,,882-240-3174,Terrell,United States,41960,Louisiana,352 Lakeshore,1989-03-07,683
crmid:5007602830,peacocked1851@yahoo.com,Bernardina,Butler,female,890-015-6241,Covington,United States,02866,Alabama,993 Dunnes,1951-01-04,2857
crmid:2742101442,enamels1915@live.com,Anja,Vinson,female,065-252-6923,San Marcos,United States,20458,Alabama,1231 Washburn,1960-01-30,1989
crmid:7561880367,sclerenchyme2011@yandex.com,Bill,Irwin,male,956-874-3738,Avon Lake,United States,01489,Utah,1295 Willow,1935-01-15,2751
crmid:2038223975,cascarilla2039@outlook.com,Isiah,Sosa,,208-332-0104,Oshkosh,United States,84425,Texas,604 Santa Ysabel,1981-05-16,2691
crmid:9568342451,bernelle1906@live.com,Marlon,Waller,,440-305-3005,Lorain,United States,72386,Indiana,479 Sternberg,1984-12-12,1145
crmid:3691304908,ecocide1801@yandex.com,Elbert,Curtis,male,967-476-8342,Oakley,United States,90971,Nevada,110 Adele,1938-03-07,1042
crmid:3596695625,undelusively1873@yandex.com,Emory,Holmes,male,291-275-6171,Carrollton,United States,64183,North Carolina,448 Fernandez,1944-11-07,569
crmid:7963903286,boisset1961@outlook.com,Adam,Riley,male,354-713-2807,Alamogordo,United States,60758,Maryland,876 Mauldin,1930-11-01,2567
crmid:6642976116,carmina1912@yandex.com,Byron,Garrison,,495-992-7008,Middletown,United States,24312,Arkansas,295 Pinar,1990-05-08,1690
crmid:7109088050,bilayer1995@gmail.com,Tracey,Henderson,male,061-176-9562,Baltimore,United States,95689,Oklahoma,84 Oceanview,1935-09-13,1919
crmid:7033304526,chalumeau1953@yahoo.com,Gerry,Scott,male,149-150-4563,Carol Stream,United States,29106,Kansas,348 Gellert,1944-04-26,2282
crmid:1461047774,choices1974@yandex.com,Saul,Suarez,male,810-748-6918,Ashland,United States,59556,Louisiana,351 Torrens,1934-09-28,998
crmid:3302086661,avocet1892@gmail.com,Margeret,Mcleod,female,679-190-4378,Cooper City,United States,93016,Wyoming,1384 John Maher,1950-12-11,1159
crmid:7009902232,dodo1947@yandex.com,Doyle,Harrell,,892-267-9771,Independence,United States,33379,Delaware,509 Front,1974-05-05,404
