{"_id": "e798c9fe-53c8-11ea-8dc9-b88a60e194fb", "timestamp": "2019-12-02T20:27:35.000Z", "eventType": "transaction", "_adobeamericaspot3": {"CRMID": "crmid:1914699245", "orderDetails": {"orderID": "orderid:653719", "reservationid": "SFS-UZXK", "orderType": "call center"}}}
{"_id": "e799db5c-53c8-11ea-8961-b88a60e194fb", "timestamp": "2020-01-30T11:01:02.000Z", "eventType": "transaction", "_adobeamericaspot3": {"CRMID": "crmid:1655859540", "orderDetails": {"orderID": "orderid:104597", "reservationid": "OI7-K1OO", "orderType": "call center"}}}
{"_id": "e79d0fb4-53c8-11ea-a442-b88a60e194fb", "timestamp": "2019-12-08T00:00:19.000Z", "eventType": "transaction", "_adobeamericaspot3": {"CRMID": "crmid:6325937229", "orderDetails": {"orderID": "orderid:667538", "reservationid": "UB3-CNCV", "orderType": "kiosk"}}}
{"_id": "e79e6f40-53c8-11ea-8294-b88a60e194fb", "timestamp": "2019-12-20T10:23:10.000Z", "eventType": "transaction", "_adobeamericaspot3": {"CRMID": "crmid:6146654593", "orderDetails": {"orderID": "orderid:504754", "reservationid": "P7W-M8NQ", "orderType": "mobile"}}}
{"_id": "e79f599e-53c8-11ea-a751-b88a60e194fb", "timestamp": "2020-01-18T03:58:35.000Z", "eventType": "transaction", "_adobeamericaspot3": {"CRMID": "crmid:8430602866", "orderDetails": {"orderID": "orderid:470963", "reservationid": "CVQ-ZRPZ", "orderType": "website"}}}
{"_id": "e7a06b0c-53c8-11ea-89f2-b88a60e194fb", "timestamp": "2020-01-28T03:52:48.000Z", "eventType": "transaction", "_adobeamericaspot3": {"CRMID": "crmid:8194815753", "orderDetails": {"orderID": "orderid:586158", "reservationid": "CH2-R9ZD", "orderType": "service desk"}}}
{"_id": "e7a1556e-53c8-11ea-b2cc-b88a60e194fb", "timestamp": "2019-12-02T22:50:18.000Z", "eventType": "transaction", "_adobeamericaspot3": {"CRMID": "crmid:2123004016", "orderDetails": {"orderID": "orderid:241346", "reservationid": "4CE-GMLB", "orderType": "service desk"}}}
{"_id": "e7a266ee-53c8-11ea-a7bf-b88a60e194fb", "timestamp": "2019-12-26T12:52:59.000Z", "eventType": "transaction", "_adobeamericaspot3": {"CRMID": "crmid:4475937808", "orderDetails": {"orderID": "orderid:878438", "reservationid": "WSU-6VX0", "orderType": "service desk"}}}
{"_id": "e7a3785e-53c8-11ea-b5e0-b88a60e194fb", "timestamp": "2020-01-10T13:55:19.000Z", "eventType": "transaction", "_adobeamericaspot3": {"CRMID": "crmid:1271097520", "orderDetails": {"orderID": "orderid:148509", "reservationid": "VRL-BS78", "orderType": "call center"}}}
{"_id": "e7a489c6-53c8-11ea-b362-b88a60e194fb", "timestamp": "2019-12-24T13:11:54.000Z", "eventType": "transaction", "_adobeamericaspot3": {"CRMID": "crmid:8983327724", "orderDetails": {"orderID": "orderid:147320", "reservationid": "DOS-KRQD", "orderType": "kiosk"}}}
{"_id": "e7a5742e-53c8-11ea-a980-b88a60e194fb", "timestamp": "2020-02-01T19:36:10.000Z", "eventType": "transaction", "_adobeamericaspot3": {"CRMID": "crmid:5740591402", "orderDetails": {"orderID": "orderid:476911", "reservationid": "MBL-CZN7", "orderType": "kiosk"}}}
{"_id": "e7a65e92-53c8-11ea-bab3-b88a60e194fb", "timestamp": "2020-01-07T19:34:51.000Z", "eventType": "transaction", "_adobeamericaspot3": {"CRMID": "crmid:5753938276", "orderDetails": {"orderID": "orderid:925977", "reservationid": "SND-NUUI", "orderType": "website"}}}
{"_id": "e7a76ffa-53c8-11ea-b444-b88a60e194fb", "timestamp": "2019-12-21T16:21:09.000Z", "eventType": "transaction", "_adobeamericaspot3": {"CRMID": "crmid:7880955167", "orderDetails": {"orderID": "orderid:866589", "reservationid": "TSX-JUFM", "orderType": "website"}}}
{"_id": "e7a8a86e-53c8-11ea-8004-b88a60e194fb", "timestamp": "2019-12-04T04:58:48.000Z", "eventType": "transaction", "_adobeamericaspot3": {"CRMID": "crmid:9805866820", "orderDetails": {"orderID": "orderid:467812", "reservationid": "FEA-OL9U", "orderType": "service desk"}}}
{"_id": "e7a9b9de-53c8-11ea-b6b6-b88a60e194fb", "timestamp": "2020-01-31T11:10:12.000Z", "eventType": "transaction", "_adobeamericaspot3": {"CRMID": "crmid:8851701501", "orderDetails": {"orderID": "orderid:221195", "reservationid": "PTO-EODW", "orderType": "website"}}}
{"_id": "e7aaa43e-53c8-11ea-821f-b88a60e194fb", "timestamp": "2020-01-16T15:14:53.000Z", "eventType": "transaction", "_adobeamericaspot3": {"CRMID": "crmid:3809013747", "orderDetails": {"orderID": "orderid:476823", "reservationid": "1VB-WTN0", "orderType": "call center"}}}
{"_id": "e7abb5ae-53c8-11ea-a333-b88a60e194fb", "timestamp": "2019-12-06T05:19:04.000Z", "eventType": "transaction", "_adobeamericaspot3": {"CRMID": "crmid:8404151522", "orderDetails": {"orderID": "orderid:200623", "reservationid": "SLP-OMFN", "orderType": "website"}}}
{"_id": "e7aca014-53c8-11ea-95a3-b88a60e194fb", "timestamp": "2019-12-07T10:23:04.000Z", "eventType": "transaction", "_adobeamericaspot3": {"CRMID": "crmid:5728965679", "orderDetails": {"orderID": "orderid:615392", "reservationid": "OQQ-JCSY", "orderType": "website"}}}
{"_id": "e7add892-53c8-11ea-ab27-b88a60e194fb", "timestamp": "2019-12-02T07:15:19.000Z", "eventType": "transaction", "_adobeamericaspot3": {"CRMID": "crmid:3668132817", "orderDetails": {"orderID": "orderid:576231", "reservationid": "8RC-UJQS", "orderType": "call center"}}}
{"_id": "e7aec2f0-53c8-11ea-87d4-b88a60e194fb", "timestamp": "2019-12-20T07:06:46.000Z", "eventType": "transaction", "_adobeamericaspot3": {"CRMID": "crmid:8490063107", "orderDetails": {"orderID": "orderid:478205", "reservationid": "NPJ-REHM", "orderType": "kiosk"}}}
{"_id": "e7afd462-53c8-11ea-b2b1-b88a60e194fb", "timestamp": "2020-02-05T03:41:07.000Z", "eventType": "transaction", "_adobeamericaspot3": {"CRMID": "crmid:7120959768", "orderDetails": {"orderID": "orderid:347866", "reservationid": "NMA-UWQT", "orderType": "kiosk"}}}
{"_id": "e7b0e5d0-53c8-11ea-8281-b88a60e194fb", "timestamp": "2020-02-02T12:23:28.000Z", "eventType": "transaction", "_adobeamericaspot3": {"CRMID": "crmid:4209823585", "orderDetails": {"orderID": "orderid:785814", "reservationid": "LBU-IOMS", "orderType": "call center"}}}
{"_id": "e7b1d028-53c8-11ea-8951-b88a60e194fb", "timestamp": "2020-02-10T12:05:05.000Z", "eventType": "transaction", "_adobeamericaspot3": {"CRMID": "crmid:3156088994", "orderDetails": {"orderID": "orderid:710724", "reservationid": "NDI-JAAU", "orderType": "website"}}}
{"_id": "e7b356ca-53c8-11ea-94ea-b88a60e194fb", "timestamp": "2020-01-31T13:50:43.000Z", "eventType": "transaction", "_adobeamericaspot3": {"CRMID": "crmid:5105873128", "orderDetails": {"orderID": "orderid:696025", "reservationid": "BSY-JJTG", "orderType": "kiosk"}}}
{"_id": "e7b468fe-53c8-11ea-b4c4-b88a60e194fb", "timestamp": "2019-12-22T22:59:22.000Z", "eventType": "transaction", "_adobeamericaspot3": {"CRMID": "crmid:3634022847", "orderDetails": {"orderID": "orderid:600452", "reservationid": "J89-4RMG", "orderType": "website"}}}
{"_id": "e7b5529e-53c8-11ea-b987-b88a60e194fb", "timestamp": "2020-01-28T23:31:42.000Z", "eventType": "transaction", "_adobeamericaspot3": {"CRMID": "crmid:4076145873", "orderDetails": {"orderID": "orderid:158501", "reservationid": "6I1-FHSS", "orderType": "call center"}}}
{"_id": "e7b63cf6-53c8-11ea-aee6-b88a60e194fb", "timestamp": "2019-12-02T23:38:03.000Z", "eventType": "transaction", "_adobeamericaspot3": {"CRMID": "crmid:5911220278", "orderDetails": {"orderID": "orderid:552030", "reservationid": "VFG-KS3K", "orderType": "website"}}}
{"_id": "e7b77582-53c8-11ea-add7-b88a60e194fb", "timestamp": "2020-01-10T03:56:34.000Z", "eventType": "transaction", "_adobeamericaspot3": {"CRMID": "crmid:3697002333", "orderDetails": {"orderID": "orderid:466754", "reservationid": "IH3-77GC", "orderType": "call center"}}}
{"_id": "e7b85fe2-53c8-11ea-81fd-b88a60e194fb", "timestamp": "2020-02-12T07:21:37.000Z", "eventType": "transaction", "_adobeamericaspot3": {"CRMID": "crmid:4564606940", "orderDetails": {"orderID": "orderid:821388", "reservationid": "DQG-O078", "orderType": "call center"}}}
{"_id": "e7b94a40-53c8-11ea-9f75-b88a60e194fb", "timestamp": "2020-02-09T12:01:50.000Z", "eventType": "transaction", "_adobeamericaspot3": {"CRMID": "crmid:6997379203", "orderDetails": {"orderID": "orderid:928060", "reservationid": "FCA-494J", "orderType": "call center"}}}
{"_id": "e7ba5bac-53c8-11ea-b041-b88a60e194fb", "timestamp": "2019-12-01T06:13:22.000Z", "eventType": "transaction", "_adobeamericaspot3": {"CRMID": "crmid:4756669819", "orderDetails": {"orderID": "orderid:432205", "reservationid": "XCH-O5Q9", "orderType": "call center"}}}
{"_id": "e7bb6d1c-53c8-11ea-bef9-b88a60e194fb", "timestamp": "2020-02-11T15:27:53.000Z", "eventType": "transaction", "_adobeamericaspot3": {"CRMID": "crmid:7448872107", "orderDetails": {"orderID": "orderid:265705", "reservationid": "FKP-YIKM", "orderType": "mobile"}}}
{"_id": "e7bca5b8-53c8-11ea-8a6f-b88a60e194fb", "timestamp": "2019-12-19T11:06:51.000Z", "eventType": "transaction", "_adobeamericaspot3": {"CRMID": "crmid:8578092973", "orderDetails": {"orderID": "orderid:818066", "reservationid": "S29-EOUE", "orderType": "website"}}}
{"_id": "e7bdb70c-53c8-11ea-ae91-b88a60e194fb", "timestamp": "2019-12-10T17:04:58.000Z", "eventType": "transaction", "_adobeamericaspot3": {"CRMID": "crmid:6347625012", "orderDetails": {"orderID": "orderid:756786", "reservationid": "G12-DGXL", "orderType": "kiosk"}}}
{"_id": "e7bf16a2-53c8-11ea-857b-b88a60e194fb", "timestamp": "2020-01-13T23:56:45.000Z", "eventType": "transaction", "_adobeamericaspot3": {"CRMID": "crmid:2496441762", "orderDetails": {"orderID": "orderid:926363", "reservationid": "B5Y-GRWM", "orderType": "kiosk"}}}
{"_id": "e7c000fa-53c8-11ea-8f6d-b88a60e194fb", "timestamp": "2020-01-11T21:11:00.000Z", "eventType": "transaction", "_adobeamericaspot3": {"CRMID": "crmid:6119539013", "orderDetails": {"orderID": "orderid:684722", "reservationid": "AA2-5CZJ", "orderType": "call center"}}}
{"_id": "e7c1127a-53c8-11ea-9c4e-b88a60e194fb", "timestamp": "2020-01-26T07:34:53.000Z", "eventType": "transaction", "_adobeamericaspot3": {"CRMID": "crmid:4360716932", "orderDetails": {"orderID": "orderid:977282", "reservationid": "5NT-G611", "orderType": "website"}}}
{"_id": "e7c1398a-53c8-11ea-846d-b88a60e194fb", "timestamp": "2020-01-31T00:00:00.000Z", "eventType": "transaction", "_adobeamericaspot3": {"CRMID": "crmid:4360716932", "orderDetails": {"orderID": "orderid:690747", "reservationid": "DWG-7IAJ", "orderType": "mobile"}}}
{"_id": "e7c24afa-53c8-11ea-95ce-b88a60e194fb", "timestamp": "2019-12-25T03:08:33.000Z", "eventType": "transaction", "_adobeamericaspot3": {"CRMID": "crmid:4461084792", "orderDetails": {"orderID": "orderid:931267", "reservationid": "E0Q-KVXQ", "orderType": "service desk"}}}
{"_id": "e7c33558-53c8-11ea-98bc-b88a60e194fb", "timestamp": "2020-02-02T20:26:20.000Z", "eventType": "transaction", "_adobeamericaspot3": {"CRMID": "crmid:7053933985", "orderDetails": {"orderID": "orderid:395465", "reservationid": "MA8-TDOM", "orderType": "call center"}}}
{"_id": "e7c446b0-53c8-11ea-9ebd-b88a60e194fb", "timestamp": "2020-01-13T14:51:07.000Z", "eventType": "transaction", "_adobeamericaspot3": {"CRMID": "crmid:2881256149", "orderDetails": {"orderID": "orderid:762267", "reservationid": "X59-ZLGE", "orderType": "kiosk"}}}
{"_id": "e7c55822-53c8-11ea-9adf-b88a60e194fb", "timestamp": "2020-02-05T09:10:25.000Z", "eventType": "transaction", "_adobeamericaspot3": {"CRMID": "crmid:6016704585", "orderDetails": {"orderID": "orderid:815398", "reservationid": "43D-WPX4", "orderType": "kiosk"}}}
{"_id": "e7c64282-53c8-11ea-ab28-b88a60e194fb", "timestamp": "2020-02-01T02:35:21.000Z", "eventType": "transaction", "_adobeamericaspot3": {"CRMID": "crmid:7661646106", "orderDetails": {"orderID": "orderid:877416", "reservationid": "OXA-VDML", "orderType": "website"}}}
{"_id": "e7c72cde-53c8-11ea-9067-b88a60e194fb", "timestamp": "2020-02-11T22:47:24.000Z", "eventType": "transaction", "_adobeamericaspot3": {"CRMID": "crmid:4549406523", "orderDetails": {"orderID": "orderid:751546", "reservationid": "GOU-F0CW", "orderType": "kiosk"}}}
{"_id": "e7c86562-53c8-11ea-8e2d-b88a60e194fb", "timestamp": "2020-01-17T05:30:13.000Z", "eventType": "transaction", "_adobeamericaspot3": {"CRMID": "crmid:9389585333", "orderDetails": {"orderID": "orderid:783892", "reservationid": "YMZ-9NYE", "orderType": "mobile"}}}
{"_id": "e7c99e34-53c8-11ea-88e1-b88a60e194fb", "timestamp": "2020-01-27T05:59:51.000Z", "eventType": "transaction", "_adobeamericaspot3": {"CRMID": "crmid:7783347956", "orderDetails": {"orderID": "orderid:243307", "reservationid": "QUC-UEZX", "orderType": "website"}}}
{"_id": "e7caaf8a-53c8-11ea-9ae4-b88a60e194fb", "timestamp": "2020-01-26T05:40:28.000Z", "eventType": "transaction", "_adobeamericaspot3": {"CRMID": "crmid:4270496295", "orderDetails": {"orderID": "orderid:170712", "reservationid": "ZJL-RLGQ", "orderType": "call center"}}}
{"_id": "e7cbc0fe-53c8-11ea-bddf-b88a60e194fb", "timestamp": "2020-01-12T15:07:31.000Z", "eventType": "transaction", "_adobeamericaspot3": {"CRMID": "crmid:3496652879", "orderDetails": {"orderID": "orderid:275457", "reservationid": "SX4-5GIP", "orderType": "kiosk"}}}
{"_id": "e7ccd268-53c8-11ea-a97b-b88a60e194fb", "timestamp": "2020-01-24T15:36:29.000Z", "eventType": "transaction", "_adobeamericaspot3": {"CRMID": "crmid:8060845572", "orderDetails": {"orderID": "orderid:695148", "reservationid": "LBF-UWFX", "orderType": "website"}}}
{"_id": "e7cde3da-53c8-11ea-bc98-b88a60e194fb", "timestamp": "2020-01-26T20:58:05.000Z", "eventType": "transaction", "_adobeamericaspot3": {"CRMID": "crmid:7523106060", "orderDetails": {"orderID": "orderid:616313", "reservationid": "5LT-TFNE", "orderType": "mobile"}}}
{"_id": "e7cef536-53c8-11ea-bed1-b88a60e194fb", "timestamp": "2019-12-02T10:28:57.000Z", "eventType": "transaction", "_adobeamericaspot3": {"CRMID": "crmid:5786241527", "orderDetails": {"orderID": "orderid:766495", "reservationid": "VNW-UZKX", "orderType": "call center"}}}
{"_id": "e7d0a2e4-53c8-11ea-bf73-b88a60e194fb", "timestamp": "2020-02-12T19:54:28.000Z", "eventType": "transaction", "_adobeamericaspot3": {"CRMID": "crmid:1996923106", "orderDetails": {"orderID": "orderid:572448", "reservationid": "VMB-CMUZ", "orderType": "call center"}}}
{"_id": "e7d2027e-53c8-11ea-927f-b88a60e194fb", "timestamp": "2019-12-04T21:30:42.000Z", "eventType": "transaction", "_adobeamericaspot3": {"CRMID": "crmid:5780677350", "orderDetails": {"orderID": "orderid:163357", "reservationid": "8SW-CJOC", "orderType": "call center"}}}
{"_id": "e7d2ecec-53c8-11ea-a07f-b88a60e194fb", "timestamp": "2020-01-15T01:13:24.000Z", "eventType": "transaction", "_adobeamericaspot3": {"CRMID": "crmid:8987731072", "orderDetails": {"orderID": "orderid:179606", "reservationid": "DX9-SJXH", "orderType": "call center"}}}
{"_id": "e7d47368-53c8-11ea-97c3-b88a60e194fb", "timestamp": "2020-02-04T07:59:07.000Z", "eventType": "transaction", "_adobeamericaspot3": {"CRMID": "crmid:4582242175", "orderDetails": {"orderID": "orderid:975262", "reservationid": "NIN-UJMG", "orderType": "call center"}}}
{"_id": "e7d5d2fa-53c8-11ea-9778-b88a60e194fb", "timestamp": "2020-01-22T23:26:51.000Z", "eventType": "transaction", "_adobeamericaspot3": {"CRMID": "crmid:2093421291", "orderDetails": {"orderID": "orderid:474669", "reservationid": "OSB-W5LV", "orderType": "website"}}}
{"_id": "e7d7a7ac-53c8-11ea-83c6-b88a60e194fb", "timestamp": "2020-01-22T20:18:19.000Z", "eventType": "transaction", "_adobeamericaspot3": {"CRMID": "crmid:8032717865", "orderDetails": {"orderID": "orderid:702640", "reservationid": "D8M-BATG", "orderType": "website"}}}
{"_id": "e7d90754-53c8-11ea-bbae-b88a60e194fb", "timestamp": "2019-12-05T15:07:20.000Z", "eventType": "transaction", "_adobeamericaspot3": {"CRMID": "crmid:7308818295", "orderDetails": {"orderID": "orderid:898045", "reservationid": "THK-ATTB", "orderType": "kiosk"}}}
{"_id": "e7da3fa8-53c8-11ea-9906-b88a60e194fb", "timestamp": "2020-02-06T03:52:03.000Z", "eventType": "transaction", "_adobeamericaspot3": {"CRMID": "crmid:8182451274", "orderDetails": {"orderID": "orderid:626857", "reservationid": "NTI-LZOK", "orderType": "call center"}}}
{"_id": "e7dbc688-53c8-11ea-90b0-b88a60e194fb", "timestamp": "2020-02-16T13:16:51.000Z", "eventType": "transaction", "_adobeamericaspot3": {"CRMID": "crmid:1546442090", "orderDetails": {"orderID": "orderid:399429", "reservationid": "4IH-DG7G", "orderType": "kiosk"}}}
{"_id": "e7dcfefa-53c8-11ea-8b76-b88a60e194fb", "timestamp": "2020-01-01T07:17:02.000Z", "eventType": "transaction", "_adobeamericaspot3": {"CRMID": "crmid:9726691035", "orderDetails": {"orderID": "orderid:601615", "reservationid": "CSV-SEBL", "orderType": "kiosk"}}}
{"_id": "e7de5ea8-53c8-11ea-8533-b88a60e194fb", "timestamp": "2019-12-12T04:24:07.000Z", "eventType": "transaction", "_adobeamericaspot3": {"CRMID": "crmid:4788726350", "orderDetails": {"orderID": "orderid:880760", "reservationid": "BTT-AC3T", "orderType": "website"}}}
{"_id": "e7df973e-53c8-11ea-a778-b88a60e194fb", "timestamp": "2020-01-07T07:02:20.000Z", "eventType": "transaction", "_adobeamericaspot3": {"CRMID": "crmid:5508648409", "orderDetails": {"orderID": "orderid:410301", "reservationid": "ZOI-V4C7", "orderType": "website"}}}
{"_id": "e7dfbe8a-53c8-11ea-989e-b88a60e194fb", "timestamp": "2020-01-14T00:00:00.000Z", "eventType": "transaction", "_adobeamericaspot3": {"CRMID": "crmid:5508648409", "orderDetails": {"orderID": "orderid:145498", "reservationid": "WE9-WCK2", "orderType": "website"}}}
{"_id": "e7e0f69c-53c8-11ea-90d2-b88a60e194fb", "timestamp": "2020-02-05T14:14:15.000Z", "eventType": "transaction", "_adobeamericaspot3": {"CRMID": "crmid:6689033793", "orderDetails": {"orderID": "orderid:501213", "reservationid": "SME-WMTP", "orderType": "website"}}}
{"_id": "e7e11e3a-53c8-11ea-b26b-b88a60e194fb", "timestamp": "2020-02-09T00:00:00.000Z", "eventType": "transaction", "_adobeamericaspot3": {"CRMID": "crmid:6689033793", "orderDetails": {"orderID": "orderid:308700", "reservationid": "DR6-OUEN", "orderType": "kiosk"}}}
{"_id": "e7e27d14-53c8-11ea-9061-b88a60e194fb", "timestamp": "2020-02-11T07:26:03.000Z", "eventType": "transaction", "_adobeamericaspot3": {"CRMID": "crmid:5305607253", "orderDetails": {"orderID": "orderid:525473", "reservationid": "DTU-GHM3", "orderType": "website"}}}
{"_id": "e7e3dce2-53c8-11ea-a995-b88a60e194fb", "timestamp": "2019-12-28T09:44:32.000Z", "eventType": "transaction", "_adobeamericaspot3": {"CRMID": "crmid:8896933448", "orderDetails": {"orderID": "orderid:439464", "reservationid": "8E3-RDPP", "orderType": "kiosk"}}}
{"_id": "e7e5635c-53c8-11ea-a1ce-b88a60e194fb", "timestamp": "2019-12-17T20:13:35.000Z", "eventType": "transaction", "_adobeamericaspot3": {"CRMID": "crmid:2492354711", "orderDetails": {"orderID": "orderid:757991", "reservationid": "0QZ-QGVJ", "orderType": "website"}}}
{"_id": "e7e69bd4-53c8-11ea-8377-b88a60e194fb", "timestamp": "2020-01-23T11:48:50.000Z", "eventType": "transaction", "_adobeamericaspot3": {"CRMID": "crmid:9966493489", "orderDetails": {"orderID": "orderid:403465", "reservationid": "N8B-G0W3", "orderType": "call center"}}}
{"_id": "e7e7d446-53c8-11ea-89b9-b88a60e194fb", "timestamp": "2020-01-18T14:40:56.000Z", "eventType": "transaction", "_adobeamericaspot3": {"CRMID": "crmid:5634632567", "orderDetails": {"orderID": "orderid:855634", "reservationid": "JUS-PFNB", "orderType": "kiosk"}}}
{"_id": "e7e90cf0-53c8-11ea-a855-b88a60e194fb", "timestamp": "2020-02-03T10:43:37.000Z", "eventType": "transaction", "_adobeamericaspot3": {"CRMID": "crmid:4020324265", "orderDetails": {"orderID": "orderid:613574", "reservationid": "WJF-T5W2", "orderType": "website"}}}
{"_id": "e7ea1e5e-53c8-11ea-b3ae-b88a60e194fb", "timestamp": "2020-01-18T15:10:58.000Z", "eventType": "transaction", "_adobeamericaspot3": {"CRMID": "crmid:7444147012", "orderDetails": {"orderID": "orderid:709520", "reservationid": "BOU-SBMP", "orderType": "mobile"}}}
{"_id": "e7eb5792-53c8-11ea-ab2b-b88a60e194fb", "timestamp": "2020-02-09T20:07:55.000Z", "eventType": "transaction", "_adobeamericaspot3": {"CRMID": "crmid:9614201258", "orderDetails": {"orderID": "orderid:221010", "reservationid": "3N2-RNEX", "orderType": "website"}}}
{"_id": "e7ec68c2-53c8-11ea-80f8-b88a60e194fb", "timestamp": "2020-01-19T19:04:35.000Z", "eventType": "transaction", "_adobeamericaspot3": {"CRMID": "crmid:5837509184", "orderDetails": {"orderID": "orderid:664045", "reservationid": "IXX-Z04M", "orderType": "website"}}}
{"_id": "e7ed79b8-53c8-11ea-bef2-b88a60e194fb", "timestamp": "2020-01-21T20:36:44.000Z", "eventType": "transaction", "_adobeamericaspot3": {"CRMID": "crmid:3315902627", "orderDetails": {"orderID": "orderid:724220", "reservationid": "VEL-MDBJ", "orderType": "call center"}}}
{"_id": "e7ee8b28-53c8-11ea-9c33-b88a60e194fb", "timestamp": "2020-01-16T14:29:04.000Z", "eventType": "transaction", "_adobeamericaspot3": {"CRMID": "crmid:7391538903", "orderDetails": {"orderID": "orderid:500602", "reservationid": "XQX-XDDZ", "orderType": "kiosk"}}}
{"_id": "e7ef9c94-53c8-11ea-87ca-b88a60e194fb", "timestamp": "2019-12-04T08:21:46.000Z", "eventType": "transaction", "_adobeamericaspot3": {"CRMID": "crmid:1879580232", "orderDetails": {"orderID": "orderid:595500", "reservationid": "PHF-LIFQ", "orderType": "website"}}}
{"_id": "e7f0ae0c-53c8-11ea-8796-b88a60e194fb", "timestamp": "2019-12-07T00:12:01.000Z", "eventType": "transaction", "_adobeamericaspot3": {"CRMID": "crmid:5376293933", "orderDetails": {"orderID": "orderid:312023", "reservationid": "XH9-WEKG", "orderType": "website"}}}
{"_id": "e7f1bf7e-53c8-11ea-af97-b88a60e194fb", "timestamp": "2019-12-06T00:27:00.000Z", "eventType": "transaction", "_adobeamericaspot3": {"CRMID": "crmid:1934127675", "orderDetails": {"orderID": "orderid:213289", "reservationid": "L7C-MROP", "orderType": "website"}}}
{"_id": "e7f2d0ca-53c8-11ea-9181-b88a60e194fb", "timestamp": "2020-01-08T05:58:25.000Z", "eventType": "transaction", "_adobeamericaspot3": {"CRMID": "crmid:2586839862", "orderDetails": {"orderID": "orderid:293155", "reservationid": "KFG-A4RT", "orderType": "kiosk"}}}
{"_id": "e7f3e264-53c8-11ea-ac3f-b88a60e194fb", "timestamp": "2019-12-21T06:17:28.000Z", "eventType": "transaction", "_adobeamericaspot3": {"CRMID": "crmid:8059845181", "orderDetails": {"orderID": "orderid:271156", "reservationid": "R6Y-SRYW", "orderType": "mobile"}}}
{"_id": "e7f59010-53c8-11ea-9044-b88a60e194fb", "timestamp": "2020-01-19T00:31:00.000Z", "eventType": "transaction", "_adobeamericaspot3": {"CRMID": "crmid:8634002599", "orderDetails": {"orderID": "orderid:196170", "reservationid": "JUS-A8AX", "orderType": "website"}}}
{"_id": "e7f7169a-53c8-11ea-abed-b88a60e194fb", "timestamp": "2019-12-24T09:04:08.000Z", "eventType": "transaction", "_adobeamericaspot3": {"CRMID": "crmid:8454464176", "orderDetails": {"orderID": "orderid:669112", "reservationid": "3CA-DYUI", "orderType": "kiosk"}}}
{"_id": "e7f8762c-53c8-11ea-ad32-b88a60e194fb", "timestamp": "2020-01-14T19:11:35.000Z", "eventType": "transaction", "_adobeamericaspot3": {"CRMID": "crmid:3484066590", "orderDetails": {"orderID": "orderid:705601", "reservationid": "XUP-SQZM", "orderType": "kiosk"}}}
{"_id": "e7f9fccc-53c8-11ea-ba14-b88a60e194fb", "timestamp": "2020-01-16T12:03:52.000Z", "eventType": "transaction", "_adobeamericaspot3": {"CRMID": "crmid:9676625116", "orderDetails": {"orderID": "orderid:991471", "reservationid": "DB5-4L7R", "orderType": "website"}}}
{"_id": "e7fb5c8a-53c8-11ea-b6df-b88a60e194fb", "timestamp": "2020-01-10T11:49:34.000Z", "eventType": "transaction", "_adobeamericaspot3": {"CRMID": "crmid:5481470186", "orderDetails": {"orderID": "orderid:455660", "reservationid": "5TH-NRMR", "orderType": "kiosk"}}}
{"_id": "e7fc94fe-53c8-11ea-8b20-b88a60e194fb", "timestamp": "2019-12-03T08:22:26.000Z", "eventType": "transaction", "_adobeamericaspot3": {"CRMID": "crmid:9023489734", "orderDetails": {"orderID": "orderid:692871", "reservationid": "LC1-1DCC", "orderType": "website"}}}
{"_id": "e7fda62e-53c8-11ea-849c-b88a60e194fb", "timestamp": "2020-01-08T22:04:44.000Z", "eventType": "transaction", "_adobeamericaspot3": {"CRMID": "crmid:4588340025", "orderDetails": {"orderID": "orderid:180836", "reservationid": "VSO-TBBT", "orderType": "kiosk"}}}
{"_id": "e7feb7be-53c8-11ea-8faf-b88a60e194fb", "timestamp": "2020-01-26T12:27:22.000Z", "eventType": "transaction", "_adobeamericaspot3": {"CRMID": "crmid:8511192358", "orderDetails": {"orderID": "orderid:637746", "reservationid": "RKN-P6KP", "orderType": "call center"}}}
{"_id": "e8001750-53c8-11ea-9497-b88a60e194fb", "timestamp": "2020-01-27T06:51:43.000Z", "eventType": "transaction", "_adobeamericaspot3": {"CRMID": "crmid:8925564120", "orderDetails": {"orderID": "orderid:141601", "reservationid": "DBH-G0PM", "orderType": "website"}}}
{"_id": "e8010192-53c8-11ea-b73c-b88a60e194fb", "timestamp": "2019-12-01T01:58:48.000Z", "eventType": "transaction", "_adobeamericaspot3": {"CRMID": "crmid:2897368455", "orderDetails": {"orderID": "orderid:458232", "reservationid": "GPP-DJVY", "orderType": "website"}}}
{"_id": "e802133e-53c8-11ea-a553-b88a60e194fb", "timestamp": "2020-02-13T00:01:52.000Z", "eventType": "transaction", "_adobeamericaspot3": {"CRMID": "crmid:9223213115", "orderDetails": {"orderID": "orderid:743844", "reservationid": "ZTO-KOCL", "orderType": "website"}}}
{"_id": "e802fd86-53c8-11ea-a35b-b88a60e194fb", "timestamp": "2019-12-06T05:04:08.000Z", "eventType": "transaction", "_adobeamericaspot3": {"CRMID": "crmid:3683077216", "orderDetails": {"orderID": "orderid:134701", "reservationid": "W8R-MNFV", "orderType": "mobile"}}}
{"_id": "e803e7f0-53c8-11ea-8120-b88a60e194fb", "timestamp": "2020-02-05T07:43:51.000Z", "eventType": "transaction", "_adobeamericaspot3": {"CRMID": "crmid:5493472783", "orderDetails": {"orderID": "orderid:715980", "reservationid": "ALB-BWF5", "orderType": "website"}}}
{"_id": "e804d248-53c8-11ea-a814-b88a60e194fb", "timestamp": "2019-12-06T19:18:34.000Z", "eventType": "transaction", "_adobeamericaspot3": {"CRMID": "crmid:1619166285", "orderDetails": {"orderID": "orderid:350207", "reservationid": "MEH-EQO3", "orderType": "website"}}}
{"_id": "e805e392-53c8-11ea-b818-b88a60e194fb", "timestamp": "2019-12-07T07:36:57.000Z", "eventType": "transaction", "_adobeamericaspot3": {"CRMID": "crmid:9341047513", "orderDetails": {"orderID": "orderid:637903", "reservationid": "FGS-TC7I", "orderType": "call center"}}}
{"_id": "e806f512-53c8-11ea-a5c9-b88a60e194fb", "timestamp": "2020-01-21T23:53:16.000Z", "eventType": "transaction", "_adobeamericaspot3": {"CRMID": "crmid:2655794161", "orderDetails": {"orderID": "orderid:927876", "reservationid": "RQD-3DRW", "orderType": "kiosk"}}}
{"_id": "e8082dba-53c8-11ea-9ef0-b88a60e194fb", "timestamp": "2020-01-04T11:49:06.000Z", "eventType": "transaction", "_adobeamericaspot3": {"CRMID": "crmid:5408107930", "orderDetails": {"orderID": "orderid:304793", "reservationid": "BNA-2XAK", "orderType": "kiosk"}}}
{"_id": "e8091824-53c8-11ea-a753-b88a60e194fb", "timestamp": "2019-12-16T23:21:19.000Z", "eventType": "transaction", "_adobeamericaspot3": {"CRMID": "crmid:5658866188", "orderDetails": {"orderID": "orderid:180619", "reservationid": "HWY-PMSV", "orderType": "call center"}}}
{"_id": "e80a779a-53c8-11ea-ac25-b88a60e194fb", "timestamp": "2020-02-14T21:57:51.000Z", "eventType": "transaction", "_adobeamericaspot3": {"CRMID": "crmid:9331844042", "orderDetails": {"orderID": "orderid:732512", "reservationid": "VCA-WAUC", "orderType": "website"}}}
{"_id": "e80b61f8-53c8-11ea-8f51-b88a60e194fb", "timestamp": "2020-01-17T11:19:33.000Z", "eventType": "transaction", "_adobeamericaspot3": {"CRMID": "crmid:4778238901", "orderDetails": {"orderID": "orderid:690522", "reservationid": "E3S-5GRB", "orderType": "website"}}}
{"_id": "e80c4c5c-53c8-11ea-a164-b88a60e194fb", "timestamp": "2019-12-20T06:51:04.000Z", "eventType": "transaction", "_adobeamericaspot3": {"CRMID": "crmid:1605291694", "orderDetails": {"orderID": "orderid:479457", "reservationid": "FYD-UFI9", "orderType": "website"}}}
{"_id": "e80d84e4-53c8-11ea-b8a4-b88a60e194fb", "timestamp": "2020-02-05T11:26:06.000Z", "eventType": "transaction", "_adobeamericaspot3": {"CRMID": "crmid:9386523405", "orderDetails": {"orderID": "orderid:912587", "reservationid": "SYX-SM1U", "orderType": "call center"}}}
{"_id": "e80ebd78-53c8-11ea-bfff-b88a60e194fb", "timestamp": "2019-12-22T13:23:57.000Z", "eventType": "transaction", "_adobeamericaspot3": {"CRMID": "crmid:5734787222", "orderDetails": {"orderID": "orderid:869977", "reservationid": "JW7-09KE", "orderType": "mobile"}}}
{"_id": "e8101ce2-53c8-11ea-b80a-b88a60e194fb", "timestamp": "2019-12-11T16:30:36.000Z", "eventType": "transaction", "_adobeamericaspot3": {"CRMID": "crmid:8367923498", "orderDetails": {"orderID": "orderid:734911", "reservationid": "KLL-1LW1", "orderType": "mobile"}}}
{"_id": "e811555e-53c8-11ea-84a5-b88a60e194fb", "timestamp": "2019-12-26T02:32:48.000Z", "eventType": "transaction", "_adobeamericaspot3": {"CRMID": "crmid:3988890283", "orderDetails": {"orderID": "orderid:668376", "reservationid": "GXC-0T4Q", "orderType": "kiosk"}}}
{"_id": "e81266c8-53c8-11ea-9c19-b88a60e194fb", "timestamp": "2019-12-29T14:07:21.000Z", "eventType": "transaction", "_adobeamericaspot3": {"CRMID": "crmid:1030841572", "orderDetails": {"orderID": "orderid:223768", "reservationid": "K4I-O0MY", "orderType": "kiosk"}}}
{"_id": "e8139f4c-53c8-11ea-a501-b88a60e194fb", "timestamp": "2020-01-11T18:43:24.000Z", "eventType": "transaction", "_adobeamericaspot3": {"CRMID": "crmid:4072737146", "orderDetails": {"orderID": "orderid:608432", "reservationid": "ON0-OMTS", "orderType": "call center"}}}
{"_id": "e814b0e4-53c8-11ea-8895-b88a60e194fb", "timestamp": "2019-12-16T08:53:04.000Z", "eventType": "transaction", "_adobeamericaspot3": {"CRMID": "crmid:7719604738", "orderDetails": {"orderID": "orderid:788181", "reservationid": "FS7-XGRU", "orderType": "website"}}}
{"_id": "e815c252-53c8-11ea-b0e0-b88a60e194fb", "timestamp": "2020-01-14T00:13:31.000Z", "eventType": "transaction", "_adobeamericaspot3": {"CRMID": "crmid:8605034039", "orderDetails": {"orderID": "orderid:212199", "reservationid": "OR5-XONA", "orderType": "service desk"}}}
{"_id": "e816faa4-53c8-11ea-9c04-b88a60e194fb", "timestamp": "2019-12-31T23:07:21.000Z", "eventType": "transaction", "_adobeamericaspot3": {"CRMID": "crmid:6190518915", "orderDetails": {"orderID": "orderid:833625", "reservationid": "N5D-MUKA", "orderType": "website"}}}
{"_id": "e8180c1e-53c8-11ea-91f8-b88a60e194fb", "timestamp": "2020-01-28T03:56:20.000Z", "eventType": "transaction", "_adobeamericaspot3": {"CRMID": "crmid:5012689283", "orderDetails": {"orderID": "orderid:344078", "reservationid": "RPX-XCTV", "orderType": "call center"}}}
{"_id": "e8191d82-53c8-11ea-96c2-b88a60e194fb", "timestamp": "2020-01-14T23:18:46.000Z", "eventType": "transaction", "_adobeamericaspot3": {"CRMID": "crmid:9660332224", "orderDetails": {"orderID": "orderid:593474", "reservationid": "2DO-KMX9", "orderType": "call center"}}}
{"_id": "e81a2ee8-53c8-11ea-9f66-b88a60e194fb", "timestamp": "2020-01-19T18:47:05.000Z", "eventType": "transaction", "_adobeamericaspot3": {"CRMID": "crmid:2507903471", "orderDetails": {"orderID": "orderid:829459", "reservationid": "230-FQSA", "orderType": "kiosk"}}}
{"_id": "e81b4080-53c8-11ea-93b4-b88a60e194fb", "timestamp": "2019-12-26T16:37:36.000Z", "eventType": "transaction", "_adobeamericaspot3": {"CRMID": "crmid:2601214166", "orderDetails": {"orderID": "orderid:206574", "reservationid": "MJF-JNGS", "orderType": "service desk"}}}
{"_id": "e81c2ad2-53c8-11ea-be0e-b88a60e194fb", "timestamp": "2020-01-10T09:42:03.000Z", "eventType": "transaction", "_adobeamericaspot3": {"CRMID": "crmid:5248130348", "orderDetails": {"orderID": "orderid:615401", "reservationid": "DMD-N5BF", "orderType": "kiosk"}}}
{"_id": "e81cee26-53c8-11ea-bc4f-b88a60e194fb", "timestamp": "2020-01-08T13:03:15.000Z", "eventType": "transaction", "_adobeamericaspot3": {"CRMID": "crmid:4428825177", "orderDetails": {"orderID": "orderid:324892", "reservationid": "BGT-JZXH", "orderType": "website"}}}
{"_id": "e81e0014-53c8-11ea-ae7d-b88a60e194fb", "timestamp": "2020-01-14T08:03:55.000Z", "eventType": "transaction", "_adobeamericaspot3": {"CRMID": "crmid:1178565069", "orderDetails": {"orderID": "orderid:676473", "reservationid": "GOE-0XHK", "orderType": "call center"}}}
{"_id": "e81ee9e4-53c8-11ea-b4d8-b88a60e194fb", "timestamp": "2019-12-20T11:41:07.000Z", "eventType": "transaction", "_adobeamericaspot3": {"CRMID": "crmid:5740184711", "orderDetails": {"orderID": "orderid:464915", "reservationid": "E50-DXQ2", "orderType": "call center"}}}
{"_id": "e81ffb64-53c8-11ea-bdc9-b88a60e194fb", "timestamp": "2020-01-22T10:50:31.000Z", "eventType": "transaction", "_adobeamericaspot3": {"CRMID": "crmid:1934319440", "orderDetails": {"orderID": "orderid:818896", "reservationid": "ZKM-JKZ2", "orderType": "website"}}}
{"_id": "e821a91c-53c8-11ea-ae99-b88a60e194fb", "timestamp": "2020-02-15T20:25:01.000Z", "eventType": "transaction", "_adobeamericaspot3": {"CRMID": "crmid:7329510466", "orderDetails": {"orderID": "orderid:921663", "reservationid": "KXN-WZ24", "orderType": "service desk"}}}
{"_id": "e822e1b0-53c8-11ea-a9b0-b88a60e194fb", "timestamp": "2019-12-11T16:20:33.000Z", "eventType": "transaction", "_adobeamericaspot3": {"CRMID": "crmid:9213871855", "orderDetails": {"orderID": "orderid:562180", "reservationid": "08S-ARDV", "orderType": "call center"}}}
{"_id": "e823f31e-53c8-11ea-9862-b88a60e194fb", "timestamp": "2019-12-13T06:08:02.000Z", "eventType": "transaction", "_adobeamericaspot3": {"CRMID": "crmid:4728500810", "orderDetails": {"orderID": "orderid:338646", "reservationid": "0MD-KYNQ", "orderType": "website"}}}
{"_id": "e8255292-53c8-11ea-b9ec-b88a60e194fb", "timestamp": "2020-01-14T08:29:25.000Z", "eventType": "transaction", "_adobeamericaspot3": {"CRMID": "crmid:3111013014", "orderDetails": {"orderID": "orderid:149695", "reservationid": "Y8O-QKOS", "orderType": "website"}}}
{"_id": "e826d9b8-53c8-11ea-8dc8-b88a60e194fb", "timestamp": "2019-12-08T23:13:29.000Z", "eventType": "transaction", "_adobeamericaspot3": {"CRMID": "crmid:6349731055", "orderDetails": {"orderID": "orderid:731689", "reservationid": "TEY-NRTV", "orderType": "kiosk"}}}
{"_id": "e827ea88-53c8-11ea-9612-b88a60e194fb", "timestamp": "2019-12-31T12:19:59.000Z", "eventType": "transaction", "_adobeamericaspot3": {"CRMID": "crmid:4009894034", "orderDetails": {"orderID": "orderid:738857", "reservationid": "YFB-ZS9C", "orderType": "service desk"}}}
{"_id": "e8294a28-53c8-11ea-bfed-b88a60e194fb", "timestamp": "2020-02-01T10:00:28.000Z", "eventType": "transaction", "_adobeamericaspot3": {"CRMID": "crmid:1881655502", "orderDetails": {"orderID": "orderid:739675", "reservationid": "8XH-SXFY", "orderType": "call center"}}}
{"_id": "e82a5ba6-53c8-11ea-87bf-b88a60e194fb", "timestamp": "2020-01-08T07:58:08.000Z", "eventType": "transaction", "_adobeamericaspot3": {"CRMID": "crmid:3354699059", "orderDetails": {"orderID": "orderid:334393", "reservationid": "L0V-XZDB", "orderType": "website"}}}
{"_id": "e82b6cf4-53c8-11ea-abae-b88a60e194fb", "timestamp": "2020-01-17T23:06:28.000Z", "eventType": "transaction", "_adobeamericaspot3": {"CRMID": "crmid:6174693688", "orderDetails": {"orderID": "orderid:437580", "reservationid": "HHT-J4CS", "orderType": "kiosk"}}}
{"_id": "e82ca57a-53c8-11ea-b294-b88a60e194fb", "timestamp": "2019-12-04T06:31:24.000Z", "eventType": "transaction", "_adobeamericaspot3": {"CRMID": "crmid:8083542477", "orderDetails": {"orderID": "orderid:466063", "reservationid": "08K-AJQ9", "orderType": "call center"}}}
{"_id": "e82dde1c-53c8-11ea-a680-b88a60e194fb", "timestamp": "2020-01-27T13:48:46.000Z", "eventType": "transaction", "_adobeamericaspot3": {"CRMID": "crmid:8591041588", "orderDetails": {"orderID": "orderid:579197", "reservationid": "V1X-BG2L", "orderType": "call center"}}}
{"_id": "e831ae7e-53c8-11ea-a5b1-b88a60e194fb", "timestamp": "2019-12-24T18:56:27.000Z", "eventType": "transaction", "_adobeamericaspot3": {"CRMID": "crmid:9414189148", "orderDetails": {"orderID": "orderid:239463", "reservationid": "PGO-I4CX", "orderType": "website"}}}
{"_id": "e83298e2-53c8-11ea-8ff3-b88a60e194fb", "timestamp": "2019-12-23T10:20:43.000Z", "eventType": "transaction", "_adobeamericaspot3": {"CRMID": "crmid:9534041893", "orderDetails": {"orderID": "orderid:814097", "reservationid": "IDR-RHGY", "orderType": "service desk"}}}
{"_id": "e8338382-53c8-11ea-86f6-b88a60e194fb", "timestamp": "2020-01-08T06:02:08.000Z", "eventType": "transaction", "_adobeamericaspot3": {"CRMID": "crmid:2437054681", "orderDetails": {"orderID": "orderid:645038", "reservationid": "RXF-NGRU", "orderType": "service desk"}}}
{"_id": "e83494ae-53c8-11ea-8fe0-b88a60e194fb", "timestamp": "2019-12-22T14:16:34.000Z", "eventType": "transaction", "_adobeamericaspot3": {"CRMID": "crmid:5160821681", "orderDetails": {"orderID": "orderid:145255", "reservationid": "9VF-P9T5", "orderType": "mobile"}}}
{"_id": "e835a640-53c8-11ea-8984-b88a60e194fb", "timestamp": "2020-01-17T12:47:16.000Z", "eventType": "transaction", "_adobeamericaspot3": {"CRMID": "crmid:6809559430", "orderDetails": {"orderID": "orderid:168198", "reservationid": "SUX-WCXJ", "orderType": "mobile"}}}
{"_id": "e836909c-53c8-11ea-8853-b88a60e194fb", "timestamp": "2020-01-30T02:45:33.000Z", "eventType": "transaction", "_adobeamericaspot3": {"CRMID": "crmid:5141393944", "orderDetails": {"orderID": "orderid:936712", "reservationid": "J2A-RSE9", "orderType": "website"}}}
{"_id": "e83753f0-53c8-11ea-890a-b88a60e194fb", "timestamp": "2020-02-01T22:32:06.000Z", "eventType": "transaction", "_adobeamericaspot3": {"CRMID": "crmid:2042384360", "orderDetails": {"orderID": "orderid:739500", "reservationid": "LBP-FSND", "orderType": "kiosk"}}}
{"_id": "e838173e-53c8-11ea-960b-b88a60e194fb", "timestamp": "2020-01-17T23:40:18.000Z", "eventType": "transaction", "_adobeamericaspot3": {"CRMID": "crmid:3583981434", "orderDetails": {"orderID": "orderid:535612", "reservationid": "BG7-IYCW", "orderType": "website"}}}
{"_id": "e838da8a-53c8-11ea-bfe8-b88a60e194fb", "timestamp": "2020-01-03T01:35:30.000Z", "eventType": "transaction", "_adobeamericaspot3": {"CRMID": "crmid:4059773715", "orderDetails": {"orderID": "orderid:817213", "reservationid": "OQC-D8XG", "orderType": "kiosk"}}}
{"_id": "e8399dc6-53c8-11ea-a5e2-b88a60e194fb", "timestamp": "2019-12-09T23:10:51.000Z", "eventType": "transaction", "_adobeamericaspot3": {"CRMID": "crmid:8268910269", "orderDetails": {"orderID": "orderid:421874", "reservationid": "PXX-8N2Y", "orderType": "kiosk"}}}
{"_id": "e83aaf36-53c8-11ea-947d-b88a60e194fb", "timestamp": "2019-12-12T06:55:31.000Z", "eventType": "transaction", "_adobeamericaspot3": {"CRMID": "crmid:7568299878", "orderDetails": {"orderID": "orderid:424959", "reservationid": "VWX-DOE8", "orderType": "kiosk"}}}
{"_id": "e83b998a-53c8-11ea-bff0-b88a60e194fb", "timestamp": "2020-01-22T18:36:01.000Z", "eventType": "transaction", "_adobeamericaspot3": {"CRMID": "crmid:8237721073", "orderDetails": {"orderID": "orderid:910334", "reservationid": "N2X-UTUQ", "orderType": "mobile"}}}
{"_id": "e83c83e8-53c8-11ea-bb4e-b88a60e194fb", "timestamp": "2020-01-24T11:10:41.000Z", "eventType": "transaction", "_adobeamericaspot3": {"CRMID": "crmid:2542898272", "orderDetails": {"orderID": "orderid:102408", "reservationid": "Q9F-IJZK", "orderType": "website"}}}
{"_id": "e83d6e58-53c8-11ea-a52d-b88a60e194fb", "timestamp": "2019-12-10T03:48:04.000Z", "eventType": "transaction", "_adobeamericaspot3": {"CRMID": "crmid:3616681739", "orderDetails": {"orderID": "orderid:479941", "reservationid": "XI1-YQ2N", "orderType": "mobile"}}}
{"_id": "e83e58ae-53c8-11ea-a5ec-b88a60e194fb", "timestamp": "2019-12-04T16:02:31.000Z", "eventType": "transaction", "_adobeamericaspot3": {"CRMID": "crmid:6041854468", "orderDetails": {"orderID": "orderid:375922", "reservationid": "FMV-X8JQ", "orderType": "website"}}}
{"_id": "e83f1bf8-53c8-11ea-b4c1-b88a60e194fb", "timestamp": "2019-12-01T09:53:16.000Z", "eventType": "transaction", "_adobeamericaspot3": {"CRMID": "crmid:7538942150", "orderDetails": {"orderID": "orderid:252637", "reservationid": "QY9-GJQE", "orderType": "kiosk"}}}
{"_id": "e840065a-53c8-11ea-ba5f-b88a60e194fb", "timestamp": "2019-12-10T14:38:54.000Z", "eventType": "transaction", "_adobeamericaspot3": {"CRMID": "crmid:5928564362", "orderDetails": {"orderID": "orderid:592478", "reservationid": "NCG-KHGL", "orderType": "call center"}}}
{"_id": "e840f0c8-53c8-11ea-a80d-b88a60e194fb", "timestamp": "2020-01-27T21:47:52.000Z", "eventType": "transaction", "_adobeamericaspot3": {"CRMID": "crmid:3114939007", "orderDetails": {"orderID": "orderid:114790", "reservationid": "7NG-6NRL", "orderType": "kiosk"}}}
{"_id": "e841b42c-53c8-11ea-aa68-b88a60e194fb", "timestamp": "2020-02-01T08:23:41.000Z", "eventType": "transaction", "_adobeamericaspot3": {"CRMID": "crmid:1649017307", "orderDetails": {"orderID": "orderid:554947", "reservationid": "6OT-QBDQ", "orderType": "kiosk"}}}
{"_id": "e8427766-53c8-11ea-893d-b88a60e194fb", "timestamp": "2020-01-12T22:24:57.000Z", "eventType": "transaction", "_adobeamericaspot3": {"CRMID": "crmid:8402599721", "orderDetails": {"orderID": "orderid:235372", "reservationid": "RPL-RWQE", "orderType": "website"}}}
{"_id": "e8433ac8-53c8-11ea-9cdb-b88a60e194fb", "timestamp": "2020-02-09T11:06:55.000Z", "eventType": "transaction", "_adobeamericaspot3": {"CRMID": "crmid:9533740470", "orderDetails": {"orderID": "orderid:232842", "reservationid": "55R-ZPPC", "orderType": "kiosk"}}}
{"_id": "e8444c4c-53c8-11ea-bb0d-b88a60e194fb", "timestamp": "2019-12-18T16:38:10.000Z", "eventType": "transaction", "_adobeamericaspot3": {"CRMID": "crmid:2077365340", "orderDetails": {"orderID": "orderid:495584", "reservationid": "RIF-NVBR", "orderType": "website"}}}
{"_id": "e8453728-53c8-11ea-8894-b88a60e194fb", "timestamp": "2020-02-10T15:10:58.000Z", "eventType": "transaction", "_adobeamericaspot3": {"CRMID": "crmid:1258065593", "orderDetails": {"orderID": "orderid:994193", "reservationid": "LAP-SYW9", "orderType": "website"}}}
{"_id": "e8453729-53c8-11ea-99b1-b88a60e194fb", "timestamp": "2020-02-17T00:00:00.000Z", "eventType": "transaction", "_adobeamericaspot3": {"CRMID": "crmid:1258065593", "orderDetails": {"orderID": "orderid:536737", "reservationid": "T0K-5ZKJ", "orderType": "call center"}}}
{"_id": "e8455dac-53c8-11ea-9a64-b88a60e194fb", "timestamp": "2020-02-24T00:00:00.000Z", "eventType": "transaction", "_adobeamericaspot3": {"CRMID": "crmid:1258065593", "orderDetails": {"orderID": "orderid:429852", "reservationid": "FWH-U2ZH", "orderType": "kiosk"}}}
{"_id": "e8464806-53c8-11ea-810e-b88a60e194fb", "timestamp": "2020-01-25T12:28:35.000Z", "eventType": "transaction", "_adobeamericaspot3": {"CRMID": "crmid:5217528798", "orderDetails": {"orderID": "orderid:103864", "reservationid": "BSS-T5AQ", "orderType": "website"}}}
{"_id": "e8470b58-53c8-11ea-919a-b88a60e194fb", "timestamp": "2019-12-05T23:10:12.000Z", "eventType": "transaction", "_adobeamericaspot3": {"CRMID": "crmid:5594241344", "orderDetails": {"orderID": "orderid:593483", "reservationid": "I02-VULD", "orderType": "mobile"}}}
{"_id": "e847f5ae-53c8-11ea-a5aa-b88a60e194fb", "timestamp": "2019-12-21T04:24:41.000Z", "eventType": "transaction", "_adobeamericaspot3": {"CRMID": "crmid:8803004850", "orderDetails": {"orderID": "orderid:762147", "reservationid": "YQR-SFBY", "orderType": "website"}}}
{"_id": "e848ba24-53c8-11ea-9d0a-b88a60e194fb", "timestamp": "2020-01-02T13:37:46.000Z", "eventType": "transaction", "_adobeamericaspot3": {"CRMID": "crmid:8982961169", "orderDetails": {"orderID": "orderid:790686", "reservationid": "M0O-V9IS", "orderType": "call center"}}}
{"_id": "e849a4b6-53c8-11ea-8960-b88a60e194fb", "timestamp": "2019-12-22T18:09:39.000Z", "eventType": "transaction", "_adobeamericaspot3": {"CRMID": "crmid:7326945539", "orderDetails": {"orderID": "orderid:806115", "reservationid": "AY2-ZAMJ", "orderType": "call center"}}}
{"_id": "e84a8dec-53c8-11ea-8cb9-b88a60e194fb", "timestamp": "2019-12-07T19:44:33.000Z", "eventType": "transaction", "_adobeamericaspot3": {"CRMID": "crmid:3696674286", "orderDetails": {"orderID": "orderid:924819", "reservationid": "O1N-3AAI", "orderType": "kiosk"}}}
{"_id": "e84b522e-53c8-11ea-bafd-b88a60e194fb", "timestamp": "2019-12-03T17:21:35.000Z", "eventType": "transaction", "_adobeamericaspot3": {"CRMID": "crmid:9820407296", "orderDetails": {"orderID": "orderid:269437", "reservationid": "YXQ-XFMB", "orderType": "kiosk"}}}
{"_id": "e84c15b4-53c8-11ea-bb2c-b88a60e194fb", "timestamp": "2020-01-08T03:00:29.000Z", "eventType": "transaction", "_adobeamericaspot3": {"CRMID": "crmid:9771221168", "orderDetails": {"orderID": "orderid:483469", "reservationid": "UQ7-XWBE", "orderType": "website"}}}
{"_id": "e84d4d0a-53c8-11ea-aaaa-b88a60e194fb", "timestamp": "2020-01-28T01:16:17.000Z", "eventType": "transaction", "_adobeamericaspot3": {"CRMID": "crmid:9439603649", "orderDetails": {"orderID": "orderid:228108", "reservationid": "DIT-TIYN", "orderType": "website"}}}
{"_id": "e84e115a-53c8-11ea-925c-b88a60e194fb", "timestamp": "2020-01-02T18:25:03.000Z", "eventType": "transaction", "_adobeamericaspot3": {"CRMID": "crmid:5382551115", "orderDetails": {"orderID": "orderid:354031", "reservationid": "OHP-FBCI", "orderType": "website"}}}
{"_id": "e84ed4fa-53c8-11ea-8ced-b88a60e194fb", "timestamp": "2020-02-06T09:59:29.000Z", "eventType": "transaction", "_adobeamericaspot3": {"CRMID": "crmid:6859234912", "orderDetails": {"orderID": "orderid:876602", "reservationid": "FOG-OUA1", "orderType": "kiosk"}}}
{"_id": "e84fbf76-53c8-11ea-9949-b88a60e194fb", "timestamp": "2019-12-15T21:21:11.000Z", "eventType": "transaction", "_adobeamericaspot3": {"CRMID": "crmid:2560553223", "orderDetails": {"orderID": "orderid:483466", "reservationid": "DMY-FNXO", "orderType": "kiosk"}}}
{"_id": "e850828c-53c8-11ea-878c-b88a60e194fb", "timestamp": "2019-12-23T14:12:54.000Z", "eventType": "transaction", "_adobeamericaspot3": {"CRMID": "crmid:5331648100", "orderDetails": {"orderID": "orderid:159151", "reservationid": "DIA-XUWK", "orderType": "kiosk"}}}
{"_id": "e8516cf4-53c8-11ea-bcd1-b88a60e194fb", "timestamp": "2020-01-11T06:52:31.000Z", "eventType": "transaction", "_adobeamericaspot3": {"CRMID": "crmid:4432395268", "orderDetails": {"orderID": "orderid:692045", "reservationid": "ZAM-Y5NF", "orderType": "kiosk"}}}
{"_id": "e8523198-53c8-11ea-b6fb-b88a60e194fb", "timestamp": "2019-12-26T10:35:30.000Z", "eventType": "transaction", "_adobeamericaspot3": {"CRMID": "crmid:1878111442", "orderDetails": {"orderID": "orderid:586088", "reservationid": "HXG-LDNR", "orderType": "call center"}}}
{"_id": "e8531ad2-53c8-11ea-b43a-b88a60e194fb", "timestamp": "2020-02-01T02:27:21.000Z", "eventType": "transaction", "_adobeamericaspot3": {"CRMID": "crmid:9156935032", "orderDetails": {"orderID": "orderid:351143", "reservationid": "HMA-NN84", "orderType": "mobile"}}}
{"_id": "e853ddf6-53c8-11ea-a47a-b88a60e194fb", "timestamp": "2019-12-28T06:46:33.000Z", "eventType": "transaction", "_adobeamericaspot3": {"CRMID": "crmid:1117762940", "orderDetails": {"orderID": "orderid:712368", "reservationid": "NWL-3AQB", "orderType": "kiosk"}}}
{"_id": "e854a138-53c8-11ea-b448-b88a60e194fb", "timestamp": "2020-01-25T04:49:58.000Z", "eventType": "transaction", "_adobeamericaspot3": {"CRMID": "crmid:7685280597", "orderDetails": {"orderID": "orderid:488919", "reservationid": "XIV-RV1E", "orderType": "mobile"}}}
{"_id": "e8558bae-53c8-11ea-bedd-b88a60e194fb", "timestamp": "2020-02-06T11:29:37.000Z", "eventType": "transaction", "_adobeamericaspot3": {"CRMID": "crmid:6705070655", "orderDetails": {"orderID": "orderid:207204", "reservationid": "LEB-LLAA", "orderType": "call center"}}}
{"_id": "e85675fa-53c8-11ea-af2d-b88a60e194fb", "timestamp": "2020-01-30T00:17:11.000Z", "eventType": "transaction", "_adobeamericaspot3": {"CRMID": "crmid:7190798158", "orderDetails": {"orderID": "orderid:776995", "reservationid": "0WM-EPVX", "orderType": "kiosk"}}}
{"_id": "e85787c6-53c8-11ea-ad53-b88a60e194fb", "timestamp": "2020-01-14T23:59:17.000Z", "eventType": "transaction", "_adobeamericaspot3": {"CRMID": "crmid:3990693022", "orderDetails": {"orderID": "orderid:335004", "reservationid": "33A-G65Z", "orderType": "kiosk"}}}
{"_id": "e8584aca-53c8-11ea-80d8-b88a60e194fb", "timestamp": "2020-02-09T02:01:38.000Z", "eventType": "transaction", "_adobeamericaspot3": {"CRMID": "crmid:9624845109", "orderDetails": {"orderID": "orderid:309037", "reservationid": "36R-5NCL", "orderType": "kiosk"}}}
{"_id": "e8590e12-53c8-11ea-97d4-b88a60e194fb", "timestamp": "2020-02-04T05:27:36.000Z", "eventType": "transaction", "_adobeamericaspot3": {"CRMID": "crmid:1518886026", "orderDetails": {"orderID": "orderid:488850", "reservationid": "68F-JGCV", "orderType": "website"}}}
{"_id": "e859f88c-53c8-11ea-b353-b88a60e194fb", "timestamp": "2020-02-11T09:41:55.000Z", "eventType": "transaction", "_adobeamericaspot3": {"CRMID": "crmid:3436386288", "orderDetails": {"orderID": "orderid:559413", "reservationid": "XDQ-TVAS", "orderType": "website"}}}
{"_id": "e85ae2d2-53c8-11ea-8102-b88a60e194fb", "timestamp": "2020-01-15T21:28:50.000Z", "eventType": "transaction", "_adobeamericaspot3": {"CRMID": "crmid:3754722840", "orderDetails": {"orderID": "orderid:456856", "reservationid": "6TS-LJWR", "orderType": "kiosk"}}}
{"_id": "e85ba61e-53c8-11ea-bfa2-b88a60e194fb", "timestamp": "2020-01-28T09:44:59.000Z", "eventType": "transaction", "_adobeamericaspot3": {"CRMID": "crmid:1717925274", "orderDetails": {"orderID": "orderid:762538", "reservationid": "FVJ-YSYA", "orderType": "website"}}}
{"_id": "e85c6992-53c8-11ea-95b0-b88a60e194fb", "timestamp": "2019-12-22T10:11:21.000Z", "eventType": "transaction", "_adobeamericaspot3": {"CRMID": "crmid:9937615413", "orderDetails": {"orderID": "orderid:112993", "reservationid": "Z8F-VG91", "orderType": "kiosk"}}}
{"_id": "e85d53da-53c8-11ea-a3b3-b88a60e194fb", "timestamp": "2020-01-01T03:25:55.000Z", "eventType": "transaction", "_adobeamericaspot3": {"CRMID": "crmid:3703472633", "orderDetails": {"orderID": "orderid:672086", "reservationid": "NCE-G6PW", "orderType": "mobile"}}}
{"_id": "e85e172e-53c8-11ea-a73b-b88a60e194fb", "timestamp": "2020-01-07T07:53:10.000Z", "eventType": "transaction", "_adobeamericaspot3": {"CRMID": "crmid:8035789047", "orderDetails": {"orderID": "orderid:931571", "reservationid": "2PT-DTQJ", "orderType": "kiosk"}}}
{"_id": "e85eda86-53c8-11ea-ab2c-b88a60e194fb", "timestamp": "2020-01-28T00:14:31.000Z", "eventType": "transaction", "_adobeamericaspot3": {"CRMID": "crmid:2077740149", "orderDetails": {"orderID": "orderid:324620", "reservationid": "HBJ-GNHV", "orderType": "kiosk"}}}
{"_id": "e86012e4-53c8-11ea-a3df-b88a60e194fb", "timestamp": "2020-01-18T10:44:44.000Z", "eventType": "transaction", "_adobeamericaspot3": {"CRMID": "crmid:1205045108", "orderDetails": {"orderID": "orderid:764747", "reservationid": "EXY-HIPV", "orderType": "kiosk"}}}
{"_id": "e860d638-53c8-11ea-8653-b88a60e194fb", "timestamp": "2019-12-24T04:12:56.000Z", "eventType": "transaction", "_adobeamericaspot3": {"CRMID": "crmid:5183041470", "orderDetails": {"orderID": "orderid:158696", "reservationid": "PA5-RSFR", "orderType": "kiosk"}}}
{"_id": "e8619988-53c8-11ea-add9-b88a60e194fb", "timestamp": "2020-02-11T05:09:50.000Z", "eventType": "transaction", "_adobeamericaspot3": {"CRMID": "crmid:5679211381", "orderDetails": {"orderID": "orderid:217972", "reservationid": "MBD-JVJA", "orderType": "call center"}}}
{"_id": "e862a9c6-53c8-11ea-b353-b88a60e194fb", "timestamp": "2020-01-06T04:11:02.000Z", "eventType": "transaction", "_adobeamericaspot3": {"CRMID": "crmid:4207258395", "orderDetails": {"orderID": "orderid:334316", "reservationid": "3FB-5IYL", "orderType": "call center"}}}
{"_id": "e8636d18-53c8-11ea-a32b-b88a60e194fb", "timestamp": "2019-12-03T14:46:14.000Z", "eventType": "transaction", "_adobeamericaspot3": {"CRMID": "crmid:5219906065", "orderDetails": {"orderID": "orderid:691433", "reservationid": "ZIW-81IR", "orderType": "mobile"}}}
{"_id": "e864306e-53c8-11ea-afb5-b88a60e194fb", "timestamp": "2020-02-03T05:45:01.000Z", "eventType": "transaction", "_adobeamericaspot3": {"CRMID": "crmid:8851200424", "orderDetails": {"orderID": "orderid:916315", "reservationid": "B80-UAJR", "orderType": "service desk"}}}
{"_id": "e8651ac8-53c8-11ea-8d67-b88a60e194fb", "timestamp": "2020-01-02T12:42:53.000Z", "eventType": "transaction", "_adobeamericaspot3": {"CRMID": "crmid:8690076253", "orderDetails": {"orderID": "orderid:790520", "reservationid": "CFG-MAQU", "orderType": "call center"}}}
{"_id": "e865de26-53c8-11ea-9406-b88a60e194fb", "timestamp": "2020-02-10T04:44:45.000Z", "eventType": "transaction", "_adobeamericaspot3": {"CRMID": "crmid:7145328583", "orderDetails": {"orderID": "orderid:148735", "reservationid": "POC-IT1F", "orderType": "kiosk"}}}
{"_id": "e866c87a-53c8-11ea-8cf8-b88a60e194fb", "timestamp": "2020-02-05T06:11:23.000Z", "eventType": "transaction", "_adobeamericaspot3": {"CRMID": "crmid:7039368308", "orderDetails": {"orderID": "orderid:148485", "reservationid": "LRN-F73U", "orderType": "website"}}}
{"_id": "e8684ee8-53c8-11ea-a696-b88a60e194fb", "timestamp": "2020-02-11T15:36:56.000Z", "eventType": "transaction", "_adobeamericaspot3": {"CRMID": "crmid:9666744277", "orderDetails": {"orderID": "orderid:484898", "reservationid": "HH9-U6RJ", "orderType": "call center"}}}
{"_id": "e86a98e8-53c8-11ea-aebe-b88a60e194fb", "timestamp": "2019-12-14T08:13:05.000Z", "eventType": "transaction", "_adobeamericaspot3": {"CRMID": "crmid:2857164571", "orderDetails": {"orderID": "orderid:454242", "reservationid": "HOA-AE4F", "orderType": "call center"}}}
{"_id": "e86c1fac-53c8-11ea-91ca-b88a60e194fb", "timestamp": "2019-12-14T16:41:38.000Z", "eventType": "transaction", "_adobeamericaspot3": {"CRMID": "crmid:4405234946", "orderDetails": {"orderID": "orderid:480568", "reservationid": "2M6-LLED", "orderType": "website"}}}
{"_id": "e86da65e-53c8-11ea-902f-b88a60e194fb", "timestamp": "2019-12-23T05:36:58.000Z", "eventType": "transaction", "_adobeamericaspot3": {"CRMID": "crmid:4375091569", "orderDetails": {"orderID": "orderid:743392", "reservationid": "RMD-RGDW", "orderType": "mobile"}}}
{"_id": "e86f05b6-53c8-11ea-a2d0-b88a60e194fb", "timestamp": "2019-12-21T05:41:13.000Z", "eventType": "transaction", "_adobeamericaspot3": {"CRMID": "crmid:6617836075", "orderDetails": {"orderID": "orderid:795715", "reservationid": "OLO-5J0D", "orderType": "website"}}}
{"_id": "e8706558-53c8-11ea-ab84-b88a60e194fb", "timestamp": "2019-12-12T14:54:42.000Z", "eventType": "transaction", "_adobeamericaspot3": {"CRMID": "crmid:9484246263", "orderDetails": {"orderID": "orderid:335650", "reservationid": "JAT-NU3J", "orderType": "kiosk"}}}
{"_id": "e871c4d2-53c8-11ea-a81d-b88a60e194fb", "timestamp": "2020-01-13T02:01:11.000Z", "eventType": "transaction", "_adobeamericaspot3": {"CRMID": "crmid:9744975621", "orderDetails": {"orderID": "orderid:972236", "reservationid": "IU0-GJKI", "orderType": "website"}}}
{"_id": "e872affe-53c8-11ea-9e94-b88a60e194fb", "timestamp": "2020-02-09T13:10:37.000Z", "eventType": "transaction", "_adobeamericaspot3": {"CRMID": "crmid:2920550543", "orderDetails": {"orderID": "orderid:583146", "reservationid": "B0C-LL7I", "orderType": "call center"}}}
{"_id": "e873c154-53c8-11ea-8a05-b88a60e194fb", "timestamp": "2020-01-16T06:06:07.000Z", "eventType": "transaction", "_adobeamericaspot3": {"CRMID": "crmid:1650949903", "orderDetails": {"orderID": "orderid:723138", "reservationid": "2BF-DS3K", "orderType": "kiosk"}}}
