{"_id": "orderid:636316", "timestamp": "2019-12-27T23:05:07.000Z", "eventType": "transaction", "_adobeamericaspot3": {"CRMID": "crmid:9730520738", "orderDetails": {"orderID": "orderid:636316", "reservationid": "S1K-4JIB", "orderType": "service desk", "hotelSKU": "prd1129", "hotelCheckInUnix": "1579129507", "hotelCheckOutUnix": "1579475107", "hotelCheckInTS": "2020-01-15T23:05:07+00:00", "hotelCheckOutTS": "2020-01-19T23:05:07+00:00", "hotelChain": "Admiralty Plaza", "hotelName": "Admiralty Plaza: Helsinki", "hotelLocation": "Helsinki", "hotelRoomType": "standard", "hotelRoomCount": "1", "hotelGuestAdultCount": "1", "hotelGuestChildCount": "0", "hotelNightCount": "4", "hotelRoomPrice": "150.04", "hotelFinalPrice": "600.16"}}}
{"_id": "orderid:123902", "timestamp": "2020-01-02T20:55:16.000Z", "eventType": "transaction", "_adobeamericaspot3": {"CRMID": "crmid:6986376083", "orderDetails": {"orderID": "orderid:123902", "reservationid": "DKC-C2JO", "orderType": "website", "hotelSKU": "prd1196", "hotelCheckInUnix": "1578430516", "hotelCheckOutUnix": "1578862516", "hotelCheckInTS": "2020-01-07T20:55:16+00:00", "hotelCheckOutTS": "2020-01-12T20:55:16+00:00", "hotelChain": "Aspen Heights", "hotelName": "Aspen Heights: Moscow", "hotelLocation": "Moscow", "hotelRoomType": "standard", "hotelRoomCount": "1", "hotelGuestAdultCount": "1", "hotelGuestChildCount": "0", "hotelNightCount": "5", "hotelRoomPrice": "119.14", "hotelFinalPrice": "595.7"}}}
{"_id": "orderid:620646", "timestamp": "2020-02-11T18:04:28.000Z", "eventType": "transaction", "_adobeamericaspot3": {"CRMID": "crmid:3383120387", "orderDetails": {"orderID": "orderid:620646", "reservationid": "KP0-EAIA", "orderType": "call center", "hotelSKU": "prd1043", "hotelCheckInUnix": "1581962668", "hotelCheckOutUnix": "1582221868", "hotelCheckInTS": "2020-02-17T18:04:28+00:00", "hotelCheckOutTS": "2020-02-20T18:04:28+00:00", "hotelChain": "Nesting Box Inn", "hotelName": "Nesting Box Inn: Raleigh", "hotelLocation": "Raleigh", "hotelRoomType": "standard", "hotelRoomCount": "1", "hotelGuestAdultCount": "1", "hotelGuestChildCount": "0", "hotelNightCount": "3", "hotelRoomPrice": "119.79", "hotelFinalPrice": "359.37"}}}
{"_id": "orderid:274955", "timestamp": "2020-01-10T15:51:57.000Z", "eventType": "transaction", "_adobeamericaspot3": {"CRMID": "crmid:3320040311", "orderDetails": {"orderID": "orderid:274955", "reservationid": "AIW-KQVQ", "orderType": "call center", "hotelSKU": "prd1069", "hotelCheckInUnix": "1578844317", "hotelCheckOutUnix": "1579103517", "hotelCheckInTS": "2020-01-12T15:51:57+00:00", "hotelCheckOutTS": "2020-01-15T15:51:57+00:00", "hotelChain": "Admiralty Plaza", "hotelName": "Admiralty Plaza: Singapore", "hotelLocation": "Singapore", "hotelRoomType": "standard", "hotelRoomCount": "1", "hotelGuestAdultCount": "1", "hotelGuestChildCount": "0", "hotelNightCount": "3", "hotelRoomPrice": "126.82", "hotelFinalPrice": "380.46"}}}
{"_id": "orderid:547558", "timestamp": "2020-01-09T02:14:16.000Z", "eventType": "transaction", "_adobeamericaspot3": {"CRMID": "crmid:3418110982", "orderDetails": {"orderID": "orderid:547558", "reservationid": "5XJ-HZYM", "orderType": "call center", "hotelSKU": "prd1159", "hotelCheckInUnix": "1580004856", "hotelCheckOutUnix": "1581041656", "hotelCheckInTS": "2020-01-26T02:14:16+00:00", "hotelCheckOutTS": "2020-02-07T02:14:16+00:00", "hotelChain": "Family Fun Hotels", "hotelName": "Family Fun Hotels: Detroit", "hotelLocation": "Detroit", "hotelRoomType": "standard", "hotelRoomCount": "1", "hotelGuestAdultCount": "1", "hotelGuestChildCount": "4", "hotelNightCount": "12", "hotelRoomPrice": "130.51", "hotelFinalPrice": "1566.12"}}}
{"_id": "orderid:984192", "timestamp": "2020-01-07T21:39:32.000Z", "eventType": "transaction", "_adobeamericaspot3": {"CRMID": "crmid:5439297448", "orderDetails": {"orderID": "orderid:984192", "reservationid": "RXQ-X6VW", "orderType": "mobile", "hotelSKU": "prd1081", "hotelCheckInUnix": "1581025172", "hotelCheckOutUnix": "1581370772", "hotelCheckInTS": "2020-02-06T21:39:32+00:00", "hotelCheckOutTS": "2020-02-10T21:39:32+00:00", "hotelChain": "Admiralty Plaza", "hotelName": "Admiralty Plaza: Rod de Janeiro", "hotelLocation": "Rod de Janeiro", "hotelRoomType": "standard", "hotelRoomCount": "1", "hotelGuestAdultCount": "1", "hotelGuestChildCount": "1", "hotelNightCount": "4", "hotelRoomPrice": "129.44", "hotelFinalPrice": "517.76"}}}
{"_id": "orderid:849762", "timestamp": "2019-12-22T02:42:34.000Z", "eventType": "transaction", "_adobeamericaspot3": {"CRMID": "crmid:3754295021", "orderDetails": {"orderID": "orderid:849762", "reservationid": "GVT-LUE5", "orderType": "website", "hotelSKU": "prd1097", "hotelCheckInUnix": "1579401754", "hotelCheckOutUnix": "1580870554", "hotelCheckInTS": "2020-01-19T02:42:34+00:00", "hotelCheckOutTS": "2020-02-05T02:42:34+00:00", "hotelChain": "Grandeur Hotels", "hotelName": "Grandeur Hotels: Buenos Aires", "hotelLocation": "Buenos Aires", "hotelRoomType": "standard", "hotelRoomCount": "1", "hotelGuestAdultCount": "1", "hotelGuestChildCount": "3", "hotelNightCount": "17", "hotelRoomPrice": "129.47", "hotelFinalPrice": "2200.99"}}}
{"_id": "orderid:422031", "timestamp": "2020-01-12T11:28:06.000Z", "eventType": "transaction", "_adobeamericaspot3": {"CRMID": "crmid:7758076428", "orderDetails": {"orderID": "orderid:422031", "reservationid": "WKK-I4AQ", "orderType": "mobile", "hotelSKU": "prd1034", "hotelCheckInUnix": "1581074886", "hotelCheckOutUnix": "1581679686", "hotelCheckInTS": "2020-02-07T11:28:06+00:00", "hotelCheckOutTS": "2020-02-14T11:28:06+00:00", "hotelChain": "Blue Reef Resort", "hotelName": "Blue Reef Resort: Albuquerque", "hotelLocation": "Albuquerque", "hotelRoomType": "standard", "hotelRoomCount": "1", "hotelGuestAdultCount": "1", "hotelGuestChildCount": "0", "hotelNightCount": "7", "hotelRoomPrice": "124.56", "hotelFinalPrice": "871.92"}}}
{"_id": "orderid:841287", "timestamp": "2019-12-31T14:41:53.000Z", "eventType": "transaction", "_adobeamericaspot3": {"CRMID": "crmid:1676621224", "orderDetails": {"orderID": "orderid:841287", "reservationid": "W18-PYWQ", "orderType": "mobile", "hotelSKU": "prd1142", "hotelCheckInUnix": "1579531313", "hotelCheckOutUnix": "1580308913", "hotelCheckInTS": "2020-01-20T14:41:53+00:00", "hotelCheckOutTS": "2020-01-29T14:41:53+00:00", "hotelChain": "Blue Reef Resort", "hotelName": "Blue Reef Resort: Philadelphia", "hotelLocation": "Philadelphia", "hotelRoomType": "standard", "hotelRoomCount": "1", "hotelGuestAdultCount": "1", "hotelGuestChildCount": "3", "hotelNightCount": "9", "hotelRoomPrice": "145.9", "hotelFinalPrice": "1313.1"}}}
{"_id": "orderid:914588", "timestamp": "2019-12-31T09:54:27.000Z", "eventType": "transaction", "_adobeamericaspot3": {"CRMID": "crmid:8254469428", "orderDetails": {"orderID": "orderid:914588", "reservationid": "DIJ-DXVX", "orderType": "mobile", "hotelSKU": "prd1021", "hotelCheckInUnix": "1578736467", "hotelCheckOutUnix": "1578995667", "hotelCheckInTS": "2020-01-11T09:54:27+00:00", "hotelCheckOutTS": "2020-01-14T09:54:27+00:00", "hotelChain": "Admiralty Plaza", "hotelName": "Admiralty Plaza: Denver", "hotelLocation": "Denver", "hotelRoomType": "standard", "hotelRoomCount": "1", "hotelGuestAdultCount": "1", "hotelGuestChildCount": "2", "hotelNightCount": "3", "hotelRoomPrice": "118.31", "hotelFinalPrice": "354.93"}}}
{"_id": "orderid:447241", "timestamp": "2019-12-02T10:40:03.000Z", "eventType": "transaction", "_adobeamericaspot3": {"CRMID": "crmid:7127230919", "orderDetails": {"orderID": "orderid:447241", "reservationid": "MCZ-SOZN", "orderType": "kiosk", "hotelSKU": "prd1093", "hotelCheckInUnix": "1577529603", "hotelCheckOutUnix": "1578048003", "hotelCheckInTS": "2019-12-28T10:40:03+00:00", "hotelCheckOutTS": "2020-01-03T10:40:03+00:00", "hotelChain": "Admiralty Plaza", "hotelName": "Admiralty Plaza: Yokohama", "hotelLocation": "Yokohama", "hotelRoomType": "standard", "hotelRoomCount": "1", "hotelGuestAdultCount": "1", "hotelGuestChildCount": "0", "hotelNightCount": "6", "hotelRoomPrice": "142.46", "hotelFinalPrice": "854.76"}}}
{"_id": "orderid:218293", "timestamp": "2019-12-03T02:12:58.000Z", "eventType": "transaction", "_adobeamericaspot3": {"CRMID": "crmid:2538384329", "orderDetails": {"orderID": "orderid:218293", "reservationid": "MIK-PSE9", "orderType": "kiosk", "hotelSKU": "prd1010", "hotelCheckInUnix": "1575425578", "hotelCheckOutUnix": "1576030378", "hotelCheckInTS": "2019-12-04T02:12:58+00:00", "hotelCheckOutTS": "2019-12-11T02:12:58+00:00", "hotelChain": "Blue Reef Resort", "hotelName": "Blue Reef Resort: San Diego", "hotelLocation": "San Diego", "hotelRoomType": "standard", "hotelRoomCount": "1", "hotelGuestAdultCount": "1", "hotelGuestChildCount": "0", "hotelNightCount": "7", "hotelRoomPrice": "99.47", "hotelFinalPrice": "696.29"}}}
{"_id": "orderid:242826", "timestamp": "2020-02-07T23:24:09.000Z", "eventType": "transaction", "_adobeamericaspot3": {"CRMID": "crmid:6930958776", "orderDetails": {"orderID": "orderid:242826", "reservationid": "SMW-Z1JS", "orderType": "call center", "hotelSKU": "prd1117", "hotelCheckInUnix": "1581204249", "hotelCheckOutUnix": "1581636249", "hotelCheckInTS": "2020-02-08T23:24:09+00:00", "hotelCheckOutTS": "2020-02-13T23:24:09+00:00", "hotelChain": "Admiralty Plaza", "hotelName": "Admiralty Plaza: Dublin", "hotelLocation": "Dublin", "hotelRoomType": "standard", "hotelRoomCount": "1", "hotelGuestAdultCount": "1", "hotelGuestChildCount": "0", "hotelNightCount": "5", "hotelRoomPrice": "162.41", "hotelFinalPrice": "812.05"}}}
{"_id": "orderid:975871", "timestamp": "2020-01-10T01:14:02.000Z", "eventType": "transaction", "_adobeamericaspot3": {"CRMID": "crmid:1124283271", "orderDetails": {"orderID": "orderid:975871", "reservationid": "G4G-0JWJ", "orderType": "service desk", "hotelSKU": "prd1158", "hotelCheckInUnix": "1579742042", "hotelCheckOutUnix": "1579914842", "hotelCheckInTS": "2020-01-23T01:14:02+00:00", "hotelCheckOutTS": "2020-01-25T01:14:02+00:00", "hotelChain": "Restful Nights", "hotelName": "Restful Nights: El Paso", "hotelLocation": "El Paso", "hotelRoomType": "standard", "hotelRoomCount": "1", "hotelGuestAdultCount": "1", "hotelGuestChildCount": "4", "hotelNightCount": "2", "hotelRoomPrice": "161.23", "hotelFinalPrice": "322.46"}}}
{"_id": "orderid:437340", "timestamp": "2019-12-16T09:11:35.000Z", "eventType": "transaction", "_adobeamericaspot3": {"CRMID": "crmid:7285804379", "orderDetails": {"orderID": "orderid:437340", "reservationid": "ZCD-MRLB", "orderType": "kiosk", "hotelSKU": "prd1070", "hotelCheckInUnix": "1578042695", "hotelCheckOutUnix": "1578474695", "hotelCheckInTS": "2020-01-03T09:11:35+00:00", "hotelCheckOutTS": "2020-01-08T09:11:35+00:00", "hotelChain": "Blue Reef Resort", "hotelName": "Blue Reef Resort: Jakarta", "hotelLocation": "Jakarta", "hotelRoomType": "standard", "hotelRoomCount": "1", "hotelGuestAdultCount": "1", "hotelGuestChildCount": "0", "hotelNightCount": "5", "hotelRoomPrice": "177.09", "hotelFinalPrice": "885.45"}}}
{"_id": "orderid:677054", "timestamp": "2019-12-17T12:00:34.000Z", "eventType": "transaction", "_adobeamericaspot3": {"CRMID": "crmid:5001699034", "orderDetails": {"orderID": "orderid:677054", "reservationid": "KGC-S4CI", "orderType": "website", "hotelSKU": "prd1071", "hotelCheckInUnix": "1579003234", "hotelCheckOutUnix": "1579435234", "hotelCheckInTS": "2020-01-14T12:00:34+00:00", "hotelCheckOutTS": "2020-01-19T12:00:34+00:00", "hotelChain": "Hospitality Inn", "hotelName": "Hospitality Inn: Seoul", "hotelLocation": "Seoul", "hotelRoomType": "standard", "hotelRoomCount": "1", "hotelGuestAdultCount": "1", "hotelGuestChildCount": "0", "hotelNightCount": "5", "hotelRoomPrice": "147.58", "hotelFinalPrice": "737.9"}}}
{"_id": "orderid:962426", "timestamp": "2020-02-08T02:15:01.000Z", "eventType": "transaction", "_adobeamericaspot3": {"CRMID": "crmid:9972920505", "orderDetails": {"orderID": "orderid:962426", "reservationid": "2OG-AIDA", "orderType": "website", "hotelSKU": "prd1023", "hotelCheckInUnix": "1581473701", "hotelCheckOutUnix": "1581992101", "hotelCheckInTS": "2020-02-12T02:15:01+00:00", "hotelCheckOutTS": "2020-02-18T02:15:01+00:00", "hotelChain": "Hospitality Inn", "hotelName": "Hospitality Inn: Boston", "hotelLocation": "Boston", "hotelRoomType": "standard", "hotelRoomCount": "1", "hotelGuestAdultCount": "1", "hotelGuestChildCount": "0", "hotelNightCount": "6", "hotelRoomPrice": "96.04", "hotelFinalPrice": "576.24"}}}
{"_id": "orderid:430116", "timestamp": "2020-01-11T16:27:09.000Z", "eventType": "transaction", "_adobeamericaspot3": {"CRMID": "crmid:4712458905", "orderDetails": {"orderID": "orderid:430116", "reservationid": "XNE-0GTP", "orderType": "website", "hotelSKU": "prd1148", "hotelCheckInUnix": "1578846429", "hotelCheckOutUnix": "1578932829", "hotelCheckInTS": "2020-01-12T16:27:09+00:00", "hotelCheckOutTS": "2020-01-13T16:27:09+00:00", "hotelChain": "Aspen Heights", "hotelName": "Aspen Heights: Jacksonville", "hotelLocation": "Jacksonville", "hotelRoomType": "standard", "hotelRoomCount": "1", "hotelGuestAdultCount": "1", "hotelGuestChildCount": "0", "hotelNightCount": "1", "hotelRoomPrice": "168.61", "hotelFinalPrice": "168.61"}}}
{"_id": "orderid:136370", "timestamp": "2020-01-09T07:54:00.000Z", "eventType": "transaction", "_adobeamericaspot3": {"CRMID": "crmid:8308693912", "orderDetails": {"orderID": "orderid:136370", "reservationid": "GON-W2CV", "orderType": "kiosk", "hotelSKU": "prd1072", "hotelCheckInUnix": "1578642840", "hotelCheckOutUnix": "1578815640", "hotelCheckInTS": "2020-01-10T07:54:00+00:00", "hotelCheckOutTS": "2020-01-12T07:54:00+00:00", "hotelChain": "Sandhill", "hotelName": "Sandhill: Tokyo", "hotelLocation": "Tokyo", "hotelRoomType": "standard", "hotelRoomCount": "1", "hotelGuestAdultCount": "1", "hotelGuestChildCount": "0", "hotelNightCount": "2", "hotelRoomPrice": "149.64", "hotelFinalPrice": "299.28"}}}
{"_id": "orderid:734118", "timestamp": "2020-02-11T12:52:12.000Z", "eventType": "transaction", "_adobeamericaspot3": {"CRMID": "crmid:6277641392", "orderDetails": {"orderID": "orderid:734118", "reservationid": "COG-GIOS", "orderType": "website", "hotelSKU": "prd1089", "hotelCheckInUnix": "1583758332", "hotelCheckOutUnix": "1584017532", "hotelCheckInTS": "2020-03-09T12:52:12+00:00", "hotelCheckOutTS": "2020-03-12T12:52:12+00:00", "hotelChain": "Sapphire Suites", "hotelName": "Sapphire Suites: Rome", "hotelLocation": "Rome", "hotelRoomType": "standard", "hotelRoomCount": "1", "hotelGuestAdultCount": "1", "hotelGuestChildCount": "0", "hotelNightCount": "3", "hotelRoomPrice": "120.73", "hotelFinalPrice": "362.19"}}}
{"_id": "orderid:590280", "timestamp": "2019-12-10T12:14:58.000Z", "eventType": "transaction", "_adobeamericaspot3": {"CRMID": "crmid:5239344730", "orderDetails": {"orderID": "orderid:590280", "reservationid": "Y4A-HQ6E", "orderType": "service desk", "hotelSKU": "prd1008", "hotelCheckInUnix": "1578140098", "hotelCheckOutUnix": "1578744898", "hotelCheckInTS": "2020-01-04T12:14:58+00:00", "hotelCheckOutTS": "2020-01-11T12:14:58+00:00", "hotelChain": "Repose Resort", "hotelName": "Repose Resort: Philadelphia", "hotelLocation": "Philadelphia", "hotelRoomType": "standard", "hotelRoomCount": "1", "hotelGuestAdultCount": "1", "hotelGuestChildCount": "0", "hotelNightCount": "7", "hotelRoomPrice": "135.56", "hotelFinalPrice": "948.92"}}}
{"_id": "orderid:660107", "timestamp": "2020-01-15T14:30:01.000Z", "eventType": "transaction", "_adobeamericaspot3": {"CRMID": "crmid:1874728349", "orderDetails": {"orderID": "orderid:660107", "reservationid": "JDG-QASS", "orderType": "kiosk", "hotelSKU": "prd1196", "hotelCheckInUnix": "1579185001", "hotelCheckOutUnix": "1579444201", "hotelCheckInTS": "2020-01-16T14:30:01+00:00", "hotelCheckOutTS": "2020-01-19T14:30:01+00:00", "hotelChain": "Aspen Heights", "hotelName": "Aspen Heights: Moscow", "hotelLocation": "Moscow", "hotelRoomType": "standard", "hotelRoomCount": "1", "hotelGuestAdultCount": "1", "hotelGuestChildCount": "0", "hotelNightCount": "3", "hotelRoomPrice": "130.03", "hotelFinalPrice": "390.09"}}}
{"_id": "orderid:968314", "timestamp": "2019-12-07T02:37:28.000Z", "eventType": "transaction", "_adobeamericaspot3": {"CRMID": "crmid:9327848933", "orderDetails": {"orderID": "orderid:968314", "reservationid": "D8W-E6TT", "orderType": "call center", "hotelSKU": "prd1082", "hotelCheckInUnix": "1576204648", "hotelCheckOutUnix": "1576291048", "hotelCheckInTS": "2019-12-13T02:37:28+00:00", "hotelCheckOutTS": "2019-12-14T02:37:28+00:00", "hotelChain": "Blue Reef Resort", "hotelName": "Blue Reef Resort: Surat", "hotelLocation": "Surat", "hotelRoomType": "premium", "hotelRoomCount": "1", "hotelGuestAdultCount": "1", "hotelGuestChildCount": "0", "hotelNightCount": "1", "hotelRoomPrice": "118.95", "hotelFinalPrice": "118.95"}}}
{"_id": "orderid:745358", "timestamp": "2019-12-19T05:41:47.000Z", "eventType": "transaction", "_adobeamericaspot3": {"CRMID": "crmid:8625824746", "orderDetails": {"orderID": "orderid:745358", "reservationid": "E2R-3AYS", "orderType": "kiosk", "hotelSKU": "prd1119", "hotelCheckInUnix": "1577079707", "hotelCheckOutUnix": "1577166107", "hotelCheckInTS": "2019-12-23T05:41:47+00:00", "hotelCheckOutTS": "2019-12-24T05:41:47+00:00", "hotelChain": "Hospitality Inn", "hotelName": "Hospitality Inn: Turin", "hotelLocation": "Turin", "hotelRoomType": "standard", "hotelRoomCount": "1", "hotelGuestAdultCount": "1", "hotelGuestChildCount": "0", "hotelNightCount": "1", "hotelRoomPrice": "108.42", "hotelFinalPrice": "108.42"}}}
{"_id": "orderid:868542", "timestamp": "2020-02-01T12:42:10.000Z", "eventType": "transaction", "_adobeamericaspot3": {"CRMID": "crmid:1820832283", "orderDetails": {"orderID": "orderid:868542", "reservationid": "BVW-WMW0", "orderType": "website", "hotelSKU": "prd1105", "hotelCheckInUnix": "1582720930", "hotelCheckOutUnix": "1582893730", "hotelCheckInTS": "2020-02-26T12:42:10+00:00", "hotelCheckOutTS": "2020-02-28T12:42:10+00:00", "hotelChain": "Admiralty Plaza", "hotelName": "Admiralty Plaza: Barcelona", "hotelLocation": "Barcelona", "hotelRoomType": "standard", "hotelRoomCount": "1", "hotelGuestAdultCount": "1", "hotelGuestChildCount": "0", "hotelNightCount": "2", "hotelRoomPrice": "167.35", "hotelFinalPrice": "334.7"}}}
{"_id": "orderid:248150", "timestamp": "2020-01-17T22:32:57.000Z", "eventType": "transaction", "_adobeamericaspot3": {"CRMID": "crmid:7769127597", "orderDetails": {"orderID": "orderid:248150", "reservationid": "PDV-TNA3", "orderType": "call center", "hotelSKU": "prd1129", "hotelCheckInUnix": "1580337177", "hotelCheckOutUnix": "1580769177", "hotelCheckInTS": "2020-01-29T22:32:57+00:00", "hotelCheckOutTS": "2020-02-03T22:32:57+00:00", "hotelChain": "Admiralty Plaza", "hotelName": "Admiralty Plaza: Helsinki", "hotelLocation": "Helsinki", "hotelRoomType": "standard", "hotelRoomCount": "1", "hotelGuestAdultCount": "1", "hotelGuestChildCount": "2", "hotelNightCount": "5", "hotelRoomPrice": "155.47", "hotelFinalPrice": "777.35"}}}
{"_id": "orderid:322602", "timestamp": "2019-12-12T08:52:49.000Z", "eventType": "transaction", "_adobeamericaspot3": {"CRMID": "crmid:3938334069", "orderDetails": {"orderID": "orderid:322602", "reservationid": "Q9T-LFVW", "orderType": "kiosk", "hotelSKU": "prd1064", "hotelCheckInUnix": "1578214369", "hotelCheckOutUnix": "1579164769", "hotelCheckInTS": "2020-01-05T08:52:49+00:00", "hotelCheckOutTS": "2020-01-16T08:52:49+00:00", "hotelChain": "Aspen Heights", "hotelName": "Aspen Heights: Paris", "hotelLocation": "Paris", "hotelRoomType": "standard", "hotelRoomCount": "1", "hotelGuestAdultCount": "1", "hotelGuestChildCount": "0", "hotelNightCount": "11", "hotelRoomPrice": "164.75", "hotelFinalPrice": "1812.25"}}}
{"_id": "orderid:268544", "timestamp": "2019-12-16T12:19:43.000Z", "eventType": "transaction", "_adobeamericaspot3": {"CRMID": "crmid:1375912102", "orderDetails": {"orderID": "orderid:268544", "reservationid": "GI9-IEQL", "orderType": "kiosk", "hotelSKU": "prd1154", "hotelCheckInUnix": "1578572383", "hotelCheckOutUnix": "1579177183", "hotelCheckInTS": "2020-01-09T12:19:43+00:00", "hotelCheckOutTS": "2020-01-16T12:19:43+00:00", "hotelChain": "Blue Reef Resort", "hotelName": "Blue Reef Resort: Seattle", "hotelLocation": "Seattle", "hotelRoomType": "standard", "hotelRoomCount": "1", "hotelGuestAdultCount": "1", "hotelGuestChildCount": "0", "hotelNightCount": "7", "hotelRoomPrice": "125.23", "hotelFinalPrice": "876.61"}}}
{"_id": "orderid:356784", "timestamp": "2020-01-14T01:03:24.000Z", "eventType": "transaction", "_adobeamericaspot3": {"CRMID": "crmid:1125036583", "orderDetails": {"orderID": "orderid:356784", "reservationid": "B1D-N7MV", "orderType": "kiosk", "hotelSKU": "prd1069", "hotelCheckInUnix": "1581037404", "hotelCheckOutUnix": "1581469404", "hotelCheckInTS": "2020-02-07T01:03:24+00:00", "hotelCheckOutTS": "2020-02-12T01:03:24+00:00", "hotelChain": "Admiralty Plaza", "hotelName": "Admiralty Plaza: Singapore", "hotelLocation": "Singapore", "hotelRoomType": "premium", "hotelRoomCount": "1", "hotelGuestAdultCount": "1", "hotelGuestChildCount": "0", "hotelNightCount": "5", "hotelRoomPrice": "155.61", "hotelFinalPrice": "778.05"}}}
{"_id": "orderid:518558", "timestamp": "2019-12-08T11:05:00.000Z", "eventType": "transaction", "_adobeamericaspot3": {"CRMID": "crmid:4159172414", "orderDetails": {"orderID": "orderid:518558", "reservationid": "PUY-FX1J", "orderType": "call center", "hotelSKU": "prd1071", "hotelCheckInUnix": "1576148700", "hotelCheckOutUnix": "1576667100", "hotelCheckInTS": "2019-12-12T11:05:00+00:00", "hotelCheckOutTS": "2019-12-18T11:05:00+00:00", "hotelChain": "Hospitality Inn", "hotelName": "Hospitality Inn: Seoul", "hotelLocation": "Seoul", "hotelRoomType": "standard", "hotelRoomCount": "1", "hotelGuestAdultCount": "1", "hotelGuestChildCount": "0", "hotelNightCount": "6", "hotelRoomPrice": "135.36", "hotelFinalPrice": "812.16"}}}
{"_id": "orderid:105635", "timestamp": "2019-12-31T02:09:29.000Z", "eventType": "transaction", "_adobeamericaspot3": {"CRMID": "crmid:4058493200", "orderDetails": {"orderID": "orderid:105635", "reservationid": "LYF-OMIC", "orderType": "website", "hotelSKU": "prd1081", "hotelCheckInUnix": "1579745369", "hotelCheckOutUnix": "1581300569", "hotelCheckInTS": "2020-01-23T02:09:29+00:00", "hotelCheckOutTS": "2020-02-10T02:09:29+00:00", "hotelChain": "Admiralty Plaza", "hotelName": "Admiralty Plaza: Rod de Janeiro", "hotelLocation": "Rod de Janeiro", "hotelRoomType": "premium", "hotelRoomCount": "1", "hotelGuestAdultCount": "1", "hotelGuestChildCount": "0", "hotelNightCount": "18", "hotelRoomPrice": "159.26", "hotelFinalPrice": "2866.68"}}}
{"_id": "orderid:882432", "timestamp": "2019-12-12T23:56:31.000Z", "eventType": "transaction", "_adobeamericaspot3": {"CRMID": "crmid:5005076299", "orderDetails": {"orderID": "orderid:882432", "reservationid": "HRY-IKVJ", "orderType": "call center", "hotelSKU": "prd1083", "hotelCheckInUnix": "1576281391", "hotelCheckOutUnix": "1576626991", "hotelCheckInTS": "2019-12-13T23:56:31+00:00", "hotelCheckOutTS": "2019-12-17T23:56:31+00:00", "hotelChain": "Hospitality Inn", "hotelName": "Hospitality Inn: Bangkok", "hotelLocation": "Bangkok", "hotelRoomType": "standard", "hotelRoomCount": "1", "hotelGuestAdultCount": "1", "hotelGuestChildCount": "0", "hotelNightCount": "4", "hotelRoomPrice": "142.41", "hotelFinalPrice": "569.64"}}}
{"_id": "orderid:628050", "timestamp": "2019-12-19T00:00:00.000Z", "eventType": "transaction", "_adobeamericaspot3": {"CRMID": "crmid:5005076299", "orderDetails": {"orderID": "orderid:628050", "reservationid": "MQF-JBXN", "orderType": "call center", "hotelSKU": "prd1115", "hotelCheckInUnix": "1577232000", "hotelCheckOutUnix": "1577318400", "hotelCheckInTS": "2019-12-25T00:00:00+00:00", "hotelCheckOutTS": "2019-12-26T00:00:00+00:00", "hotelChain": "Nesting Box Inn", "hotelName": "Nesting Box Inn: Cologne", "hotelLocation": "Cologne", "hotelRoomType": "standard", "hotelRoomCount": "1", "hotelGuestAdultCount": "1", "hotelGuestChildCount": "0", "hotelNightCount": "1", "hotelRoomPrice": "144.95", "hotelFinalPrice": "144.95"}}}
{"_id": "orderid:883259", "timestamp": "2020-01-03T08:39:50.000Z", "eventType": "transaction", "_adobeamericaspot3": {"CRMID": "crmid:7886598112", "orderDetails": {"orderID": "orderid:883259", "reservationid": "LL5-ZGH4", "orderType": "kiosk", "hotelSKU": "prd1191", "hotelCheckInUnix": "1578731990", "hotelCheckOutUnix": "1579250390", "hotelCheckInTS": "2020-01-11T08:39:50+00:00", "hotelCheckOutTS": "2020-01-17T08:39:50+00:00", "hotelChain": "Hospitality Inn", "hotelName": "Hospitality Inn: Mumbai", "hotelLocation": "Mumbai", "hotelRoomType": "standard", "hotelRoomCount": "1", "hotelGuestAdultCount": "1", "hotelGuestChildCount": "0", "hotelNightCount": "6", "hotelRoomPrice": "140.93", "hotelFinalPrice": "845.58"}}}
{"_id": "orderid:973057", "timestamp": "2019-12-18T18:34:42.000Z", "eventType": "transaction", "_adobeamericaspot3": {"CRMID": "crmid:7278950986", "orderDetails": {"orderID": "orderid:973057", "reservationid": "6GC-AQUJ", "orderType": "mobile", "hotelSKU": "prd1082", "hotelCheckInUnix": "1576780482", "hotelCheckOutUnix": "1576866882", "hotelCheckInTS": "2019-12-19T18:34:42+00:00", "hotelCheckOutTS": "2019-12-20T18:34:42+00:00", "hotelChain": "Blue Reef Resort", "hotelName": "Blue Reef Resort: Surat", "hotelLocation": "Surat", "hotelRoomType": "standard", "hotelRoomCount": "1", "hotelGuestAdultCount": "1", "hotelGuestChildCount": "0", "hotelNightCount": "1", "hotelRoomPrice": "154.01", "hotelFinalPrice": "154.01"}}}
{"_id": "orderid:832477", "timestamp": "2020-02-10T08:23:13.000Z", "eventType": "transaction", "_adobeamericaspot3": {"CRMID": "crmid:5897678655", "orderDetails": {"orderID": "orderid:832477", "reservationid": "OXS-ISER", "orderType": "website", "hotelSKU": "prd1161", "hotelCheckInUnix": "1581754993", "hotelCheckOutUnix": "1583223793", "hotelCheckInTS": "2020-02-15T08:23:13+00:00", "hotelCheckOutTS": "2020-03-03T08:23:13+00:00", "hotelChain": "Sapphire Suites", "hotelName": "Sapphire Suites: Memphis", "hotelLocation": "Memphis", "hotelRoomType": "standard", "hotelRoomCount": "1", "hotelGuestAdultCount": "1", "hotelGuestChildCount": "0", "hotelNightCount": "17", "hotelRoomPrice": "144.51", "hotelFinalPrice": "2456.67"}}}
{"_id": "orderid:717381", "timestamp": "2019-12-20T02:07:05.000Z", "eventType": "transaction", "_adobeamericaspot3": {"CRMID": "crmid:8238720101", "orderDetails": {"orderID": "orderid:717381", "reservationid": "8MX-FZ4T", "orderType": "website", "hotelSKU": "prd1173", "hotelCheckInUnix": "1578449225", "hotelCheckOutUnix": "1579486025", "hotelCheckInTS": "2020-01-08T02:07:05+00:00", "hotelCheckOutTS": "2020-01-20T02:07:05+00:00", "hotelChain": "Sapphire Suites", "hotelName": "Sapphire Suites: Kansas City", "hotelLocation": "Kansas City", "hotelRoomType": "standard", "hotelRoomCount": "1", "hotelGuestAdultCount": "1", "hotelGuestChildCount": "0", "hotelNightCount": "12", "hotelRoomPrice": "96.19", "hotelFinalPrice": "1154.28"}}}
{"_id": "orderid:567212", "timestamp": "2020-02-15T02:22:07.000Z", "eventType": "transaction", "_adobeamericaspot3": {"CRMID": "crmid:1321807901", "orderDetails": {"orderID": "orderid:567212", "reservationid": "2VP-3ZOU", "orderType": "website", "hotelSKU": "prd1167", "hotelCheckInUnix": "1581819727", "hotelCheckOutUnix": "1581906127", "hotelCheckInTS": "2020-02-16T02:22:07+00:00", "hotelCheckOutTS": "2020-02-17T02:22:07+00:00", "hotelChain": "Hospitality Inn", "hotelName": "Hospitality Inn: Milwaukee", "hotelLocation": "Milwaukee", "hotelRoomType": "standard", "hotelRoomCount": "1", "hotelGuestAdultCount": "1", "hotelGuestChildCount": "0", "hotelNightCount": "1", "hotelRoomPrice": "162.81", "hotelFinalPrice": "162.81"}}}
{"_id": "orderid:191041", "timestamp": "2020-02-19T00:00:00.000Z", "eventType": "transaction", "_adobeamericaspot3": {"CRMID": "crmid:1321807901", "orderDetails": {"orderID": "orderid:191041", "reservationid": "DBD-6LV4", "orderType": "website", "hotelSKU": "prd1086", "hotelCheckInUnix": "1582156800", "hotelCheckOutUnix": "1582329600", "hotelCheckInTS": "2020-02-20T00:00:00+00:00", "hotelCheckOutTS": "2020-02-22T00:00:00+00:00", "hotelChain": "Restful Nights", "hotelName": "Restful Nights: Johannesburg", "hotelLocation": "Johannesburg", "hotelRoomType": "standard", "hotelRoomCount": "1", "hotelGuestAdultCount": "1", "hotelGuestChildCount": "0", "hotelNightCount": "2", "hotelRoomPrice": "115.9", "hotelFinalPrice": "231.8"}}}
{"_id": "orderid:660355", "timestamp": "2019-12-26T09:06:36.000Z", "eventType": "transaction", "_adobeamericaspot3": {"CRMID": "crmid:1891255217", "orderDetails": {"orderID": "orderid:660355", "reservationid": "XNC-GI1F", "orderType": "kiosk", "hotelSKU": "prd1016", "hotelCheckInUnix": "1577437596", "hotelCheckOutUnix": "1577610396", "hotelCheckInTS": "2019-12-27T09:06:36+00:00", "hotelCheckOutTS": "2019-12-29T09:06:36+00:00", "hotelChain": "Aspen Heights", "hotelName": "Aspen Heights: Columbus", "hotelLocation": "Columbus", "hotelRoomType": "premium", "hotelRoomCount": "1", "hotelGuestAdultCount": "1", "hotelGuestChildCount": "0", "hotelNightCount": "2", "hotelRoomPrice": "147.69", "hotelFinalPrice": "295.38"}}}
{"_id": "orderid:669795", "timestamp": "2020-02-04T07:01:39.000Z", "eventType": "transaction", "_adobeamericaspot3": {"CRMID": "crmid:6498060699", "orderDetails": {"orderID": "orderid:669795", "reservationid": "JFH-08FZ", "orderType": "kiosk", "hotelSKU": "prd1013", "hotelCheckInUnix": "1582095699", "hotelCheckOutUnix": "1582786899", "hotelCheckInTS": "2020-02-19T07:01:39+00:00", "hotelCheckOutTS": "2020-02-27T07:01:39+00:00", "hotelChain": "Grandeur Hotels", "hotelName": "Grandeur Hotels: Austin", "hotelLocation": "Austin", "hotelRoomType": "standard", "hotelRoomCount": "1", "hotelGuestAdultCount": "1", "hotelGuestChildCount": "1", "hotelNightCount": "8", "hotelRoomPrice": "99.46", "hotelFinalPrice": "795.68"}}}
{"_id": "orderid:526496", "timestamp": "2019-12-30T22:39:41.000Z", "eventType": "transaction", "_adobeamericaspot3": {"CRMID": "crmid:9876034646", "orderDetails": {"orderID": "orderid:526496", "reservationid": "FOM-GPTF", "orderType": "website", "hotelSKU": "prd1052", "hotelCheckInUnix": "1579646381", "hotelCheckOutUnix": "1580769581", "hotelCheckInTS": "2020-01-21T22:39:41+00:00", "hotelCheckOutTS": "2020-02-03T22:39:41+00:00", "hotelChain": "Aspen Heights", "hotelName": "Aspen Heights: Wichita", "hotelLocation": "Wichita", "hotelRoomType": "premium", "hotelRoomCount": "1", "hotelGuestAdultCount": "1", "hotelGuestChildCount": "1", "hotelNightCount": "13", "hotelRoomPrice": "132.73", "hotelFinalPrice": "1725.49"}}}
{"_id": "orderid:879019", "timestamp": "2020-01-03T14:54:01.000Z", "eventType": "transaction", "_adobeamericaspot3": {"CRMID": "crmid:7609984706", "orderDetails": {"orderID": "orderid:879019", "reservationid": "KZS-XENZ", "orderType": "website", "hotelSKU": "prd1055", "hotelCheckInUnix": "1578149641", "hotelCheckOutUnix": "1578236041", "hotelCheckInTS": "2020-01-04T14:54:01+00:00", "hotelCheckOutTS": "2020-01-05T14:54:01+00:00", "hotelChain": "Nesting Box Inn", "hotelName": "Nesting Box Inn: Bakersfield", "hotelLocation": "Bakersfield", "hotelRoomType": "premium", "hotelRoomCount": "1", "hotelGuestAdultCount": "1", "hotelGuestChildCount": "0", "hotelNightCount": "1", "hotelRoomPrice": "144.64", "hotelFinalPrice": "144.64"}}}
{"_id": "orderid:301776", "timestamp": "2020-01-24T13:52:19.000Z", "eventType": "transaction", "_adobeamericaspot3": {"CRMID": "crmid:2571698154", "orderDetails": {"orderID": "orderid:301776", "reservationid": "7ZA-PXDZ", "orderType": "mobile", "hotelSKU": "prd1194", "hotelCheckInUnix": "1581342739", "hotelCheckOutUnix": "1582120339", "hotelCheckInTS": "2020-02-10T13:52:19+00:00", "hotelCheckOutTS": "2020-02-19T13:52:19+00:00", "hotelChain": "Restful Nights", "hotelName": "Restful Nights: Tianjin", "hotelLocation": "Tianjin", "hotelRoomType": "standard", "hotelRoomCount": "1", "hotelGuestAdultCount": "1", "hotelGuestChildCount": "2", "hotelNightCount": "9", "hotelRoomPrice": "143.92", "hotelFinalPrice": "1295.28"}}}
{"_id": "orderid:497164", "timestamp": "2020-01-03T18:53:01.000Z", "eventType": "transaction", "_adobeamericaspot3": {"CRMID": "crmid:7232867402", "orderDetails": {"orderID": "orderid:497164", "reservationid": "WQF-SQ47", "orderType": "mobile", "hotelSKU": "prd1195", "hotelCheckInUnix": "1580323981", "hotelCheckOutUnix": "1580755981", "hotelCheckInTS": "2020-01-29T18:53:01+00:00", "hotelCheckOutTS": "2020-02-03T18:53:01+00:00", "hotelChain": "Family Fun Hotels", "hotelName": "Family Fun Hotels: Lahore", "hotelLocation": "Lahore", "hotelRoomType": "standard", "hotelRoomCount": "1", "hotelGuestAdultCount": "1", "hotelGuestChildCount": "0", "hotelNightCount": "5", "hotelRoomPrice": "123.43", "hotelFinalPrice": "617.15"}}}
{"_id": "orderid:126657", "timestamp": "2019-12-24T02:19:49.000Z", "eventType": "transaction", "_adobeamericaspot3": {"CRMID": "crmid:7807655187", "orderDetails": {"orderID": "orderid:126657", "reservationid": "S9N-RBEX", "orderType": "call center", "hotelSKU": "prd1142", "hotelCheckInUnix": "1577845189", "hotelCheckOutUnix": "1578449989", "hotelCheckInTS": "2020-01-01T02:19:49+00:00", "hotelCheckOutTS": "2020-01-08T02:19:49+00:00", "hotelChain": "Blue Reef Resort", "hotelName": "Blue Reef Resort: Philadelphia", "hotelLocation": "Philadelphia", "hotelRoomType": "standard", "hotelRoomCount": "1", "hotelGuestAdultCount": "1", "hotelGuestChildCount": "3", "hotelNightCount": "7", "hotelRoomPrice": "148.41", "hotelFinalPrice": "1038.87"}}}
{"_id": "orderid:451222", "timestamp": "2019-12-21T13:52:41.000Z", "eventType": "transaction", "_adobeamericaspot3": {"CRMID": "crmid:6131533243", "orderDetails": {"orderID": "orderid:451222", "reservationid": "4L0-QRH4", "orderType": "website", "hotelSKU": "prd1142", "hotelCheckInUnix": "1577195561", "hotelCheckOutUnix": "1577454761", "hotelCheckInTS": "2019-12-24T13:52:41+00:00", "hotelCheckOutTS": "2019-12-27T13:52:41+00:00", "hotelChain": "Blue Reef Resort", "hotelName": "Blue Reef Resort: Philadelphia", "hotelLocation": "Philadelphia", "hotelRoomType": "standard", "hotelRoomCount": "1", "hotelGuestAdultCount": "1", "hotelGuestChildCount": "0", "hotelNightCount": "3", "hotelRoomPrice": "136.41", "hotelFinalPrice": "409.23"}}}
{"_id": "orderid:976744", "timestamp": "2020-01-24T04:53:24.000Z", "eventType": "transaction", "_adobeamericaspot3": {"CRMID": "crmid:9237825639", "orderDetails": {"orderID": "orderid:976744", "reservationid": "JDX-H5ZI", "orderType": "kiosk", "hotelSKU": "prd1029", "hotelCheckInUnix": "1582433604", "hotelCheckOutUnix": "1583124804", "hotelCheckInTS": "2020-02-23T04:53:24+00:00", "hotelCheckOutTS": "2020-03-02T04:53:24+00:00", "hotelChain": "Sapphire Suites", "hotelName": "Sapphire Suites: Oklahoma City", "hotelLocation": "Oklahoma City", "hotelRoomType": "premium", "hotelRoomCount": "1", "hotelGuestAdultCount": "1", "hotelGuestChildCount": "0", "hotelNightCount": "8", "hotelRoomPrice": "97.78", "hotelFinalPrice": "782.24"}}}
{"_id": "orderid:619013", "timestamp": "2019-12-10T18:46:11.000Z", "eventType": "transaction", "_adobeamericaspot3": {"CRMID": "crmid:1314562676", "orderDetails": {"orderID": "orderid:619013", "reservationid": "RAP-G3I6", "orderType": "mobile", "hotelSKU": "prd1089", "hotelCheckInUnix": "1576262771", "hotelCheckOutUnix": "1576694771", "hotelCheckInTS": "2019-12-13T18:46:11+00:00", "hotelCheckOutTS": "2019-12-18T18:46:11+00:00", "hotelChain": "Sapphire Suites", "hotelName": "Sapphire Suites: Rome", "hotelLocation": "Rome", "hotelRoomType": "standard", "hotelRoomCount": "1", "hotelGuestAdultCount": "1", "hotelGuestChildCount": "0", "hotelNightCount": "5", "hotelRoomPrice": "167.58", "hotelFinalPrice": "837.9"}}}
{"_id": "orderid:713844", "timestamp": "2019-12-27T05:21:02.000Z", "eventType": "transaction", "_adobeamericaspot3": {"CRMID": "crmid:8883100422", "orderDetails": {"orderID": "orderid:713844", "reservationid": "M5T-K3LW", "orderType": "kiosk", "hotelSKU": "prd1117", "hotelCheckInUnix": "1579497662", "hotelCheckOutUnix": "1580102462", "hotelCheckInTS": "2020-01-20T05:21:02+00:00", "hotelCheckOutTS": "2020-01-27T05:21:02+00:00", "hotelChain": "Admiralty Plaza", "hotelName": "Admiralty Plaza: Dublin", "hotelLocation": "Dublin", "hotelRoomType": "premium", "hotelRoomCount": "1", "hotelGuestAdultCount": "1", "hotelGuestChildCount": "0", "hotelNightCount": "7", "hotelRoomPrice": "134.16", "hotelFinalPrice": "939.12"}}}
{"_id": "orderid:235095", "timestamp": "2020-01-09T01:45:03.000Z", "eventType": "transaction", "_adobeamericaspot3": {"CRMID": "crmid:9950706205", "orderDetails": {"orderID": "orderid:235095", "reservationid": "R3M-FAND", "orderType": "website", "hotelSKU": "prd1013", "hotelCheckInUnix": "1580607903", "hotelCheckOutUnix": "1581212703", "hotelCheckInTS": "2020-02-02T01:45:03+00:00", "hotelCheckOutTS": "2020-02-09T01:45:03+00:00", "hotelChain": "Grandeur Hotels", "hotelName": "Grandeur Hotels: Austin", "hotelLocation": "Austin", "hotelRoomType": "standard", "hotelRoomCount": "1", "hotelGuestAdultCount": "1", "hotelGuestChildCount": "1", "hotelNightCount": "7", "hotelRoomPrice": "182.93", "hotelFinalPrice": "1280.51"}}}
{"_id": "orderid:793393", "timestamp": "2020-01-03T04:59:47.000Z", "eventType": "transaction", "_adobeamericaspot3": {"CRMID": "crmid:1513713523", "orderDetails": {"orderID": "orderid:793393", "reservationid": "VU8-RWDE", "orderType": "website", "hotelSKU": "prd1101", "hotelCheckInUnix": "1580273987", "hotelCheckOutUnix": "1580619587", "hotelCheckInTS": "2020-01-29T04:59:47+00:00", "hotelCheckOutTS": "2020-02-02T04:59:47+00:00", "hotelChain": "Sapphire Suites", "hotelName": "Sapphire Suites: Vienna", "hotelLocation": "Vienna", "hotelRoomType": "luxury", "hotelRoomCount": "1", "hotelGuestAdultCount": "1", "hotelGuestChildCount": "0", "hotelNightCount": "4", "hotelRoomPrice": "364.11", "hotelFinalPrice": "1456.44"}}}
{"_id": "orderid:863153", "timestamp": "2020-02-07T00:59:10.000Z", "eventType": "transaction", "_adobeamericaspot3": {"CRMID": "crmid:7009088969", "orderDetails": {"orderID": "orderid:863153", "reservationid": "RKO-PNI8", "orderType": "service desk", "hotelSKU": "prd1166", "hotelCheckInUnix": "1581123550", "hotelCheckOutUnix": "1581209950", "hotelCheckInTS": "2020-02-08T00:59:10+00:00", "hotelCheckOutTS": "2020-02-09T00:59:10+00:00", "hotelChain": "Blue Reef Resort", "hotelName": "Blue Reef Resort: Baltimore", "hotelLocation": "Baltimore", "hotelRoomType": "premium", "hotelRoomCount": "1", "hotelGuestAdultCount": "1", "hotelGuestChildCount": "0", "hotelNightCount": "1", "hotelRoomPrice": "163.73", "hotelFinalPrice": "163.73"}}}
{"_id": "orderid:526185", "timestamp": "2019-12-14T00:17:35.000Z", "eventType": "transaction", "_adobeamericaspot3": {"CRMID": "crmid:6949628102", "orderDetails": {"orderID": "orderid:526185", "reservationid": "ZQR-J1Y9", "orderType": "website", "hotelSKU": "prd1184", "hotelCheckInUnix": "1576541855", "hotelCheckOutUnix": "1576628255", "hotelCheckInTS": "2019-12-17T00:17:35+00:00", "hotelCheckOutTS": "2019-12-18T00:17:35+00:00", "hotelChain": "Aspen Heights", "hotelName": "Aspen Heights: Arlington", "hotelLocation": "Arlington", "hotelRoomType": "premium", "hotelRoomCount": "1", "hotelGuestAdultCount": "1", "hotelGuestChildCount": "0", "hotelNightCount": "1", "hotelRoomPrice": "123.9", "hotelFinalPrice": "123.9"}}}
{"_id": "orderid:936406", "timestamp": "2020-01-17T03:35:04.000Z", "eventType": "transaction", "_adobeamericaspot3": {"CRMID": "crmid:1602715671", "orderDetails": {"orderID": "orderid:936406", "reservationid": "X8W-JPQD", "orderType": "mobile", "hotelSKU": "prd1052", "hotelCheckInUnix": "1581737704", "hotelCheckOutUnix": "1581910504", "hotelCheckInTS": "2020-02-15T03:35:04+00:00", "hotelCheckOutTS": "2020-02-17T03:35:04+00:00", "hotelChain": "Aspen Heights", "hotelName": "Aspen Heights: Wichita", "hotelLocation": "Wichita", "hotelRoomType": "standard", "hotelRoomCount": "1", "hotelGuestAdultCount": "1", "hotelGuestChildCount": "1", "hotelNightCount": "2", "hotelRoomPrice": "181.85", "hotelFinalPrice": "363.7"}}}
{"_id": "orderid:203584", "timestamp": "2020-01-16T15:08:37.000Z", "eventType": "transaction", "_adobeamericaspot3": {"CRMID": "crmid:6526110359", "orderDetails": {"orderID": "orderid:203584", "reservationid": "V1W-2RJO", "orderType": "website", "hotelSKU": "prd1003", "hotelCheckInUnix": "1581433717", "hotelCheckOutUnix": "1582902517", "hotelCheckInTS": "2020-02-11T15:08:37+00:00", "hotelCheckOutTS": "2020-02-28T15:08:37+00:00", "hotelChain": "Family Fun Hotels", "hotelName": "Family Fun Hotels: Houston", "hotelLocation": "Houston", "hotelRoomType": "standard", "hotelRoomCount": "1", "hotelGuestAdultCount": "1", "hotelGuestChildCount": "0", "hotelNightCount": "17", "hotelRoomPrice": "123.18", "hotelFinalPrice": "2094.06"}}}
{"_id": "orderid:885956", "timestamp": "2020-01-16T16:47:52.000Z", "eventType": "transaction", "_adobeamericaspot3": {"CRMID": "crmid:8817311454", "orderDetails": {"orderID": "orderid:885956", "reservationid": "FSR-E8XP", "orderType": "call center", "hotelSKU": "prd1040", "hotelCheckInUnix": "1581266872", "hotelCheckOutUnix": "1581958072", "hotelCheckInTS": "2020-02-09T16:47:52+00:00", "hotelCheckOutTS": "2020-02-17T16:47:52+00:00", "hotelChain": "Aspen Heights", "hotelName": "Aspen Heights: Atlanta", "hotelLocation": "Atlanta", "hotelRoomType": "standard", "hotelRoomCount": "1", "hotelGuestAdultCount": "1", "hotelGuestChildCount": "2", "hotelNightCount": "8", "hotelRoomPrice": "127.82", "hotelFinalPrice": "1022.56"}}}
{"_id": "orderid:983935", "timestamp": "2019-12-15T05:03:11.000Z", "eventType": "transaction", "_adobeamericaspot3": {"CRMID": "crmid:9168435906", "orderDetails": {"orderID": "orderid:983935", "reservationid": "1PJ-FPSB", "orderType": "kiosk", "hotelSKU": "prd1038", "hotelCheckInUnix": "1576472591", "hotelCheckOutUnix": "1576645391", "hotelCheckInTS": "2019-12-16T05:03:11+00:00", "hotelCheckOutTS": "2019-12-18T05:03:11+00:00", "hotelChain": "Restful Nights", "hotelName": "Restful Nights: Mesa", "hotelLocation": "Mesa", "hotelRoomType": "standard", "hotelRoomCount": "1", "hotelGuestAdultCount": "1", "hotelGuestChildCount": "0", "hotelNightCount": "2", "hotelRoomPrice": "153.53", "hotelFinalPrice": "307.06"}}}
{"_id": "orderid:819883", "timestamp": "2020-01-15T22:43:49.000Z", "eventType": "transaction", "_adobeamericaspot3": {"CRMID": "crmid:1795061149", "orderDetails": {"orderID": "orderid:819883", "reservationid": "DZK-SSQV", "orderType": "kiosk", "hotelSKU": "prd1023", "hotelCheckInUnix": "1579301029", "hotelCheckOutUnix": "1579473829", "hotelCheckInTS": "2020-01-17T22:43:49+00:00", "hotelCheckOutTS": "2020-01-19T22:43:49+00:00", "hotelChain": "Hospitality Inn", "hotelName": "Hospitality Inn: Boston", "hotelLocation": "Boston", "hotelRoomType": "standard", "hotelRoomCount": "1", "hotelGuestAdultCount": "1", "hotelGuestChildCount": "0", "hotelNightCount": "2", "hotelRoomPrice": "90.43", "hotelFinalPrice": "180.86"}}}
{"_id": "orderid:139173", "timestamp": "2020-02-03T15:06:18.000Z", "eventType": "transaction", "_adobeamericaspot3": {"CRMID": "crmid:4640883122", "orderDetails": {"orderID": "orderid:139173", "reservationid": "IZV-VVNY", "orderType": "kiosk", "hotelSKU": "prd1110", "hotelCheckInUnix": "1582211178", "hotelCheckOutUnix": "1582470378", "hotelCheckInTS": "2020-02-20T15:06:18+00:00", "hotelCheckOutTS": "2020-02-23T15:06:18+00:00", "hotelChain": "Restful Nights", "hotelName": "Restful Nights: Sofia", "hotelLocation": "Sofia", "hotelRoomType": "standard", "hotelRoomCount": "1", "hotelGuestAdultCount": "1", "hotelGuestChildCount": "2", "hotelNightCount": "3", "hotelRoomPrice": "161.68", "hotelFinalPrice": "485.04"}}}
{"_id": "orderid:109412", "timestamp": "2019-12-08T01:51:22.000Z", "eventType": "transaction", "_adobeamericaspot3": {"CRMID": "crmid:3879382751", "orderDetails": {"orderID": "orderid:109412", "reservationid": "EVQ-XY9Z", "orderType": "mobile", "hotelSKU": "prd1141", "hotelCheckInUnix": "1578016282", "hotelCheckOutUnix": "1579053082", "hotelCheckInTS": "2020-01-03T01:51:22+00:00", "hotelCheckOutTS": "2020-01-15T01:51:22+00:00", "hotelChain": "Admiralty Plaza", "hotelName": "Admiralty Plaza: Phoenix", "hotelLocation": "Phoenix", "hotelRoomType": "ultra-luxury", "hotelRoomCount": "1", "hotelGuestAdultCount": "1", "hotelGuestChildCount": "0", "hotelNightCount": "12", "hotelRoomPrice": "344.95", "hotelFinalPrice": "4139.4"}}}
{"_id": "orderid:798037", "timestamp": "2020-01-06T09:03:36.000Z", "eventType": "transaction", "_adobeamericaspot3": {"CRMID": "crmid:7754105492", "orderDetails": {"orderID": "orderid:798037", "reservationid": "VKN-A6P8", "orderType": "mobile", "hotelSKU": "prd1050", "hotelCheckInUnix": "1578474216", "hotelCheckOutUnix": "1578733416", "hotelCheckInTS": "2020-01-08T09:03:36+00:00", "hotelCheckOutTS": "2020-01-11T09:03:36+00:00", "hotelChain": "Restful Nights", "hotelName": "Restful Nights: Arlington", "hotelLocation": "Arlington", "hotelRoomType": "standard", "hotelRoomCount": "1", "hotelGuestAdultCount": "1", "hotelGuestChildCount": "0", "hotelNightCount": "3", "hotelRoomPrice": "119.09", "hotelFinalPrice": "357.27"}}}
{"_id": "orderid:249146", "timestamp": "2020-01-13T00:00:00.000Z", "eventType": "transaction", "_adobeamericaspot3": {"CRMID": "crmid:7754105492", "orderDetails": {"orderID": "orderid:249146", "reservationid": "IZ0-YQJF", "orderType": "website", "hotelSKU": "prd1127", "hotelCheckInUnix": "1579046400", "hotelCheckOutUnix": "1579132800", "hotelCheckInTS": "2020-01-15T00:00:00+00:00", "hotelCheckOutTS": "2020-01-16T00:00:00+00:00", "hotelChain": "Nesting Box Inn", "hotelName": "Nesting Box Inn: Glasgow", "hotelLocation": "Glasgow", "hotelRoomType": "standard", "hotelRoomCount": "1", "hotelGuestAdultCount": "1", "hotelGuestChildCount": "0", "hotelNightCount": "1", "hotelRoomPrice": "102.72", "hotelFinalPrice": "102.72"}}}
{"_id": "orderid:842910", "timestamp": "2020-01-17T01:01:46.000Z", "eventType": "transaction", "_adobeamericaspot3": {"CRMID": "crmid:6017300419", "orderDetails": {"orderID": "orderid:842910", "reservationid": "Q1Y-GZOM", "orderType": "website", "hotelSKU": "prd1110", "hotelCheckInUnix": "1579568506", "hotelCheckOutUnix": "1581037306", "hotelCheckInTS": "2020-01-21T01:01:46+00:00", "hotelCheckOutTS": "2020-02-07T01:01:46+00:00", "hotelChain": "Restful Nights", "hotelName": "Restful Nights: Sofia", "hotelLocation": "Sofia", "hotelRoomType": "standard", "hotelRoomCount": "1", "hotelGuestAdultCount": "1", "hotelGuestChildCount": "0", "hotelNightCount": "17", "hotelRoomPrice": "135.35", "hotelFinalPrice": "2300.95"}}}
{"_id": "orderid:625241", "timestamp": "2020-02-07T07:10:03.000Z", "eventType": "transaction", "_adobeamericaspot3": {"CRMID": "crmid:3333052194", "orderDetails": {"orderID": "orderid:625241", "reservationid": "AQJ-CBOV", "orderType": "website", "hotelSKU": "prd1111", "hotelCheckInUnix": "1583392203", "hotelCheckOutUnix": "1583737803", "hotelCheckInTS": "2020-03-05T07:10:03+00:00", "hotelCheckOutTS": "2020-03-09T07:10:03+00:00", "hotelChain": "Family Fun Hotels", "hotelName": "Family Fun Hotels: Prague", "hotelLocation": "Prague", "hotelRoomType": "standard", "hotelRoomCount": "1", "hotelGuestAdultCount": "1", "hotelGuestChildCount": "0", "hotelNightCount": "4", "hotelRoomPrice": "105.71", "hotelFinalPrice": "422.84"}}}
{"_id": "orderid:591208", "timestamp": "2019-12-12T16:48:55.000Z", "eventType": "transaction", "_adobeamericaspot3": {"CRMID": "crmid:8517751168", "orderDetails": {"orderID": "orderid:591208", "reservationid": "EUB-PWEV", "orderType": "website", "hotelSKU": "prd1100", "hotelCheckInUnix": "1576255735", "hotelCheckOutUnix": "1576601335", "hotelCheckInTS": "2019-12-13T16:48:55+00:00", "hotelCheckOutTS": "2019-12-17T16:48:55+00:00", "hotelChain": "Aspen Heights", "hotelName": "Aspen Heights: Misk", "hotelLocation": "Misk", "hotelRoomType": "standard", "hotelRoomCount": "1", "hotelGuestAdultCount": "1", "hotelGuestChildCount": "0", "hotelNightCount": "4", "hotelRoomPrice": "133.92", "hotelFinalPrice": "535.68"}}}
{"_id": "orderid:834026", "timestamp": "2020-02-11T13:13:19.000Z", "eventType": "transaction", "_adobeamericaspot3": {"CRMID": "crmid:6575200422", "orderDetails": {"orderID": "orderid:834026", "reservationid": "P79-JIS5", "orderType": "website", "hotelSKU": "prd1143", "hotelCheckInUnix": "1583327599", "hotelCheckOutUnix": "1584105199", "hotelCheckInTS": "2020-03-04T13:13:19+00:00", "hotelCheckOutTS": "2020-03-13T13:13:19+00:00", "hotelChain": "Hospitality Inn", "hotelName": "Hospitality Inn: San Antonio", "hotelLocation": "San Antonio", "hotelRoomType": "standard", "hotelRoomCount": "1", "hotelGuestAdultCount": "1", "hotelGuestChildCount": "4", "hotelNightCount": "9", "hotelRoomPrice": "133.15", "hotelFinalPrice": "1198.35"}}}
{"_id": "orderid:539950", "timestamp": "2020-01-09T11:47:46.000Z", "eventType": "transaction", "_adobeamericaspot3": {"CRMID": "crmid:1065423698", "orderDetails": {"orderID": "orderid:539950", "reservationid": "IXJ-4C8R", "orderType": "website", "hotelSKU": "prd1079", "hotelCheckInUnix": "1580903266", "hotelCheckOutUnix": "1581248866", "hotelCheckInTS": "2020-02-05T11:47:46+00:00", "hotelCheckOutTS": "2020-02-09T11:47:46+00:00", "hotelChain": "Nesting Box Inn", "hotelName": "Nesting Box Inn: Chennai", "hotelLocation": "Chennai", "hotelRoomType": "luxury", "hotelRoomCount": "1", "hotelGuestAdultCount": "1", "hotelGuestChildCount": "1", "hotelNightCount": "4", "hotelRoomPrice": "354.12", "hotelFinalPrice": "1416.48"}}}
{"_id": "orderid:762905", "timestamp": "2019-12-13T18:53:10.000Z", "eventType": "transaction", "_adobeamericaspot3": {"CRMID": "crmid:8568534561", "orderDetails": {"orderID": "orderid:762905", "reservationid": "WA6-9G5C", "orderType": "service desk", "hotelSKU": "prd1155", "hotelCheckInUnix": "1576349590", "hotelCheckOutUnix": "1576608790", "hotelCheckInTS": "2019-12-14T18:53:10+00:00", "hotelCheckOutTS": "2019-12-17T18:53:10+00:00", "hotelChain": "Hospitality Inn", "hotelName": "Hospitality Inn: Denver", "hotelLocation": "Denver", "hotelRoomType": "standard", "hotelRoomCount": "1", "hotelGuestAdultCount": "1", "hotelGuestChildCount": "0", "hotelNightCount": "3", "hotelRoomPrice": "153.91", "hotelFinalPrice": "461.73"}}}
{"_id": "orderid:424186", "timestamp": "2019-12-02T03:15:00.000Z", "eventType": "transaction", "_adobeamericaspot3": {"CRMID": "crmid:8959026264", "orderDetails": {"orderID": "orderid:424186", "reservationid": "KPL-YB2X", "orderType": "mobile", "hotelSKU": "prd1081", "hotelCheckInUnix": "1575947700", "hotelCheckOutUnix": "1576811700", "hotelCheckInTS": "2019-12-10T03:15:00+00:00", "hotelCheckOutTS": "2019-12-20T03:15:00+00:00", "hotelChain": "Admiralty Plaza", "hotelName": "Admiralty Plaza: Rod de Janeiro", "hotelLocation": "Rod de Janeiro", "hotelRoomType": "premium", "hotelRoomCount": "1", "hotelGuestAdultCount": "1", "hotelGuestChildCount": "0", "hotelNightCount": "10", "hotelRoomPrice": "147.3", "hotelFinalPrice": "1473.0"}}}
{"_id": "orderid:480815", "timestamp": "2020-02-13T07:42:11.000Z", "eventType": "transaction", "_adobeamericaspot3": {"CRMID": "crmid:7931011037", "orderDetails": {"orderID": "orderid:480815", "reservationid": "I6Z-1ENO", "orderType": "mobile", "hotelSKU": "prd1002", "hotelCheckInUnix": "1582011731", "hotelCheckOutUnix": "1582184531", "hotelCheckInTS": "2020-02-18T07:42:11+00:00", "hotelCheckOutTS": "2020-02-20T07:42:11+00:00", "hotelChain": "Restful Nights", "hotelName": "Restful Nights: Chicago", "hotelLocation": "Chicago", "hotelRoomType": "premium", "hotelRoomCount": "1", "hotelGuestAdultCount": "1", "hotelGuestChildCount": "0", "hotelNightCount": "2", "hotelRoomPrice": "151.67", "hotelFinalPrice": "303.34"}}}
{"_id": "orderid:266765", "timestamp": "2019-12-26T16:58:31.000Z", "eventType": "transaction", "_adobeamericaspot3": {"CRMID": "crmid:3231355643", "orderDetails": {"orderID": "orderid:266765", "reservationid": "E3B-WWD4", "orderType": "website", "hotelSKU": "prd1133", "hotelCheckInUnix": "1579712311", "hotelCheckOutUnix": "1579798711", "hotelCheckInTS": "2020-01-22T16:58:31+00:00", "hotelCheckOutTS": "2020-01-23T16:58:31+00:00", "hotelChain": "Grandeur Hotels", "hotelName": "Grandeur Hotels: Toronto", "hotelLocation": "Toronto", "hotelRoomType": "standard", "hotelRoomCount": "1", "hotelGuestAdultCount": "1", "hotelGuestChildCount": "0", "hotelNightCount": "1", "hotelRoomPrice": "128.84", "hotelFinalPrice": "128.84"}}}
{"_id": "orderid:410129", "timestamp": "2019-12-02T11:35:38.000Z", "eventType": "transaction", "_adobeamericaspot3": {"CRMID": "crmid:8872645820", "orderDetails": {"orderID": "orderid:410129", "reservationid": "5Y8-N5WY", "orderType": "kiosk", "hotelSKU": "prd1089", "hotelCheckInUnix": "1576841738", "hotelCheckOutUnix": "1577446538", "hotelCheckInTS": "2019-12-20T11:35:38+00:00", "hotelCheckOutTS": "2019-12-27T11:35:38+00:00", "hotelChain": "Sapphire Suites", "hotelName": "Sapphire Suites: Rome", "hotelLocation": "Rome", "hotelRoomType": "luxury", "hotelRoomCount": "1", "hotelGuestAdultCount": "1", "hotelGuestChildCount": "0", "hotelNightCount": "7", "hotelRoomPrice": "395.78", "hotelFinalPrice": "2770.46"}}}
{"_id": "orderid:418256", "timestamp": "2019-12-04T05:11:52.000Z", "eventType": "transaction", "_adobeamericaspot3": {"CRMID": "crmid:8327761586", "orderDetails": {"orderID": "orderid:418256", "reservationid": "TBH-43MV", "orderType": "call center", "hotelSKU": "prd1178", "hotelCheckInUnix": "1575522712", "hotelCheckOutUnix": "1575781912", "hotelCheckInTS": "2019-12-05T05:11:52+00:00", "hotelCheckOutTS": "2019-12-08T05:11:52+00:00", "hotelChain": "Blue Reef Resort", "hotelName": "Blue Reef Resort: Colorado Springs", "hotelLocation": "Colorado Springs", "hotelRoomType": "standard", "hotelRoomCount": "1", "hotelGuestAdultCount": "1", "hotelGuestChildCount": "0", "hotelNightCount": "3", "hotelRoomPrice": "154.22", "hotelFinalPrice": "462.66"}}}
{"_id": "orderid:748507", "timestamp": "2020-01-16T12:09:20.000Z", "eventType": "transaction", "_adobeamericaspot3": {"CRMID": "crmid:2926753674", "orderDetails": {"orderID": "orderid:748507", "reservationid": "USW-BXV3", "orderType": "kiosk", "hotelSKU": "prd1157", "hotelCheckInUnix": "1579608560", "hotelCheckOutUnix": "1579781360", "hotelCheckInTS": "2020-01-21T12:09:20+00:00", "hotelCheckOutTS": "2020-01-23T12:09:20+00:00", "hotelChain": "Grandeur Hotels", "hotelName": "Grandeur Hotels: Boston", "hotelLocation": "Boston", "hotelRoomType": "standard", "hotelRoomCount": "1", "hotelGuestAdultCount": "1", "hotelGuestChildCount": "0", "hotelNightCount": "2", "hotelRoomPrice": "114.41", "hotelFinalPrice": "228.82"}}}
{"_id": "orderid:890241", "timestamp": "2019-12-16T17:23:44.000Z", "eventType": "transaction", "_adobeamericaspot3": {"CRMID": "crmid:6112464480", "orderDetails": {"orderID": "orderid:890241", "reservationid": "HGT-SV8B", "orderType": "kiosk", "hotelSKU": "prd1019", "hotelCheckInUnix": "1578504224", "hotelCheckOutUnix": "1578849824", "hotelCheckInTS": "2020-01-08T17:23:44+00:00", "hotelCheckOutTS": "2020-01-12T17:23:44+00:00", "hotelChain": "Nesting Box Inn", "hotelName": "Nesting Box Inn: Charlotte", "hotelLocation": "Charlotte", "hotelRoomType": "standard", "hotelRoomCount": "1", "hotelGuestAdultCount": "1", "hotelGuestChildCount": "0", "hotelNightCount": "4", "hotelRoomPrice": "161.43", "hotelFinalPrice": "645.72"}}}
{"_id": "orderid:128478", "timestamp": "2020-02-12T23:04:48.000Z", "eventType": "transaction", "_adobeamericaspot3": {"CRMID": "crmid:5624961075", "orderDetails": {"orderID": "orderid:128478", "reservationid": "EWM-ULCC", "orderType": "website", "hotelSKU": "prd1172", "hotelCheckInUnix": "1581721488", "hotelCheckOutUnix": "1581807888", "hotelCheckInTS": "2020-02-14T23:04:48+00:00", "hotelCheckOutTS": "2020-02-15T23:04:48+00:00", "hotelChain": "Aspen Heights", "hotelName": "Aspen Heights: Mesa", "hotelLocation": "Mesa", "hotelRoomType": "ultra-luxury", "hotelRoomCount": "1", "hotelGuestAdultCount": "1", "hotelGuestChildCount": "0", "hotelNightCount": "1", "hotelRoomPrice": "333.13", "hotelFinalPrice": "333.13"}}}
{"_id": "orderid:716647", "timestamp": "2019-12-25T17:52:07.000Z", "eventType": "transaction", "_adobeamericaspot3": {"CRMID": "crmid:2082938079", "orderDetails": {"orderID": "orderid:716647", "reservationid": "KOR-THNU", "orderType": "website", "hotelSKU": "prd1130", "hotelCheckInUnix": "1579110727", "hotelCheckOutUnix": "1580406727", "hotelCheckInTS": "2020-01-15T17:52:07+00:00", "hotelCheckOutTS": "2020-01-30T17:52:07+00:00", "hotelChain": "Blue Reef Resort", "hotelName": "Blue Reef Resort: Bremen", "hotelLocation": "Bremen", "hotelRoomType": "standard", "hotelRoomCount": "1", "hotelGuestAdultCount": "1", "hotelGuestChildCount": "0", "hotelNightCount": "15", "hotelRoomPrice": "106.9", "hotelFinalPrice": "1603.5"}}}
{"_id": "orderid:109178", "timestamp": "2020-02-01T02:23:17.000Z", "eventType": "transaction", "_adobeamericaspot3": {"CRMID": "crmid:7182848779", "orderDetails": {"orderID": "orderid:109178", "reservationid": "CLP-0AT8", "orderType": "kiosk", "hotelSKU": "prd1064", "hotelCheckInUnix": "1580610197", "hotelCheckOutUnix": "1580696597", "hotelCheckInTS": "2020-02-02T02:23:17+00:00", "hotelCheckOutTS": "2020-02-03T02:23:17+00:00", "hotelChain": "Aspen Heights", "hotelName": "Aspen Heights: Paris", "hotelLocation": "Paris", "hotelRoomType": "premium", "hotelRoomCount": "1", "hotelGuestAdultCount": "1", "hotelGuestChildCount": "0", "hotelNightCount": "1", "hotelRoomPrice": "130.31", "hotelFinalPrice": "130.31"}}}
{"_id": "orderid:844072", "timestamp": "2020-01-16T22:13:53.000Z", "eventType": "transaction", "_adobeamericaspot3": {"CRMID": "crmid:6817511769", "orderDetails": {"orderID": "orderid:844072", "reservationid": "SYV-2YE8", "orderType": "call center", "hotelSKU": "prd1081", "hotelCheckInUnix": "1581459233", "hotelCheckOutUnix": "1581804833", "hotelCheckInTS": "2020-02-11T22:13:53+00:00", "hotelCheckOutTS": "2020-02-15T22:13:53+00:00", "hotelChain": "Admiralty Plaza", "hotelName": "Admiralty Plaza: Rod de Janeiro", "hotelLocation": "Rod de Janeiro", "hotelRoomType": "standard", "hotelRoomCount": "1", "hotelGuestAdultCount": "1", "hotelGuestChildCount": "3", "hotelNightCount": "4", "hotelRoomPrice": "96.2", "hotelFinalPrice": "384.8"}}}
{"_id": "orderid:559943", "timestamp": "2020-01-01T13:00:22.000Z", "eventType": "transaction", "_adobeamericaspot3": {"CRMID": "crmid:4078134627", "orderDetails": {"orderID": "orderid:559943", "reservationid": "6J6-1PAF", "orderType": "mobile", "hotelSKU": "prd1136", "hotelCheckInUnix": "1579438822", "hotelCheckOutUnix": "1580130022", "hotelCheckInTS": "2020-01-19T13:00:22+00:00", "hotelCheckOutTS": "2020-01-27T13:00:22+00:00", "hotelChain": "Aspen Heights", "hotelName": "Aspen Heights: Osaka", "hotelLocation": "Osaka", "hotelRoomType": "standard", "hotelRoomCount": "1", "hotelGuestAdultCount": "1", "hotelGuestChildCount": "0", "hotelNightCount": "8", "hotelRoomPrice": "126.46", "hotelFinalPrice": "1011.68"}}}
{"_id": "orderid:333712", "timestamp": "2020-01-23T21:11:42.000Z", "eventType": "transaction", "_adobeamericaspot3": {"CRMID": "crmid:7559963710", "orderDetails": {"orderID": "orderid:333712", "reservationid": "OKY-MIL4", "orderType": "website", "hotelSKU": "prd1121", "hotelCheckInUnix": "1580159502", "hotelCheckOutUnix": "1580245902", "hotelCheckInTS": "2020-01-27T21:11:42+00:00", "hotelCheckOutTS": "2020-01-28T21:11:42+00:00", "hotelChain": "Grandeur Hotels", "hotelName": "Grandeur Hotels: Stockholm", "hotelLocation": "Stockholm", "hotelRoomType": "premium", "hotelRoomCount": "1", "hotelGuestAdultCount": "1", "hotelGuestChildCount": "0", "hotelNightCount": "1", "hotelRoomPrice": "141.18", "hotelFinalPrice": "141.18"}}}
{"_id": "orderid:583006", "timestamp": "2020-01-15T16:32:10.000Z", "eventType": "transaction", "_adobeamericaspot3": {"CRMID": "crmid:2032025822", "orderDetails": {"orderID": "orderid:583006", "reservationid": "ZI3-PRJH", "orderType": "website", "hotelSKU": "prd1177", "hotelCheckInUnix": "1579365130", "hotelCheckOutUnix": "1579451530", "hotelCheckInTS": "2020-01-18T16:32:10+00:00", "hotelCheckOutTS": "2020-01-19T16:32:10+00:00", "hotelChain": "Admiralty Plaza", "hotelName": "Admiralty Plaza: Raleigh", "hotelLocation": "Raleigh", "hotelRoomType": "premium", "hotelRoomCount": "1", "hotelGuestAdultCount": "1", "hotelGuestChildCount": "0", "hotelNightCount": "1", "hotelRoomPrice": "168.98", "hotelFinalPrice": "168.98"}}}
{"_id": "orderid:684778", "timestamp": "2020-01-27T12:32:51.000Z", "eventType": "transaction", "_adobeamericaspot3": {"CRMID": "crmid:4514687730", "orderDetails": {"orderID": "orderid:684778", "reservationid": "FCZ-TOXC", "orderType": "mobile", "hotelSKU": "prd1160", "hotelCheckInUnix": "1581942771", "hotelCheckOutUnix": "1582461171", "hotelCheckInTS": "2020-02-17T12:32:51+00:00", "hotelCheckOutTS": "2020-02-23T12:32:51+00:00", "hotelChain": "Aspen Heights", "hotelName": "Aspen Heights: Nashville", "hotelLocation": "Nashville", "hotelRoomType": "premium", "hotelRoomCount": "1", "hotelGuestAdultCount": "1", "hotelGuestChildCount": "0", "hotelNightCount": "6", "hotelRoomPrice": "121.06", "hotelFinalPrice": "726.36"}}}
{"_id": "orderid:669403", "timestamp": "2019-12-31T06:23:07.000Z", "eventType": "transaction", "_adobeamericaspot3": {"CRMID": "crmid:2095607964", "orderDetails": {"orderID": "orderid:669403", "reservationid": "CNX-L2VE", "orderType": "call center", "hotelSKU": "prd1175", "hotelCheckInUnix": "1580019787", "hotelCheckOutUnix": "1580538187", "hotelCheckInTS": "2020-01-26T06:23:07+00:00", "hotelCheckOutTS": "2020-02-01T06:23:07+00:00", "hotelChain": "Nesting Box Inn", "hotelName": "Nesting Box Inn: Long Beach", "hotelLocation": "Long Beach", "hotelRoomType": "standard", "hotelRoomCount": "1", "hotelGuestAdultCount": "1", "hotelGuestChildCount": "0", "hotelNightCount": "6", "hotelRoomPrice": "125.35", "hotelFinalPrice": "752.1"}}}
{"_id": "orderid:684685", "timestamp": "2020-02-06T13:35:22.000Z", "eventType": "transaction", "_adobeamericaspot3": {"CRMID": "crmid:2630177680", "orderDetails": {"orderID": "orderid:684685", "reservationid": "W2K-KTTC", "orderType": "website", "hotelSKU": "prd1064", "hotelCheckInUnix": "1583156122", "hotelCheckOutUnix": "1584192922", "hotelCheckInTS": "2020-03-02T13:35:22+00:00", "hotelCheckOutTS": "2020-03-14T13:35:22+00:00", "hotelChain": "Aspen Heights", "hotelName": "Aspen Heights: Paris", "hotelLocation": "Paris", "hotelRoomType": "standard", "hotelRoomCount": "1", "hotelGuestAdultCount": "1", "hotelGuestChildCount": "1", "hotelNightCount": "12", "hotelRoomPrice": "178.63", "hotelFinalPrice": "2143.56"}}}
{"_id": "orderid:980803", "timestamp": "2019-12-20T09:57:52.000Z", "eventType": "transaction", "_adobeamericaspot3": {"CRMID": "crmid:6617956490", "orderDetails": {"orderID": "orderid:980803", "reservationid": "MP5-GUV3", "orderType": "kiosk", "hotelSKU": "prd1029", "hotelCheckInUnix": "1578304672", "hotelCheckOutUnix": "1579341472", "hotelCheckInTS": "2020-01-06T09:57:52+00:00", "hotelCheckOutTS": "2020-01-18T09:57:52+00:00", "hotelChain": "Sapphire Suites", "hotelName": "Sapphire Suites: Oklahoma City", "hotelLocation": "Oklahoma City", "hotelRoomType": "standard", "hotelRoomCount": "1", "hotelGuestAdultCount": "1", "hotelGuestChildCount": "0", "hotelNightCount": "12", "hotelRoomPrice": "187.12", "hotelFinalPrice": "2245.44"}}}
{"_id": "orderid:184030", "timestamp": "2019-12-03T03:53:49.000Z", "eventType": "transaction", "_adobeamericaspot3": {"CRMID": "crmid:2801463157", "orderDetails": {"orderID": "orderid:184030", "reservationid": "FZ9-HMF2", "orderType": "website", "hotelSKU": "prd1003", "hotelCheckInUnix": "1575431629", "hotelCheckOutUnix": "1575777229", "hotelCheckInTS": "2019-12-04T03:53:49+00:00", "hotelCheckOutTS": "2019-12-08T03:53:49+00:00", "hotelChain": "Family Fun Hotels", "hotelName": "Family Fun Hotels: Houston", "hotelLocation": "Houston", "hotelRoomType": "standard", "hotelRoomCount": "1", "hotelGuestAdultCount": "1", "hotelGuestChildCount": "0", "hotelNightCount": "4", "hotelRoomPrice": "159.75", "hotelFinalPrice": "639.0"}}}
{"_id": "orderid:681725", "timestamp": "2020-01-21T02:00:01.000Z", "eventType": "transaction", "_adobeamericaspot3": {"CRMID": "crmid:9942756143", "orderDetails": {"orderID": "orderid:681725", "reservationid": "3BR-E6M9", "orderType": "kiosk", "hotelSKU": "prd1022", "hotelCheckInUnix": "1579831201", "hotelCheckOutUnix": "1579917601", "hotelCheckInTS": "2020-01-24T02:00:01+00:00", "hotelCheckOutTS": "2020-01-25T02:00:01+00:00", "hotelChain": "Blue Reef Resort", "hotelName": "Blue Reef Resort: Washington DC", "hotelLocation": "Washington DC", "hotelRoomType": "standard", "hotelRoomCount": "1", "hotelGuestAdultCount": "1", "hotelGuestChildCount": "0", "hotelNightCount": "1", "hotelRoomPrice": "157.24", "hotelFinalPrice": "157.24"}}}
{"_id": "orderid:715010", "timestamp": "2020-01-27T00:00:00.000Z", "eventType": "transaction", "_adobeamericaspot3": {"CRMID": "crmid:9942756143", "orderDetails": {"orderID": "orderid:715010", "reservationid": "3BD-0HGB", "orderType": "kiosk", "hotelSKU": "prd1165", "hotelCheckInUnix": "1580342400", "hotelCheckOutUnix": "1580774400", "hotelCheckInTS": "2020-01-30T00:00:00+00:00", "hotelCheckOutTS": "2020-02-04T00:00:00+00:00", "hotelChain": "Admiralty Plaza", "hotelName": "Admiralty Plaza: Louisville", "hotelLocation": "Louisville", "hotelRoomType": "standard", "hotelRoomCount": "1", "hotelGuestAdultCount": "1", "hotelGuestChildCount": "0", "hotelNightCount": "5", "hotelRoomPrice": "136.62", "hotelFinalPrice": "683.1"}}}
{"_id": "orderid:968727", "timestamp": "2020-02-05T00:00:00.000Z", "eventType": "transaction", "_adobeamericaspot3": {"CRMID": "crmid:9942756143", "orderDetails": {"orderID": "orderid:968727", "reservationid": "JAW-MDQO", "orderType": "website", "hotelSKU": "prd1184", "hotelCheckInUnix": "1580947200", "hotelCheckOutUnix": "1581033600", "hotelCheckInTS": "2020-02-06T00:00:00+00:00", "hotelCheckOutTS": "2020-02-07T00:00:00+00:00", "hotelChain": "Aspen Heights", "hotelName": "Aspen Heights: Arlington", "hotelLocation": "Arlington", "hotelRoomType": "premium", "hotelRoomCount": "1", "hotelGuestAdultCount": "1", "hotelGuestChildCount": "0", "hotelNightCount": "1", "hotelRoomPrice": "115.89", "hotelFinalPrice": "115.89"}}}
{"_id": "orderid:505950", "timestamp": "2020-01-01T22:20:56.000Z", "eventType": "transaction", "_adobeamericaspot3": {"CRMID": "crmid:4097164772", "orderDetails": {"orderID": "orderid:505950", "reservationid": "LV1-ZV3H", "orderType": "website", "hotelSKU": "prd1073", "hotelCheckInUnix": "1578608456", "hotelCheckOutUnix": "1579818056", "hotelCheckInTS": "2020-01-09T22:20:56+00:00", "hotelCheckOutTS": "2020-01-23T22:20:56+00:00", "hotelChain": "Grandeur Hotels", "hotelName": "Grandeur Hotels: Lima", "hotelLocation": "Lima", "hotelRoomType": "standard", "hotelRoomCount": "1", "hotelGuestAdultCount": "1", "hotelGuestChildCount": "0", "hotelNightCount": "14", "hotelRoomPrice": "138.97", "hotelFinalPrice": "1945.58"}}}
{"_id": "orderid:173616", "timestamp": "2020-02-07T23:01:26.000Z", "eventType": "transaction", "_adobeamericaspot3": {"CRMID": "crmid:4083522441", "orderDetails": {"orderID": "orderid:173616", "reservationid": "K0Z-3VMT", "orderType": "website", "hotelSKU": "prd1117", "hotelCheckInUnix": "1581202886", "hotelCheckOutUnix": "1581289286", "hotelCheckInTS": "2020-02-08T23:01:26+00:00", "hotelCheckOutTS": "2020-02-09T23:01:26+00:00", "hotelChain": "Admiralty Plaza", "hotelName": "Admiralty Plaza: Dublin", "hotelLocation": "Dublin", "hotelRoomType": "standard", "hotelRoomCount": "1", "hotelGuestAdultCount": "1", "hotelGuestChildCount": "0", "hotelNightCount": "1", "hotelRoomPrice": "196.94", "hotelFinalPrice": "196.94"}}}
{"_id": "orderid:197916", "timestamp": "2019-12-07T14:31:26.000Z", "eventType": "transaction", "_adobeamericaspot3": {"CRMID": "crmid:3873979965", "orderDetails": {"orderID": "orderid:197916", "reservationid": "6EM-87M3", "orderType": "call center", "hotelSKU": "prd1021", "hotelCheckInUnix": "1575815486", "hotelCheckOutUnix": "1575988286", "hotelCheckInTS": "2019-12-08T14:31:26+00:00", "hotelCheckOutTS": "2019-12-10T14:31:26+00:00", "hotelChain": "Admiralty Plaza", "hotelName": "Admiralty Plaza: Denver", "hotelLocation": "Denver", "hotelRoomType": "standard", "hotelRoomCount": "1", "hotelGuestAdultCount": "1", "hotelGuestChildCount": "0", "hotelNightCount": "2", "hotelRoomPrice": "163.9", "hotelFinalPrice": "327.8"}}}
{"_id": "orderid:495733", "timestamp": "2019-12-12T00:00:00.000Z", "eventType": "transaction", "_adobeamericaspot3": {"CRMID": "crmid:3873979965", "orderDetails": {"orderID": "orderid:495733", "reservationid": "QEI-AJMW", "orderType": "kiosk", "hotelSKU": "prd1096", "hotelCheckInUnix": "1576281600", "hotelCheckOutUnix": "1576454400", "hotelCheckInTS": "2019-12-14T00:00:00+00:00", "hotelCheckOutTS": "2019-12-16T00:00:00+00:00", "hotelChain": "Sandhill", "hotelName": "Sandhill: Madrid", "hotelLocation": "Madrid", "hotelRoomType": "standard", "hotelRoomCount": "1", "hotelGuestAdultCount": "1", "hotelGuestChildCount": "0", "hotelNightCount": "2", "hotelRoomPrice": "100.23", "hotelFinalPrice": "200.46"}}}
{"_id": "orderid:202618", "timestamp": "2019-12-15T16:23:04.000Z", "eventType": "transaction", "_adobeamericaspot3": {"CRMID": "crmid:1816117934", "orderDetails": {"orderID": "orderid:202618", "reservationid": "HMK-2W8K", "orderType": "website", "hotelSKU": "prd1105", "hotelCheckInUnix": "1579018984", "hotelCheckOutUnix": "1579710184", "hotelCheckInTS": "2020-01-14T16:23:04+00:00", "hotelCheckOutTS": "2020-01-22T16:23:04+00:00", "hotelChain": "Admiralty Plaza", "hotelName": "Admiralty Plaza: Barcelona", "hotelLocation": "Barcelona", "hotelRoomType": "standard", "hotelRoomCount": "1", "hotelGuestAdultCount": "1", "hotelGuestChildCount": "1", "hotelNightCount": "8", "hotelRoomPrice": "179.46", "hotelFinalPrice": "1435.68"}}}
{"_id": "orderid:471343", "timestamp": "2020-01-16T19:22:33.000Z", "eventType": "transaction", "_adobeamericaspot3": {"CRMID": "crmid:6157501449", "orderDetails": {"orderID": "orderid:471343", "reservationid": "49B-SBHH", "orderType": "mobile", "hotelSKU": "prd1086", "hotelCheckInUnix": "1579288953", "hotelCheckOutUnix": "1579461753", "hotelCheckInTS": "2020-01-17T19:22:33+00:00", "hotelCheckOutTS": "2020-01-19T19:22:33+00:00", "hotelChain": "Restful Nights", "hotelName": "Restful Nights: Johannesburg", "hotelLocation": "Johannesburg", "hotelRoomType": "premium", "hotelRoomCount": "1", "hotelGuestAdultCount": "1", "hotelGuestChildCount": "0", "hotelNightCount": "2", "hotelRoomPrice": "145.91", "hotelFinalPrice": "291.82"}}}
{"_id": "orderid:635997", "timestamp": "2020-01-04T21:37:22.000Z", "eventType": "transaction", "_adobeamericaspot3": {"CRMID": "crmid:3375403990", "orderDetails": {"orderID": "orderid:635997", "reservationid": "ZGO-WGN3", "orderType": "website", "hotelSKU": "prd1092", "hotelCheckInUnix": "1578865042", "hotelCheckOutUnix": "1579469842", "hotelCheckInTS": "2020-01-12T21:37:22+00:00", "hotelCheckOutTS": "2020-01-19T21:37:22+00:00", "hotelChain": "Repose Resort", "hotelName": "Repose Resort: Cape Town", "hotelLocation": "Cape Town", "hotelRoomType": "premium", "hotelRoomCount": "1", "hotelGuestAdultCount": "1", "hotelGuestChildCount": "0", "hotelNightCount": "7", "hotelRoomPrice": "159.73", "hotelFinalPrice": "1118.11"}}}
{"_id": "orderid:186709", "timestamp": "2020-01-18T18:49:43.000Z", "eventType": "transaction", "_adobeamericaspot3": {"CRMID": "crmid:7948412015", "orderDetails": {"orderID": "orderid:186709", "reservationid": "ZPQ-0SPQ", "orderType": "call center", "hotelSKU": "prd1076", "hotelCheckInUnix": "1581533383", "hotelCheckOutUnix": "1582570183", "hotelCheckInTS": "2020-02-12T18:49:43+00:00", "hotelCheckOutTS": "2020-02-24T18:49:43+00:00", "hotelChain": "Aspen Heights", "hotelName": "Aspen Heights: Bogota", "hotelLocation": "Bogota", "hotelRoomType": "standard", "hotelRoomCount": "1", "hotelGuestAdultCount": "1", "hotelGuestChildCount": "3", "hotelNightCount": "12", "hotelRoomPrice": "118.23", "hotelFinalPrice": "1418.76"}}}
{"_id": "orderid:511161", "timestamp": "2020-02-04T19:25:57.000Z", "eventType": "transaction", "_adobeamericaspot3": {"CRMID": "crmid:8820823823", "orderDetails": {"orderID": "orderid:511161", "reservationid": "QZJ-PDCY", "orderType": "website", "hotelSKU": "prd1032", "hotelCheckInUnix": "1582917957", "hotelCheckOutUnix": "1583522757", "hotelCheckInTS": "2020-02-28T19:25:57+00:00", "hotelCheckOutTS": "2020-03-06T19:25:57+00:00", "hotelChain": "Repose Resort", "hotelName": "Repose Resort: Baltimore", "hotelLocation": "Baltimore", "hotelRoomType": "standard", "hotelRoomCount": "1", "hotelGuestAdultCount": "1", "hotelGuestChildCount": "0", "hotelNightCount": "7", "hotelRoomPrice": "107.44", "hotelFinalPrice": "752.08"}}}
{"_id": "orderid:936126", "timestamp": "2019-12-31T03:06:06.000Z", "eventType": "transaction", "_adobeamericaspot3": {"CRMID": "crmid:1207685001", "orderDetails": {"orderID": "orderid:936126", "reservationid": "F4X-PBJY", "orderType": "kiosk", "hotelSKU": "prd1071", "hotelCheckInUnix": "1580353566", "hotelCheckOutUnix": "1581131166", "hotelCheckInTS": "2020-01-30T03:06:06+00:00", "hotelCheckOutTS": "2020-02-08T03:06:06+00:00", "hotelChain": "Hospitality Inn", "hotelName": "Hospitality Inn: Seoul", "hotelLocation": "Seoul", "hotelRoomType": "premium", "hotelRoomCount": "1", "hotelGuestAdultCount": "1", "hotelGuestChildCount": "4", "hotelNightCount": "9", "hotelRoomPrice": "122.88", "hotelFinalPrice": "1105.92"}}}
{"_id": "orderid:415675", "timestamp": "2019-12-23T23:29:37.000Z", "eventType": "transaction", "_adobeamericaspot3": {"CRMID": "crmid:2170321283", "orderDetails": {"orderID": "orderid:415675", "reservationid": "PVT-M4MY", "orderType": "mobile", "hotelSKU": "prd1177", "hotelCheckInUnix": "1577230177", "hotelCheckOutUnix": "1577316577", "hotelCheckInTS": "2019-12-24T23:29:37+00:00", "hotelCheckOutTS": "2019-12-25T23:29:37+00:00", "hotelChain": "Admiralty Plaza", "hotelName": "Admiralty Plaza: Raleigh", "hotelLocation": "Raleigh", "hotelRoomType": "luxury", "hotelRoomCount": "1", "hotelGuestAdultCount": "1", "hotelGuestChildCount": "0", "hotelNightCount": "1", "hotelRoomPrice": "339.21", "hotelFinalPrice": "339.21"}}}
{"_id": "orderid:657554", "timestamp": "2019-12-11T06:30:44.000Z", "eventType": "transaction", "_adobeamericaspot3": {"CRMID": "crmid:4415752522", "orderDetails": {"orderID": "orderid:657554", "reservationid": "CKY-LCL8", "orderType": "kiosk", "hotelSKU": "prd1040", "hotelCheckInUnix": "1578033044", "hotelCheckOutUnix": "1578551444", "hotelCheckInTS": "2020-01-03T06:30:44+00:00", "hotelCheckOutTS": "2020-01-09T06:30:44+00:00", "hotelChain": "Aspen Heights", "hotelName": "Aspen Heights: Atlanta", "hotelLocation": "Atlanta", "hotelRoomType": "luxury", "hotelRoomCount": "1", "hotelGuestAdultCount": "1", "hotelGuestChildCount": "0", "hotelNightCount": "6", "hotelRoomPrice": "332.55", "hotelFinalPrice": "1995.3"}}}
{"_id": "orderid:683801", "timestamp": "2019-12-28T02:10:17.000Z", "eventType": "transaction", "_adobeamericaspot3": {"CRMID": "crmid:3487992539", "orderDetails": {"orderID": "orderid:683801", "reservationid": "UQ8-WFUF", "orderType": "call center", "hotelSKU": "prd1047", "hotelCheckInUnix": "1579831817", "hotelCheckOutUnix": "1580177417", "hotelCheckInTS": "2020-01-24T02:10:17+00:00", "hotelCheckOutTS": "2020-01-28T02:10:17+00:00", "hotelChain": "Hospitality Inn", "hotelName": "Hospitality Inn: Oakland", "hotelLocation": "Oakland", "hotelRoomType": "ultra-luxury", "hotelRoomCount": "1", "hotelGuestAdultCount": "1", "hotelGuestChildCount": "0", "hotelNightCount": "4", "hotelRoomPrice": "254.55", "hotelFinalPrice": "1018.2"}}}
{"_id": "orderid:615349", "timestamp": "2020-01-07T19:01:30.000Z", "eventType": "transaction", "_adobeamericaspot3": {"CRMID": "crmid:3254739506", "orderDetails": {"orderID": "orderid:615349", "reservationid": "KIB-BJ5F", "orderType": "mobile", "hotelSKU": "prd1155", "hotelCheckInUnix": "1580670090", "hotelCheckOutUnix": "1581102090", "hotelCheckInTS": "2020-02-02T19:01:30+00:00", "hotelCheckOutTS": "2020-02-07T19:01:30+00:00", "hotelChain": "Hospitality Inn", "hotelName": "Hospitality Inn: Denver", "hotelLocation": "Denver", "hotelRoomType": "standard", "hotelRoomCount": "1", "hotelGuestAdultCount": "1", "hotelGuestChildCount": "0", "hotelNightCount": "5", "hotelRoomPrice": "213.48", "hotelFinalPrice": "1067.4"}}}
{"_id": "orderid:975576", "timestamp": "2019-12-01T14:33:29.000Z", "eventType": "transaction", "_adobeamericaspot3": {"CRMID": "crmid:5944484214", "orderDetails": {"orderID": "orderid:975576", "reservationid": "8FW-8O0D", "orderType": "call center", "hotelSKU": "prd1005", "hotelCheckInUnix": "1577457209", "hotelCheckOutUnix": "1578148409", "hotelCheckInTS": "2019-12-27T14:33:29+00:00", "hotelCheckOutTS": "2020-01-04T14:33:29+00:00", "hotelChain": "Sapphire Suites", "hotelName": "Sapphire Suites: Los Angeles", "hotelLocation": "Los Angeles", "hotelRoomType": "premium", "hotelRoomCount": "1", "hotelGuestAdultCount": "1", "hotelGuestChildCount": "0", "hotelNightCount": "8", "hotelRoomPrice": "141.12", "hotelFinalPrice": "1128.96"}}}
