id,reservationid,orderid,crmid,timestamp,orderType,productsku,hotelCheckInUnix,hotelCheckOutUnix,hotelCheckInTS,hotelCheckOutTS,hotelName,hotelChain,hotelLocation,hotelRoomType,hotelRoomCount,hotelGuestAdultCount,hotelGuestChildCount,hotelNightCount,hotelRoomPrice,hotelFinalPrice
e798c9fe-53c8-11ea-8dc9-b88a60e194fb,SFS-UZXK,orderid:653719,crmid:1914699245,2019-12-02T20:27:35.000Z,call center,prd1147,1575750455,1576355255,2019-12-07T20:27:35+00:00,2019-12-14T20:27:35+00:00,Family Fun Hotels: Austin,Family Fun Hotels,Austin,standard,1,1,0,7,142.6,998.2
e799db5c-53c8-11ea-8961-b88a60e194fb,OI7-K1OO,orderid:104597,crmid:1655859540,2020-01-30T11:01:02.000Z,call center,prd1157,1580468462,1580554862,2020-01-31T11:01:02+00:00,2020-02-01T11:01:02+00:00,Grandeur Hotels: Boston,Grandeur Hotels,Boston,standard,1,1,0,1,118.7,118.7
e79d0fb4-53c8-11ea-a442-b88a60e194fb,UB3-CNCV,orderid:667538,crmid:6325937229,2019-12-08T00:00:19.000Z,kiosk,prd1016,1575849619,1575936019,2019-12-09T00:00:19+00:00,2019-12-10T00:00:19+00:00,Aspen Heights: Columbus,Aspen Heights,Columbus,luxury,1,1,0,1,353.24,353.24
e79e6f40-53c8-11ea-8294-b88a60e194fb,P7W-M8NQ,orderid:504754,crmid:6146654593,2019-12-20T10:23:10.000Z,mobile,prd1177,1578738190,1578910990,2020-01-11T10:23:10+00:00,2020-01-13T10:23:10+00:00,Admiralty Plaza: Raleigh,Admiralty Plaza,Raleigh,standard,1,1,0,2,148.19,296.38
e79f599e-53c8-11ea-a751-b88a60e194fb,CVQ-ZRPZ,orderid:470963,crmid:8430602866,2020-01-18T03:58:35.000Z,website,prd1125,1581911915,1582430315,2020-02-17T03:58:35+00:00,2020-02-23T03:58:35+00:00,Sapphire Suites: Palermo,Sapphire Suites,Palermo,standard,1,1,2,6,118.94,713.64
e7a06b0c-53c8-11ea-89f2-b88a60e194fb,CH2-R9ZD,orderid:586158,crmid:8194815753,2020-01-28T03:52:48.000Z,service desk,prd1004,1580269968,1580442768,2020-01-29T03:52:48+00:00,2020-01-31T03:52:48+00:00,Aspen Heights: Boulder,Aspen Heights,Boulder,standard,1,1,0,2,102.12,204.24
e7a1556e-53c8-11ea-b2cc-b88a60e194fb,4CE-GMLB,orderid:241346,crmid:2123004016,2019-12-02T22:50:18.000Z,service desk,prd1178,1577573418,1578091818,2019-12-28T22:50:18+00:00,2020-01-03T22:50:18+00:00,Blue Reef Resort: Colorado Springs,Blue Reef Resort,Colorado Springs,standard,1,1,0,6,138.02,828.12
e7a266ee-53c8-11ea-a7bf-b88a60e194fb,WSU-6VX0,orderid:878438,crmid:4475937808,2019-12-26T12:52:59.000Z,service desk,prd1184,1577451179,1577537579,2019-12-27T12:52:59+00:00,2019-12-28T12:52:59+00:00,Aspen Heights: Arlington,Aspen Heights,Arlington,standard,1,1,0,1,122.92,122.92
e7a3785e-53c8-11ea-b5e0-b88a60e194fb,VRL-BS78,orderid:148509,crmid:1271097520,2020-01-10T13:55:19.000Z,call center,prd1105,1578923719,1579096519,2020-01-13T13:55:19+00:00,2020-01-15T13:55:19+00:00,Admiralty Plaza: Barcelona,Admiralty Plaza,Barcelona,standard,1,1,0,2,155.17,310.34
e7a489c6-53c8-11ea-b362-b88a60e194fb,DOS-KRQD,orderid:147320,crmid:8983327724,2019-12-24T13:11:54.000Z,kiosk,prd1125,1578921114,1579525914,2020-01-13T13:11:54+00:00,2020-01-20T13:11:54+00:00,Sapphire Suites: Palermo,Sapphire Suites,Palermo,standard,1,1,1,7,101.45,710.15
e7a5742e-53c8-11ea-a980-b88a60e194fb,MBL-CZN7,orderid:476911,crmid:5740591402,2020-02-01T19:36:10.000Z,kiosk,prd1035,1580758570,1580844970,2020-02-03T19:36:10+00:00,2020-02-04T19:36:10+00:00,Hospitality Inn: Tucson,Hospitality Inn,Tucson,premium,1,1,0,1,131.0,131.0
e7a65e92-53c8-11ea-bab3-b88a60e194fb,SND-NUUI,orderid:925977,crmid:5753938276,2020-01-07T19:34:51.000Z,website,prd1028,1580672091,1582227291,2020-02-02T19:34:51+00:00,2020-02-20T19:34:51+00:00,Aspen Heights: Portland,Aspen Heights,Portland,premium,1,1,0,18,150.01,2700.18
e7a76ffa-53c8-11ea-b444-b88a60e194fb,TSX-JUFM,orderid:866589,crmid:7880955167,2019-12-21T16:21:09.000Z,website,prd1167,1578241269,1578500469,2020-01-05T16:21:09+00:00,2020-01-08T16:21:09+00:00,Hospitality Inn: Milwaukee,Hospitality Inn,Milwaukee,standard,1,1,0,3,150.32,450.96
e7a8a86e-53c8-11ea-8004-b88a60e194fb,FEA-OL9U,orderid:467812,crmid:9805866820,2019-12-04T04:58:48.000Z,service desk,prd1025,1577681928,1578027528,2019-12-30T04:58:48+00:00,2020-01-03T04:58:48+00:00,Grandeur Hotels: Detroit,Grandeur Hotels,Detroit,standard,1,1,0,4,135.52,542.08
e7a9b9de-53c8-11ea-b6b6-b88a60e194fb,PTO-EODW,orderid:221195,crmid:8851701501,2020-01-31T11:10:12.000Z,website,prd1052,1582801812,1583406612,2020-02-27T11:10:12+00:00,2020-03-05T11:10:12+00:00,Aspen Heights: Wichita,Aspen Heights,Wichita,standard,1,1,0,7,151.03,1057.21
e7aaa43e-53c8-11ea-821f-b88a60e194fb,1VB-WTN0,orderid:476823,crmid:3809013747,2020-01-16T15:14:53.000Z,call center,prd1023,1581347693,1581779693,2020-02-10T15:14:53+00:00,2020-02-15T15:14:53+00:00,Hospitality Inn: Boston,Hospitality Inn,Boston,premium,1,1,1,5,161.72,808.6
e7abb5ae-53c8-11ea-a333-b88a60e194fb,SLP-OMFN,orderid:200623,crmid:8404151522,2019-12-06T05:19:04.000Z,website,prd1013,1575695944,1576300744,2019-12-07T05:19:04+00:00,2019-12-14T05:19:04+00:00,Grandeur Hotels: Austin,Grandeur Hotels,Austin,standard,1,1,0,7,123.08,861.56
e7aca014-53c8-11ea-95a3-b88a60e194fb,OQQ-JCSY,orderid:615392,crmid:5728965679,2019-12-07T10:23:04.000Z,website,prd1113,1577096584,1577701384,2019-12-23T10:23:04+00:00,2019-12-30T10:23:04+00:00,Sapphire Suites: Kazan,Sapphire Suites,Kazan,standard,1,1,0,7,161.1,1127.7
e7add892-53c8-11ea-ab27-b88a60e194fb,8RC-UJQS,orderid:576231,crmid:3668132817,2019-12-02T07:15:19.000Z,call center,prd1148,1577603719,1577949319,2019-12-29T07:15:19+00:00,2020-01-02T07:15:19+00:00,Aspen Heights: Jacksonville,Aspen Heights,Jacksonville,premium,1,1,0,4,158.6,634.4
e7aec2f0-53c8-11ea-87d4-b88a60e194fb,NPJ-REHM,orderid:478205,crmid:8490063107,2019-12-20T07:06:46.000Z,kiosk,prd1069,1578208006,1578553606,2020-01-05T07:06:46+00:00,2020-01-09T07:06:46+00:00,Admiralty Plaza: Singapore,Admiralty Plaza,Singapore,standard,1,1,0,4,161.36,645.44
e7afd462-53c8-11ea-b2b1-b88a60e194fb,NMA-UWQT,orderid:347866,crmid:7120959768,2020-02-05T03:41:07.000Z,kiosk,prd1013,1582774867,1583379667,2020-02-27T03:41:07+00:00,2020-03-05T03:41:07+00:00,Grandeur Hotels: Austin,Grandeur Hotels,Austin,standard,1,1,0,7,153.19,1072.33
e7b0e5d0-53c8-11ea-8281-b88a60e194fb,LBU-IOMS,orderid:785814,crmid:4209823585,2020-02-02T12:23:28.000Z,call center,prd1124,1581596608,1581855808,2020-02-13T12:23:28+00:00,2020-02-16T12:23:28+00:00,Aspen Heights: Leeds,Aspen Heights,Leeds,luxury,1,1,2,3,360.65,1081.95
e7b1d028-53c8-11ea-8951-b88a60e194fb,NDI-JAAU,orderid:710724,crmid:3156088994,2020-02-10T12:05:05.000Z,website,prd1059,1583496305,1584705905,2020-03-06T12:05:05+00:00,2020-03-20T12:05:05+00:00,Hospitality Inn: Kinshasa,Hospitality Inn,Kinshasa,premium,1,1,0,14,164.64,2304.96
e7b356ca-53c8-11ea-94ea-b88a60e194fb,BSY-JJTG,orderid:696025,crmid:5105873128,2020-01-31T13:50:43.000Z,kiosk,prd1052,1582811443,1583070643,2020-02-27T13:50:43+00:00,2020-03-01T13:50:43+00:00,Aspen Heights: Wichita,Aspen Heights,Wichita,standard,1,1,0,3,138.65,415.95
e7b468fe-53c8-11ea-b4c4-b88a60e194fb,J89-4RMG,orderid:600452,crmid:3634022847,2019-12-22T22:59:22.000Z,website,prd1118,1578524362,1579388362,2020-01-08T22:59:22+00:00,2020-01-18T22:59:22+00:00,Blue Reef Resort: Cologne,Blue Reef Resort,Cologne,standard,1,1,0,10,131.09,1310.9
e7b5529e-53c8-11ea-b987-b88a60e194fb,6I1-FHSS,orderid:158501,crmid:4076145873,2020-01-28T23:31:42.000Z,call center,prd1165,1582500702,1583191902,2020-02-23T23:31:42+00:00,2020-03-02T23:31:42+00:00,Admiralty Plaza: Louisville,Admiralty Plaza,Louisville,standard,1,1,0,8,127.79,1022.32
e7b63cf6-53c8-11ea-aee6-b88a60e194fb,VFG-KS3K,orderid:552030,crmid:5911220278,2019-12-02T23:38:03.000Z,website,prd1001,1575502683,1575589083,2019-12-04T23:38:03+00:00,2019-12-05T23:38:03+00:00,Grandeur Hotels: New York,Grandeur Hotels,New York,standard,1,1,0,1,180.18,180.18
e7b77582-53c8-11ea-add7-b88a60e194fb,IH3-77GC,orderid:466754,crmid:3697002333,2020-01-10T03:56:34.000Z,call center,prd1172,1580961394,1581738994,2020-02-06T03:56:34+00:00,2020-02-15T03:56:34+00:00,Aspen Heights: Mesa,Aspen Heights,Mesa,standard,1,1,3,9,166.61,1499.49
e7b85fe2-53c8-11ea-81fd-b88a60e194fb,DQG-O078,orderid:821388,crmid:4564606940,2020-02-12T07:21:37.000Z,call center,prd1051,1583133697,1583824897,2020-03-02T07:21:37+00:00,2020-03-10T07:21:37+00:00,Family Fun Hotels: New Orleans,Family Fun Hotels,New Orleans,standard,1,1,4,8,111.57,892.56
e7b94a40-53c8-11ea-9f75-b88a60e194fb,FCA-494J,orderid:928060,crmid:6997379203,2020-02-09T12:01:50.000Z,call center,prd1165,1581336110,1581422510,2020-02-10T12:01:50+00:00,2020-02-11T12:01:50+00:00,Admiralty Plaza: Louisville,Admiralty Plaza,Louisville,standard,1,1,0,1,113.95,113.95
e7ba5bac-53c8-11ea-b041-b88a60e194fb,XCH-O5Q9,orderid:432205,crmid:4756669819,2019-12-01T06:13:22.000Z,call center,prd1071,1576563202,1576908802,2019-12-17T06:13:22+00:00,2019-12-21T06:13:22+00:00,Hospitality Inn: Seoul,Hospitality Inn,Seoul,ultra-luxury,1,1,0,4,310.2,1240.8
e7bb6d1c-53c8-11ea-bef9-b88a60e194fb,FKP-YIKM,orderid:265705,crmid:7448872107,2020-02-11T15:27:53.000Z,mobile,prd1189,1581521273,1581607673,2020-02-12T15:27:53+00:00,2020-02-13T15:27:53+00:00,Admiralty Plaza: Bakersfield,Admiralty Plaza,Bakersfield,premium,1,1,0,1,170.91,170.91
e7bca5b8-53c8-11ea-8a6f-b88a60e194fb,S29-EOUE,orderid:818066,crmid:8578092973,2019-12-19T11:06:51.000Z,website,prd1069,1578827211,1579432011,2020-01-12T11:06:51+00:00,2020-01-19T11:06:51+00:00,Admiralty Plaza: Singapore,Admiralty Plaza,Singapore,standard,1,1,0,7,89.99,629.93
e7bdb70c-53c8-11ea-ae91-b88a60e194fb,G12-DGXL,orderid:756786,crmid:6347625012,2019-12-10T17:04:58.000Z,kiosk,prd1154,1576602298,1576775098,2019-12-17T17:04:58+00:00,2019-12-19T17:04:58+00:00,Blue Reef Resort: Seattle,Blue Reef Resort,Seattle,premium,1,1,0,2,108.09,216.18
e7bf16a2-53c8-11ea-857b-b88a60e194fb,B5Y-GRWM,orderid:926363,crmid:2496441762,2020-01-13T23:56:45.000Z,kiosk,prd1035,1579478205,1579564605,2020-01-19T23:56:45+00:00,2020-01-20T23:56:45+00:00,Hospitality Inn: Tucson,Hospitality Inn,Tucson,luxury,1,1,0,1,332.25,332.25
e7c000fa-53c8-11ea-8f6d-b88a60e194fb,AA2-5CZJ,orderid:684722,crmid:6119539013,2020-01-11T21:11:00.000Z,call center,prd1026,1579295460,1579554660,2020-01-17T21:11:00+00:00,2020-01-20T21:11:00+00:00,Restful Nights: Nashville,Restful Nights,Nashville,standard,1,1,0,3,173.04,519.12
e7c1127a-53c8-11ea-9c4e-b88a60e194fb,5NT-G611,orderid:977282,crmid:4360716932,2020-01-26T07:34:53.000Z,website,prd1136,1580196893,1580369693,2020-01-28T07:34:53+00:00,2020-01-30T07:34:53+00:00,Aspen Heights: Osaka,Aspen Heights,Osaka,standard,1,1,0,2,153.77,307.54
e7c1398a-53c8-11ea-846d-b88a60e194fb,DWG-7IAJ,orderid:690747,crmid:4360716932,2020-01-31T00:00:00.000Z,mobile,prd1175,1580515200,1580688000,2020-02-01T00:00:00+00:00,2020-02-03T00:00:00+00:00,Nesting Box Inn: Long Beach,Nesting Box Inn,Long Beach,standard,1,1,0,2,118.72,237.44
e7c24afa-53c8-11ea-95ce-b88a60e194fb,E0Q-KVXQ,orderid:931267,crmid:4461084792,2019-12-25T03:08:33.000Z,service desk,prd1105,1577329713,1577588913,2019-12-26T03:08:33+00:00,2019-12-29T03:08:33+00:00,Admiralty Plaza: Barcelona,Admiralty Plaza,Barcelona,standard,1,1,0,3,182.63,547.89
e7c33558-53c8-11ea-98bc-b88a60e194fb,MA8-TDOM,orderid:395465,crmid:7053933985,2020-02-02T20:26:20.000Z,call center,prd1143,1581193580,1582230380,2020-02-08T20:26:20+00:00,2020-02-20T20:26:20+00:00,Hospitality Inn: San Antonio,Hospitality Inn,San Antonio,standard,1,1,0,12,145.59,1747.08
e7c446b0-53c8-11ea-9ebd-b88a60e194fb,X59-ZLGE,orderid:762267,crmid:2881256149,2020-01-13T14:51:07.000Z,kiosk,prd1136,1580827867,1581864667,2020-02-04T14:51:07+00:00,2020-02-16T14:51:07+00:00,Aspen Heights: Osaka,Aspen Heights,Osaka,standard,1,1,0,12,131.4,1576.8
e7c55822-53c8-11ea-9adf-b88a60e194fb,43D-WPX4,orderid:815398,crmid:6016704585,2020-02-05T09:10:25.000Z,kiosk,prd1004,1580980225,1581153025,2020-02-06T09:10:25+00:00,2020-02-08T09:10:25+00:00,Aspen Heights: Boulder,Aspen Heights,Boulder,standard,1,1,0,2,148.08,296.16
e7c64282-53c8-11ea-ab28-b88a60e194fb,OXA-VDML,orderid:877416,crmid:7661646106,2020-02-01T02:35:21.000Z,website,prd1087,1582511721,1582684521,2020-02-24T02:35:21+00:00,2020-02-26T02:35:21+00:00,Family Fun Hotels: Kolkata,Family Fun Hotels,Kolkata,premium,1,1,0,2,136.04,272.08
e7c72cde-53c8-11ea-9067-b88a60e194fb,GOU-F0CW,orderid:751546,crmid:4549406523,2020-02-11T22:47:24.000Z,kiosk,prd1153,1582930044,1583448444,2020-02-28T22:47:24+00:00,2020-03-05T22:47:24+00:00,Admiralty Plaza: Charlotte,Admiralty Plaza,Charlotte,standard,1,1,4,6,168.41,1010.46
e7c86562-53c8-11ea-8e2d-b88a60e194fb,YMZ-9NYE,orderid:783892,crmid:9389585333,2020-01-17T05:30:13.000Z,mobile,prd1094,1579671013,1579757413,2020-01-22T05:30:13+00:00,2020-01-23T05:30:13+00:00,Blue Reef Resort: Berlin,Blue Reef Resort,Berlin,premium,1,1,0,1,147.75,147.75
e7c99e34-53c8-11ea-88e1-b88a60e194fb,QUC-UEZX,orderid:243307,crmid:7783347956,2020-01-27T05:59:51.000Z,website,prd1084,1581919191,1582178391,2020-02-17T05:59:51+00:00,2020-02-20T05:59:51+00:00,Sandhill: Santiago,Sandhill,Santiago,standard,1,1,0,3,132.02,396.06
e7caaf8a-53c8-11ea-9ae4-b88a60e194fb,ZJL-RLGQ,orderid:170712,crmid:4270496295,2020-01-26T05:40:28.000Z,call center,prd1029,1580362828,1580794828,2020-01-30T05:40:28+00:00,2020-02-04T05:40:28+00:00,Sapphire Suites: Oklahoma City,Sapphire Suites,Oklahoma City,standard,1,1,0,5,102.92,514.6
e7cbc0fe-53c8-11ea-bddf-b88a60e194fb,SX4-5GIP,orderid:275457,crmid:3496652879,2020-01-12T15:07:31.000Z,kiosk,prd1176,1580656051,1581001651,2020-02-02T15:07:31+00:00,2020-02-06T15:07:31+00:00,Repose Resort: Omaha,Repose Resort,Omaha,premium,1,1,0,4,86.62,346.48
e7ccd268-53c8-11ea-a97b-b88a60e194fb,LBF-UWFX,orderid:695148,crmid:8060845572,2020-01-24T15:36:29.000Z,website,prd1037,1582212989,1583076989,2020-02-20T15:36:29+00:00,2020-03-01T15:36:29+00:00,Grandeur Hotels: Sacramento,Grandeur Hotels,Sacramento,premium,1,1,0,10,123.87,1238.7
e7cde3da-53c8-11ea-bc98-b88a60e194fb,5LT-TFNE,orderid:616313,crmid:7523106060,2020-01-26T20:58:05.000Z,mobile,prd1021,1582405085,1583182685,2020-02-22T20:58:05+00:00,2020-03-02T20:58:05+00:00,Admiralty Plaza: Denver,Admiralty Plaza,Denver,standard,1,1,1,9,115.73,1041.57
e7cef536-53c8-11ea-bed1-b88a60e194fb,VNW-UZKX,orderid:766495,crmid:5786241527,2019-12-02T10:28:57.000Z,call center,prd1182,1575887337,1576492137,2019-12-09T10:28:57+00:00,2019-12-16T10:28:57+00:00,Restful Nights: Minneapolis,Restful Nights,Minneapolis,standard,1,1,0,7,133.08,931.56
e7d0a2e4-53c8-11ea-bf73-b88a60e194fb,VMB-CMUZ,orderid:572448,crmid:1996923106,2020-02-12T19:54:28.000Z,call center,prd1043,1583610868,1584215668,2020-03-07T19:54:28+00:00,2020-03-14T19:54:28+00:00,Nesting Box Inn: Raleigh,Nesting Box Inn,Raleigh,premium,1,1,0,7,123.38,863.66
e7d2027e-53c8-11ea-927f-b88a60e194fb,8SW-CJOC,orderid:163357,crmid:5780677350,2019-12-04T21:30:42.000Z,call center,prd1189,1577914242,1578432642,2020-01-01T21:30:42+00:00,2020-01-07T21:30:42+00:00,Admiralty Plaza: Bakersfield,Admiralty Plaza,Bakersfield,standard,1,1,0,6,119.16,714.96
e7d2ecec-53c8-11ea-a07f-b88a60e194fb,DX9-SJXH,orderid:179606,crmid:8987731072,2020-01-15T01:13:24.000Z,call center,prd1141,1579396404,1579914804,2020-01-19T01:13:24+00:00,2020-01-25T01:13:24+00:00,Admiralty Plaza: Phoenix,Admiralty Plaza,Phoenix,premium,1,1,3,6,120.11,720.66
e7d47368-53c8-11ea-97c3-b88a60e194fb,NIN-UJMG,orderid:975262,crmid:4582242175,2020-02-04T07:59:07.000Z,call center,prd1040,1581148747,1581580747,2020-02-08T07:59:07+00:00,2020-02-13T07:59:07+00:00,Aspen Heights: Atlanta,Aspen Heights,Atlanta,luxury,1,1,0,5,294.79,1473.95
e7d5d2fa-53c8-11ea-9778-b88a60e194fb,OSB-W5LV,orderid:474669,crmid:2093421291,2020-01-22T23:26:51.000Z,website,prd1057,1581550011,1582586811,2020-02-12T23:26:51+00:00,2020-02-24T23:26:51+00:00,Admiralty Plaza: Mumbai,Admiralty Plaza,Mumbai,premium,1,1,1,12,151.56,1818.72
e7d7a7ac-53c8-11ea-83c6-b88a60e194fb,D8M-BATG,orderid:702640,crmid:8032717865,2020-01-22T20:18:19.000Z,website,prd1057,1579983499,1580329099,2020-01-25T20:18:19+00:00,2020-01-29T20:18:19+00:00,Admiralty Plaza: Mumbai,Admiralty Plaza,Mumbai,standard,1,1,0,4,119.35,477.4
e7d90754-53c8-11ea-bbae-b88a60e194fb,THK-ATTB,orderid:898045,crmid:7308818295,2019-12-05T15:07:20.000Z,kiosk,prd1107,1577891240,1578409640,2020-01-01T15:07:20+00:00,2020-01-07T15:07:20+00:00,Hospitality Inn: Kharkiv,Hospitality Inn,Kharkiv,standard,1,1,0,6,149.71,898.26
e7da3fa8-53c8-11ea-9906-b88a60e194fb,NTI-LZOK,orderid:626857,crmid:8182451274,2020-02-06T03:52:03.000Z,call center,prd1059,1583034723,1583380323,2020-03-01T03:52:03+00:00,2020-03-05T03:52:03+00:00,Hospitality Inn: Kinshasa,Hospitality Inn,Kinshasa,standard,1,1,0,4,123.82,495.28
e7dbc688-53c8-11ea-90b0-b88a60e194fb,4IH-DG7G,orderid:399429,crmid:1546442090,2020-02-16T13:16:51.000Z,kiosk,prd1038,1581945411,1582118211,2020-02-17T13:16:51+00:00,2020-02-19T13:16:51+00:00,Restful Nights: Mesa,Restful Nights,Mesa,standard,1,1,0,2,117.24,234.48
e7dcfefa-53c8-11ea-8b76-b88a60e194fb,CSV-SEBL,orderid:601615,crmid:9726691035,2020-01-01T07:17:02.000Z,kiosk,prd1147,1580023022,1580541422,2020-01-26T07:17:02+00:00,2020-02-01T07:17:02+00:00,Family Fun Hotels: Austin,Family Fun Hotels,Austin,presidential-suite,1,1,0,6,877.27,5263.62
e7de5ea8-53c8-11ea-8533-b88a60e194fb,BTT-AC3T,orderid:880760,crmid:4788726350,2019-12-12T04:24:07.000Z,website,prd1109,1576211047,1576470247,2019-12-13T04:24:07+00:00,2019-12-16T04:24:07+00:00,Grandeur Hotels: Belgrade,Grandeur Hotels,Belgrade,luxury,1,1,0,3,369.05,1107.15
e7df973e-53c8-11ea-a778-b88a60e194fb,ZOI-V4C7,orderid:410301,crmid:5508648409,2020-01-07T07:02:20.000Z,website,prd1032,1578726140,1578812540,2020-01-11T07:02:20+00:00,2020-01-12T07:02:20+00:00,Repose Resort: Baltimore,Repose Resort,Baltimore,premium,1,1,0,1,170.2,170.2
e7dfbe8a-53c8-11ea-989e-b88a60e194fb,WE9-WCK2,orderid:145498,crmid:5508648409,2020-01-14T00:00:00.000Z,website,prd1087,1579219200,1579392000,2020-01-17T00:00:00+00:00,2020-01-19T00:00:00+00:00,Family Fun Hotels: Kolkata,Family Fun Hotels,Kolkata,standard,1,1,0,2,138.82,277.64
e7e0f69c-53c8-11ea-90d2-b88a60e194fb,SME-WMTP,orderid:501213,crmid:6689033793,2020-02-05T14:14:15.000Z,website,prd1190,1580998455,1581171255,2020-02-06T14:14:15+00:00,2020-02-08T14:14:15+00:00,Blue Reef Resort: Aurora,Blue Reef Resort,Aurora,premium,1,1,0,2,163.57,327.14
e7e11e3a-53c8-11ea-b26b-b88a60e194fb,DR6-OUEN,orderid:308700,crmid:6689033793,2020-02-09T00:00:00.000Z,kiosk,prd1039,1581292800,1581465600,2020-02-10T00:00:00+00:00,2020-02-12T00:00:00+00:00,Family Fun Hotels: Kansas City,Family Fun Hotels,Kansas City,standard,1,1,0,2,128.76,257.52
e7e27d14-53c8-11ea-9061-b88a60e194fb,DTU-GHM3,orderid:525473,crmid:5305607253,2020-02-11T07:26:03.000Z,website,prd1189,1581837963,1581924363,2020-02-16T07:26:03+00:00,2020-02-17T07:26:03+00:00,Admiralty Plaza: Bakersfield,Admiralty Plaza,Bakersfield,premium,1,1,0,1,135.36,135.36
e7e3dce2-53c8-11ea-a995-b88a60e194fb,8E3-RDPP,orderid:439464,crmid:8896933448,2019-12-28T09:44:32.000Z,kiosk,prd1063,1579254272,1580377472,2020-01-17T09:44:32+00:00,2020-01-30T09:44:32+00:00,Family Fun Hotels: London,Family Fun Hotels,London,standard,1,1,3,13,96.84,1258.92
e7e5635c-53c8-11ea-a1ce-b88a60e194fb,0QZ-QGVJ,orderid:757991,crmid:2492354711,2019-12-17T20:13:35.000Z,website,prd1010,1578946415,1579637615,2020-01-13T20:13:35+00:00,2020-01-21T20:13:35+00:00,Blue Reef Resort: San Diego,Blue Reef Resort,San Diego,standard,1,1,0,8,127.04,1016.32
e7e69bd4-53c8-11ea-8377-b88a60e194fb,N8B-G0W3,orderid:403465,crmid:9966493489,2020-01-23T11:48:50.000Z,call center,prd1070,1579952930,1580039330,2020-01-25T11:48:50+00:00,2020-01-26T11:48:50+00:00,Blue Reef Resort: Jakarta,Blue Reef Resort,Jakarta,standard,1,1,0,1,128.97,128.97
e7e7d446-53c8-11ea-89b9-b88a60e194fb,JUS-PFNB,orderid:855634,crmid:5634632567,2020-01-18T14:40:56.000Z,kiosk,prd1196,1581604856,1582209656,2020-02-13T14:40:56+00:00,2020-02-20T14:40:56+00:00,Aspen Heights: Moscow,Aspen Heights,Moscow,luxury,1,1,0,7,331.3,2319.1
e7e90cf0-53c8-11ea-a855-b88a60e194fb,WJF-T5W2,orderid:613574,crmid:4020324265,2020-02-03T10:43:37.000Z,website,prd1196,1583232217,1584182617,2020-03-03T10:43:37+00:00,2020-03-14T10:43:37+00:00,Aspen Heights: Moscow,Aspen Heights,Moscow,standard,1,1,0,11,138.55,1524.05
e7ea1e5e-53c8-11ea-b3ae-b88a60e194fb,BOU-SBMP,orderid:709520,crmid:7444147012,2020-01-18T15:10:58.000Z,mobile,prd1064,1581001858,1581261058,2020-02-06T15:10:58+00:00,2020-02-09T15:10:58+00:00,Aspen Heights: Paris,Aspen Heights,Paris,standard,1,1,0,3,163.53,490.59
e7eb5792-53c8-11ea-ab2b-b88a60e194fb,3N2-RNEX,orderid:221010,crmid:9614201258,2020-02-09T20:07:55.000Z,website,prd1153,1582834075,1583525275,2020-02-27T20:07:55+00:00,2020-03-06T20:07:55+00:00,Admiralty Plaza: Charlotte,Admiralty Plaza,Charlotte,standard,1,1,0,8,118.16,945.28
e7ec68c2-53c8-11ea-80f8-b88a60e194fb,IXX-Z04M,orderid:664045,crmid:5837509184,2020-01-19T19:04:35.000Z,website,prd1023,1580756675,1581015875,2020-02-03T19:04:35+00:00,2020-02-06T19:04:35+00:00,Hospitality Inn: Boston,Hospitality Inn,Boston,standard,1,1,0,3,175.04,525.12
e7ed79b8-53c8-11ea-bef2-b88a60e194fb,VEL-MDBJ,orderid:724220,crmid:3315902627,2020-01-21T20:36:44.000Z,call center,prd1155,1579725404,1579811804,2020-01-22T20:36:44+00:00,2020-01-23T20:36:44+00:00,Hospitality Inn: Denver,Hospitality Inn,Denver,standard,1,1,0,1,144.89,144.89
e7ee8b28-53c8-11ea-9c33-b88a60e194fb,XQX-XDDZ,orderid:500602,crmid:7391538903,2020-01-16T14:29:04.000Z,kiosk,prd1040,1579444144,1579530544,2020-01-19T14:29:04+00:00,2020-01-20T14:29:04+00:00,Aspen Heights: Atlanta,Aspen Heights,Atlanta,standard,1,1,0,1,154.57,154.57
e7ef9c94-53c8-11ea-87ca-b88a60e194fb,PHF-LIFQ,orderid:595500,crmid:1879580232,2019-12-04T08:21:46.000Z,website,prd1058,1575620506,1575879706,2019-12-06T08:21:46+00:00,2019-12-09T08:21:46+00:00,Blue Reef Resort: Delhi,Blue Reef Resort,Delhi,standard,1,1,0,3,156.51,469.53
e7f0ae0c-53c8-11ea-8796-b88a60e194fb,XH9-WEKG,orderid:312023,crmid:5376293933,2019-12-07T00:12:01.000Z,website,prd1189,1576195921,1576714321,2019-12-13T00:12:01+00:00,2019-12-19T00:12:01+00:00,Admiralty Plaza: Bakersfield,Admiralty Plaza,Bakersfield,standard,1,1,0,6,89.18,535.08
e7f1bf7e-53c8-11ea-af97-b88a60e194fb,L7C-MROP,orderid:213289,crmid:1934127675,2019-12-06T00:27:00.000Z,website,prd1124,1575678420,1575937620,2019-12-07T00:27:00+00:00,2019-12-10T00:27:00+00:00,Aspen Heights: Leeds,Aspen Heights,Leeds,standard,1,1,0,3,160.95,482.85
e7f2d0ca-53c8-11ea-9181-b88a60e194fb,KFG-A4RT,orderid:293155,crmid:2586839862,2020-01-08T05:58:25.000Z,kiosk,prd1141,1580277505,1581487105,2020-01-29T05:58:25+00:00,2020-02-12T05:58:25+00:00,Admiralty Plaza: Phoenix,Admiralty Plaza,Phoenix,standard,1,1,0,14,144.23,2019.22
e7f3e264-53c8-11ea-ac3f-b88a60e194fb,R6Y-SRYW,orderid:271156,crmid:8059845181,2019-12-21T06:17:28.000Z,mobile,prd1069,1576995448,1577773048,2019-12-22T06:17:28+00:00,2019-12-31T06:17:28+00:00,Admiralty Plaza: Singapore,Admiralty Plaza,Singapore,standard,1,1,1,9,130.05,1170.45
e7f59010-53c8-11ea-9044-b88a60e194fb,JUS-A8AX,orderid:196170,crmid:8634002599,2020-01-19T00:31:00.000Z,website,prd1080,1579739460,1579912260,2020-01-23T00:31:00+00:00,2020-01-25T00:31:00+00:00,Repose Resort: Hyderabad,Repose Resort,Hyderabad,standard,1,1,0,2,126.62,253.24
e7f7169a-53c8-11ea-abed-b88a60e194fb,3CA-DYUI,orderid:669112,crmid:8454464176,2019-12-24T09:04:08.000Z,kiosk,prd1094,1577264648,1577437448,2019-12-25T09:04:08+00:00,2019-12-27T09:04:08+00:00,Blue Reef Resort: Berlin,Blue Reef Resort,Berlin,standard,1,1,0,2,118.78,237.56
e7f8762c-53c8-11ea-ad32-b88a60e194fb,XUP-SQZM,orderid:705601,crmid:3484066590,2020-01-14T19:11:35.000Z,kiosk,prd1093,1580411495,1580843495,2020-01-30T19:11:35+00:00,2020-02-04T19:11:35+00:00,Admiralty Plaza: Yokohama,Admiralty Plaza,Yokohama,standard,1,1,3,5,134.51,672.55
e7f9fccc-53c8-11ea-ba14-b88a60e194fb,DB5-4L7R,orderid:991471,crmid:9676625116,2020-01-16T12:03:52.000Z,website,prd1118,1579262632,1579349032,2020-01-17T12:03:52+00:00,2020-01-18T12:03:52+00:00,Blue Reef Resort: Cologne,Blue Reef Resort,Cologne,premium,1,1,0,1,142.07,142.07
e7fb5c8a-53c8-11ea-b6df-b88a60e194fb,5TH-NRMR,orderid:455660,crmid:5481470186,2020-01-10T11:49:34.000Z,kiosk,prd1193,1578743374,1579088974,2020-01-11T11:49:34+00:00,2020-01-15T11:49:34+00:00,Grandeur Hotels: Kinshasa,Grandeur Hotels,Kinshasa,standard,1,1,0,4,155.11,620.44
e7fc94fe-53c8-11ea-8b20-b88a60e194fb,LC1-1DCC,orderid:692871,crmid:9023489734,2019-12-03T08:22:26.000Z,website,prd1109,1575534146,1575620546,2019-12-05T08:22:26+00:00,2019-12-06T08:22:26+00:00,Grandeur Hotels: Belgrade,Grandeur Hotels,Belgrade,standard,1,1,0,1,152.56,152.56
e7fda62e-53c8-11ea-849c-b88a60e194fb,VSO-TBBT,orderid:180836,crmid:4588340025,2020-01-08T22:04:44.000Z,kiosk,prd1196,1578953084,1579385084,2020-01-13T22:04:44+00:00,2020-01-18T22:04:44+00:00,Aspen Heights: Moscow,Aspen Heights,Moscow,premium,1,1,0,5,134.81,674.05
e7feb7be-53c8-11ea-8faf-b88a60e194fb,RKN-P6KP,orderid:637746,crmid:8511192358,2020-01-26T12:27:22.000Z,call center,prd1097,1582115242,1582892842,2020-02-19T12:27:22+00:00,2020-02-28T12:27:22+00:00,Grandeur Hotels: Buenos Aires,Grandeur Hotels,Buenos Aires,standard,1,1,0,9,140.6,1265.4
e8001750-53c8-11ea-9497-b88a60e194fb,DBH-G0PM,orderid:141601,crmid:8925564120,2020-01-27T06:51:43.000Z,website,prd1171,1580280703,1580539903,2020-01-29T06:51:43+00:00,2020-02-01T06:51:43+00:00,Family Fun Hotels: Sacramento,Family Fun Hotels,Sacramento,luxury,1,1,0,3,405.58,1216.74
e8010192-53c8-11ea-b73c-b88a60e194fb,GPP-DJVY,orderid:458232,crmid:2897368455,2019-12-01T01:58:48.000Z,website,prd1112,1577239128,1577671128,2019-12-25T01:58:48+00:00,2019-12-30T01:58:48+00:00,Aspen Heights: Birmingham,Aspen Heights,Birmingham,standard,1,1,0,5,163.8,819.0
e802133e-53c8-11ea-a553-b88a60e194fb,ZTO-KOCL,orderid:743844,crmid:9223213115,2020-02-13T00:01:52.000Z,website,prd1023,1581897712,1582156912,2020-02-17T00:01:52+00:00,2020-02-20T00:01:52+00:00,Hospitality Inn: Boston,Hospitality Inn,Boston,standard,1,1,0,3,112.54,337.62
e802fd86-53c8-11ea-a35b-b88a60e194fb,W8R-MNFV,orderid:134701,crmid:3683077216,2019-12-06T05:04:08.000Z,mobile,prd1064,1577077448,1577682248,2019-12-23T05:04:08+00:00,2019-12-30T05:04:08+00:00,Aspen Heights: Paris,Aspen Heights,Paris,standard,1,1,0,7,169.04,1183.28
e803e7f0-53c8-11ea-8120-b88a60e194fb,ALB-BWF5,orderid:715980,crmid:5493472783,2020-02-05T07:43:51.000Z,website,prd1094,1580975031,1581752631,2020-02-06T07:43:51+00:00,2020-02-15T07:43:51+00:00,Blue Reef Resort: Berlin,Blue Reef Resort,Berlin,standard,1,1,0,9,141.13,1270.17
e804d248-53c8-11ea-a814-b88a60e194fb,MEH-EQO3,orderid:350207,crmid:1619166285,2019-12-06T19:18:34.000Z,website,prd1190,1575746314,1575832714,2019-12-07T19:18:34+00:00,2019-12-08T19:18:34+00:00,Blue Reef Resort: Aurora,Blue Reef Resort,Aurora,standard,1,1,0,1,126.17,126.17
e805e392-53c8-11ea-b818-b88a60e194fb,FGS-TC7I,orderid:637903,crmid:9341047513,2019-12-07T07:36:57.000Z,call center,prd1153,1576049817,1576136217,2019-12-11T07:36:57+00:00,2019-12-12T07:36:57+00:00,Admiralty Plaza: Charlotte,Admiralty Plaza,Charlotte,standard,1,1,0,1,161.66,161.66
e806f512-53c8-11ea-a5c9-b88a60e194fb,RQD-3DRW,orderid:927876,crmid:2655794161,2020-01-21T23:53:16.000Z,kiosk,prd1088,1581378796,1581810796,2020-02-10T23:53:16+00:00,2020-02-15T23:53:16+00:00,Aspen Heights: Ankara,Aspen Heights,Ankara,premium,1,1,0,5,147.13,735.65
e8082dba-53c8-11ea-9ef0-b88a60e194fb,BNA-2XAK,orderid:304793,crmid:5408107930,2020-01-04T11:49:06.000Z,kiosk,prd1146,1578224946,1578570546,2020-01-05T11:49:06+00:00,2020-01-09T11:49:06+00:00,Restful Nights: San Jose,Restful Nights,San Jose,standard,1,1,0,4,108.85,435.4
e8091824-53c8-11ea-a753-b88a60e194fb,HWY-PMSV,orderid:180619,crmid:5658866188,2019-12-16T23:21:19.000Z,call center,prd1085,1578352879,1579044079,2020-01-06T23:21:19+00:00,2020-01-14T23:21:19+00:00,Grandeur Hotels: Saint Petersburg,Grandeur Hotels,Saint Petersburg,premium,1,1,0,8,176.63,1413.04
e80a779a-53c8-11ea-ac25-b88a60e194fb,VCA-WAUC,orderid:732512,crmid:9331844042,2020-02-14T21:57:51.000Z,website,prd1105,1583704671,1583877471,2020-03-08T21:57:51+00:00,2020-03-10T21:57:51+00:00,Admiralty Plaza: Barcelona,Admiralty Plaza,Barcelona,standard,1,1,0,2,181.2,362.4
e80b61f8-53c8-11ea-8f51-b88a60e194fb,E3S-5GRB,orderid:690522,crmid:4778238901,2020-01-17T11:19:33.000Z,website,prd1064,1579519173,1579691973,2020-01-20T11:19:33+00:00,2020-01-22T11:19:33+00:00,Aspen Heights: Paris,Aspen Heights,Paris,standard,1,1,0,2,118.97,237.94
e80c4c5c-53c8-11ea-a164-b88a60e194fb,FYD-UFI9,orderid:479457,crmid:1605291694,2019-12-20T06:51:04.000Z,website,prd1154,1576997464,1577170264,2019-12-22T06:51:04+00:00,2019-12-24T06:51:04+00:00,Blue Reef Resort: Seattle,Blue Reef Resort,Seattle,standard,1,1,0,2,115.92,231.84
e80d84e4-53c8-11ea-b8a4-b88a60e194fb,SYX-SM1U,orderid:912587,crmid:9386523405,2020-02-05T11:26:06.000Z,call center,prd1100,1580988366,1581074766,2020-02-06T11:26:06+00:00,2020-02-07T11:26:06+00:00,Aspen Heights: Misk,Aspen Heights,Misk,standard,1,1,0,1,155.26,155.26
e80ebd78-53c8-11ea-bfff-b88a60e194fb,JW7-09KE,orderid:869977,crmid:5734787222,2019-12-22T13:23:57.000Z,mobile,prd1137,1577366637,1577798637,2019-12-26T13:23:57+00:00,2019-12-31T13:23:57+00:00,Sapphire Suites: Manila,Sapphire Suites,Manila,standard,1,1,0,5,174.82,874.1
e8101ce2-53c8-11ea-b80a-b88a60e194fb,KLL-1LW1,orderid:734911,crmid:8367923498,2019-12-11T16:30:36.000Z,mobile,prd1047,1578069036,1578673836,2020-01-03T16:30:36+00:00,2020-01-10T16:30:36+00:00,Hospitality Inn: Oakland,Hospitality Inn,Oakland,standard,1,1,1,7,140.07,980.49
e811555e-53c8-11ea-84a5-b88a60e194fb,GXC-0T4Q,orderid:668376,crmid:3988890283,2019-12-26T02:32:48.000Z,kiosk,prd1091,1579055568,1580092368,2020-01-15T02:32:48+00:00,2020-01-27T02:32:48+00:00,Nesting Box Inn: New Taipei,Nesting Box Inn,New Taipei,standard,1,1,0,12,176.54,2118.48
e81266c8-53c8-11ea-9c19-b88a60e194fb,K4I-O0MY,orderid:223768,crmid:1030841572,2019-12-29T14:07:21.000Z,kiosk,prd1048,1579529241,1580134041,2020-01-20T14:07:21+00:00,2020-01-27T14:07:21+00:00,Sandhill: Minneapolis,Sandhill,Minneapolis,premium,1,1,0,7,170.6,1194.2
e8139f4c-53c8-11ea-a501-b88a60e194fb,ON0-OMTS,orderid:608432,crmid:4072737146,2020-01-11T18:43:24.000Z,call center,prd1143,1580928204,1581101004,2020-02-05T18:43:24+00:00,2020-02-07T18:43:24+00:00,Hospitality Inn: San Antonio,Hospitality Inn,San Antonio,premium,1,1,0,2,181.23,362.46
e814b0e4-53c8-11ea-8895-b88a60e194fb,FS7-XGRU,orderid:788181,crmid:7719604738,2019-12-16T08:53:04.000Z,website,prd1004,1577177584,1578214384,2019-12-24T08:53:04+00:00,2020-01-05T08:53:04+00:00,Aspen Heights: Boulder,Aspen Heights,Boulder,premium,1,1,0,12,130.72,1568.64
e815c252-53c8-11ea-b0e0-b88a60e194fb,OR5-XONA,orderid:212199,crmid:8605034039,2020-01-14T00:13:31.000Z,service desk,prd1047,1581380011,1581812011,2020-02-11T00:13:31+00:00,2020-02-16T00:13:31+00:00,Hospitality Inn: Oakland,Hospitality Inn,Oakland,standard,1,1,2,5,142.11,710.55
e816faa4-53c8-11ea-9c04-b88a60e194fb,N5D-MUKA,orderid:833625,crmid:6190518915,2019-12-31T23:07:21.000Z,website,prd1058,1579648041,1580166441,2020-01-21T23:07:21+00:00,2020-01-27T23:07:21+00:00,Blue Reef Resort: Delhi,Blue Reef Resort,Delhi,standard,1,1,0,6,125.09,750.54
e8180c1e-53c8-11ea-91f8-b88a60e194fb,RPX-XCTV,orderid:344078,crmid:5012689283,2020-01-28T03:56:20.000Z,call center,prd1190,1580529380,1581479780,2020-02-01T03:56:20+00:00,2020-02-12T03:56:20+00:00,Blue Reef Resort: Aurora,Blue Reef Resort,Aurora,premium,1,1,4,11,156.79,1724.69
e8191d82-53c8-11ea-96c2-b88a60e194fb,2DO-KMX9,orderid:593474,crmid:9660332224,2020-01-14T23:18:46.000Z,call center,prd1076,1579907926,1580512726,2020-01-24T23:18:46+00:00,2020-01-31T23:18:46+00:00,Aspen Heights: Bogota,Aspen Heights,Bogota,standard,1,1,0,7,115.27,806.89
e81a2ee8-53c8-11ea-9f66-b88a60e194fb,230-FQSA,orderid:829459,crmid:2507903471,2020-01-19T18:47:05.000Z,kiosk,prd1181,1581706025,1582397225,2020-02-14T18:47:05+00:00,2020-02-22T18:47:05+00:00,Grandeur Hotels: Oakland,Grandeur Hotels,Oakland,premium,1,1,0,8,128.4,1027.2
e81b4080-53c8-11ea-93b4-b88a60e194fb,MJF-JNGS,orderid:206574,crmid:2601214166,2019-12-26T16:37:36.000Z,service desk,prd1178,1577464656,1577551056,2019-12-27T16:37:36+00:00,2019-12-28T16:37:36+00:00,Blue Reef Resort: Colorado Springs,Blue Reef Resort,Colorado Springs,standard,1,1,0,1,122.67,122.67
e81c2ad2-53c8-11ea-be0e-b88a60e194fb,DMD-N5BF,orderid:615401,crmid:5248130348,2020-01-10T09:42:03.000Z,kiosk,prd1148,1578822123,1578994923,2020-01-12T09:42:03+00:00,2020-01-14T09:42:03+00:00,Aspen Heights: Jacksonville,Aspen Heights,Jacksonville,standard,1,1,0,2,119.69,239.38
e81cee26-53c8-11ea-bc4f-b88a60e194fb,BGT-JZXH,orderid:324892,crmid:4428825177,2020-01-08T13:03:15.000Z,website,prd1040,1580389395,1581771795,2020-01-30T13:03:15+00:00,2020-02-15T13:03:15+00:00,Aspen Heights: Atlanta,Aspen Heights,Atlanta,standard,1,1,4,16,167.32,2677.12
e81e0014-53c8-11ea-ae7d-b88a60e194fb,GOE-0XHK,orderid:676473,crmid:1178565069,2020-01-14T08:03:55.000Z,call center,prd1172,1581062635,1581667435,2020-02-07T08:03:55+00:00,2020-02-14T08:03:55+00:00,Aspen Heights: Mesa,Aspen Heights,Mesa,standard,1,1,3,7,140.29,982.03
e81ee9e4-53c8-11ea-b4d8-b88a60e194fb,E50-DXQ2,orderid:464915,crmid:5740184711,2019-12-20T11:41:07.000Z,call center,prd1090,1577187667,1577274067,2019-12-24T11:41:07+00:00,2019-12-25T11:41:07+00:00,Sego Lily Suites: Giza,Sego Lily Suites,Giza,standard,1,1,0,1,177.0,177.0
e81ffb64-53c8-11ea-bdc9-b88a60e194fb,ZKM-JKZ2,orderid:818896,crmid:1934319440,2020-01-22T10:50:31.000Z,website,prd1184,1579863031,1580208631,2020-01-24T10:50:31+00:00,2020-01-28T10:50:31+00:00,Aspen Heights: Arlington,Aspen Heights,Arlington,standard,1,1,0,4,155.44,621.76
e821a91c-53c8-11ea-ae99-b88a60e194fb,KXN-WZ24,orderid:921663,crmid:7329510466,2020-02-15T20:25:01.000Z,service desk,prd1167,1583871901,1584390301,2020-03-10T20:25:01+00:00,2020-03-16T20:25:01+00:00,Hospitality Inn: Milwaukee,Hospitality Inn,Milwaukee,premium,1,1,0,6,141.53,849.18
e822e1b0-53c8-11ea-a9b0-b88a60e194fb,08S-ARDV,orderid:562180,crmid:9213871855,2019-12-11T16:20:33.000Z,call center,prd1083,1576167633,1576340433,2019-12-12T16:20:33+00:00,2019-12-14T16:20:33+00:00,Hospitality Inn: Bangkok,Hospitality Inn,Bangkok,standard,1,1,0,2,139.79,279.58
e823f31e-53c8-11ea-9862-b88a60e194fb,0MD-KYNQ,orderid:338646,crmid:4728500810,2019-12-13T06:08:02.000Z,website,prd1140,1576303682,1576476482,2019-12-14T06:08:02+00:00,2019-12-16T06:08:02+00:00,Repose Resort: Kano,Repose Resort,Kano,standard,1,1,0,2,150.41,300.82
e8255292-53c8-11ea-b9ec-b88a60e194fb,Y8O-QKOS,orderid:149695,crmid:3111013014,2020-01-14T08:29:25.000Z,website,prd1185,1580459365,1580804965,2020-01-31T08:29:25+00:00,2020-02-04T08:29:25+00:00,Sapphire Suites: New Orleans,Sapphire Suites,New Orleans,standard,1,1,0,4,86.03,344.12
e826d9b8-53c8-11ea-8dc8-b88a60e194fb,TEY-NRTV,orderid:731689,crmid:6349731055,2019-12-08T23:13:29.000Z,kiosk,prd1142,1577488409,1577834009,2019-12-27T23:13:29+00:00,2019-12-31T23:13:29+00:00,Blue Reef Resort: Philadelphia,Blue Reef Resort,Philadelphia,standard,1,1,0,4,116.43,465.72
e827ea88-53c8-11ea-9612-b88a60e194fb,YFB-ZS9C,orderid:738857,crmid:4009894034,2019-12-31T12:19:59.000Z,service desk,prd1101,1580127599,1580473199,2020-01-27T12:19:59+00:00,2020-01-31T12:19:59+00:00,Sapphire Suites: Vienna,Sapphire Suites,Vienna,standard,1,1,0,4,117.38,469.52
e8294a28-53c8-11ea-bfed-b88a60e194fb,8XH-SXFY,orderid:739675,crmid:1881655502,2020-02-01T10:00:28.000Z,call center,prd1058,1582884028,1583402428,2020-02-28T10:00:28+00:00,2020-03-05T10:00:28+00:00,Blue Reef Resort: Delhi,Blue Reef Resort,Delhi,standard,1,1,0,6,155.55,933.3
e82a5ba6-53c8-11ea-87bf-b88a60e194fb,L0V-XZDB,orderid:334393,crmid:3354699059,2020-01-08T07:58:08.000Z,website,prd1106,1578729488,1578988688,2020-01-11T07:58:08+00:00,2020-01-14T07:58:08+00:00,Blue Reef Resort: Munich,Blue Reef Resort,Munich,premium,1,1,0,3,185.52,556.56
e82b6cf4-53c8-11ea-abae-b88a60e194fb,HHT-J4CS,orderid:437580,crmid:6174693688,2020-01-17T23:06:28.000Z,kiosk,prd1117,1580166388,1581203188,2020-01-27T23:06:28+00:00,2020-02-08T23:06:28+00:00,Admiralty Plaza: Dublin,Admiralty Plaza,Dublin,premium,1,1,0,12,123.97,1487.64
e82ca57a-53c8-11ea-b294-b88a60e194fb,08K-AJQ9,orderid:466063,crmid:8083542477,2019-12-04T06:31:24.000Z,call center,prd1033,1577773884,1578033084,2019-12-31T06:31:24+00:00,2020-01-03T06:31:24+00:00,Admiralty Plaza: Milwaukee,Admiralty Plaza,Milwaukee,standard,1,1,0,3,155.19,465.57
e82dde1c-53c8-11ea-a680-b88a60e194fb,V1X-BG2L,orderid:579197,crmid:8591041588,2020-01-27T13:48:46.000Z,call center,prd1172,1580305726,1580564926,2020-01-29T13:48:46+00:00,2020-02-01T13:48:46+00:00,Aspen Heights: Mesa,Aspen Heights,Mesa,premium,1,1,0,3,157.89,473.67
e831ae7e-53c8-11ea-a5b1-b88a60e194fb,PGO-I4CX,orderid:239463,crmid:9414189148,2019-12-24T18:56:27.000Z,website,prd1008,1579028187,1579373787,2020-01-14T18:56:27+00:00,2020-01-18T18:56:27+00:00,Repose Resort: Philadelphia,Repose Resort,Philadelphia,standard,1,1,0,4,179.17,716.68
e83298e2-53c8-11ea-8ff3-b88a60e194fb,IDR-RHGY,orderid:814097,crmid:9534041893,2019-12-23T10:20:43.000Z,service desk,prd1075,1577182843,1577528443,2019-12-24T10:20:43+00:00,2019-12-28T10:20:43+00:00,Family Fun Hotels: Bangalore,Family Fun Hotels,Bangalore,standard,1,1,0,4,196.16,784.64
e8338382-53c8-11ea-86f6-b88a60e194fb,RXF-NGRU,orderid:645038,crmid:2437054681,2020-01-08T06:02:08.000Z,service desk,prd1123,1580536928,1581314528,2020-02-01T06:02:08+00:00,2020-02-10T06:02:08+00:00,Family Fun Hotels: Amsterdam,Family Fun Hotels,Amsterdam,standard,1,1,2,9,136.89,1232.01
e83494ae-53c8-11ea-8fe0-b88a60e194fb,9VF-P9T5,orderid:145255,crmid:5160821681,2019-12-22T14:16:34.000Z,mobile,prd1117,1577715394,1578406594,2019-12-30T14:16:34+00:00,2020-01-07T14:16:34+00:00,Admiralty Plaza: Dublin,Admiralty Plaza,Dublin,standard,1,1,0,8,144.38,1155.04
e835a640-53c8-11ea-8984-b88a60e194fb,SUX-WCXJ,orderid:168198,crmid:6809559430,2020-01-17T12:47:16.000Z,mobile,prd1138,1581598036,1582894036,2020-02-13T12:47:16+00:00,2020-02-28T12:47:16+00:00,Sego Lily Suites: Lagos,Sego Lily Suites,Lagos,standard,1,1,0,15,155.63,2334.45
e836909c-53c8-11ea-8853-b88a60e194fb,J2A-RSE9,orderid:936712,crmid:5141393944,2020-01-30T02:45:33.000Z,website,prd1165,1582685133,1583635533,2020-02-26T02:45:33+00:00,2020-03-08T02:45:33+00:00,Admiralty Plaza: Louisville,Admiralty Plaza,Louisville,standard,1,1,0,11,173.55,1909.05
e83753f0-53c8-11ea-890a-b88a60e194fb,LBP-FSND,orderid:739500,crmid:2042384360,2020-02-01T22:32:06.000Z,kiosk,prd1160,1583188326,1584484326,2020-03-02T22:32:06+00:00,2020-03-17T22:32:06+00:00,Aspen Heights: Nashville,Aspen Heights,Nashville,standard,1,1,0,15,125.9,1888.5
e838173e-53c8-11ea-960b-b88a60e194fb,BG7-IYCW,orderid:535612,crmid:3583981434,2020-01-17T23:40:18.000Z,website,prd1181,1580946018,1581464418,2020-02-05T23:40:18+00:00,2020-02-11T23:40:18+00:00,Grandeur Hotels: Oakland,Grandeur Hotels,Oakland,standard,1,1,0,6,133.79,802.74
e838da8a-53c8-11ea-bfe8-b88a60e194fb,OQC-D8XG,orderid:817213,crmid:4059773715,2020-01-03T01:35:30.000Z,kiosk,prd1021,1580607330,1581212130,2020-02-02T01:35:30+00:00,2020-02-09T01:35:30+00:00,Admiralty Plaza: Denver,Admiralty Plaza,Denver,premium,1,1,0,7,173.6,1215.2
e8399dc6-53c8-11ea-a5e2-b88a60e194fb,PXX-8N2Y,orderid:421874,crmid:8268910269,2019-12-09T23:10:51.000Z,kiosk,prd1057,1578265851,1578784251,2020-01-05T23:10:51+00:00,2020-01-11T23:10:51+00:00,Admiralty Plaza: Mumbai,Admiralty Plaza,Mumbai,standard,1,1,4,6,124.66,747.96
e83aaf36-53c8-11ea-947d-b88a60e194fb,VWX-DOE8,orderid:424959,crmid:7568299878,2019-12-12T06:55:31.000Z,kiosk,prd1149,1578639331,1579244131,2020-01-10T06:55:31+00:00,2020-01-17T06:55:31+00:00,Sapphire Suites: San Francisco,Sapphire Suites,San Francisco,standard,1,1,0,7,150.81,1055.67
e83b998a-53c8-11ea-bff0-b88a60e194fb,N2X-UTUQ,orderid:910334,crmid:8237721073,2020-01-22T18:36:01.000Z,mobile,prd1045,1579890961,1580322961,2020-01-24T18:36:01+00:00,2020-01-29T18:36:01+00:00,Admiralty Plaza: Miami,Admiralty Plaza,Miami,standard,1,1,0,5,118.14,590.7
e83c83e8-53c8-11ea-bb4e-b88a60e194fb,Q9F-IJZK,orderid:102408,crmid:2542898272,2020-01-24T11:10:41.000Z,website,prd1080,1580382641,1581678641,2020-01-30T11:10:41+00:00,2020-02-14T11:10:41+00:00,Repose Resort: Hyderabad,Repose Resort,Hyderabad,standard,1,1,0,15,117.7,1765.5
e83d6e58-53c8-11ea-a52d-b88a60e194fb,XI1-YQ2N,orderid:479941,crmid:3616681739,2019-12-10T03:48:04.000Z,mobile,prd1113,1578541684,1578973684,2020-01-09T03:48:04+00:00,2020-01-14T03:48:04+00:00,Sapphire Suites: Kazan,Sapphire Suites,Kazan,standard,1,1,0,5,122.5,612.5
e83e58ae-53c8-11ea-a5ec-b88a60e194fb,FMV-X8JQ,orderid:375922,crmid:6041854468,2019-12-04T16:02:31.000Z,website,prd1093,1575561751,1575648151,2019-12-05T16:02:31+00:00,2019-12-06T16:02:31+00:00,Admiralty Plaza: Yokohama,Admiralty Plaza,Yokohama,standard,1,1,0,1,133.83,133.83
e83f1bf8-53c8-11ea-b4c1-b88a60e194fb,QY9-GJQE,orderid:252637,crmid:7538942150,2019-12-01T09:53:16.000Z,kiosk,prd1049,1575712396,1576317196,2019-12-07T09:53:16+00:00,2019-12-14T09:53:16+00:00,Grandeur Hotels: Tulsa,Grandeur Hotels,Tulsa,standard,1,1,4,7,114.01,798.07
e840065a-53c8-11ea-ba5f-b88a60e194fb,NCG-KHGL,orderid:592478,crmid:5928564362,2019-12-10T14:38:54.000Z,call center,prd1137,1576679934,1577630334,2019-12-18T14:38:54+00:00,2019-12-29T14:38:54+00:00,Sapphire Suites: Manila,Sapphire Suites,Manila,standard,1,1,3,11,172.58,1898.38
e840f0c8-53c8-11ea-a80d-b88a60e194fb,7NG-6NRL,orderid:114790,crmid:3114939007,2020-01-27T21:47:52.000Z,kiosk,prd1093,1581716872,1583099272,2020-02-14T21:47:52+00:00,2020-03-01T21:47:52+00:00,Admiralty Plaza: Yokohama,Admiralty Plaza,Yokohama,premium,1,1,0,16,126.66,2026.56
e841b42c-53c8-11ea-aa68-b88a60e194fb,6OT-QBDQ,orderid:554947,crmid:1649017307,2020-02-01T08:23:41.000Z,kiosk,prd1059,1580631821,1580804621,2020-02-02T08:23:41+00:00,2020-02-04T08:23:41+00:00,Hospitality Inn: Kinshasa,Hospitality Inn,Kinshasa,premium,1,1,0,2,141.28,282.56
e8427766-53c8-11ea-893d-b88a60e194fb,RPL-RWQE,orderid:235372,crmid:8402599721,2020-01-12T22:24:57.000Z,website,prd1019,1580941497,1581373497,2020-02-05T22:24:57+00:00,2020-02-10T22:24:57+00:00,Nesting Box Inn: Charlotte,Nesting Box Inn,Charlotte,premium,1,1,2,5,129.94,649.7
e8433ac8-53c8-11ea-9cdb-b88a60e194fb,55R-ZPPC,orderid:232842,crmid:9533740470,2020-02-09T11:06:55.000Z,kiosk,prd1056,1583320015,1584788815,2020-03-04T11:06:55+00:00,2020-03-21T11:06:55+00:00,Repose Resort: Aurora,Repose Resort,Aurora,standard,1,1,0,17,120.02,2040.34
e8444c4c-53c8-11ea-bb0d-b88a60e194fb,RIF-NVBR,orderid:495584,crmid:2077365340,2019-12-18T16:38:10.000Z,website,prd1158,1577637490,1578155890,2019-12-29T16:38:10+00:00,2020-01-04T16:38:10+00:00,Restful Nights: El Paso,Restful Nights,El Paso,standard,1,1,4,6,136.66,819.96
e8453728-53c8-11ea-8894-b88a60e194fb,LAP-SYW9,orderid:994193,crmid:1258065593,2020-02-10T15:10:58.000Z,website,prd1016,1581693058,1581779458,2020-02-14T15:10:58+00:00,2020-02-15T15:10:58+00:00,Aspen Heights: Columbus,Aspen Heights,Columbus,standard,1,1,0,1,153.99,153.99
e8453729-53c8-11ea-99b1-b88a60e194fb,T0K-5ZKJ,orderid:536737,crmid:1258065593,2020-02-17T00:00:00.000Z,call center,prd1081,1581984000,1582329600,2020-02-18T00:00:00+00:00,2020-02-22T00:00:00+00:00,Admiralty Plaza: Rod de Janeiro,Admiralty Plaza,Rod de Janeiro,premium,1,1,0,4,123.65,494.6
e8455dac-53c8-11ea-9a64-b88a60e194fb,FWH-U2ZH,orderid:429852,crmid:1258065593,2020-02-24T00:00:00.000Z,kiosk,prd1045,1583020800,1583280000,2020-03-01T00:00:00+00:00,2020-03-04T00:00:00+00:00,Admiralty Plaza: Miami,Admiralty Plaza,Miami,standard,1,1,0,3,151.9,455.7
e8464806-53c8-11ea-810e-b88a60e194fb,BSS-T5AQ,orderid:103864,crmid:5217528798,2020-01-25T12:28:35.000Z,website,prd1124,1582374515,1583411315,2020-02-22T12:28:35+00:00,2020-03-05T12:28:35+00:00,Aspen Heights: Leeds,Aspen Heights,Leeds,standard,1,1,4,12,147.0,1764.0
e8470b58-53c8-11ea-919a-b88a60e194fb,I02-VULD,orderid:593483,crmid:5594241344,2019-12-05T23:10:12.000Z,mobile,prd1064,1577488212,1578525012,2019-12-27T23:10:12+00:00,2020-01-08T23:10:12+00:00,Aspen Heights: Paris,Aspen Heights,Paris,standard,1,1,0,12,177.01,2124.12
e847f5ae-53c8-11ea-a5aa-b88a60e194fb,YQR-SFBY,orderid:762147,crmid:8803004850,2019-12-21T04:24:41.000Z,website,prd1024,1579321481,1579839881,2020-01-18T04:24:41+00:00,2020-01-24T04:24:41+00:00,Sandhill: El Paso,Sandhill,El Paso,luxury,1,1,0,6,305.96,1835.76
e848ba24-53c8-11ea-9d0a-b88a60e194fb,M0O-V9IS,orderid:790686,crmid:8982961169,2020-01-02T13:37:46.000Z,call center,prd1107,1579786666,1580305066,2020-01-23T13:37:46+00:00,2020-01-29T13:37:46+00:00,Hospitality Inn: Kharkiv,Hospitality Inn,Kharkiv,ultra-luxury,1,1,0,6,291.3,1747.8
e849a4b6-53c8-11ea-8960-b88a60e194fb,AY2-ZAMJ,orderid:806115,crmid:7326945539,2019-12-22T18:09:39.000Z,call center,prd1034,1579198179,1579457379,2020-01-16T18:09:39+00:00,2020-01-19T18:09:39+00:00,Blue Reef Resort: Albuquerque,Blue Reef Resort,Albuquerque,standard,1,1,0,3,143.47,430.41
e84a8dec-53c8-11ea-8cb9-b88a60e194fb,O1N-3AAI,orderid:924819,crmid:3696674286,2019-12-07T19:44:33.000Z,kiosk,prd1088,1576784673,1577043873,2019-12-19T19:44:33+00:00,2019-12-22T19:44:33+00:00,Aspen Heights: Ankara,Aspen Heights,Ankara,standard,1,1,0,3,131.55,394.65
e84b522e-53c8-11ea-bafd-b88a60e194fb,YXQ-XFMB,orderid:269437,crmid:9820407296,2019-12-03T17:21:35.000Z,kiosk,prd1073,1575480095,1575566495,2019-12-04T17:21:35+00:00,2019-12-05T17:21:35+00:00,Grandeur Hotels: Lima,Grandeur Hotels,Lima,standard,1,1,0,1,156.12,156.12
e84c15b4-53c8-11ea-bb2c-b88a60e194fb,UQ7-XWBE,orderid:483469,crmid:9771221168,2020-01-08T03:00:29.000Z,website,prd1105,1580785229,1582254029,2020-02-04T03:00:29+00:00,2020-02-21T03:00:29+00:00,Admiralty Plaza: Barcelona,Admiralty Plaza,Barcelona,standard,1,1,0,17,135.63,2305.71
e84d4d0a-53c8-11ea-aaaa-b88a60e194fb,DIT-TIYN,orderid:228108,crmid:9439603649,2020-01-28T01:16:17.000Z,website,prd1014,1580346977,1580433377,2020-01-30T01:16:17+00:00,2020-01-31T01:16:17+00:00,Restful Nights: Jacksonville,Restful Nights,Jacksonville,standard,1,1,0,1,157.57,157.57
e84e115a-53c8-11ea-925c-b88a60e194fb,OHP-FBCI,orderid:354031,crmid:5382551115,2020-01-02T18:25:03.000Z,website,prd1137,1580063103,1580581503,2020-01-26T18:25:03+00:00,2020-02-01T18:25:03+00:00,Sapphire Suites: Manila,Sapphire Suites,Manila,standard,1,1,0,6,100.02,600.12
e84ed4fa-53c8-11ea-8ced-b88a60e194fb,FOG-OUA1,orderid:876602,crmid:6859234912,2020-02-06T09:59:29.000Z,kiosk,prd1092,1583315969,1583661569,2020-03-04T09:59:29+00:00,2020-03-08T09:59:29+00:00,Repose Resort: Cape Town,Repose Resort,Cape Town,standard,1,1,2,4,174.24,696.96
e84fbf76-53c8-11ea-9949-b88a60e194fb,DMY-FNXO,orderid:483466,crmid:2560553223,2019-12-15T21:21:11.000Z,kiosk,prd1004,1578432071,1579036871,2020-01-07T21:21:11+00:00,2020-01-14T21:21:11+00:00,Aspen Heights: Boulder,Aspen Heights,Boulder,standard,1,1,0,7,161.51,1130.57
e850828c-53c8-11ea-878c-b88a60e194fb,DIA-XUWK,orderid:159151,crmid:5331648100,2019-12-23T14:12:54.000Z,kiosk,prd1091,1577628774,1577715174,2019-12-29T14:12:54+00:00,2019-12-30T14:12:54+00:00,Nesting Box Inn: New Taipei,Nesting Box Inn,New Taipei,standard,1,1,0,1,151.79,151.79
e8516cf4-53c8-11ea-bcd1-b88a60e194fb,ZAM-Y5NF,orderid:692045,crmid:4432395268,2020-01-11T06:52:31.000Z,kiosk,prd1155,1580885551,1581749551,2020-02-05T06:52:31+00:00,2020-02-15T06:52:31+00:00,Hospitality Inn: Denver,Hospitality Inn,Denver,standard,1,1,2,10,157.23,1572.3
e8523198-53c8-11ea-b6fb-b88a60e194fb,HXG-LDNR,orderid:586088,crmid:1878111442,2019-12-26T10:35:30.000Z,call center,prd1107,1579257330,1579775730,2020-01-17T10:35:30+00:00,2020-01-23T10:35:30+00:00,Hospitality Inn: Kharkiv,Hospitality Inn,Kharkiv,standard,1,1,0,6,151.87,911.22
e8531ad2-53c8-11ea-b43a-b88a60e194fb,HMA-NN84,orderid:351143,crmid:9156935032,2020-02-01T02:27:21.000Z,mobile,prd1058,1580696841,1581128841,2020-02-03T02:27:21+00:00,2020-02-08T02:27:21+00:00,Blue Reef Resort: Delhi,Blue Reef Resort,Delhi,premium,1,1,0,5,155.16,775.8
e853ddf6-53c8-11ea-a47a-b88a60e194fb,NWL-3AQB,orderid:712368,crmid:1117762940,2019-12-28T06:46:33.000Z,kiosk,prd1021,1577601993,1577861193,2019-12-29T06:46:33+00:00,2020-01-01T06:46:33+00:00,Admiralty Plaza: Denver,Admiralty Plaza,Denver,standard,1,1,0,3,159.66,478.98
e854a138-53c8-11ea-b448-b88a60e194fb,XIV-RV1E,orderid:488919,crmid:7685280597,2020-01-25T04:49:58.000Z,mobile,prd1017,1581742198,1582087798,2020-02-15T04:49:58+00:00,2020-02-19T04:49:58+00:00,Sapphire Suites: Fort Worth,Sapphire Suites,Fort Worth,standard,1,1,0,4,138.6,554.4
e8558bae-53c8-11ea-bedd-b88a60e194fb,LEB-LLAA,orderid:207204,crmid:6705070655,2020-02-06T11:29:37.000Z,call center,prd1013,1582802977,1583148577,2020-02-27T11:29:37+00:00,2020-03-02T11:29:37+00:00,Grandeur Hotels: Austin,Grandeur Hotels,Austin,standard,1,1,0,4,125.19,500.76
e85675fa-53c8-11ea-af2d-b88a60e194fb,0WM-EPVX,orderid:776995,crmid:7190798158,2020-01-30T00:17:11.000Z,kiosk,prd1148,1581121031,1581725831,2020-02-08T00:17:11+00:00,2020-02-15T00:17:11+00:00,Aspen Heights: Jacksonville,Aspen Heights,Jacksonville,standard,1,1,0,7,102.06,714.42
e85787c6-53c8-11ea-ad53-b88a60e194fb,33A-G65Z,orderid:335004,crmid:3990693022,2020-01-14T23:59:17.000Z,kiosk,prd1149,1579132757,1579305557,2020-01-15T23:59:17+00:00,2020-01-17T23:59:17+00:00,Sapphire Suites: San Francisco,Sapphire Suites,San Francisco,standard,1,1,0,2,144.97,289.94
e8584aca-53c8-11ea-80d8-b88a60e194fb,36R-5NCL,orderid:309037,crmid:9624845109,2020-02-09T02:01:38.000Z,kiosk,prd1028,1583373698,1583978498,2020-03-05T02:01:38+00:00,2020-03-12T02:01:38+00:00,Aspen Heights: Portland,Aspen Heights,Portland,luxury,1,1,2,7,340.68,2384.76
e8590e12-53c8-11ea-97d4-b88a60e194fb,68F-JGCV,orderid:488850,crmid:1518886026,2020-02-04T05:27:36.000Z,website,prd1073,1580966856,1581053256,2020-02-06T05:27:36+00:00,2020-02-07T05:27:36+00:00,Grandeur Hotels: Lima,Grandeur Hotels,Lima,premium,1,1,0,1,136.33,136.33
e859f88c-53c8-11ea-b353-b88a60e194fb,XDQ-TVAS,orderid:559413,crmid:3436386288,2020-02-11T09:41:55.000Z,website,prd1068,1581846115,1581932515,2020-02-16T09:41:55+00:00,2020-02-17T09:41:55+00:00,Repose Resort: Dhaka,Repose Resort,Dhaka,standard,1,1,0,1,157.62,157.62
e85ae2d2-53c8-11ea-8102-b88a60e194fb,6TS-LJWR,orderid:456856,crmid:3754722840,2020-01-15T21:28:50.000Z,kiosk,prd1138,1581197330,1581888530,2020-02-08T21:28:50+00:00,2020-02-16T21:28:50+00:00,Sego Lily Suites: Lagos,Sego Lily Suites,Lagos,premium,1,1,0,8,154.0,1232.0
e85ba61e-53c8-11ea-bfa2-b88a60e194fb,FVJ-YSYA,orderid:762538,crmid:1717925274,2020-01-28T09:44:59.000Z,website,prd1181,1580895899,1581500699,2020-02-05T09:44:59+00:00,2020-02-12T09:44:59+00:00,Grandeur Hotels: Oakland,Grandeur Hotels,Oakland,standard,1,1,0,7,138.02,966.14
e85c6992-53c8-11ea-95b0-b88a60e194fb,Z8F-VG91,orderid:112993,crmid:9937615413,2019-12-22T10:11:21.000Z,kiosk,prd1119,1577700681,1578305481,2019-12-30T10:11:21+00:00,2020-01-06T10:11:21+00:00,Hospitality Inn: Turin,Hospitality Inn,Turin,standard,1,1,0,7,146.44,1025.08
e85d53da-53c8-11ea-a3b3-b88a60e194fb,NCE-G6PW,orderid:672086,crmid:3703472633,2020-01-01T03:25:55.000Z,mobile,prd1173,1580095555,1580613955,2020-01-27T03:25:55+00:00,2020-02-02T03:25:55+00:00,Sapphire Suites: Kansas City,Sapphire Suites,Kansas City,standard,1,1,0,6,114.21,685.26
e85e172e-53c8-11ea-a73b-b88a60e194fb,2PT-DTQJ,orderid:931571,crmid:8035789047,2020-01-07T07:53:10.000Z,kiosk,prd1069,1578556390,1579074790,2020-01-09T07:53:10+00:00,2020-01-15T07:53:10+00:00,Admiralty Plaza: Singapore,Admiralty Plaza,Singapore,standard,1,1,0,6,130.58,783.48
e85eda86-53c8-11ea-ab2c-b88a60e194fb,HBJ-GNHV,orderid:324620,crmid:2077740149,2020-01-28T00:14:31.000Z,kiosk,prd1038,1580256871,1580343271,2020-01-29T00:14:31+00:00,2020-01-30T00:14:31+00:00,Restful Nights: Mesa,Restful Nights,Mesa,standard,1,1,0,1,131.89,131.89
e86012e4-53c8-11ea-a3df-b88a60e194fb,EXY-HIPV,orderid:764747,crmid:1205045108,2020-01-18T10:44:44.000Z,kiosk,prd1061,1579430684,1579776284,2020-01-19T10:44:44+00:00,2020-01-23T10:44:44+00:00,Grandeur Hotels: Lahore,Grandeur Hotels,Lahore,standard,1,1,0,4,170.32,681.28
e860d638-53c8-11ea-8653-b88a60e194fb,PA5-RSFR,orderid:158696,crmid:5183041470,2019-12-24T04:12:56.000Z,kiosk,prd1136,1579147976,1580703176,2020-01-16T04:12:56+00:00,2020-02-03T04:12:56+00:00,Aspen Heights: Osaka,Aspen Heights,Osaka,premium,1,1,4,18,146.99,2645.82
e8619988-53c8-11ea-add9-b88a60e194fb,MBD-JVJA,orderid:217972,crmid:5679211381,2020-02-11T05:09:50.000Z,call center,prd1072,1581484190,1581570590,2020-02-12T05:09:50+00:00,2020-02-13T05:09:50+00:00,Sandhill: Tokyo,Sandhill,Tokyo,standard,1,1,0,1,115.74,115.74
e862a9c6-53c8-11ea-b353-b88a60e194fb,3FB-5IYL,orderid:334316,crmid:4207258395,2020-01-06T04:11:02.000Z,call center,prd1118,1578543062,1578629462,2020-01-09T04:11:02+00:00,2020-01-10T04:11:02+00:00,Blue Reef Resort: Cologne,Blue Reef Resort,Cologne,premium,1,1,0,1,108.34,108.34
e8636d18-53c8-11ea-a32b-b88a60e194fb,ZIW-81IR,orderid:691433,crmid:5219906065,2019-12-03T14:46:14.000Z,mobile,prd1196,1577457974,1578062774,2019-12-27T14:46:14+00:00,2020-01-03T14:46:14+00:00,Aspen Heights: Moscow,Aspen Heights,Moscow,standard,1,1,0,7,103.89,727.23
e864306e-53c8-11ea-afb5-b88a60e194fb,B80-UAJR,orderid:916315,crmid:8851200424,2020-02-03T05:45:01.000Z,service desk,prd1161,1580795101,1580967901,2020-02-04T05:45:01+00:00,2020-02-06T05:45:01+00:00,Sapphire Suites: Memphis,Sapphire Suites,Memphis,premium,1,1,0,2,127.99,255.98
e8651ac8-53c8-11ea-8d67-b88a60e194fb,CFG-MAQU,orderid:790520,crmid:8690076253,2020-01-02T12:42:53.000Z,call center,prd1021,1580042573,1580906573,2020-01-26T12:42:53+00:00,2020-02-05T12:42:53+00:00,Admiralty Plaza: Denver,Admiralty Plaza,Denver,standard,1,1,3,10,159.32,1593.2
e865de26-53c8-11ea-9406-b88a60e194fb,POC-IT1F,orderid:148735,crmid:7145328583,2020-02-10T04:44:45.000Z,kiosk,prd1130,1581396285,1581482685,2020-02-11T04:44:45+00:00,2020-02-12T04:44:45+00:00,Blue Reef Resort: Bremen,Blue Reef Resort,Bremen,standard,1,1,0,1,98.33,98.33
e866c87a-53c8-11ea-8cf8-b88a60e194fb,LRN-F73U,orderid:148485,crmid:7039368308,2020-02-05T06:11:23.000Z,website,prd1105,1580969483,1581142283,2020-02-06T06:11:23+00:00,2020-02-08T06:11:23+00:00,Admiralty Plaza: Barcelona,Admiralty Plaza,Barcelona,standard,1,1,0,2,154.82,309.64
e8684ee8-53c8-11ea-a696-b88a60e194fb,HH9-U6RJ,orderid:484898,crmid:9666744277,2020-02-11T15:36:56.000Z,call center,prd1054,1583768216,1585323416,2020-03-09T15:36:56+00:00,2020-03-27T15:36:56+00:00,Sego Lily Suites: Tampa,Sego Lily Suites,Tampa,standard,1,1,0,18,150.72,2712.96
e86a98e8-53c8-11ea-aebe-b88a60e194fb,HOA-AE4F,orderid:454242,crmid:2857164571,2019-12-14T08:13:05.000Z,call center,prd1130,1578384785,1579853585,2020-01-07T08:13:05+00:00,2020-01-24T08:13:05+00:00,Blue Reef Resort: Bremen,Blue Reef Resort,Bremen,standard,1,1,0,17,138.58,2355.86
e86c1fac-53c8-11ea-91ca-b88a60e194fb,2M6-LLED,orderid:480568,crmid:4405234946,2019-12-14T16:41:38.000Z,website,prd1185,1576600898,1577378498,2019-12-17T16:41:38+00:00,2019-12-26T16:41:38+00:00,Sapphire Suites: New Orleans,Sapphire Suites,New Orleans,premium,1,1,3,9,174.14,1567.26
e86da65e-53c8-11ea-902f-b88a60e194fb,RMD-RGDW,orderid:743392,crmid:4375091569,2019-12-23T05:36:58.000Z,mobile,prd1133,1578807418,1579412218,2020-01-12T05:36:58+00:00,2020-01-19T05:36:58+00:00,Grandeur Hotels: Toronto,Grandeur Hotels,Toronto,standard,1,1,0,7,162.56,1137.92
e86f05b6-53c8-11ea-a2d0-b88a60e194fb,OLO-5J0D,orderid:795715,crmid:6617836075,2019-12-21T05:41:13.000Z,website,prd1110,1577166073,1577425273,2019-12-24T05:41:13+00:00,2019-12-27T05:41:13+00:00,Restful Nights: Sofia,Restful Nights,Sofia,standard,1,1,0,3,163.23,489.69
e8706558-53c8-11ea-ab84-b88a60e194fb,JAT-NU3J,orderid:335650,crmid:9484246263,2019-12-12T14:54:42.000Z,kiosk,prd1021,1578668082,1579359282,2020-01-10T14:54:42+00:00,2020-01-18T14:54:42+00:00,Admiralty Plaza: Denver,Admiralty Plaza,Denver,standard,1,1,0,8,109.12,872.96
e871c4d2-53c8-11ea-a81d-b88a60e194fb,IU0-GJKI,orderid:972236,crmid:9744975621,2020-01-13T02:01:11.000Z,website,prd1166,1578967271,1579053671,2020-01-14T02:01:11+00:00,2020-01-15T02:01:11+00:00,Blue Reef Resort: Baltimore,Blue Reef Resort,Baltimore,standard,1,1,0,1,151.72,151.72
e872affe-53c8-11ea-9e94-b88a60e194fb,B0C-LL7I,orderid:583146,crmid:2920550543,2020-02-09T13:10:37.000Z,call center,prd1040,1583413837,1584191437,2020-03-05T13:10:37+00:00,2020-03-14T13:10:37+00:00,Aspen Heights: Atlanta,Aspen Heights,Atlanta,luxury,1,1,0,9,295.38,2658.42
e873c154-53c8-11ea-8a05-b88a60e194fb,2BF-DS3K,orderid:723138,crmid:1650949903,2020-01-16T06:06:07.000Z,kiosk,prd1062,1579241167,1579586767,2020-01-17T06:06:07+00:00,2020-01-21T06:06:07+00:00,Restful Nights: Moscow,Restful Nights,Moscow,premium,1,1,0,4,117.08,468.32
