id,crmid,propensity_room_upgrade,propensity_extended_nights
orderid:529842,crmid:5463040481,5,3
orderid:237709,crmid:7319771768,6,3
orderid:724755,crmid:8681535332,4,4
orderid:278478,crmid:4364177775,4,3
orderid:922725,crmid:6501965229,3,3
orderid:691390,crmid:8450109498,4,7
orderid:460437,crmid:6239466708,6,7
orderid:566763,crmid:8609032506,5,3
orderid:549549,crmid:1901560497,4,4
orderid:392810,crmid:7273628938,5,5
orderid:642653,crmid:5977254502,5,6
orderid:413703,crmid:4138478798,5,4
orderid:957004,crmid:5477189236,4,4
orderid:906731,crmid:5344141748,5,6
orderid:388383,crmid:6952914677,5,6
orderid:156259,crmid:2001349215,4,4
orderid:645901,crmid:5660532116,4,4
orderid:511838,crmid:9806525707,2,4
orderid:171113,crmid:4770152572,5,4
orderid:607445,crmid:7995817459,2,3
orderid:820732,crmid:4651873913,5,4
orderid:813199,crmid:8621051981,3,3
orderid:650950,crmid:3281475086,5,5
orderid:936008,crmid:6382870324,3,4
orderid:391024,crmid:4640183336,5,4
orderid:223098,crmid:2476950819,4,2
orderid:978185,crmid:3063371291,4,5
orderid:630613,crmid:2514834734,4,4
orderid:296751,crmid:6082522368,9,4
orderid:299518,crmid:5412617284,4,5
orderid:135963,crmid:7955687583,4,5
orderid:711974,crmid:6507539678,4,5
orderid:386486,crmid:5465384551,2,5
orderid:120365,crmid:9726930349,7,5
orderid:260994,crmid:7390708489,5,8
orderid:136142,crmid:4138876683,5,5
orderid:864800,crmid:5477290056,4,4
orderid:492583,crmid:7507385382,4,7
orderid:551877,crmid:5566701312,8,4
orderid:173947,crmid:6898293993,5,6
orderid:948764,crmid:3627927853,2,4
orderid:392480,crmid:2431135780,4,4
orderid:478187,crmid:1843129882,4,6
orderid:944643,crmid:2830066056,5,3
orderid:991277,crmid:7886456372,4,3
orderid:391019,crmid:1503810576,3,9
orderid:362222,crmid:4996188081,3,5
orderid:832793,crmid:2674872362,5,4
orderid:226217,crmid:3506045213,2,5
orderid:957207,crmid:2557070848,4,4
orderid:429426,crmid:2161116701,4,2
orderid:871706,crmid:3731990279,3,3
orderid:762584,crmid:2105772565,6,8
orderid:634416,crmid:1430436126,2,6
orderid:390802,crmid:8920344447,9,5
orderid:333863,crmid:4178515908,10,5
orderid:984327,crmid:7731354896,4,5
orderid:992702,crmid:2139844839,4,7
orderid:570618,crmid:7109566578,9,5
orderid:407828,crmid:8784211109,5,5
orderid:747408,crmid:6276657225,4,2
orderid:204532,crmid:2846325582,5,4
orderid:803610,crmid:6899779741,8,4
orderid:686188,crmid:3940544491,3,8
orderid:517086,crmid:3435018408,2,8
orderid:720760,crmid:9943094394,3,2
orderid:969144,crmid:1679873077,3,3
orderid:488760,crmid:6540944648,4,10
orderid:747623,crmid:1108006878,4,5
orderid:437996,crmid:8950961061,4,8
orderid:348993,crmid:4995665269,4,5
orderid:847036,crmid:5754906860,5,4
orderid:723130,crmid:9123330468,5,4
orderid:872352,crmid:1709135052,4,3
orderid:543788,crmid:9178912319,4,5
orderid:556841,crmid:9161443158,4,5
orderid:613065,crmid:5795277242,3,3
orderid:418477,crmid:6759577310,4,7
orderid:809843,crmid:2515758768,3,4
orderid:600468,crmid:1270932846,3,5
orderid:886899,crmid:3698033478,10,3
orderid:603949,crmid:1274995878,4,3
orderid:740313,crmid:7067951833,4,4
orderid:544861,crmid:7910541133,3,4
orderid:378392,crmid:7085984265,2,2
orderid:390498,crmid:5921105877,3,4
orderid:408432,crmid:9740504586,0,6
orderid:413161,crmid:2139804410,10,5
orderid:281087,crmid:5945793692,8,5
orderid:179571,crmid:1545832372,4,4
orderid:408826,crmid:4846825687,4,6
orderid:609432,crmid:6316925701,4,3
orderid:417114,crmid:5018488987,4,4
orderid:620696,crmid:4836629500,4,2
orderid:536777,crmid:8431785938,4,8
orderid:971894,crmid:1694305750,2,5
orderid:343558,crmid:7676062017,4,3
orderid:557527,crmid:1461941231,4,5
orderid:168464,crmid:1724179898,3,7
orderid:862932,crmid:6679162389,8,3
orderid:344280,crmid:2653825352,4,4
orderid:511861,crmid:1541719994,8,5
orderid:365159,crmid:5479573975,4,2
orderid:625613,crmid:2538755421,4,3
orderid:172742,crmid:3125843839,2,2
orderid:898933,crmid:3598377029,5,3
orderid:728857,crmid:8276830705,4,7
orderid:345141,crmid:7044197883,9,4
orderid:631696,crmid:1454674842,3,4
orderid:914820,crmid:1639968688,6,4
orderid:405578,crmid:7147052048,9,3
orderid:722165,crmid:1648398290,4,4
orderid:974723,crmid:2599154260,6,4
orderid:250951,crmid:1111826026,4,5
orderid:493196,crmid:2906953614,3,5
orderid:934038,crmid:9482756347,9,4
orderid:445122,crmid:8832406027,4,5
orderid:265619,crmid:4992888470,3,3
orderid:173934,crmid:8264589394,3,2
orderid:797316,crmid:3778679482,5,3
orderid:850020,crmid:5665011191,2,3
orderid:625709,crmid:5694541792,4,4
orderid:194097,crmid:1100753317,6,9
orderid:425689,crmid:8751957460,5,5
orderid:725932,crmid:5076953512,8,4
orderid:158242,crmid:7627818884,3,3
orderid:801518,crmid:8871807807,5,2
orderid:758105,crmid:6232864346,6,4
orderid:809247,crmid:3294882732,4,8
orderid:855515,crmid:4743739719,3,5
orderid:211116,crmid:4914756484,4,4
orderid:943384,crmid:6760031117,4,3
orderid:495028,crmid:9571902222,6,3
orderid:791725,crmid:5774291289,4,3
orderid:353262,crmid:3582926912,5,3
orderid:629047,crmid:7905522475,3,5
orderid:867273,crmid:1746649215,4,3
orderid:514980,crmid:5429980375,8,5
orderid:982066,crmid:3824799679,7,2
orderid:321574,crmid:1384895178,4,2
orderid:516301,crmid:1463022407,5,4
orderid:843196,crmid:7954200497,4,4
orderid:104356,crmid:9412947586,3,4
orderid:222539,crmid:7438139321,3,4
orderid:238370,crmid:8545588165,2,2
orderid:821470,crmid:7427416452,6,4
orderid:995054,crmid:4207940790,4,4
orderid:446581,crmid:9157514358,3,4
orderid:507628,crmid:2486759741,5,5
orderid:418267,crmid:2321578520,3,3
orderid:585920,crmid:2342896667,4,4
orderid:883660,crmid:9387318906,2,3
orderid:350401,crmid:3762410162,4,4
orderid:592182,crmid:1508743751,5,9
orderid:265300,crmid:3833271812,5,3
orderid:409131,crmid:8498630650,3,5
orderid:392811,crmid:5927568945,4,5
orderid:295634,crmid:5398915900,6,4
orderid:334278,crmid:6589162212,7,4
orderid:879701,crmid:8099405229,4,3
orderid:372183,crmid:4319566883,3,3
orderid:659317,crmid:8430228016,6,5
orderid:253087,crmid:4716796457,4,4
orderid:202086,crmid:3971367934,3,4
orderid:330023,crmid:6729544172,1,3
orderid:636411,crmid:6604949812,4,6
orderid:950780,crmid:3532432882,5,4
orderid:180485,crmid:9503208781,5,4
orderid:764269,crmid:9003291715,6,3
orderid:321032,crmid:7509692648,9,4
orderid:383587,crmid:1694920825,4,4
orderid:134530,crmid:1256797991,4,3
orderid:348294,crmid:1430382009,2,8
orderid:245801,crmid:9358301948,4,4
orderid:707351,crmid:2484765376,4,6
orderid:604260,crmid:4676521939,3,5
orderid:296652,crmid:7370151973,5,4
orderid:273601,crmid:3315289089,4,5
orderid:206977,crmid:7118621860,3,5
orderid:419432,crmid:2667977238,4,2
orderid:562569,crmid:6578316983,2,5
orderid:170030,crmid:2274397707,4,6
orderid:721950,crmid:5626448218,9,2
orderid:545094,crmid:9146472608,3,4
orderid:552581,crmid:5933388115,5,4
orderid:740846,crmid:8893668869,4,3
orderid:495253,crmid:1604443773,2,5
orderid:786179,crmid:6154072753,4,5
orderid:664598,crmid:2244144318,4,4
orderid:310812,crmid:2875322486,3,6
orderid:704238,crmid:8941380169,5,4
orderid:639776,crmid:4921298099,4,5
orderid:279587,crmid:2803934537,5,5
orderid:301501,crmid:4824720863,4,6
orderid:405597,crmid:4769346294,4,3
orderid:676786,crmid:9837758052,4,3
orderid:483232,crmid:7044029839,2,4
orderid:152625,crmid:8488303193,4,4
orderid:543984,crmid:7376315349,4,4
orderid:696412,crmid:7487473928,5,5
