{"_id": "dd4fd7c6-53c8-11ea-84cd-b88a60e194fb", "timestamp": "2020-01-01T09:47:36.000Z", "eventType": "transaction", "_adobeamericaspot3": {"CRMID": "crmid:7354621604", "orderDetails": {"orderID": "orderid:848201", "reservationid": "HOO-WRNF", "orderType": "website"}}}
{"_id": "dd509c42-53c8-11ea-892b-b88a60e194fb", "timestamp": "2020-01-04T20:03:53.000Z", "eventType": "transaction", "_adobeamericaspot3": {"CRMID": "crmid:1573727379", "orderDetails": {"orderID": "orderid:176165", "reservationid": "CYF-1SRO", "orderType": "call center"}}}
{"_id": "dd515e58-53c8-11ea-9a2e-b88a60e194fb", "timestamp": "2020-01-26T04:48:58.000Z", "eventType": "transaction", "_adobeamericaspot3": {"CRMID": "crmid:3746490407", "orderDetails": {"orderID": "orderid:667877", "reservationid": "SUW-WHQK", "orderType": "kiosk"}}}
{"_id": "dd52218c-53c8-11ea-900d-b88a60e194fb", "timestamp": "2019-12-02T17:16:20.000Z", "eventType": "transaction", "_adobeamericaspot3": {"CRMID": "crmid:6584042876", "orderDetails": {"orderID": "orderid:307104", "reservationid": "RJL-Q9FE", "orderType": "call center"}}}
{"_id": "dd530d40-53c8-11ea-95fa-b88a60e194fb", "timestamp": "2020-02-09T07:00:14.000Z", "eventType": "transaction", "_adobeamericaspot3": {"CRMID": "crmid:2293537705", "orderDetails": {"orderID": "orderid:320347", "reservationid": "IHQ-VOYN", "orderType": "website"}}}
{"_id": "dd53a998-53c8-11ea-a59c-b88a60e194fb", "timestamp": "2020-01-31T00:24:30.000Z", "eventType": "transaction", "_adobeamericaspot3": {"CRMID": "crmid:1181805260", "orderDetails": {"orderID": "orderid:578692", "reservationid": "SJJ-H803", "orderType": "service desk"}}}
{"_id": "dd546cd4-53c8-11ea-835b-b88a60e194fb", "timestamp": "2020-02-13T09:20:16.000Z", "eventType": "transaction", "_adobeamericaspot3": {"CRMID": "crmid:8751636948", "orderDetails": {"orderID": "orderid:332898", "reservationid": "KRI-1WXS", "orderType": "mobile"}}}
{"_id": "dd553002-53c8-11ea-aec5-b88a60e194fb", "timestamp": "2020-01-13T02:22:47.000Z", "eventType": "transaction", "_adobeamericaspot3": {"CRMID": "crmid:1445565731", "orderDetails": {"orderID": "orderid:902235", "reservationid": "UZE-N49A", "orderType": "kiosk"}}}
{"_id": "dd55f212-53c8-11ea-beb7-b88a60e194fb", "timestamp": "2019-12-23T18:08:51.000Z", "eventType": "transaction", "_adobeamericaspot3": {"CRMID": "crmid:7112642819", "orderDetails": {"orderID": "orderid:421984", "reservationid": "AHJ-UNFQ", "orderType": "call center"}}}
{"_id": "dd56de86-53c8-11ea-be2d-b88a60e194fb", "timestamp": "2020-01-12T07:23:52.000Z", "eventType": "transaction", "_adobeamericaspot3": {"CRMID": "crmid:3166468889", "orderDetails": {"orderID": "orderid:911949", "reservationid": "CCH-ZZJD", "orderType": "website"}}}
{"_id": "dd577a1a-53c8-11ea-8745-b88a60e194fb", "timestamp": "2020-02-13T15:29:04.000Z", "eventType": "transaction", "_adobeamericaspot3": {"CRMID": "crmid:5145552523", "orderDetails": {"orderID": "orderid:840943", "reservationid": "FID-RXLX", "orderType": "call center"}}}
{"_id": "dd581658-53c8-11ea-9e5c-b88a60e194fb", "timestamp": "2019-12-06T13:19:04.000Z", "eventType": "transaction", "_adobeamericaspot3": {"CRMID": "crmid:6999509755", "orderDetails": {"orderID": "orderid:749080", "reservationid": "LM9-TBII", "orderType": "call center"}}}
{"_id": "dd58d9ac-53c8-11ea-9734-b88a60e194fb", "timestamp": "2020-01-16T12:13:53.000Z", "eventType": "transaction", "_adobeamericaspot3": {"CRMID": "crmid:2476073986", "orderDetails": {"orderID": "orderid:511084", "reservationid": "LWA-PRVK", "orderType": "call center"}}}
{"_id": "dd58d9ad-53c8-11ea-8860-b88a60e194fb", "timestamp": "2020-01-20T00:00:00.000Z", "eventType": "transaction", "_adobeamericaspot3": {"CRMID": "crmid:2476073986", "orderDetails": {"orderID": "orderid:385104", "reservationid": "ETW-GX5Y", "orderType": "call center"}}}
{"_id": "dd599cf4-53c8-11ea-9ec9-b88a60e194fb", "timestamp": "2019-12-07T22:34:25.000Z", "eventType": "transaction", "_adobeamericaspot3": {"CRMID": "crmid:6479679666", "orderDetails": {"orderID": "orderid:689231", "reservationid": "ZLK-NQIN", "orderType": "website"}}}
{"_id": "dd5a6040-53c8-11ea-bd91-b88a60e194fb", "timestamp": "2020-02-07T03:16:55.000Z", "eventType": "transaction", "_adobeamericaspot3": {"CRMID": "crmid:5921961376", "orderDetails": {"orderID": "orderid:583471", "reservationid": "V5Y-JQTW", "orderType": "mobile"}}}
{"_id": "dd5afc82-53c8-11ea-9f7c-b88a60e194fb", "timestamp": "2019-12-21T06:20:18.000Z", "eventType": "transaction", "_adobeamericaspot3": {"CRMID": "crmid:5654485379", "orderDetails": {"orderID": "orderid:808243", "reservationid": "TJE-LRYM", "orderType": "website"}}}
{"_id": "dd5be624-53c8-11ea-ba91-b88a60e194fb", "timestamp": "2020-01-13T14:29:08.000Z", "eventType": "transaction", "_adobeamericaspot3": {"CRMID": "crmid:9520822068", "orderDetails": {"orderID": "orderid:649605", "reservationid": "OAX-YDBI", "orderType": "website"}}}
{"_id": "dd5c8326-53c8-11ea-b64d-b88a60e194fb", "timestamp": "2019-12-01T18:30:42.000Z", "eventType": "transaction", "_adobeamericaspot3": {"CRMID": "crmid:7530366024", "orderDetails": {"orderID": "orderid:990513", "reservationid": "JVS-M6ZK", "orderType": "service desk"}}}
{"_id": "dd5d1f70-53c8-11ea-a252-b88a60e194fb", "timestamp": "2019-12-10T10:33:12.000Z", "eventType": "transaction", "_adobeamericaspot3": {"CRMID": "crmid:2848339586", "orderDetails": {"orderID": "orderid:203712", "reservationid": "A1Z-QHYG", "orderType": "kiosk"}}}
{"_id": "dd5e09ec-53c8-11ea-b07d-b88a60e194fb", "timestamp": "2020-01-30T03:10:51.000Z", "eventType": "transaction", "_adobeamericaspot3": {"CRMID": "crmid:5709282174", "orderDetails": {"orderID": "orderid:230356", "reservationid": "X2B-RKQD", "orderType": "call center"}}}
{"_id": "dd5ecd14-53c8-11ea-8dfc-b88a60e194fb", "timestamp": "2019-12-18T02:21:45.000Z", "eventType": "transaction", "_adobeamericaspot3": {"CRMID": "crmid:8831989690", "orderDetails": {"orderID": "orderid:656444", "reservationid": "7QS-C6C2", "orderType": "call center"}}}
{"_id": "dd5f8f12-53c8-11ea-95e7-b88a60e194fb", "timestamp": "2020-02-05T10:38:00.000Z", "eventType": "transaction", "_adobeamericaspot3": {"CRMID": "crmid:8366692506", "orderDetails": {"orderID": "orderid:461407", "reservationid": "YPQ-ZXDT", "orderType": "kiosk"}}}
{"_id": "dd602ca8-53c8-11ea-a517-b88a60e194fb", "timestamp": "2020-02-10T00:17:56.000Z", "eventType": "transaction", "_adobeamericaspot3": {"CRMID": "crmid:4047783020", "orderDetails": {"orderID": "orderid:720857", "reservationid": "EFV-YHOE", "orderType": "website"}}}
{"_id": "dd60eff4-53c8-11ea-9aa5-b88a60e194fb", "timestamp": "2019-12-15T06:07:55.000Z", "eventType": "transaction", "_adobeamericaspot3": {"CRMID": "crmid:5229934025", "orderDetails": {"orderID": "orderid:738827", "reservationid": "MIR-LKOE", "orderType": "mobile"}}}
{"_id": "dd618c30-53c8-11ea-8156-b88a60e194fb", "timestamp": "2020-01-08T22:11:35.000Z", "eventType": "transaction", "_adobeamericaspot3": {"CRMID": "crmid:6988895254", "orderDetails": {"orderID": "orderid:815114", "reservationid": "S7U-ILJT", "orderType": "call center"}}}
{"_id": "dd618c31-53c8-11ea-95ea-b88a60e194fb", "timestamp": "2020-01-15T00:00:00.000Z", "eventType": "transaction", "_adobeamericaspot3": {"CRMID": "crmid:6988895254", "orderDetails": {"orderID": "orderid:769550", "reservationid": "JXB-ENYP", "orderType": "website"}}}
{"_id": "dd624ebe-53c8-11ea-a162-b88a60e194fb", "timestamp": "2020-01-06T07:37:36.000Z", "eventType": "transaction", "_adobeamericaspot3": {"CRMID": "crmid:5246070182", "orderDetails": {"orderID": "orderid:693348", "reservationid": "0K7-6AIZ", "orderType": "call center"}}}
{"_id": "dd6312cc-53c8-11ea-a372-b88a60e194fb", "timestamp": "2019-12-07T12:34:27.000Z", "eventType": "transaction", "_adobeamericaspot3": {"CRMID": "crmid:4265295720", "orderDetails": {"orderID": "orderid:680517", "reservationid": "XLV-ASBU", "orderType": "website"}}}
{"_id": "dd63af12-53c8-11ea-9306-b88a60e194fb", "timestamp": "2020-02-14T13:28:10.000Z", "eventType": "transaction", "_adobeamericaspot3": {"CRMID": "crmid:6633596805", "orderDetails": {"orderID": "orderid:716974", "reservationid": "ZVS-L0OQ", "orderType": "call center"}}}
{"_id": "dd64725c-53c8-11ea-be3b-b88a60e194fb", "timestamp": "2019-12-20T00:24:53.000Z", "eventType": "transaction", "_adobeamericaspot3": {"CRMID": "crmid:4907351896", "orderDetails": {"orderID": "orderid:890466", "reservationid": "ETZ-2NJV", "orderType": "call center"}}}
{"_id": "dd655b5a-53c8-11ea-929d-b88a60e194fb", "timestamp": "2020-02-12T20:05:27.000Z", "eventType": "transaction", "_adobeamericaspot3": {"CRMID": "crmid:5430877427", "orderDetails": {"orderID": "orderid:936371", "reservationid": "4KO-1LDA", "orderType": "kiosk"}}}
{"_id": "dd66200c-53c8-11ea-b19c-b88a60e194fb", "timestamp": "2020-01-11T09:31:48.000Z", "eventType": "transaction", "_adobeamericaspot3": {"CRMID": "crmid:9825923014", "orderDetails": {"orderID": "orderid:266594", "reservationid": "SHW-ZBRI", "orderType": "call center"}}}
{"_id": "dd66e368-53c8-11ea-872d-b88a60e194fb", "timestamp": "2020-01-01T22:56:06.000Z", "eventType": "transaction", "_adobeamericaspot3": {"CRMID": "crmid:1486487865", "orderDetails": {"orderID": "orderid:853454", "reservationid": "PT3-SJ3X", "orderType": "kiosk"}}}
{"_id": "dd677f9c-53c8-11ea-9fde-b88a60e194fb", "timestamp": "2019-12-19T13:57:27.000Z", "eventType": "transaction", "_adobeamericaspot3": {"CRMID": "crmid:9888810760", "orderDetails": {"orderID": "orderid:629616", "reservationid": "MED-QAFL", "orderType": "call center"}}}
{"_id": "dd6841c0-53c8-11ea-9074-b88a60e194fb", "timestamp": "2020-01-30T01:50:13.000Z", "eventType": "transaction", "_adobeamericaspot3": {"CRMID": "crmid:1431646513", "orderDetails": {"orderID": "orderid:659789", "reservationid": "FA2-SKGL", "orderType": "mobile"}}}
{"_id": "dd690654-53c8-11ea-a897-b88a60e194fb", "timestamp": "2020-02-10T11:08:34.000Z", "eventType": "transaction", "_adobeamericaspot3": {"CRMID": "crmid:5585291287", "orderDetails": {"orderID": "orderid:802321", "reservationid": "09P-NS3Y", "orderType": "mobile"}}}
{"_id": "dd69ca1c-53c8-11ea-bc6a-b88a60e194fb", "timestamp": "2020-01-13T19:40:30.000Z", "eventType": "transaction", "_adobeamericaspot3": {"CRMID": "crmid:4880365708", "orderDetails": {"orderID": "orderid:926772", "reservationid": "9XR-W7ES", "orderType": "call center"}}}
{"_id": "dd6a8cfa-53c8-11ea-9290-b88a60e194fb", "timestamp": "2020-01-20T08:51:59.000Z", "eventType": "transaction", "_adobeamericaspot3": {"CRMID": "crmid:1805319007", "orderDetails": {"orderID": "orderid:388526", "reservationid": "65S-F4YS", "orderType": "call center"}}}
{"_id": "dd6b292e-53c8-11ea-8f2f-b88a60e194fb", "timestamp": "2020-01-15T01:17:05.000Z", "eventType": "transaction", "_adobeamericaspot3": {"CRMID": "crmid:2630064389", "orderDetails": {"orderID": "orderid:439824", "reservationid": "TKG-TZ1X", "orderType": "website"}}}
{"_id": "dd6bec7e-53c8-11ea-95d4-b88a60e194fb", "timestamp": "2020-01-08T03:51:14.000Z", "eventType": "transaction", "_adobeamericaspot3": {"CRMID": "crmid:7859981378", "orderDetails": {"orderID": "orderid:760670", "reservationid": "7FM-DDHY", "orderType": "service desk"}}}
{"_id": "dd6c876c-53c8-11ea-880b-b88a60e194fb", "timestamp": "2020-01-17T03:33:56.000Z", "eventType": "transaction", "_adobeamericaspot3": {"CRMID": "crmid:5519701387", "orderDetails": {"orderID": "orderid:958616", "reservationid": "CHK-ED58", "orderType": "mobile"}}}
{"_id": "dd6d9a34-53c8-11ea-b57d-b88a60e194fb", "timestamp": "2020-01-07T10:14:35.000Z", "eventType": "transaction", "_adobeamericaspot3": {"CRMID": "crmid:5014762623", "orderDetails": {"orderID": "orderid:996609", "reservationid": "JYM-OMT8", "orderType": "call center"}}}
{"_id": "dd6e5d8a-53c8-11ea-81fe-b88a60e194fb", "timestamp": "2020-01-18T19:12:06.000Z", "eventType": "transaction", "_adobeamericaspot3": {"CRMID": "crmid:8649630122", "orderDetails": {"orderID": "orderid:303465", "reservationid": "0KT-ORLD", "orderType": "kiosk"}}}
{"_id": "dd6f20e2-53c8-11ea-bf86-b88a60e194fb", "timestamp": "2020-02-14T01:44:59.000Z", "eventType": "transaction", "_adobeamericaspot3": {"CRMID": "crmid:1875664277", "orderDetails": {"orderID": "orderid:920855", "reservationid": "RMJ-0EEJ", "orderType": "call center"}}}
{"_id": "dd6fbbcc-53c8-11ea-ab26-b88a60e194fb", "timestamp": "2020-01-28T11:19:04.000Z", "eventType": "transaction", "_adobeamericaspot3": {"CRMID": "crmid:7481662082", "orderDetails": {"orderID": "orderid:677966", "reservationid": "ET6-9P6F", "orderType": "call center"}}}
{"_id": "dd707f36-53c8-11ea-be0c-b88a60e194fb", "timestamp": "2020-01-13T20:27:12.000Z", "eventType": "transaction", "_adobeamericaspot3": {"CRMID": "crmid:7391832181", "orderDetails": {"orderID": "orderid:407144", "reservationid": "BA4-NGU7", "orderType": "website"}}}
{"_id": "dd711b64-53c8-11ea-a8b8-b88a60e194fb", "timestamp": "2020-01-03T14:46:02.000Z", "eventType": "transaction", "_adobeamericaspot3": {"CRMID": "crmid:6783115190", "orderDetails": {"orderID": "orderid:661923", "reservationid": "WNQ-0JJ6", "orderType": "call center"}}}
{"_id": "dd7205c0-53c8-11ea-8961-b88a60e194fb", "timestamp": "2019-12-03T00:15:08.000Z", "eventType": "transaction", "_adobeamericaspot3": {"CRMID": "crmid:8102223812", "orderDetails": {"orderID": "orderid:499838", "reservationid": "1AP-JBJR", "orderType": "kiosk"}}}
{"_id": "dd72c91c-53c8-11ea-ad65-b88a60e194fb", "timestamp": "2019-12-08T02:07:12.000Z", "eventType": "transaction", "_adobeamericaspot3": {"CRMID": "crmid:8546449238", "orderDetails": {"orderID": "orderid:511199", "reservationid": "H7B-E9IH", "orderType": "kiosk"}}}
{"_id": "dd736550-53c8-11ea-85bb-b88a60e194fb", "timestamp": "2020-01-02T18:47:46.000Z", "eventType": "transaction", "_adobeamericaspot3": {"CRMID": "crmid:3669290866", "orderDetails": {"orderID": "orderid:449940", "reservationid": "90A-FYP6", "orderType": "call center"}}}
{"_id": "dd738c5a-53c8-11ea-b9ef-b88a60e194fb", "timestamp": "2020-01-06T00:00:00.000Z", "eventType": "transaction", "_adobeamericaspot3": {"CRMID": "crmid:3669290866", "orderDetails": {"orderID": "orderid:950394", "reservationid": "DS0-PWAE", "orderType": "kiosk"}}}
{"_id": "dd742890-53c8-11ea-b5bc-b88a60e194fb", "timestamp": "2020-02-03T13:25:44.000Z", "eventType": "transaction", "_adobeamericaspot3": {"CRMID": "crmid:1619554452", "orderDetails": {"orderID": "orderid:447020", "reservationid": "LXU-ICOH", "orderType": "website"}}}
{"_id": "dd74ebf0-53c8-11ea-9eff-b88a60e194fb", "timestamp": "2019-12-21T20:36:11.000Z", "eventType": "transaction", "_adobeamericaspot3": {"CRMID": "crmid:7302661319", "orderDetails": {"orderID": "orderid:944820", "reservationid": "KQW-A2FG", "orderType": "call center"}}}
{"_id": "dd789554-53c8-11ea-bf17-b88a60e194fb", "timestamp": "2020-01-07T21:17:48.000Z", "eventType": "transaction", "_adobeamericaspot3": {"CRMID": "crmid:8984212870", "orderDetails": {"orderID": "orderid:435620", "reservationid": "TFP-POHS", "orderType": "kiosk"}}}
{"_id": "dd7932ca-53c8-11ea-a735-b88a60e194fb", "timestamp": "2019-12-13T23:37:11.000Z", "eventType": "transaction", "_adobeamericaspot3": {"CRMID": "crmid:7778971795", "orderDetails": {"orderID": "orderid:920147", "reservationid": "VCZ-JWU5", "orderType": "call center"}}}
{"_id": "dd79f662-53c8-11ea-a999-b88a60e194fb", "timestamp": "2020-01-29T10:42:21.000Z", "eventType": "transaction", "_adobeamericaspot3": {"CRMID": "crmid:7102747603", "orderDetails": {"orderID": "orderid:537430", "reservationid": "UHQ-HPRJ", "orderType": "mobile"}}}
{"_id": "dd7a9280-53c8-11ea-b190-b88a60e194fb", "timestamp": "2019-12-04T10:34:32.000Z", "eventType": "transaction", "_adobeamericaspot3": {"CRMID": "crmid:1206221219", "orderDetails": {"orderID": "orderid:639723", "reservationid": "3XF-LYW8", "orderType": "call center"}}}
{"_id": "dd7b55e4-53c8-11ea-8dd5-b88a60e194fb", "timestamp": "2019-12-04T19:11:59.000Z", "eventType": "transaction", "_adobeamericaspot3": {"CRMID": "crmid:4634002176", "orderDetails": {"orderID": "orderid:103778", "reservationid": "Z0Q-KWAB", "orderType": "website"}}}
{"_id": "dd7bf21c-53c8-11ea-93be-b88a60e194fb", "timestamp": "2019-12-20T18:39:02.000Z", "eventType": "transaction", "_adobeamericaspot3": {"CRMID": "crmid:6621209210", "orderDetails": {"orderID": "orderid:333234", "reservationid": "AEV-HHFI", "orderType": "website"}}}
{"_id": "dd7cb55c-53c8-11ea-a5f9-b88a60e194fb", "timestamp": "2020-01-06T07:30:47.000Z", "eventType": "transaction", "_adobeamericaspot3": {"CRMID": "crmid:5060834748", "orderDetails": {"orderID": "orderid:128345", "reservationid": "VHJ-EBRK", "orderType": "call center"}}}
{"_id": "dd7d792c-53c8-11ea-9cc7-b88a60e194fb", "timestamp": "2020-01-23T07:12:31.000Z", "eventType": "transaction", "_adobeamericaspot3": {"CRMID": "crmid:5753101634", "orderDetails": {"orderID": "orderid:257905", "reservationid": "L1Z-UD24", "orderType": "website"}}}
{"_id": "dd7e14c8-53c8-11ea-8b32-b88a60e194fb", "timestamp": "2020-01-26T14:56:03.000Z", "eventType": "transaction", "_adobeamericaspot3": {"CRMID": "crmid:4527940617", "orderDetails": {"orderID": "orderid:865254", "reservationid": "LBC-LCJP", "orderType": "kiosk"}}}
{"_id": "dd7ed83e-53c8-11ea-8fd5-b88a60e194fb", "timestamp": "2020-02-09T10:33:32.000Z", "eventType": "transaction", "_adobeamericaspot3": {"CRMID": "crmid:4848362086", "orderDetails": {"orderID": "orderid:497105", "reservationid": "7QY-AQBL", "orderType": "website"}}}
{"_id": "de87e400-53c8-11ea-9d03-b88a60e194fb", "timestamp": "2019-12-22T20:19:41.000Z", "eventType": "transaction", "_adobeamericaspot3": {"CRMID": "crmid:2793715587", "orderDetails": {"orderID": "orderid:846514", "reservationid": "HPC-JP7V", "orderType": "website"}}}
{"_id": "de88ce36-53c8-11ea-ac53-b88a60e194fb", "timestamp": "2020-02-06T12:46:37.000Z", "eventType": "transaction", "_adobeamericaspot3": {"CRMID": "crmid:6712556306", "orderDetails": {"orderID": "orderid:805152", "reservationid": "GSE-LUVZ", "orderType": "website"}}}
{"_id": "de8991a8-53c8-11ea-887f-b88a60e194fb", "timestamp": "2020-02-10T21:49:43.000Z", "eventType": "transaction", "_adobeamericaspot3": {"CRMID": "crmid:4315692060", "orderDetails": {"orderID": "orderid:325557", "reservationid": "SCA-CNAH", "orderType": "call center"}}}
{"_id": "de8a5502-53c8-11ea-8547-b88a60e194fb", "timestamp": "2019-12-19T20:51:07.000Z", "eventType": "transaction", "_adobeamericaspot3": {"CRMID": "crmid:8462005208", "orderDetails": {"orderID": "orderid:646688", "reservationid": "GKR-98L3", "orderType": "kiosk"}}}
{"_id": "de8af1b6-53c8-11ea-9d5a-b88a60e194fb", "timestamp": "2019-12-02T00:10:36.000Z", "eventType": "transaction", "_adobeamericaspot3": {"CRMID": "crmid:2494612004", "orderDetails": {"orderID": "orderid:566981", "reservationid": "3P7-YRHK", "orderType": "website"}}}
{"_id": "de8bb46c-53c8-11ea-a9d6-b88a60e194fb", "timestamp": "2020-01-08T16:24:06.000Z", "eventType": "transaction", "_adobeamericaspot3": {"CRMID": "crmid:4936461283", "orderDetails": {"orderID": "orderid:844770", "reservationid": "PHR-VNIA", "orderType": "kiosk"}}}
{"_id": "de8c77a2-53c8-11ea-bd92-b88a60e194fb", "timestamp": "2020-01-01T17:59:03.000Z", "eventType": "transaction", "_adobeamericaspot3": {"CRMID": "crmid:6213056926", "orderDetails": {"orderID": "orderid:769178", "reservationid": "Y3E-SF1C", "orderType": "mobile"}}}
{"_id": "de8d3aec-53c8-11ea-8d72-b88a60e194fb", "timestamp": "2020-01-06T07:16:09.000Z", "eventType": "transaction", "_adobeamericaspot3": {"CRMID": "crmid:6512267261", "orderDetails": {"orderID": "orderid:972975", "reservationid": "T8T-NA1Q", "orderType": "mobile"}}}
{"_id": "de8dd73a-53c8-11ea-80e6-b88a60e194fb", "timestamp": "2020-01-04T23:37:27.000Z", "eventType": "transaction", "_adobeamericaspot3": {"CRMID": "crmid:9629455696", "orderDetails": {"orderID": "orderid:865602", "reservationid": "HCU-GUJO", "orderType": "website"}}}
{"_id": "de8e7382-53c8-11ea-838a-b88a60e194fb", "timestamp": "2020-02-12T07:41:04.000Z", "eventType": "transaction", "_adobeamericaspot3": {"CRMID": "crmid:4226098207", "orderDetails": {"orderID": "orderid:527493", "reservationid": "UDE-NUPP", "orderType": "call center"}}}
{"_id": "de8f36e4-53c8-11ea-9eef-b88a60e194fb", "timestamp": "2020-01-12T11:54:10.000Z", "eventType": "transaction", "_adobeamericaspot3": {"CRMID": "crmid:5580774242", "orderDetails": {"orderID": "orderid:441299", "reservationid": "24H-OZT8", "orderType": "kiosk"}}}
{"_id": "de904836-53c8-11ea-a6c0-b88a60e194fb", "timestamp": "2020-01-27T15:15:57.000Z", "eventType": "transaction", "_adobeamericaspot3": {"CRMID": "crmid:2453452122", "orderDetails": {"orderID": "orderid:570663", "reservationid": "QDT-RSVV", "orderType": "kiosk"}}}
{"_id": "de90e488-53c8-11ea-9410-b88a60e194fb", "timestamp": "2019-12-31T13:06:12.000Z", "eventType": "transaction", "_adobeamericaspot3": {"CRMID": "crmid:3656939203", "orderDetails": {"orderID": "orderid:222114", "reservationid": "HON-4ELL", "orderType": "website"}}}
{"_id": "de91a8e2-53c8-11ea-942f-b88a60e194fb", "timestamp": "2019-12-14T12:17:50.000Z", "eventType": "transaction", "_adobeamericaspot3": {"CRMID": "crmid:9791983695", "orderDetails": {"orderID": "orderid:241279", "reservationid": "QF1-JJP5", "orderType": "website"}}}
{"_id": "de924418-53c8-11ea-95b9-b88a60e194fb", "timestamp": "2020-01-21T03:52:40.000Z", "eventType": "transaction", "_adobeamericaspot3": {"CRMID": "crmid:6828214156", "orderDetails": {"orderID": "orderid:320243", "reservationid": "09Y-ZBLF", "orderType": "website"}}}
{"_id": "de926b12-53c8-11ea-87ab-b88a60e194fb", "timestamp": "2020-01-27T00:00:00.000Z", "eventType": "transaction", "_adobeamericaspot3": {"CRMID": "crmid:6828214156", "orderDetails": {"orderID": "orderid:590802", "reservationid": "FUU-JUH0", "orderType": "mobile"}}}
{"_id": "de926b13-53c8-11ea-969f-b88a60e194fb", "timestamp": "2020-01-30T00:00:00.000Z", "eventType": "transaction", "_adobeamericaspot3": {"CRMID": "crmid:6828214156", "orderDetails": {"orderID": "orderid:301918", "reservationid": "WHC-D06W", "orderType": "call center"}}}
{"_id": "de932e5a-53c8-11ea-be2e-b88a60e194fb", "timestamp": "2020-01-17T02:54:38.000Z", "eventType": "transaction", "_adobeamericaspot3": {"CRMID": "crmid:3173210178", "orderDetails": {"orderID": "orderid:381412", "reservationid": "JCR-XLJB", "orderType": "kiosk"}}}
{"_id": "de93cac0-53c8-11ea-93f3-b88a60e194fb", "timestamp": "2019-12-27T10:11:20.000Z", "eventType": "transaction", "_adobeamericaspot3": {"CRMID": "crmid:7787997560", "orderDetails": {"orderID": "orderid:535856", "reservationid": "DRN-ML36", "orderType": "kiosk"}}}
{"_id": "de9466d2-53c8-11ea-979b-b88a60e194fb", "timestamp": "2019-12-04T07:21:07.000Z", "eventType": "transaction", "_adobeamericaspot3": {"CRMID": "crmid:2520379165", "orderDetails": {"orderID": "orderid:809304", "reservationid": "N13-8UE5", "orderType": "website"}}}
{"_id": "de955140-53c8-11ea-b0f8-b88a60e194fb", "timestamp": "2019-12-15T10:02:01.000Z", "eventType": "transaction", "_adobeamericaspot3": {"CRMID": "crmid:6730897770", "orderDetails": {"orderID": "orderid:342973", "reservationid": "KHI-TVBF", "orderType": "call center"}}}
{"_id": "de961498-53c8-11ea-b69f-b88a60e194fb", "timestamp": "2019-12-04T15:51:31.000Z", "eventType": "transaction", "_adobeamericaspot3": {"CRMID": "crmid:1235476705", "orderDetails": {"orderID": "orderid:924497", "reservationid": "PIY-EFHR", "orderType": "call center"}}}
{"_id": "de96fef8-53c8-11ea-9a77-b88a60e194fb", "timestamp": "2019-12-10T12:13:09.000Z", "eventType": "transaction", "_adobeamericaspot3": {"CRMID": "crmid:1053115270", "orderDetails": {"orderID": "orderid:886037", "reservationid": "PVG-RUT3", "orderType": "service desk"}}}
{"_id": "de97e962-53c8-11ea-8398-b88a60e194fb", "timestamp": "2019-12-25T18:16:48.000Z", "eventType": "transaction", "_adobeamericaspot3": {"CRMID": "crmid:1323550498", "orderDetails": {"orderID": "orderid:430768", "reservationid": "9HO-RPDG", "orderType": "mobile"}}}
{"_id": "de98858c-53c8-11ea-8b9f-b88a60e194fb", "timestamp": "2019-12-15T17:01:33.000Z", "eventType": "transaction", "_adobeamericaspot3": {"CRMID": "crmid:9884194950", "orderDetails": {"orderID": "orderid:654515", "reservationid": "1CR-ENSL", "orderType": "call center"}}}
{"_id": "de9948c8-53c8-11ea-bb0e-b88a60e194fb", "timestamp": "2020-01-21T21:53:24.000Z", "eventType": "transaction", "_adobeamericaspot3": {"CRMID": "crmid:5786096546", "orderDetails": {"orderID": "orderid:224942", "reservationid": "NNR-GTF1", "orderType": "kiosk"}}}
{"_id": "de9a0c38-53c8-11ea-8199-b88a60e194fb", "timestamp": "2019-12-15T23:28:26.000Z", "eventType": "transaction", "_adobeamericaspot3": {"CRMID": "crmid:8884515454", "orderDetails": {"orderID": "orderid:432139", "reservationid": "5RX-RBDN", "orderType": "kiosk"}}}
{"_id": "de9aa886-53c8-11ea-b894-b88a60e194fb", "timestamp": "2020-01-08T00:08:53.000Z", "eventType": "transaction", "_adobeamericaspot3": {"CRMID": "crmid:6751402503", "orderDetails": {"orderID": "orderid:437007", "reservationid": "VOG-GDFK", "orderType": "website"}}}
{"_id": "de9b6bde-53c8-11ea-8647-b88a60e194fb", "timestamp": "2020-02-11T05:30:52.000Z", "eventType": "transaction", "_adobeamericaspot3": {"CRMID": "crmid:2007866094", "orderDetails": {"orderID": "orderid:358342", "reservationid": "UNI-A930", "orderType": "website"}}}
{"_id": "de9c2dcc-53c8-11ea-a72a-b88a60e194fb", "timestamp": "2019-12-18T15:33:04.000Z", "eventType": "transaction", "_adobeamericaspot3": {"CRMID": "crmid:9228671405", "orderDetails": {"orderID": "orderid:868889", "reservationid": "ZDD-ZLAJ", "orderType": "website"}}}
{"_id": "de9cf264-53c8-11ea-847a-b88a60e194fb", "timestamp": "2019-12-23T15:34:55.000Z", "eventType": "transaction", "_adobeamericaspot3": {"CRMID": "crmid:5765586097", "orderDetails": {"orderID": "orderid:288620", "reservationid": "HHY-P42W", "orderType": "kiosk"}}}
{"_id": "de9d8d54-53c8-11ea-950a-b88a60e194fb", "timestamp": "2020-01-13T10:16:05.000Z", "eventType": "transaction", "_adobeamericaspot3": {"CRMID": "crmid:3525697286", "orderDetails": {"orderID": "orderid:257142", "reservationid": "YCS-UKHB", "orderType": "website"}}}
{"_id": "de9e51f6-53c8-11ea-82df-b88a60e194fb", "timestamp": "2019-12-24T21:38:12.000Z", "eventType": "transaction", "_adobeamericaspot3": {"CRMID": "crmid:1791647348", "orderDetails": {"orderID": "orderid:215851", "reservationid": "FZI-PDZW", "orderType": "mobile"}}}
{"_id": "de9eee38-53c8-11ea-bf4d-b88a60e194fb", "timestamp": "2019-12-14T01:49:50.000Z", "eventType": "transaction", "_adobeamericaspot3": {"CRMID": "crmid:7543340960", "orderDetails": {"orderID": "orderid:691334", "reservationid": "QU8-SWAT", "orderType": "website"}}}
{"_id": "de9fffa4-53c8-11ea-a5c4-b88a60e194fb", "timestamp": "2019-12-07T11:37:45.000Z", "eventType": "transaction", "_adobeamericaspot3": {"CRMID": "crmid:4124614272", "orderDetails": {"orderID": "orderid:563430", "reservationid": "99S-9HMS", "orderType": "website"}}}
{"_id": "dea09bcc-53c8-11ea-98cf-b88a60e194fb", "timestamp": "2019-12-12T00:49:56.000Z", "eventType": "transaction", "_adobeamericaspot3": {"CRMID": "crmid:2354997040", "orderDetails": {"orderID": "orderid:217785", "reservationid": "NWD-DNGQ", "orderType": "call center"}}}
{"_id": "dea15f3a-53c8-11ea-9eca-b88a60e194fb", "timestamp": "2020-02-05T11:32:53.000Z", "eventType": "transaction", "_adobeamericaspot3": {"CRMID": "crmid:2342943650", "orderDetails": {"orderID": "orderid:601523", "reservationid": "LG2-SQZJ", "orderType": "website"}}}
{"_id": "dea1fb8c-53c8-11ea-ae3f-b88a60e194fb", "timestamp": "2020-01-01T07:52:03.000Z", "eventType": "transaction", "_adobeamericaspot3": {"CRMID": "crmid:3979648872", "orderDetails": {"orderID": "orderid:994554", "reservationid": "SHD-9TSD", "orderType": "call center"}}}
{"_id": "dea297b8-53c8-11ea-8f3e-b88a60e194fb", "timestamp": "2020-02-04T12:18:30.000Z", "eventType": "transaction", "_adobeamericaspot3": {"CRMID": "crmid:6032344279", "orderDetails": {"orderID": "orderid:564573", "reservationid": "ZV4-EKFY", "orderType": "service desk"}}}
{"_id": "dea35b1c-53c8-11ea-86b7-b88a60e194fb", "timestamp": "2019-12-27T21:20:06.000Z", "eventType": "transaction", "_adobeamericaspot3": {"CRMID": "crmid:8198413520", "orderDetails": {"orderID": "orderid:936937", "reservationid": "UJV-JLZK", "orderType": "call center"}}}
{"_id": "dea41e62-53c8-11ea-9b64-b88a60e194fb", "timestamp": "2020-01-27T02:04:21.000Z", "eventType": "transaction", "_adobeamericaspot3": {"CRMID": "crmid:8624201144", "orderDetails": {"orderID": "orderid:567073", "reservationid": "PKK-Y2EF", "orderType": "call center"}}}
{"_id": "dea4b952-53c8-11ea-95e4-b88a60e194fb", "timestamp": "2020-01-03T18:33:13.000Z", "eventType": "transaction", "_adobeamericaspot3": {"CRMID": "crmid:1348300918", "orderDetails": {"orderID": "orderid:492093", "reservationid": "1UE-YKZP", "orderType": "kiosk"}}}
{"_id": "dea57dc8-53c8-11ea-bd9b-b88a60e194fb", "timestamp": "2020-01-12T11:48:58.000Z", "eventType": "transaction", "_adobeamericaspot3": {"CRMID": "crmid:1869793904", "orderDetails": {"orderID": "orderid:860983", "reservationid": "FIV-JB7Q", "orderType": "call center"}}}
{"_id": "dea61a1e-53c8-11ea-9dd2-b88a60e194fb", "timestamp": "2019-12-24T00:50:28.000Z", "eventType": "transaction", "_adobeamericaspot3": {"CRMID": "crmid:9448548913", "orderDetails": {"orderID": "orderid:907697", "reservationid": "DFC-6J1P", "orderType": "call center"}}}
{"_id": "dea6dd94-53c8-11ea-be5c-b88a60e194fb", "timestamp": "2019-12-01T07:47:50.000Z", "eventType": "transaction", "_adobeamericaspot3": {"CRMID": "crmid:5718822037", "orderDetails": {"orderID": "orderid:132691", "reservationid": "QSR-OWRW", "orderType": "mobile"}}}
{"_id": "dea7c70c-53c8-11ea-a00d-b88a60e194fb", "timestamp": "2020-01-25T04:41:09.000Z", "eventType": "transaction", "_adobeamericaspot3": {"CRMID": "crmid:9627005649", "orderDetails": {"orderID": "orderid:573856", "reservationid": "W13-4CNJ", "orderType": "service desk"}}}
{"_id": "dea86418-53c8-11ea-849c-b88a60e194fb", "timestamp": "2020-01-18T09:16:34.000Z", "eventType": "transaction", "_adobeamericaspot3": {"CRMID": "crmid:8169740413", "orderDetails": {"orderID": "orderid:844702", "reservationid": "EYH-TZW7", "orderType": "call center"}}}
{"_id": "dea88b30-53c8-11ea-bc00-b88a60e194fb", "timestamp": "2020-01-23T00:00:00.000Z", "eventType": "transaction", "_adobeamericaspot3": {"CRMID": "crmid:8169740413", "orderDetails": {"orderID": "orderid:651346", "reservationid": "EHZ-XMQP", "orderType": "call center"}}}
{"_id": "dea94e86-53c8-11ea-b820-b88a60e194fb", "timestamp": "2020-01-14T05:49:06.000Z", "eventType": "transaction", "_adobeamericaspot3": {"CRMID": "crmid:5358229214", "orderDetails": {"orderID": "orderid:339193", "reservationid": "PYU-XJUV", "orderType": "website"}}}
{"_id": "deaa38d0-53c8-11ea-8af8-b88a60e194fb", "timestamp": "2020-01-04T16:16:02.000Z", "eventType": "transaction", "_adobeamericaspot3": {"CRMID": "crmid:8629103038", "orderDetails": {"orderID": "orderid:263722", "reservationid": "KAI-Y5LO", "orderType": "mobile"}}}
{"_id": "deab7164-53c8-11ea-98b6-b88a60e194fb", "timestamp": "2019-12-28T13:43:24.000Z", "eventType": "transaction", "_adobeamericaspot3": {"CRMID": "crmid:2565508077", "orderDetails": {"orderID": "orderid:429149", "reservationid": "NBX-C3XL", "orderType": "call center"}}}
{"_id": "deadbb3e-53c8-11ea-8119-b88a60e194fb", "timestamp": "2019-12-16T00:58:22.000Z", "eventType": "transaction", "_adobeamericaspot3": {"CRMID": "crmid:2434430394", "orderDetails": {"orderID": "orderid:416962", "reservationid": "CRA-WEHB", "orderType": "mobile"}}}
{"_id": "deaf68f0-53c8-11ea-a3c9-b88a60e194fb", "timestamp": "2020-02-09T02:30:04.000Z", "eventType": "transaction", "_adobeamericaspot3": {"CRMID": "crmid:9153215659", "orderDetails": {"orderID": "orderid:785594", "reservationid": "9VU-IG7C", "orderType": "service desk"}}}
{"_id": "deb13c5a-53c8-11ea-ad3e-b88a60e194fb", "timestamp": "2020-01-01T00:31:27.000Z", "eventType": "transaction", "_adobeamericaspot3": {"CRMID": "crmid:7355550817", "orderDetails": {"orderID": "orderid:932833", "reservationid": "0NV-BH1Z", "orderType": "website"}}}
{"_id": "deb3128c-53c8-11ea-9088-b88a60e194fb", "timestamp": "2019-12-11T19:24:51.000Z", "eventType": "transaction", "_adobeamericaspot3": {"CRMID": "crmid:2936416714", "orderDetails": {"orderID": "orderid:526397", "reservationid": "IHB-TCI9", "orderType": "mobile"}}}
{"_id": "deb58390-53c8-11ea-939a-b88a60e194fb", "timestamp": "2019-12-17T11:21:38.000Z", "eventType": "transaction", "_adobeamericaspot3": {"CRMID": "crmid:2907982996", "orderDetails": {"orderID": "orderid:487780", "reservationid": "QRN-XZJ1", "orderType": "call center"}}}
{"_id": "deb77f3e-53c8-11ea-8532-b88a60e194fb", "timestamp": "2019-12-09T09:51:30.000Z", "eventType": "transaction", "_adobeamericaspot3": {"CRMID": "crmid:5253509116", "orderDetails": {"orderID": "orderid:539696", "reservationid": "KHS-XZN2", "orderType": "call center"}}}
{"_id": "deb9541a-53c8-11ea-8ed3-b88a60e194fb", "timestamp": "2020-01-26T06:57:53.000Z", "eventType": "transaction", "_adobeamericaspot3": {"CRMID": "crmid:5987712459", "orderDetails": {"orderID": "orderid:382002", "reservationid": "C83-9YNK", "orderType": "website"}}}
{"_id": "debb01a8-53c8-11ea-a9c8-b88a60e194fb", "timestamp": "2020-01-12T09:54:53.000Z", "eventType": "transaction", "_adobeamericaspot3": {"CRMID": "crmid:3166769208", "orderDetails": {"orderID": "orderid:514114", "reservationid": "0ZY-JAOR", "orderType": "website"}}}
{"_id": "debcd68a-53c8-11ea-b402-b88a60e194fb", "timestamp": "2019-12-25T16:22:21.000Z", "eventType": "transaction", "_adobeamericaspot3": {"CRMID": "crmid:8655019088", "orderDetails": {"orderID": "orderid:501021", "reservationid": "AKB-C5KU", "orderType": "website"}}}
{"_id": "debcfd8c-53c8-11ea-85a6-b88a60e194fb", "timestamp": "2019-12-29T00:00:00.000Z", "eventType": "transaction", "_adobeamericaspot3": {"CRMID": "crmid:8655019088", "orderDetails": {"orderID": "orderid:565818", "reservationid": "9SB-NI8X", "orderType": "call center"}}}
{"_id": "debf2070-53c8-11ea-abc6-b88a60e194fb", "timestamp": "2020-01-19T03:46:11.000Z", "eventType": "transaction", "_adobeamericaspot3": {"CRMID": "crmid:6731643834", "orderDetails": {"orderID": "orderid:383220", "reservationid": "M46-KDND", "orderType": "mobile"}}}
{"_id": "dec0ce1a-53c8-11ea-811d-b88a60e194fb", "timestamp": "2020-02-10T02:50:20.000Z", "eventType": "transaction", "_adobeamericaspot3": {"CRMID": "crmid:7014069007", "orderDetails": {"orderID": "orderid:743738", "reservationid": "KQE-SKX3", "orderType": "call center"}}}
{"_id": "dec27be2-53c8-11ea-88c7-b88a60e194fb", "timestamp": "2020-02-11T12:14:26.000Z", "eventType": "transaction", "_adobeamericaspot3": {"CRMID": "crmid:5878605212", "orderDetails": {"orderID": "orderid:999648", "reservationid": "TYY-1A13", "orderType": "mobile"}}}
{"_id": "dec45074-53c8-11ea-afcd-b88a60e194fb", "timestamp": "2019-12-31T11:32:46.000Z", "eventType": "transaction", "_adobeamericaspot3": {"CRMID": "crmid:8128337132", "orderDetails": {"orderID": "orderid:902317", "reservationid": "WDJ-W9H9", "orderType": "kiosk"}}}
{"_id": "dec64af8-53c8-11ea-ab2a-b88a60e194fb", "timestamp": "2020-02-03T06:12:00.000Z", "eventType": "transaction", "_adobeamericaspot3": {"CRMID": "crmid:8278357029", "orderDetails": {"orderID": "orderid:667101", "reservationid": "XEC-TF46", "orderType": "kiosk"}}}
{"_id": "dec64af9-53c8-11ea-88a1-b88a60e194fb", "timestamp": "2020-02-11T00:00:00.000Z", "eventType": "transaction", "_adobeamericaspot3": {"CRMID": "crmid:8278357029", "orderDetails": {"orderID": "orderid:816487", "reservationid": "GVL-JGVZ", "orderType": "website"}}}
{"_id": "dec8210c-53c8-11ea-b99d-b88a60e194fb", "timestamp": "2019-12-13T12:23:30.000Z", "eventType": "transaction", "_adobeamericaspot3": {"CRMID": "crmid:5291040974", "orderDetails": {"orderID": "orderid:199642", "reservationid": "3QD-N9AW", "orderType": "website"}}}
{"_id": "deca43fa-53c8-11ea-bb02-b88a60e194fb", "timestamp": "2020-01-01T16:25:13.000Z", "eventType": "transaction", "_adobeamericaspot3": {"CRMID": "crmid:1573247178", "orderDetails": {"orderID": "orderid:185046", "reservationid": "CL3-NMYR", "orderType": "mobile"}}}
{"_id": "decbca90-53c8-11ea-8edd-b88a60e194fb", "timestamp": "2020-01-02T07:53:26.000Z", "eventType": "transaction", "_adobeamericaspot3": {"CRMID": "crmid:1945847913", "orderDetails": {"orderID": "orderid:916485", "reservationid": "PI3-7NR9", "orderType": "call center"}}}
{"_id": "dece3b98-53c8-11ea-b688-b88a60e194fb", "timestamp": "2019-12-23T05:42:00.000Z", "eventType": "transaction", "_adobeamericaspot3": {"CRMID": "crmid:2000241238", "orderDetails": {"orderID": "orderid:594141", "reservationid": "WLV-UUYI", "orderType": "mobile"}}}
{"_id": "decfc236-53c8-11ea-8302-b88a60e194fb", "timestamp": "2019-12-19T06:26:54.000Z", "eventType": "transaction", "_adobeamericaspot3": {"CRMID": "crmid:8657592180", "orderDetails": {"orderID": "orderid:433536", "reservationid": "BWF-UVLC", "orderType": "website"}}}
{"_id": "ded196f4-53c8-11ea-b635-b88a60e194fb", "timestamp": "2019-12-02T14:55:01.000Z", "eventType": "transaction", "_adobeamericaspot3": {"CRMID": "crmid:3015655862", "orderDetails": {"orderID": "orderid:534165", "reservationid": "ZXG-SV5Y", "orderType": "call center"}}}
{"_id": "ded45612-53c8-11ea-ae2b-b88a60e194fb", "timestamp": "2020-01-26T09:14:48.000Z", "eventType": "transaction", "_adobeamericaspot3": {"CRMID": "crmid:7693898950", "orderDetails": {"orderID": "orderid:352748", "reservationid": "BDH-UAOO", "orderType": "website"}}}
{"_id": "ded65070-53c8-11ea-a109-b88a60e194fb", "timestamp": "2020-02-16T04:43:00.000Z", "eventType": "transaction", "_adobeamericaspot3": {"CRMID": "crmid:7935424498", "orderDetails": {"orderID": "orderid:255019", "reservationid": "Z42-MBX7", "orderType": "call center"}}}
{"_id": "ded677ae-53c8-11ea-88aa-b88a60e194fb", "timestamp": "2020-02-22T00:00:00.000Z", "eventType": "transaction", "_adobeamericaspot3": {"CRMID": "crmid:7935424498", "orderDetails": {"orderID": "orderid:448338", "reservationid": "MKZ-3ZPJ", "orderType": "call center"}}}
{"_id": "ded84da8-53c8-11ea-b619-b88a60e194fb", "timestamp": "2019-12-19T02:22:01.000Z", "eventType": "transaction", "_adobeamericaspot3": {"CRMID": "crmid:6940472481", "orderDetails": {"orderID": "orderid:301967", "reservationid": "GM3-EIDF", "orderType": "website"}}}
{"_id": "ded9d45c-53c8-11ea-9623-b88a60e194fb", "timestamp": "2020-01-10T18:52:54.000Z", "eventType": "transaction", "_adobeamericaspot3": {"CRMID": "crmid:9381715544", "orderDetails": {"orderID": "orderid:102731", "reservationid": "HUV-XTGQ", "orderType": "website"}}}
{"_id": "dedbf730-53c8-11ea-9540-b88a60e194fb", "timestamp": "2020-01-05T06:01:52.000Z", "eventType": "transaction", "_adobeamericaspot3": {"CRMID": "crmid:7711939651", "orderDetails": {"orderID": "orderid:233102", "reservationid": "ZUR-0OII", "orderType": "call center"}}}
{"_id": "dedd7cca-53c8-11ea-b0c9-b88a60e194fb", "timestamp": "2020-01-01T05:49:09.000Z", "eventType": "transaction", "_adobeamericaspot3": {"CRMID": "crmid:5804501409", "orderDetails": {"orderID": "orderid:321480", "reservationid": "XME-JWJR", "orderType": "kiosk"}}}
{"_id": "dedda4fa-53c8-11ea-a055-b88a60e194fb", "timestamp": "2020-01-07T00:00:00.000Z", "eventType": "transaction", "_adobeamericaspot3": {"CRMID": "crmid:5804501409", "orderDetails": {"orderID": "orderid:382637", "reservationid": "YWS-RWPJ", "orderType": "call center"}}}
{"_id": "dededc12-53c8-11ea-a8a0-b88a60e194fb", "timestamp": "2019-12-07T23:50:20.000Z", "eventType": "transaction", "_adobeamericaspot3": {"CRMID": "crmid:9915310242", "orderDetails": {"orderID": "orderid:343726", "reservationid": "6EH-PZXZ", "orderType": "kiosk"}}}
{"_id": "dedf9f5e-53c8-11ea-9cc9-b88a60e194fb", "timestamp": "2019-12-09T04:13:16.000Z", "eventType": "transaction", "_adobeamericaspot3": {"CRMID": "crmid:2680352112", "orderDetails": {"orderID": "orderid:560243", "reservationid": "05X-3H0R", "orderType": "kiosk"}}}
{"_id": "dee03bb0-53c8-11ea-bca6-b88a60e194fb", "timestamp": "2020-01-04T16:56:07.000Z", "eventType": "transaction", "_adobeamericaspot3": {"CRMID": "crmid:5649797148", "orderDetails": {"orderID": "orderid:286808", "reservationid": "529-J49R", "orderType": "website"}}}
{"_id": "dee062b0-53c8-11ea-9993-b88a60e194fb", "timestamp": "2020-01-07T00:00:00.000Z", "eventType": "transaction", "_adobeamericaspot3": {"CRMID": "crmid:5649797148", "orderDetails": {"orderID": "orderid:827515", "reservationid": "DVO-NBSC", "orderType": "call center"}}}
{"_id": "dee12600-53c8-11ea-9ffc-b88a60e194fb", "timestamp": "2020-02-04T19:18:14.000Z", "eventType": "transaction", "_adobeamericaspot3": {"CRMID": "crmid:6126013721", "orderDetails": {"orderID": "orderid:451947", "reservationid": "WYR-RN2Q", "orderType": "kiosk"}}}
{"_id": "dee1eaa8-53c8-11ea-adce-b88a60e194fb", "timestamp": "2020-02-08T07:35:45.000Z", "eventType": "transaction", "_adobeamericaspot3": {"CRMID": "crmid:8039978384", "orderDetails": {"orderID": "orderid:927267", "reservationid": "AUK-NNHF", "orderType": "call center"}}}
{"_id": "dee286d2-53c8-11ea-873c-b88a60e194fb", "timestamp": "2019-12-24T01:59:30.000Z", "eventType": "transaction", "_adobeamericaspot3": {"CRMID": "crmid:5509512379", "orderDetails": {"orderID": "orderid:882656", "reservationid": "5NP-5CNV", "orderType": "website"}}}
{"_id": "dee3710c-53c8-11ea-9d0b-b88a60e194fb", "timestamp": "2020-02-07T04:01:10.000Z", "eventType": "transaction", "_adobeamericaspot3": {"CRMID": "crmid:6116975060", "orderDetails": {"orderID": "orderid:304991", "reservationid": "Q2M-9BR8", "orderType": "service desk"}}}
{"_id": "dee40d78-53c8-11ea-a42f-b88a60e194fb", "timestamp": "2020-01-22T00:33:55.000Z", "eventType": "transaction", "_adobeamericaspot3": {"CRMID": "crmid:7640088544", "orderDetails": {"orderID": "orderid:331807", "reservationid": "C3R-24F5", "orderType": "call center"}}}
{"_id": "dee4a9e6-53c8-11ea-a4c9-b88a60e194fb", "timestamp": "2020-01-21T05:32:17.000Z", "eventType": "transaction", "_adobeamericaspot3": {"CRMID": "crmid:7128490681", "orderDetails": {"orderID": "orderid:741542", "reservationid": "5BN-YVRE", "orderType": "website"}}}
{"_id": "dee56d0c-53c8-11ea-86ab-b88a60e194fb", "timestamp": "2020-01-18T03:16:10.000Z", "eventType": "transaction", "_adobeamericaspot3": {"CRMID": "crmid:9933434082", "orderDetails": {"orderID": "orderid:969954", "reservationid": "UUN-KE8V", "orderType": "service desk"}}}
{"_id": "dee67eec-53c8-11ea-a3a7-b88a60e194fb", "timestamp": "2020-01-09T18:33:01.000Z", "eventType": "transaction", "_adobeamericaspot3": {"CRMID": "crmid:5049471064", "orderDetails": {"orderID": "orderid:509833", "reservationid": "HLG-MCX9", "orderType": "website"}}}
{"_id": "dee71ae4-53c8-11ea-950a-b88a60e194fb", "timestamp": "2020-01-10T08:25:24.000Z", "eventType": "transaction", "_adobeamericaspot3": {"CRMID": "crmid:1070680918", "orderDetails": {"orderID": "orderid:566983", "reservationid": "YKV-QKS8", "orderType": "website"}}}
{"_id": "dee7de9a-53c8-11ea-8c8c-b88a60e194fb", "timestamp": "2019-12-16T21:29:42.000Z", "eventType": "transaction", "_adobeamericaspot3": {"CRMID": "crmid:7931485970", "orderDetails": {"orderID": "orderid:437141", "reservationid": "RFD-6ACR", "orderType": "website"}}}
{"_id": "dee87a5e-53c8-11ea-bd99-b88a60e194fb", "timestamp": "2020-02-03T22:31:06.000Z", "eventType": "transaction", "_adobeamericaspot3": {"CRMID": "crmid:2417616548", "orderDetails": {"orderID": "orderid:561300", "reservationid": "QGT-9BTM", "orderType": "mobile"}}}
{"_id": "dee93da6-53c8-11ea-ba0e-b88a60e194fb", "timestamp": "2020-01-29T23:36:24.000Z", "eventType": "transaction", "_adobeamericaspot3": {"CRMID": "crmid:6137768217", "orderDetails": {"orderID": "orderid:555567", "reservationid": "AI2-RJOV", "orderType": "service desk"}}}
{"_id": "dee9d9ca-53c8-11ea-bc97-b88a60e194fb", "timestamp": "2020-01-12T02:53:34.000Z", "eventType": "transaction", "_adobeamericaspot3": {"CRMID": "crmid:4411154998", "orderDetails": {"orderID": "orderid:410837", "reservationid": "V9C-KC5S", "orderType": "mobile"}}}
{"_id": "deea9d3a-53c8-11ea-bbac-b88a60e194fb", "timestamp": "2020-01-21T10:29:23.000Z", "eventType": "transaction", "_adobeamericaspot3": {"CRMID": "crmid:4244900416", "orderDetails": {"orderID": "orderid:466021", "reservationid": "JGX-MXTU", "orderType": "call center"}}}
{"_id": "deeb6080-53c8-11ea-a82c-b88a60e194fb", "timestamp": "2019-12-04T22:12:09.000Z", "eventType": "transaction", "_adobeamericaspot3": {"CRMID": "crmid:2474226068", "orderDetails": {"orderID": "orderid:643989", "reservationid": "HNK-ZBHN", "orderType": "website"}}}
{"_id": "deec2318-53c8-11ea-9c02-b88a60e194fb", "timestamp": "2019-12-16T23:25:19.000Z", "eventType": "transaction", "_adobeamericaspot3": {"CRMID": "crmid:1052882999", "orderDetails": {"orderID": "orderid:871544", "reservationid": "PMW-ZO3R", "orderType": "kiosk"}}}
{"_id": "deece724-53c8-11ea-bb4d-b88a60e194fb", "timestamp": "2019-12-27T09:12:15.000Z", "eventType": "transaction", "_adobeamericaspot3": {"CRMID": "crmid:3050070167", "orderDetails": {"orderID": "orderid:140494", "reservationid": "R2K-ZXAN", "orderType": "website"}}}
{"_id": "deed835a-53c8-11ea-8f75-b88a60e194fb", "timestamp": "2020-02-09T23:45:02.000Z", "eventType": "transaction", "_adobeamericaspot3": {"CRMID": "crmid:1340931513", "orderDetails": {"orderID": "orderid:252045", "reservationid": "KJY-PTPD", "orderType": "kiosk"}}}
{"_id": "deee6de6-53c8-11ea-9f5c-b88a60e194fb", "timestamp": "2019-12-20T03:25:03.000Z", "eventType": "transaction", "_adobeamericaspot3": {"CRMID": "crmid:6765031526", "orderDetails": {"orderID": "orderid:784796", "reservationid": "5V9-AUJ6", "orderType": "kiosk"}}}
{"_id": "deef0a18-53c8-11ea-a246-b88a60e194fb", "timestamp": "2020-01-19T07:59:09.000Z", "eventType": "transaction", "_adobeamericaspot3": {"CRMID": "crmid:6324538465", "orderDetails": {"orderID": "orderid:160672", "reservationid": "KYE-U63H", "orderType": "website"}}}
{"_id": "deeff462-53c8-11ea-aa91-b88a60e194fb", "timestamp": "2020-01-09T09:42:01.000Z", "eventType": "transaction", "_adobeamericaspot3": {"CRMID": "crmid:2579948899", "orderDetails": {"orderID": "orderid:566747", "reservationid": "TXX-CBFC", "orderType": "kiosk"}}}
{"_id": "def090b0-53c8-11ea-8279-b88a60e194fb", "timestamp": "2019-12-13T17:19:59.000Z", "eventType": "transaction", "_adobeamericaspot3": {"CRMID": "crmid:5555611568", "orderDetails": {"orderID": "orderid:309000", "reservationid": "XKR-FOMA", "orderType": "website"}}}
{"_id": "def153f0-53c8-11ea-9e5f-b88a60e194fb", "timestamp": "2019-12-16T08:38:01.000Z", "eventType": "transaction", "_adobeamericaspot3": {"CRMID": "crmid:9473123739", "orderDetails": {"orderID": "orderid:948107", "reservationid": "QF7-S2PC", "orderType": "mobile"}}}
{"_id": "def21746-53c8-11ea-b80b-b88a60e194fb", "timestamp": "2020-02-06T06:09:58.000Z", "eventType": "transaction", "_adobeamericaspot3": {"CRMID": "crmid:1480200912", "orderDetails": {"orderID": "orderid:985929", "reservationid": "5JR-FEJ2", "orderType": "call center"}}}
{"_id": "def2b37e-53c8-11ea-a55c-b88a60e194fb", "timestamp": "2019-12-09T05:55:15.000Z", "eventType": "transaction", "_adobeamericaspot3": {"CRMID": "crmid:6953809912", "orderDetails": {"orderID": "orderid:807987", "reservationid": "XIQ-HVXP", "orderType": "website"}}}
{"_id": "def34fe6-53c8-11ea-a5d2-b88a60e194fb", "timestamp": "2019-12-10T07:57:44.000Z", "eventType": "transaction", "_adobeamericaspot3": {"CRMID": "crmid:6341693872", "orderDetails": {"orderID": "orderid:440821", "reservationid": "POG-CEGC", "orderType": "website"}}}
{"_id": "def4131a-53c8-11ea-80e9-b88a60e194fb", "timestamp": "2020-01-26T21:59:50.000Z", "eventType": "transaction", "_adobeamericaspot3": {"CRMID": "crmid:6242163601", "orderDetails": {"orderID": "orderid:288681", "reservationid": "BLE-CNLX", "orderType": "website"}}}
{"_id": "def4fd86-53c8-11ea-b257-b88a60e194fb", "timestamp": "2020-01-18T18:17:08.000Z", "eventType": "transaction", "_adobeamericaspot3": {"CRMID": "crmid:2451267557", "orderDetails": {"orderID": "orderid:836747", "reservationid": "KBL-2TPT", "orderType": "kiosk"}}}
{"_id": "def5e682-53c8-11ea-b40d-b88a60e194fb", "timestamp": "2020-01-09T10:22:04.000Z", "eventType": "transaction", "_adobeamericaspot3": {"CRMID": "crmid:1408801240", "orderDetails": {"orderID": "orderid:545259", "reservationid": "2TI-HSXU", "orderType": "call center"}}}
{"_id": "def6a9d8-53c8-11ea-88eb-b88a60e194fb", "timestamp": "2019-12-20T16:55:36.000Z", "eventType": "transaction", "_adobeamericaspot3": {"CRMID": "crmid:8245418884", "orderDetails": {"orderID": "orderid:352376", "reservationid": "JPS-XMJN", "orderType": "mobile"}}}
{"_id": "def7475c-53c8-11ea-aaf6-b88a60e194fb", "timestamp": "2019-12-16T12:51:10.000Z", "eventType": "transaction", "_adobeamericaspot3": {"CRMID": "crmid:6463721055", "orderDetails": {"orderID": "orderid:998845", "reservationid": "XIL-IB6R", "orderType": "kiosk"}}}
{"_id": "def80948-53c8-11ea-83a3-b88a60e194fb", "timestamp": "2020-01-22T13:29:01.000Z", "eventType": "transaction", "_adobeamericaspot3": {"CRMID": "crmid:7119568154", "orderDetails": {"orderID": "orderid:423015", "reservationid": "30J-5W9X", "orderType": "service desk"}}}
{"_id": "def8a5ba-53c8-11ea-8b4e-b88a60e194fb", "timestamp": "2020-02-13T10:28:27.000Z", "eventType": "transaction", "_adobeamericaspot3": {"CRMID": "crmid:1268937782", "orderDetails": {"orderID": "orderid:263213", "reservationid": "GVI-HAJP", "orderType": "kiosk"}}}
{"_id": "def9915c-53c8-11ea-ae3c-b88a60e194fb", "timestamp": "2020-01-11T11:21:22.000Z", "eventType": "transaction", "_adobeamericaspot3": {"CRMID": "crmid:3260597245", "orderDetails": {"orderID": "orderid:600315", "reservationid": "D65-DXA4", "orderType": "website"}}}
{"_id": "defa2d8c-53c8-11ea-bc90-b88a60e194fb", "timestamp": "2020-01-27T05:10:33.000Z", "eventType": "transaction", "_adobeamericaspot3": {"CRMID": "crmid:1139011179", "orderDetails": {"orderID": "orderid:689021", "reservationid": "PME-KHIN", "orderType": "kiosk"}}}
{"_id": "defb1808-53c8-11ea-b7e4-b88a60e194fb", "timestamp": "2020-02-16T18:38:47.000Z", "eventType": "transaction", "_adobeamericaspot3": {"CRMID": "crmid:5674362189", "orderDetails": {"orderID": "orderid:606168", "reservationid": "ILC-KPDS", "orderType": "kiosk"}}}
{"_id": "defbb45e-53c8-11ea-a597-b88a60e194fb", "timestamp": "2020-01-19T08:58:40.000Z", "eventType": "transaction", "_adobeamericaspot3": {"CRMID": "crmid:9189140778", "orderDetails": {"orderID": "orderid:877874", "reservationid": "TRA-DAQO", "orderType": "call center"}}}
{"_id": "defc508c-53c8-11ea-8809-b88a60e194fb", "timestamp": "2020-01-11T14:06:58.000Z", "eventType": "transaction", "_adobeamericaspot3": {"CRMID": "crmid:9648241246", "orderDetails": {"orderID": "orderid:534859", "reservationid": "1WF-GRLY", "orderType": "call center"}}}
{"_id": "defd3ad8-53c8-11ea-8549-b88a60e194fb", "timestamp": "2019-12-10T14:45:22.000Z", "eventType": "transaction", "_adobeamericaspot3": {"CRMID": "crmid:6870028434", "orderDetails": {"orderID": "orderid:211747", "reservationid": "DAH-RPFF", "orderType": "kiosk"}}}
{"_id": "defe2538-53c8-11ea-8c3c-b88a60e194fb", "timestamp": "2019-12-06T14:54:57.000Z", "eventType": "transaction", "_adobeamericaspot3": {"CRMID": "crmid:3264386879", "orderDetails": {"orderID": "orderid:117264", "reservationid": "UKD-BA07", "orderType": "website"}}}
{"_id": "defec18c-53c8-11ea-8dda-b88a60e194fb", "timestamp": "2020-01-13T14:50:35.000Z", "eventType": "transaction", "_adobeamericaspot3": {"CRMID": "crmid:1417936207", "orderDetails": {"orderID": "orderid:565914", "reservationid": "99X-S7XI", "orderType": "call center"}}}
{"_id": "deff84e4-53c8-11ea-9c5d-b88a60e194fb", "timestamp": "2020-02-03T09:34:25.000Z", "eventType": "transaction", "_adobeamericaspot3": {"CRMID": "crmid:7672340873", "orderDetails": {"orderID": "orderid:380750", "reservationid": "TNW-AQ5I", "orderType": "mobile"}}}
{"_id": "df004814-53c8-11ea-a309-b88a60e194fb", "timestamp": "2020-01-25T02:28:31.000Z", "eventType": "transaction", "_adobeamericaspot3": {"CRMID": "crmid:5864151123", "orderDetails": {"orderID": "orderid:241495", "reservationid": "52D-KOOT", "orderType": "mobile"}}}
{"_id": "df010b62-53c8-11ea-ba6f-b88a60e194fb", "timestamp": "2019-12-21T09:00:16.000Z", "eventType": "transaction", "_adobeamericaspot3": {"CRMID": "crmid:5498590398", "orderDetails": {"orderID": "orderid:904006", "reservationid": "AT9-04GT", "orderType": "kiosk"}}}
{"_id": "df01a79c-53c8-11ea-a0ef-b88a60e194fb", "timestamp": "2019-12-13T02:11:13.000Z", "eventType": "transaction", "_adobeamericaspot3": {"CRMID": "crmid:5185502151", "orderDetails": {"orderID": "orderid:493520", "reservationid": "LAW-FUG0", "orderType": "service desk"}}}
{"_id": "df0269b6-53c8-11ea-8c1d-b88a60e194fb", "timestamp": "2020-01-05T20:18:47.000Z", "eventType": "transaction", "_adobeamericaspot3": {"CRMID": "crmid:3726222411", "orderDetails": {"orderID": "orderid:115106", "reservationid": "XXP-C6VO", "orderType": "mobile"}}}
{"_id": "df032e40-53c8-11ea-8408-b88a60e194fb", "timestamp": "2019-12-22T18:57:47.000Z", "eventType": "transaction", "_adobeamericaspot3": {"CRMID": "crmid:8779914471", "orderDetails": {"orderID": "orderid:506093", "reservationid": "JM8-DI8P", "orderType": "mobile"}}}
{"_id": "df04b37e-53c8-11ea-9c00-b88a60e194fb", "timestamp": "2020-01-12T01:08:13.000Z", "eventType": "transaction", "_adobeamericaspot3": {"CRMID": "crmid:3743517604", "orderDetails": {"orderID": "orderid:311051", "reservationid": "AMD-1MBK", "orderType": "website"}}}
{"_id": "df05c6da-53c8-11ea-9ad6-b88a60e194fb", "timestamp": "2020-01-31T16:05:17.000Z", "eventType": "transaction", "_adobeamericaspot3": {"CRMID": "crmid:8669821876", "orderDetails": {"orderID": "orderid:226725", "reservationid": "0WG-HGM1", "orderType": "kiosk"}}}
{"_id": "df092212-53c8-11ea-a1a5-b88a60e194fb", "timestamp": "2019-12-03T15:18:39.000Z", "eventType": "transaction", "_adobeamericaspot3": {"CRMID": "crmid:7748525752", "orderDetails": {"orderID": "orderid:764327", "reservationid": "SFO-LVNC", "orderType": "website"}}}
{"_id": "df0a0c12-53c8-11ea-bdd6-b88a60e194fb", "timestamp": "2019-12-30T18:57:48.000Z", "eventType": "transaction", "_adobeamericaspot3": {"CRMID": "crmid:1512700643", "orderDetails": {"orderID": "orderid:358729", "reservationid": "CBP-557T", "orderType": "call center"}}}
{"_id": "df0b6b9c-53c8-11ea-aec2-b88a60e194fb", "timestamp": "2019-12-13T22:28:03.000Z", "eventType": "transaction", "_adobeamericaspot3": {"CRMID": "crmid:7850601271", "orderDetails": {"orderID": "orderid:865358", "reservationid": "YEB-LB6S", "orderType": "service desk"}}}
{"_id": "df0c2ef4-53c8-11ea-92fd-b88a60e194fb", "timestamp": "2020-01-24T01:13:18.000Z", "eventType": "transaction", "_adobeamericaspot3": {"CRMID": "crmid:1871755915", "orderDetails": {"orderID": "orderid:815551", "reservationid": "GG1-Q44C", "orderType": "website"}}}
{"_id": "df0cf23a-53c8-11ea-973e-b88a60e194fb", "timestamp": "2019-12-06T17:19:56.000Z", "eventType": "transaction", "_adobeamericaspot3": {"CRMID": "crmid:8658516930", "orderDetails": {"orderID": "orderid:535561", "reservationid": "EWN-GG1S", "orderType": "mobile"}}}
{"_id": "df0db58c-53c8-11ea-95d3-b88a60e194fb", "timestamp": "2019-12-21T10:17:45.000Z", "eventType": "transaction", "_adobeamericaspot3": {"CRMID": "crmid:9350425292", "orderDetails": {"orderID": "orderid:800991", "reservationid": "LES-2MGF", "orderType": "kiosk"}}}
{"_id": "df0e7874-53c8-11ea-a8b2-b88a60e194fb", "timestamp": "2020-01-21T06:30:40.000Z", "eventType": "transaction", "_adobeamericaspot3": {"CRMID": "crmid:2319366967", "orderDetails": {"orderID": "orderid:450237", "reservationid": "SSV-PHBB", "orderType": "call center"}}}
{"_id": "df0f1528-53c8-11ea-ad5e-b88a60e194fb", "timestamp": "2019-12-23T21:08:36.000Z", "eventType": "transaction", "_adobeamericaspot3": {"CRMID": "crmid:7710431653", "orderDetails": {"orderID": "orderid:774332", "reservationid": "4R3-AR4U", "orderType": "kiosk"}}}
{"_id": "df0fd888-53c8-11ea-b33a-b88a60e194fb", "timestamp": "2020-01-07T23:43:18.000Z", "eventType": "transaction", "_adobeamericaspot3": {"CRMID": "crmid:2923634718", "orderDetails": {"orderID": "orderid:313323", "reservationid": "MXM-6BHA", "orderType": "website"}}}
{"_id": "df109a5a-53c8-11ea-8f0d-b88a60e194fb", "timestamp": "2020-01-22T10:38:14.000Z", "eventType": "transaction", "_adobeamericaspot3": {"CRMID": "crmid:2870682620", "orderDetails": {"orderID": "orderid:616026", "reservationid": "KGL-NYUU", "orderType": "mobile"}}}
{"_id": "df115f14-53c8-11ea-b957-b88a60e194fb", "timestamp": "2020-01-04T18:30:57.000Z", "eventType": "transaction", "_adobeamericaspot3": {"CRMID": "crmid:9448050560", "orderDetails": {"orderID": "orderid:177629", "reservationid": "IWY-N0WX", "orderType": "website"}}}
{"_id": "df124998-53c8-11ea-95f0-b88a60e194fb", "timestamp": "2020-01-09T11:50:02.000Z", "eventType": "transaction", "_adobeamericaspot3": {"CRMID": "crmid:6121696796", "orderDetails": {"orderID": "orderid:116402", "reservationid": "9HR-K0E0", "orderType": "call center"}}}
{"_id": "df12709c-53c8-11ea-9cca-b88a60e194fb", "timestamp": "2020-01-15T00:00:00.000Z", "eventType": "transaction", "_adobeamericaspot3": {"CRMID": "crmid:6121696796", "orderDetails": {"orderID": "orderid:484361", "reservationid": "BMH-OK3P", "orderType": "website"}}}
{"_id": "df130ce6-53c8-11ea-b141-b88a60e194fb", "timestamp": "2020-01-23T01:34:44.000Z", "eventType": "transaction", "_adobeamericaspot3": {"CRMID": "crmid:4628261159", "orderDetails": {"orderID": "orderid:795689", "reservationid": "KRO-XYDQ", "orderType": "call center"}}}
