{"_id": "orderid:532719", "timestamp": "2020-01-10T08:18:53.000Z", "eventType": "transaction", "_adobeamericaspot3": {"CRMID": "crmid:2859197760", "orderDetails": {"orderID": "orderid:532719", "reservationid": "G4C-ZOF5", "orderType": "call center", "hotelSKU": "prd1076", "hotelCheckInUnix": "1581063533", "hotelCheckOutUnix": "1582100333", "hotelCheckInTS": "2020-02-07T08:18:53+00:00", "hotelCheckOutTS": "2020-02-19T08:18:53+00:00", "hotelChain": "Aspen Heights", "hotelName": "Aspen Heights: Bogota", "hotelLocation": "Bogota", "hotelRoomType": "standard", "hotelRoomCount": "1", "hotelGuestAdultCount": "1", "hotelGuestChildCount": "0", "hotelNightCount": "12", "hotelRoomPrice": "114.8", "hotelFinalPrice": "1377.6"}}}
{"_id": "orderid:829958", "timestamp": "2020-02-07T19:14:49.000Z", "eventType": "transaction", "_adobeamericaspot3": {"CRMID": "crmid:5736754787", "orderDetails": {"orderID": "orderid:829958", "reservationid": "OWE-BZLP", "orderType": "website", "hotelSKU": "prd1076", "hotelCheckInUnix": "1583003689", "hotelCheckOutUnix": "1583781289", "hotelCheckInTS": "2020-02-29T19:14:49+00:00", "hotelCheckOutTS": "2020-03-09T19:14:49+00:00", "hotelChain": "Aspen Heights", "hotelName": "Aspen Heights: Bogota", "hotelLocation": "Bogota", "hotelRoomType": "standard", "hotelRoomCount": "1", "hotelGuestAdultCount": "1", "hotelGuestChildCount": "0", "hotelNightCount": "9", "hotelRoomPrice": "146.84", "hotelFinalPrice": "1321.56"}}}
{"_id": "orderid:293476", "timestamp": "2020-02-01T15:32:57.000Z", "eventType": "transaction", "_adobeamericaspot3": {"CRMID": "crmid:5381006784", "orderDetails": {"orderID": "orderid:293476", "reservationid": "20L-LQW8", "orderType": "call center", "hotelSKU": "prd1093", "hotelCheckInUnix": "1582903977", "hotelCheckOutUnix": "1583249577", "hotelCheckInTS": "2020-02-28T15:32:57+00:00", "hotelCheckOutTS": "2020-03-03T15:32:57+00:00", "hotelChain": "Admiralty Plaza", "hotelName": "Admiralty Plaza: Yokohama", "hotelLocation": "Yokohama", "hotelRoomType": "luxury", "hotelRoomCount": "1", "hotelGuestAdultCount": "1", "hotelGuestChildCount": "0", "hotelNightCount": "4", "hotelRoomPrice": "395.84", "hotelFinalPrice": "1583.36"}}}
{"_id": "orderid:455877", "timestamp": "2020-02-15T09:33:15.000Z", "eventType": "transaction", "_adobeamericaspot3": {"CRMID": "crmid:3128252114", "orderDetails": {"orderID": "orderid:455877", "reservationid": "A0U-YOU6", "orderType": "website", "hotelSKU": "prd1167", "hotelCheckInUnix": "1581845595", "hotelCheckOutUnix": "1582363995", "hotelCheckInTS": "2020-02-16T09:33:15+00:00", "hotelCheckOutTS": "2020-02-22T09:33:15+00:00", "hotelChain": "Hospitality Inn", "hotelName": "Hospitality Inn: Milwaukee", "hotelLocation": "Milwaukee", "hotelRoomType": "luxury", "hotelRoomCount": "1", "hotelGuestAdultCount": "1", "hotelGuestChildCount": "0", "hotelNightCount": "6", "hotelRoomPrice": "229.72", "hotelFinalPrice": "1378.32"}}}
{"_id": "orderid:420295", "timestamp": "2019-12-22T03:58:12.000Z", "eventType": "transaction", "_adobeamericaspot3": {"CRMID": "crmid:5477927413", "orderDetails": {"orderID": "orderid:420295", "reservationid": "1GC-TJ8A", "orderType": "kiosk", "hotelSKU": "prd1052", "hotelCheckInUnix": "1577159892", "hotelCheckOutUnix": "1577246292", "hotelCheckInTS": "2019-12-24T03:58:12+00:00", "hotelCheckOutTS": "2019-12-25T03:58:12+00:00", "hotelChain": "Aspen Heights", "hotelName": "Aspen Heights: Wichita", "hotelLocation": "Wichita", "hotelRoomType": "standard", "hotelRoomCount": "1", "hotelGuestAdultCount": "1", "hotelGuestChildCount": "0", "hotelNightCount": "1", "hotelRoomPrice": "126.85", "hotelFinalPrice": "126.85"}}}
{"_id": "orderid:255255", "timestamp": "2020-01-29T17:14:04.000Z", "eventType": "transaction", "_adobeamericaspot3": {"CRMID": "crmid:7713439942", "orderDetails": {"orderID": "orderid:255255", "reservationid": "HNV-1MO7", "orderType": "kiosk", "hotelSKU": "prd1149", "hotelCheckInUnix": "1582564444", "hotelCheckOutUnix": "1583082844", "hotelCheckInTS": "2020-02-24T17:14:04+00:00", "hotelCheckOutTS": "2020-03-01T17:14:04+00:00", "hotelChain": "Sapphire Suites", "hotelName": "Sapphire Suites: San Francisco", "hotelLocation": "San Francisco", "hotelRoomType": "standard", "hotelRoomCount": "1", "hotelGuestAdultCount": "1", "hotelGuestChildCount": "3", "hotelNightCount": "6", "hotelRoomPrice": "191.73", "hotelFinalPrice": "1150.38"}}}
{"_id": "orderid:841751", "timestamp": "2020-01-03T03:10:35.000Z", "eventType": "transaction", "_adobeamericaspot3": {"CRMID": "crmid:2790577224", "orderDetails": {"orderID": "orderid:841751", "reservationid": "EEN-TDFI", "orderType": "website", "hotelSKU": "prd1117", "hotelCheckInUnix": "1578971435", "hotelCheckOutUnix": "1579576235", "hotelCheckInTS": "2020-01-14T03:10:35+00:00", "hotelCheckOutTS": "2020-01-21T03:10:35+00:00", "hotelChain": "Admiralty Plaza", "hotelName": "Admiralty Plaza: Dublin", "hotelLocation": "Dublin", "hotelRoomType": "presidential-suite", "hotelRoomCount": "1", "hotelGuestAdultCount": "1", "hotelGuestChildCount": "0", "hotelNightCount": "7", "hotelRoomPrice": "882.32", "hotelFinalPrice": "6176.24"}}}
{"_id": "orderid:429481", "timestamp": "2020-02-15T01:59:45.000Z", "eventType": "transaction", "_adobeamericaspot3": {"CRMID": "crmid:2883395684", "orderDetails": {"orderID": "orderid:429481", "reservationid": "CSC-DINF", "orderType": "call center", "hotelSKU": "prd1052", "hotelCheckInUnix": "1583027985", "hotelCheckOutUnix": "1583287185", "hotelCheckInTS": "2020-03-01T01:59:45+00:00", "hotelCheckOutTS": "2020-03-04T01:59:45+00:00", "hotelChain": "Aspen Heights", "hotelName": "Aspen Heights: Wichita", "hotelLocation": "Wichita", "hotelRoomType": "standard", "hotelRoomCount": "1", "hotelGuestAdultCount": "1", "hotelGuestChildCount": "0", "hotelNightCount": "3", "hotelRoomPrice": "135.82", "hotelFinalPrice": "407.46"}}}
{"_id": "orderid:209351", "timestamp": "2019-12-10T21:16:14.000Z", "eventType": "transaction", "_adobeamericaspot3": {"CRMID": "crmid:3493674079", "orderDetails": {"orderID": "orderid:209351", "reservationid": "9DR-TMKI", "orderType": "kiosk", "hotelSKU": "prd1136", "hotelCheckInUnix": "1577567774", "hotelCheckOutUnix": "1579122974", "hotelCheckInTS": "2019-12-28T21:16:14+00:00", "hotelCheckOutTS": "2020-01-15T21:16:14+00:00", "hotelChain": "Aspen Heights", "hotelName": "Aspen Heights: Osaka", "hotelLocation": "Osaka", "hotelRoomType": "standard", "hotelRoomCount": "1", "hotelGuestAdultCount": "1", "hotelGuestChildCount": "0", "hotelNightCount": "18", "hotelRoomPrice": "105.33", "hotelFinalPrice": "1895.94"}}}
{"_id": "orderid:375006", "timestamp": "2020-02-04T11:19:05.000Z", "eventType": "transaction", "_adobeamericaspot3": {"CRMID": "crmid:9855492746", "orderDetails": {"orderID": "orderid:375006", "reservationid": "QO0-GSOE", "orderType": "kiosk", "hotelSKU": "prd1188", "hotelCheckInUnix": "1583320745", "hotelCheckOutUnix": "1584530345", "hotelCheckInTS": "2020-03-04T11:19:05+00:00", "hotelCheckOutTS": "2020-03-18T11:19:05+00:00", "hotelChain": "Repose Resort", "hotelName": "Repose Resort: Tampa", "hotelLocation": "Tampa", "hotelRoomType": "standard", "hotelRoomCount": "1", "hotelGuestAdultCount": "1", "hotelGuestChildCount": "0", "hotelNightCount": "14", "hotelRoomPrice": "176.65", "hotelFinalPrice": "2473.1"}}}
{"_id": "orderid:970766", "timestamp": "2020-02-09T09:42:16.000Z", "eventType": "transaction", "_adobeamericaspot3": {"CRMID": "crmid:9398993148", "orderDetails": {"orderID": "orderid:970766", "reservationid": "AUS-PUGV", "orderType": "website", "hotelSKU": "prd1068", "hotelCheckInUnix": "1582364536", "hotelCheckOutUnix": "1582796536", "hotelCheckInTS": "2020-02-22T09:42:16+00:00", "hotelCheckOutTS": "2020-02-27T09:42:16+00:00", "hotelChain": "Repose Resort", "hotelName": "Repose Resort: Dhaka", "hotelLocation": "Dhaka", "hotelRoomType": "standard", "hotelRoomCount": "1", "hotelGuestAdultCount": "1", "hotelGuestChildCount": "0", "hotelNightCount": "5", "hotelRoomPrice": "153.21", "hotelFinalPrice": "766.05"}}}
{"_id": "orderid:108045", "timestamp": "2020-01-16T22:38:42.000Z", "eventType": "transaction", "_adobeamericaspot3": {"CRMID": "crmid:6819334367", "orderDetails": {"orderID": "orderid:108045", "reservationid": "1HV-ZTMZ", "orderType": "kiosk", "hotelSKU": "prd1160", "hotelCheckInUnix": "1579646322", "hotelCheckOutUnix": "1580164722", "hotelCheckInTS": "2020-01-21T22:38:42+00:00", "hotelCheckOutTS": "2020-01-27T22:38:42+00:00", "hotelChain": "Aspen Heights", "hotelName": "Aspen Heights: Nashville", "hotelLocation": "Nashville", "hotelRoomType": "standard", "hotelRoomCount": "1", "hotelGuestAdultCount": "1", "hotelGuestChildCount": "3", "hotelNightCount": "6", "hotelRoomPrice": "115.53", "hotelFinalPrice": "693.18"}}}
{"_id": "orderid:758036", "timestamp": "2019-12-14T14:01:19.000Z", "eventType": "transaction", "_adobeamericaspot3": {"CRMID": "crmid:1675841623", "orderDetails": {"orderID": "orderid:758036", "reservationid": "TSK-ZQQ8", "orderType": "website", "hotelSKU": "prd1022", "hotelCheckInUnix": "1578664879", "hotelCheckOutUnix": "1579356079", "hotelCheckInTS": "2020-01-10T14:01:19+00:00", "hotelCheckOutTS": "2020-01-18T14:01:19+00:00", "hotelChain": "Blue Reef Resort", "hotelName": "Blue Reef Resort: Washington DC", "hotelLocation": "Washington DC", "hotelRoomType": "standard", "hotelRoomCount": "1", "hotelGuestAdultCount": "1", "hotelGuestChildCount": "2", "hotelNightCount": "8", "hotelRoomPrice": "100.14", "hotelFinalPrice": "801.12"}}}
{"_id": "orderid:832835", "timestamp": "2020-01-13T13:13:21.000Z", "eventType": "transaction", "_adobeamericaspot3": {"CRMID": "crmid:4031147204", "orderDetails": {"orderID": "orderid:832835", "reservationid": "ZTO-DDTJ", "orderType": "call center", "hotelSKU": "prd1124", "hotelCheckInUnix": "1579353201", "hotelCheckOutUnix": "1580044401", "hotelCheckInTS": "2020-01-18T13:13:21+00:00", "hotelCheckOutTS": "2020-01-26T13:13:21+00:00", "hotelChain": "Aspen Heights", "hotelName": "Aspen Heights: Leeds", "hotelLocation": "Leeds", "hotelRoomType": "standard", "hotelRoomCount": "1", "hotelGuestAdultCount": "1", "hotelGuestChildCount": "0", "hotelNightCount": "8", "hotelRoomPrice": "177.6", "hotelFinalPrice": "1420.8"}}}
{"_id": "orderid:706328", "timestamp": "2019-12-27T11:57:38.000Z", "eventType": "transaction", "_adobeamericaspot3": {"CRMID": "crmid:8261968251", "orderDetails": {"orderID": "orderid:706328", "reservationid": "5BK-1FSZ", "orderType": "website", "hotelSKU": "prd1172", "hotelCheckInUnix": "1578052658", "hotelCheckOutUnix": "1578743858", "hotelCheckInTS": "2020-01-03T11:57:38+00:00", "hotelCheckOutTS": "2020-01-11T11:57:38+00:00", "hotelChain": "Aspen Heights", "hotelName": "Aspen Heights: Mesa", "hotelLocation": "Mesa", "hotelRoomType": "standard", "hotelRoomCount": "1", "hotelGuestAdultCount": "1", "hotelGuestChildCount": "0", "hotelNightCount": "8", "hotelRoomPrice": "128.18", "hotelFinalPrice": "1025.44"}}}
{"_id": "orderid:481097", "timestamp": "2020-02-05T01:26:49.000Z", "eventType": "transaction", "_adobeamericaspot3": {"CRMID": "crmid:6749069480", "orderDetails": {"orderID": "orderid:481097", "reservationid": "R97-IYQJ", "orderType": "website", "hotelSKU": "prd1166", "hotelCheckInUnix": "1580952409", "hotelCheckOutUnix": "1581038809", "hotelCheckInTS": "2020-02-06T01:26:49+00:00", "hotelCheckOutTS": "2020-02-07T01:26:49+00:00", "hotelChain": "Blue Reef Resort", "hotelName": "Blue Reef Resort: Baltimore", "hotelLocation": "Baltimore", "hotelRoomType": "standard", "hotelRoomCount": "1", "hotelGuestAdultCount": "1", "hotelGuestChildCount": "0", "hotelNightCount": "1", "hotelRoomPrice": "130.9", "hotelFinalPrice": "130.9"}}}
{"_id": "orderid:720622", "timestamp": "2020-01-17T04:55:28.000Z", "eventType": "transaction", "_adobeamericaspot3": {"CRMID": "crmid:5594419916", "orderDetails": {"orderID": "orderid:720622", "reservationid": "OJK-HE0P", "orderType": "website", "hotelSKU": "prd1178", "hotelCheckInUnix": "1579582528", "hotelCheckOutUnix": "1579668928", "hotelCheckInTS": "2020-01-21T04:55:28+00:00", "hotelCheckOutTS": "2020-01-22T04:55:28+00:00", "hotelChain": "Blue Reef Resort", "hotelName": "Blue Reef Resort: Colorado Springs", "hotelLocation": "Colorado Springs", "hotelRoomType": "standard", "hotelRoomCount": "1", "hotelGuestAdultCount": "1", "hotelGuestChildCount": "0", "hotelNightCount": "1", "hotelRoomPrice": "94.36", "hotelFinalPrice": "94.36"}}}
{"_id": "orderid:430214", "timestamp": "2020-01-07T16:42:49.000Z", "eventType": "transaction", "_adobeamericaspot3": {"CRMID": "crmid:2774276278", "orderDetails": {"orderID": "orderid:430214", "reservationid": "SXF-IXCI", "orderType": "call center", "hotelSKU": "prd1016", "hotelCheckInUnix": "1580834569", "hotelCheckOutUnix": "1581352969", "hotelCheckInTS": "2020-02-04T16:42:49+00:00", "hotelCheckOutTS": "2020-02-10T16:42:49+00:00", "hotelChain": "Aspen Heights", "hotelName": "Aspen Heights: Columbus", "hotelLocation": "Columbus", "hotelRoomType": "standard", "hotelRoomCount": "1", "hotelGuestAdultCount": "1", "hotelGuestChildCount": "0", "hotelNightCount": "6", "hotelRoomPrice": "154.85", "hotelFinalPrice": "929.1"}}}
{"_id": "orderid:723887", "timestamp": "2020-01-01T03:29:29.000Z", "eventType": "transaction", "_adobeamericaspot3": {"CRMID": "crmid:1809552875", "orderDetails": {"orderID": "orderid:723887", "reservationid": "QS6-VOK6", "orderType": "kiosk", "hotelSKU": "prd1035", "hotelCheckInUnix": "1577935769", "hotelCheckOutUnix": "1578022169", "hotelCheckInTS": "2020-01-02T03:29:29+00:00", "hotelCheckOutTS": "2020-01-03T03:29:29+00:00", "hotelChain": "Hospitality Inn", "hotelName": "Hospitality Inn: Tucson", "hotelLocation": "Tucson", "hotelRoomType": "standard", "hotelRoomCount": "1", "hotelGuestAdultCount": "1", "hotelGuestChildCount": "0", "hotelNightCount": "1", "hotelRoomPrice": "123.06", "hotelFinalPrice": "123.06"}}}
{"_id": "orderid:588217", "timestamp": "2019-12-15T21:24:27.000Z", "eventType": "transaction", "_adobeamericaspot3": {"CRMID": "crmid:2741036710", "orderDetails": {"orderID": "orderid:588217", "reservationid": "FT5-5CPB", "orderType": "kiosk", "hotelSKU": "prd1039", "hotelCheckInUnix": "1576704267", "hotelCheckOutUnix": "1577049867", "hotelCheckInTS": "2019-12-18T21:24:27+00:00", "hotelCheckOutTS": "2019-12-22T21:24:27+00:00", "hotelChain": "Family Fun Hotels", "hotelName": "Family Fun Hotels: Kansas City", "hotelLocation": "Kansas City", "hotelRoomType": "standard", "hotelRoomCount": "1", "hotelGuestAdultCount": "1", "hotelGuestChildCount": "0", "hotelNightCount": "4", "hotelRoomPrice": "145.53", "hotelFinalPrice": "582.12"}}}
{"_id": "orderid:400935", "timestamp": "2020-02-14T23:44:01.000Z", "eventType": "transaction", "_adobeamericaspot3": {"CRMID": "crmid:6666286660", "orderDetails": {"orderID": "orderid:400935", "reservationid": "QHU-EV1F", "orderType": "mobile", "hotelSKU": "prd1052", "hotelCheckInUnix": "1583883841", "hotelCheckOutUnix": "1584402241", "hotelCheckInTS": "2020-03-10T23:44:01+00:00", "hotelCheckOutTS": "2020-03-16T23:44:01+00:00", "hotelChain": "Aspen Heights", "hotelName": "Aspen Heights: Wichita", "hotelLocation": "Wichita", "hotelRoomType": "standard", "hotelRoomCount": "1", "hotelGuestAdultCount": "1", "hotelGuestChildCount": "0", "hotelNightCount": "6", "hotelRoomPrice": "159.24", "hotelFinalPrice": "955.44"}}}
{"_id": "orderid:856802", "timestamp": "2019-12-19T21:21:06.000Z", "eventType": "transaction", "_adobeamericaspot3": {"CRMID": "crmid:2089794940", "orderDetails": {"orderID": "orderid:856802", "reservationid": "XTB-XGD9", "orderType": "website", "hotelSKU": "prd1165", "hotelCheckInUnix": "1576876866", "hotelCheckOutUnix": "1576963266", "hotelCheckInTS": "2019-12-20T21:21:06+00:00", "hotelCheckOutTS": "2019-12-21T21:21:06+00:00", "hotelChain": "Admiralty Plaza", "hotelName": "Admiralty Plaza: Louisville", "hotelLocation": "Louisville", "hotelRoomType": "premium", "hotelRoomCount": "1", "hotelGuestAdultCount": "1", "hotelGuestChildCount": "0", "hotelNightCount": "1", "hotelRoomPrice": "144.08", "hotelFinalPrice": "144.08"}}}
{"_id": "orderid:274934", "timestamp": "2019-12-21T01:28:38.000Z", "eventType": "transaction", "_adobeamericaspot3": {"CRMID": "crmid:3475796877", "orderDetails": {"orderID": "orderid:274934", "reservationid": "YNT-DVIY", "orderType": "website", "hotelSKU": "prd1157", "hotelCheckInUnix": "1577496518", "hotelCheckOutUnix": "1578187718", "hotelCheckInTS": "2019-12-28T01:28:38+00:00", "hotelCheckOutTS": "2020-01-05T01:28:38+00:00", "hotelChain": "Grandeur Hotels", "hotelName": "Grandeur Hotels: Boston", "hotelLocation": "Boston", "hotelRoomType": "standard", "hotelRoomCount": "1", "hotelGuestAdultCount": "1", "hotelGuestChildCount": "0", "hotelNightCount": "8", "hotelRoomPrice": "98.17", "hotelFinalPrice": "785.36"}}}
{"_id": "orderid:286535", "timestamp": "2020-02-02T19:31:04.000Z", "eventType": "transaction", "_adobeamericaspot3": {"CRMID": "crmid:2595259597", "orderDetails": {"orderID": "orderid:286535", "reservationid": "R9S-PX7B", "orderType": "call center", "hotelSKU": "prd1197", "hotelCheckInUnix": "1580931064", "hotelCheckOutUnix": "1581103864", "hotelCheckInTS": "2020-02-05T19:31:04+00:00", "hotelCheckOutTS": "2020-02-07T19:31:04+00:00", "hotelChain": "Sapphire Suites", "hotelName": "Sapphire Suites: London", "hotelLocation": "London", "hotelRoomType": "standard", "hotelRoomCount": "1", "hotelGuestAdultCount": "1", "hotelGuestChildCount": "0", "hotelNightCount": "2", "hotelRoomPrice": "79.73", "hotelFinalPrice": "159.46"}}}
{"_id": "orderid:154928", "timestamp": "2020-01-05T11:42:04.000Z", "eventType": "transaction", "_adobeamericaspot3": {"CRMID": "crmid:7928277786", "orderDetails": {"orderID": "orderid:154928", "reservationid": "UQ5-UTTE", "orderType": "website", "hotelSKU": "prd1010", "hotelCheckInUnix": "1580730124", "hotelCheckOutUnix": "1581594124", "hotelCheckInTS": "2020-02-03T11:42:04+00:00", "hotelCheckOutTS": "2020-02-13T11:42:04+00:00", "hotelChain": "Blue Reef Resort", "hotelName": "Blue Reef Resort: San Diego", "hotelLocation": "San Diego", "hotelRoomType": "premium", "hotelRoomCount": "1", "hotelGuestAdultCount": "1", "hotelGuestChildCount": "0", "hotelNightCount": "10", "hotelRoomPrice": "193.36", "hotelFinalPrice": "1933.6"}}}
{"_id": "orderid:179411", "timestamp": "2019-12-04T00:40:38.000Z", "eventType": "transaction", "_adobeamericaspot3": {"CRMID": "crmid:9548383806", "orderDetails": {"orderID": "orderid:179411", "reservationid": "L5E-HU7U", "orderType": "kiosk", "hotelSKU": "prd1008", "hotelCheckInUnix": "1577407238", "hotelCheckOutUnix": "1577752838", "hotelCheckInTS": "2019-12-27T00:40:38+00:00", "hotelCheckOutTS": "2019-12-31T00:40:38+00:00", "hotelChain": "Repose Resort", "hotelName": "Repose Resort: Philadelphia", "hotelLocation": "Philadelphia", "hotelRoomType": "premium", "hotelRoomCount": "1", "hotelGuestAdultCount": "1", "hotelGuestChildCount": "3", "hotelNightCount": "4", "hotelRoomPrice": "146.54", "hotelFinalPrice": "586.16"}}}
{"_id": "orderid:242950", "timestamp": "2019-12-27T14:46:22.000Z", "eventType": "transaction", "_adobeamericaspot3": {"CRMID": "crmid:8426717388", "orderDetails": {"orderID": "orderid:242950", "reservationid": "T7L-1ZE5", "orderType": "call center", "hotelSKU": "prd1152", "hotelCheckInUnix": "1577717182", "hotelCheckOutUnix": "1577976382", "hotelCheckInTS": "2019-12-30T14:46:22+00:00", "hotelCheckOutTS": "2020-01-02T14:46:22+00:00", "hotelChain": "Repose Resort", "hotelName": "Repose Resort: Indianapolis", "hotelLocation": "Indianapolis", "hotelRoomType": "premium", "hotelRoomCount": "1", "hotelGuestAdultCount": "1", "hotelGuestChildCount": "0", "hotelNightCount": "3", "hotelRoomPrice": "137.67", "hotelFinalPrice": "413.01"}}}
{"_id": "orderid:344613", "timestamp": "2019-12-15T10:13:26.000Z", "eventType": "transaction", "_adobeamericaspot3": {"CRMID": "crmid:7455859754", "orderDetails": {"orderID": "orderid:344613", "reservationid": "VRW-UKP9", "orderType": "mobile", "hotelSKU": "prd1129", "hotelCheckInUnix": "1578651206", "hotelCheckOutUnix": "1579256006", "hotelCheckInTS": "2020-01-10T10:13:26+00:00", "hotelCheckOutTS": "2020-01-17T10:13:26+00:00", "hotelChain": "Admiralty Plaza", "hotelName": "Admiralty Plaza: Helsinki", "hotelLocation": "Helsinki", "hotelRoomType": "standard", "hotelRoomCount": "1", "hotelGuestAdultCount": "1", "hotelGuestChildCount": "0", "hotelNightCount": "7", "hotelRoomPrice": "177.88", "hotelFinalPrice": "1245.16"}}}
{"_id": "orderid:742648", "timestamp": "2020-01-24T19:02:44.000Z", "eventType": "transaction", "_adobeamericaspot3": {"CRMID": "crmid:6988413781", "orderDetails": {"orderID": "orderid:742648", "reservationid": "GUY-BDOP", "orderType": "mobile", "hotelSKU": "prd1178", "hotelCheckInUnix": "1580151764", "hotelCheckOutUnix": "1580324564", "hotelCheckInTS": "2020-01-27T19:02:44+00:00", "hotelCheckOutTS": "2020-01-29T19:02:44+00:00", "hotelChain": "Blue Reef Resort", "hotelName": "Blue Reef Resort: Colorado Springs", "hotelLocation": "Colorado Springs", "hotelRoomType": "premium", "hotelRoomCount": "1", "hotelGuestAdultCount": "1", "hotelGuestChildCount": "0", "hotelNightCount": "2", "hotelRoomPrice": "157.38", "hotelFinalPrice": "314.76"}}}
{"_id": "orderid:642831", "timestamp": "2020-01-03T21:29:59.000Z", "eventType": "transaction", "_adobeamericaspot3": {"CRMID": "crmid:2142298822", "orderDetails": {"orderID": "orderid:642831", "reservationid": "UBD-3SJP", "orderType": "kiosk", "hotelSKU": "prd1007", "hotelCheckInUnix": "1578259799", "hotelCheckOutUnix": "1578432599", "hotelCheckInTS": "2020-01-05T21:29:59+00:00", "hotelCheckOutTS": "2020-01-07T21:29:59+00:00", "hotelChain": "Nesting Box Inn", "hotelName": "Nesting Box Inn: Phoenix", "hotelLocation": "Phoenix", "hotelRoomType": "standard", "hotelRoomCount": "1", "hotelGuestAdultCount": "1", "hotelGuestChildCount": "0", "hotelNightCount": "2", "hotelRoomPrice": "140.03", "hotelFinalPrice": "280.06"}}}
{"_id": "orderid:215738", "timestamp": "2019-12-04T17:38:44.000Z", "eventType": "transaction", "_adobeamericaspot3": {"CRMID": "crmid:7595092560", "orderDetails": {"orderID": "orderid:215738", "reservationid": "MGE-9H3C", "orderType": "website", "hotelSKU": "prd1179", "hotelCheckInUnix": "1577900324", "hotelCheckOutUnix": "1578418724", "hotelCheckInTS": "2020-01-01T17:38:44+00:00", "hotelCheckOutTS": "2020-01-07T17:38:44+00:00", "hotelChain": "Hospitality Inn", "hotelName": "Hospitality Inn: Miami", "hotelLocation": "Miami", "hotelRoomType": "premium", "hotelRoomCount": "1", "hotelGuestAdultCount": "1", "hotelGuestChildCount": "3", "hotelNightCount": "6", "hotelRoomPrice": "148.63", "hotelFinalPrice": "891.78"}}}
{"_id": "orderid:511359", "timestamp": "2020-02-02T06:46:32.000Z", "eventType": "transaction", "_adobeamericaspot3": {"CRMID": "crmid:2049493155", "orderDetails": {"orderID": "orderid:511359", "reservationid": "B9U-TWIJ", "orderType": "call center", "hotelSKU": "prd1001", "hotelCheckInUnix": "1580712392", "hotelCheckOutUnix": "1580885192", "hotelCheckInTS": "2020-02-03T06:46:32+00:00", "hotelCheckOutTS": "2020-02-05T06:46:32+00:00", "hotelChain": "Grandeur Hotels", "hotelName": "Grandeur Hotels: New York", "hotelLocation": "New York", "hotelRoomType": "standard", "hotelRoomCount": "1", "hotelGuestAdultCount": "1", "hotelGuestChildCount": "0", "hotelNightCount": "2", "hotelRoomPrice": "138.66", "hotelFinalPrice": "277.32"}}}
{"_id": "orderid:685120", "timestamp": "2019-12-03T10:09:10.000Z", "eventType": "transaction", "_adobeamericaspot3": {"CRMID": "crmid:7055817586", "orderDetails": {"orderID": "orderid:685120", "reservationid": "2RZ-55SS", "orderType": "service desk", "hotelSKU": "prd1033", "hotelCheckInUnix": "1575540550", "hotelCheckOutUnix": "1575886150", "hotelCheckInTS": "2019-12-05T10:09:10+00:00", "hotelCheckOutTS": "2019-12-09T10:09:10+00:00", "hotelChain": "Admiralty Plaza", "hotelName": "Admiralty Plaza: Milwaukee", "hotelLocation": "Milwaukee", "hotelRoomType": "standard", "hotelRoomCount": "1", "hotelGuestAdultCount": "1", "hotelGuestChildCount": "0", "hotelNightCount": "4", "hotelRoomPrice": "138.78", "hotelFinalPrice": "555.12"}}}
{"_id": "orderid:707075", "timestamp": "2019-12-24T22:24:59.000Z", "eventType": "transaction", "_adobeamericaspot3": {"CRMID": "crmid:7650583841", "orderDetails": {"orderID": "orderid:707075", "reservationid": "IZN-ZHCE", "orderType": "kiosk", "hotelSKU": "prd1178", "hotelCheckInUnix": "1577312699", "hotelCheckOutUnix": "1577399099", "hotelCheckInTS": "2019-12-25T22:24:59+00:00", "hotelCheckOutTS": "2019-12-26T22:24:59+00:00", "hotelChain": "Blue Reef Resort", "hotelName": "Blue Reef Resort: Colorado Springs", "hotelLocation": "Colorado Springs", "hotelRoomType": "luxury", "hotelRoomCount": "1", "hotelGuestAdultCount": "1", "hotelGuestChildCount": "0", "hotelNightCount": "1", "hotelRoomPrice": "331.86", "hotelFinalPrice": "331.86"}}}
{"_id": "orderid:607249", "timestamp": "2020-01-08T21:00:12.000Z", "eventType": "transaction", "_adobeamericaspot3": {"CRMID": "crmid:4274390997", "orderDetails": {"orderID": "orderid:607249", "reservationid": "ZRD-4XJZ", "orderType": "website", "hotelSKU": "prd1081", "hotelCheckInUnix": "1578776412", "hotelCheckOutUnix": "1578949212", "hotelCheckInTS": "2020-01-11T21:00:12+00:00", "hotelCheckOutTS": "2020-01-13T21:00:12+00:00", "hotelChain": "Admiralty Plaza", "hotelName": "Admiralty Plaza: Rod de Janeiro", "hotelLocation": "Rod de Janeiro", "hotelRoomType": "standard", "hotelRoomCount": "1", "hotelGuestAdultCount": "1", "hotelGuestChildCount": "0", "hotelNightCount": "2", "hotelRoomPrice": "178.32", "hotelFinalPrice": "356.64"}}}
{"_id": "orderid:644600", "timestamp": "2020-01-14T00:00:00.000Z", "eventType": "transaction", "_adobeamericaspot3": {"CRMID": "crmid:4274390997", "orderDetails": {"orderID": "orderid:644600", "reservationid": "OLA-3SIP", "orderType": "website", "hotelSKU": "prd1178", "hotelCheckInUnix": "1579219200", "hotelCheckOutUnix": "1579392000", "hotelCheckInTS": "2020-01-17T00:00:00+00:00", "hotelCheckOutTS": "2020-01-19T00:00:00+00:00", "hotelChain": "Blue Reef Resort", "hotelName": "Blue Reef Resort: Colorado Springs", "hotelLocation": "Colorado Springs", "hotelRoomType": "standard", "hotelRoomCount": "1", "hotelGuestAdultCount": "1", "hotelGuestChildCount": "0", "hotelNightCount": "2", "hotelRoomPrice": "122.32", "hotelFinalPrice": "244.64"}}}
{"_id": "orderid:974430", "timestamp": "2019-12-07T01:23:09.000Z", "eventType": "transaction", "_adobeamericaspot3": {"CRMID": "crmid:5925212474", "orderDetails": {"orderID": "orderid:974430", "reservationid": "IMB-N0QW", "orderType": "mobile", "hotelSKU": "prd1004", "hotelCheckInUnix": "1575768189", "hotelCheckOutUnix": "1575854589", "hotelCheckInTS": "2019-12-08T01:23:09+00:00", "hotelCheckOutTS": "2019-12-09T01:23:09+00:00", "hotelChain": "Aspen Heights", "hotelName": "Aspen Heights: Boulder", "hotelLocation": "Boulder", "hotelRoomType": "premium", "hotelRoomCount": "1", "hotelGuestAdultCount": "1", "hotelGuestChildCount": "0", "hotelNightCount": "1", "hotelRoomPrice": "150.54", "hotelFinalPrice": "150.54"}}}
{"_id": "orderid:461952", "timestamp": "2020-02-09T07:16:19.000Z", "eventType": "transaction", "_adobeamericaspot3": {"CRMID": "crmid:9474613895", "orderDetails": {"orderID": "orderid:461952", "reservationid": "NEK-G3DN", "orderType": "website", "hotelSKU": "prd1059", "hotelCheckInUnix": "1581318979", "hotelCheckOutUnix": "1581491779", "hotelCheckInTS": "2020-02-10T07:16:19+00:00", "hotelCheckOutTS": "2020-02-12T07:16:19+00:00", "hotelChain": "Hospitality Inn", "hotelName": "Hospitality Inn: Kinshasa", "hotelLocation": "Kinshasa", "hotelRoomType": "premium", "hotelRoomCount": "1", "hotelGuestAdultCount": "1", "hotelGuestChildCount": "0", "hotelNightCount": "2", "hotelRoomPrice": "145.93", "hotelFinalPrice": "291.86"}}}
{"_id": "orderid:897865", "timestamp": "2019-12-08T15:32:36.000Z", "eventType": "transaction", "_adobeamericaspot3": {"CRMID": "crmid:5799620759", "orderDetails": {"orderID": "orderid:897865", "reservationid": "W9A-W9SL", "orderType": "call center", "hotelSKU": "prd1010", "hotelCheckInUnix": "1576337556", "hotelCheckOutUnix": "1576769556", "hotelCheckInTS": "2019-12-14T15:32:36+00:00", "hotelCheckOutTS": "2019-12-19T15:32:36+00:00", "hotelChain": "Blue Reef Resort", "hotelName": "Blue Reef Resort: San Diego", "hotelLocation": "San Diego", "hotelRoomType": "standard", "hotelRoomCount": "1", "hotelGuestAdultCount": "1", "hotelGuestChildCount": "4", "hotelNightCount": "5", "hotelRoomPrice": "132.27", "hotelFinalPrice": "661.35"}}}
{"_id": "orderid:769855", "timestamp": "2020-01-17T04:50:05.000Z", "eventType": "transaction", "_adobeamericaspot3": {"CRMID": "crmid:8138673238", "orderDetails": {"orderID": "orderid:769855", "reservationid": "9QM-8BPI", "orderType": "website", "hotelSKU": "prd1017", "hotelCheckInUnix": "1581655805", "hotelCheckOutUnix": "1582347005", "hotelCheckInTS": "2020-02-14T04:50:05+00:00", "hotelCheckOutTS": "2020-02-22T04:50:05+00:00", "hotelChain": "Sapphire Suites", "hotelName": "Sapphire Suites: Fort Worth", "hotelLocation": "Fort Worth", "hotelRoomType": "standard", "hotelRoomCount": "1", "hotelGuestAdultCount": "1", "hotelGuestChildCount": "0", "hotelNightCount": "8", "hotelRoomPrice": "138.19", "hotelFinalPrice": "1105.52"}}}
{"_id": "orderid:872603", "timestamp": "2019-12-19T20:26:55.000Z", "eventType": "transaction", "_adobeamericaspot3": {"CRMID": "crmid:4519982337", "orderDetails": {"orderID": "orderid:872603", "reservationid": "NNZ-CIA0", "orderType": "website", "hotelSKU": "prd1047", "hotelCheckInUnix": "1577132815", "hotelCheckOutUnix": "1577219215", "hotelCheckInTS": "2019-12-23T20:26:55+00:00", "hotelCheckOutTS": "2019-12-24T20:26:55+00:00", "hotelChain": "Hospitality Inn", "hotelName": "Hospitality Inn: Oakland", "hotelLocation": "Oakland", "hotelRoomType": "premium", "hotelRoomCount": "1", "hotelGuestAdultCount": "1", "hotelGuestChildCount": "0", "hotelNightCount": "1", "hotelRoomPrice": "133.84", "hotelFinalPrice": "133.84"}}}
{"_id": "orderid:368024", "timestamp": "2020-01-23T17:30:14.000Z", "eventType": "transaction", "_adobeamericaspot3": {"CRMID": "crmid:3067453137", "orderDetails": {"orderID": "orderid:368024", "reservationid": "I4Z-WIKO", "orderType": "mobile", "hotelSKU": "prd1100", "hotelCheckInUnix": "1582392614", "hotelCheckOutUnix": "1582738214", "hotelCheckInTS": "2020-02-22T17:30:14+00:00", "hotelCheckOutTS": "2020-02-26T17:30:14+00:00", "hotelChain": "Aspen Heights", "hotelName": "Aspen Heights: Misk", "hotelLocation": "Misk", "hotelRoomType": "standard", "hotelRoomCount": "1", "hotelGuestAdultCount": "1", "hotelGuestChildCount": "0", "hotelNightCount": "4", "hotelRoomPrice": "114.76", "hotelFinalPrice": "459.04"}}}
{"_id": "orderid:912108", "timestamp": "2020-02-15T08:14:57.000Z", "eventType": "transaction", "_adobeamericaspot3": {"CRMID": "crmid:2500178171", "orderDetails": {"orderID": "orderid:912108", "reservationid": "WMQ-HPRK", "orderType": "kiosk", "hotelSKU": "prd1041", "hotelCheckInUnix": "1583914497", "hotelCheckOutUnix": "1584605697", "hotelCheckInTS": "2020-03-11T08:14:57+00:00", "hotelCheckOutTS": "2020-03-19T08:14:57+00:00", "hotelChain": "Sapphire Suites", "hotelName": "Sapphire Suites: Long Beach", "hotelLocation": "Long Beach", "hotelRoomType": "premium", "hotelRoomCount": "1", "hotelGuestAdultCount": "1", "hotelGuestChildCount": "0", "hotelNightCount": "8", "hotelRoomPrice": "133.74", "hotelFinalPrice": "1069.92"}}}
{"_id": "orderid:263413", "timestamp": "2019-12-02T15:31:31.000Z", "eventType": "transaction", "_adobeamericaspot3": {"CRMID": "crmid:6859706685", "orderDetails": {"orderID": "orderid:263413", "reservationid": "DA7-AVRG", "orderType": "call center", "hotelSKU": "prd1094", "hotelCheckInUnix": "1577633491", "hotelCheckOutUnix": "1578324691", "hotelCheckInTS": "2019-12-29T15:31:31+00:00", "hotelCheckOutTS": "2020-01-06T15:31:31+00:00", "hotelChain": "Blue Reef Resort", "hotelName": "Blue Reef Resort: Berlin", "hotelLocation": "Berlin", "hotelRoomType": "presidential-suite", "hotelRoomCount": "1", "hotelGuestAdultCount": "1", "hotelGuestChildCount": "2", "hotelNightCount": "8", "hotelRoomPrice": "906.62", "hotelFinalPrice": "7252.96"}}}
{"_id": "orderid:161700", "timestamp": "2020-02-01T11:30:33.000Z", "eventType": "transaction", "_adobeamericaspot3": {"CRMID": "crmid:3123333056", "orderDetails": {"orderID": "orderid:161700", "reservationid": "7UR-5HU9", "orderType": "website", "hotelSKU": "prd1192", "hotelCheckInUnix": "1580815833", "hotelCheckOutUnix": "1580902233", "hotelCheckInTS": "2020-02-04T11:30:33+00:00", "hotelCheckOutTS": "2020-02-05T11:30:33+00:00", "hotelChain": "Sandhill", "hotelName": "Sandhill: Delhi", "hotelLocation": "Delhi", "hotelRoomType": "standard", "hotelRoomCount": "1", "hotelGuestAdultCount": "1", "hotelGuestChildCount": "0", "hotelNightCount": "1", "hotelRoomPrice": "86.21", "hotelFinalPrice": "86.21"}}}
{"_id": "orderid:809305", "timestamp": "2020-02-08T19:10:21.000Z", "eventType": "transaction", "_adobeamericaspot3": {"CRMID": "crmid:9111031730", "orderDetails": {"orderID": "orderid:809305", "reservationid": "GX2-QXRO", "orderType": "kiosk", "hotelSKU": "prd1013", "hotelCheckInUnix": "1581275421", "hotelCheckOutUnix": "1581361821", "hotelCheckInTS": "2020-02-09T19:10:21+00:00", "hotelCheckOutTS": "2020-02-10T19:10:21+00:00", "hotelChain": "Grandeur Hotels", "hotelName": "Grandeur Hotels: Austin", "hotelLocation": "Austin", "hotelRoomType": "standard", "hotelRoomCount": "1", "hotelGuestAdultCount": "1", "hotelGuestChildCount": "0", "hotelNightCount": "1", "hotelRoomPrice": "116.28", "hotelFinalPrice": "116.28"}}}
{"_id": "orderid:136892", "timestamp": "2019-12-08T22:26:17.000Z", "eventType": "transaction", "_adobeamericaspot3": {"CRMID": "crmid:2947228979", "orderDetails": {"orderID": "orderid:136892", "reservationid": "EGO-NKLA", "orderType": "call center", "hotelSKU": "prd1029", "hotelCheckInUnix": "1576362377", "hotelCheckOutUnix": "1576967177", "hotelCheckInTS": "2019-12-14T22:26:17+00:00", "hotelCheckOutTS": "2019-12-21T22:26:17+00:00", "hotelChain": "Sapphire Suites", "hotelName": "Sapphire Suites: Oklahoma City", "hotelLocation": "Oklahoma City", "hotelRoomType": "standard", "hotelRoomCount": "1", "hotelGuestAdultCount": "1", "hotelGuestChildCount": "0", "hotelNightCount": "7", "hotelRoomPrice": "168.56", "hotelFinalPrice": "1179.92"}}}
{"_id": "orderid:979608", "timestamp": "2019-12-05T14:44:02.000Z", "eventType": "transaction", "_adobeamericaspot3": {"CRMID": "crmid:5398150364", "orderDetails": {"orderID": "orderid:979608", "reservationid": "HI9-225R", "orderType": "mobile", "hotelSKU": "prd1052", "hotelCheckInUnix": "1578062642", "hotelCheckOutUnix": "1578581042", "hotelCheckInTS": "2020-01-03T14:44:02+00:00", "hotelCheckOutTS": "2020-01-09T14:44:02+00:00", "hotelChain": "Aspen Heights", "hotelName": "Aspen Heights: Wichita", "hotelLocation": "Wichita", "hotelRoomType": "standard", "hotelRoomCount": "1", "hotelGuestAdultCount": "1", "hotelGuestChildCount": "0", "hotelNightCount": "6", "hotelRoomPrice": "113.23", "hotelFinalPrice": "679.38"}}}
{"_id": "orderid:116073", "timestamp": "2019-12-01T13:51:15.000Z", "eventType": "transaction", "_adobeamericaspot3": {"CRMID": "crmid:8572320901", "orderDetails": {"orderID": "orderid:116073", "reservationid": "Z3Z-JJBT", "orderType": "call center", "hotelSKU": "prd1016", "hotelCheckInUnix": "1576677075", "hotelCheckOutUnix": "1577541075", "hotelCheckInTS": "2019-12-18T13:51:15+00:00", "hotelCheckOutTS": "2019-12-28T13:51:15+00:00", "hotelChain": "Aspen Heights", "hotelName": "Aspen Heights: Columbus", "hotelLocation": "Columbus", "hotelRoomType": "standard", "hotelRoomCount": "1", "hotelGuestAdultCount": "1", "hotelGuestChildCount": "0", "hotelNightCount": "10", "hotelRoomPrice": "125.97", "hotelFinalPrice": "1259.7"}}}
{"_id": "orderid:441794", "timestamp": "2019-12-21T13:09:01.000Z", "eventType": "transaction", "_adobeamericaspot3": {"CRMID": "crmid:4852160528", "orderDetails": {"orderID": "orderid:441794", "reservationid": "FVF-TUCZ", "orderType": "call center", "hotelSKU": "prd1047", "hotelCheckInUnix": "1577020141", "hotelCheckOutUnix": "1577106541", "hotelCheckInTS": "2019-12-22T13:09:01+00:00", "hotelCheckOutTS": "2019-12-23T13:09:01+00:00", "hotelChain": "Hospitality Inn", "hotelName": "Hospitality Inn: Oakland", "hotelLocation": "Oakland", "hotelRoomType": "standard", "hotelRoomCount": "1", "hotelGuestAdultCount": "1", "hotelGuestChildCount": "0", "hotelNightCount": "1", "hotelRoomPrice": "157.62", "hotelFinalPrice": "157.62"}}}
{"_id": "orderid:110596", "timestamp": "2019-12-18T14:45:41.000Z", "eventType": "transaction", "_adobeamericaspot3": {"CRMID": "crmid:4830937668", "orderDetails": {"orderID": "orderid:110596", "reservationid": "GAG-ARDI", "orderType": "call center", "hotelSKU": "prd1130", "hotelCheckInUnix": "1577025941", "hotelCheckOutUnix": "1577198741", "hotelCheckInTS": "2019-12-22T14:45:41+00:00", "hotelCheckOutTS": "2019-12-24T14:45:41+00:00", "hotelChain": "Blue Reef Resort", "hotelName": "Blue Reef Resort: Bremen", "hotelLocation": "Bremen", "hotelRoomType": "premium", "hotelRoomCount": "1", "hotelGuestAdultCount": "1", "hotelGuestChildCount": "0", "hotelNightCount": "2", "hotelRoomPrice": "123.88", "hotelFinalPrice": "247.76"}}}
{"_id": "orderid:666971", "timestamp": "2019-12-10T03:22:10.000Z", "eventType": "transaction", "_adobeamericaspot3": {"CRMID": "crmid:3365110037", "orderDetails": {"orderID": "orderid:666971", "reservationid": "EWZ-NHKY", "orderType": "kiosk", "hotelSKU": "prd1023", "hotelCheckInUnix": "1577676130", "hotelCheckOutUnix": "1578280930", "hotelCheckInTS": "2019-12-30T03:22:10+00:00", "hotelCheckOutTS": "2020-01-06T03:22:10+00:00", "hotelChain": "Hospitality Inn", "hotelName": "Hospitality Inn: Boston", "hotelLocation": "Boston", "hotelRoomType": "standard", "hotelRoomCount": "1", "hotelGuestAdultCount": "1", "hotelGuestChildCount": "0", "hotelNightCount": "7", "hotelRoomPrice": "124.2", "hotelFinalPrice": "869.4"}}}
{"_id": "orderid:191389", "timestamp": "2019-12-31T22:52:54.000Z", "eventType": "transaction", "_adobeamericaspot3": {"CRMID": "crmid:8611018241", "orderDetails": {"orderID": "orderid:191389", "reservationid": "XPO-JSQJ", "orderType": "website", "hotelSKU": "prd1129", "hotelCheckInUnix": "1577919174", "hotelCheckOutUnix": "1578178374", "hotelCheckInTS": "2020-01-01T22:52:54+00:00", "hotelCheckOutTS": "2020-01-04T22:52:54+00:00", "hotelChain": "Admiralty Plaza", "hotelName": "Admiralty Plaza: Helsinki", "hotelLocation": "Helsinki", "hotelRoomType": "standard", "hotelRoomCount": "1", "hotelGuestAdultCount": "1", "hotelGuestChildCount": "0", "hotelNightCount": "3", "hotelRoomPrice": "155.89", "hotelFinalPrice": "467.67"}}}
{"_id": "orderid:463122", "timestamp": "2019-12-15T16:39:33.000Z", "eventType": "transaction", "_adobeamericaspot3": {"CRMID": "crmid:8521258133", "orderDetails": {"orderID": "orderid:463122", "reservationid": "QE0-9CPQ", "orderType": "kiosk", "hotelSKU": "prd1079", "hotelCheckInUnix": "1578674373", "hotelCheckOutUnix": "1579365573", "hotelCheckInTS": "2020-01-10T16:39:33+00:00", "hotelCheckOutTS": "2020-01-18T16:39:33+00:00", "hotelChain": "Nesting Box Inn", "hotelName": "Nesting Box Inn: Chennai", "hotelLocation": "Chennai", "hotelRoomType": "premium", "hotelRoomCount": "1", "hotelGuestAdultCount": "1", "hotelGuestChildCount": "0", "hotelNightCount": "8", "hotelRoomPrice": "145.81", "hotelFinalPrice": "1166.48"}}}
{"_id": "orderid:416136", "timestamp": "2020-02-16T08:10:53.000Z", "eventType": "transaction", "_adobeamericaspot3": {"CRMID": "crmid:7215836665", "orderDetails": {"orderID": "orderid:416136", "reservationid": "6KI-WZKI", "orderType": "mobile", "hotelSKU": "prd1128", "hotelCheckInUnix": "1583914253", "hotelCheckOutUnix": "1584346253", "hotelCheckInTS": "2020-03-11T08:10:53+00:00", "hotelCheckOutTS": "2020-03-16T08:10:53+00:00", "hotelChain": "Repose Resort", "hotelName": "Repose Resort: Rotterdam", "hotelLocation": "Rotterdam", "hotelRoomType": "premium", "hotelRoomCount": "1", "hotelGuestAdultCount": "1", "hotelGuestChildCount": "0", "hotelNightCount": "5", "hotelRoomPrice": "157.96", "hotelFinalPrice": "789.8"}}}
{"_id": "orderid:363331", "timestamp": "2019-12-19T05:00:38.000Z", "eventType": "transaction", "_adobeamericaspot3": {"CRMID": "crmid:7004672846", "orderDetails": {"orderID": "orderid:363331", "reservationid": "IQG-YHVX", "orderType": "mobile", "hotelSKU": "prd1061", "hotelCheckInUnix": "1576904438", "hotelCheckOutUnix": "1577250038", "hotelCheckInTS": "2019-12-21T05:00:38+00:00", "hotelCheckOutTS": "2019-12-25T05:00:38+00:00", "hotelChain": "Grandeur Hotels", "hotelName": "Grandeur Hotels: Lahore", "hotelLocation": "Lahore", "hotelRoomType": "premium", "hotelRoomCount": "1", "hotelGuestAdultCount": "1", "hotelGuestChildCount": "0", "hotelNightCount": "4", "hotelRoomPrice": "114.69", "hotelFinalPrice": "458.76"}}}
{"_id": "orderid:138957", "timestamp": "2020-02-03T19:08:41.000Z", "eventType": "transaction", "_adobeamericaspot3": {"CRMID": "crmid:5424919308", "orderDetails": {"orderID": "orderid:138957", "reservationid": "OWJ-XF8X", "orderType": "call center", "hotelSKU": "prd1071", "hotelCheckInUnix": "1582484921", "hotelCheckOutUnix": "1583435321", "hotelCheckInTS": "2020-02-23T19:08:41+00:00", "hotelCheckOutTS": "2020-03-05T19:08:41+00:00", "hotelChain": "Hospitality Inn", "hotelName": "Hospitality Inn: Seoul", "hotelLocation": "Seoul", "hotelRoomType": "standard", "hotelRoomCount": "1", "hotelGuestAdultCount": "1", "hotelGuestChildCount": "3", "hotelNightCount": "11", "hotelRoomPrice": "125.81", "hotelFinalPrice": "1383.91"}}}
{"_id": "orderid:357649", "timestamp": "2020-01-01T00:49:09.000Z", "eventType": "transaction", "_adobeamericaspot3": {"CRMID": "crmid:7815647702", "orderDetails": {"orderID": "orderid:357649", "reservationid": "XWE-0AZW", "orderType": "service desk", "hotelSKU": "prd1160", "hotelCheckInUnix": "1579740549", "hotelCheckOutUnix": "1580863749", "hotelCheckInTS": "2020-01-23T00:49:09+00:00", "hotelCheckOutTS": "2020-02-05T00:49:09+00:00", "hotelChain": "Aspen Heights", "hotelName": "Aspen Heights: Nashville", "hotelLocation": "Nashville", "hotelRoomType": "premium", "hotelRoomCount": "1", "hotelGuestAdultCount": "1", "hotelGuestChildCount": "0", "hotelNightCount": "13", "hotelRoomPrice": "160.48", "hotelFinalPrice": "2086.24"}}}
{"_id": "orderid:755938", "timestamp": "2019-12-13T03:58:03.000Z", "eventType": "transaction", "_adobeamericaspot3": {"CRMID": "crmid:1743147540", "orderDetails": {"orderID": "orderid:755938", "reservationid": "XG3-HCQB", "orderType": "kiosk", "hotelSKU": "prd1021", "hotelCheckInUnix": "1578196683", "hotelCheckOutUnix": "1578628683", "hotelCheckInTS": "2020-01-05T03:58:03+00:00", "hotelCheckOutTS": "2020-01-10T03:58:03+00:00", "hotelChain": "Admiralty Plaza", "hotelName": "Admiralty Plaza: Denver", "hotelLocation": "Denver", "hotelRoomType": "luxury", "hotelRoomCount": "1", "hotelGuestAdultCount": "1", "hotelGuestChildCount": "0", "hotelNightCount": "5", "hotelRoomPrice": "299.99", "hotelFinalPrice": "1499.95"}}}
{"_id": "orderid:156228", "timestamp": "2020-02-07T21:49:24.000Z", "eventType": "transaction", "_adobeamericaspot3": {"CRMID": "crmid:1098072377", "orderDetails": {"orderID": "orderid:156228", "reservationid": "NON-4VUD", "orderType": "mobile", "hotelSKU": "prd1155", "hotelCheckInUnix": "1581630564", "hotelCheckOutUnix": "1583099364", "hotelCheckInTS": "2020-02-13T21:49:24+00:00", "hotelCheckOutTS": "2020-03-01T21:49:24+00:00", "hotelChain": "Hospitality Inn", "hotelName": "Hospitality Inn: Denver", "hotelLocation": "Denver", "hotelRoomType": "ultra-luxury", "hotelRoomCount": "1", "hotelGuestAdultCount": "1", "hotelGuestChildCount": "0", "hotelNightCount": "17", "hotelRoomPrice": "370.65", "hotelFinalPrice": "6301.05"}}}
{"_id": "orderid:205025", "timestamp": "2020-02-04T03:46:34.000Z", "eventType": "transaction", "_adobeamericaspot3": {"CRMID": "crmid:1698729585", "orderDetails": {"orderID": "orderid:205025", "reservationid": "4WH-WAU7", "orderType": "website", "hotelSKU": "prd1040", "hotelCheckInUnix": "1582947994", "hotelCheckOutUnix": "1583552794", "hotelCheckInTS": "2020-02-29T03:46:34+00:00", "hotelCheckOutTS": "2020-03-07T03:46:34+00:00", "hotelChain": "Aspen Heights", "hotelName": "Aspen Heights: Atlanta", "hotelLocation": "Atlanta", "hotelRoomType": "standard", "hotelRoomCount": "1", "hotelGuestAdultCount": "1", "hotelGuestChildCount": "0", "hotelNightCount": "7", "hotelRoomPrice": "117.31", "hotelFinalPrice": "821.17"}}}
{"_id": "orderid:917144", "timestamp": "2020-02-15T05:23:02.000Z", "eventType": "transaction", "_adobeamericaspot3": {"CRMID": "crmid:1535364004", "orderDetails": {"orderID": "orderid:917144", "reservationid": "LMI-RGRZ", "orderType": "kiosk", "hotelSKU": "prd1106", "hotelCheckInUnix": "1583644982", "hotelCheckOutUnix": "1583904182", "hotelCheckInTS": "2020-03-08T05:23:02+00:00", "hotelCheckOutTS": "2020-03-11T05:23:02+00:00", "hotelChain": "Blue Reef Resort", "hotelName": "Blue Reef Resort: Munich", "hotelLocation": "Munich", "hotelRoomType": "standard", "hotelRoomCount": "1", "hotelGuestAdultCount": "1", "hotelGuestChildCount": "0", "hotelNightCount": "3", "hotelRoomPrice": "102.5", "hotelFinalPrice": "307.5"}}}
{"_id": "orderid:296974", "timestamp": "2020-01-18T04:24:36.000Z", "eventType": "transaction", "_adobeamericaspot3": {"CRMID": "crmid:3861458844", "orderDetails": {"orderID": "orderid:296974", "reservationid": "QOK-I0ND", "orderType": "website", "hotelSKU": "prd1095", "hotelCheckInUnix": "1581222276", "hotelCheckOutUnix": "1582431876", "hotelCheckInTS": "2020-02-09T04:24:36+00:00", "hotelCheckOutTS": "2020-02-23T04:24:36+00:00", "hotelChain": "Hospitality Inn", "hotelName": "Hospitality Inn: Casablanca", "hotelLocation": "Casablanca", "hotelRoomType": "premium", "hotelRoomCount": "1", "hotelGuestAdultCount": "1", "hotelGuestChildCount": "3", "hotelNightCount": "14", "hotelRoomPrice": "151.69", "hotelFinalPrice": "2123.66"}}}
{"_id": "orderid:974529", "timestamp": "2019-12-14T15:54:16.000Z", "eventType": "transaction", "_adobeamericaspot3": {"CRMID": "crmid:3369918371", "orderDetails": {"orderID": "orderid:974529", "reservationid": "BWM-RDCH", "orderType": "call center", "hotelSKU": "prd1005", "hotelCheckInUnix": "1577462056", "hotelCheckOutUnix": "1577807656", "hotelCheckInTS": "2019-12-27T15:54:16+00:00", "hotelCheckOutTS": "2019-12-31T15:54:16+00:00", "hotelChain": "Sapphire Suites", "hotelName": "Sapphire Suites: Los Angeles", "hotelLocation": "Los Angeles", "hotelRoomType": "standard", "hotelRoomCount": "1", "hotelGuestAdultCount": "1", "hotelGuestChildCount": "1", "hotelNightCount": "4", "hotelRoomPrice": "146.57", "hotelFinalPrice": "586.28"}}}
{"_id": "orderid:295438", "timestamp": "2019-12-19T23:34:39.000Z", "eventType": "transaction", "_adobeamericaspot3": {"CRMID": "crmid:4890550852", "orderDetails": {"orderID": "orderid:295438", "reservationid": "U0K-USFY", "orderType": "website", "hotelSKU": "prd1093", "hotelCheckInUnix": "1579044879", "hotelCheckOutUnix": "1580513679", "hotelCheckInTS": "2020-01-14T23:34:39+00:00", "hotelCheckOutTS": "2020-01-31T23:34:39+00:00", "hotelChain": "Admiralty Plaza", "hotelName": "Admiralty Plaza: Yokohama", "hotelLocation": "Yokohama", "hotelRoomType": "premium", "hotelRoomCount": "1", "hotelGuestAdultCount": "1", "hotelGuestChildCount": "0", "hotelNightCount": "17", "hotelRoomPrice": "125.36", "hotelFinalPrice": "2131.12"}}}
{"_id": "orderid:762794", "timestamp": "2020-01-01T15:51:58.000Z", "eventType": "transaction", "_adobeamericaspot3": {"CRMID": "crmid:2435408031", "orderDetails": {"orderID": "orderid:762794", "reservationid": "XQ0-P71X", "orderType": "call center", "hotelSKU": "prd1025", "hotelCheckInUnix": "1579362718", "hotelCheckOutUnix": "1579708318", "hotelCheckInTS": "2020-01-18T15:51:58+00:00", "hotelCheckOutTS": "2020-01-22T15:51:58+00:00", "hotelChain": "Grandeur Hotels", "hotelName": "Grandeur Hotels: Detroit", "hotelLocation": "Detroit", "hotelRoomType": "standard", "hotelRoomCount": "1", "hotelGuestAdultCount": "1", "hotelGuestChildCount": "0", "hotelNightCount": "4", "hotelRoomPrice": "169.82", "hotelFinalPrice": "679.28"}}}
{"_id": "orderid:369029", "timestamp": "2019-12-01T11:24:47.000Z", "eventType": "transaction", "_adobeamericaspot3": {"CRMID": "crmid:2759478841", "orderDetails": {"orderID": "orderid:369029", "reservationid": "W7Z-KDKI", "orderType": "kiosk", "hotelSKU": "prd1093", "hotelCheckInUnix": "1577359487", "hotelCheckOutUnix": "1578914687", "hotelCheckInTS": "2019-12-26T11:24:47+00:00", "hotelCheckOutTS": "2020-01-13T11:24:47+00:00", "hotelChain": "Admiralty Plaza", "hotelName": "Admiralty Plaza: Yokohama", "hotelLocation": "Yokohama", "hotelRoomType": "standard", "hotelRoomCount": "1", "hotelGuestAdultCount": "1", "hotelGuestChildCount": "0", "hotelNightCount": "18", "hotelRoomPrice": "131.19", "hotelFinalPrice": "2361.42"}}}
{"_id": "orderid:697510", "timestamp": "2019-12-19T15:32:27.000Z", "eventType": "transaction", "_adobeamericaspot3": {"CRMID": "crmid:1278179699", "orderDetails": {"orderID": "orderid:697510", "reservationid": "CN1-HCMI", "orderType": "kiosk", "hotelSKU": "prd1059", "hotelCheckInUnix": "1576942347", "hotelCheckOutUnix": "1577201547", "hotelCheckInTS": "2019-12-21T15:32:27+00:00", "hotelCheckOutTS": "2019-12-24T15:32:27+00:00", "hotelChain": "Hospitality Inn", "hotelName": "Hospitality Inn: Kinshasa", "hotelLocation": "Kinshasa", "hotelRoomType": "standard", "hotelRoomCount": "1", "hotelGuestAdultCount": "1", "hotelGuestChildCount": "0", "hotelNightCount": "3", "hotelRoomPrice": "159.57", "hotelFinalPrice": "478.71"}}}
{"_id": "orderid:934465", "timestamp": "2019-12-26T00:00:00.000Z", "eventType": "transaction", "_adobeamericaspot3": {"CRMID": "crmid:1278179699", "orderDetails": {"orderID": "orderid:934465", "reservationid": "IDG-90IA", "orderType": "kiosk", "hotelSKU": "prd1097", "hotelCheckInUnix": "1577404800", "hotelCheckOutUnix": "1577491200", "hotelCheckInTS": "2019-12-27T00:00:00+00:00", "hotelCheckOutTS": "2019-12-28T00:00:00+00:00", "hotelChain": "Grandeur Hotels", "hotelName": "Grandeur Hotels: Buenos Aires", "hotelLocation": "Buenos Aires", "hotelRoomType": "standard", "hotelRoomCount": "1", "hotelGuestAdultCount": "1", "hotelGuestChildCount": "0", "hotelNightCount": "1", "hotelRoomPrice": "185.19", "hotelFinalPrice": "185.19"}}}
{"_id": "orderid:587555", "timestamp": "2020-02-09T15:20:25.000Z", "eventType": "transaction", "_adobeamericaspot3": {"CRMID": "crmid:4992674440", "orderDetails": {"orderID": "orderid:587555", "reservationid": "IRP-O2VZ", "orderType": "website", "hotelSKU": "prd1040", "hotelCheckInUnix": "1582644025", "hotelCheckOutUnix": "1582816825", "hotelCheckInTS": "2020-02-25T15:20:25+00:00", "hotelCheckOutTS": "2020-02-27T15:20:25+00:00", "hotelChain": "Aspen Heights", "hotelName": "Aspen Heights: Atlanta", "hotelLocation": "Atlanta", "hotelRoomType": "standard", "hotelRoomCount": "1", "hotelGuestAdultCount": "1", "hotelGuestChildCount": "0", "hotelNightCount": "2", "hotelRoomPrice": "161.97", "hotelFinalPrice": "323.94"}}}
{"_id": "orderid:198950", "timestamp": "2019-12-26T16:19:07.000Z", "eventType": "transaction", "_adobeamericaspot3": {"CRMID": "crmid:3114143418", "orderDetails": {"orderID": "orderid:198950", "reservationid": "VG6-9T0T", "orderType": "website", "hotelSKU": "prd1105", "hotelCheckInUnix": "1577463547", "hotelCheckOutUnix": "1577981947", "hotelCheckInTS": "2019-12-27T16:19:07+00:00", "hotelCheckOutTS": "2020-01-02T16:19:07+00:00", "hotelChain": "Admiralty Plaza", "hotelName": "Admiralty Plaza: Barcelona", "hotelLocation": "Barcelona", "hotelRoomType": "standard", "hotelRoomCount": "1", "hotelGuestAdultCount": "1", "hotelGuestChildCount": "0", "hotelNightCount": "6", "hotelRoomPrice": "144.57", "hotelFinalPrice": "867.42"}}}
{"_id": "orderid:674780", "timestamp": "2020-01-09T10:57:02.000Z", "eventType": "transaction", "_adobeamericaspot3": {"CRMID": "crmid:2630421821", "orderDetails": {"orderID": "orderid:674780", "reservationid": "91E-R8VF", "orderType": "website", "hotelSKU": "prd1077", "hotelCheckInUnix": "1578653822", "hotelCheckOutUnix": "1578999422", "hotelCheckInTS": "2020-01-10T10:57:02+00:00", "hotelCheckOutTS": "2020-01-14T10:57:02+00:00", "hotelChain": "Sapphire Suites", "hotelName": "Sapphire Suites: Cairo", "hotelLocation": "Cairo", "hotelRoomType": "standard", "hotelRoomCount": "1", "hotelGuestAdultCount": "1", "hotelGuestChildCount": "0", "hotelNightCount": "4", "hotelRoomPrice": "120.96", "hotelFinalPrice": "483.84"}}}
{"_id": "orderid:461665", "timestamp": "2020-01-21T11:02:12.000Z", "eventType": "transaction", "_adobeamericaspot3": {"CRMID": "crmid:6356262408", "orderDetails": {"orderID": "orderid:461665", "reservationid": "V2Q-CADP", "orderType": "call center", "hotelSKU": "prd1092", "hotelCheckInUnix": "1579777332", "hotelCheckOutUnix": "1580209332", "hotelCheckInTS": "2020-01-23T11:02:12+00:00", "hotelCheckOutTS": "2020-01-28T11:02:12+00:00", "hotelChain": "Repose Resort", "hotelName": "Repose Resort: Cape Town", "hotelLocation": "Cape Town", "hotelRoomType": "standard", "hotelRoomCount": "1", "hotelGuestAdultCount": "1", "hotelGuestChildCount": "0", "hotelNightCount": "5", "hotelRoomPrice": "152.37", "hotelFinalPrice": "761.85"}}}
{"_id": "orderid:829194", "timestamp": "2019-12-22T12:16:12.000Z", "eventType": "transaction", "_adobeamericaspot3": {"CRMID": "crmid:9948239361", "orderDetails": {"orderID": "orderid:829194", "reservationid": "355-O3VG", "orderType": "kiosk", "hotelSKU": "prd1009", "hotelCheckInUnix": "1577189772", "hotelCheckOutUnix": "1577276172", "hotelCheckInTS": "2019-12-24T12:16:12+00:00", "hotelCheckOutTS": "2019-12-25T12:16:12+00:00", "hotelChain": "Admiralty Plaza", "hotelName": "Admiralty Plaza: San Antonio", "hotelLocation": "San Antonio", "hotelRoomType": "premium", "hotelRoomCount": "1", "hotelGuestAdultCount": "1", "hotelGuestChildCount": "0", "hotelNightCount": "1", "hotelRoomPrice": "178.15", "hotelFinalPrice": "178.15"}}}
{"_id": "orderid:772591", "timestamp": "2019-12-19T21:49:04.000Z", "eventType": "transaction", "_adobeamericaspot3": {"CRMID": "crmid:5507060930", "orderDetails": {"orderID": "orderid:772591", "reservationid": "CX4-1QTJ", "orderType": "service desk", "hotelSKU": "prd1170", "hotelCheckInUnix": "1578692944", "hotelCheckOutUnix": "1579124944", "hotelCheckInTS": "2020-01-10T21:49:04+00:00", "hotelCheckOutTS": "2020-01-15T21:49:04+00:00", "hotelChain": "Restful Nights", "hotelName": "Restful Nights: Fresno", "hotelLocation": "Fresno", "hotelRoomType": "standard", "hotelRoomCount": "1", "hotelGuestAdultCount": "1", "hotelGuestChildCount": "0", "hotelNightCount": "5", "hotelRoomPrice": "169.15", "hotelFinalPrice": "845.75"}}}
{"_id": "orderid:988988", "timestamp": "2020-02-08T10:46:11.000Z", "eventType": "transaction", "_adobeamericaspot3": {"CRMID": "crmid:4421239710", "orderDetails": {"orderID": "orderid:988988", "reservationid": "1FR-OJQN", "orderType": "call center", "hotelSKU": "prd1172", "hotelCheckInUnix": "1583232371", "hotelCheckOutUnix": "1583923571", "hotelCheckInTS": "2020-03-03T10:46:11+00:00", "hotelCheckOutTS": "2020-03-11T10:46:11+00:00", "hotelChain": "Aspen Heights", "hotelName": "Aspen Heights: Mesa", "hotelLocation": "Mesa", "hotelRoomType": "standard", "hotelRoomCount": "1", "hotelGuestAdultCount": "1", "hotelGuestChildCount": "0", "hotelNightCount": "8", "hotelRoomPrice": "134.74", "hotelFinalPrice": "1077.92"}}}
{"_id": "orderid:506506", "timestamp": "2019-12-01T22:34:45.000Z", "eventType": "transaction", "_adobeamericaspot3": {"CRMID": "crmid:6128548268", "orderDetails": {"orderID": "orderid:506506", "reservationid": "CK0-NC43", "orderType": "kiosk", "hotelSKU": "prd1034", "hotelCheckInUnix": "1577399685", "hotelCheckOutUnix": "1578177285", "hotelCheckInTS": "2019-12-26T22:34:45+00:00", "hotelCheckOutTS": "2020-01-04T22:34:45+00:00", "hotelChain": "Blue Reef Resort", "hotelName": "Blue Reef Resort: Albuquerque", "hotelLocation": "Albuquerque", "hotelRoomType": "standard", "hotelRoomCount": "1", "hotelGuestAdultCount": "1", "hotelGuestChildCount": "4", "hotelNightCount": "9", "hotelRoomPrice": "115.81", "hotelFinalPrice": "1042.29"}}}
{"_id": "orderid:963307", "timestamp": "2019-12-04T09:52:59.000Z", "eventType": "transaction", "_adobeamericaspot3": {"CRMID": "crmid:8919074817", "orderDetails": {"orderID": "orderid:963307", "reservationid": "NZR-DEE9", "orderType": "call center", "hotelSKU": "prd1040", "hotelCheckInUnix": "1577699579", "hotelCheckOutUnix": "1577785979", "hotelCheckInTS": "2019-12-30T09:52:59+00:00", "hotelCheckOutTS": "2019-12-31T09:52:59+00:00", "hotelChain": "Aspen Heights", "hotelName": "Aspen Heights: Atlanta", "hotelLocation": "Atlanta", "hotelRoomType": "premium", "hotelRoomCount": "1", "hotelGuestAdultCount": "1", "hotelGuestChildCount": "0", "hotelNightCount": "1", "hotelRoomPrice": "114.65", "hotelFinalPrice": "114.65"}}}
{"_id": "orderid:959778", "timestamp": "2020-01-30T21:02:13.000Z", "eventType": "transaction", "_adobeamericaspot3": {"CRMID": "crmid:2872884912", "orderDetails": {"orderID": "orderid:959778", "reservationid": "XBQ-X4ZX", "orderType": "website", "hotelSKU": "prd1053", "hotelCheckInUnix": "1580504533", "hotelCheckOutUnix": "1580677333", "hotelCheckInTS": "2020-01-31T21:02:13+00:00", "hotelCheckOutTS": "2020-02-02T21:02:13+00:00", "hotelChain": "Sapphire Suites", "hotelName": "Sapphire Suites: Cleveland", "hotelLocation": "Cleveland", "hotelRoomType": "standard", "hotelRoomCount": "1", "hotelGuestAdultCount": "1", "hotelGuestChildCount": "0", "hotelNightCount": "2", "hotelRoomPrice": "124.48", "hotelFinalPrice": "248.96"}}}
{"_id": "orderid:817892", "timestamp": "2020-01-09T17:58:57.000Z", "eventType": "transaction", "_adobeamericaspot3": {"CRMID": "crmid:4461771141", "orderDetails": {"orderID": "orderid:817892", "reservationid": "JWK-PAAQ", "orderType": "kiosk", "hotelSKU": "prd1035", "hotelCheckInUnix": "1580752737", "hotelCheckOutUnix": "1581184737", "hotelCheckInTS": "2020-02-03T17:58:57+00:00", "hotelCheckOutTS": "2020-02-08T17:58:57+00:00", "hotelChain": "Hospitality Inn", "hotelName": "Hospitality Inn: Tucson", "hotelLocation": "Tucson", "hotelRoomType": "standard", "hotelRoomCount": "1", "hotelGuestAdultCount": "1", "hotelGuestChildCount": "0", "hotelNightCount": "5", "hotelRoomPrice": "96.27", "hotelFinalPrice": "481.35"}}}
{"_id": "orderid:531742", "timestamp": "2019-12-18T17:29:34.000Z", "eventType": "transaction", "_adobeamericaspot3": {"CRMID": "crmid:9787866827", "orderDetails": {"orderID": "orderid:531742", "reservationid": "YRC-T8QN", "orderType": "mobile", "hotelSKU": "prd1074", "hotelCheckInUnix": "1578331774", "hotelCheckOutUnix": "1578418174", "hotelCheckInTS": "2020-01-06T17:29:34+00:00", "hotelCheckOutTS": "2020-01-07T17:29:34+00:00", "hotelChain": "Restful Nights", "hotelName": "Restful Nights: Mexico City", "hotelLocation": "Mexico City", "hotelRoomType": "standard", "hotelRoomCount": "1", "hotelGuestAdultCount": "1", "hotelGuestChildCount": "0", "hotelNightCount": "1", "hotelRoomPrice": "139.63", "hotelFinalPrice": "139.63"}}}
{"_id": "orderid:873203", "timestamp": "2019-12-04T01:34:30.000Z", "eventType": "transaction", "_adobeamericaspot3": {"CRMID": "crmid:6593418398", "orderDetails": {"orderID": "orderid:873203", "reservationid": "PAK-QNXF", "orderType": "mobile", "hotelSKU": "prd1179", "hotelCheckInUnix": "1575941670", "hotelCheckOutUnix": "1576546470", "hotelCheckInTS": "2019-12-10T01:34:30+00:00", "hotelCheckOutTS": "2019-12-17T01:34:30+00:00", "hotelChain": "Hospitality Inn", "hotelName": "Hospitality Inn: Miami", "hotelLocation": "Miami", "hotelRoomType": "standard", "hotelRoomCount": "1", "hotelGuestAdultCount": "1", "hotelGuestChildCount": "0", "hotelNightCount": "7", "hotelRoomPrice": "137.19", "hotelFinalPrice": "960.33"}}}
{"_id": "orderid:219988", "timestamp": "2019-12-11T12:03:22.000Z", "eventType": "transaction", "_adobeamericaspot3": {"CRMID": "crmid:1692239160", "orderDetails": {"orderID": "orderid:219988", "reservationid": "YXV-3RHO", "orderType": "website", "hotelSKU": "prd1123", "hotelCheckInUnix": "1576152202", "hotelCheckOutUnix": "1576238602", "hotelCheckInTS": "2019-12-12T12:03:22+00:00", "hotelCheckOutTS": "2019-12-13T12:03:22+00:00", "hotelChain": "Family Fun Hotels", "hotelName": "Family Fun Hotels: Amsterdam", "hotelLocation": "Amsterdam", "hotelRoomType": "standard", "hotelRoomCount": "1", "hotelGuestAdultCount": "1", "hotelGuestChildCount": "0", "hotelNightCount": "1", "hotelRoomPrice": "129.91", "hotelFinalPrice": "129.91"}}}
{"_id": "orderid:942194", "timestamp": "2020-02-06T07:43:10.000Z", "eventType": "transaction", "_adobeamericaspot3": {"CRMID": "crmid:8419789241", "orderDetails": {"orderID": "orderid:942194", "reservationid": "41A-4Y4X", "orderType": "kiosk", "hotelSKU": "prd1046", "hotelCheckInUnix": "1583307790", "hotelCheckOutUnix": "1583739790", "hotelCheckInTS": "2020-03-04T07:43:10+00:00", "hotelCheckOutTS": "2020-03-09T07:43:10+00:00", "hotelChain": "Blue Reef Resort", "hotelName": "Blue Reef Resort: Virginia Beach", "hotelLocation": "Virginia Beach", "hotelRoomType": "standard", "hotelRoomCount": "1", "hotelGuestAdultCount": "1", "hotelGuestChildCount": "0", "hotelNightCount": "5", "hotelRoomPrice": "144.08", "hotelFinalPrice": "720.4"}}}
{"_id": "orderid:788087", "timestamp": "2020-01-16T11:20:55.000Z", "eventType": "transaction", "_adobeamericaspot3": {"CRMID": "crmid:7925396812", "orderDetails": {"orderID": "orderid:788087", "reservationid": "8GA-UVFD", "orderType": "call center", "hotelSKU": "prd1029", "hotelCheckInUnix": "1579778455", "hotelCheckOutUnix": "1580296855", "hotelCheckInTS": "2020-01-23T11:20:55+00:00", "hotelCheckOutTS": "2020-01-29T11:20:55+00:00", "hotelChain": "Sapphire Suites", "hotelName": "Sapphire Suites: Oklahoma City", "hotelLocation": "Oklahoma City", "hotelRoomType": "premium", "hotelRoomCount": "1", "hotelGuestAdultCount": "1", "hotelGuestChildCount": "3", "hotelNightCount": "6", "hotelRoomPrice": "156.61", "hotelFinalPrice": "939.66"}}}
{"_id": "orderid:503139", "timestamp": "2019-12-10T16:03:35.000Z", "eventType": "transaction", "_adobeamericaspot3": {"CRMID": "crmid:6732560598", "orderDetails": {"orderID": "orderid:503139", "reservationid": "RUZ-CXIW", "orderType": "kiosk", "hotelSKU": "prd1089", "hotelCheckInUnix": "1576080215", "hotelCheckOutUnix": "1576425815", "hotelCheckInTS": "2019-12-11T16:03:35+00:00", "hotelCheckOutTS": "2019-12-15T16:03:35+00:00", "hotelChain": "Sapphire Suites", "hotelName": "Sapphire Suites: Rome", "hotelLocation": "Rome", "hotelRoomType": "premium", "hotelRoomCount": "1", "hotelGuestAdultCount": "1", "hotelGuestChildCount": "0", "hotelNightCount": "4", "hotelRoomPrice": "164.94", "hotelFinalPrice": "659.76"}}}
{"_id": "orderid:796720", "timestamp": "2020-01-18T05:34:01.000Z", "eventType": "transaction", "_adobeamericaspot3": {"CRMID": "crmid:3750992155", "orderDetails": {"orderID": "orderid:796720", "reservationid": "64T-YOS9", "orderType": "call center", "hotelSKU": "prd1040", "hotelCheckInUnix": "1581572041", "hotelCheckOutUnix": "1583213641", "hotelCheckInTS": "2020-02-13T05:34:01+00:00", "hotelCheckOutTS": "2020-03-03T05:34:01+00:00", "hotelChain": "Aspen Heights", "hotelName": "Aspen Heights: Atlanta", "hotelLocation": "Atlanta", "hotelRoomType": "premium", "hotelRoomCount": "1", "hotelGuestAdultCount": "1", "hotelGuestChildCount": "0", "hotelNightCount": "19", "hotelRoomPrice": "125.45", "hotelFinalPrice": "2383.55"}}}
{"_id": "orderid:142687", "timestamp": "2020-02-14T07:15:52.000Z", "eventType": "transaction", "_adobeamericaspot3": {"CRMID": "crmid:7555128889", "orderDetails": {"orderID": "orderid:142687", "reservationid": "PEE-31MU", "orderType": "website", "hotelSKU": "prd1004", "hotelCheckInUnix": "1581837352", "hotelCheckOutUnix": "1581923752", "hotelCheckInTS": "2020-02-16T07:15:52+00:00", "hotelCheckOutTS": "2020-02-17T07:15:52+00:00", "hotelChain": "Aspen Heights", "hotelName": "Aspen Heights: Boulder", "hotelLocation": "Boulder", "hotelRoomType": "premium", "hotelRoomCount": "1", "hotelGuestAdultCount": "1", "hotelGuestChildCount": "0", "hotelNightCount": "1", "hotelRoomPrice": "104.64", "hotelFinalPrice": "104.64"}}}
{"_id": "orderid:336196", "timestamp": "2020-02-06T22:23:17.000Z", "eventType": "transaction", "_adobeamericaspot3": {"CRMID": "crmid:3595279307", "orderDetails": {"orderID": "orderid:336196", "reservationid": "VPG-7ON4", "orderType": "website", "hotelSKU": "prd1143", "hotelCheckInUnix": "1583533397", "hotelCheckOutUnix": "1584051797", "hotelCheckInTS": "2020-03-06T22:23:17+00:00", "hotelCheckOutTS": "2020-03-12T22:23:17+00:00", "hotelChain": "Hospitality Inn", "hotelName": "Hospitality Inn: San Antonio", "hotelLocation": "San Antonio", "hotelRoomType": "standard", "hotelRoomCount": "1", "hotelGuestAdultCount": "1", "hotelGuestChildCount": "0", "hotelNightCount": "6", "hotelRoomPrice": "170.06", "hotelFinalPrice": "1020.36"}}}
{"_id": "orderid:415729", "timestamp": "2020-01-24T12:35:06.000Z", "eventType": "transaction", "_adobeamericaspot3": {"CRMID": "crmid:9820034958", "orderDetails": {"orderID": "orderid:415729", "reservationid": "1FA-C9GO", "orderType": "website", "hotelSKU": "prd1110", "hotelCheckInUnix": "1581942906", "hotelCheckOutUnix": "1582634106", "hotelCheckInTS": "2020-02-17T12:35:06+00:00", "hotelCheckOutTS": "2020-02-25T12:35:06+00:00", "hotelChain": "Restful Nights", "hotelName": "Restful Nights: Sofia", "hotelLocation": "Sofia", "hotelRoomType": "standard", "hotelRoomCount": "1", "hotelGuestAdultCount": "1", "hotelGuestChildCount": "0", "hotelNightCount": "8", "hotelRoomPrice": "151.67", "hotelFinalPrice": "1213.36"}}}
{"_id": "orderid:270858", "timestamp": "2019-12-23T18:31:14.000Z", "eventType": "transaction", "_adobeamericaspot3": {"CRMID": "crmid:6913227785", "orderDetails": {"orderID": "orderid:270858", "reservationid": "TSD-QSMK", "orderType": "kiosk", "hotelSKU": "prd1187", "hotelCheckInUnix": "1579026674", "hotelCheckOutUnix": "1579545074", "hotelCheckInTS": "2020-01-14T18:31:14+00:00", "hotelCheckOutTS": "2020-01-20T18:31:14+00:00", "hotelChain": "Nesting Box Inn", "hotelName": "Nesting Box Inn: Cleveland", "hotelLocation": "Cleveland", "hotelRoomType": "ultra-luxury", "hotelRoomCount": "1", "hotelGuestAdultCount": "1", "hotelGuestChildCount": "0", "hotelNightCount": "6", "hotelRoomPrice": "255.85", "hotelFinalPrice": "1535.1"}}}
{"_id": "orderid:921980", "timestamp": "2019-12-17T20:22:19.000Z", "eventType": "transaction", "_adobeamericaspot3": {"CRMID": "crmid:9412297779", "orderDetails": {"orderID": "orderid:921980", "reservationid": "LR3-2JYP", "orderType": "website", "hotelSKU": "prd1197", "hotelCheckInUnix": "1576700539", "hotelCheckOutUnix": "1576959739", "hotelCheckInTS": "2019-12-18T20:22:19+00:00", "hotelCheckOutTS": "2019-12-21T20:22:19+00:00", "hotelChain": "Sapphire Suites", "hotelName": "Sapphire Suites: London", "hotelLocation": "London", "hotelRoomType": "standard", "hotelRoomCount": "1", "hotelGuestAdultCount": "1", "hotelGuestChildCount": "0", "hotelNightCount": "3", "hotelRoomPrice": "177.78", "hotelFinalPrice": "533.34"}}}
{"_id": "orderid:849697", "timestamp": "2019-12-16T01:46:08.000Z", "eventType": "transaction", "_adobeamericaspot3": {"CRMID": "crmid:8651622345", "orderDetails": {"orderID": "orderid:849697", "reservationid": "TI3-DL0O", "orderType": "website", "hotelSKU": "prd1017", "hotelCheckInUnix": "1578447968", "hotelCheckOutUnix": "1579225568", "hotelCheckInTS": "2020-01-08T01:46:08+00:00", "hotelCheckOutTS": "2020-01-17T01:46:08+00:00", "hotelChain": "Sapphire Suites", "hotelName": "Sapphire Suites: Fort Worth", "hotelLocation": "Fort Worth", "hotelRoomType": "standard", "hotelRoomCount": "1", "hotelGuestAdultCount": "1", "hotelGuestChildCount": "0", "hotelNightCount": "9", "hotelRoomPrice": "141.57", "hotelFinalPrice": "1274.13"}}}
{"_id": "orderid:454944", "timestamp": "2020-01-15T01:34:26.000Z", "eventType": "transaction", "_adobeamericaspot3": {"CRMID": "crmid:2277927409", "orderDetails": {"orderID": "orderid:454944", "reservationid": "EEA-JLUB", "orderType": "call center", "hotelSKU": "prd1196", "hotelCheckInUnix": "1581039266", "hotelCheckOutUnix": "1581730466", "hotelCheckInTS": "2020-02-07T01:34:26+00:00", "hotelCheckOutTS": "2020-02-15T01:34:26+00:00", "hotelChain": "Aspen Heights", "hotelName": "Aspen Heights: Moscow", "hotelLocation": "Moscow", "hotelRoomType": "standard", "hotelRoomCount": "1", "hotelGuestAdultCount": "1", "hotelGuestChildCount": "0", "hotelNightCount": "8", "hotelRoomPrice": "142.86", "hotelFinalPrice": "1142.88"}}}
{"_id": "orderid:649605", "timestamp": "2020-01-27T01:05:29.000Z", "eventType": "transaction", "_adobeamericaspot3": {"CRMID": "crmid:4336321739", "orderDetails": {"orderID": "orderid:649605", "reservationid": "OAX-YDBI", "orderType": "service desk", "hotelSKU": "prd1049", "hotelCheckInUnix": "1581728729", "hotelCheckOutUnix": "1582419929", "hotelCheckInTS": "2020-02-15T01:05:29+00:00", "hotelCheckOutTS": "2020-02-23T01:05:29+00:00", "hotelChain": "Grandeur Hotels", "hotelName": "Grandeur Hotels: Tulsa", "hotelLocation": "Tulsa", "hotelRoomType": "standard", "hotelRoomCount": "1", "hotelGuestAdultCount": "1", "hotelGuestChildCount": "0", "hotelNightCount": "8", "hotelRoomPrice": "120.5", "hotelFinalPrice": "964.0"}}}
{"_id": "orderid:912555", "timestamp": "2019-12-12T04:30:35.000Z", "eventType": "transaction", "_adobeamericaspot3": {"CRMID": "crmid:2150721269", "orderDetails": {"orderID": "orderid:912555", "reservationid": "ZYK-SI4N", "orderType": "call center", "hotelSKU": "prd1130", "hotelCheckInUnix": "1576211435", "hotelCheckOutUnix": "1576470635", "hotelCheckInTS": "2019-12-13T04:30:35+00:00", "hotelCheckOutTS": "2019-12-16T04:30:35+00:00", "hotelChain": "Blue Reef Resort", "hotelName": "Blue Reef Resort: Bremen", "hotelLocation": "Bremen", "hotelRoomType": "standard", "hotelRoomCount": "1", "hotelGuestAdultCount": "1", "hotelGuestChildCount": "0", "hotelNightCount": "3", "hotelRoomPrice": "132.4", "hotelFinalPrice": "397.2"}}}
{"_id": "orderid:279084", "timestamp": "2020-02-13T17:22:02.000Z", "eventType": "transaction", "_adobeamericaspot3": {"CRMID": "crmid:6250367830", "orderDetails": {"orderID": "orderid:279084", "reservationid": "T0M-DHVG", "orderType": "service desk", "hotelSKU": "prd1028", "hotelCheckInUnix": "1581700922", "hotelCheckOutUnix": "1581787322", "hotelCheckInTS": "2020-02-14T17:22:02+00:00", "hotelCheckOutTS": "2020-02-15T17:22:02+00:00", "hotelChain": "Aspen Heights", "hotelName": "Aspen Heights: Portland", "hotelLocation": "Portland", "hotelRoomType": "standard", "hotelRoomCount": "1", "hotelGuestAdultCount": "1", "hotelGuestChildCount": "0", "hotelNightCount": "1", "hotelRoomPrice": "151.2", "hotelFinalPrice": "151.2"}}}
{"_id": "orderid:456024", "timestamp": "2019-12-28T11:34:35.000Z", "eventType": "transaction", "_adobeamericaspot3": {"CRMID": "crmid:8069546080", "orderDetails": {"orderID": "orderid:456024", "reservationid": "O0R-3O6M", "orderType": "mobile", "hotelSKU": "prd1009", "hotelCheckInUnix": "1579865675", "hotelCheckOutUnix": "1580384075", "hotelCheckInTS": "2020-01-24T11:34:35+00:00", "hotelCheckOutTS": "2020-01-30T11:34:35+00:00", "hotelChain": "Admiralty Plaza", "hotelName": "Admiralty Plaza: San Antonio", "hotelLocation": "San Antonio", "hotelRoomType": "standard", "hotelRoomCount": "1", "hotelGuestAdultCount": "1", "hotelGuestChildCount": "3", "hotelNightCount": "6", "hotelRoomPrice": "138.77", "hotelFinalPrice": "832.62"}}}
{"_id": "orderid:436369", "timestamp": "2019-12-23T08:47:16.000Z", "eventType": "transaction", "_adobeamericaspot3": {"CRMID": "crmid:4262788214", "orderDetails": {"orderID": "orderid:436369", "reservationid": "KHZ-TGGQ", "orderType": "mobile", "hotelSKU": "prd1178", "hotelCheckInUnix": "1579423636", "hotelCheckOutUnix": "1580806036", "hotelCheckInTS": "2020-01-19T08:47:16+00:00", "hotelCheckOutTS": "2020-02-04T08:47:16+00:00", "hotelChain": "Blue Reef Resort", "hotelName": "Blue Reef Resort: Colorado Springs", "hotelLocation": "Colorado Springs", "hotelRoomType": "standard", "hotelRoomCount": "1", "hotelGuestAdultCount": "1", "hotelGuestChildCount": "0", "hotelNightCount": "16", "hotelRoomPrice": "170.07", "hotelFinalPrice": "2721.12"}}}
{"_id": "orderid:105510", "timestamp": "2019-12-06T22:47:53.000Z", "eventType": "transaction", "_adobeamericaspot3": {"CRMID": "crmid:8004351253", "orderDetails": {"orderID": "orderid:105510", "reservationid": "ZKV-BAXD", "orderType": "call center", "hotelSKU": "prd1056", "hotelCheckInUnix": "1576190873", "hotelCheckOutUnix": "1576363673", "hotelCheckInTS": "2019-12-12T22:47:53+00:00", "hotelCheckOutTS": "2019-12-14T22:47:53+00:00", "hotelChain": "Repose Resort", "hotelName": "Repose Resort: Aurora", "hotelLocation": "Aurora", "hotelRoomType": "premium", "hotelRoomCount": "1", "hotelGuestAdultCount": "1", "hotelGuestChildCount": "0", "hotelNightCount": "2", "hotelRoomPrice": "133.65", "hotelFinalPrice": "267.3"}}}
{"_id": "orderid:244817", "timestamp": "2020-01-03T20:42:18.000Z", "eventType": "transaction", "_adobeamericaspot3": {"CRMID": "crmid:1210726841", "orderDetails": {"orderID": "orderid:244817", "reservationid": "RMT-FCL2", "orderType": "website", "hotelSKU": "prd1190", "hotelCheckInUnix": "1580589738", "hotelCheckOutUnix": "1581108138", "hotelCheckInTS": "2020-02-01T20:42:18+00:00", "hotelCheckOutTS": "2020-02-07T20:42:18+00:00", "hotelChain": "Blue Reef Resort", "hotelName": "Blue Reef Resort: Aurora", "hotelLocation": "Aurora", "hotelRoomType": "standard", "hotelRoomCount": "1", "hotelGuestAdultCount": "1", "hotelGuestChildCount": "0", "hotelNightCount": "6", "hotelRoomPrice": "137.22", "hotelFinalPrice": "823.32"}}}
{"_id": "orderid:827558", "timestamp": "2020-01-17T02:54:03.000Z", "eventType": "transaction", "_adobeamericaspot3": {"CRMID": "crmid:1027032828", "orderDetails": {"orderID": "orderid:827558", "reservationid": "IQI-FGFW", "orderType": "call center", "hotelSKU": "prd1166", "hotelCheckInUnix": "1580957643", "hotelCheckOutUnix": "1581562443", "hotelCheckInTS": "2020-02-06T02:54:03+00:00", "hotelCheckOutTS": "2020-02-13T02:54:03+00:00", "hotelChain": "Blue Reef Resort", "hotelName": "Blue Reef Resort: Baltimore", "hotelLocation": "Baltimore", "hotelRoomType": "standard", "hotelRoomCount": "1", "hotelGuestAdultCount": "1", "hotelGuestChildCount": "2", "hotelNightCount": "7", "hotelRoomPrice": "116.5", "hotelFinalPrice": "815.5"}}}
