id,reservationid,orderid,crmid,timestamp,orderType,productsku,hotelCheckInUnix,hotelCheckOutUnix,hotelCheckInTS,hotelCheckOutTS,hotelName,hotelChain,hotelLocation,hotelRoomType,hotelRoomCount,hotelGuestAdultCount,hotelGuestChildCount,hotelNightCount,hotelRoomPrice,hotelFinalPrice
9bf326e6-53cb-11ea-84cd-b88a60e194fb,HOO-WRNF,orderid:848201,crmid:7354621604,2020-01-01T09:47:36.000Z,website,prd1180,1579859256,1581241656,2020-01-24T09:47:36+00:00,2020-02-09T09:47:36+00:00,Sandhill: Virginia Beach,Sandhill,Virginia Beach,standard,1,1,0,16,69.01,1104.16
9bf45f7a-53cb-11ea-892b-b88a60e194fb,CYF-1SRO,orderid:176165,crmid:1573727379,2020-01-04T20:03:53.000Z,call center,prd1021,1578254633,1578341033,2020-01-05T20:03:53+00:00,2020-01-06T20:03:53+00:00,Admiralty Plaza: Denver,Admiralty Plaza,Denver,premium,1,1,0,1,106.5,106.5
9bf570e6-53cb-11ea-9a2e-b88a60e194fb,SUW-WHQK,orderid:667877,crmid:3746490407,2020-01-26T04:48:58.000Z,kiosk,prd1051,1580100538,1580273338,2020-01-27T04:48:58+00:00,2020-01-29T04:48:58+00:00,Family Fun Hotels: New Orleans,Family Fun Hotels,New Orleans,premium,1,1,0,2,162.59,325.18
9bf68254-53cb-11ea-900d-b88a60e194fb,RJL-Q9FE,orderid:307104,crmid:6584042876,2019-12-02T17:16:20.000Z,call center,prd1071,1576602980,1577034980,2019-12-17T17:16:20+00:00,2019-12-22T17:16:20+00:00,Hospitality Inn: Seoul,Hospitality Inn,Seoul,standard,1,1,0,5,141.35,706.75
9bf7e1ee-53cb-11ea-95fa-b88a60e194fb,IHQ-VOYN,orderid:320347,crmid:2293537705,2020-02-09T07:00:14.000Z,website,prd1021,1581318014,1581404414,2020-02-10T07:00:14+00:00,2020-02-11T07:00:14+00:00,Admiralty Plaza: Denver,Admiralty Plaza,Denver,standard,1,1,0,1,154.27,154.27
9bf8f364-53cb-11ea-a59c-b88a60e194fb,SJJ-H803,orderid:578692,crmid:1181805260,2020-01-31T00:24:30.000Z,service desk,prd1169,1582590270,1582849470,2020-02-25T00:24:30+00:00,2020-02-28T00:24:30+00:00,Grandeur Hotels: Tucson,Grandeur Hotels,Tucson,standard,1,1,1,3,124.87,374.61
9bf9dda4-53cb-11ea-835b-b88a60e194fb,KRI-1WXS,orderid:332898,crmid:8751636948,2020-02-13T09:20:16.000Z,mobile,prd1069,1581672016,1581844816,2020-02-14T09:20:16+00:00,2020-02-16T09:20:16+00:00,Admiralty Plaza: Singapore,Admiralty Plaza,Singapore,standard,1,1,0,2,164.19,328.38
9bfaa0fa-53cb-11ea-aec5-b88a60e194fb,UZE-N49A,orderid:902235,crmid:1445565731,2020-01-13T02:22:47.000Z,kiosk,prd1023,1580869367,1581214967,2020-02-05T02:22:47+00:00,2020-02-09T02:22:47+00:00,Hospitality Inn: Boston,Hospitality Inn,Boston,premium,1,1,1,4,128.19,512.76
9bfb3d2e-53cb-11ea-beb7-b88a60e194fb,AHJ-UNFQ,orderid:421984,crmid:7112642819,2019-12-23T18:08:51.000Z,call center,prd1166,1577210931,1577470131,2019-12-24T18:08:51+00:00,2019-12-27T18:08:51+00:00,Blue Reef Resort: Baltimore,Blue Reef Resort,Baltimore,standard,1,1,0,3,66.77,200.31
9bfc762e-53cb-11ea-be2d-b88a60e194fb,CCH-ZZJD,orderid:911949,crmid:3166468889,2020-01-12T07:23:52.000Z,website,prd1076,1580973832,1581665032,2020-02-06T07:23:52+00:00,2020-02-14T07:23:52+00:00,Aspen Heights: Bogota,Aspen Heights,Bogota,standard,1,1,0,8,128.55,1028.4
9bfd390a-53cb-11ea-8745-b88a60e194fb,FID-RXLX,orderid:840943,crmid:5145552523,2020-02-13T15:29:04.000Z,call center,prd1070,1583767744,1584199744,2020-03-09T15:29:04+00:00,2020-03-14T15:29:04+00:00,Blue Reef Resort: Jakarta,Blue Reef Resort,Jakarta,premium,1,1,1,5,157.63,788.15
9bfdfc46-53cb-11ea-9e5c-b88a60e194fb,LM9-TBII,orderid:749080,crmid:6999509755,2019-12-06T13:19:04.000Z,call center,prd1076,1577711944,1578403144,2019-12-30T13:19:04+00:00,2020-01-07T13:19:04+00:00,Aspen Heights: Bogota,Aspen Heights,Bogota,standard,1,1,0,8,121.86,974.88
9bff0dc6-53cb-11ea-9734-b88a60e194fb,LWA-PRVK,orderid:511084,crmid:2476073986,2020-01-16T12:13:53.000Z,call center,prd1034,1579349633,1579436033,2020-01-18T12:13:53+00:00,2020-01-19T12:13:53+00:00,Blue Reef Resort: Albuquerque,Blue Reef Resort,Albuquerque,premium,1,1,0,1,125.49,125.49
9bff0dc7-53cb-11ea-8860-b88a60e194fb,ETW-GX5Y,orderid:385104,crmid:2476073986,2020-01-20T00:00:00.000Z,call center,prd1156,1579564800,1579651200,2020-01-21T00:00:00+00:00,2020-01-22T00:00:00+00:00,Sandhill: Washington DC,Sandhill,Washington DC,standard,1,1,0,1,161.59,161.59
9bffd118-53cb-11ea-9ec9-b88a60e194fb,ZLK-NQIN,orderid:689231,crmid:6479679666,2019-12-07T22:34:25.000Z,website,prd1074,1575930865,1576103665,2019-12-09T22:34:25+00:00,2019-12-11T22:34:25+00:00,Restful Nights: Mexico City,Restful Nights,Mexico City,premium,1,1,0,2,145.5,291.0
9c009458-53cb-11ea-bd91-b88a60e194fb,V5Y-JQTW,orderid:583471,crmid:5921961376,2020-02-07T03:16:55.000Z,mobile,prd1041,1581131815,1581304615,2020-02-08T03:16:55+00:00,2020-02-10T03:16:55+00:00,Sapphire Suites: Long Beach,Sapphire Suites,Long Beach,standard,1,1,0,2,144.51,289.02
9c0157a6-53cb-11ea-9f7c-b88a60e194fb,TJE-LRYM,orderid:808243,crmid:5654485379,2019-12-21T06:20:18.000Z,website,prd1178,1579242018,1579760418,2020-01-17T06:20:18+00:00,2020-01-23T06:20:18+00:00,Blue Reef Resort: Colorado Springs,Blue Reef Resort,Colorado Springs,standard,1,1,0,6,124.89,749.34
9c024206-53cb-11ea-ba91-b88a60e194fb,OAX-YDBI,orderid:649605,crmid:9520822068,2020-01-13T14:29:08.000Z,website,prd1106,1579184948,1579962548,2020-01-16T14:29:08+00:00,2020-01-25T14:29:08+00:00,Blue Reef Resort: Munich,Blue Reef Resort,Munich,standard,1,1,0,9,132.2,1189.8
9c02de4a-53cb-11ea-b64d-b88a60e194fb,JVS-M6ZK,orderid:990513,crmid:7530366024,2019-12-01T18:30:42.000Z,service desk,prd1130,1575311442,1575397842,2019-12-02T18:30:42+00:00,2019-12-03T18:30:42+00:00,Blue Reef Resort: Bremen,Blue Reef Resort,Bremen,standard,1,1,0,1,148.62,148.62
9c04171e-53cb-11ea-a252-b88a60e194fb,A1Z-QHYG,orderid:203712,crmid:2848339586,2019-12-10T10:33:12.000Z,kiosk,prd1028,1576405992,1576578792,2019-12-15T10:33:12+00:00,2019-12-17T10:33:12+00:00,Aspen Heights: Portland,Aspen Heights,Portland,standard,1,1,0,2,149.02,298.04
9c050136-53cb-11ea-b07d-b88a60e194fb,X2B-RKQD,orderid:230356,crmid:5709282174,2020-01-30T03:10:51.000Z,call center,prd1191,1582773051,1583896251,2020-02-27T03:10:51+00:00,2020-03-11T03:10:51+00:00,Hospitality Inn: Mumbai,Hospitality Inn,Mumbai,luxury,1,1,0,13,381.61,4960.93
9c05c476-53cb-11ea-8dfc-b88a60e194fb,7QS-C6C2,orderid:656444,crmid:8831989690,2019-12-18T02:21:45.000Z,call center,prd1013,1579141305,1579400505,2020-01-16T02:21:45+00:00,2020-01-19T02:21:45+00:00,Grandeur Hotels: Austin,Grandeur Hotels,Austin,standard,1,1,0,3,161.69,485.07
9c06aeda-53cb-11ea-95e7-b88a60e194fb,YPQ-ZXDT,orderid:461407,crmid:8366692506,2020-02-05T10:38:00.000Z,kiosk,prd1067,1580985480,1581158280,2020-02-06T10:38:00+00:00,2020-02-08T10:38:00+00:00,Nesting Box Inn: Istanbul,Nesting Box Inn,Istanbul,standard,1,1,0,2,115.8,231.6
9c077224-53cb-11ea-a517-b88a60e194fb,EFV-YHOE,orderid:720857,crmid:4047783020,2020-02-10T00:17:56.000Z,website,prd1033,1583713076,1584231476,2020-03-09T00:17:56+00:00,2020-03-15T00:17:56+00:00,Admiralty Plaza: Milwaukee,Admiralty Plaza,Milwaukee,standard,1,1,3,6,155.42,932.52
9c085c8a-53cb-11ea-9aa5-b88a60e194fb,MIR-LKOE,orderid:738827,crmid:5229934025,2019-12-15T06:07:55.000Z,mobile,prd1023,1576476475,1576562875,2019-12-16T06:07:55+00:00,2019-12-17T06:07:55+00:00,Hospitality Inn: Boston,Hospitality Inn,Boston,premium,1,1,0,1,147.88,147.88
9c094706-53cb-11ea-8156-b88a60e194fb,S7U-ILJT,orderid:815114,crmid:6988895254,2020-01-08T22:11:35.000Z,call center,prd1074,1578607895,1578953495,2020-01-09T22:11:35+00:00,2020-01-13T22:11:35+00:00,Restful Nights: Mexico City,Restful Nights,Mexico City,standard,1,1,0,4,113.4,453.6
9c094707-53cb-11ea-95ea-b88a60e194fb,JXB-ENYP,orderid:769550,crmid:6988895254,2020-01-15T00:00:00.000Z,website,prd1069,1579132800,1579219200,2020-01-16T00:00:00+00:00,2020-01-17T00:00:00+00:00,Admiralty Plaza: Singapore,Admiralty Plaza,Singapore,standard,1,1,0,1,121.47,121.47
9c0a0a36-53cb-11ea-a162-b88a60e194fb,0K7-6AIZ,orderid:693348,crmid:5246070182,2020-01-06T07:37:36.000Z,call center,prd1175,1580197056,1580715456,2020-01-28T07:37:36+00:00,2020-02-03T07:37:36+00:00,Nesting Box Inn: Long Beach,Nesting Box Inn,Long Beach,standard,1,1,2,6,157.5,945.0
9c0acd94-53cb-11ea-a372-b88a60e194fb,XLV-ASBU,orderid:680517,crmid:4265295720,2019-12-07T12:34:27.000Z,website,prd1184,1575808467,1575981267,2019-12-08T12:34:27+00:00,2019-12-10T12:34:27+00:00,Aspen Heights: Arlington,Aspen Heights,Arlington,premium,1,1,0,2,123.89,247.78
9c0b90da-53cb-11ea-9306-b88a60e194fb,ZVS-L0OQ,orderid:716974,crmid:6633596805,2020-02-14T13:28:10.000Z,call center,prd1112,1582032490,1582810090,2020-02-18T13:28:10+00:00,2020-02-27T13:28:10+00:00,Aspen Heights: Birmingham,Aspen Heights,Birmingham,standard,1,1,3,9,126.61,1139.49
9c0c7c9a-53cb-11ea-be3b-b88a60e194fb,ETZ-2NJV,orderid:890466,crmid:4907351896,2019-12-20T00:24:53.000Z,call center,prd1004,1576887893,1576974293,2019-12-21T00:24:53+00:00,2019-12-22T00:24:53+00:00,Aspen Heights: Boulder,Aspen Heights,Boulder,standard,1,1,0,1,143.77,143.77
9c0d18da-53cb-11ea-929d-b88a60e194fb,4KO-1LDA,orderid:936371,crmid:5430877427,2020-02-12T20:05:27.000Z,kiosk,prd1092,1581710727,1581969927,2020-02-14T20:05:27+00:00,2020-02-17T20:05:27+00:00,Repose Resort: Cape Town,Repose Resort,Cape Town,standard,1,1,0,3,116.89,350.67
9c0e0302-53cb-11ea-b19c-b88a60e194fb,SHW-ZBRI,orderid:266594,crmid:9825923014,2020-01-11T09:31:48.000Z,call center,prd1050,1578821508,1579426308,2020-01-12T09:31:48+00:00,2020-01-19T09:31:48+00:00,Restful Nights: Arlington,Restful Nights,Arlington,presidential-suite,1,1,0,7,905.43,6338.01
9c0f3a68-53cb-11ea-872d-b88a60e194fb,PT3-SJ3X,orderid:853454,crmid:1486487865,2020-01-01T22:56:06.000Z,kiosk,prd1061,1579647366,1580252166,2020-01-21T22:56:06+00:00,2020-01-28T22:56:06+00:00,Grandeur Hotels: Lahore,Grandeur Hotels,Lahore,standard,1,1,4,7,110.63,774.41
9c0ffdc2-53cb-11ea-9fde-b88a60e194fb,MED-QAFL,orderid:629616,crmid:9888810760,2019-12-19T13:57:27.000Z,call center,prd1143,1576850247,1576936647,2019-12-20T13:57:27+00:00,2019-12-21T13:57:27+00:00,Hospitality Inn: San Antonio,Hospitality Inn,San Antonio,standard,1,1,0,1,131.85,131.85
9c10c114-53cb-11ea-9074-b88a60e194fb,FA2-SKGL,orderid:659789,crmid:1431646513,2020-01-30T01:50:13.000Z,mobile,prd1143,1580694613,1580953813,2020-02-03T01:50:13+00:00,2020-02-06T01:50:13+00:00,Hospitality Inn: San Antonio,Hospitality Inn,San Antonio,standard,1,1,0,3,170.97,512.91
9c118486-53cb-11ea-a897-b88a60e194fb,09P-NS3Y,orderid:802321,crmid:5585291287,2020-02-10T11:08:34.000Z,mobile,prd1195,1583320114,1583752114,2020-03-04T11:08:34+00:00,2020-03-09T11:08:34+00:00,Family Fun Hotels: Lahore,Family Fun Hotels,Lahore,premium,1,1,0,5,149.37,746.85
9c1247b4-53cb-11ea-bc6a-b88a60e194fb,9XR-W7ES,orderid:926772,crmid:4880365708,2020-01-13T19:40:30.000Z,call center,prd1035,1580672430,1580931630,2020-02-02T19:40:30+00:00,2020-02-05T19:40:30+00:00,Hospitality Inn: Tucson,Hospitality Inn,Tucson,premium,1,1,0,3,138.42,415.26
9c130b00-53cb-11ea-9290-b88a60e194fb,65S-F4YS,orderid:388526,crmid:1805319007,2020-01-20T08:51:59.000Z,call center,prd1100,1581583919,1582015919,2020-02-13T08:51:59+00:00,2020-02-18T08:51:59+00:00,Aspen Heights: Misk,Aspen Heights,Misk,standard,1,1,2,5,143.29,716.45
9c141c78-53cb-11ea-8f2f-b88a60e194fb,TKG-TZ1X,orderid:439824,crmid:2630064389,2020-01-15T01:17:05.000Z,website,prd1022,1579915025,1580606225,2020-01-25T01:17:05+00:00,2020-02-02T01:17:05+00:00,Blue Reef Resort: Washington DC,Blue Reef Resort,Washington DC,premium,1,1,0,8,218.39,1747.12
9c14b8b0-53cb-11ea-95d4-b88a60e194fb,7FM-DDHY,orderid:760670,crmid:7859981378,2020-01-08T03:51:14.000Z,service desk,prd1100,1580097074,1581220274,2020-01-27T03:51:14+00:00,2020-02-09T03:51:14+00:00,Aspen Heights: Misk,Aspen Heights,Misk,standard,1,1,0,13,127.41,1656.33
9c157bf6-53cb-11ea-880b-b88a60e194fb,CHK-ED58,orderid:958616,crmid:5519701387,2020-01-17T03:33:56.000Z,mobile,prd1033,1581737636,1582169636,2020-02-15T03:33:56+00:00,2020-02-20T03:33:56+00:00,Admiralty Plaza: Milwaukee,Admiralty Plaza,Milwaukee,premium,1,1,0,5,165.72,828.6
9c166666-53cb-11ea-b57d-b88a60e194fb,JYM-OMT8,orderid:996609,crmid:5014762623,2020-01-07T10:14:35.000Z,call center,prd1148,1580724875,1581675275,2020-02-03T10:14:35+00:00,2020-02-14T10:14:35+00:00,Aspen Heights: Jacksonville,Aspen Heights,Jacksonville,standard,1,1,0,11,137.26,1509.86
9c1729a6-53cb-11ea-81fe-b88a60e194fb,0KT-ORLD,orderid:303465,crmid:8649630122,2020-01-18T19:12:06.000Z,kiosk,prd1106,1581275526,1581880326,2020-02-09T19:12:06+00:00,2020-02-16T19:12:06+00:00,Blue Reef Resort: Munich,Blue Reef Resort,Munich,standard,1,1,0,7,151.15,1058.05
9c17ed08-53cb-11ea-bf86-b88a60e194fb,RMJ-0EEJ,orderid:920855,crmid:1875664277,2020-02-14T01:44:59.000Z,call center,prd1109,1581731099,1581903899,2020-02-15T01:44:59+00:00,2020-02-17T01:44:59+00:00,Grandeur Hotels: Belgrade,Grandeur Hotels,Belgrade,standard,1,1,0,2,131.14,262.28
9c18d76e-53cb-11ea-ab26-b88a60e194fb,ET6-9P6F,orderid:677966,crmid:7481662082,2020-01-28T11:19:04.000Z,call center,prd1071,1580296744,1580469544,2020-01-29T11:19:04+00:00,2020-01-31T11:19:04+00:00,Hospitality Inn: Seoul,Hospitality Inn,Seoul,standard,1,1,0,2,124.91,249.82
9c19739e-53cb-11ea-be0c-b88a60e194fb,BA4-NGU7,orderid:407144,crmid:7391832181,2020-01-13T20:27:12.000Z,website,prd1184,1581366432,1581971232,2020-02-10T20:27:12+00:00,2020-02-17T20:27:12+00:00,Aspen Heights: Arlington,Aspen Heights,Arlington,premium,1,1,0,7,154.8,1083.6
9c1a8508-53cb-11ea-a8b8-b88a60e194fb,WNQ-0JJ6,orderid:661923,crmid:6783115190,2020-01-03T14:46:02.000Z,call center,prd1058,1580481962,1581000362,2020-01-31T14:46:02+00:00,2020-02-06T14:46:02+00:00,Blue Reef Resort: Delhi,Blue Reef Resort,Delhi,standard,1,1,0,6,153.8,922.8
9c1b485c-53cb-11ea-8961-b88a60e194fb,1AP-JBJR,orderid:499838,crmid:8102223812,2019-12-03T00:15:08.000Z,kiosk,prd1045,1576023308,1576800908,2019-12-11T00:15:08+00:00,2019-12-20T00:15:08+00:00,Admiralty Plaza: Miami,Admiralty Plaza,Miami,premium,1,1,0,9,139.04,1251.36
9c1c0ba8-53cb-11ea-ad65-b88a60e194fb,H7B-E9IH,orderid:511199,crmid:8546449238,2019-12-08T02:07:12.000Z,kiosk,prd1021,1575857232,1576116432,2019-12-09T02:07:12+00:00,2019-12-12T02:07:12+00:00,Admiralty Plaza: Denver,Admiralty Plaza,Denver,ultra-luxury,1,1,0,3,335.87,1007.61
9c1ccefa-53cb-11ea-85bb-b88a60e194fb,90A-FYP6,orderid:449940,crmid:3669290866,2020-01-02T18:47:46.000Z,call center,prd1023,1578077266,1578163666,2020-01-03T18:47:46+00:00,2020-01-04T18:47:46+00:00,Hospitality Inn: Boston,Hospitality Inn,Boston,standard,1,1,0,1,202.32,202.32
9c1ccefb-53cb-11ea-b9ef-b88a60e194fb,DS0-PWAE,orderid:950394,crmid:3669290866,2020-01-06T00:00:00.000Z,kiosk,prd1117,1578873600,1579132800,2020-01-13T00:00:00+00:00,2020-01-16T00:00:00+00:00,Admiralty Plaza: Dublin,Admiralty Plaza,Dublin,standard,1,1,0,3,165.22,495.66
9c1d924a-53cb-11ea-b5bc-b88a60e194fb,LXU-ICOH,orderid:447020,crmid:1619554452,2020-02-03T13:25:44.000Z,website,prd1097,1580822744,1581168344,2020-02-04T13:25:44+00:00,2020-02-08T13:25:44+00:00,Grandeur Hotels: Buenos Aires,Grandeur Hotels,Buenos Aires,luxury,1,1,0,4,333.89,1335.56
9c1e559a-53cb-11ea-9eff-b88a60e194fb,KQW-A2FG,orderid:944820,crmid:7302661319,2019-12-21T20:36:11.000Z,call center,prd1112,1578861371,1578947771,2020-01-12T20:36:11+00:00,2020-01-13T20:36:11+00:00,Aspen Heights: Birmingham,Aspen Heights,Birmingham,standard,1,1,0,1,181.08,181.08
9c2162d0-53cb-11ea-bf17-b88a60e194fb,TFP-POHS,orderid:435620,crmid:8984212870,2020-01-07T21:17:48.000Z,kiosk,prd1189,1578604668,1578691068,2020-01-09T21:17:48+00:00,2020-01-10T21:17:48+00:00,Admiralty Plaza: Bakersfield,Admiralty Plaza,Bakersfield,standard,1,1,0,1,168.23,168.23
9c2227c0-53cb-11ea-a735-b88a60e194fb,VCZ-JWU5,orderid:920147,crmid:7778971795,2019-12-13T23:37:11.000Z,call center,prd1027,1577749031,1578440231,2019-12-30T23:37:11+00:00,2020-01-07T23:37:11+00:00,Family Fun Hotels: Memphis,Family Fun Hotels,Memphis,ultra-luxury,1,1,0,8,370.79,2966.32
9c231200-53cb-11ea-a999-b88a60e194fb,UHQ-HPRJ,orderid:537430,crmid:7102747603,2020-01-29T10:42:21.000Z,mobile,prd1085,1581331341,1581849741,2020-02-10T10:42:21+00:00,2020-02-16T10:42:21+00:00,Grandeur Hotels: Saint Petersburg,Grandeur Hotels,Saint Petersburg,standard,1,1,0,6,124.29,745.74
9c23d564-53cb-11ea-b190-b88a60e194fb,3XF-LYW8,orderid:639723,crmid:1206221219,2019-12-04T10:34:32.000Z,call center,prd1117,1576838072,1577442872,2019-12-20T10:34:32+00:00,2019-12-27T10:34:32+00:00,Admiralty Plaza: Dublin,Admiralty Plaza,Dublin,standard,1,1,0,7,142.13,994.91
9c249722-53cb-11ea-8dd5-b88a60e194fb,Z0Q-KWAB,orderid:103778,crmid:4634002176,2019-12-04T19:11:59.000Z,website,prd1096,1577387519,1577905919,2019-12-26T19:11:59+00:00,2020-01-01T19:11:59+00:00,Sandhill: Madrid,Sandhill,Madrid,standard,1,1,0,6,137.3,823.8
9c25a89e-53cb-11ea-93be-b88a60e194fb,AEV-HHFI,orderid:333234,crmid:6621209210,2019-12-20T18:39:02.000Z,website,prd1165,1579113542,1579718342,2020-01-15T18:39:02+00:00,2020-01-22T18:39:02+00:00,Admiralty Plaza: Louisville,Admiralty Plaza,Louisville,premium,1,1,0,7,160.54,1123.78
9c26ba12-53cb-11ea-a5f9-b88a60e194fb,VHJ-EBRK,orderid:128345,crmid:5060834748,2020-01-06T07:30:47.000Z,call center,prd1142,1580369447,1580715047,2020-01-30T07:30:47+00:00,2020-02-03T07:30:47+00:00,Blue Reef Resort: Philadelphia,Blue Reef Resort,Philadelphia,standard,1,1,0,4,160.0,640.0
9c27f2a4-53cb-11ea-9cc7-b88a60e194fb,L1Z-UD24,orderid:257905,crmid:5753101634,2020-01-23T07:12:31.000Z,website,prd1071,1581837151,1581923551,2020-02-16T07:12:31+00:00,2020-02-17T07:12:31+00:00,Hospitality Inn: Seoul,Hospitality Inn,Seoul,standard,1,1,0,1,165.34,165.34
9c290436-53cb-11ea-8b32-b88a60e194fb,LBC-LCJP,orderid:865254,crmid:4527940617,2020-01-26T14:56:03.000Z,kiosk,prd1095,1580223363,1580396163,2020-01-28T14:56:03+00:00,2020-01-30T14:56:03+00:00,Hospitality Inn: Casablanca,Hospitality Inn,Casablanca,premium,1,1,0,2,140.94,281.88
9c29c792-53cb-11ea-8fd5-b88a60e194fb,7QY-AQBL,orderid:497105,crmid:4848362086,2020-02-09T10:33:32.000Z,website,prd1020,1583058812,1584441212,2020-03-01T10:33:32+00:00,2020-03-17T10:33:32+00:00,Repose Resort: Seattle,Repose Resort,Seattle,luxury,1,1,0,16,336.55,5384.8
9d3a2610-53cb-11ea-9d03-b88a60e194fb,HPC-JP7V,orderid:846514,crmid:2793715587,2019-12-22T20:19:41.000Z,website,prd1107,1577132381,1577650781,2019-12-23T20:19:41+00:00,2019-12-29T20:19:41+00:00,Hospitality Inn: Kharkiv,Hospitality Inn,Kharkiv,standard,1,1,0,6,147.63,885.78
9d3b105e-53cb-11ea-ac53-b88a60e194fb,GSE-LUVZ,orderid:805152,crmid:6712556306,2020-02-06T12:46:37.000Z,website,prd1069,1582548397,1583066797,2020-02-24T12:46:37+00:00,2020-03-01T12:46:37+00:00,Admiralty Plaza: Singapore,Admiralty Plaza,Singapore,standard,1,1,3,6,129.24,775.44
9d3bd3b6-53cb-11ea-887f-b88a60e194fb,SCA-CNAH,orderid:325557,crmid:4315692060,2020-02-10T21:49:43.000Z,call center,prd1110,1583012983,1583617783,2020-02-29T21:49:43+00:00,2020-03-07T21:49:43+00:00,Restful Nights: Sofia,Restful Nights,Sofia,standard,1,1,4,7,164.25,1149.75
9d3c96ee-53cb-11ea-8547-b88a60e194fb,GKR-98L3,orderid:646688,crmid:8462005208,2019-12-19T20:51:07.000Z,kiosk,prd1058,1578862267,1580071867,2020-01-12T20:51:07+00:00,2020-01-26T20:51:07+00:00,Blue Reef Resort: Delhi,Blue Reef Resort,Delhi,standard,1,1,0,14,179.7,2515.8
9d3d3488-53cb-11ea-9d5a-b88a60e194fb,3P7-YRHK,orderid:566981,crmid:2494612004,2019-12-02T00:10:36.000Z,website,prd1074,1577232636,1578183036,2019-12-25T00:10:36+00:00,2020-01-05T00:10:36+00:00,Restful Nights: Mexico City,Restful Nights,Mexico City,standard,1,1,1,11,156.3,1719.3
9d3df7dc-53cb-11ea-a9d6-b88a60e194fb,PHR-VNIA,orderid:844770,crmid:4936461283,2020-01-08T16:24:06.000Z,kiosk,prd1070,1578587046,1578759846,2020-01-09T16:24:06+00:00,2020-01-11T16:24:06+00:00,Blue Reef Resort: Jakarta,Blue Reef Resort,Jakarta,standard,1,1,0,2,138.02,276.04
9d3ebb6e-53cb-11ea-bd92-b88a60e194fb,Y3E-SF1C,orderid:769178,crmid:6213056926,2020-01-01T17:59:03.000Z,mobile,prd1125,1578247143,1579197543,2020-01-05T17:59:03+00:00,2020-01-16T17:59:03+00:00,Sapphire Suites: Palermo,Sapphire Suites,Palermo,standard,1,1,2,11,127.17,1398.87
9d3f7e9c-53cb-11ea-8d72-b88a60e194fb,T8T-NA1Q,orderid:972975,crmid:6512267261,2020-01-06T07:16:09.000Z,mobile,prd1059,1579677369,1580195769,2020-01-22T07:16:09+00:00,2020-01-28T07:16:09+00:00,Hospitality Inn: Kinshasa,Hospitality Inn,Kinshasa,standard,1,1,0,6,111.7,670.2
9d4067b8-53cb-11ea-80e6-b88a60e194fb,HCU-GUJO,orderid:865602,crmid:9629455696,2020-01-04T23:37:27.000Z,website,prd1100,1580168247,1580859447,2020-01-27T23:37:27+00:00,2020-02-04T23:37:27+00:00,Aspen Heights: Misk,Aspen Heights,Misk,standard,1,1,0,8,108.31,866.48
9d4178ee-53cb-11ea-838a-b88a60e194fb,UDE-NUPP,orderid:527493,crmid:4226098207,2020-02-12T07:41:04.000Z,call center,prd1023,1583394064,1583998864,2020-03-05T07:41:04+00:00,2020-03-12T07:41:04+00:00,Hospitality Inn: Boston,Hospitality Inn,Boston,premium,1,1,0,7,176.58,1236.06
9d423c38-53cb-11ea-9eef-b88a60e194fb,24H-OZT8,orderid:441299,crmid:5580774242,2020-01-12T11:54:10.000Z,kiosk,prd1083,1578916450,1579089250,2020-01-13T11:54:10+00:00,2020-01-15T11:54:10+00:00,Hospitality Inn: Bangkok,Hospitality Inn,Bangkok,standard,1,1,0,2,107.55,215.1
9d43269a-53cb-11ea-a6c0-b88a60e194fb,QDT-RSVV,orderid:570663,crmid:2453452122,2020-01-27T15:15:57.000Z,kiosk,prd1026,1581779757,1582298157,2020-02-15T15:15:57+00:00,2020-02-21T15:15:57+00:00,Restful Nights: Nashville,Restful Nights,Nashville,presidential-suite,1,1,0,6,911.11,5466.66
9d43e9e6-53cb-11ea-9410-b88a60e194fb,HON-4ELL,orderid:222114,crmid:3656939203,2019-12-31T13:06:12.000Z,website,prd1037,1579957572,1580216772,2020-01-25T13:06:12+00:00,2020-01-28T13:06:12+00:00,Grandeur Hotels: Sacramento,Grandeur Hotels,Sacramento,standard,1,1,0,3,116.64,349.92
9d44fb5a-53cb-11ea-942f-b88a60e194fb,QF1-JJP5,orderid:241279,crmid:9791983695,2019-12-14T12:17:50.000Z,website,prd1047,1576412270,1576757870,2019-12-15T12:17:50+00:00,2019-12-19T12:17:50+00:00,Hospitality Inn: Oakland,Hospitality Inn,Oakland,standard,1,1,0,4,136.09,544.36
9d459792-53cb-11ea-95b9-b88a60e194fb,09Y-ZBLF,orderid:320243,crmid:6828214156,2020-01-21T03:52:40.000Z,website,prd1065,1579665160,1579924360,2020-01-22T03:52:40+00:00,2020-01-25T03:52:40+00:00,Sapphire Suites: Beijing,Sapphire Suites,Beijing,standard,1,1,0,3,133.06,399.18
9d45bea6-53cb-11ea-87ab-b88a60e194fb,FUU-JUH0,orderid:590802,crmid:6828214156,2020-01-27T00:00:00.000Z,mobile,prd1141,1580169600,1580256000,2020-01-28T00:00:00+00:00,2020-01-29T00:00:00+00:00,Admiralty Plaza: Phoenix,Admiralty Plaza,Phoenix,standard,1,1,0,1,135.91,135.91
9d45e5b4-53cb-11ea-969f-b88a60e194fb,WHC-D06W,orderid:301918,crmid:6828214156,2020-01-30T00:00:00.000Z,call center,prd1073,1580601600,1580860800,2020-02-02T00:00:00+00:00,2020-02-05T00:00:00+00:00,Grandeur Hotels: Lima,Grandeur Hotels,Lima,standard,1,1,0,3,118.87,356.61
9d46a90a-53cb-11ea-be2e-b88a60e194fb,JCR-XLJB,orderid:381412,crmid:3173210178,2020-01-17T02:54:38.000Z,kiosk,prd1100,1579834478,1580871278,2020-01-24T02:54:38+00:00,2020-02-05T02:54:38+00:00,Aspen Heights: Misk,Aspen Heights,Misk,standard,1,1,0,12,149.06,1788.72
9d474538-53cb-11ea-93f3-b88a60e194fb,DRN-ML36,orderid:535856,crmid:7787997560,2019-12-27T10:11:20.000Z,kiosk,prd1178,1579947080,1580724680,2020-01-25T10:11:20+00:00,2020-02-03T10:11:20+00:00,Blue Reef Resort: Colorado Springs,Blue Reef Resort,Colorado Springs,premium,1,1,0,9,163.48,1471.32
9d48088c-53cb-11ea-979b-b88a60e194fb,N13-8UE5,orderid:809304,crmid:2520379165,2019-12-04T07:21:07.000Z,website,prd1119,1577172067,1577604067,2019-12-24T07:21:07+00:00,2019-12-29T07:21:07+00:00,Hospitality Inn: Turin,Hospitality Inn,Turin,standard,1,1,0,5,102.33,511.65
9d48cbe6-53cb-11ea-b0f8-b88a60e194fb,KHI-TVBF,orderid:342973,crmid:6730897770,2019-12-15T10:02:01.000Z,call center,prd1070,1578304921,1579773721,2020-01-06T10:02:01+00:00,2020-01-23T10:02:01+00:00,Blue Reef Resort: Jakarta,Blue Reef Resort,Jakarta,premium,1,1,0,17,124.78,2121.26
9d498f34-53cb-11ea-b69f-b88a60e194fb,PIY-EFHR,orderid:924497,crmid:1235476705,2019-12-04T15:51:31.000Z,call center,prd1027,1575561091,1575647491,2019-12-05T15:51:31+00:00,2019-12-06T15:51:31+00:00,Family Fun Hotels: Memphis,Family Fun Hotels,Memphis,standard,1,1,0,1,197.74,197.74
9d4a5280-53cb-11ea-9a77-b88a60e194fb,PVG-RUT3,orderid:886037,crmid:1053115270,2019-12-10T12:13:09.000Z,service desk,prd1107,1577707989,1578312789,2019-12-30T12:13:09+00:00,2020-01-06T12:13:09+00:00,Hospitality Inn: Kharkiv,Hospitality Inn,Kharkiv,standard,1,1,2,7,138.98,972.86
9d4b63f6-53cb-11ea-8398-b88a60e194fb,9HO-RPDG,orderid:430768,crmid:1323550498,2019-12-25T18:16:48.000Z,mobile,prd1157,1577557008,1577643408,2019-12-28T18:16:48+00:00,2019-12-29T18:16:48+00:00,Grandeur Hotels: Boston,Grandeur Hotels,Boston,standard,1,1,0,1,125.65,125.65
9d4c7600-53cb-11ea-8b9f-b88a60e194fb,1CR-ENSL,orderid:654515,crmid:9884194950,2019-12-15T17:01:33.000Z,call center,prd1169,1578243693,1579021293,2020-01-05T17:01:33+00:00,2020-01-14T17:01:33+00:00,Grandeur Hotels: Tucson,Grandeur Hotels,Tucson,standard,1,1,0,9,123.85,1114.65
9d4d11ae-53cb-11ea-bb0e-b88a60e194fb,NNR-GTF1,orderid:224942,crmid:5786096546,2020-01-21T21:53:24.000Z,kiosk,prd1137,1581544404,1582062804,2020-02-12T21:53:24+00:00,2020-02-18T21:53:24+00:00,Sapphire Suites: Manila,Sapphire Suites,Manila,standard,1,1,1,6,150.19,901.14
9d4dd4fa-53cb-11ea-8199-b88a60e194fb,5RX-RBDN,orderid:432139,crmid:8884515454,2019-12-15T23:28:26.000Z,kiosk,prd1029,1578094106,1578698906,2020-01-03T23:28:26+00:00,2020-01-10T23:28:26+00:00,Sapphire Suites: Oklahoma City,Sapphire Suites,Oklahoma City,standard,1,1,0,7,109.11,763.77
9d4e713a-53cb-11ea-b894-b88a60e194fb,VOG-GDFK,orderid:437007,crmid:6751402503,2020-01-08T00:08:53.000Z,website,prd1026,1578528533,1578787733,2020-01-09T00:08:53+00:00,2020-01-12T00:08:53+00:00,Restful Nights: Nashville,Restful Nights,Nashville,standard,1,1,0,3,155.61,466.83
9d4f829c-53cb-11ea-8647-b88a60e194fb,UNI-A930,orderid:358342,crmid:2007866094,2020-02-11T05:30:52.000Z,website,prd1016,1583472652,1584163852,2020-03-06T05:30:52+00:00,2020-03-14T05:30:52+00:00,Aspen Heights: Columbus,Aspen Heights,Columbus,standard,1,1,0,8,153.75,1230.0
9d5045fe-53cb-11ea-a72a-b88a60e194fb,ZDD-ZLAJ,orderid:868889,crmid:9228671405,2019-12-18T15:33:04.000Z,website,prd1160,1576855984,1577374384,2019-12-20T15:33:04+00:00,2019-12-26T15:33:04+00:00,Aspen Heights: Nashville,Aspen Heights,Nashville,premium,1,1,0,6,139.65,837.9
9d50e238-53cb-11ea-847a-b88a60e194fb,HHY-P42W,orderid:288620,crmid:5765586097,2019-12-23T15:34:55.000Z,kiosk,prd1196,1577201695,1577460895,2019-12-24T15:34:55+00:00,2019-12-27T15:34:55+00:00,Aspen Heights: Moscow,Aspen Heights,Moscow,standard,1,1,0,3,89.62,268.86
9d51a588-53cb-11ea-950a-b88a60e194fb,YCS-UKHB,orderid:257142,crmid:3525697286,2020-01-13T10:16:05.000Z,website,prd1038,1580552165,1581329765,2020-02-01T10:16:05+00:00,2020-02-10T10:16:05+00:00,Restful Nights: Mesa,Restful Nights,Mesa,standard,1,1,0,9,116.06,1044.54
9d5268da-53cb-11ea-82df-b88a60e194fb,FZI-PDZW,orderid:215851,crmid:1791647348,2019-12-24T21:38:12.000Z,mobile,prd1124,1577569092,1577741892,2019-12-28T21:38:12+00:00,2019-12-30T21:38:12+00:00,Aspen Heights: Leeds,Aspen Heights,Leeds,premium,1,1,0,2,172.75,345.5
9d530518-53cb-11ea-bf4d-b88a60e194fb,QU8-SWAT,orderid:691334,crmid:7543340960,2019-12-14T01:49:50.000Z,website,prd1130,1576374590,1576460990,2019-12-15T01:49:50+00:00,2019-12-16T01:49:50+00:00,Blue Reef Resort: Bremen,Blue Reef Resort,Bremen,standard,1,1,0,1,143.93,143.93
9d541692-53cb-11ea-a5c4-b88a60e194fb,99S-9HMS,orderid:563430,crmid:4124614272,2019-12-07T11:37:45.000Z,website,prd1134,1577878665,1578397065,2020-01-01T11:37:45+00:00,2020-01-07T11:37:45+00:00,Restful Nights: Montreal,Restful Nights,Montreal,standard,1,1,0,6,119.16,714.96
9d554f00-53cb-11ea-98cf-b88a60e194fb,NWD-DNGQ,orderid:217785,crmid:2354997040,2019-12-12T00:49:56.000Z,call center,prd1143,1577926196,1578530996,2020-01-02T00:49:56+00:00,2020-01-09T00:49:56+00:00,Hospitality Inn: San Antonio,Hospitality Inn,San Antonio,premium,1,1,0,7,143.82,1006.74
9d561252-53cb-11ea-9eca-b88a60e194fb,LG2-SQZJ,orderid:601523,crmid:2342943650,2020-02-05T11:32:53.000Z,website,prd1063,1580988773,1581075173,2020-02-06T11:32:53+00:00,2020-02-07T11:32:53+00:00,Family Fun Hotels: London,Family Fun Hotels,London,standard,1,1,0,1,122.22,122.22
9d56d5a6-53cb-11ea-ae3f-b88a60e194fb,SHD-9TSD,orderid:994554,crmid:3979648872,2020-01-01T07:52:03.000Z,call center,prd1019,1579333923,1580197923,2020-01-18T07:52:03+00:00,2020-01-28T07:52:03+00:00,Nesting Box Inn: Charlotte,Nesting Box Inn,Charlotte,luxury,1,1,0,10,279.56,2795.6
9d5798f6-53cb-11ea-8f3e-b88a60e194fb,ZV4-EKFY,orderid:564573,crmid:6032344279,2020-02-04T12:18:30.000Z,service desk,prd1129,1582719510,1583151510,2020-02-26T12:18:30+00:00,2020-03-02T12:18:30+00:00,Admiralty Plaza: Helsinki,Admiralty Plaza,Helsinki,premium,1,1,0,5,198.01,990.05
9d583530-53cb-11ea-86b7-b88a60e194fb,UJV-JLZK,orderid:936937,crmid:8198413520,2019-12-27T21:20:06.000Z,call center,prd1046,1579209606,1579468806,2020-01-16T21:20:06+00:00,2020-01-19T21:20:06+00:00,Blue Reef Resort: Virginia Beach,Blue Reef Resort,Virginia Beach,standard,1,1,0,3,180.66,541.98
9d591fa8-53cb-11ea-9b64-b88a60e194fb,PKK-Y2EF,orderid:567073,crmid:8624201144,2020-01-27T02:04:21.000Z,call center,prd1155,1580349861,1580436261,2020-01-30T02:04:21+00:00,2020-01-31T02:04:21+00:00,Hospitality Inn: Denver,Hospitality Inn,Denver,standard,1,1,0,1,112.02,112.02
9d5a09ee-53cb-11ea-95e4-b88a60e194fb,1UE-YKZP,orderid:492093,crmid:1348300918,2020-01-03T18:33:13.000Z,kiosk,prd1035,1580322793,1580927593,2020-01-29T18:33:13+00:00,2020-02-05T18:33:13+00:00,Hospitality Inn: Tucson,Hospitality Inn,Tucson,standard,1,1,4,7,119.13,833.91
9d5b6994-53cb-11ea-bd9b-b88a60e194fb,FIV-JB7Q,orderid:860983,crmid:1869793904,2020-01-12T11:48:58.000Z,call center,prd1194,1579434538,1580039338,2020-01-19T11:48:58+00:00,2020-01-26T11:48:58+00:00,Restful Nights: Tianjin,Restful Nights,Tianjin,standard,1,1,0,7,147.95,1035.65
9d5c7af0-53cb-11ea-9dd2-b88a60e194fb,DFC-6J1P,orderid:907697,crmid:9448548913,2019-12-24T00:50:28.000Z,call center,prd1153,1577235028,1577494228,2019-12-25T00:50:28+00:00,2019-12-28T00:50:28+00:00,Admiralty Plaza: Charlotte,Admiralty Plaza,Charlotte,premium,1,1,0,3,182.81,548.43
9d5d654a-53cb-11ea-be5c-b88a60e194fb,QSR-OWRW,orderid:132691,crmid:5718822037,2019-12-01T07:47:50.000Z,mobile,prd1164,1576741670,1578124070,2019-12-19T07:47:50+00:00,2020-01-04T07:47:50+00:00,Repose Resort: Las Vegas,Repose Resort,Las Vegas,standard,1,1,0,16,178.4,2854.4
9d5e2898-53cb-11ea-a00d-b88a60e194fb,W13-4CNJ,orderid:573856,crmid:9627005649,2020-01-25T04:41:09.000Z,service desk,prd1166,1582087269,1582605669,2020-02-19T04:41:09+00:00,2020-02-25T04:41:09+00:00,Blue Reef Resort: Baltimore,Blue Reef Resort,Baltimore,standard,1,1,0,6,185.51,1113.06
9d5ec4d8-53cb-11ea-849c-b88a60e194fb,EYH-TZW7,orderid:844702,crmid:8169740413,2020-01-18T09:16:34.000Z,call center,prd1160,1579511794,1579598194,2020-01-20T09:16:34+00:00,2020-01-21T09:16:34+00:00,Aspen Heights: Nashville,Aspen Heights,Nashville,premium,1,1,0,1,142.11,142.11
9d5eebe8-53cb-11ea-bc00-b88a60e194fb,EHZ-XMQP,orderid:651346,crmid:8169740413,2020-01-23T00:00:00.000Z,call center,prd1016,1579824000,1579910400,2020-01-24T00:00:00+00:00,2020-01-25T00:00:00+00:00,Aspen Heights: Columbus,Aspen Heights,Columbus,standard,1,1,0,1,149.61,149.61
9d5fd648-53cb-11ea-b820-b88a60e194fb,PYU-XJUV,orderid:339193,crmid:5358229214,2020-01-14T05:49:06.000Z,website,prd1167,1580968146,1581659346,2020-02-06T05:49:06+00:00,2020-02-14T05:49:06+00:00,Hospitality Inn: Milwaukee,Hospitality Inn,Milwaukee,standard,1,1,0,8,171.83,1374.64
9d609998-53cb-11ea-8af8-b88a60e194fb,KAI-Y5LO,orderid:263722,crmid:8629103038,2020-01-04T16:16:02.000Z,mobile,prd1062,1578240962,1578672962,2020-01-05T16:16:02+00:00,2020-01-10T16:16:02+00:00,Restful Nights: Moscow,Restful Nights,Moscow,premium,1,1,0,5,167.51,837.55
9d6135d8-53cb-11ea-98b6-b88a60e194fb,NBX-C3XL,orderid:429149,crmid:2565508077,2019-12-28T13:43:24.000Z,call center,prd1172,1579959804,1580219004,2020-01-25T13:43:24+00:00,2020-01-28T13:43:24+00:00,Aspen Heights: Mesa,Aspen Heights,Mesa,standard,1,1,2,3,148.41,445.23
9d61f934-53cb-11ea-8119-b88a60e194fb,CRA-WEHB,orderid:416962,crmid:2434430394,2019-12-16T00:58:22.000Z,mobile,prd1151,1577062702,1577581102,2019-12-23T00:58:22+00:00,2019-12-29T00:58:22+00:00,Nesting Box Inn: Fort Worth,Nesting Box Inn,Fort Worth,standard,1,1,0,6,183.67,1102.02
9d62bc76-53cb-11ea-a3c9-b88a60e194fb,9VU-IG7C,orderid:785594,crmid:9153215659,2020-02-09T02:30:04.000Z,service desk,prd1017,1581474604,1581993004,2020-02-12T02:30:04+00:00,2020-02-18T02:30:04+00:00,Sapphire Suites: Fort Worth,Sapphire Suites,Fort Worth,standard,1,1,0,6,117.41,704.46
9d6358ee-53cb-11ea-ad3e-b88a60e194fb,0NV-BH1Z,orderid:932833,crmid:7355550817,2020-01-01T00:31:27.000Z,website,prd1140,1577925087,1578097887,2020-01-02T00:31:27+00:00,2020-01-04T00:31:27+00:00,Repose Resort: Kano,Repose Resort,Kano,standard,1,1,0,2,147.63,295.26
9d646bb0-53cb-11ea-9088-b88a60e194fb,IHB-TCI9,orderid:526397,crmid:2936416714,2019-12-11T19:24:51.000Z,mobile,prd1189,1577993091,1578511491,2020-01-02T19:24:51+00:00,2020-01-08T19:24:51+00:00,Admiralty Plaza: Bakersfield,Admiralty Plaza,Bakersfield,standard,1,1,0,6,155.95,935.7
9d652ec6-53cb-11ea-939a-b88a60e194fb,QRN-XZJ1,orderid:487780,crmid:2907982996,2019-12-17T11:21:38.000Z,call center,prd1021,1578741698,1579605698,2020-01-11T11:21:38+00:00,2020-01-21T11:21:38+00:00,Admiralty Plaza: Denver,Admiralty Plaza,Denver,standard,1,1,0,10,143.68,1436.8
9d66194c-53cb-11ea-8532-b88a60e194fb,KHS-XZN2,orderid:539696,crmid:5253509116,2019-12-09T09:51:30.000Z,call center,prd1006,1577699490,1578217890,2019-12-30T09:51:30+00:00,2020-01-05T09:51:30+00:00,Sego Lily Suites: Salt Lake City,Sego Lily Suites,Salt Lake City,premium,1,1,0,6,171.33,1027.98
9d66dca6-53cb-11ea-8ed3-b88a60e194fb,C83-9YNK,orderid:382002,crmid:5987712459,2020-01-26T06:57:53.000Z,website,prd1014,1582009073,1583650673,2020-02-18T06:57:53+00:00,2020-03-08T06:57:53+00:00,Restful Nights: Jacksonville,Restful Nights,Jacksonville,standard,1,1,4,19,156.04,2964.76
9d67a158-53cb-11ea-a9c8-b88a60e194fb,0ZY-JAOR,orderid:514114,crmid:3166769208,2020-01-12T09:54:53.000Z,website,prd1125,1580550893,1581069293,2020-02-01T09:54:53+00:00,2020-02-07T09:54:53+00:00,Sapphire Suites: Palermo,Sapphire Suites,Palermo,standard,1,1,0,6,156.48,938.88
9d6861c6-53cb-11ea-b402-b88a60e194fb,AKB-C5KU,orderid:501021,crmid:8655019088,2019-12-25T16:22:21.000Z,website,prd1057,1577463741,1577550141,2019-12-27T16:22:21+00:00,2019-12-28T16:22:21+00:00,Admiralty Plaza: Mumbai,Admiralty Plaza,Mumbai,standard,1,1,0,1,111.79,111.79
9d6888d2-53cb-11ea-85a6-b88a60e194fb,9SB-NI8X,orderid:565818,crmid:8655019088,2019-12-29T00:00:00.000Z,call center,prd1105,1577664000,1578009600,2019-12-30T00:00:00+00:00,2020-01-03T00:00:00+00:00,Admiralty Plaza: Barcelona,Admiralty Plaza,Barcelona,standard,1,1,0,4,151.22,604.88
9d694c2c-53cb-11ea-abc6-b88a60e194fb,M46-KDND,orderid:383220,crmid:6731643834,2020-01-19T03:46:11.000Z,mobile,prd1079,1581306371,1582775171,2020-02-10T03:46:11+00:00,2020-02-27T03:46:11+00:00,Nesting Box Inn: Chennai,Nesting Box Inn,Chennai,standard,1,1,0,17,132.16,2246.72
9d6a36d0-53cb-11ea-811d-b88a60e194fb,KQE-SKX3,orderid:743738,crmid:7014069007,2020-02-10T02:50:20.000Z,call center,prd1129,1581389420,1581475820,2020-02-11T02:50:20+00:00,2020-02-12T02:50:20+00:00,Admiralty Plaza: Helsinki,Admiralty Plaza,Helsinki,standard,1,1,0,1,130.94,130.94
9d6b2246-53cb-11ea-88c7-b88a60e194fb,TYY-1A13,orderid:999648,crmid:5878605212,2020-02-11T12:14:26.000Z,mobile,prd1134,1583496866,1584533666,2020-03-06T12:14:26+00:00,2020-03-18T12:14:26+00:00,Restful Nights: Montreal,Restful Nights,Montreal,ultra-luxury,1,1,2,12,292.07,3504.84
9d6be59e-53cb-11ea-afcd-b88a60e194fb,WDJ-W9H9,orderid:902317,crmid:8128337132,2019-12-31T11:32:46.000Z,kiosk,prd1153,1579951966,1580556766,2020-01-25T11:32:46+00:00,2020-02-01T11:32:46+00:00,Admiralty Plaza: Charlotte,Admiralty Plaza,Charlotte,standard,1,1,4,7,81.06,567.42
9d6ca90a-53cb-11ea-ab2a-b88a60e194fb,XEC-TF46,orderid:667101,crmid:8278357029,2020-02-03T06:12:00.000Z,kiosk,prd1031,1580969520,1581315120,2020-02-06T06:12:00+00:00,2020-02-10T06:12:00+00:00,Nesting Box Inn: Louisville,Nesting Box Inn,Louisville,standard,1,1,0,4,115.93,463.72
9d6ccfd2-53cb-11ea-88a1-b88a60e194fb,GVL-JGVZ,orderid:816487,crmid:8278357029,2020-02-11T00:00:00.000Z,website,prd1039,1581552000,1581724800,2020-02-13T00:00:00+00:00,2020-02-15T00:00:00+00:00,Family Fun Hotels: Kansas City,Family Fun Hotels,Kansas City,standard,1,1,0,2,166.5,333.0
9d6d934a-53cb-11ea-b99d-b88a60e194fb,3QD-N9AW,orderid:199642,crmid:5291040974,2019-12-13T12:23:30.000Z,website,prd1007,1578227010,1578831810,2020-01-05T12:23:30+00:00,2020-01-12T12:23:30+00:00,Nesting Box Inn: Phoenix,Nesting Box Inn,Phoenix,standard,1,1,0,7,143.13,1001.91
9d6eca86-53cb-11ea-bb02-b88a60e194fb,CL3-NMYR,orderid:185046,crmid:1573247178,2020-01-01T16:25:13.000Z,mobile,prd1023,1579883113,1580401513,2020-01-24T16:25:13+00:00,2020-01-30T16:25:13+00:00,Hospitality Inn: Boston,Hospitality Inn,Boston,standard,1,1,0,6,129.22,775.32
9d6fb6c6-53cb-11ea-8edd-b88a60e194fb,PI3-7NR9,orderid:916485,crmid:1945847913,2020-01-02T07:53:26.000Z,call center,prd1160,1580370806,1580975606,2020-01-30T07:53:26+00:00,2020-02-06T07:53:26+00:00,Aspen Heights: Nashville,Aspen Heights,Nashville,premium,1,1,0,7,170.67,1194.69
9d707980-53cb-11ea-b688-b88a60e194fb,WLV-UUYI,orderid:594141,crmid:2000241238,2019-12-23T05:42:00.000Z,mobile,prd1112,1579585320,1579930920,2020-01-21T05:42:00+00:00,2020-01-25T05:42:00+00:00,Aspen Heights: Birmingham,Aspen Heights,Birmingham,standard,1,1,0,4,123.5,494.0
9d713b6e-53cb-11ea-8302-b88a60e194fb,BWF-UVLC,orderid:433536,crmid:8657592180,2019-12-19T06:26:54.000Z,website,prd1094,1576823214,1576996014,2019-12-20T06:26:54+00:00,2019-12-22T06:26:54+00:00,Blue Reef Resort: Berlin,Blue Reef Resort,Berlin,standard,1,1,0,2,170.63,341.26
9d71d8dc-53cb-11ea-b635-b88a60e194fb,ZXG-SV5Y,orderid:534165,crmid:3015655862,2019-12-02T14:55:01.000Z,call center,prd1190,1577631301,1578063301,2019-12-29T14:55:01+00:00,2020-01-03T14:55:01+00:00,Blue Reef Resort: Aurora,Blue Reef Resort,Aurora,premium,1,1,0,5,156.23,781.15
9d72c364-53cb-11ea-ae2b-b88a60e194fb,BDH-UAOO,orderid:352748,crmid:7693898950,2020-01-26T09:14:48.000Z,website,prd1137,1580202888,1580289288,2020-01-28T09:14:48+00:00,2020-01-29T09:14:48+00:00,Sapphire Suites: Manila,Sapphire Suites,Manila,ultra-luxury,1,1,0,1,329.81,329.81
9d7386da-53cb-11ea-a109-b88a60e194fb,Z42-MBX7,orderid:255019,crmid:7935424498,2020-02-16T04:43:00.000Z,call center,prd1047,1582000980,1582173780,2020-02-18T04:43:00+00:00,2020-02-20T04:43:00+00:00,Hospitality Inn: Oakland,Hospitality Inn,Oakland,standard,1,1,0,2,133.58,267.16
9d73ade4-53cb-11ea-88aa-b88a60e194fb,MKZ-3ZPJ,orderid:448338,crmid:7935424498,2020-02-22T00:00:00.000Z,call center,prd1003,1582416000,1582502400,2020-02-23T00:00:00+00:00,2020-02-24T00:00:00+00:00,Family Fun Hotels: Houston,Family Fun Hotels,Houston,standard,1,1,0,1,126.09,126.09
9d744a18-53cb-11ea-b619-b88a60e194fb,GM3-EIDF,orderid:301967,crmid:6940472481,2019-12-19T02:22:01.000Z,website,prd1118,1579141321,1579832521,2020-01-16T02:22:01+00:00,2020-01-24T02:22:01+00:00,Blue Reef Resort: Cologne,Blue Reef Resort,Cologne,standard,1,1,0,8,135.79,1086.32
9d750d62-53cb-11ea-9623-b88a60e194fb,HUV-XTGQ,orderid:102731,crmid:9381715544,2020-01-10T18:52:54.000Z,website,prd1019,1578855174,1579114374,2020-01-12T18:52:54+00:00,2020-01-15T18:52:54+00:00,Nesting Box Inn: Charlotte,Nesting Box Inn,Charlotte,standard,1,1,0,3,166.07,498.21
9d75f7d4-53cb-11ea-9540-b88a60e194fb,ZUR-0OII,orderid:233102,crmid:7711939651,2020-01-05T06:01:52.000Z,call center,prd1004,1580536912,1581141712,2020-02-01T06:01:52+00:00,2020-02-08T06:01:52+00:00,Aspen Heights: Boulder,Aspen Heights,Boulder,premium,1,1,0,7,118.96,832.72
9d76941c-53cb-11ea-b0c9-b88a60e194fb,XME-JWJR,orderid:321480,crmid:5804501409,2020-01-01T05:49:09.000Z,kiosk,prd1135,1577944149,1578289749,2020-01-02T05:49:09+00:00,2020-01-06T05:49:09+00:00,Family Fun Hotels: Vancouver,Family Fun Hotels,Vancouver,standard,1,1,0,4,160.06,640.24
9d76bb24-53cb-11ea-a055-b88a60e194fb,YWS-RWPJ,orderid:382637,crmid:5804501409,2020-01-07T00:00:00.000Z,call center,prd1079,1578528000,1578700800,2020-01-09T00:00:00+00:00,2020-01-11T00:00:00+00:00,Nesting Box Inn: Chennai,Nesting Box Inn,Chennai,standard,1,1,0,2,107.57,215.14
9d77a58c-53cb-11ea-a8a0-b88a60e194fb,6EH-PZXZ,orderid:343726,crmid:9915310242,2019-12-07T23:50:20.000Z,kiosk,prd1117,1576713020,1577404220,2019-12-18T23:50:20+00:00,2019-12-26T23:50:20+00:00,Admiralty Plaza: Dublin,Admiralty Plaza,Dublin,luxury,1,1,0,8,324.27,2594.16
9d7868d2-53cb-11ea-9cc9-b88a60e194fb,05X-3H0R,orderid:560243,crmid:2680352112,2019-12-09T04:13:16.000Z,kiosk,prd1176,1577160796,1578111196,2019-12-24T04:13:16+00:00,2020-01-04T04:13:16+00:00,Repose Resort: Omaha,Repose Resort,Omaha,standard,1,1,0,11,165.65,1822.15
9d797a40-53cb-11ea-bca6-b88a60e194fb,529-J49R,orderid:286808,crmid:5649797148,2020-01-04T16:56:07.000Z,website,prd1148,1578243367,1578329767,2020-01-05T16:56:07+00:00,2020-01-06T16:56:07+00:00,Aspen Heights: Jacksonville,Aspen Heights,Jacksonville,standard,1,1,0,1,128.36,128.36
9d797a41-53cb-11ea-9993-b88a60e194fb,DVO-NBSC,orderid:827515,crmid:5649797148,2020-01-07T00:00:00.000Z,call center,prd1026,1578614400,1578787200,2020-01-10T00:00:00+00:00,2020-01-12T00:00:00+00:00,Restful Nights: Nashville,Restful Nights,Nashville,standard,1,1,0,2,141.64,283.28
9d7a3d80-53cb-11ea-9ffc-b88a60e194fb,WYR-RN2Q,orderid:451947,crmid:6126013721,2020-02-04T19:18:14.000Z,kiosk,prd1142,1582399094,1583003894,2020-02-22T19:18:14+00:00,2020-02-29T19:18:14+00:00,Blue Reef Resort: Philadelphia,Blue Reef Resort,Philadelphia,standard,1,1,1,7,197.52,1382.64
9d7b00d2-53cb-11ea-adce-b88a60e194fb,AUK-NNHF,orderid:927267,crmid:8039978384,2020-02-08T07:35:45.000Z,call center,prd1154,1583048145,1583652945,2020-03-01T07:35:45+00:00,2020-03-08T07:35:45+00:00,Blue Reef Resort: Seattle,Blue Reef Resort,Seattle,premium,1,1,3,7,109.84,768.88
9d7b9bcc-53cb-11ea-873c-b88a60e194fb,5NP-5CNV,orderid:882656,crmid:5509512379,2019-12-24T01:59:30.000Z,website,prd1109,1577239170,1577584770,2019-12-25T01:59:30+00:00,2019-12-29T01:59:30+00:00,Grandeur Hotels: Belgrade,Grandeur Hotels,Belgrade,standard,1,1,0,4,129.49,517.96
9d7c8758-53cb-11ea-9d0b-b88a60e194fb,Q2M-9BR8,orderid:304991,crmid:6116975060,2020-02-07T04:01:10.000Z,service desk,prd1074,1582862470,1583380870,2020-02-28T04:01:10+00:00,2020-03-05T04:01:10+00:00,Restful Nights: Mexico City,Restful Nights,Mexico City,standard,1,1,0,6,170.72,1024.32
9d7d4af4-53cb-11ea-a42f-b88a60e194fb,C3R-24F5,orderid:331807,crmid:7640088544,2020-01-22T00:33:55.000Z,call center,prd1054,1581986035,1582504435,2020-02-18T00:33:55+00:00,2020-02-24T00:33:55+00:00,Sego Lily Suites: Tampa,Sego Lily Suites,Tampa,standard,1,1,1,6,98.69,592.14
9d7de724-53cb-11ea-a4c9-b88a60e194fb,5BN-YVRE,orderid:741542,crmid:7128490681,2020-01-21T05:32:17.000Z,website,prd1115,1581226337,1581399137,2020-02-09T05:32:17+00:00,2020-02-11T05:32:17+00:00,Nesting Box Inn: Cologne,Nesting Box Inn,Cologne,premium,1,1,0,2,145.87,291.74
9d7eaa82-53cb-11ea-86ab-b88a60e194fb,UUN-KE8V,orderid:969954,crmid:9933434082,2020-01-18T03:16:10.000Z,service desk,prd1189,1581131770,1581477370,2020-02-08T03:16:10+00:00,2020-02-12T03:16:10+00:00,Admiralty Plaza: Bakersfield,Admiralty Plaza,Bakersfield,standard,1,1,0,4,134.95,539.8
9d7f6dcc-53cb-11ea-a3a7-b88a60e194fb,HLG-MCX9,orderid:509833,crmid:5049471064,2020-01-09T18:33:01.000Z,website,prd1081,1578853981,1578940381,2020-01-12T18:33:01+00:00,2020-01-13T18:33:01+00:00,Admiralty Plaza: Rod de Janeiro,Admiralty Plaza,Rod de Janeiro,standard,1,1,0,1,160.17,160.17
9d807e62-53cb-11ea-950a-b88a60e194fb,YKV-QKS8,orderid:566983,crmid:1070680918,2020-01-10T08:25:24.000Z,website,prd1129,1580718324,1580891124,2020-02-03T08:25:24+00:00,2020-02-05T08:25:24+00:00,Admiralty Plaza: Helsinki,Admiralty Plaza,Helsinki,ultra-luxury,1,1,0,2,340.43,680.86
9d814270-53cb-11ea-8c8c-b88a60e194fb,RFD-6ACR,orderid:437141,crmid:7931485970,2019-12-16T21:29:42.000Z,website,prd1017,1578259782,1578778182,2020-01-05T21:29:42+00:00,2020-01-11T21:29:42+00:00,Sapphire Suites: Fort Worth,Sapphire Suites,Fort Worth,standard,1,1,0,6,143.84,863.04
9d8205b8-53cb-11ea-bd99-b88a60e194fb,QGT-9BTM,orderid:561300,crmid:2417616548,2020-02-03T22:31:06.000Z,mobile,prd1021,1580855466,1581114666,2020-02-04T22:31:06+00:00,2020-02-07T22:31:06+00:00,Admiralty Plaza: Denver,Admiralty Plaza,Denver,standard,1,1,0,3,105.25,315.75
9d82a1f4-53cb-11ea-ba0e-b88a60e194fb,AI2-RJOV,orderid:555567,crmid:6137768217,2020-01-29T23:36:24.000Z,service desk,prd1081,1581809784,1582328184,2020-02-15T23:36:24+00:00,2020-02-21T23:36:24+00:00,Admiralty Plaza: Rod de Janeiro,Admiralty Plaza,Rod de Janeiro,standard,1,1,0,6,122.88,737.28
9d83b362-53cb-11ea-bc97-b88a60e194fb,V9C-KC5S,orderid:410837,crmid:4411154998,2020-01-12T02:53:34.000Z,mobile,prd1196,1581216814,1581562414,2020-02-09T02:53:34+00:00,2020-02-13T02:53:34+00:00,Aspen Heights: Moscow,Aspen Heights,Moscow,standard,1,1,0,4,166.84,667.36
9d844fa4-53cb-11ea-bbac-b88a60e194fb,JGX-MXTU,orderid:466021,crmid:4244900416,2020-01-21T10:29:23.000Z,call center,prd1021,1579688963,1579948163,2020-01-22T10:29:23+00:00,2020-01-25T10:29:23+00:00,Admiralty Plaza: Denver,Admiralty Plaza,Denver,standard,1,1,0,3,118.36,355.08
9d84ebc6-53cb-11ea-a82c-b88a60e194fb,HNK-ZBHN,orderid:643989,crmid:2474226068,2019-12-04T22:12:09.000Z,website,prd1178,1577311929,1577398329,2019-12-25T22:12:09+00:00,2019-12-26T22:12:09+00:00,Blue Reef Resort: Colorado Springs,Blue Reef Resort,Colorado Springs,luxury,1,1,3,1,363.78,363.78
9d85d640-53cb-11ea-9c02-b88a60e194fb,PMW-ZO3R,orderid:871544,crmid:1052882999,2019-12-16T23:25:19.000Z,kiosk,prd1152,1576625119,1576797919,2019-12-17T23:25:19+00:00,2019-12-19T23:25:19+00:00,Repose Resort: Indianapolis,Repose Resort,Indianapolis,premium,1,1,0,2,102.1,204.2
9d86984a-53cb-11ea-bb4d-b88a60e194fb,R2K-ZXAN,orderid:140494,crmid:3050070167,2019-12-27T09:12:15.000Z,website,prd1057,1577956335,1578474735,2020-01-02T09:12:15+00:00,2020-01-08T09:12:15+00:00,Admiralty Plaza: Mumbai,Admiralty Plaza,Mumbai,presidential-suite,1,1,0,6,896.56,5379.36
9d8735dc-53cb-11ea-8f75-b88a60e194fb,KJY-PTPD,orderid:252045,crmid:1340931513,2020-02-09T23:45:02.000Z,kiosk,prd1001,1583365502,1584143102,2020-03-04T23:45:02+00:00,2020-03-13T23:45:02+00:00,Grandeur Hotels: New York,Grandeur Hotels,New York,standard,1,1,0,9,140.36,1263.24
9d882002-53cb-11ea-9f5c-b88a60e194fb,5V9-AUJ6,orderid:784796,crmid:6765031526,2019-12-20T03:25:03.000Z,kiosk,prd1168,1578713103,1579231503,2020-01-11T03:25:03+00:00,2020-01-17T03:25:03+00:00,Sandhill: Albuquerque,Sandhill,Albuquerque,standard,1,1,0,6,160.65,963.9
9d89305a-53cb-11ea-a246-b88a60e194fb,KYE-U63H,orderid:160672,crmid:6324538465,2020-01-19T07:59:09.000Z,website,prd1029,1581839949,1582531149,2020-02-16T07:59:09+00:00,2020-02-24T07:59:09+00:00,Sapphire Suites: Oklahoma City,Sapphire Suites,Oklahoma City,standard,1,1,0,8,183.5,1468.0
9d89cdc6-53cb-11ea-aa91-b88a60e194fb,TXX-CBFC,orderid:566747,crmid:2579948899,2020-01-09T09:42:01.000Z,kiosk,prd1009,1580463721,1581673321,2020-01-31T09:42:01+00:00,2020-02-14T09:42:01+00:00,Admiralty Plaza: San Antonio,Admiralty Plaza,San Antonio,standard,1,1,0,14,172.97,2421.58
9d8a913a-53cb-11ea-8279-b88a60e194fb,XKR-FOMA,orderid:309000,crmid:5555611568,2019-12-13T17:19:59.000Z,website,prd1154,1578071999,1578763199,2020-01-03T17:19:59+00:00,2020-01-11T17:19:59+00:00,Blue Reef Resort: Seattle,Blue Reef Resort,Seattle,standard,1,1,0,8,170.59,1364.72
9d8b5486-53cb-11ea-9e5f-b88a60e194fb,QF7-S2PC,orderid:948107,crmid:9473123739,2019-12-16T08:38:01.000Z,mobile,prd1176,1576917481,1577608681,2019-12-21T08:38:01+00:00,2019-12-29T08:38:01+00:00,Repose Resort: Omaha,Repose Resort,Omaha,luxury,1,1,0,8,275.48,2203.84
9d8c17da-53cb-11ea-b80b-b88a60e194fb,5JR-FEJ2,orderid:985929,crmid:1480200912,2020-02-06T06:09:58.000Z,call center,prd1094,1581055798,1581142198,2020-02-07T06:09:58+00:00,2020-02-08T06:09:58+00:00,Blue Reef Resort: Berlin,Blue Reef Resort,Berlin,standard,1,1,0,1,130.27,130.27
9d8cb414-53cb-11ea-a55c-b88a60e194fb,XIQ-HVXP,orderid:807987,crmid:6953809912,2019-12-09T05:55:15.000Z,website,prd1034,1578203715,1578462915,2020-01-05T05:55:15+00:00,2020-01-08T05:55:15+00:00,Blue Reef Resort: Albuquerque,Blue Reef Resort,Albuquerque,luxury,1,1,0,3,290.49,871.47
9d8d7622-53cb-11ea-a5d2-b88a60e194fb,POG-CEGC,orderid:440821,crmid:6341693872,2019-12-10T07:57:44.000Z,website,prd1118,1576310264,1576483064,2019-12-14T07:57:44+00:00,2019-12-16T07:57:44+00:00,Blue Reef Resort: Cologne,Blue Reef Resort,Cologne,standard,1,1,0,2,133.82,267.64
9d8e88dc-53cb-11ea-80e9-b88a60e194fb,BLE-CNLX,orderid:288681,crmid:6242163601,2020-01-26T21:59:50.000Z,website,prd1189,1582063190,1582754390,2020-02-18T21:59:50+00:00,2020-02-26T21:59:50+00:00,Admiralty Plaza: Bakersfield,Admiralty Plaza,Bakersfield,standard,1,1,0,8,104.54,836.32
9d8f251c-53cb-11ea-b257-b88a60e194fb,KBL-2TPT,orderid:836747,crmid:2451267557,2020-01-18T18:17:08.000Z,kiosk,prd1094,1581704228,1582568228,2020-02-14T18:17:08+00:00,2020-02-24T18:17:08+00:00,Blue Reef Resort: Berlin,Blue Reef Resort,Berlin,standard,1,1,1,10,118.99,1189.9
9d8fe874-53cb-11ea-b40d-b88a60e194fb,2TI-HSXU,orderid:545259,crmid:1408801240,2020-01-09T10:22:04.000Z,call center,prd1161,1580206924,1581243724,2020-01-28T10:22:04+00:00,2020-02-09T10:22:04+00:00,Sapphire Suites: Memphis,Sapphire Suites,Memphis,standard,1,1,0,12,103.89,1246.68
9d90d2d8-53cb-11ea-88eb-b88a60e194fb,JPS-XMJN,orderid:352376,crmid:8245418884,2019-12-20T16:55:36.000Z,mobile,prd1176,1577465736,1578070536,2019-12-27T16:55:36+00:00,2020-01-03T16:55:36+00:00,Repose Resort: Omaha,Repose Resort,Omaha,standard,1,1,0,7,157.25,1100.75
9d919618-53cb-11ea-aaf6-b88a60e194fb,XIL-IB6R,orderid:998845,crmid:6463721055,2019-12-16T12:51:10.000Z,kiosk,prd1172,1578919870,1580388670,2020-01-13T12:51:10+00:00,2020-01-30T12:51:10+00:00,Aspen Heights: Mesa,Aspen Heights,Mesa,standard,1,1,0,17,130.39,2216.63
9d923280-53cb-11ea-83a3-b88a60e194fb,30J-5W9X,orderid:423015,crmid:7119568154,2020-01-22T13:29:01.000Z,service desk,prd1032,1580390941,1580736541,2020-01-30T13:29:01+00:00,2020-02-03T13:29:01+00:00,Repose Resort: Baltimore,Repose Resort,Baltimore,premium,1,1,0,4,159.93,639.72
9d92f5a6-53cb-11ea-8b4e-b88a60e194fb,GVI-HAJP,orderid:263213,crmid:1268937782,2020-02-13T10:28:27.000Z,kiosk,prd1031,1582626507,1583576907,2020-02-25T10:28:27+00:00,2020-03-07T10:28:27+00:00,Nesting Box Inn: Louisville,Nesting Box Inn,Louisville,premium,1,1,0,11,159.1,1750.1
9d940718-53cb-11ea-ae3c-b88a60e194fb,D65-DXA4,orderid:600315,crmid:3260597245,2020-01-11T11:21:22.000Z,website,prd1050,1580469682,1580642482,2020-01-31T11:21:22+00:00,2020-02-02T11:21:22+00:00,Restful Nights: Arlington,Restful Nights,Arlington,standard,1,1,0,2,150.18,300.36
9d94ca66-53cb-11ea-bc90-b88a60e194fb,PME-KHIN,orderid:689021,crmid:1139011179,2020-01-27T05:10:33.000Z,kiosk,prd1124,1582002633,1582348233,2020-02-18T05:10:33+00:00,2020-02-22T05:10:33+00:00,Aspen Heights: Leeds,Aspen Heights,Leeds,standard,1,1,0,4,140.16,560.64
9d9566a2-53cb-11ea-b7e4-b88a60e194fb,ILC-KPDS,orderid:606168,crmid:5674362189,2020-02-16T18:38:47.000Z,kiosk,prd1136,1583347127,1584470327,2020-03-04T18:38:47+00:00,2020-03-17T18:38:47+00:00,Aspen Heights: Osaka,Aspen Heights,Osaka,premium,1,1,4,13,157.79,2051.27
9d96289c-53cb-11ea-a597-b88a60e194fb,TRA-DAQO,orderid:877874,crmid:9189140778,2020-01-19T08:58:40.000Z,call center,prd1101,1581757120,1583398720,2020-02-15T08:58:40+00:00,2020-03-05T08:58:40+00:00,Sapphire Suites: Vienna,Sapphire Suites,Vienna,standard,1,1,3,19,101.82,1934.58
9d96c4cc-53cb-11ea-8809-b88a60e194fb,1WF-GRLY,orderid:534859,crmid:9648241246,2020-01-11T14:06:58.000Z,call center,prd1087,1579270018,1579356418,2020-01-17T14:06:58+00:00,2020-01-18T14:06:58+00:00,Family Fun Hotels: Kolkata,Family Fun Hotels,Kolkata,standard,1,1,0,1,107.24,107.24
9d97af38-53cb-11ea-8549-b88a60e194fb,DAH-RPFF,orderid:211747,crmid:6870028434,2019-12-10T14:45:22.000Z,kiosk,prd1165,1577371522,1578408322,2019-12-26T14:45:22+00:00,2020-01-07T14:45:22+00:00,Admiralty Plaza: Louisville,Admiralty Plaza,Louisville,standard,1,1,0,12,161.42,1937.04
9d98e7ba-53cb-11ea-8c3c-b88a60e194fb,UKD-BA07,orderid:117264,crmid:3264386879,2019-12-06T14:54:57.000Z,website,prd1038,1577544897,1578063297,2019-12-28T14:54:57+00:00,2020-01-03T14:54:57+00:00,Restful Nights: Mesa,Restful Nights,Mesa,standard,1,1,0,6,132.89,797.34
9d99ab06-53cb-11ea-8dda-b88a60e194fb,99X-S7XI,orderid:565914,crmid:1417936207,2020-01-13T14:50:35.000Z,call center,prd1009,1579013435,1579099835,2020-01-14T14:50:35+00:00,2020-01-15T14:50:35+00:00,Admiralty Plaza: San Antonio,Admiralty Plaza,San Antonio,standard,1,1,0,1,122.73,122.73
9d9a4736-53cb-11ea-9c5d-b88a60e194fb,TNW-AQ5I,orderid:380750,crmid:7672340873,2020-02-03T09:34:25.000Z,mobile,prd1069,1581068065,1581240865,2020-02-07T09:34:25+00:00,2020-02-09T09:34:25+00:00,Admiralty Plaza: Singapore,Admiralty Plaza,Singapore,standard,1,1,0,2,144.53,289.06
9d9b0a90-53cb-11ea-a309-b88a60e194fb,52D-KOOT,orderid:241495,crmid:5864151123,2020-01-25T02:28:31.000Z,mobile,prd1013,1582252111,1583202511,2020-02-21T02:28:31+00:00,2020-03-03T02:28:31+00:00,Grandeur Hotels: Austin,Grandeur Hotels,Austin,ultra-luxury,1,1,0,11,284.13,3125.43
9d9bcdde-53cb-11ea-ba6f-b88a60e194fb,AT9-04GT,orderid:904006,crmid:5498590398,2019-12-21T09:00:16.000Z,kiosk,prd1083,1577005216,1577178016,2019-12-22T09:00:16+00:00,2019-12-24T09:00:16+00:00,Hospitality Inn: Bangkok,Hospitality Inn,Bangkok,premium,1,1,0,2,146.34,292.68
9d9c9136-53cb-11ea-a0ef-b88a60e194fb,LAW-FUG0,orderid:493520,crmid:5185502151,2019-12-13T02:11:13.000Z,service desk,prd1091,1577326273,1578190273,2019-12-26T02:11:13+00:00,2020-01-05T02:11:13+00:00,Nesting Box Inn: New Taipei,Nesting Box Inn,New Taipei,premium,1,1,0,10,137.33,1373.3
9d9d2d68-53cb-11ea-8c1d-b88a60e194fb,XXP-C6VO,orderid:115106,crmid:3726222411,2020-01-05T20:18:47.000Z,mobile,prd1120,1580501927,1580933927,2020-01-31T20:18:47+00:00,2020-02-05T20:18:47+00:00,Sandhill: Marseille,Sandhill,Marseille,standard,1,1,0,5,178.82,894.1
9d9e17d8-53cb-11ea-8408-b88a60e194fb,JM8-DI8P,orderid:506093,crmid:8779914471,2019-12-22T18:57:47.000Z,mobile,prd1021,1579633067,1580151467,2020-01-21T18:57:47+00:00,2020-01-27T18:57:47+00:00,Admiralty Plaza: Denver,Admiralty Plaza,Denver,standard,1,1,0,6,106.34,638.04
9d9f0230-53cb-11ea-9c00-b88a60e194fb,AMD-1MBK,orderid:311051,crmid:3743517604,2020-01-12T01:08:13.000Z,website,prd1040,1578964093,1579223293,2020-01-14T01:08:13+00:00,2020-01-17T01:08:13+00:00,Aspen Heights: Atlanta,Aspen Heights,Atlanta,premium,1,1,0,3,166.6,499.8
9d9fc588-53cb-11ea-9ad6-b88a60e194fb,0WG-HGM1,orderid:226725,crmid:8669821876,2020-01-31T16:05:17.000Z,kiosk,prd1076,1580573117,1581091517,2020-02-01T16:05:17+00:00,2020-02-07T16:05:17+00:00,Aspen Heights: Bogota,Aspen Heights,Bogota,standard,1,1,0,6,168.58,1011.48
9da061b8-53cb-11ea-a1a5-b88a60e194fb,SFO-LVNC,orderid:764327,crmid:7748525752,2019-12-03T15:18:39.000Z,website,prd1136,1577891919,1578669519,2020-01-01T15:18:39+00:00,2020-01-10T15:18:39+00:00,Aspen Heights: Osaka,Aspen Heights,Osaka,standard,1,1,1,9,103.42,930.78
9da3e5a8-53cb-11ea-bdd6-b88a60e194fb,CBP-557T,orderid:358729,crmid:1512700643,2019-12-30T18:57:48.000Z,call center,prd1035,1579978668,1581274668,2020-01-25T18:57:48+00:00,2020-02-09T18:57:48+00:00,Hospitality Inn: Tucson,Hospitality Inn,Tucson,standard,1,1,0,15,111.35,1670.25
9da4a8fe-53cb-11ea-aec2-b88a60e194fb,YEB-LB6S,orderid:865358,crmid:7850601271,2019-12-13T22:28:03.000Z,service desk,prd1168,1578263283,1579040883,2020-01-05T22:28:03+00:00,2020-01-14T22:28:03+00:00,Sandhill: Albuquerque,Sandhill,Albuquerque,standard,1,1,3,9,145.9,1313.1
9da56c36-53cb-11ea-92fd-b88a60e194fb,GG1-Q44C,orderid:815551,crmid:1871755915,2020-01-24T01:13:18.000Z,website,prd1126,1580173998,1580346798,2020-01-28T01:13:18+00:00,2020-01-30T01:13:18+00:00,Sego Lily Suites: Genova,Sego Lily Suites,Genova,standard,1,1,0,2,202.02,404.04
9da62e50-53cb-11ea-973e-b88a60e194fb,EWN-GG1S,orderid:535561,crmid:8658516930,2019-12-06T17:19:56.000Z,mobile,prd1088,1577380796,1577726396,2019-12-26T17:19:56+00:00,2019-12-30T17:19:56+00:00,Aspen Heights: Ankara,Aspen Heights,Ankara,standard,1,1,0,4,125.94,503.76
9da6f1a2-53cb-11ea-95d3-b88a60e194fb,LES-2MGF,orderid:800991,crmid:9350425292,2019-12-21T10:17:45.000Z,kiosk,prd1160,1577441865,1577960265,2019-12-27T10:17:45+00:00,2020-01-02T10:17:45+00:00,Aspen Heights: Nashville,Aspen Heights,Nashville,standard,1,1,0,6,160.81,964.86
9da8043e-53cb-11ea-a8b2-b88a60e194fb,SSV-PHBB,orderid:450237,crmid:2319366967,2020-01-21T06:30:40.000Z,call center,prd1008,1579933840,1580106640,2020-01-25T06:30:40+00:00,2020-01-27T06:30:40+00:00,Repose Resort: Philadelphia,Repose Resort,Philadelphia,standard,1,1,0,2,154.76,309.52
9da8a090-53cb-11ea-ad5e-b88a60e194fb,4R3-AR4U,orderid:774332,crmid:7710431653,2019-12-23T21:08:36.000Z,kiosk,prd1051,1578776916,1579468116,2020-01-11T21:08:36+00:00,2020-01-19T21:08:36+00:00,Family Fun Hotels: New Orleans,Family Fun Hotels,New Orleans,standard,1,1,4,8,183.07,1464.56
9da989ae-53cb-11ea-b33a-b88a60e194fb,MXM-6BHA,orderid:313323,crmid:2923634718,2020-01-07T23:43:18.000Z,website,prd1093,1579304598,1579736598,2020-01-17T23:43:18+00:00,2020-01-22T23:43:18+00:00,Admiralty Plaza: Yokohama,Admiralty Plaza,Yokohama,standard,1,1,0,5,118.52,592.6
9daa750c-53cb-11ea-8f0d-b88a60e194fb,KGL-NYUU,orderid:616026,crmid:2870682620,2020-01-22T10:38:14.000Z,mobile,prd1124,1581763094,1582627094,2020-02-15T10:38:14+00:00,2020-02-25T10:38:14+00:00,Aspen Heights: Leeds,Aspen Heights,Leeds,standard,1,1,0,10,121.2,1212.0
9dab5fa6-53cb-11ea-b957-b88a60e194fb,IWY-N0WX,orderid:177629,crmid:9448050560,2020-01-04T18:30:57.000Z,website,prd1137,1578249057,1578421857,2020-01-05T18:30:57+00:00,2020-01-07T18:30:57+00:00,Sapphire Suites: Manila,Sapphire Suites,Manila,standard,1,1,0,2,175.23,350.46
9dac4a18-53cb-11ea-95f0-b88a60e194fb,9HR-K0E0,orderid:116402,crmid:6121696796,2020-01-09T11:50:02.000Z,call center,prd1119,1578657002,1578916202,2020-01-10T11:50:02+00:00,2020-01-13T11:50:02+00:00,Hospitality Inn: Turin,Hospitality Inn,Turin,premium,1,1,0,3,127.64,382.92
9dac9888-53cb-11ea-9cca-b88a60e194fb,BMH-OK3P,orderid:484361,crmid:6121696796,2020-01-15T00:00:00.000Z,website,prd1085,1579219200,1579392000,2020-01-17T00:00:00+00:00,2020-01-19T00:00:00+00:00,Grandeur Hotels: Saint Petersburg,Grandeur Hotels,Saint Petersburg,standard,1,1,0,2,97.62,195.24
9dad8282-53cb-11ea-b141-b88a60e194fb,KRO-XYDQ,orderid:795689,crmid:4628261159,2020-01-23T01:34:44.000Z,call center,prd1009,1581557684,1581989684,2020-02-13T01:34:44+00:00,2020-02-18T01:34:44+00:00,Admiralty Plaza: San Antonio,Admiralty Plaza,San Antonio,standard,1,1,0,5,165.16,825.8
