crmid,email,first_name,last_name,gender,mobile telephone,city,country,zip,state,street address,birthday,historicalpoints
crmid:7354621604,oversowed1810@outlook.com,Justin,Blackwell,,170-559-8381,Fond du Lac,United States,53385,Wisconsin,316 Arellano,1962-10-16,1347
crmid:1573727379,acronymized1937@yandex.com,Deandre,Howell,male,772-131-1271,Benton,United States,94122,New Jersey,13 Lendrum,1938-03-15,672
crmid:3746490407,braggers1966@live.com,Tad,Warren,male,191-611-5826,Bentonville,United States,89469,Arizona,980 Francis,1938-09-30,1372
crmid:6584042876,goatroot2025@live.com,Andrew,Caldwell,,748-323-2667,Shoreview,United States,35990,Alaska,904 Crossover,1973-10-18,1094
crmid:2293537705,amaranthine1999@live.com,Sergio,Workman,male,014-258-5840,Bowling Green,United States,59962,New Jersey,1218 Edgar,1940-09-14,2515
crmid:1181805260,convolvulus1865@gmail.com,Elroy,Monroe,,530-999-3166,Florissant,United States,61191,Wyoming,663 Crestline,1962-11-11,1889
crmid:8751636948,wabby1868@gmail.com,Cletus,Graves,male,266-617-4596,Berwyn,United States,10926,Tennessee,1290 Arlington,1938-02-12,2783
crmid:1445565731,aluta1886@gmail.com,Taren,Burns,female,713-672-0798,Murrieta,United States,11081,Maine,251 Spencer,1994-03-16,1807
crmid:7112642819,stripling1947@yahoo.com,Stanford,Turner,,227-930-0184,Freeport,United States,01539,Nevada,539 Glendale,1964-01-06,451
crmid:3166468889,nebula2020@live.com,Clair,Clemons,male,158-438-0134,Westbrook,United States,01364,Kentucky,1168 Coronado,1933-02-06,2199
crmid:5145552523,runnion1891@yandex.com,Jan,Sloan,male,829-714-5333,Pensacola,United States,69228,Ohio,1078 Excelsior,1933-05-27,2646
crmid:6999509755,ester1854@yahoo.com,Johnie,Gardner,,141-081-8428,New Hope,United States,82437,Mississippi,949 Elim,1996-06-08,1790
crmid:2476073986,ethelyn1999@gmail.com,Porfirio,Craig,male,297-221-2772,New Brunswick,United States,02768,Maine,142 Sequoia,1996-02-15,765
crmid:6479679666,triplopia1960@live.com,Nelia,Barber,female,410-137-0154,Edmond,United States,33341,Alabama,695 Evelyn,1958-07-02,2739
crmid:5921961376,heptarch1859@yahoo.com,Nobuko,Haney,female,646-138-8563,Santa Fe,United States,13316,Nebraska,240 Middlefield,1947-07-12,923
crmid:5654485379,numbat1978@yahoo.com,Mike,Holder,male,636-191-2379,Sachse,United States,04098,South Dakota,620 Sweeny,1934-07-14,2787
crmid:9520822068,etherealization1933@outlook.com,Ferdinand,Quinn,male,602-791-6141,Bangor,United States,68258,Kentucky,1292 Euclid,1936-10-31,2287
crmid:7530366024,dribbling1850@outlook.com,Lera,Warner,female,961-773-4425,Daphne,United States,35089,South Carolina,243 Bryant,1953-05-30,2946
crmid:2848339586,biker1819@yahoo.com,Hunter,Walters,,123-311-0802,Schererville,United States,54490,South Carolina,743 Jakey,1996-08-28,2763
crmid:5709282174,robbery1903@yandex.com,Francis,Cabrera,,022-924-7468,Pueblo,United States,41226,Hawaii,431 Campton,1982-02-04,1557
crmid:8831989690,windswept1838@yahoo.com,Dorotha,Decker,female,744-621-8589,Tullahoma,United States,78130,Washington,859 Gay,1955-12-05,1261
crmid:8366692506,louse1875@gmail.com,Benjamin,Navarro,,168-843-0576,Lexington,United States,54206,Texas,314 Ashbury,1982-10-20,590
crmid:4047783020,rhiptoglossa1908@outlook.com,Carmine,Benton,,076-701-2478,Lathrop,United States,93006,New York,433 Weldon,1981-07-12,2084
crmid:5229934025,overview1844@live.com,Gavin,Cote,,534-363-3292,San Rafael,United States,55875,Illinois,518 South Gate,1990-09-08,1493
crmid:6988895254,zillionaire1909@gmail.com,Lesley,Wilcox,,273-202-2631,Matthews,United States,41388,Tennessee,639 Glenhaven,1988-08-29,2519
crmid:5246070182,scorner1914@gmail.com,Daniel,Olson,,383-205-7138,Little Elm,United States,00860,Iowa,630 Daggett,1983-02-26,1079
crmid:4265295720,iguana1812@yandex.com,Mikel,Norman,,968-335-5926,Jupiter,United States,61765,Connecticut,1361 Jason,1976-10-20,2849
crmid:6633596805,abashed1988@yandex.com,Marlin,Graham,male,787-422-8830,Cape Girardeau,United States,32378,West Virginia,1204 Rankin,1944-07-12,411
crmid:4907351896,hydrome1850@live.com,Barbar,Gamble,female,166-717-8413,El Centro,United States,96835,Texas,1248 Federal,1958-10-21,2159
crmid:5430877427,detour1897@yahoo.com,Theron,Roth,,934-042-5175,Jonesboro,United States,31531,Pennsylvania,862 Mariposa,1976-06-26,665
crmid:9825923014,blackens1974@yandex.com,Otelia,Vargas,female,804-874-0942,South San Francisco,United States,86310,Vermont,178 Menoher,1946-07-29,366
crmid:1486487865,gravelliness2042@yahoo.com,Tomi,Lindsey,female,747-244-7084,Farmington Hills,United States,75765,Oregon,378 Seminole,1961-09-17,1538
crmid:9888810760,conform1819@yahoo.com,Shon,Benton,,190-511-8749,New Rochelle,United States,43906,Arizona,378 Colin,1996-07-14,2011
crmid:1431646513,removed1973@outlook.com,Sylvester,Hammond,,029-460-7361,Littleton,United States,02589,Michigan,169 Cerritos,1983-01-25,1132
crmid:5585291287,misresult1905@outlook.com,Avril,Kirkland,female,427-759-0309,Searcy,United States,28641,Wisconsin,425 Sterling,1958-11-20,1508
crmid:4880365708,webster1964@outlook.com,Darrin,Stuart,male,187-983-6473,Albuquerque,United States,15770,North Carolina,571 Boylston,1931-03-28,2123
crmid:1805319007,overshadow1845@live.com,Maryam,Logan,female,739-298-7814,Derby,United States,38948,Wyoming,1026 Ottawa,1954-06-17,2406
crmid:2630064389,clairce2069@gmail.com,Lynwood,Nieves,male,645-699-0031,Patterson,United States,03776,North Carolina,1281 Twin Peaks,1934-12-13,2247
crmid:7859981378,sarcophilous2017@gmail.com,Jacques,Charles,,524-174-9673,Lynn,United States,06829,Hawaii,775 Carroll,1985-02-23,980
crmid:5519701387,cousins1882@yahoo.com,Jan,Harrison,male,582-819-0480,Brigham City,United States,23167,Ohio,589 Palou,1941-05-13,1698
crmid:5014762623,amentulum2041@yahoo.com,Keitha,Mitchell,female,853-532-2815,Dubuque,United States,29754,Arkansas,331 Milton I Ross,1956-05-20,2869
crmid:8649630122,agathodaemon2019@yandex.com,Chadwick,Hodges,male,169-481-6670,Warren,United States,14474,Iowa,975 San Carlos,1942-02-14,2373
crmid:1875664277,thick2029@outlook.com,Bernardo,Cleveland,,615-833-7632,Lewisville,United States,57291,Delaware,1242 Rosenkranz,1982-10-24,2508
crmid:7481662082,squid2008@yandex.com,Cassy,Carter,female,870-345-2165,Shively,United States,70779,New Mexico,198 Utah,1953-02-05,2408
crmid:7391832181,couplet2031@gmail.com,Maria,Waters,male,816-557-3712,Battle Creek,United States,30668,Ohio,1248 Crossover,1936-07-30,1609
crmid:6783115190,globalism1839@outlook.com,Scotty,Baxter,male,415-241-0524,Thornton,United States,00680,New Jersey,1373 Coleman,1941-09-02,456
crmid:8102223812,eyeballs1923@outlook.com,Long,Sweet,male,905-979-5228,Carlisle,United States,88802,New Mexico,1228 Bryn Mahr,1944-06-28,2586
crmid:8546449238,tirl1983@live.com,Kendrick,Smith,,617-849-0822,Griffin,United States,28627,Utah,826 Marist,1968-05-23,886
crmid:3669290866,flabbiest1863@live.com,Chad,Shannon,,528-603-1335,Hazleton,United States,57608,New Hampshire,1370 West View,1970-09-03,745
crmid:1619554452,chores1908@live.com,Carlo,Olson,,180-910-0971,Tampa,United States,80461,Indiana,320 Via Bufano,1969-02-02,2600
crmid:7302661319,dupable1857@live.com,Michal,Bennett,male,783-353-2954,Annapolis,United States,80317,Hawaii,798 Macondray,1933-07-02,1645
crmid:8984212870,enormously2004@gmail.com,Wilfred,Elliott,male,508-478-8726,Wilkinsburg,United States,88020,Montana,1110 Potrero,1933-10-09,1833
crmid:7778971795,corina2026@yandex.com,Ariel,Castillo,,868-938-3670,Tinton Falls,United States,85307,Georgia,752 Gladys,1963-07-31,514
crmid:7102747603,arpita2026@gmail.com,Rosann,Sears,female,032-331-9617,Staunton,United States,78898,Rhode Island,335 Rockdale,1951-07-26,498
crmid:1206221219,cuisse1809@yandex.com,Bryon,Owen,,497-982-4502,Vernon Hills,United States,21091,Vermont,1111 Aquavista,1967-06-07,2944
crmid:4634002176,ciscos2003@outlook.com,Stephen,Pace,male,231-581-3238,Anchorage,United States,66531,Alaska,219 Maryland,1932-11-17,1301
crmid:6621209210,lanson1959@live.com,Estell,Mullen,female,649-250-2722,Duncan,United States,14869,Pennsylvania,930 Loraine,1956-03-21,2356
crmid:5060834748,haematins1815@live.com,Phylicia,Burton,female,366-910-4946,Muscatine,United States,11849,Rhode Island,1292 Myra,1994-03-14,2005
crmid:5753101634,evensong1934@gmail.com,Gerardo,Johnson,male,990-056-2731,Carrollton,United States,84165,Indiana,71 Brookdale,1944-04-15,2988
crmid:4527940617,namelessly1851@yahoo.com,George,Kent,,579-114-3256,Longview,United States,33921,North Dakota,803 Scenic,1984-06-08,785
crmid:4848362086,consonance1834@live.com,Stephnie,Ferrell,female,434-017-2924,Radcliff,United States,14397,Michigan,42 Ordway,1948-12-16,979
crmid:2793715587,imply1886@live.com,Michal,Young,,272-454-0554,Lynwood,United States,01921,Kentucky,929 Mullen,1985-01-15,818
crmid:6712556306,uranolatry1978@yahoo.com,Marshall,Schneider,,027-697-2975,Gadsden,United States,94382,Minnesota,116 Briarcliff,1964-06-13,1370
crmid:4315692060,interossei1926@gmail.com,Chase,Tyson,,655-787-6490,La Vergne,United States,98098,Texas,508 Baltimore,1979-06-27,1557
crmid:8462005208,periangioma1983@live.com,Felipe,William,male,740-600-4759,Brownsburg,United States,72963,Texas,147 Perimeter,1942-12-07,915
crmid:2494612004,motophone2020@gmail.com,Cruz,Buchanan,male,273-015-0819,Winter Springs,United States,01382,Missouri,106 Oakhurst,1931-02-04,906
crmid:4936461283,arnis1915@live.com,Ervin,Bartlett,,843-707-8427,McHenry,United States,53417,Montana,461 Harlan,1988-09-18,1534
crmid:6213056926,henna1900@outlook.com,Isiah,Avery,,706-311-0369,Glassboro,United States,55258,Kansas,182 Mclea,1966-09-14,448
crmid:6512267261,triplocaulescent1969@outlook.com,Horacio,Burton,male,259-986-3322,Upland,United States,01686,South Carolina,1211 Georgia,1935-05-04,1161
crmid:9629455696,enciphered1976@yandex.com,Rodrick,Chapman,male,858-248-2341,Pampa,United States,11252,Maine,743 Wilmot,1945-08-06,1904
crmid:4226098207,nightingale1917@live.com,Tambra,Beck,female,984-031-0547,Davie,United States,44899,Kentucky,53 Shaw,1953-08-02,2146
crmid:5580774242,emilee1930@gmail.com,Lavera,Bass,female,664-211-7630,Portage,United States,10821,Oregon,1040 Quarry,1953-05-02,2116
crmid:2453452122,chasing2028@yahoo.com,Dino,Mercer,,171-546-8608,Findlay,United States,70968,New Hampshire,367 Arleta,1962-02-04,2095
crmid:3656939203,drugless1946@outlook.com,Jeramy,Lloyd,,570-809-1097,Glassboro,United States,19256,Maine,1043 Wallen,1966-03-16,1720
crmid:9791983695,etheline1976@gmail.com,Jefferson,Santiago,,401-131-2305,Mint Hill,United States,48287,Connecticut,705 Marvel,1991-08-23,2353
crmid:6828214156,capuche1905@outlook.com,Charita,Norris,female,223-341-6843,Denison,United States,05416,New Hampshire,1259 Mccormick,1954-02-22,1673
crmid:3173210178,overgoaded2038@outlook.com,Jacques,Perry,,954-760-5716,Garland,United States,90251,Virginia,293 Santa Marina,1965-01-01,852
crmid:7787997560,artiller1951@outlook.com,Devon,Workman,male,869-348-9852,Bangor,United States,15688,South Carolina,633 Dorantes,1936-03-31,1465
crmid:2520379165,telepathically1996@gmail.com,Hubert,Lara,,710-879-5014,Grants Pass,United States,76128,Missouri,807 Automobile,1967-04-21,1845
crmid:6730897770,pourer1821@yandex.com,Moises,Beard,,913-185-1731,Lomita,United States,81400,West Virginia,743 Baywood,1984-07-04,2640
crmid:1235476705,dalcassian2037@gmail.com,Krysta,Clements,female,616-084-8410,East St. Louis,United States,61778,New Jersey,610 Colin,1957-12-09,2970
crmid:1053115270,millage1885@gmail.com,Antoine,Harrell,male,050-534-9982,White Bear Lake,United States,00923,Washington,92 Woodacre,1932-01-13,2518
crmid:1323550498,tootle1864@yandex.com,Vertie,Wallace,female,700-403-4795,St. Cloud,United States,82796,Florida,186 Gilman,1961-12-24,1685
crmid:9884194950,industry1921@yahoo.com,Tommie,Wilcox,,317-694-9839,Hampton,United States,08152,Kansas,670 Ravenwood,1969-02-22,973
crmid:5786096546,hemopathy2026@yandex.com,Malcolm,King,,598-373-3907,Mooresville,United States,83038,Mississippi,1032 Robinhood,1993-06-07,1574
crmid:8884515454,parterres1982@yandex.com,Lynwood,Parks,,229-844-1173,Tinley Park,United States,64431,South Carolina,896 Montecito,1973-08-14,1828
crmid:6751402503,gar1983@yahoo.com,Randall,Levy,,059-040-3431,Weirton,United States,30423,California,1150 Olmstead,1978-02-04,1722
crmid:2007866094,latuka1985@live.com,Augustus,Johns,,399-223-4333,Sun Prairie,United States,56385,New Jersey,743 Rutland,1969-05-29,1687
crmid:9228671405,carapus1835@live.com,Enrique,Ellison,male,326-753-1658,Terre Haute,United States,51496,Oregon,1380 Halleck,1996-02-07,336
crmid:5765586097,milliard2041@yandex.com,Andrea,Mcfarland,,090-453-5988,St. Charles,United States,74451,Pennsylvania,143 Seawell,1968-07-02,2263
crmid:3525697286,belee1934@yahoo.com,Dillon,Jarvis,,871-246-2215,Yuma,United States,94243,North Dakota,305 Second,1967-08-10,330
crmid:1791647348,galactosis1898@yandex.com,Mitchell,Vargas,female,926-602-6007,Summit,United States,51313,Illinois,477 Baltimore,1999-12-06,2642
crmid:7543340960,erastus1827@yandex.com,Lucrecia,Harvey,female,948-588-0138,Clarksburg,United States,63266,Pennsylvania,937 Beulah,1948-11-11,957
crmid:4124614272,berkowitz2066@yandex.com,Lonny,Estes,male,155-303-5612,Atwater,United States,31581,Oregon,1204 Hattie,1934-06-09,2902
crmid:2354997040,polyandrism1868@yandex.com,Jacob,Gibson,,409-841-9415,Monroe,United States,42211,Nevada,35 Edinburgh,1992-08-29,345
crmid:2342943650,esclavage1993@live.com,Elenore,Henry,female,237-098-6751,Richfield,United States,14503,North Carolina,586 Bigler,1955-03-13,789
crmid:3979648872,ordanchite2006@live.com,Stan,Steele,,696-520-0752,Westland,United States,46588,New York,1318 Pelican Cove,1982-04-22,2799
crmid:6032344279,subantarctic1921@gmail.com,Scott,Castillo,male,664-928-8253,Camas,United States,85066,South Dakota,1090 Sierra,1943-11-17,1017
crmid:8198413520,buckling2047@live.com,Trent,Tate,,770-732-9807,Florence,United States,42864,West Virginia,68 Icehouse,1962-07-07,1856
crmid:8624201144,inconsultable1978@outlook.com,Elijah,Perez,,268-634-1478,Lorain,United States,37743,Indiana,1301 Steiner,1984-06-18,2215
crmid:1348300918,xyloquinone1955@yandex.com,Emmitt,French,,834-094-8666,Little Rock,United States,19303,North Dakota,688 Music Concourse Access,1983-04-17,1945
crmid:1869793904,billable2028@outlook.com,Chang,Hancock,,831-481-5191,Fridley,United States,15737,New Hampshire,385 Stillings,1964-03-20,1301
crmid:9448548913,anteater1986@yandex.com,Solomon,Galloway,male,710-665-6980,Barberton,United States,59361,Nevada,827 Avenue F,1936-09-11,2580
crmid:5718822037,noblify1904@gmail.com,Burl,Acevedo,,916-095-4053,Lawrenceville,United States,58980,California,1328 Stillman,1981-09-06,863
crmid:9627005649,ewing1914@gmail.com,Williams,Richard,,134-747-2588,Garfield Heights,United States,69450,Colorado,243 Greenview,1965-12-15,1439
crmid:8169740413,hummingbird2046@outlook.com,Casey,Levy,,252-489-7917,Newberg,United States,55567,Ohio,1068 Carl,1997-09-13,2575
crmid:5358229214,recreations2017@outlook.com,Garland,Mejia,male,052-242-8256,Baltimore,United States,29565,Nevada,160 Northwood,1935-04-20,315
crmid:8629103038,protologist1957@yahoo.com,Melynda,Mccoy,female,937-593-0719,Warren,United States,51372,South Dakota,17 Lois,1996-12-06,2042
crmid:2565508077,carpool1834@live.com,Deangelo,Wall,,502-582-4741,Ridgewood,United States,44140,North Dakota,41 Chestnut,1990-04-16,1582
crmid:2434430394,aspidium1989@yahoo.com,Travis,Roach,male,658-965-5738,Ada,United States,53396,North Carolina,1180 Halleck,1930-09-25,2636
crmid:9153215659,starling2045@gmail.com,Lonnie,Gallagher,male,419-539-1068,Broomfield,United States,30636,Pennsylvania,694 Thornton,1942-06-11,2761
crmid:7355550817,doina1933@gmail.com,Gaston,Rocha,,519-864-9490,Greenfield,United States,92978,Tennessee,217 Iowa,1968-05-10,1586
crmid:2936416714,ozonic1998@yandex.com,Merrill,Richardson,male,155-698-4700,Stanton,United States,80723,Pennsylvania,392 Visitacion,1940-07-24,1447
crmid:2907982996,spiketail1996@outlook.com,Harold,Clarke,,723-643-5391,Livermore,United States,06163,Wisconsin,1066 Jones,1983-02-16,1160
crmid:5253509116,completers1854@live.com,Courtney,Jordan,,553-120-2339,Hattiesburg,United States,42185,Pennsylvania,1164 Tandang Sora,1970-08-30,593
crmid:5987712459,boons1998@yahoo.com,Agueda,Mueller,female,376-975-3270,Olive Branch,United States,92667,North Carolina,628 Miguel,1957-01-21,2263
crmid:3166769208,consecrating2029@outlook.com,Jamaal,Rogers,,256-653-8427,Zion,United States,36572,New Hampshire,788 Lapham,1975-08-22,360
crmid:8655019088,imposts1986@outlook.com,Maris,Evans,female,690-617-4473,Dixon,United States,62102,South Dakota,318 Arleta,1955-11-12,1539
crmid:6731643834,aesthesodic2018@live.com,Gabriel,Jones,,197-086-6638,San Marcos,United States,87570,Wisconsin,962 Gorham,1962-12-20,336
crmid:7014069007,spoonyism1822@live.com,Bobbie,Zamora,,200-519-2896,Mooresville,United States,04972,Delaware,98 Guy,1993-02-08,2051
crmid:5878605212,dassent1885@live.com,Isaura,Sawyer,female,434-022-3379,East Providence,United States,68414,Michigan,999 Bertha,1957-11-07,1734
crmid:8128337132,chilicote2015@yandex.com,Vena,Washington,female,343-216-7941,Farmers Branch,United States,89194,Nevada,595 Mammon,1961-09-30,421
crmid:8278357029,brann1994@live.com,Santo,Morin,,332-478-3997,Redlands,United States,27115,New Mexico,778 Clarke,1966-12-27,2142
crmid:5291040974,adventuring1840@yahoo.com,Rikki,Thomas,female,539-120-5857,Duluth,United States,78955,South Carolina,1099 Newburg,1956-07-29,859
crmid:1573247178,dobras1983@live.com,Guadalupe,Santana,,934-896-9956,Livonia,United States,21736,Minnesota,1357 Liberty,1983-05-02,743
crmid:1945847913,escobilla1855@yandex.com,Marshall,Petty,,542-808-2144,La Mesa,United States,49722,Nebraska,997 Hare,1978-08-15,2944
crmid:2000241238,boohoo1874@yandex.com,Gayle,Dickerson,male,834-213-9627,San Jacinto,United States,80248,Idaho,739 Liberty,1937-04-08,1408
crmid:8657592180,bigha1902@yandex.com,Branden,Sexton,,943-546-5960,Millbrook,United States,20789,Delaware,1122 Friedell,1991-04-21,1491
crmid:3015655862,too1881@gmail.com,Kurt,Shepherd,male,956-717-8223,Bedford,United States,79388,Illinois,1041 Young,1937-12-23,419
crmid:7693898950,nonadjacent2068@yandex.com,Kasey,Rich,,840-774-0067,Port Huron,United States,33876,North Dakota,712 De Forest,1968-07-13,1542
crmid:7935424498,badge1909@gmail.com,Louie,Velazquez,,426-864-6370,Hercules,United States,41899,Maryland,185 Glenhaven,1971-07-27,1697
crmid:6940472481,pennyroyal1984@gmail.com,Micheal,Meyers,,519-942-3996,Walker,United States,74266,South Dakota,95 Bosworth,1977-08-18,2334
crmid:9381715544,bedroom1975@outlook.com,Rafael,Callahan,male,331-496-7373,Blacksburg,United States,46333,Georgia,729 Rausch,1939-08-05,735
crmid:7711939651,birman1906@gmail.com,Macy,Zimmerman,female,733-738-3377,Erie,United States,31273,Michigan,692 Oceanview,1960-06-04,2666
crmid:5804501409,precisionize1992@yandex.com,Versie,Rollins,female,564-899-6629,Yonkers,United States,17860,Michigan,97 Sagamore,1955-09-25,465
crmid:9915310242,wilders1964@live.com,Nigel,Mooney,,165-408-9784,Kirkland,United States,83869,Massachusetts,1108 Dickinson,1978-06-12,1442
crmid:2680352112,centimeter1873@yahoo.com,Tim,Campbell,male,385-672-7284,Boise City,United States,81691,Maryland,440 Stanyan,1940-09-05,502
crmid:5649797148,barrels2028@gmail.com,Samual,Clay,,581-830-8029,Fond du Lac,United States,15518,Washington,399 Romolo,1962-03-31,1400
crmid:6126013721,endeavours2028@live.com,Loyce,Zimmerman,female,578-875-5317,Faribault,United States,38507,Indiana,986 Steveloe,1961-06-27,1670
crmid:8039978384,narwhal2045@yandex.com,Brandon,Davidson,,044-507-5903,Greenfield,United States,46284,Arizona,712 Rio Verde,1968-08-12,1898
crmid:5509512379,triphammer1944@gmail.com,Vincenzo,Mcleod,male,164-807-3228,West Lafayette,United States,17545,Delaware,1354 Recycle,1943-10-19,1065
crmid:6116975060,drainer1826@live.com,Marlon,Dillon,male,421-746-9869,Cabot,United States,37740,Nebraska,403 Holloway,1943-07-08,1217
crmid:7640088544,dalt2022@live.com,Annice,Sullivan,female,144-049-0192,Pawtucket,United States,18154,Vermont,1338 Red Rock,1946-01-28,2731
crmid:7128490681,snowdrop1944@gmail.com,Vania,Boyle,female,022-686-7325,North Port,United States,10557,Kentucky,1257 Kenny,1999-03-17,1157
crmid:9933434082,gambol2050@gmail.com,Gustavo,Hogan,,426-393-5783,Glassboro,United States,22217,Virginia,532 Sibley,1966-05-07,2594
crmid:5049471064,aboard2049@yandex.com,Tiny,Collier,female,401-607-9437,Evergreen Park,United States,51266,New Jersey,1199 Fauntleroy,1960-09-06,2069
crmid:1070680918,devow1964@outlook.com,Shae,Juarez,female,047-227-7904,Winter Park,United States,14648,Arkansas,1322 Joost,1946-08-16,2389
crmid:7931485970,trustees1941@live.com,Chantay,Mathis,female,748-619-9269,Clarksburg,United States,04238,Wisconsin,864 Fuente,1948-02-18,2701
crmid:2417616548,monotrochian1864@gmail.com,Bruno,Carson,,200-930-8479,South El Monte,United States,44009,Rhode Island,111 Globe,1985-04-15,2317
crmid:6137768217,cherimoya1895@outlook.com,Jaleesa,Elliott,female,938-702-0350,Culver City,United States,29514,Minnesota,1239 Edna,1952-04-09,2769
crmid:4411154998,bromhydric1817@outlook.com,Raul,Mccarty,,966-040-8421,Mayfield Heights,United States,26745,Vermont,1296 Virginia,1988-04-13,328
crmid:4244900416,rhoda1945@live.com,Carmelia,Case,female,080-155-4373,Edina,United States,90892,Alabama,107 Ninth,1958-12-03,1037
crmid:2474226068,ascertainability1889@live.com,Edwardo,Becker,male,597-535-3299,Stockton,United States,85069,Idaho,1194 Spring Valley,1945-10-06,2371
crmid:1052882999,bench1996@gmail.com,Darren,Herrera,,378-701-8259,Morganton,United States,30541,Missouri,783 Edgar,1993-05-23,602
crmid:3050070167,roseola1950@yahoo.com,Kennith,Lynn,male,847-325-1062,West New York,United States,98566,Arkansas,815 Phelan,1936-06-18,1432
crmid:1340931513,cottontail1903@yahoo.com,Donetta,Conner,female,827-928-6939,El Reno,United States,81698,Kansas,367 Tingley,1958-03-07,1582
crmid:6765031526,ardith1841@yahoo.com,Yuonne,Zimmerman,female,172-361-5017,Pleasant Prairie,United States,19361,Pennsylvania,767 Jewett,1950-09-10,1750
crmid:6324538465,clone1855@outlook.com,Estefana,Freeman,female,632-647-2349,Deerfield Beach,United States,13416,Montana,145 Lamartine,1954-03-10,1408
crmid:2579948899,sylvin1942@yahoo.com,Billye,Shelton,female,081-120-4948,New Castle,United States,18562,Alabama,393 Maple,1996-03-02,1990
crmid:5555611568,eskar1867@gmail.com,Keiko,Heath,female,161-558-6614,El Centro,United States,20116,Illinois,1027 Pennington,1958-05-13,1335
crmid:9473123739,alveolarly2020@yandex.com,Janae,Brock,female,128-761-2377,Cudahy,United States,71341,Indiana,1139 Trainor,1952-04-04,2260
crmid:1480200912,booby1833@gmail.com,Christoper,Copeland,,892-538-7835,Lufkin,United States,97301,California,986 Zeno,1985-12-10,2250
crmid:6953809912,cephalins1951@gmail.com,Odilia,Skinner,female,990-941-8152,Papillion,United States,28829,Alabama,861 Saroyan,1957-07-27,2853
crmid:6341693872,tenant1966@yahoo.com,Wiley,Bryant,male,336-375-0038,Painesville,United States,05873,Massachusetts,650 Tunnel,1933-11-19,1149
crmid:6242163601,chewer1821@yandex.com,Demarcus,French,,729-238-8946,Lake Jackson,United States,72012,Arizona,733 Coral,1980-12-21,924
crmid:2451267557,brody1937@gmail.com,Gonzalo,Ferrell,male,164-824-6071,Altus,United States,82088,Florida,1253 Ewer,1932-04-09,1367
crmid:1408801240,promisable1885@yandex.com,Dominick,Wiggins,male,425-562-1609,Royal Palm Beach,United States,19816,Hawaii,475 Stanford,1943-03-31,2324
crmid:8245418884,castoffs1961@gmail.com,Emmaline,Gibson,female,665-363-9187,Thousand Oaks,United States,11085,Utah,1348 Longview,1948-03-11,1407
crmid:6463721055,dirigent2000@yandex.com,Stacey,Norman,male,248-769-1430,Asheville,United States,59623,Kansas,245 Riverton,1934-10-17,1096
crmid:7119568154,uppercutted1858@gmail.com,Loyd,Mcgowan,,955-898-2009,Malden,United States,43750,Delaware,642 Hutchins,1985-08-29,906
crmid:1268937782,unmatchableness1913@gmail.com,Trent,Robinson,male,773-665-9137,Arcadia,United States,50277,Minnesota,1370 Nottingham,1933-09-25,2459
crmid:3260597245,protomartyr1982@yahoo.com,Hipolito,Roy,male,906-280-7504,Belton,United States,67306,Oklahoma,495 Orben,1937-10-09,1340
crmid:1139011179,boar1863@outlook.com,Gail,Collins,,561-347-3937,Moline,United States,44255,Delaware,1101 Karen,1992-08-17,2531
crmid:5674362189,greyhen2065@yahoo.com,Reinaldo,Kelley,,848-440-7532,Glen Cove,United States,42472,Virginia,763 Tomaso,1966-07-27,2172
crmid:9189140778,blows1850@live.com,Dean,Foster,male,569-995-8647,Bangor,United States,19905,Rhode Island,1333 Perry,1936-03-10,744
crmid:9648241246,calamite1976@live.com,Charlie,Harrell,male,978-589-4191,Baldwin,United States,07884,South Carolina,1128 Mersey,1935-02-13,638
crmid:6870028434,insert1935@outlook.com,Tim,Barrett,,380-797-9361,Roseville,United States,67305,Pennsylvania,544 Nahua,1979-02-03,2434
crmid:3264386879,burstones1877@yandex.com,Dudley,Hudson,,362-529-0823,Franklin Park,United States,22473,Georgia,640 Keystone,1964-05-01,1521
crmid:1417936207,cocobolos1960@live.com,Genia,Booth,female,797-782-4624,Pawtucket,United States,11337,Virginia,583 Espanola,1952-03-03,2083
crmid:7672340873,spiring2040@gmail.com,Zachary,Hendrix,,558-874-4482,Johnson City,United States,38597,Connecticut,1088 Signal,1975-06-08,2337
crmid:5864151123,scumbag1945@gmail.com,Daniel,Scott,,486-695-0620,Lynn,United States,80112,New Mexico,1059 Pasadena,1985-07-01,434
crmid:5498590398,yaird1862@outlook.com,Alfonzo,Merrill,,520-461-5482,Loveland,United States,54505,Delaware,1088 Loehr,1984-09-14,670
crmid:5185502151,proface2033@yandex.com,Royce,Wiggins,male,858-578-5659,Carlsbad,United States,89299,Washington,204 Waller,1944-08-31,1431
crmid:3726222411,nodder2048@outlook.com,Claud,Stevenson,,147-809-1019,Gillette,United States,54386,Missouri,933 Fredson,1966-09-18,1405
crmid:8779914471,scalper1875@gmail.com,Rodrick,Hunter,,123-150-5211,Herndon,United States,14445,Georgia,588 De Haro,1971-04-16,1120
crmid:3743517604,anthems1819@gmail.com,Abe,Dickerson,,398-693-2008,Montclair,United States,74010,Missouri,243 Atalaya,1992-12-08,2358
crmid:8669821876,anita1939@yahoo.com,Cole,Cantu,male,236-093-7835,Wadsworth,United States,01866,Ohio,79 Josepha,1934-02-05,697
crmid:7748525752,alexandrite2052@gmail.com,Landon,Rollins,male,544-350-1843,Americus,United States,63054,Pennsylvania,963 Dorado,1932-11-24,2102
crmid:1512700643,charta1888@yandex.com,Warren,Bass,male,385-687-9727,Sunnyvale,United States,00958,Massachusetts,1319 Whiting,1937-10-02,1946
crmid:7850601271,misleadingly1913@live.com,Quentin,Page,,224-082-4861,South Milwaukee,United States,79146,New Jersey,369 Great,1993-02-04,1556
crmid:1871755915,curver1922@yandex.com,Signe,Cote,female,190-449-5699,Scranton,United States,86427,Kansas,726 Frank Norris,1957-08-07,817
crmid:8658516930,maidhoods2039@outlook.com,Terry,Ray,,380-398-9350,Goodlettsville,United States,33576,West Virginia,678 Lulu,1967-06-29,2391
crmid:9350425292,collaborationists1978@yahoo.com,Damion,Prince,male,702-075-1722,Staunton,United States,87576,Arizona,760 Coronado,1997-11-24,769
crmid:2319366967,rabboni1813@yandex.com,Salvatore,Owens,,001-055-0298,Huntington,United States,27618,Alaska,199 Roanoke,1973-04-07,2450
crmid:7710431653,anthropos1964@yandex.com,Antonio,Butler,,227-690-9648,Providence,United States,38217,Maryland,610 Hotaling,1978-06-27,1142
crmid:2923634718,porpoise1881@live.com,Trenton,Watson,,785-567-5601,Grand Prairie,United States,84538,Rhode Island,1185 Fargo,1967-01-14,1190
crmid:2870682620,cosine1901@yahoo.com,Noel,Andrews,,179-524-2187,Santee,United States,51809,Florida,155 Fredson,1997-05-05,1084
crmid:9448050560,akita1890@yahoo.com,Clinton,Doyle,,802-660-5649,Monterey,United States,73169,Idaho,1167 Truby,1992-04-13,2419
crmid:6121696796,cudden1880@yandex.com,Rochel,Lindsey,female,928-895-4213,Duncanville,United States,88499,Ohio,1151 Dutch Windmill Access,1956-07-17,2184
crmid:4628261159,barit2061@yahoo.com,Carlos,Ingram,,632-150-9624,Kalamazoo,United States,38630,Utah,42 Ironwood,1976-06-29,2376
