crmid,email,first_name,last_name,gender,mobile telephone,city,country,zip,state,street address,birthday,historicalpoints
crmid:2859197760,dismember1809@yandex.com,Kyoko,Horn,female,260-991-0713,El Mirage,United States,94402,Utah,93 Timothy Pflueger,1958-05-14,1217
crmid:5736754787,fastening1988@gmail.com,Bethann,Cotton,female,300-618-2673,Edmond,United States,09877,Ohio,59 Nebraska,1958-01-07,1351
crmid:5381006784,dumper1825@yandex.com,Byron,Mcneil,,408-997-1766,Milwaukee,United States,78585,Georgia,118 Benton,1991-12-21,1781
crmid:3128252114,amphigory1912@yandex.com,Kirby,Nelson,,749-942-2561,Rock Hill,United States,53431,Iowa,934 Goleta,1977-01-15,2803
crmid:5477927413,griffin2049@yahoo.com,Shelton,Reed,male,074-188-8989,Canton,United States,53407,New Mexico,24 Delano,1944-09-24,2766
crmid:7713439942,crab1999@live.com,Leonel,Bailey,,061-664-3221,Leesburg,United States,65694,Massachusetts,728 Central Magazine,1982-10-28,2481
crmid:2790577224,apatosaurus1800@gmail.com,Jefferson,Hebert,male,585-086-5336,Asheville,United States,20058,North Dakota,267 Bepler,1934-05-13,2356
crmid:2883395684,brydges1837@yandex.com,Hayden,Griffith,male,792-317-0669,Blaine,United States,28525,Michigan,650 Joice,1939-05-12,2878
crmid:3493674079,neanderthal1911@outlook.com,Dee,Rogers,,432-877-3530,Vincennes,United States,83147,Utah,1084 Waverly,1971-03-11,1571
crmid:9855492746,bateau1885@outlook.com,Ismael,Rice,,642-464-6669,Winston-Salem,United States,62796,New Hampshire,1187 Jones,1966-12-23,1566
crmid:9398993148,absit1984@live.com,Will,Morales,,604-242-6796,Irving,United States,01548,Mississippi,151 Balhi,1975-01-27,1708
crmid:6819334367,culet1963@yahoo.com,Kurtis,Ferrell,male,715-750-2409,Appleton,United States,62760,Nebraska,612 Edgardo,1933-11-11,1639
crmid:1675841623,martensitic2032@yandex.com,Palmer,Kemp,,957-722-1177,Springdale,United States,82542,Indiana,1132 Sagamore,1967-05-18,1688
crmid:4031147204,phalaropodidae1995@live.com,Burt,Cross,,080-453-4451,Salem,United States,44028,Iowa,1316 Vine,1985-08-14,1337
crmid:8261968251,anilinophilous1878@yandex.com,Erick,Mccall,,915-414-1528,Lynn,United States,08514,Georgia,1018 Villa,1985-01-17,1338
crmid:6749069480,caelum1862@live.com,Wilbert,Bray,male,964-447-4468,Atlantic City,United States,59366,South Carolina,896 Jack Micheline,1934-10-04,2245
crmid:5594419916,aborter1843@yandex.com,Donnie,Knight,male,891-365-2874,Ridgeland,United States,09120,North Carolina,356 Valdez,1937-11-30,1553
crmid:2774276278,prophecy2054@gmail.com,Elvin,Compton,,249-990-8661,Los Altos,United States,90611,Texas,939 Julia,1984-06-03,1732
crmid:1809552875,comprehensibly1844@outlook.com,Londa,Fowler,female,059-497-0620,Charleston,United States,92310,Kentucky,995 Ophir,1946-06-10,497
crmid:2741036710,unframeable1862@outlook.com,Terrell,Booth,,597-104-9318,Niagara Falls,United States,74107,Colorado,340 Vinton,1997-12-30,876
crmid:6666286660,undermined2006@outlook.com,Owen,Barnett,,924-974-0329,Huntersville,United States,61718,Arizona,182 Wilmot,1973-11-26,1065
crmid:2089794940,lanson2053@yandex.com,Sammie,Clark,,609-348-7523,Pittsburg,United States,37770,North Carolina,1367 Emmett,1970-12-07,2344
crmid:3475796877,costectomy1867@yandex.com,Jeffry,Lancaster,,491-028-4922,Gallup,United States,41226,Missouri,207 Penny,1965-07-11,1324
crmid:2595259597,patrial1883@outlook.com,Salome,Fisher,female,201-819-5033,Yakima,United States,98894,North Dakota,336 Gaiser,1961-12-30,367
crmid:7928277786,phlegmier1952@yandex.com,Kraig,Turner,,162-890-2215,Visalia,United States,46583,Alabama,766 Crescent,1984-02-21,1639
crmid:9548383806,oxides1937@yandex.com,Ethan,Jenkins,male,303-394-8304,Bourbonnais,United States,16352,Wisconsin,153 Ora,1940-04-15,1886
crmid:8426717388,gerbil2037@yahoo.com,Normand,Ball,,453-071-1817,Mount Vernon,United States,21247,Washington,1372 San Ramon,1994-05-17,503
crmid:7455859754,profiler1986@outlook.com,Timmy,Church,male,486-145-8165,Webster Groves,United States,97116,Oregon,1346 Music Concourse Access,1995-11-04,1125
crmid:6988413781,concertizes1939@yandex.com,Billie,Nguyen,male,844-245-0256,Burleson,United States,02589,Nebraska,843 Sal,1943-01-21,1901
crmid:2142298822,unsacrificial1944@live.com,Emile,O'neal,,129-680-5871,South Burlington,United States,42014,Wyoming,368 Key,1987-09-09,1638
crmid:7595092560,nervimuscular2057@outlook.com,Brendan,Sullivan,,486-704-7489,Olive Branch,United States,52205,North Carolina,925 Johnstone,1999-05-10,1546
crmid:2049493155,bethlehem1904@outlook.com,Shizue,Mcdaniel,female,120-834-4442,Dublin,United States,76475,Wisconsin,524 Gates,1956-12-30,637
crmid:7055817586,ebbman2020@gmail.com,Carli,Beach,female,465-086-1947,Culver City,United States,80069,Alaska,1393 Portola,1952-02-02,1261
crmid:7650583841,biologists1996@live.com,Fred,James,male,306-632-1734,Buffalo Grove,United States,72489,Missouri,93 Mammon,1942-10-07,2197
crmid:4274390997,gooses2058@gmail.com,Preston,Golden,male,599-213-3927,Opelika,United States,98461,North Carolina,1201 Mariner,1931-08-11,2419
crmid:5925212474,methylacetanilide1999@yandex.com,Cody,Barker,female,600-148-4750,Douglas,United States,80133,Alabama,192 Islais,1955-02-02,2472
crmid:9474613895,unprofaned1915@outlook.com,Sergio,Randall,,917-864-7272,Moore,United States,69675,Oklahoma,879 Guttenberg,1992-11-07,1680
crmid:5799620759,bhutia1999@outlook.com,Quintin,Foley,,049-163-6561,Lakeland,United States,32645,Pennsylvania,19 Oscar,1980-05-27,1722
crmid:8138673238,heathrman1947@live.com,Harry,Blackburn,male,548-627-5568,Plainview,United States,10370,North Carolina,1270 Maryland,1944-04-03,2859
crmid:4519982337,legmen1971@yandex.com,Ben,Fuller,male,335-504-1260,Boulder,United States,06138,Mississippi,1145 Norton,1940-01-10,2480
crmid:3067453137,damil1869@yahoo.com,Tatum,Golden,female,901-205-0140,Fair Lawn,United States,43487,Idaho,171 Bruce,1960-08-11,605
crmid:2500178171,arteries1809@yahoo.com,Stacey,Avila,,881-359-4310,Lynnwood,United States,29509,Hawaii,715 Arbol,1985-05-30,755
crmid:6859706685,cheetah1947@yandex.com,Emerita,Goff,female,273-556-1919,Chanhassen,United States,16222,Virginia,730 Crestline,1946-03-11,2251
crmid:3123333056,massekhoth2002@gmail.com,Hyman,Conrad,,573-950-0310,Glendora,United States,61826,Illinois,401 Conrad,1966-11-26,481
crmid:9111031730,alegre1880@live.com,Truman,Benson,,787-383-3985,San Bernardino,United States,34541,West Virginia,24 San Juan,1980-07-14,2570
crmid:2947228979,aberrant1968@yahoo.com,Edgardo,Harmon,,523-618-5853,Norwich,United States,62212,Michigan,450 Franconia,1999-11-10,1655
crmid:5398150364,calinda2050@outlook.com,Nicholas,Durham,,793-548-4844,Searcy,United States,48825,New York,302 San Miguel,1990-01-26,1435
crmid:8572320901,barmecide1813@live.com,Matha,Huff,female,687-127-7711,Vicksburg,United States,13359,Alaska,436 De Long,1951-06-15,1363
crmid:4852160528,whammo1881@gmail.com,Valentine,Kelly,female,316-316-3956,Edmonds,United States,57170,Oregon,1233 Country Club,1958-09-16,515
crmid:4830937668,plote1855@live.com,Keven,Villarreal,,741-729-4764,Lumberton,United States,35341,Wisconsin,901 Butte,1985-06-29,2389
crmid:3365110037,tupelo1822@yandex.com,Chang,Bullock,male,665-890-8303,West Bend,United States,01242,Florida,530 Wayland,1939-02-04,2029
crmid:8611018241,fagottino2068@live.com,Deon,Holcomb,,381-973-9866,Highland Village,United States,06994,Nebraska,749 Riverton,1971-02-23,690
crmid:8521258133,hereinabove1817@outlook.com,Morris,Pollard,,761-489-1055,Kearny,United States,41757,Arizona,1319 Rex,1976-08-02,417
crmid:7215836665,cyprus2069@yandex.com,Jonelle,Hopper,female,842-873-7142,Edmond,United States,21824,Louisiana,726 Keith,1958-04-14,1714
crmid:7004672846,culinary2070@yandex.com,Gregory,Pratt,,666-050-5299,Redwood City,United States,32021,North Dakota,1282 Harrison,1969-11-10,1437
crmid:5424919308,heptarch1987@yahoo.com,Dominic,Guerrero,,288-993-1744,Pleasanton,United States,46212,Mississippi,532 Alta Mar,1991-07-21,2970
crmid:7815647702,displayer2040@outlook.com,Nathanael,Cannon,male,399-957-6191,Vista,United States,70186,Oklahoma,372 Muir,1930-07-05,800
crmid:1743147540,bloodiest1970@yandex.com,Maria,Dillon,male,913-041-4103,Carrollton,United States,31077,Missouri,727 Don Chee,1944-07-08,1797
crmid:1098072377,queenweed1834@outlook.com,Chante,Woods,female,988-111-3548,Portage,United States,60851,Nevada,989 Forest Hill,1952-02-28,1098
crmid:1698729585,counts1962@yahoo.com,Maximo,Gonzales,,470-633-3631,Forest Park,United States,79032,Utah,569 Mabini,1962-04-08,516
crmid:1535364004,ablaze1890@gmail.com,Keenan,Fox,,357-030-7291,Livonia,United States,64021,Minnesota,639 Liggett,1983-11-29,2980
crmid:3861458844,cortina1926@yahoo.com,Ambrose,Webster,male,759-780-6950,Brunswick,United States,09627,Oklahoma,3 Diamond Heights,1942-01-30,717
crmid:3369918371,bengalic1917@yahoo.com,Nick,Cooley,,971-682-7673,Norwich,United States,63578,Ohio,401 Quincy,1999-11-18,1301
crmid:4890550852,analyst2067@outlook.com,Cedrick,Curtis,,791-494-0163,Findlay,United States,91907,Arkansas,63 Treat,1962-11-04,682
crmid:2435408031,converse1996@gmail.com,Jessi,Miles,female,772-740-6580,Cerritos,United States,28879,Alabama,1185 Clara,1946-04-20,765
crmid:2759478841,embittered1904@outlook.com,Kandra,Foreman,female,195-491-4854,Topeka,United States,87629,Ohio,420 Innes,1955-12-21,1468
crmid:1278179699,chemoreceptor1932@live.com,Boyd,Short,,748-436-9345,Montclair,United States,67209,West Virginia,184 Ingleside,1992-12-31,840
crmid:4992674440,bilbo1916@live.com,Kory,Boone,,725-165-7914,Provo,United States,82853,New York,466 Newton,1966-01-28,1235
crmid:3114143418,angostura1948@outlook.com,Kenton,Walters,male,706-411-0293,Bridgeport,United States,39727,Alaska,1340 Colin,1941-06-30,1365
crmid:2630421821,poetess2070@yandex.com,Daryl,Parrish,,503-338-6822,Scarsdale,United States,64417,Connecticut,780 Union,1992-04-14,1040
crmid:6356262408,cyrenaic1876@gmail.com,Bertram,Mitchell,,795-543-7346,Wildwood,United States,90390,Alabama,305 Sutter,1980-01-24,707
crmid:9948239361,adcox1845@live.com,Dennis,Palmer,female,765-200-1410,Columbia,United States,51466,Colorado,1352 Essex,1949-10-28,2543
crmid:5507060930,scythed1976@gmail.com,Walter,Moreno,,994-094-7278,Howard,United States,69880,Tennessee,1284 Young,1973-11-14,2183
crmid:4421239710,nontarred1939@yandex.com,Khadijah,Rutledge,female,324-226-6470,Wilkes-Barre,United States,28678,Oregon,703 Josiah,1955-11-09,2577
crmid:6128548268,imbellic1846@yahoo.com,Margurite,Vazquez,female,050-395-5391,Durango,United States,36910,Arkansas,72 Twin Peaks,1956-06-29,1336
crmid:8919074817,referencing1911@outlook.com,Neoma,Rollins,female,206-159-4719,Redlands,United States,16382,Washington,249 Jerrold,1953-11-25,600
crmid:2872884912,uncolourable1911@yahoo.com,Darrell,Rollins,,601-622-5324,Plant City,United States,79904,Florida,456 Letterman,1976-02-24,1557
crmid:4461771141,arcus2055@gmail.com,Sanford,Mooney,male,817-349-2394,Poughkeepsie,United States,06059,New York,349 Dorland,1940-09-20,2847
crmid:9787866827,tinkle1945@yandex.com,Elois,Goodman,female,565-549-7061,Claremore,United States,11256,North Carolina,1146 Erkson,1948-03-12,359
crmid:6593418398,decries1804@yahoo.com,Fritz,Conley,,352-433-2138,Sayreville,United States,95202,Michigan,19 Marne,1994-05-04,2812
crmid:1692239160,drench1934@gmail.com,Douglas,Mendoza,,389-217-3209,Midwest City,United States,22109,Texas,217 Islais,1990-05-15,2947
crmid:8419789241,metatarsi2039@outlook.com,Hyman,Clay,,199-060-2993,Glen Ellyn,United States,78528,North Carolina,960 Saint Charles,1966-02-17,414
crmid:7925396812,riced2028@yandex.com,Dwight,Perry,,098-085-0737,Prior Lake,United States,54169,Idaho,338 Esmeralda,1982-03-22,2706
crmid:6732560598,fidelia1821@live.com,Michel,Newton,,943-782-5914,Miami Gardens,United States,74494,South Dakota,1091 Beach,1990-05-15,814
crmid:3750992155,basnet1885@outlook.com,Kaylene,Todd,female,341-740-9477,Decatur,United States,25134,Georgia,873 Tamalpais,1953-05-29,2557
crmid:7555128889,aliyos2019@yandex.com,Salvador,Bernard,,889-857-1748,Loves Park,United States,64708,Kentucky,530 Rayburn,1984-11-21,956
crmid:3595279307,pulsific2012@outlook.com,Andy,Mathis,,400-361-8401,Lemoore,United States,89306,Pennsylvania,476 Pollard,1982-08-30,1959
crmid:9820034958,sooners1979@yahoo.com,Royce,Lowe,,785-099-1859,Memphis,United States,71674,Maine,719 Ellsworth,1989-01-05,1768
crmid:6913227785,collaborationists1954@yandex.com,Johnathon,Bentley,male,590-543-3040,Bonney Lake,United States,36346,Tennessee,1179 Cambon,1940-05-02,1998
crmid:9412297779,splay1936@live.com,Oren,Spencer,male,907-363-4062,Pleasant Grove,United States,04429,Connecticut,620 San Luis,1931-07-28,2176
crmid:8651622345,coward2039@gmail.com,Arron,Kelly,,315-973-9392,Homer Glen,United States,47494,Maryland,1083 Dickinson,1972-08-13,458
crmid:2277927409,auricularia1900@yahoo.com,Bree,Schmidt,female,881-365-0485,Colton,United States,09918,Washington,739 Flounder,1949-01-26,2828
crmid:4336321739,smackers1930@gmail.com,Josiah,Sanders,,363-643-8046,Nacogdoches,United States,36375,Wisconsin,74 Mabini,1995-07-30,2193
crmid:2150721269,divergence2044@yandex.com,Jannet,Roach,female,332-471-1641,Collierville,United States,21521,Nevada,903 Lenox,1949-04-25,2071
crmid:6250367830,eurytropic1936@yahoo.com,Reid,Vincent,,212-137-2101,Marshall,United States,78369,Washington,341 Jasper,1987-12-23,2739
crmid:8069546080,quasijudicial1866@live.com,Lee,Fuentes,,073-396-7851,Ferndale,United States,62132,Maryland,232 Bella Vista,1962-10-18,1360
crmid:4262788214,codebreaker1911@gmail.com,Derrick,Dalton,,348-459-9133,Morgantown,United States,37105,Indiana,158 Panama,1993-06-04,2748
crmid:8004351253,cancerated1986@live.com,Marhta,Young,female,873-525-6430,Sand Springs,United States,59694,Mississippi,223 Sabin,1997-04-28,1372
crmid:1210726841,periappendicitis1858@yahoo.com,Ray,Witt,,639-011-2831,Indian Trail,United States,22891,Michigan,645 Jules,1974-05-28,2282
crmid:1027032828,culch1924@yandex.com,Tommy,Fischer,,966-772-3609,High Point,United States,97058,Vermont,126 Hidalgo,1971-01-24,2165
