id,crmid,propensity_room_upgrade,propensity_extended_nights
orderid:125104,crmid:8154152004,5,5
orderid:584198,crmid:1337196067,6,5
orderid:324805,crmid:3184689396,3,4
orderid:374943,crmid:4100854634,7,3
orderid:721683,crmid:5682930171,4,4
orderid:466309,crmid:1288838517,4,6
orderid:482877,crmid:3793205684,3,4
orderid:286088,crmid:6451051817,6,2
orderid:520620,crmid:5622037427,3,4
orderid:216889,crmid:7132585617,7,4
orderid:899731,crmid:4833701414,3,3
orderid:769441,crmid:6984361055,4,8
orderid:218238,crmid:6383772730,4,3
orderid:235379,crmid:5284167305,5,5
orderid:257100,crmid:1419738337,3,4
orderid:949274,crmid:1702330481,5,5
orderid:622032,crmid:5159365797,5,5
orderid:218162,crmid:5572801500,4,4
orderid:848638,crmid:1738703992,8,3
orderid:862391,crmid:6598533526,5,4
orderid:678767,crmid:2643748187,4,4
orderid:520929,crmid:1587555925,5,5
orderid:274159,crmid:5528917481,2,9
orderid:927594,crmid:2130252475,5,4
orderid:323634,crmid:9319424951,4,3
orderid:900640,crmid:7664670824,4,5
orderid:463174,crmid:3202806432,4,5
orderid:709133,crmid:4005998541,3,3
orderid:227449,crmid:9890150093,6,3
orderid:575529,crmid:9431892766,5,4
orderid:887569,crmid:1481846413,5,2
orderid:960879,crmid:8356716055,6,5
orderid:271262,crmid:5868805569,4,6
orderid:702445,crmid:7879116083,5,4
orderid:768972,crmid:7082786065,4,2
orderid:458160,crmid:2607682530,4,4
orderid:199960,crmid:1128681214,8,5
orderid:254480,crmid:1140497564,4,5
orderid:387130,crmid:4433028718,3,4
orderid:100879,crmid:1179208325,7,6
orderid:321594,crmid:3831099473,5,3
orderid:412875,crmid:4856389417,3,1
orderid:808534,crmid:6758574429,4,4
orderid:111523,crmid:8993337048,3,2
orderid:223273,crmid:2045743878,9,1
orderid:853549,crmid:9661735362,3,3
orderid:331305,crmid:5451664104,5,5
orderid:752739,crmid:5319195803,4,3
orderid:583879,crmid:8290548403,4,5
orderid:282754,crmid:6801583490,4,3
orderid:490568,crmid:3254483942,4,4
orderid:176090,crmid:2316822368,3,3
orderid:114952,crmid:3015386156,9,7
orderid:710311,crmid:2655000213,3,5
orderid:796606,crmid:6566602595,3,4
orderid:593962,crmid:2096397593,3,4
orderid:953265,crmid:4436149785,4,4
orderid:605813,crmid:2427421771,4,8
orderid:844651,crmid:3949234984,5,4
orderid:266853,crmid:3276925741,4,5
orderid:224060,crmid:2657418762,5,5
orderid:408941,crmid:1475618234,7,4
orderid:797840,crmid:6121578710,5,7
orderid:895384,crmid:1349842940,4,5
orderid:251480,crmid:4318634125,2,3
orderid:462824,crmid:6505047862,5,3
orderid:335516,crmid:3481755251,7,5
orderid:102184,crmid:7453451534,5,3
orderid:290717,crmid:7810125825,4,5
orderid:203643,crmid:7629819961,5,3
orderid:437976,crmid:8203703559,9,3
orderid:552925,crmid:4923732640,8,3
orderid:898203,crmid:2268905555,7,4
orderid:386748,crmid:6069513119,5,4
orderid:675749,crmid:4004118420,3,4
orderid:805949,crmid:5567199840,4,4
orderid:360592,crmid:4510300744,9,4
orderid:686886,crmid:2557346643,5,4
orderid:452886,crmid:8218681915,6,4
orderid:466143,crmid:6061134985,5,3
orderid:188492,crmid:1899630188,7,6
orderid:991506,crmid:4341416086,6,3
orderid:257665,crmid:3398725344,6,4
orderid:808257,crmid:9993244571,5,4
orderid:325890,crmid:6754476800,3,5
orderid:306220,crmid:2522155577,3,5
orderid:495398,crmid:7316685188,4,6
orderid:996094,crmid:2560875050,4,5
orderid:982710,crmid:2220006046,2,6
orderid:497125,crmid:6365140002,6,6
orderid:841692,crmid:1474362684,6,3
orderid:149355,crmid:8838982807,4,3
orderid:852710,crmid:2178087252,3,2
orderid:966530,crmid:1198153393,5,5
orderid:136686,crmid:8116528844,4,3
orderid:294915,crmid:7983126986,5,5
orderid:977124,crmid:4842767959,4,3
orderid:641327,crmid:2877243940,8,5
orderid:451859,crmid:9857021012,5,5
orderid:481373,crmid:7031454057,4,5
orderid:768300,crmid:8812311591,5,5
orderid:548321,crmid:8875454048,3,4
orderid:388082,crmid:2819153617,4,4
orderid:950466,crmid:6026084114,3,3
orderid:500214,crmid:6950660202,5,4
orderid:323861,crmid:3908888285,4,5
orderid:279270,crmid:7993163568,4,5
orderid:201671,crmid:7083109466,4,5
orderid:893788,crmid:7925579339,3,4
orderid:395749,crmid:1206894389,4,3
orderid:411538,crmid:7416211194,4,6
orderid:935869,crmid:8267590983,6,4
orderid:261766,crmid:4899017082,2,4
orderid:510050,crmid:9785707836,9,4
orderid:991812,crmid:1123697814,6,5
orderid:966185,crmid:8314575984,5,7
orderid:713292,crmid:8366557668,4,3
orderid:450779,crmid:9823584261,5,4
orderid:451334,crmid:5762965198,7,3
orderid:417888,crmid:7470361762,4,6
orderid:227914,crmid:1169628850,3,4
orderid:192405,crmid:7385805573,2,5
orderid:318598,crmid:3124694147,3,5
orderid:490407,crmid:1487977913,1,4
orderid:806137,crmid:3950737179,6,3
orderid:117793,crmid:5615877770,4,6
orderid:886193,crmid:9426832606,5,4
orderid:403721,crmid:8016285171,5,4
orderid:794498,crmid:2355830014,4,5
orderid:488902,crmid:5934343130,4,8
orderid:982770,crmid:4395809586,5,4
orderid:106693,crmid:9026332297,10,3
orderid:652562,crmid:6339070089,4,4
orderid:221408,crmid:4890503625,5,5
orderid:477771,crmid:6527440230,3,3
orderid:466442,crmid:7857017064,4,5
orderid:706894,crmid:3690910347,5,4
orderid:842388,crmid:4502786523,3,5
orderid:422600,crmid:1911857765,3,3
orderid:336989,crmid:5079084833,4,3
orderid:903653,crmid:3310209151,5,4
orderid:877695,crmid:9586517842,9,5
orderid:407677,crmid:6290788274,5,1
orderid:674097,crmid:3222527684,7,5
orderid:329342,crmid:3175052850,8,2
orderid:192258,crmid:9442633445,3,3
orderid:175542,crmid:2232733593,6,4
orderid:805279,crmid:3863068952,5,4
orderid:623107,crmid:3638330801,5,3
orderid:783398,crmid:3619999878,3,5
orderid:287183,crmid:8993916041,4,1
orderid:467140,crmid:1193320184,5,4
orderid:322831,crmid:6018340199,4,5
orderid:910847,crmid:8938890525,7,4
orderid:750341,crmid:2462215401,4,4
orderid:171310,crmid:1820347651,4,4
orderid:510577,crmid:8690711405,3,8
orderid:992651,crmid:6821935865,5,5
orderid:551611,crmid:4719702304,3,3
orderid:354176,crmid:5082950680,2,4
orderid:761218,crmid:5586373907,8,3
orderid:987587,crmid:1694506879,3,5
orderid:224123,crmid:9284120851,5,2
orderid:262317,crmid:2030033528,3,9
orderid:996925,crmid:2334320252,10,4
orderid:508910,crmid:9945123307,2,4
orderid:310082,crmid:4431454348,4,4
orderid:539079,crmid:4112712580,4,4
orderid:974487,crmid:5488841383,5,4
orderid:384067,crmid:6914922090,1,3
orderid:638223,crmid:3611615181,5,7
orderid:257696,crmid:5367892511,4,5
orderid:369032,crmid:9474434269,3,5
orderid:181938,crmid:2752116577,7,4
orderid:132706,crmid:4601285397,6,4
orderid:419276,crmid:7672493893,3,4
orderid:727125,crmid:6374528025,4,3
orderid:787177,crmid:9311558860,3,4
orderid:559121,crmid:7225072336,4,7
orderid:594155,crmid:2459256958,5,2
orderid:491543,crmid:7725603671,8,4
orderid:593153,crmid:2883404332,3,3
orderid:187104,crmid:1350342309,4,4
orderid:779444,crmid:7247874155,4,3
orderid:286953,crmid:3640352308,3,3
orderid:614880,crmid:7122392376,5,3
orderid:174931,crmid:9443131406,2,4
orderid:279923,crmid:9417361010,5,4
orderid:934794,crmid:1143291675,4,5
orderid:564890,crmid:9240603929,6,7
orderid:412932,crmid:4431308827,5,2
orderid:319847,crmid:9623256891,5,2
orderid:614634,crmid:3315636262,5,5
orderid:916562,crmid:6271989068,4,3
orderid:315786,crmid:8081665477,4,4
orderid:198673,crmid:9153876166,3,2
orderid:475986,crmid:1813543473,3,5
orderid:632271,crmid:7065094056,3,4
orderid:647323,crmid:2005347410,3,2
orderid:268123,crmid:2346280406,3,4
