crmid,email,first_name,last_name,gender,mobile_telephone,city,country,zip,state,street_address,birthday,creditrating
crmid:9097218536,sourish1980@gmail.com,Jose,Monroe,,266-303-9345,Suffolk,United States,34730,Minnesota,1382 La Avanzada,1972-12-15,1651
crmid:1948373014,cyanizing2045@gmail.com,Tiffaney,Morris,female,796-923-9345,National City,United States,81650,Delaware,769 Sonora,1995-03-17,2548
crmid:8147483349,antelope1941@outlook.com,Cecila,Cortez,female,772-416-4937,Oregon City,United States,50682,West Virginia,603 Osage,1996-04-03,1583
crmid:3484680094,antelation1979@yahoo.com,Luis,Yates,,838-979-5816,Woodridge,United States,73239,New Hampshire,1135 Miraloma,1968-08-07,845
crmid:7272263696,einkorn1958@yahoo.com,Leonore,Daniel,female,790-728-7817,Deltona,United States,82868,Maryland,306 Sheldon,1954-05-07,2741
crmid:3800343498,babak1856@gmail.com,Scottie,Middleton,,503-389-9414,Garden Grove,United States,86005,Alabama,226 Crestwell,1965-11-23,843
crmid:4744584641,palmetto1967@yahoo.com,Ara,Bartlett,female,515-253-1181,Converse,United States,09335,Delaware,1095 Landers,1950-01-02,1659
crmid:4961905382,argonaut1915@live.com,Joel,Ashley,,687-659-0266,Livermore,United States,42734,Iowa,1276 Margaret,1983-08-12,410
crmid:6038535155,eightsmen1907@yandex.com,Jack,Callahan,,348-950-7237,Haverhill,United States,92881,North Dakota,428 Georgia,1970-10-07,2488
crmid:3644747802,visionariness2057@outlook.com,Rolf,Cross,,269-616-2168,Hoffman Estates,United States,25424,North Carolina,1252 Jack London,1972-04-19,1220
crmid:3921920671,lesbians1961@live.com,Chas,Harvey,,472-617-7630,Monterey Park,United States,61204,Florida,753 Lydia,1992-11-20,1490
crmid:4138185818,reinterference1828@yahoo.com,Stevie,Gilliam,male,160-067-0962,Yucaipa,United States,55301,Tennessee,957 Britton,1930-09-11,2561
crmid:5924647922,lifters2039@gmail.com,Clementina,Williams,female,654-943-3003,Deerfield,United States,79846,North Dakota,909 Loomis,1954-12-03,1597
crmid:7292774793,oddballs1835@outlook.com,Sebastian,Steele,,426-239-2133,League City,United States,41569,Oregon,142 Vidal,1981-08-15,2555
crmid:3541436559,dryopians1960@yahoo.com,Oren,Hardy,male,091-220-9536,Bellflower,United States,47677,Tennessee,23 Easement,1937-07-13,1395
crmid:6502220891,peroxid1970@gmail.com,Arnold,Holden,,693-353-2717,New Iberia,United States,21490,Arizona,1156 Massasoit,1996-05-22,315
crmid:8911957070,ditrematous1830@live.com,Jan,Guthrie,,086-046-2888,Peachtree City,United States,93423,Illinois,340 Bonita,1980-04-15,1433
crmid:1774993845,cleancut1850@yandex.com,Lelah,Joyce,female,833-616-4107,Conroe,United States,84708,Michigan,663 Avocet,1950-05-16,447
crmid:9045176844,scourer1914@live.com,Danny,Potter,,610-836-9929,Hanover Park,United States,67381,New Hampshire,459 Morningside,1969-11-23,1103
crmid:1078277954,darkens1881@yandex.com,Leigh,Hampton,,421-486-4539,North Augusta,United States,84031,Hawaii,838 Sherman,1998-11-13,759
crmid:7162204639,cabinda1858@yahoo.com,Angelena,Williamson,female,476-261-2694,Cliffside Park,United States,03147,South Carolina,1285 Gates,1948-01-31,1034
crmid:5400295281,sorest2056@yahoo.com,Geraldo,Vargas,,205-320-8226,Simi Valley,United States,22263,North Carolina,442 South Gate,1965-05-09,1795
crmid:4315000734,stonemason1804@outlook.com,Winford,Velasquez,,748-949-5805,Hutchinson,United States,48725,Oregon,617 Aloha,1974-08-27,517
crmid:7150174061,imper1896@gmail.com,Joaquina,Evans,female,741-156-9230,Easley,United States,89201,Georgia,494 San Lorenzo,1956-04-09,942
crmid:6629601679,struthionine1943@outlook.com,Carey,Miller,,563-705-6346,La Vista,United States,02059,Louisiana,1371 Portola,1979-02-28,2867
crmid:8509354225,agreeable1822@outlook.com,Gilbert,Morales,,287-345-6381,Kankakee,United States,79773,Iowa,284 Beacon,1976-12-29,2474
crmid:6883642624,efficacious1843@outlook.com,Samuel,Contreras,male,291-008-3461,Banning,United States,81589,Colorado,447 Marietta,1936-09-07,2044
crmid:9185592885,abducing1868@gmail.com,Rosendo,Tran,,923-827-5735,Issaquah,United States,26880,Florida,178 Dellbrook,1975-04-15,1628
crmid:6402121579,enchanter2002@outlook.com,Peter,Mercer,,280-744-6501,Green,United States,56377,New Hampshire,809 Conwell,1968-09-13,2072
crmid:2946283605,arracacha1859@yahoo.com,Yen,Buck,female,779-552-9342,Owensboro,United States,92131,Virginia,134 Wildwood,1999-04-18,880
crmid:8645899734,subpatroness2047@outlook.com,Modesto,Cochran,,216-689-1696,Northport,United States,45744,Idaho,103 Taylor,1999-08-20,305
crmid:6463658454,mithraize1964@outlook.com,Emil,Floyd,,820-989-6771,Jeffersonville,United States,78629,Massachusetts,1118 Gateview 2,1975-12-16,1186
crmid:2851923537,lawless1929@gmail.com,Robt,Hebert,male,332-718-5029,Acworth,United States,40976,Colorado,706 Joy,1930-08-13,2798
crmid:9991026608,binits2005@yandex.com,Rogelio,Delgado,,847-796-9048,Missouri City,United States,25224,Maine,117 Peralta,1992-04-02,1976
crmid:9380629589,asians1966@live.com,Jarrod,Le,,156-097-6993,Roswell,United States,96857,Montana,587 Harvard,1975-06-19,633
crmid:4500195653,content2059@yahoo.com,Major,Wolfe,,737-495-9311,Miami Lakes,United States,47433,North Carolina,781 Iris,1990-08-29,2001
crmid:2067101401,throne1852@live.com,Jodee,Chaney,female,746-729-1236,Everett,United States,27617,New Jersey,1397 Burgoyne,1960-04-06,526
crmid:1709545867,silentest1803@live.com,Maurice,Chavez,,237-413-4042,Fremont,United States,07218,Wyoming,814 Alert,1964-01-23,1776
crmid:9515225067,naturalists1923@live.com,John,Maddox,,324-069-0207,Maywood,United States,20331,Maryland,1055 Jackson,1988-05-14,1481
crmid:2683104873,avouch1936@outlook.com,Anton,Livingston,male,155-266-3464,Pittsburg,United States,61513,South Dakota,760 Williar,1944-01-17,2615
crmid:3878782914,findings1967@yahoo.com,Isaiah,Farrell,,638-886-8924,Montclair,United States,09269,Massachusetts,1237 Rodriguez,1992-01-18,1338
crmid:7984823193,rivals1858@gmail.com,Norbert,Phelps,male,817-830-0169,Sugar Land,United States,80791,Oklahoma,478 Curtis,1936-07-23,718
crmid:2686246805,euktolite1880@yandex.com,Rolf,Gentry,,602-203-5018,Kennesaw,United States,80481,Wisconsin,1336 Dunsmuir,1977-07-01,1076
crmid:1759033435,assistant1941@live.com,Jesse,Vance,,541-989-0288,Moline,United States,24346,Louisiana,1235 Saint Louis,1992-05-29,1914
crmid:2667249082,prechecked1913@gmail.com,Bret,Weaver,,225-394-2961,Keene,United States,96159,Vermont,436 Graymalkin,1976-05-22,872
crmid:9381763972,proclaimed1887@yahoo.com,Bo,Hanson,,029-901-7989,Shoreline,United States,74940,Maryland,1295 South Park,1964-08-27,1786
crmid:1951843833,derivedness1904@outlook.com,Buster,Berger,,140-649-4438,Tamarac,United States,73600,North Carolina,420 San Anselmo,1974-12-11,527
crmid:9279813190,refrustrated1971@yahoo.com,Sergio,Shannon,,022-943-4808,Goleta,United States,79648,Massachusetts,688 Stockton,1967-01-20,999
crmid:7489471254,fairish1951@live.com,Fletcher,Decker,,068-577-7645,Midwest City,United States,35296,Maine,1231 Aladdin,1990-06-26,2153
crmid:8692893506,meteorology1920@yahoo.com,Julieann,Church,female,071-980-7029,Ormond Beach,United States,21220,Virginia,301 San Aleso,1956-04-06,915
crmid:4180321810,irradiation1906@yandex.com,Jerry,Maxwell,male,047-041-1726,Zanesville,United States,13293,New Hampshire,131 Hilton,1945-05-18,756
crmid:7736580296,fatidical2019@outlook.com,Hoyt,Duffy,male,451-352-4096,Ashland,United States,72244,Oklahoma,270 Marne,1934-12-09,1168
crmid:2208075948,essed1999@outlook.com,Norman,Cook,male,978-251-3835,Muskego,United States,98504,Texas,1094 Gonzalez,1994-10-18,2794
crmid:7444555317,zimbi2046@gmail.com,Brooks,Santos,,340-739-6551,Tinley Park,United States,86587,Delaware,368 Shotwell,1968-11-12,2687
crmid:2162262560,acephalous1832@gmail.com,Bruno,Haney,,339-190-1038,Mesquite,United States,25008,Iowa,680 Mount,1990-04-21,674
crmid:8986278941,blaze1861@live.com,Jesus,Carver,female,105-262-5402,Dickinson,United States,91416,Alaska,1190 Davenport,1955-04-05,1179
crmid:8776700721,pleonastic2014@yahoo.com,Elmo,Gamble,male,896-449-5011,Anaheim,United States,18728,Utah,73 Juri,1932-03-11,1683
crmid:3447564600,caprice1827@live.com,Leif,Carter,male,447-771-1346,Brookings,United States,36998,Kansas,1390 Pinar,1942-06-05,784
crmid:8494434776,backspace1977@outlook.com,Doyle,Reid,male,439-076-4231,Peekskill,United States,70753,New Hampshire,673 Windsor Mill,1930-03-24,2537
crmid:2215276438,nyctophobia1931@outlook.com,Jamison,Stephenson,,754-388-6039,Fontana,United States,68678,Mississippi,138 Illinois,1962-10-05,2353
crmid:1127439585,crile1887@yandex.com,Romana,Hooper,female,820-373-3833,Elmwood Park,United States,74288,Oregon,756 Hugo,1959-07-14,2876
crmid:4153455358,riotise2028@live.com,Dewayne,Bates,male,135-651-2080,Brentwood,United States,81676,Alabama,776 Cyrus,1941-12-05,1904
crmid:6711927562,koala2056@outlook.com,Don,Kinney,male,393-961-1476,Walnut Creek,United States,78156,North Carolina,665 Northwood,1936-03-16,664
crmid:3149372476,verbigeration1927@yandex.com,Hugo,Kent,,654-565-7179,Surprise,United States,39258,New Mexico,1380 English,1971-05-20,2639
crmid:7210500002,aggies2055@outlook.com,Adolph,Fischer,,687-945-5713,Rahway,United States,47922,New York,1382 Terry A Francois,1986-08-24,1561
crmid:1916047637,backcross1947@yandex.com,Kevin,Barnett,,339-259-7861,Kokomo,United States,54300,Rhode Island,679 La Ferrera,1978-10-10,1784
crmid:8863539114,trimethylmethane1800@gmail.com,Jonah,Gentry,male,481-702-2706,Bethlehem,United States,30804,Washington,1260 Double Rock,1938-05-11,2618
crmid:4499094857,constructor1989@yahoo.com,Russel,Haley,,906-614-7573,Matthews,United States,92237,Utah,800 Castle Manor,1988-11-08,1575
crmid:5342533954,cyclic1891@gmail.com,Lewis,Parrish,male,253-575-6723,Bartlett,United States,30125,Minnesota,1077 Atalaya,1936-06-23,1592
crmid:9766374803,cuttlefish1914@yahoo.com,Doretta,Carson,female,528-434-8721,Daly City,United States,86125,Tennessee,873 Stoneybrook,1952-12-05,1134
crmid:2828867950,eriksson1952@gmail.com,Marion,Huber,male,956-844-8416,Algonquin,United States,30295,Texas,927 Maynard,1931-07-15,1699
crmid:1984284160,intracutaneously1845@gmail.com,Dorian,Jefferson,,202-997-2468,Oshkosh,United States,32109,Montana,1216 Goethe,1978-08-08,1760
crmid:4808277588,toad2014@gmail.com,Quinton,Mckay,,667-735-3819,Lathrop,United States,64850,Nebraska,1058 Rico,1981-10-21,2181
crmid:5170283709,quartern1862@live.com,Joeann,Garrison,female,139-186-3229,White Bear Lake,United States,23611,Missouri,316 Cohen,1958-04-11,2085
crmid:5499656796,basker1946@outlook.com,Donn,Delacruz,,218-499-6006,Lakewood,United States,52162,Maine,244 Holyoke,1980-09-16,882
crmid:6478346212,diagnose2038@live.com,Edwardo,Stewart,,913-292-2816,Gresham,United States,07988,New Jersey,955 Wallace,1968-02-18,1301
crmid:9847194404,amit1903@outlook.com,Porfirio,Rollins,,131-641-2699,New Hope,United States,22046,Wyoming,1257 Garcia,1996-05-18,817
crmid:8126015964,billows2053@yahoo.com,Raymundo,Estes,,728-749-6928,Grand Junction,United States,19629,New York,605 Hallam,1967-03-04,1209
crmid:4818552113,pike1996@outlook.com,Tad,Wong,male,555-994-7230,Battle Creek,United States,56621,Delaware,157 Vallejo,1936-09-21,1625
crmid:4944242132,foraneous1910@outlook.com,Willie,Park,,033-944-2065,Moreno Valley,United States,16649,Alabama,639 Turner,1993-04-18,2879
crmid:6601179163,anthropos1846@live.com,German,Bullock,,434-879-7445,Fredericksburg,United States,01927,Wisconsin,691 Ccsf Parking Lot,1964-02-22,471
crmid:9539976602,reinterference1850@gmail.com,Arturo,Walton,,138-151-4760,Montclair,United States,90600,Connecticut,359 West Clay,1992-07-02,364
crmid:5642115265,crux2043@outlook.com,Maida,Hendricks,female,368-234-3603,Nogales,United States,77739,North Dakota,1088 Jewett,1998-12-07,1467
crmid:1838242345,despiteously2042@outlook.com,Yong,Ferrell,male,678-698-7145,Parker,United States,66565,New Mexico,1374 Irwin,1932-10-09,1002
crmid:4358271337,kloof2005@yahoo.com,Lucas,Ellis,male,819-867-1668,Beaverton,United States,39224,Indiana,1285 Corwin,1937-06-09,913
crmid:8028053624,boomerang1807@yandex.com,Louie,Kaufman,,585-043-7803,Sandy Springs,United States,32380,Alabama,1203 Sunnyside,1970-07-10,2977
crmid:6780003286,stele1974@live.com,Daryl,Sherman,,141-588-6022,Prescott,United States,54964,Florida,1162 Steuart,1990-02-20,1449
crmid:3567749701,rook2031@yahoo.com,Jacquelynn,Dejesus,female,747-069-4331,Denison,United States,92797,New Hampshire,1178 Theresa,1954-04-08,2266
crmid:5466139192,silhouette2045@outlook.com,Max,Peterson,,584-705-8205,St. Joseph,United States,35977,South Dakota,1311 Progress,1975-06-17,1981
crmid:7882602253,churinga1940@yandex.com,Tammara,Wood,female,766-952-6582,Oviedo,United States,91429,Louisiana,552 Tandang Sora,1947-08-31,1375
crmid:9242190262,coconscious1888@yahoo.com,Rana,Johnson,female,614-618-6984,Tustin,United States,14916,Florida,879 Mansfield,1950-07-15,787
crmid:4361289439,spectators2041@yandex.com,Gary,Nelson,female,326-864-0447,Cuyahoga Falls,United States,91249,Mississippi,426 Minnesota,1952-03-21,1087
crmid:6815828870,verisimilitude1892@live.com,Alec,Davidson,male,271-785-5094,Seal Beach,United States,90928,New Mexico,602 Fairfax,1940-01-08,2943
crmid:1279645238,donatistical1930@yandex.com,Matthew,Summers,male,786-527-4475,Tamarac,United States,61317,South Carolina,240 Bartol,1943-12-13,2488
crmid:2141629598,hypergeometry1958@yandex.com,Denae,Lamb,female,765-118-3057,Elk Grove,United States,11437,South Dakota,1067 Alviso,1959-02-17,2404
crmid:1787972185,spent1823@live.com,Venetta,Ayers,female,188-804-2611,East Lansing,United States,54018,Minnesota,18 Ellsworth,1957-09-01,2684
crmid:5975198929,bobbye1989@yandex.com,Brian,Bradford,,121-507-6576,Minnetonka,United States,65509,Texas,1289 New Montgomery,1991-11-30,2765
crmid:2384251110,tabid1927@yahoo.com,Charlie,Hayes,,291-733-7106,Longview,United States,18909,Mississippi,512 Conservatory,1984-03-06,2487
crmid:5323547340,beswick1804@outlook.com,Fidel,Whitfield,male,376-842-2113,Centerville,United States,26503,New Mexico,900 Cashmere,1945-04-20,2051
crmid:9206718814,desmopyknosis2061@gmail.com,Ivan,Alvarez,male,504-153-7187,Brentwood,United States,62906,North Carolina,1047 Brady,1941-11-26,2593
crmid:9410060954,taen1943@yahoo.com,Pete,Mcbride,male,013-589-7882,Allen,United States,84262,Illinois,408 Chenery,1931-08-19,1556
crmid:8361376272,catamenia2042@yandex.com,Alfredia,Wolfe,female,279-183-4401,Everett,United States,79142,Wyoming,243 Castle,1960-01-31,1497
crmid:6287150434,costuming2065@outlook.com,Rachele,Francis,female,524-124-5980,Crest Hill,United States,45551,Utah,617 Rod,1951-07-10,2326
crmid:2067832075,tariff2041@outlook.com,Robby,Beck,,113-926-2977,Shoreview,United States,68448,Oregon,967 The Block,1978-06-16,1749
crmid:6781046611,meanwhile2008@outlook.com,Milton,Hodges,male,858-425-2882,Brooklyn Park,United States,47964,Nebraska,1133 Toland,1942-07-14,980
crmid:3098518004,lawless1960@outlook.com,Charlyn,Nelson,female,457-051-7017,Perrysburg,United States,52066,Minnesota,1183 Petrarch,1996-12-08,468
crmid:5574044008,yak1886@live.com,Santos,Valdez,male,620-710-6355,Sherman,United States,08416,Indiana,92 Sharon,1942-09-29,2246
crmid:6723164391,gooses1970@live.com,Nick,Hayes,male,917-552-0436,Walnut,United States,87464,South Dakota,750 Mary,1933-12-27,1895
crmid:1466741983,darkies2037@gmail.com,Virgil,Riley,male,146-245-1814,San Juan,United States,77794,Idaho,873 Pine,1942-12-19,434
crmid:8111539227,janitors1824@yahoo.com,Leon,Faulkner,,097-771-3430,Gloucester,United States,62292,Virginia,675 Marion,1966-11-30,2185
crmid:1144960494,outbargains1979@yahoo.com,Rodrigo,Waller,,809-669-0916,Maple Grove,United States,23423,Tennessee,1331 Campus,1986-04-10,1520
crmid:4022585965,rhinoceros1947@gmail.com,Barney,Stevens,,174-001-3313,Maple Heights,United States,83486,Maryland,832 Fernandez,1986-07-04,1364
crmid:7542157463,pantheistical1944@live.com,Jules,Kirkland,,088-155-8370,Fort Wayne,United States,28432,Alabama,250 Still,1963-04-08,1974
crmid:6228919507,unmelted1844@outlook.com,Edyth,Garrison,female,264-670-4110,Cincinnati,United States,18509,West Virginia,854 Gerke,1947-03-11,2534
crmid:7839072950,idiosyncrasy2043@gmail.com,Alvaro,Lyons,male,587-139-3440,Barnstable Town,United States,00337,North Dakota,279 Powell,1936-01-18,2550
crmid:8764985973,latuka1998@gmail.com,Anton,Duncan,,642-308-8577,Trussville,United States,65042,Missouri,1341 Starview,1997-06-02,2484
crmid:4979673500,chamois2049@yandex.com,Melia,Aguirre,female,615-160-7801,Chattanooga,United States,70624,Rhode Island,957 Cohen,1946-06-01,1380
crmid:2062957568,shelver1918@yandex.com,Caleb,Hopkins,,079-517-2939,Ramsey,United States,74572,California,278 Redwood,1981-10-31,1357
crmid:1940252334,content1931@yandex.com,Chas,French,,015-532-6631,Tallmadge,United States,83903,Rhode Island,528 Wildwood,1980-07-30,411
crmid:4068486926,assentatory2026@yahoo.com,Julio,Goodwin,,693-752-1738,Greeley,United States,10334,Tennessee,670 Valparaiso,1968-03-20,2152
crmid:8229312582,agonizing2022@yandex.com,Stanley,Heath,,249-819-8789,Oak Forest,United States,51436,Nevada,443 Morse,1994-05-04,2702
crmid:3189032592,thorax2042@yahoo.com,Dylan,Preston,,587-313-2432,Lisle,United States,07613,Washington,762 Selby,1983-01-04,1487
crmid:9078913205,allgood1804@gmail.com,Debera,Erickson,female,283-686-5939,Sylvania,United States,81730,Kansas,812 Adele,1956-02-09,1574
crmid:8484184296,killing1804@gmail.com,Darnell,Montgomery,,426-719-0271,Mattoon,United States,05680,New Hampshire,188 Samoset,1988-01-14,1442
crmid:8278181698,granddada1989@outlook.com,Kory,Caldwell,,426-847-1927,Hurst,United States,86515,Virginia,310 Newell,1974-02-21,1918
crmid:8690133614,tessera1818@gmail.com,Vella,Stephenson,female,129-986-1294,South Gate,United States,18600,Delaware,451 Milton I Ross,1948-09-28,843
crmid:4189406659,andirin1970@yahoo.com,Young,Delaney,,482-936-9984,Jeffersonville,United States,54152,Alabama,955 Masonic,1975-10-17,2196
crmid:6178888439,nonstereotyped1805@outlook.com,Harmony,Terrell,female,339-443-3331,Draper,United States,15788,Nevada,752 Morrell,1955-04-28,1756
crmid:5576482997,spider1857@outlook.com,Deon,Bowman,,062-098-5237,Kiryas Joel,United States,09065,Vermont,1199 Collins,1978-01-02,1404
crmid:3900583128,dotan1951@gmail.com,Bulah,Noel,female,426-864-1082,Cudahy,United States,00801,Arkansas,561 Yorba,1952-01-22,2713
crmid:1192995795,buddie1888@yahoo.com,Johnathan,Boyer,,135-889-3693,Lynchburg,United States,90339,Montana,667 Crestline,1985-05-02,1621
crmid:4561100630,pluguglies2030@yandex.com,Annice,Molina,female,210-034-2468,Elgin,United States,96682,Hawaii,742 Acadia,1958-01-20,1217
crmid:9224928026,aptitude1905@live.com,Merrill,Burch,female,074-239-0215,Colorado Springs,United States,33020,Idaho,52 Shields,1949-06-04,2410
crmid:3967543420,serratospinose1880@yandex.com,Duane,Hahn,male,095-860-8801,Ashtabula,United States,83280,Missouri,860 Vesta,1934-03-12,976
crmid:8793502074,sociables1904@yandex.com,Morgan,Charles,,806-539-2840,Garden Grove,United States,35112,Michigan,116 Ankeny,1965-05-06,2047
crmid:5650522860,crista1980@yandex.com,Aaron,Silva,,992-287-1652,South Jordan,United States,37679,Virginia,1285 Abbey,1977-12-30,1485
crmid:4126467209,gaffe1943@gmail.com,Tijuana,Dudley,female,696-251-3886,Farmington,United States,72397,North Carolina,1331 Mansell,1961-12-17,2690
crmid:5398639611,carlet2013@yandex.com,Lenny,Jordan,,975-128-0004,Racine,United States,62673,Utah,964 Mississippi,1965-04-22,2378
crmid:8129051445,carbonite2065@yahoo.com,Donette,Crane,female,725-084-1286,Chesapeake,United States,12572,North Dakota,1178 C,1946-03-07,558
crmid:8936156793,elephant1828@outlook.com,Lurlene,Dyer,female,172-060-6319,Emporia,United States,87235,Illinois,1022 De Montfort,1959-12-11,2354
crmid:9926975734,akbash1929@yahoo.com,Gearldine,Hopkins,female,928-250-3634,Ennis,United States,64529,Maine,190 Sandpiper Cove,1960-12-06,452
crmid:1162281168,scarcity1869@gmail.com,Luis,Forbes,,375-883-9017,West Des Moines,United States,35430,Alabama,635 Davis,1978-12-17,1110
crmid:7765956609,undiscording2033@outlook.com,Monty,Wolf,,578-927-7064,Grand Prairie,United States,15927,New Jersey,1033 Hicks,1967-03-11,1243
crmid:8279927292,quackster2004@gmail.com,Raymond,Barton,,941-258-5369,Lindenhurst,United States,45408,Illinois,960 Collingwood,1983-08-02,874
crmid:6481222792,snake1855@yandex.com,Aurelio,Holland,,839-791-6506,White Plains,United States,30074,Wyoming,159 Cochrane,1977-02-19,1969
crmid:2386409161,befoam1821@yandex.com,Virgil,Clemons,,402-409-7879,Santa Clara,United States,43451,Arizona,830 Burgoyne,1986-06-21,1887
crmid:3076117039,cavatina1976@yahoo.com,Fidel,Joyce,,018-252-7784,Lauderdale Lakes,United States,32291,Nevada,1389 Amherst,1981-05-06,995
crmid:3297759943,intervallum2056@outlook.com,Lisabeth,Hardy,female,284-741-7118,Fairhope,United States,39793,Missouri,857 Borica,1961-05-13,2897
crmid:9255029309,ch1998@gmail.com,Carl,Hoover,male,928-557-0801,Beverly Hills,United States,94736,Idaho,1049 Transbay Hump,1939-02-14,597
crmid:5241828106,pager2021@gmail.com,Bart,Holden,,091-431-1399,Loves Park,United States,29473,Nevada,242 Ash,1984-04-05,935
crmid:1202616665,dauphine2022@outlook.com,Eugena,Cameron,female,498-653-4505,North Plainfield,United States,19154,Rhode Island,1231 Pink,1999-04-29,439
crmid:1542209796,offside1859@yandex.com,Neil,Hamilton,,216-601-4051,Lansing,United States,82649,Nevada,899 Congo,1980-06-10,906
crmid:9161966920,dabber1915@gmail.com,Christopher,Perry,male,609-750-2120,Pittsburg,United States,97702,South Carolina,40 Tillman,1942-12-04,2647
crmid:7800320740,anthropogony1939@yandex.com,Ross,Santiago,,806-224-5462,New Albany,United States,46057,Iowa,755 Jose Sarria,1995-08-12,1635
crmid:8664295157,bronze2009@gmail.com,Ken,Prince,male,996-781-3863,Billings,United States,39608,New Mexico,362 Berkshire,1939-06-24,2510
crmid:8378191601,persuasibly2039@gmail.com,Hubert,Goff,,912-966-4477,Glen Ellyn,United States,31963,Vermont,747 Saratoga,1966-07-30,553
crmid:2622744414,stizolobium1965@yahoo.com,Jed,Irwin,,245-519-8552,Fort Wayne,United States,34764,Utah,1340 Kiska,1963-05-07,489
crmid:6835724862,cortina2027@live.com,Chun,Rojas,female,170-390-4069,Derby,United States,06698,Illinois,891 Berry,1954-02-25,1810
crmid:2676610407,amused1879@yandex.com,Ying,Williamson,female,278-763-4024,Vicksburg,United States,89991,Kansas,425 Duboce,1952-09-25,1284
crmid:6999690386,ustilaginaceous1966@outlook.com,Paulene,Knight,female,540-520-5098,Encinitas,United States,45681,Connecticut,1066 Rockaway,1959-07-16,2020
crmid:9163801972,billable1994@gmail.com,Luciano,Hamilton,male,469-190-0119,Bartlett,United States,63199,Wisconsin,258 Rosemary,1936-10-12,2367
crmid:3476251088,nonsubject1895@live.com,Leroy,Clements,male,425-373-9779,Shelton,United States,90934,Tennessee,506 Fernwood,1931-12-30,1540
crmid:4054952602,admedial1991@outlook.com,Kymberly,Burt,female,115-972-9079,Rockledge,United States,28160,Louisiana,1397 Dukes,1957-05-04,2178
crmid:8636165551,sanatorium2051@live.com,Danial,Burton,,708-635-9499,Laguna Hills,United States,69779,Delaware,1197 Shafter,1979-11-29,1165
crmid:4207494971,nonfossiliferous2031@yandex.com,Wade,Mcleod,,121-421-5157,Millbrae,United States,23560,New Jersey,198 Geneva,1990-05-07,612
crmid:1046690006,enhancer2003@outlook.com,Preston,Holt,,463-747-4068,University Park,United States,63246,Nevada,816 Rincon,1980-09-09,441
crmid:7488990677,incunabulist1947@outlook.com,Raphael,Moran,,800-478-0562,Lubbock,United States,56492,New Jersey,272 La Grande,1985-09-27,423
crmid:4151776894,bedlamps1934@yahoo.com,Justin,Mills,male,036-680-7942,New London,United States,06668,Kentucky,71 Galvez,1996-01-26,1078
crmid:6980508808,micronuclear1905@yahoo.com,Breana,Hogan,female,685-143-0946,East St. Louis,United States,64926,Colorado,332 Windsor,1957-10-02,2216
crmid:3499189874,colon1933@yahoo.com,Janella,Richardson,female,010-246-4938,Woodland,United States,19717,California,1131 Colby,1955-04-24,560
crmid:9768220269,rattlesnake1944@outlook.com,Denny,Morin,,365-842-3404,South Salt Lake,United States,32863,Maine,1230 Maywood,1972-05-14,1213
crmid:7285888416,exogen1954@gmail.com,Donte,Bentley,,043-862-9156,Spanish Fork,United States,62666,Wyoming,127 E,1968-02-22,2146
crmid:3760015366,sawer1929@gmail.com,Glenn,Leonard,female,996-893-9661,Coronado,United States,99756,Florida,1159 Lakewood,1951-12-31,2050
crmid:8792772165,filamentiferous1932@yandex.com,Adena,Newman,female,245-360-0512,East Orange,United States,01842,California,783 Vicksburg,1957-01-21,1097
crmid:1985749524,criminol2030@gmail.com,Winford,Torres,,991-601-6040,Parker,United States,89238,Arizona,1116 Russ,1968-04-15,2506
crmid:6460604748,dewberry2062@live.com,Dwight,Gardner,male,849-724-2391,Brownsburg,United States,14774,Alabama,1365 Prentiss,1942-03-11,2009
crmid:7229970309,proteides1842@yandex.com,Murray,Estes,,406-531-4723,Fort Worth,United States,20488,Colorado,1380 Sherwood,1963-05-08,2060
crmid:1134402028,cuarenta1999@yandex.com,Hubert,Fisher,,995-456-2343,St. Charles,United States,38892,Idaho,798 Lendrum,1976-05-26,2136
crmid:1060868896,geology1944@gmail.com,Kareem,Campbell,,840-361-2547,Upland,United States,24871,Louisiana,851 Kern,1962-09-13,365
crmid:1931374493,basenji1913@yahoo.com,Granville,Frank,male,047-499-8615,West Valley City,United States,03221,New York,888 Stonecrest,1931-04-10,2427
crmid:4163925110,aurevoir2062@yahoo.com,Heriberto,Dawson,,558-605-0033,Forest Park,United States,33823,Tennessee,1069 Tevis,1962-06-23,1142
crmid:2506512119,cytoblast1930@outlook.com,Tu,Whitaker,female,444-951-8630,South Plainfield,United States,85525,Utah,584 Portal,1949-09-17,1285
crmid:8206786229,inkmaking1886@live.com,Santo,Rojas,male,708-621-0163,Pico Rivera,United States,07617,California,1073 Greenspring,1933-09-25,2997
crmid:8936926004,coronet1840@yandex.com,Coletta,Stephenson,female,297-305-2745,El Centro,United States,06686,New Mexico,938 Bartol,1958-02-28,1297
crmid:4444012608,architeuthis1992@yandex.com,Tory,Wilkinson,,665-497-0215,South Burlington,United States,32789,Louisiana,13 North Hughes,1975-09-10,1035
crmid:2499936666,nonsubject1814@live.com,Erwin,Buckley,male,777-882-3446,Beverly Hills,United States,19960,Wisconsin,1105 Westgate,1939-04-04,767
crmid:3575275264,legmen1831@yahoo.com,Dave,Pittman,male,912-378-2940,Atwater,United States,12091,Indiana,745 Chumasero,1934-03-23,606
crmid:2794646918,antiquarian1912@yahoo.com,Elias,Joyner,,677-452-2442,Grapevine,United States,12439,Iowa,432 Zoo,1967-03-02,1344
crmid:6577379394,spermatovum1938@outlook.com,Jamel,O'donnell,,569-467-6214,Harrison,United States,95112,North Dakota,555 Vandewater,1970-09-26,2665
crmid:1126820482,counterdistinct1864@yandex.com,Vaughn,Irwin,male,700-054-8156,Allentown,United States,85964,Georgia,697 Crestlake,1931-10-27,2329
crmid:2193534367,nonesthetic1993@outlook.com,Marya,Stephenson,female,007-444-1955,Patterson,United States,53858,Tennessee,121 Bertie Minor,1999-04-12,2993
crmid:1211190191,ungambolled1803@yandex.com,Louie,Harrell,male,620-661-3160,Mundelein,United States,60370,South Carolina,597 Sargent,1994-11-30,664
crmid:1179843586,coleridge1832@yandex.com,Roberto,Shaw,,837-700-8469,Horn Lake,United States,64674,Illinois,129 Sycamore,1973-10-19,3000
crmid:8496814397,eleonorite1870@outlook.com,Troy,Leon,,134-965-8719,Logansport,United States,50255,Florida,311 Del Sur,1983-09-24,519
crmid:3001200837,cyrenaic1949@outlook.com,Edwin,Rasmussen,male,501-340-5367,Tracy,United States,07525,Alabama,554 Dewey,1933-03-24,1236
crmid:6162116672,goodwill1960@live.com,Cletus,Knapp,,661-050-9361,York,United States,52314,Massachusetts,1383 Cashmere,1997-08-08,2840
crmid:9576398521,bondon1829@outlook.com,Minna,Gay,female,877-462-2576,Deerfield,United States,37574,New Mexico,1333 Richards,1954-06-11,1729
crmid:1160872148,dustbox1880@yahoo.com,Harold,Bowers,male,175-798-6376,Akron,United States,70211,Washington,1288 Plaza,1930-12-08,2214
crmid:9013699669,pourer1997@live.com,Oneida,Pena,female,531-017-5286,College Station,United States,56035,Michigan,353 Hancock,1949-10-13,2353
crmid:1153195201,cascarilla2050@live.com,Billy,Hoover,,661-811-5787,Stow,United States,27644,New York,1384 Linda,1965-07-25,2842
