crmid,email,first_name,last_name,gender,mobile telephone,city,country,zip,state,street address,birthday
crmid:4494932827,restatement2029@outlook.com,Darnell,Mcconnell,,968-177-6712,Galveston,United States,18058,Texas,1094 Ross,1965-04-22
crmid:5478846269,periappendicitis1934@gmail.com,Calista,Flynn,female,485-493-3347,Clemmons,United States,00248,North Dakota,644 Piper,1948-01-10
crmid:4530367847,continuingly2009@yandex.com,Clement,Lane,male,663-380-2233,Urbandale,United States,05896,Rhode Island,713 Central,1939-02-17
crmid:7697524459,overhumanizing1882@live.com,Vance,Pratt,,759-710-7926,Simi Valley,United States,48935,New York,332 Zampa,1986-05-13
crmid:9433110302,donned2032@yahoo.com,Nestor,Kane,male,922-548-4935,Bergenfield,United States,94266,Massachusetts,571 Silverview,1938-11-14
crmid:6413623278,equivocal2063@yahoo.com,Franchesca,Hyde,female,445-417-9344,Pullman,United States,61496,New York,930 Stern Grove,1994-04-06
crmid:6591195416,unfavourably1864@live.com,Sandie,Sanchez,female,091-969-7037,Cleburne,United States,97410,Hawaii,925 Codman,1948-08-26
crmid:3976218745,barracuda2047@yahoo.com,Anthony,Warren,female,192-936-6153,Coronado,United States,02774,Arkansas,472 Olympia,1951-01-30
crmid:4641018445,married1974@outlook.com,Melvin,Hansen,male,829-380-1322,Bangor,United States,35969,Tennessee,632 King,1936-07-12
crmid:7014419562,absorbing2006@live.com,Yukiko,Cooke,female,866-817-8938,West Sacramento,United States,16125,Pennsylvania,989 Peek,1954-11-18
crmid:2040884977,zonkey1854@live.com,Sherril,Austin,female,418-011-7720,Fairhope,United States,44094,Georgia,77 London,1961-08-01
crmid:6038490671,capabler1962@yandex.com,Sidney,Castaneda,,053-867-0626,Lumberton,United States,30123,Connecticut,1225 Clara,1985-06-10
crmid:4983049549,eardrum1931@yandex.com,Merrill,Randall,,527-859-1986,Olive Branch,United States,25775,Kansas,701 La Avanzada,1967-06-17
crmid:7700093670,coati1940@gmail.com,Peg,Vincent,female,940-044-0348,Pinellas Park,United States,18578,Arkansas,510 Juan Bautista,1952-10-26
crmid:5004150896,siennas2008@outlook.com,Richie,Woodward,male,776-639-4786,Anniston,United States,45477,South Dakota,291 Madison,1933-08-31
crmid:2154295288,rotted1955@gmail.com,Rex,Singleton,male,603-435-9697,Belmont,United States,84949,Vermont,378 Chancery,1937-08-27
crmid:7082628127,erminia1834@live.com,Dana,Cain,,355-752-8158,Oro Valley,United States,31914,California,846 Mammon,1975-03-05
crmid:5406595709,stirrup1935@outlook.com,Chase,Flowers,,872-535-8336,Santa Barbara,United States,33068,New Mexico,484 Carter,1977-07-12
crmid:7443130265,unfrequentable1814@yandex.com,Casey,Poole,male,096-451-2817,Yonkers,United States,07783,Vermont,317 Avenue C,1937-11-24
crmid:5153019041,oxeyes1828@yandex.com,Pierre,Cook,,693-020-9211,Milford,United States,05949,Maine,873 Blair,1990-02-13
crmid:6596800512,aesthetic1871@live.com,Twanna,Roth,female,580-070-4399,Tulare,United States,26776,Florida,1082 Bell,1958-11-20
crmid:2155302918,batis1832@yahoo.com,Davis,Hull,,544-342-5121,Maryland Heights,United States,19920,Ohio,854 Everson,1987-03-10
crmid:3209757692,jug2057@yahoo.com,Joan,Bender,,664-136-7189,Johnstown,United States,28005,South Dakota,125 Rivoli,1975-04-03
crmid:6554866776,bloodstains1883@outlook.com,Brendon,Mcclain,,697-723-9561,Mustang,United States,30800,Virginia,1143 Stow Lake,1995-07-30
crmid:2324476162,hoising1929@gmail.com,Fidel,Cameron,male,898-869-3313,Brownwood,United States,20756,California,1039 Niagara,1942-04-05
crmid:8406696290,phrenology1817@outlook.com,Regine,Bradley,female,827-507-3943,Tualatin,United States,91069,Kansas,422 Ironwood,1953-07-03
crmid:6075794791,recharger1919@yandex.com,Alexander,Clemons,,367-591-5034,Watertown,United States,66316,Idaho,870 Crane,1974-11-20
crmid:7970382163,undertenancy2065@live.com,Gerry,Vaughan,,151-787-5354,Lisle,United States,69598,Utah,538 Toledo,1983-11-10
crmid:8135849976,abducing2043@yahoo.com,Carlos,Shaffer,,017-835-3570,Ferndale,United States,40861,Georgia,58 Drake,1962-08-08
crmid:7668667619,badge1904@yandex.com,Carol,Kramer,,107-102-4498,Lake Worth,United States,17081,Indiana,223 Higuera,1980-03-16
crmid:6997429964,incaliculate1815@yandex.com,Leopoldo,Rogers,male,753-438-3812,Ashwaubenon,United States,38290,Connecticut,1158 Harlem,1934-06-25
crmid:3294931335,restatement1994@yahoo.com,Jonas,Olson,male,233-500-1478,Appleton,United States,76432,Montana,592 Merchant,1933-06-22
crmid:6859166514,merchants1842@yandex.com,Brynn,Shannon,female,861-153-3124,Dubuque,United States,50610,Texas,313 Merrimac,1956-10-22
crmid:7107590762,revetoed1892@gmail.com,Orville,Chapman,,923-773-9773,Hannibal,United States,55610,Montana,1400 Fairfield,1969-09-04
crmid:1327610993,ratiocinator1984@outlook.com,Raelene,Butler,female,918-340-6272,Spring Hill,United States,64539,Georgia,623 Bannan,1956-07-04
crmid:3230388641,kingliest1946@gmail.com,Rubi,Cruz,female,950-470-2975,Elko,United States,41295,Alaska,177 Revello,1959-07-07
crmid:3918523388,lithopone1821@gmail.com,Delmer,Gonzales,,411-247-0762,South Euclid,United States,66311,Pennsylvania,86 Bayside Village,1991-12-12
crmid:5506874504,ruttily1916@yahoo.com,Douglass,Morse,male,630-126-5031,Benton,United States,76985,Minnesota,305 Andover,1938-03-21
crmid:8983653291,foraneous2023@yahoo.com,Stefan,Thompson,male,045-543-5276,Binghamton,United States,56440,New York,1172 Laguna Honda,1939-09-29
crmid:3583180724,displayer1981@yahoo.com,Wendell,Cohen,,944-876-8636,Grayslake,United States,58458,Michigan,955 Moncada,1968-09-01
crmid:1448536903,sphericotetrahedral2066@yahoo.com,Isaac,Mcclure,,849-953-4441,Hanover Park,United States,89953,North Dakota,350 Phelps,1969-04-06
crmid:4421828135,blamably1960@yandex.com,Heriberto,Banks,male,129-414-4155,Portage,United States,92193,Utah,708 Harding,1933-05-02
crmid:7517659151,ancon2015@outlook.com,Roman,Rios,male,661-477-7647,Brigham City,United States,45254,South Dakota,307 Bass,1941-08-25
crmid:8219105177,drane1852@yahoo.com,Jude,York,,202-473-6393,Newnan,United States,82996,Rhode Island,700 Madrid,1997-05-08
crmid:6130218198,labiduridae1907@gmail.com,Long,Adams,male,569-354-6757,Boise City,United States,30925,South Carolina,390 Westmoorland,1940-06-01
crmid:1447620592,elinor1983@gmail.com,Earnest,Byrd,male,252-638-4563,Calabasas,United States,10325,Kentucky,174 Oak Park,1943-03-05
crmid:7063372843,enhancer1806@live.com,Hosea,Nash,,590-864-3808,Lenexa,United States,69464,Tennessee,110 Laussat,1982-10-14
crmid:3571652294,satirically1813@yahoo.com,Micheal,Simpson,female,348-618-6456,Eagle Mountain,United States,38631,Michigan,1265 Michigan,1956-06-27
crmid:3118806511,becca2001@yandex.com,Waylon,Harding,male,120-800-1855,Burien,United States,76353,Maine,998 Candlestick Cove,1942-12-20
crmid:6038105685,harbourous1920@live.com,Tereasa,Gamble,female,936-565-6079,Weirton,United States,13929,Mississippi,1243 South Park,1946-09-11
crmid:3521062881,deformity1815@live.com,Emmanuel,Mejia,,999-120-3654,Poplar Bluff,United States,54913,Hawaii,1207 Avila,1996-07-14
crmid:3188067967,cerulean1880@outlook.com,Derick,Potter,,489-717-4103,Marshall,United States,39315,Hawaii,905 Sussex,1987-05-20
crmid:6105330203,coxswain2038@gmail.com,Kasey,Herring,,215-965-9062,Stamford,United States,75480,Massachusetts,84 Perine,1995-12-15
crmid:5598344300,fuligulinae1919@live.com,Alisia,Perkins,female,865-896-2240,Elizabeth,United States,88722,Minnesota,1092 Crisp,1958-01-23
crmid:4819769083,sawbucks2036@gmail.com,Anika,Whitehead,female,755-473-0560,Denver,United States,00475,Rhode Island,751 Rice,1954-01-31
crmid:2035909724,explains2018@yahoo.com,Theresia,Coffey,female,670-545-4385,College Park,United States,59297,Utah,1233 Mersey,1949-09-06
crmid:2005445709,eduard1852@live.com,Letty,Petersen,female,671-459-8154,Chanhassen,United States,73470,Wyoming,354 Yacht,1946-10-10
crmid:2708972696,lectures2019@yandex.com,Na,Gillespie,female,482-658-0068,Crystal Lake,United States,31506,Maine,131 Antonio,1952-07-11
crmid:4895369448,akita1893@gmail.com,Tempie,Chaney,female,772-641-9071,Easley,United States,40717,West Virginia,1338 Lafayette,1956-08-06
crmid:7510360863,noncircularly1881@yahoo.com,Jamey,Russell,female,361-615-9919,Eden Prairie,United States,77335,Texas,1321 Lick,1957-12-07
crmid:9631236258,goodwill1983@live.com,Isidro,Bass,male,032-354-7691,Seymour,United States,02743,Arkansas,751 Morning Glory,1935-12-09
crmid:4230020449,appleblossom1885@outlook.com,Laurence,Gilbert,,002-162-7703,Sikeston,United States,36669,South Carolina,675 Mesa,1975-11-13
crmid:5303168150,toughening1883@outlook.com,Luke,Good,male,260-528-3750,Benton,United States,35720,Colorado,1074 Colusa,1938-06-11
crmid:8649926063,offsprings1829@outlook.com,Freddy,Boyd,male,562-628-4117,Altoona,United States,82980,North Carolina,1238 Iris,1932-04-03
crmid:9617598396,rufous1842@live.com,Stacey,Levine,male,559-868-5384,Aurora,United States,55805,North Carolina,730 Science,1935-10-17
crmid:4895074561,ababa1910@gmail.com,Teddy,Sullivan,,223-716-8085,Gadsden,United States,95508,Indiana,97 Grote,1964-05-18
crmid:5390674810,collard1849@yandex.com,Carroll,Hobbs,,706-014-3240,Keene,United States,99864,Iowa,1180 Charter Oak,1976-01-21
crmid:6537312240,anasa2048@gmail.com,Lasandra,Crawford,female,029-247-3604,Cornelius,United States,26147,Ohio,605 Issleib,1950-05-07
crmid:4770505525,baetuli2030@yandex.com,Jarred,Whitley,male,664-932-2939,Texarkana,United States,62157,Minnesota,1001 Noriega,1935-05-31
crmid:4067601463,groten2018@outlook.com,Edmund,Norman,male,854-103-3376,Brentwood,United States,51775,Alabama,298 Ravenwood,1941-10-30
crmid:3426611786,sequined1828@yandex.com,Kemberly,Mays,female,803-099-3343,Crystal Lake,United States,26170,Montana,407 Alpine,1952-05-19
crmid:5848647626,unfickle1859@live.com,Wilhemina,Moss,female,881-522-3173,Palmetto Bay,United States,16518,Connecticut,1050 Esquina,1951-09-21
crmid:6072719972,intersprinkled1856@yahoo.com,Carlo,Mejia,male,119-173-4495,Brownwood,United States,03111,Delaware,1108 Sears,1942-02-20
crmid:4221398376,barong2008@live.com,Clemente,Bass,,900-595-0508,Inkster,United States,86278,Arizona,120 Santa Marina,1974-12-23
crmid:2154951347,hydrothermal2066@live.com,Chauncey,Le,,820-148-9012,Sandy Springs,United States,48165,Montana,1065 Adele,1986-11-28
crmid:7622049264,pyrogenicity2008@yandex.com,Milford,Casey,,960-217-2106,Sugar Land,United States,43691,Pennsylvania,428 Phelan,1985-01-12
crmid:6924470459,banda2059@yahoo.com,Harmony,Houston,female,007-719-4890,Cornelius,United States,91376,North Carolina,51 Littlefield,1950-04-14
crmid:4711950237,scaled1878@outlook.com,Isaiah,Chambers,,317-092-7860,Fort Myers,United States,43116,Louisiana,1184 Martha,1963-07-16
crmid:8968334509,direction2055@outlook.com,Risa,Huff,female,372-521-4493,Sandusky,United States,54542,Washington,519 Cervantes,1997-03-14
crmid:5703559515,buxom1982@outlook.com,Elliot,Valentine,,375-246-9830,Prairie Village,United States,46317,Ohio,732 Woodland,1981-07-22
crmid:1901630476,cornhusks1811@outlook.com,Lizeth,Sharp,female,903-295-0364,Yuma,United States,23609,Alabama,128 Lockwood,1959-11-10
crmid:3810963554,atune1929@outlook.com,Lenita,Pruitt,female,815-445-9594,Crystal Lake,United States,36540,Idaho,1004 Truby,1952-05-24
crmid:5462071211,papain1978@gmail.com,Arlen,Todd,,432-302-4661,Hinsdale,United States,92683,Minnesota,988 Sierra,1972-08-08
crmid:1344212641,sulphurage1861@yahoo.com,Nga,Miller,female,940-035-8676,Cicero,United States,33194,Colorado,558 Berry,1947-07-20
crmid:1710969656,victorianism1876@yahoo.com,Ronnie,Anderson,,967-319-2044,McAllen,United States,68446,Alabama,306 Natoma,1988-11-25
crmid:7788010897,carapo1902@live.com,Shavonne,Stanley,female,022-091-9752,Chandler,United States,67811,Wyoming,1245 Jarboe,1946-10-24
crmid:6910182790,blacklegging2030@live.com,Albert,Palmer,,170-375-0485,Pasadena,United States,89899,North Dakota,15 Danvers,1975-11-30
crmid:9353531992,codens1898@gmail.com,Jeffery,Thompson,male,640-584-6154,Bensenville,United States,78971,Texas,108 Pennsylvania,1938-05-29
crmid:4581913675,cerulean1863@live.com,Vena,Mejia,female,018-389-5468,Chanhassen,United States,54910,Idaho,778 Aztec,1946-09-20
crmid:4742410726,concubitous1984@yandex.com,Danial,Wheeler,,000-444-5856,Oswego,United States,45969,Idaho,739 Glendale,1991-09-01
crmid:2068606293,afrikaans2016@yandex.com,Elisha,Lester,,408-288-6259,Homewood,United States,83257,Vermont,738 Quickstep,1973-06-10
crmid:6030711562,tipple1908@gmail.com,Cayla,Miranda,female,599-408-6284,West Bend,United States,57012,North Carolina,918 Calgary,1998-03-24
crmid:1925902230,unbetrothed1939@gmail.com,Domingo,Schwartz,male,753-615-6859,Bethany,United States,11275,Michigan,1391 Dellbrook,1938-03-26
crmid:9346292272,aspiring1928@gmail.com,Gary,Evans,,356-572-8086,Sidney,United States,30692,Alaska,515 Gellert,1976-01-31
crmid:3580977268,ditty1992@gmail.com,Alva,Boyer,male,600-882-6183,Parkland,United States,70034,Louisiana,946 Cambon,1938-01-03
crmid:2336957358,hautbois1992@yahoo.com,Antwan,Chandler,,138-745-5827,Kansas City,United States,81037,Maryland,1262 Cyrus,1976-06-06
crmid:1619831222,sourish1930@live.com,Dominique,Garner,,393-400-1310,Neenah,United States,36923,Tennessee,622 Huntington,1995-06-19
crmid:5353864811,idylls1869@yandex.com,Marlana,Watkins,female,818-631-8923,San Luis Obispo,United States,52972,Arkansas,201 Custom House,1995-04-12
crmid:7343014748,carnations1876@yahoo.com,Jeromy,Estrada,,657-013-1316,Romeoville,United States,29262,Massachusetts,307 Seventh,1964-11-06
crmid:1872526619,finnmarks1846@live.com,Cleo,Hendricks,,077-152-6479,Garfield Heights,United States,63314,Colorado,195 Pueblo,1965-11-23
crmid:7379832723,clason1944@yahoo.com,Leland,Nunez,,896-113-6332,Tualatin,United States,63660,Texas,1356 Mirabel,1973-11-03
crmid:2498582715,plovers2068@gmail.com,Keith,Pena,,051-311-8518,Inglewood,United States,86530,North Dakota,147 Staples,1974-05-20
crmid:4872253545,arctalian2025@outlook.com,Kelly,Wyatt,,160-831-6524,Lockport,United States,73479,South Carolina,901 Osgood,1983-11-13
crmid:1187570730,cytoblast1996@yandex.com,Newton,Hunt,,976-282-8256,Grandview,United States,81741,Kansas,407 Olmstead,1967-03-04
crmid:2830844980,bobadil1829@gmail.com,Cathern,Witt,female,451-690-2467,Rexburg,United States,88600,Mississippi,401 Bluxome,1951-11-28
crmid:6768263085,unicapsular2010@live.com,Lang,Vargas,female,657-468-3076,Mount Vernon,United States,28446,Ohio,1329 Tara,1994-04-10
crmid:1641311104,bickford1973@gmail.com,Erin,Gilliam,,145-971-4684,Schertz,United States,27710,Virginia,736 Mckinley,1964-08-24
crmid:4007041023,preoblige2014@outlook.com,Cathern,Durham,female,439-250-8795,Seaside,United States,20507,Vermont,944 Miraloma,1958-02-09
crmid:5424742316,sharklike1832@yandex.com,Salome,Garrett,female,786-037-5319,East Orange,United States,53110,Iowa,122 Steveloe,1957-10-15
crmid:7504091021,chimu1816@yandex.com,Joesph,Castro,male,311-719-9299,North Little Rock,United States,09881,Hawaii,68 Zanowitz,1998-02-22
crmid:4689179187,ayoup2064@yahoo.com,Rocky,Underwood,male,869-298-3840,West Lafayette,United States,08898,Texas,558 Ross,1942-08-29
crmid:8871256681,poundage1930@live.com,Roger,Hull,,793-406-8636,Mountain Brook,United States,85842,New York,893 Rosella,1994-09-20
crmid:9421687513,bridal1940@live.com,Ricky,Faulkner,,400-564-9447,Forest Lake,United States,14849,Louisiana,158 Saint Marys,1962-02-16
crmid:7560341054,bunni2068@yahoo.com,Marcus,Solomon,male,703-637-6723,West Haven,United States,69329,North Dakota,176 Rosemont,1936-07-27
crmid:1309581304,hyalinization1997@outlook.com,Sherrell,Cox,female,385-105-2815,Elk Grove,United States,49074,Louisiana,1193 Valley,1959-08-07
crmid:3351264368,foeship2066@yahoo.com,Boyce,Wise,,753-572-9692,Wheeling,United States,39346,Louisiana,792 Trainor,1975-06-16
crmid:4487847291,esurience1975@outlook.com,Stanford,Livingston,,800-796-3041,Hempstead,United States,73906,North Dakota,1208 Torney,1971-06-30
crmid:8262222828,fanner1816@gmail.com,Hilton,George,,887-525-6352,Largo,United States,99936,Rhode Island,670 Icehouse,1980-12-12
crmid:7998243664,colorize1915@outlook.com,Henry,Blake,,441-387-4557,Winona,United States,48612,California,369 Wilde,1990-09-29
crmid:4533889974,minae1884@yandex.com,Jamel,Mueller,male,159-423-8701,Redding,United States,76211,Georgia,1120 Macalla,1938-11-27
crmid:8125528235,wries1973@live.com,Fidela,Pruitt,female,559-465-0093,Union City,United States,72732,Ohio,1287 Upper Service,1956-03-24
crmid:6878419263,dined2062@gmail.com,Ed,Rasmussen,,829-300-4706,Westlake,United States,81011,Vermont,399 Texas,1966-03-01
crmid:6785100784,spaciously2015@live.com,Lonna,Bradford,female,466-806-3702,Emporia,United States,34446,Texas,262 Arbor,1959-06-03
crmid:4638311983,caplin1846@live.com,Maximo,Malone,,994-909-7120,Lenoir,United States,97995,Wyoming,92 Southard,1982-05-24
crmid:6338215942,crivetz1977@yandex.com,Ted,Barnett,,175-912-0474,Hot Springs,United States,25526,Oklahoma,247 Michigan,1973-04-23
crmid:4606594041,abdominal2036@live.com,Tasia,Anderson,female,071-059-8211,New Bern,United States,25760,Hawaii,449 San Miguel,1996-04-26
crmid:4270193573,debilitate1937@yahoo.com,Dannie,Day,female,014-620-9351,El Dorado,United States,13504,South Carolina,1305 Rickard,1958-02-08
crmid:8668447591,antiexpressionistic2007@yahoo.com,Buddy,Sutton,,919-153-9165,Ferguson,United States,60882,North Carolina,846 Perasto,1962-10-22
crmid:4381501066,crawthumper1826@yahoo.com,Alberto,Hutchinson,,271-873-1833,Hurst,United States,37443,Virginia,1132 Country Club,1974-06-10
crmid:8452765388,basnet1883@live.com,Ezequiel,Richardson,male,426-884-4888,Bettendorf,United States,24142,Texas,305 Santa Rita,1938-04-24
crmid:6183984672,wrecker1991@yandex.com,Carroll,Finch,male,919-409-8634,Bonney Lake,United States,01391,Wyoming,581 Robert C Levy,1940-02-09
crmid:2005316522,faliscan2032@gmail.com,Colin,Melendez,,066-956-0883,Reedley,United States,49611,Colorado,931 Santa Ynez,1984-10-06
crmid:8622567617,dutiful2053@yahoo.com,Parker,Albert,male,462-534-6350,Centerville,United States,80147,Louisiana,1237 Jasper,1945-08-01
crmid:9562934326,bugler1992@gmail.com,Bernie,O'donnell,female,633-925-6655,St. Louis,United States,16429,Oregon,450 Natick,1952-01-22
crmid:2065505850,indisciplinable1979@live.com,Emil,Harvey,male,213-845-8429,Central Point,United States,93489,Indiana,640 Flounder,1945-03-13
crmid:8599716052,sideburns1918@live.com,Elidia,Raymond,female,552-510-2035,Everett,United States,14525,Oregon,450 Richardson,1960-03-24
crmid:6475384589,psychodynamic1866@yahoo.com,Corrin,Cline,female,765-727-0350,Eden Prairie,United States,03176,North Dakota,157 Juniper,1957-02-06
crmid:2989268169,ockster2062@outlook.com,Pok,Young,female,238-100-6923,Chicopee,United States,47052,Massachusetts,947 Danton,1947-07-24
crmid:2518739392,remake1994@yandex.com,Bennett,Shepherd,,163-228-7158,Savage,United States,61983,Missouri,7 Dewitt,1967-03-13
crmid:4046453576,invised1879@live.com,Fredrick,Fleming,,607-362-0485,Portland,United States,74432,Virginia,429 Normandie,1990-12-15
crmid:5763494672,ternatisect2051@yahoo.com,Pedro,Diaz,,186-306-0202,Steubenville,United States,57546,Michigan,1006 Anson,1978-12-16
crmid:4655728659,dauties1887@live.com,Major,Velasquez,,155-485-5771,Waco,United States,72469,Arkansas,867 North View,1965-09-15
crmid:1471922586,donica1932@outlook.com,Mickey,Kelley,,257-559-0103,Prairie Village,United States,33947,Colorado,1288 India,1979-12-11
crmid:5822504890,decalage1854@yandex.com,Terrell,Hammond,male,076-997-9762,Ann Arbor,United States,75695,Wisconsin,156 Clementina,1932-09-12
crmid:2300791905,apropos1868@outlook.com,Isaias,Schroeder,male,281-339-3866,Yuba City,United States,02855,Florida,272 Harlem,1930-05-26
crmid:3306444191,quasijudicial1911@yandex.com,Dell,Kirkland,female,018-853-1316,Elizabethtown,United States,78427,Alabama,277 Cosgrove,1959-12-23
crmid:8421676938,cambrian1840@live.com,Sharmaine,Bradley,female,335-576-5971,Fall River,United States,70303,Montana,1064 John F Kennedy,1961-08-03
crmid:1122241458,espriella2039@outlook.com,Roderick,Ferguson,,320-279-7023,Maple Valley,United States,73926,New Jersey,619 Westgate,1986-07-13
crmid:9997596390,arsonium2036@gmail.com,Shantae,Willis,female,511-159-8109,North Augusta,United States,51902,Wisconsin,229 Whittier,1998-09-06
crmid:5676509749,overshroud1802@live.com,Elvis,Mcneil,,044-603-6265,Maryville,United States,41194,Mississippi,933 Albatross,1987-08-03
crmid:8806810764,satd2027@yandex.com,Isela,Taylor,female,885-157-9765,Englewood,United States,72996,North Carolina,280 Upper,1959-12-23
crmid:5607620206,charmless1989@live.com,Werner,Gross,,798-821-9763,Goose Creek,United States,39363,Mississippi,1380 Richardson,1967-07-13
crmid:7382615087,elvera2059@live.com,Morris,Mcknight,,190-085-8689,Hackensack,United States,15654,Virginia,1038 Wills,1969-02-21
crmid:7331235499,eurasian2039@outlook.com,Inell,Mercer,female,620-510-8660,Elko,United States,25462,Alabama,1085 Merlin,1959-04-20
crmid:1219400569,arbacia1996@live.com,Lucio,Bryan,male,548-422-9263,Willmar,United States,69891,New Jersey,259 Olive,1998-02-12
crmid:7210304836,penning2024@outlook.com,Harold,Lester,,615-307-0581,Winter Park,United States,42427,South Carolina,648 Rio,1987-05-16
crmid:4493013300,epurate1844@live.com,Denese,Cox,female,304-376-8646,De Land,United States,14965,Washington,959 Amherst,1953-02-07
crmid:4477733247,cuirassed2001@yandex.com,Marion,Horne,male,944-586-2544,Newnan,United States,61323,Georgia,702 Richland,1997-11-19
crmid:3188953425,dickerson1820@yahoo.com,Raeann,Banks,female,878-472-5658,Pine Bluff,United States,64302,New York,859 Pacific,1947-07-02
crmid:2685473211,wilders1857@live.com,Darron,Gomez,,458-111-0178,Newberg,United States,30172,Washington,609 Patterson,1997-06-15
crmid:7301263037,superinference1897@live.com,Josue,Wynn,,053-208-8622,Sparks,United States,23786,South Carolina,898 Macedonia,1966-07-12
crmid:2756981357,canyon1809@live.com,Christena,Fulton,female,122-791-8423,Edina,United States,63802,Maine,489 Elmwood,1958-10-03
crmid:3543225891,corporateness2063@yahoo.com,Allan,Christian,,741-636-7922,Jeffersontown,United States,54617,North Carolina,897 Ironwood,1975-09-08
crmid:6531307946,batwa2062@gmail.com,Damien,Lane,male,093-009-4342,San Juan,United States,60858,North Carolina,125 Kinzey,1936-11-29
crmid:1724939372,kilts1958@live.com,Vernon,Barnett,,436-919-6459,Gainesville,United States,83506,Rhode Island,771 Lombard,1964-06-06
crmid:4521603094,eardrum2036@gmail.com,Eli,Stark,,220-157-9027,Tupelo,United States,94248,Rhode Island,476 San Miguel,1985-11-09
crmid:7326919758,kilohertz2004@yandex.com,Kareem,Stokes,,951-538-1242,Goleta,United States,36807,Montana,487 Fortuna,1967-06-05
crmid:6434180051,confucius1878@yandex.com,Ross,Sharpe,male,897-231-0552,Parma,United States,56421,Kansas,411 El Camino Del Mar,1998-10-21
crmid:2532686103,bluecollar2030@yandex.com,Rufus,Zamora,male,247-765-0693,Bettendorf,United States,64142,New Hampshire,1139 Saint Francis,1938-11-16
crmid:7515222776,notifying2009@yandex.com,Shannon,Hoover,,883-139-2809,San Bernardino,United States,59418,North Carolina,511 Red Rock,1995-12-31
crmid:7353984277,hepatotoxic1976@gmail.com,Karoline,Mccarthy,female,121-364-1896,Simi Valley,United States,25031,Kansas,1345 Derby,1959-05-19
crmid:4436078489,boarding1942@outlook.com,Latia,Benjamin,female,511-390-3597,El Reno,United States,28444,Minnesota,670 Federal,1958-05-02
crmid:5165353644,bazooka1815@outlook.com,Teddy,Stafford,male,462-233-2966,Carlsbad,United States,55046,Kentucky,614 Signal,1944-09-28
crmid:4114209627,swilltub1808@yahoo.com,Chin,Carroll,female,672-064-5424,Cudahy,United States,03865,Washington,13 La Avanzada,1952-02-05
crmid:4435604737,belie2021@outlook.com,Brandon,Hill,male,840-333-8304,Cabot,United States,64975,Washington,1174 Rossmoor,1943-11-02
crmid:5507856100,antelope1837@outlook.com,Johnson,Howell,male,224-760-8291,Vero Beach,United States,83502,Kansas,856 Boynton,1940-05-15
crmid:2110559030,eidetic1987@live.com,Jonathon,Callahan,,975-527-7092,Memphis,United States,39739,New Hampshire,1058 Nancy Pelosi,1989-07-27
crmid:2323302534,deprive2010@gmail.com,Bryant,Roy,,735-454-4681,Inver Grove Heights,United States,06170,New York,171 Pine,1974-01-23
crmid:6735531463,benzoglycolic1955@outlook.com,Jerome,Yang,,040-748-0112,Glendale,United States,73637,Texas,1176 Wheeler,1966-12-23
crmid:4452421658,tubenose1828@live.com,Zana,Ferrell,female,979-375-1818,North Tonawanda,United States,16953,Arkansas,774 Pacheco,1999-03-22
crmid:7659468652,summational1853@yandex.com,Carl,Knight,,804-601-2128,Woburn,United States,55494,New York,213 D,1989-03-03
crmid:7088689492,kindle1986@outlook.com,Israel,O'donnell,,997-522-3055,Norristown,United States,41964,Oregon,268 Mclaren Lodge Access,1998-07-21
crmid:6001779519,domination1949@yahoo.com,Genaro,Nelson,,924-048-6439,Petaluma,United States,45523,Maryland,342 Lakewood,1988-09-09
crmid:3188953425,akkadian1953@yahoo.com,Frederic,Hurley,male,165-981-8888,Avon Lake,United States,23831,Utah,192 Hollywood,1935-04-15
crmid:8871481793,definitized1993@outlook.com,Coy,Conway,,684-230-5426,Hanover Park,United States,64213,Washington,584 South Gate,1969-11-21
crmid:5718902152,prevaluation1954@outlook.com,Tod,Murphy,,629-973-1077,Jackson,United States,17765,Maryland,1247 Oak Hills,1975-03-04
crmid:2993026694,chemoreceptor1923@outlook.com,Dominick,Tyler,,888-549-7491,Hartford,United States,11952,Colorado,1147 Peabody,1970-04-15
crmid:4731593562,cavalero1944@gmail.com,Connie,Bentley,male,221-864-8964,San Leandro,United States,11022,Maine,227 Homer,1945-12-04
crmid:2906190126,guernsey1974@gmail.com,Lesley,Pearson,,278-461-5891,Galt,United States,36309,Utah,716 Melba,1965-06-19
crmid:8115550747,cajaput1977@gmail.com,Collin,Bird,,063-626-1629,Marysville,United States,62190,Wisconsin,1142 Vara,1987-10-03
crmid:5801111201,zebu1988@outlook.com,Colton,Petty,,904-699-1258,Gastonia,United States,73193,Virginia,67 Urbano,1965-04-13
crmid:7477270182,gecko1937@live.com,Ezekiel,Murphy,,726-501-8850,McDonough,United States,15284,Louisiana,1397 Issleib,1988-03-18
crmid:9158131801,algedi1837@yahoo.com,Clint,Rollins,,192-663-4120,Kingsville,United States,02977,Massachusetts,1363 Broad,1978-01-01
crmid:7714794942,traist1894@yahoo.com,Randy,Brennan,,854-957-3531,San Carlos,United States,48104,Kentucky,378 Easement,1981-09-06
crmid:2164352685,kerning1809@outlook.com,Thad,Hernandez,,240-694-4162,Kirkwood,United States,47559,North Dakota,1299 John Muir,1978-08-06
crmid:3671722205,turkey1821@outlook.com,Wei,Mcknight,female,978-443-2498,Eagle Mountain,United States,56970,Nebraska,955 Cabrillo,1956-09-19
crmid:9513219632,semesters1861@outlook.com,Tuan,Jenkins,male,833-335-5519,Brockton,United States,55818,Massachusetts,741 Coronado,1941-09-15
crmid:9065575296,sawbucks2024@outlook.com,Nolan,Sawyer,,548-180-7992,Medina,United States,42454,Oklahoma,674 Safira,1989-08-24
crmid:7752896278,atazir2070@yahoo.com,Elliott,Hyde,,254-822-2205,New Britain,United States,53054,Florida,1318 Upton,1996-09-22
crmid:9430325558,exacter1849@yahoo.com,Tyron,Malone,,763-499-7810,Sandy Springs,United States,85165,Maine,1095 Chattanooga,1992-10-02
crmid:1882235011,eriksson2022@yandex.com,Delmer,Glass,,090-061-3046,Gilbert,United States,75453,Colorado,1084 Rey,1966-12-07
crmid:9255814670,overclamor1814@outlook.com,Howard,Ochoa,male,158-814-1039,Avon Lake,United States,25015,Colorado,876 Edinburgh,1935-05-22
crmid:1187012574,dorsocaudad1812@yahoo.com,Jamal,Chavez,,337-533-4511,North Chicago,United States,96008,Louisiana,603 El Plazuela,1998-07-21
crmid:5473291931,supershow1964@outlook.com,Meri,Waller,female,142-220-1679,New Haven,United States,91906,South Carolina,1308 Malden,1996-11-05
crmid:6475989919,electrodesiccation1804@outlook.com,Junior,Holland,,076-452-2283,Olive Branch,United States,23537,South Carolina,17 Sherman,1965-06-16
crmid:8262222828,ecdemite2001@gmail.com,Isaac,Velez,,458-123-1195,Greenwood,United States,73219,South Dakota,83 San Luis,1968-03-11
crmid:7182509570,bombay1933@live.com,Walter,Bauer,male,504-543-2966,Carpentersville,United States,53066,Virginia,1305 Chestnut,1944-10-02
crmid:2098970678,sheriff1826@yandex.com,Angelo,Carrillo,,207-145-0432,Sanford,United States,44767,West Virginia,252 Carolina,1982-09-14
crmid:2777027699,diving1946@gmail.com,Florinda,Allen,female,512-650-2278,Pasco,United States,72079,Colorado,841 Kobbe,1958-03-01
crmid:4459186256,adventurous2048@live.com,Chet,Hays,,665-456-2162,Hannibal,United States,14709,New Mexico,1320 Sloan,1969-03-01
crmid:7665638523,capybara1987@yahoo.com,Robt,Horn,,854-077-4570,Westlake,United States,33248,Mississippi,836 Waverly,1972-11-13
crmid:8276746198,antitrismus1979@yahoo.com,Otto,Burgess,male,063-863-2625,Bethany,United States,47453,Maine,1176 Longview,1938-08-04
crmid:8865153139,featherfew1901@live.com,Faustina,Rodriguez,female,304-194-1039,Chandler,United States,97883,Delaware,993 Bluestone,1946-03-25
crmid:5517715726,pancreatitis2013@yahoo.com,Delbert,Bishop,,602-575-9606,Mayfield Heights,United States,26012,Nebraska,1269 Continuum,1988-05-28
crmid:5576365613,parallelized1841@yandex.com,Johnie,Lee,,067-606-5644,Portsmouth,United States,54235,Vermont,446 Candyland,1996-11-16
crmid:4942320331,borgh2049@outlook.com,Brice,Blake,,358-303-9599,Montgomery,United States,62106,New York,1193 Medau,1992-10-28
crmid:6929557373,arsonium1933@outlook.com,Codi,Collier,female,070-857-3938,Elmhurst,United States,71202,Alaska,240 Woodward,1959-02-06
crmid:7155814355,unsanitation1878@gmail.com,Bernardina,Madden,female,002-128-1636,Edinburg,United States,85458,Kansas,38 Amethyst,1958-01-18
crmid:6554886064,licencer1890@outlook.com,Eldon,Witt,,663-913-0424,Waynesboro,United States,40791,Idaho,1310 Charlton,1987-01-01
crmid:9060657476,loads2047@live.com,Pandora,Mcneil,female,928-989-5065,Coconut Creek,United States,46758,South Dakota,858 Lassen,1949-07-20
crmid:9112092436,beechy1829@outlook.com,Garret,Ortega,,007-055-1551,Huntington Park,United States,15260,Alaska,117 Carmelita,1974-03-20
crmid:2433569084,granddada1999@outlook.com,Devin,Donaldson,,798-442-1074,Kaysville,United States,55851,Georgia,1135 Hegal,1976-09-23
crmid:9048113284,webster1915@yahoo.com,Maximo,Stewart,,160-698-3930,Paris,United States,87474,Washington,811 Massasoit,1988-12-22
crmid:6192937783,fairless1923@gmail.com,Tarra,Woods,female,315-383-4954,Covina,United States,41231,Rhode Island,698 Worden,1951-08-31
crmid:1092555447,chipped1935@live.com,Tyrell,Wooten,,761-022-0454,Midlothian,United States,91654,Virginia,1275 Jakey,1990-02-06
crmid:2581564598,tellurium1817@outlook.com,Gustavo,Vazquez,,524-491-2321,Ridgewood,United States,82891,North Dakota,436 Timothy Pflueger,1981-05-16
crmid:9591140862,sawer1993@live.com,Cliff,Welch,male,472-324-5971,Bridgeton,United States,71768,New Jersey,1293 Homestead,1941-12-22
crmid:8637238329,sawer2021@gmail.com,Lucio,Higgins,male,673-355-5378,Bristol,United States,31549,Rhode Island,1033 Excelsior,1941-06-14
crmid:4130316695,mouths1932@outlook.com,Cathey,Avila,female,459-993-1378,San Gabriel,United States,95052,New Hampshire,1032 Carmel,1952-10-22
crmid:3401550584,ergotic2014@yandex.com,Andres,Dorsey,male,679-299-3751,Wilmington,United States,50154,Utah,784 Dublin,1935-01-08
crmid:1232267440,leesing1823@outlook.com,Andy,Vance,,272-974-3582,Hurst,United States,10075,West Virginia,91 Belden,1974-02-01
crmid:1948251132,molar1963@yahoo.com,Buddy,Reid,,221-440-2467,Port Hueneme,United States,31979,South Carolina,818 Madera,1977-03-04
crmid:4389367999,clients1968@outlook.com,Veola,Hays,female,853-526-3605,Colleyville,United States,55938,Pennsylvania,626 Guerrero,1949-09-13
crmid:5068058590,antelation1961@gmail.com,Troy,Nunez,,288-563-2738,Paso Robles,United States,41596,Wisconsin,919 Chapman,1983-11-05
crmid:3500485600,jazzing1998@gmail.com,Roy,Armstrong,,814-089-7049,Rancho Palos Verdes,United States,82348,North Carolina,971 Orben,1999-05-09
crmid:9837889251,unsmokeable2018@gmail.com,Lynn,Watson,,419-932-1844,Johnstown,United States,90131,Nevada,852 La Ferrera,1975-02-17
crmid:2551153240,brody2019@yandex.com,Bob,Morales,,163-252-2966,Lincoln Park,United States,04699,South Carolina,1281 Rayburn,1983-01-08
crmid:2416861457,reemits1807@gmail.com,Corazon,Sullivan,female,252-191-6475,Paducah,United States,10000,North Dakota,471 Vine,1955-10-04
crmid:3808394237,wingy2004@gmail.com,Jaime,Mcmahon,male,018-898-0862,Bensenville,United States,27735,Missouri,342 D,1938-05-19
crmid:5705488609,elgar1941@yandex.com,Leonel,Gordon,,869-160-3809,Port Chester,United States,43231,Utah,1111 Juniper,1984-06-21
crmid:7098568609,publicness1868@yahoo.com,Darren,Blevins,,008-290-3515,Greensboro,United States,53721,Mississippi,276 Marengo,1968-09-17
crmid:2245350960,breaker2016@yandex.com,Theresia,Holder,female,857-132-6320,Universal City,United States,87589,Nevada,62 Davidson,1997-04-28
crmid:6643450817,dislocator1998@gmail.com,Caterina,Schroeder,female,898-879-2374,Westland,United States,20603,Massachusetts,701 Rousseau,1956-12-03
crmid:7099709086,bakers2002@yandex.com,Kirk,Hodge,,789-480-4627,York,United States,63239,Hawaii,811 Icehouse,1971-07-07
crmid:6998261721,fossa2032@live.com,Thresa,Bell,female,058-186-3735,Daytona Beach,United States,54420,Vermont,825 Dore,1953-09-02
crmid:9067351181,cavum1873@yahoo.com,Gavin,Fields,,320-755-4203,Pico Rivera,United States,55489,Connecticut,462 Modoc,1996-07-18
crmid:6742983017,snowdrop2062@gmail.com,Cody,Jimenez,female,206-366-7601,Oxford,United States,10653,West Virginia,1239 Capen,1952-02-15
crmid:9756454573,nidus2024@yandex.com,Brittni,Mathis,female,748-728-1083,Elko,United States,01897,Nebraska,783 Maxwell,1959-01-18
crmid:2449904312,dashed1969@yahoo.com,Florencio,Kent,,874-425-8332,Grove City,United States,61541,Wyoming,565 Marvel,1968-10-24
crmid:3335512732,millistere1837@gmail.com,Harvey,Riley,,911-815-4180,South Gate,United States,24210,California,328 Duboce,1968-03-16
crmid:1968951339,overstridentness1995@gmail.com,Odelia,Dunn,female,557-650-4079,Waukegan,United States,13135,Pennsylvania,466 Brush,1946-07-09
crmid:1526650749,badger1999@yahoo.com,Hai,Carter,male,376-527-4450,Paducah,United States,01345,Virginia,1088 Dicha,1936-04-05
crmid:9354758795,costello1909@outlook.com,Nancee,Collier,female,366-954-5880,DeSoto,United States,61592,Massachusetts,1306 Santa Ana,1953-10-13
crmid:1645411149,arghan1972@yandex.com,Robert,Mendoza,male,637-761-6049,Carlisle,United States,48132,Florida,734 Marion,1944-08-20
crmid:2594754033,adorer2067@yahoo.com,Hyun,Mueller,female,999-343-8670,Opelousas,United States,12725,Tennessee,417 Montana,1954-04-21
crmid:6926553421,foreshoulder1926@gmail.com,Johnny,Lang,male,102-516-4309,Amsterdam,United States,65708,Nebraska,778 Dicha,1932-10-10
crmid:5737663235,erbach2015@yandex.com,Blake,Sweet,male,058-712-4556,Allen,United States,01405,Arizona,322 Saint Charles,1931-01-28
crmid:3082979419,enravishes2054@gmail.com,Jackeline,Herring,female,273-461-6231,Richardson,United States,12703,South Carolina,1115 Infantry,1950-10-07
crmid:5408588745,awful1905@live.com,Major,French,,162-833-2393,Pampa,United States,86753,Missouri,424 Cameron,1980-08-18
crmid:4280245055,folkmotes1852@gmail.com,Sylvester,Ramirez,male,580-664-8123,Arlington,United States,51085,Mississippi,690 Belmont,1933-09-24
crmid:1404250890,cercocebus2043@yahoo.com,Keenan,Hopper,,719-426-3482,Portland,United States,62434,Maryland,973 Maddux,1967-10-16
crmid:7519537304,drooping2028@gmail.com,Virgilio,Miller,,971-441-5372,Ossining,United States,39496,North Carolina,1251 Romolo,1978-09-30
crmid:2497338119,administrate1913@yahoo.com,Fred,Mckay,male,847-241-6226,Baytown,United States,23928,Montana,990 Auto,1936-04-19
crmid:1983622715,encomic1992@yahoo.com,Carl,Anthony,,987-433-5220,Muskogee,United States,97840,Minnesota,770 Battery Safford,1994-05-25
crmid:1483862171,pommies1971@yahoo.com,Pablo,Hinton,,215-254-9523,La Ca�ada Flintridge,United States,34794,Virginia,574 Locksley,1978-06-21
crmid:8328980568,trytophan2040@gmail.com,Kayleen,Bryan,female,836-646-1784,North Tonawanda,United States,11788,Michigan,1312 Nahua,1999-03-09
crmid:8687273749,attentional1962@yahoo.com,Marinda,Schultz,female,454-940-3787,Davis,United States,38651,Idaho,1089 Rivoli,1953-06-26
crmid:7428541726,warthog1919@live.com,Marni,Sears,female,795-472-0271,Duluth,United States,88934,Texas,1311 Harriet,1956-06-26
crmid:3643277372,flachery1975@yandex.com,Quinn,Wilkinson,male,930-935-6334,San Clemente,United States,09739,Missouri,167 Broad,1938-08-31
crmid:2035721344,psychognosy1973@gmail.com,Cristopher,Sullivan,,499-542-6732,Ventura,United States,29501,Colorado,1123 Marietta,1965-11-19
crmid:1046346717,chops1914@gmail.com,Jeannetta,Woodward,female,755-809-3752,San Bernardino,United States,87581,Iowa,676 Caine,1996-03-27
crmid:3789598839,buzzsaw1896@yandex.com,Coralee,Guy,female,419-560-6103,Santa Paula,United States,71341,New Hampshire,996 Edgemont,1947-02-12
crmid:1042409150,introgression1982@yahoo.com,Jeffry,Mathews,,167-639-8794,Hesperia,United States,68122,Minnesota,208 Madera,1971-10-26
crmid:6893878858,dilbert1949@gmail.com,Leonia,Summers,female,380-621-0773,West Allis,United States,18823,Alaska,1369 Carter,1947-05-28
crmid:8441753431,slammer2048@live.com,Brian,Morrow,,675-388-8325,Rockledge,United States,65887,Louisiana,418 Edward,1995-11-28
crmid:5757665325,annale1946@yahoo.com,Shelby,Osborn,,360-887-7174,Gardena,United States,05686,Connecticut,403 Kronquist,1965-02-28
crmid:1316957424,engle2053@live.com,Trenton,Burt,male,824-494-4238,Revere,United States,01745,Iowa,308 Gladstone,1942-09-04
crmid:1025890536,thanking1933@yahoo.com,Clement,Brewer,male,777-675-3478,Winter Springs,United States,76181,Arizona,280 Chula,1930-11-29
crmid:3517138270,shaly2013@outlook.com,Linwood,Clemons,male,861-490-7919,South Lake Tahoe,United States,17357,Wisconsin,1337 Terrace,1944-12-24
crmid:4807603601,circulate1943@yahoo.com,Audrea,Bell,female,523-269-7212,West Haven,United States,58022,Alaska,585 Wanda,1996-03-29
crmid:4394732385,seism1820@yahoo.com,Eric,Miranda,female,839-118-3563,Chaska,United States,56386,Massachusetts,303 Leavenworth,1946-10-05
crmid:6706905684,inviscid1907@gmail.com,Dana,Gilliam,,384-167-6465,Simi Valley,United States,64118,New Hampshire,906 George,1981-04-05
crmid:9506730135,surrounded1963@gmail.com,Kristofer,Sawyer,,625-843-2793,Maywood,United States,01362,Wyoming,951 Macondray,1988-02-03
crmid:6966280566,enflagellation1844@outlook.com,Tu,Strickland,female,356-616-0937,Elko,United States,58555,Oklahoma,910 Venus,1959-09-28
crmid:6588863079,iatraliptics1877@yahoo.com,Nickolas,Barlow,,087-901-6361,South Portland,United States,48143,Georgia,45 Sutter,1985-06-04
crmid:6321754894,vegetation2052@yahoo.com,Maximo,Holloway,male,973-854-3296,Arcata,United States,33814,Louisiana,1219 Oxford,1933-07-14
crmid:3260668715,desiderative1925@outlook.com,Adrian,Ward,,634-946-8898,Yorba Linda,United States,36860,Rhode Island,504 San Diego,1980-07-22
crmid:4542879371,arctalian1872@gmail.com,Vernon,Hanson,male,488-547-6479,Round Lake Beach,United States,88503,Pennsylvania,1314 Delgado,1939-12-18
crmid:5146894340,decubitus1858@live.com,Riley,Rivers,,892-448-8287,Rialto,United States,33875,Oklahoma,382 Storrie,1979-11-13
crmid:7951877239,anisotropic1902@yahoo.com,Sonny,Gillespie,,530-587-6322,Lebanon,United States,08323,New Jersey,828 Mayfair,1981-01-13
crmid:3308252888,preinspired1876@live.com,Jackeline,Lowery,female,613-808-8645,El Cerrito,United States,65816,Tennessee,853 Montague,1958-11-07
crmid:8054517963,revolutionariness1922@live.com,Deandre,Mccray,,574-487-2366,Moreno Valley,United States,93914,Tennessee,769 Heather,1993-01-12
crmid:3030513310,intraoral2056@gmail.com,Justin,Robinson,,866-056-4033,Twentynine Palms,United States,36978,Mississippi,1378 Mandalay,1981-11-22
crmid:3921382752,pseudonym1934@outlook.com,Blossom,Mitchell,female,622-881-3027,Deerfield,United States,05232,California,976 Jewett,1954-01-20
crmid:5543637744,irradiated2000@yahoo.com,Heath,Moreno,,700-227-3031,Midwest City,United States,94993,Nevada,880 Otis,1990-10-16
crmid:6749745670,chaja1851@gmail.com,Rolf,Bray,,167-128-6035,West Valley City,United States,56838,New York,996 Hill,1971-09-27
crmid:3302939104,dates1995@yahoo.com,Antonia,Shepherd,,756-311-8449,Wilsonville,United States,55103,Missouri,674 Navajo,1972-09-05
crmid:6357468988,antdom1949@gmail.com,Samual,Jordan,,427-000-2812,Great Falls,United States,78640,Maine,1009 Post,1968-01-27
crmid:6614336865,thrush1905@yandex.com,Carroll,Lawson,,567-563-8857,Newark,United States,42752,Massachusetts,1284 Hyde,1997-08-02
crmid:3112181499,jophiel1832@outlook.com,Young,Richmond,male,427-389-5469,Bettendorf,United States,59578,New Hampshire,173 Kissling,1938-10-25
crmid:7960496697,thoracicohumeral1823@yahoo.com,Hilton,Olson,,863-768-4115,Mount Prospect,United States,19822,Arizona,1395 Pueblo,1993-03-23
crmid:2665675605,mogul1875@gmail.com,Lonnie,Hopkins,male,231-147-4303,Anoka,United States,30123,Georgia,248 Lombard,1933-06-14
crmid:8814939305,bastion1935@outlook.com,Edmundo,Savage,male,312-183-5293,Anniston,United States,18004,Louisiana,290 Oakhurst,1933-03-26
crmid:9172805321,gulley1938@gmail.com,Stacey,Stone,male,364-884-0166,Alhambra,United States,58323,Tennessee,998 Pink,1931-09-28
crmid:8806614367,sclera1903@live.com,Allena,Reese,female,535-981-8794,College Station,United States,04253,North Carolina,547 Page,1949-01-24
crmid:6994837111,yealing1863@live.com,Chong,Melton,male,107-578-8654,Bethany,United States,99411,Colorado,696 Marion,1938-02-20
crmid:4169572143,beechy1965@live.com,Tommie,Barber,,265-994-3170,Palm Beach Gardens,United States,45097,Ohio,993 Bancroft,1988-11-19
crmid:2320007807,cabasset1903@yandex.com,Chan,Hill,female,702-041-4271,Dearborn Heights,United States,04172,Oregon,130 Colin P Kelly Jr,1953-02-14
crmid:3061377763,augurs2069@outlook.com,Carmelia,Maxwell,female,965-653-1266,Diamond Bar,United States,07959,Utah,143 Trinity,1955-02-18
crmid:9290757409,overabusiveness1818@yahoo.com,Allen,Cruz,,947-203-6586,Methuen,United States,92020,Louisiana,990 Robinhood,1990-05-09
crmid:4905703415,mesosphere1980@live.com,Jarrod,Long,,810-005-3476,Port St. Lucie,United States,87232,Missouri,1278 Saint Germain,1988-05-11
crmid:4226244440,herbosity1935@yahoo.com,Donny,Barr,,852-196-8786,Mustang,United States,83206,Arizona,1202 Lloyd,1995-05-23
crmid:7065397645,deloris1849@outlook.com,Aron,Swanson,,723-081-6757,Mineola,United States,36050,Wyoming,447 Via Bufano,1991-05-04
crmid:6519190285,althein1823@live.com,Marcellus,Olson,,549-953-4492,Los Gatos,United States,31340,North Dakota,927 Southwood,1984-06-30
crmid:8767844604,carrefour1958@live.com,Jean,Leon,,771-338-6877,La Quinta,United States,49753,Maryland,1191 Hudson,1979-07-23
crmid:6933899541,kerning1899@yandex.com,Reggie,Moody,,495-250-6857,Tampa,United States,46242,Illinois,926 Cole,1985-03-21
crmid:7085898231,agonizing1949@gmail.com,Domenic,Benson,,219-409-6961,Vineland,United States,97510,California,1300 Veterans,1980-03-20
crmid:3628146982,divergence1950@live.com,Francis,Dunlap,,840-650-9227,La Mesa,United States,18521,Nevada,898 Massasoit,1978-04-11
crmid:9736504152,calfret1871@outlook.com,Demetrius,Mccullough,,802-720-3133,McKinney,United States,05561,Florida,1172 Bronte,1988-02-14
crmid:5917792715,donica1853@live.com,Ignacio,Ramos,,316-933-2019,Perth Amboy,United States,34967,Washington,169 Steiner,1971-07-07
crmid:2718857606,tingler1886@gmail.com,Isaac,Callahan,male,589-753-1723,Reno,United States,01987,Alaska,620 Ravenwood,1930-05-05
crmid:4583066216,earlock1827@outlook.com,Marisha,Lee,female,921-673-5076,Seattle,United States,83543,Arizona,234 Grijalva,1960-06-17
crmid:2537017872,downs1868@yandex.com,Cleo,Rivera,,247-748-7602,Tarpon Springs,United States,64367,Louisiana,1073 Cyrus,1983-03-13
crmid:1740427290,spiring2020@live.com,Johnathan,Keith,,509-887-8746,Vancouver,United States,54944,South Dakota,181 Healy,1998-06-14
crmid:1779756689,codicil1803@live.com,Hiram,Figueroa,,895-244-4652,Port Arthur,United States,30512,Wisconsin,962 Allen,1979-09-01
crmid:4607903663,subcostae1824@gmail.com,Curtis,Page,male,727-581-9731,Portsmouth,United States,78060,Pennsylvania,1111 Bengal,1941-02-22
crmid:2631165381,monstrify1950@gmail.com,Hayden,Colon,,470-375-3707,Lynbrook,United States,05861,Alaska,601 Keyes,1985-02-01
crmid:6798026354,cadwal1980@live.com,Cedric,Weaver,,487-950-4343,Park Forest,United States,66499,Rhode Island,860 Mirando,1976-10-05
crmid:6913118289,divus1970@gmail.com,Travis,Mooney,male,723-856-6113,St. Clair Shores,United States,05168,Washington,47 Greenwich,1939-09-20
crmid:8060211220,canossa1943@outlook.com,Francisco,Mckenzie,,519-258-4778,San Carlos,United States,63475,Nevada,1271 Kennedy,1973-11-14
crmid:7249026132,shapiest1889@yahoo.com,Lisha,Donovan,female,832-382-9786,East Peoria,United States,88925,Idaho,684 Castelo,1957-10-31
crmid:2516950426,wormer1904@live.com,Elwanda,Savage,female,292-071-2499,Crystal Lake,United States,68022,Wyoming,720 Harriet,1952-11-05
crmid:3484116765,whigling1843@outlook.com,Melida,Hogan,female,174-062-8319,South Bend,United States,13558,Florida,1333 Entrada,1948-06-14
crmid:8079369031,deranger1812@live.com,Loren,Payne,,190-926-6435,Seguin,United States,34567,Nevada,348 Converse,1974-10-15
crmid:4318752351,subadars2010@outlook.com,Emmitt,Fisher,,072-106-2908,Glen Ellyn,United States,45264,Arizona,603 Burnside,1966-08-02
crmid:8054639727,carayan2004@gmail.com,Rusty,Gutierrez,male,510-851-2232,Atlantic City,United States,41158,Ohio,258 Keystone,1934-08-12
crmid:3153300255,upshove1888@outlook.com,Reyes,Mcmahon,male,737-503-0125,North Richland Hills,United States,86558,North Carolina,729 Castillo,1999-01-23
crmid:9500304027,rickstand1998@yahoo.com,Emanuel,Martin,male,789-273-2037,Arlington Heights,United States,12940,Maryland,498 Lapidge,1933-03-18
crmid:4231291224,apogon1965@yandex.com,Lucio,Rodgers,male,465-809-9172,Burleson,United States,31346,Rhode Island,718 Capen,1943-06-25
crmid:5004150896,lardoon1920@gmail.com,Shenna,Burris,female,025-530-2510,San Juan,United States,78470,Kansas,159 Russian Hill,1960-08-04
crmid:2508019680,incombustibility1809@gmail.com,Dwight,Howe,male,710-608-6307,San Bruno,United States,89108,Alaska,550 Candlestick Point Sra,1931-03-15
crmid:7697238871,dinny2013@yahoo.com,Vincenzo,Mclean,male,835-248-3095,Avenal,United States,52424,Ohio,462 Gellert,1935-10-19
crmid:6210531862,brack1980@yandex.com,Ken,Reid,male,886-233-8242,Wyoming,United States,53238,Florida,1212 Halibut,1995-01-11
crmid:2656825949,anatolic1976@outlook.com,Henry,Leblanc,,604-524-0991,Wilmette,United States,26565,South Carolina,1155 Merrie,1964-11-15
crmid:4804623233,unmet1941@yahoo.com,Omar,Short,,121-584-3324,Rio Rancho,United States,59448,Arizona,25 Justin,1987-08-06
crmid:9081835948,drever1853@yandex.com,Kurt,Carney,male,964-768-0338,Camas,United States,37851,New Hampshire,892 San Lorenzo,1943-06-05
crmid:7002791097,sphenoidal1929@outlook.com,Lisandra,Barry,female,371-210-5517,Cocoa,United States,35237,Florida,1091 Legion Of Honor,1949-05-02
crmid:4575981156,entomb2038@yandex.com,Pedro,Lott,,927-059-3948,Laurel,United States,33484,Arkansas,679 Glen,1981-06-29
crmid:4064398454,camused1992@gmail.com,Abraham,Odom,,742-551-1936,Laguna Niguel,United States,26661,Wyoming,771 Zircon,1979-05-02
crmid:8432962289,knurly1853@yandex.com,Luke,Hood,,219-257-7962,Hendersonville,United States,93390,Kansas,240 Galewood,1971-08-12
crmid:9837889251,boondoggling1878@gmail.com,Tomas,Moses,,779-496-4541,Fort Smith,United States,96076,Wyoming,146 Dove,1963-09-21
crmid:2099837167,beethovenian1942@outlook.com,Allan,Randall,,130-662-7804,Gainesville,United States,92177,Delaware,1065 Karen,1964-09-10
crmid:4734084037,misenters1961@live.com,Genevie,Bates,female,802-597-2279,El Mirage,United States,14538,Colorado,450 Candlewood,1958-03-02
crmid:5475891932,tammies1961@outlook.com,Kory,Mays,,189-069-6166,North Port,United States,81796,Michigan,1148 Woodacre,1999-07-06
crmid:3083042933,slaters2052@yahoo.com,Francesco,Hartman,,512-179-1242,Westbrook,United States,34224,North Dakota,437 Fourth,1978-03-16
crmid:1745462295,devest1852@outlook.com,Stanton,Moran,,184-166-1718,Key West,United States,75661,Connecticut,1293 East Fort Miley,1977-12-09
crmid:9288506529,quetzal1812@live.com,Nathaniel,Morrow,male,620-606-9510,New Lenox,United States,84496,Georgia,805 Kensington,1996-02-14
crmid:5334496918,deanthropomorphism1881@gmail.com,Esteban,Lopez,,530-586-2722,Palmdale,United States,76485,Arkansas,772 East,1962-11-11
crmid:7284582115,concubitous1884@gmail.com,Young,Stout,male,726-405-0066,Carson City,United States,50857,Texas,987 Pioche,1944-10-28
crmid:3169063391,orthostatic1953@live.com,Virgilio,Edwards,,344-042-6496,Margate,United States,71129,Maryland,732 Putnam,1986-12-20
crmid:9930565260,ecospecific1999@live.com,Ricardo,Cruz,male,737-263-2664,Cedar Park,United States,62697,Michigan,986 Aspen,1945-11-16
crmid:8911075141,chops1825@gmail.com,Johnie,Ware,,349-949-2615,Roswell,United States,46230,Arkansas,732 Monterey,1986-08-22
crmid:8938767553,dates2011@gmail.com,Margit,Mcmahon,female,186-367-5256,North Plainfield,United States,25147,South Dakota,1364 Lisbon,1999-04-11
crmid:9711397407,carapo1952@live.com,Roderick,Hart,,604-350-8966,Macon,United States,13441,Indiana,604 Bessie,1985-03-03
crmid:7328137158,aculeate1950@outlook.com,Rigoberto,Sharp,,354-388-1928,Tupelo,United States,44476,New Mexico,745 Wilson,1983-12-14
crmid:9089240964,emirate1893@live.com,Darryl,Avery,,905-882-5774,La Puente,United States,53707,Alabama,889 Byron,1979-09-09
crmid:3165769175,carita1923@yahoo.com,Isaac,Boyle,,668-979-2329,Fort Lauderdale,United States,95023,Washington,483 Hermann,1963-11-17
crmid:9155931197,microlitic1996@outlook.com,Jefferey,Waller,,165-324-4146,Fort Lee,United States,62273,Missouri,935 Fresnel,1963-12-06
crmid:5450581571,fantasize1850@outlook.com,Eli,Lane,,482-371-1338,Mundelein,United States,68228,North Carolina,1057 Woodacre,1994-11-26
crmid:6460405574,palaearctic2059@yahoo.com,Leonie,Sims,female,596-032-1586,Del Rio,United States,32559,Vermont,148 Leona,1954-05-27
crmid:4640270586,ensign1878@outlook.com,Benton,Estes,,440-738-9140,Layton,United States,09668,Texas,546 Bemis,1981-02-07
crmid:2032707005,reshoulder1941@outlook.com,Cole,Salazar,,866-216-6933,Merced,United States,87190,Connecticut,965 Storey,1989-03-21
crmid:1582455179,sophies1949@gmail.com,Kevin,Frazier,,968-205-1463,Laguna Hills,United States,50083,Colorado,464 Lancaster,1979-09-03
crmid:5894561598,spancel1840@live.com,Robin,Perry,,749-323-2967,Laguna Woods,United States,79847,Vermont,163 Retiro,1979-12-28
crmid:6746832985,balcony2016@yandex.com,Sammie,Wilkins,male,207-011-7727,Bozeman,United States,51420,New Mexico,575 Chenery,1940-09-06
crmid:1511851149,cololite1846@live.com,Genaro,Moody,,109-866-7024,Schenectady,United States,53905,South Carolina,689 Saint Josephs,1996-11-11
crmid:9012846023,celebrations1989@yahoo.com,Damian,Phillips,,870-858-6385,Rocklin,United States,57470,South Carolina,133 Temple,1996-11-26
crmid:7809445432,adamczyk1880@yahoo.com,Lino,Goff,male,522-197-6175,Attleboro,United States,38515,Illinois,312 Hussey,1934-06-11
crmid:9776347969,cyanite1992@gmail.com,Amee,Yates,female,832-036-8964,Ennis,United States,89093,Texas,298 Marsily,1960-01-28
crmid:5924237697,bilbo1854@yahoo.com,Tandra,Contreras,female,324-785-5952,Rockville,United States,11832,Wyoming,887 Lapidge,1949-08-07
crmid:9617006538,bastioned1983@live.com,Barney,Mcgowan,male,776-431-6315,San Marcos,United States,00343,Utah,1365 Terry A Francois,1935-01-19
crmid:9359590856,daekon1920@yandex.com,Leonard,Glass,,120-575-1534,Mattoon,United States,06991,Kansas,279 Terrace,1988-01-19
crmid:9408020851,serval1939@yandex.com,Geoffrey,Eaton,male,218-328-9380,St. Matthews,United States,12532,Kansas,773 Knollview,1943-04-09
crmid:6278130155,defoliant2070@gmail.com,Nathan,Haley,,059-568-7949,Salt Lake City,United States,79226,Mississippi,635 Chattanooga,1969-10-10
crmid:5799196061,allthing1854@yandex.com,Erwin,O'neil,,650-530-4577,Reno,United States,66237,Illinois,1328 Gould,1986-10-18
crmid:9102766469,fowl1973@live.com,Noel,York,,456-417-8481,Puyallup,United States,39764,New Hampshire,696 Riverton,1978-01-31
crmid:3515816953,diploplaculate1989@yandex.com,Carey,Jarvis,,921-308-8396,Palm Desert,United States,72254,Connecticut,1315 Newburg,1967-04-01
crmid:4597211886,riverhead1907@yahoo.com,Dave,Garcia,,866-540-3854,Greenacres,United States,35198,Indiana,600 Utah,1968-05-03
crmid:9063578626,moralistic1833@gmail.com,Heath,Knowles,,883-528-9367,West Sacramento,United States,73640,California,1358 Russell,1964-06-09
crmid:4535238997,strumatic1968@yandex.com,Jim,Mullins,male,760-130-5900,Bethel Park,United States,36597,South Carolina,295 Apollo,1938-05-21
crmid:2938988551,dewitte2067@yandex.com,Shu,Castro,female,026-589-0225,Chico,United States,41582,Mississippi,1271 Hudson,1947-08-05
crmid:2873023298,blunter2062@yahoo.com,Russell,Hyde,,523-674-7566,Savage,United States,72045,North Carolina,581 H,1968-04-18
crmid:4549448632,fairish2017@yandex.com,Keira,Logan,female,278-959-4008,Fairfield,United States,59698,South Dakota,248 R,1961-10-09
crmid:9150412939,misogamic2019@live.com,Rosann,York,female,278-979-4840,DeKalb,United States,79864,Kentucky,1152 Angelos,1953-12-14
crmid:4025566839,neanderthal1939@outlook.com,Kenneth,England,,910-781-5164,West Bend,United States,88843,Vermont,537 Marne,1982-04-11
crmid:1697510049,secretive2006@gmail.com,Bernardo,Russell,,894-316-6482,Salinas,United States,38408,Wyoming,402 Pelton,1975-08-27
crmid:4075552127,mistimed1837@gmail.com,Lucas,Vincent,,769-153-9559,Las Cruces,United States,66328,Mississippi,881 Church Access,1981-10-26
crmid:3683489654,salamander1813@live.com,Ian,Cline,,341-845-6902,Moscow,United States,21199,Alaska,672 Guy,1993-05-02
crmid:7030378315,weasel1957@yahoo.com,Benton,Miles,male,836-165-6019,Abilene,United States,02383,Rhode Island,333 Dearborn,1930-01-20
crmid:4985794515,maidenhead2005@outlook.com,Emmie,Sheppard,female,080-959-4369,Eau Claire,United States,15174,Nevada,928 Bacon,1957-03-27
crmid:9894363336,sculpt1855@live.com,Emmett,Soto,,334-976-3851,Huntersville,United States,22171,Connecticut,809 East,1973-04-29
crmid:8588029113,champagnes1915@outlook.com,Nathanael,Boyle,,635-901-0645,New York,United States,77880,Oklahoma,463 Myra,1997-06-24
crmid:1864880468,index1866@gmail.com,Clementina,Schmidt,female,271-946-8008,Coalinga,United States,00912,Washington,291 Hutchins,1948-02-26
crmid:8575734024,snorkeling2053@gmail.com,Roman,Garrett,male,797-664-8261,Philadelphia,United States,03447,Rhode Island,1338 Putnam,1941-08-11
crmid:8509307515,decertation1961@outlook.com,Marx,Nixon,female,861-267-8086,Paramus,United States,91639,Rhode Island,989 Fair,1951-06-21
crmid:7032513559,megaloenteron2061@gmail.com,Bernardo,Deleon,,195-752-3311,Milledgeville,United States,85006,North Carolina,558 Edgemont,1991-02-17
crmid:3761734586,narsinga1993@gmail.com,Willard,Faulkner,,607-868-3792,New Albany,United States,64598,Indiana,1399 Vienna,1995-11-14
crmid:3779898758,procline2003@yahoo.com,Duncan,Flowers,male,618-516-0812,Alamogordo,United States,13732,Texas,986 Fort Funston,1930-03-10
crmid:1864880468,phasianinae1870@gmail.com,Willis,Harding,male,048-609-9964,Cabot,United States,50767,New Hampshire,1231 Augusta,1943-10-13
crmid:8141689836,ameed1951@live.com,Crystle,Collins,female,724-558-9792,Eagle Mountain,United States,95148,Pennsylvania,958 Jerrold,1956-11-18
crmid:6310100065,meatmen1964@yahoo.com,Chung,Langley,,604-592-2949,Warwick,United States,63618,North Carolina,657 Kearny,1973-08-21
crmid:8177915626,demiss1807@outlook.com,Corey,Burns,male,893-345-3403,Seaside,United States,80190,South Carolina,189 Hays,1940-02-04
crmid:6118258630,dhava2028@live.com,Benny,England,,787-753-5699,Fort Myers,United States,38287,Wyoming,688 Roosevelt,1963-05-13
crmid:2220126819,adaptive1881@yandex.com,Chauncey,Callahan,male,784-703-8011,Sand Springs,United States,60111,Virginia,551 Dwight,1936-02-05
crmid:7031825351,cozen1972@gmail.com,Michelina,Medina,female,758-630-9432,Corinth,United States,75018,Kentucky,792 Corwin,1950-12-12
crmid:8898303550,abucco1977@yahoo.com,Brain,Valdez,male,538-182-1527,Alabaster,United States,09235,Mississippi,356 Spencer,1930-01-29
crmid:4094441344,portment1940@gmail.com,Harvey,Hood,male,263-425-5305,Apple Valley,United States,64873,New York,969 Museum,1933-11-08
crmid:7583116208,botanical2028@yahoo.com,Donnie,Newton,,012-094-0254,Post Falls,United States,22463,New Hampshire,62 Keyes,1967-12-08
crmid:7465134991,destructive1932@live.com,Tiffaney,Perez,female,698-540-8366,Rohnert Park,United States,17924,North Carolina,7 Morse,1951-09-23
crmid:4175047548,unfeminize1897@yahoo.com,Jeremiah,Rice,,611-916-7952,Port Orange,United States,43276,Illinois,1269 Montalvo,1987-04-13
crmid:3691341483,overbrush2015@outlook.com,Michael,Byrd,,949-395-0147,Yorkville,United States,48912,Nebraska,1390 Tiffany,1992-01-27
crmid:9546125909,caved1938@live.com,Rudolph,Arnold,,446-338-7241,Plantation,United States,73143,Louisiana,960 Halleck,1978-06-06
crmid:5144565558,leve2041@yandex.com,Jess,Rollins,male,540-593-1664,Rockford,United States,98371,New Jersey,1174 Wabash,1931-05-25
crmid:9905972804,dingley1944@live.com,Zack,Maldonado,,537-789-9494,Simpsonville,United States,42253,Oregon,439 Key,1986-04-06
crmid:3169248613,clepsydra1937@outlook.com,Ria,Stout,female,681-554-2330,Norwich,United States,28884,North Dakota,1045 Forsyth,1999-04-14
crmid:1107201540,occipitoiliac1957@gmail.com,Bert,Chan,male,035-851-2876,Wheeling,United States,01862,Florida,814 Todd,1939-01-06
crmid:6757713650,deathweed1876@yahoo.com,Anthony,Mitchell,female,801-494-3762,Farmington Hills,United States,07027,Texas,229 Conrad,1961-01-20
crmid:6562465551,boran2019@yahoo.com,Rafael,Shepard,,575-950-6963,Libertyville,United States,50434,Oklahoma,691 Waltham,1982-09-14
crmid:1144442634,unreliable1911@yandex.com,Salvador,Davis,male,058-579-1531,Cambridge,United States,59271,Hawaii,262 Rivera,1943-09-08
crmid:1719682119,bondon2002@yahoo.com,Andrew,Webb,female,194-476-3016,De Land,United States,02319,New York,928 Prosper,1953-01-30
crmid:3257106013,preexamines2006@yahoo.com,Rubin,Bradley,,116-010-6563,Menomonee Falls,United States,17427,Tennessee,549 Peek,1989-03-05
crmid:4918850492,brambles1810@outlook.com,Royce,Albert,male,075-219-1936,Stafford,United States,58450,Alaska,17 Truby,1932-08-01
crmid:2694978163,anaesthesis1929@outlook.com,Troy,Spence,,573-373-6418,Kansas City,United States,39595,Vermont,417 Hulbert,1976-06-03
crmid:1699677327,shott2034@yahoo.com,Shelton,Parker,,285-553-4499,Imperial Beach,United States,73666,Texas,392 Maynard,1974-06-12
crmid:1820998013,montrachet1927@gmail.com,Gerry,Riggs,,726-840-3518,Overland Park,United States,24281,Massachusetts,614 Scenic,1966-08-14
crmid:2065442357,engineers1820@yahoo.com,Bernie,Hanson,,081-047-6796,Hopewell,United States,01330,Colorado,917 Lillian,1973-01-09
crmid:1460927947,protrusile2067@yahoo.com,Robbi,Moody,female,676-564-4660,Clarksdale,United States,43708,Arizona,374 Bepler,1948-07-20
crmid:8959689141,unworshipful1892@outlook.com,Colin,Washington,,171-975-8344,Tuscaloosa,United States,54751,Oregon,891 Fairbanks,1998-11-14
crmid:6969548890,biogen1978@live.com,Eldon,Malone,,973-704-2745,Lakewood,United States,92953,Minnesota,533 Vara,1980-07-08
crmid:3400224242,vino1916@gmail.com,Alberto,Dean,,929-263-7019,Mineola,United States,17960,California,92 Hale,1991-02-19
crmid:4243594655,hippuridaceae2043@yahoo.com,Eric,Greer,,467-119-8881,Herndon,United States,71197,New Mexico,155 Safira,1971-05-04
crmid:4261982930,developed1953@gmail.com,Wendell,Mccray,male,910-557-7616,Bridgeport,United States,85572,Georgia,1067 Bonifacio,1941-10-19
crmid:1829313132,henna1953@live.com,Beverlee,Brooks,female,468-519-8561,Norristown,United States,58043,Nevada,1250 Noe,1998-10-21
crmid:8388299953,mink1897@live.com,Lamar,George,,795-513-7085,Liberty,United States,32397,Louisiana,418 Priest,1982-06-08
crmid:9500796994,coseat1811@yandex.com,Eura,Compton,female,154-885-3337,East Peoria,United States,81101,Pennsylvania,907 Mariposa,1957-03-07
crmid:8419716969,pedlers1843@yandex.com,Anthony,Morris,,038-767-0420,Grayslake,United States,27070,Colorado,75 Bayview,1968-04-17
crmid:3004390061,ungladness1981@live.com,Wesley,Dyer,male,143-525-1124,Bell,United States,92931,New Hampshire,1116 Mayflower,1937-10-09
crmid:7646993885,transplantar1917@yandex.com,Cherish,Valencia,female,763-393-2033,East Moline,United States,08896,Tennessee,796 Lakewood,1957-02-05
crmid:8975702225,okinagan1847@outlook.com,Marcel,Mayer,male,947-724-1398,Paso Robles,United States,70510,Maine,655 Pinto,1938-07-18
crmid:6399516213,brightly1956@gmail.com,Kimi,Pena,female,586-465-0880,San Jose,United States,16075,New York,918 Gallagher,1947-05-23
crmid:9606448499,vertebras1831@outlook.com,Dirk,Keller,male,603-738-5606,Bellwood,United States,15725,Louisiana,133 Mateo,1937-03-16
crmid:1638873839,dresser1823@outlook.com,Nicolas,Stewart,,539-861-2117,Medina,United States,13450,North Dakota,594 Oxford,1989-03-02
crmid:5732827700,dona2057@yandex.com,Jesse,Bennett,,932-863-5013,Romulus,United States,92302,Idaho,633 Dakota,1964-04-05
crmid:1160575422,amines2025@live.com,Hung,Fowler,,205-032-3732,Temple,United States,84002,Montana,1183 Century,1987-09-02
crmid:8215389459,bloodsports1889@yahoo.com,Wes,Dillard,,947-694-8415,Kennewick,United States,11765,Maine,359 Brazil,1977-02-28
crmid:9754474679,amaryllis1827@yahoo.com,Kortney,Rocha,female,514-835-4952,New Smyrna Beach,United States,92254,Florida,314 Colby,1997-03-09
crmid:2588769228,blacktongue1857@outlook.com,Chad,Cline,,759-533-1045,Newburyport,United States,42950,Tennessee,230 Chenery,1997-07-30
crmid:5313291757,kindle1907@live.com,Les,Cash,male,485-885-6560,Plantation,United States,90384,Indiana,1022 Clayton,1935-06-05
crmid:1184566418,dragnet1886@yahoo.com,Rory,Maldonado,female,612-371-8327,Coconut Creek,United States,66479,Hawaii,240 Sandpiper Cove,1949-11-28
crmid:6206935586,drummer2056@yandex.com,Amiee,Middleton,female,071-250-9115,North Miami,United States,50187,Kentucky,339 Forest Hill,1998-09-05
crmid:5626893171,posadaship1821@yandex.com,Rico,Harrison,,144-865-0773,Raymore,United States,31846,Wisconsin,6 Bay View,1978-05-07
crmid:8773242378,craniospinal1940@gmail.com,Clayton,Gilmore,,321-189-9034,San Dimas,United States,81493,Arizona,1145 Rankin,1985-03-05
crmid:5261268837,haematins1924@yahoo.com,Randal,Downs,male,536-461-4530,Ankeny,United States,49715,Montana,1393 Fresno,1932-08-08
crmid:6947952255,complainers1929@yandex.com,Cristie,Ramirez,female,281-730-1600,East Ridge,United States,67186,New York,757 Cordova,1957-10-04
crmid:7470302312,brachial2055@yandex.com,Merri,Reyes,female,899-160-1942,Sebastian,United States,95785,New York,69 Genebern,1961-10-12
crmid:7688324949,cosine2019@live.com,Madaline,Jensen,female,451-315-2522,East Palo Alto,United States,83714,Michigan,349 Service,1957-10-11
crmid:2336086178,blizz2031@gmail.com,Cyrus,Fuentes,male,701-124-9365,South Salt Lake,United States,03448,Vermont,368 Eve,1939-02-10
crmid:8524020590,poverty1839@outlook.com,Ike,Branch,male,544-270-6194,Anacortes,United States,60606,Illinois,706 Sonora,1932-11-09
crmid:8892658011,dormouse2034@gmail.com,Otha,Finch,,356-751-8072,Lawndale,United States,85414,Virginia,1171 Letterman,1981-03-18
crmid:2203314848,electroretinography2044@yahoo.com,Chas,Ewing,,365-285-2655,Mequon,United States,12724,Hawaii,1305 Massachusetts,1989-03-20
crmid:3858935740,victorianism1816@outlook.com,Antony,Greene,,904-319-9560,Upper Arlington,United States,27740,Ohio,1199 Balboa,1966-04-26
crmid:7300132345,syphilidography1947@live.com,Mitchel,Johnson,male,978-163-2428,Carlsbad,United States,59429,Washington,509 E,1944-10-14
crmid:1799485129,saltish1992@yahoo.com,Wade,Benjamin,,083-451-3823,Madisonville,United States,58252,Missouri,1046 Campbell,1985-09-20
crmid:8648246311,cassat2034@live.com,Dane,Nunez,,752-380-5535,Lee's Summit,United States,99219,New Mexico,938 Candyland,1982-05-08
crmid:5313291757,constitutions1835@yandex.com,Ken,Dawson,,614-524-7851,Rolling Meadows,United States,40127,Kansas,144 Phoenix,1988-10-02
crmid:5635545323,roccelline1889@yandex.com,Danial,Cardenas,male,637-686-3375,American Fork,United States,11578,Texas,29 Milan,1932-02-05
crmid:9854751688,dinkey1830@yahoo.com,Emelina,Hansen,female,128-672-0287,Raytown,United States,13401,Kentucky,719 Julia,1951-03-12
crmid:8383384356,oncogene1874@gmail.com,Bryce,Gentry,,622-322-4316,St. Charles,United States,65272,California,44 Marcela,1963-12-09
crmid:1008713562,abiding1985@yahoo.com,Boyd,Donaldson,,621-529-8886,Kennewick,United States,74722,Maine,929 Mount,1977-12-31
crmid:5869544563,dates1930@live.com,Deangelo,Carr,,953-752-4928,Olive Branch,United States,98712,Florida,840 Detroit,1985-09-07
crmid:3107027850,hierogamy1989@gmail.com,Francisco,Rodriquez,female,802-250-1072,Muskegon,United States,82510,Vermont,757 Wanda,1994-10-07
crmid:7564083503,chaudry1950@yandex.com,Donn,England,,677-430-1130,Rolla,United States,31011,Maine,792 Ardath,1969-02-22
crmid:8705901412,candida1829@live.com,Agustin,Conrad,,090-341-4630,Methuen,United States,07079,Arkansas,440 Brady,1990-01-08
crmid:6933263315,nonfeverishly1874@gmail.com,Monroe,Garcia,,115-114-2414,Wildwood,United States,33935,Texas,953 Darien,1974-04-10
crmid:1843622989,algerine1962@live.com,Lavern,Dodson,,873-075-3281,Mustang,United States,51928,Massachusetts,1040 Tandang Sora,1995-09-12
crmid:6808909391,anything1825@outlook.com,Olimpia,Osborn,female,182-206-0265,Dallas,United States,36670,Oklahoma,501 Hartford,1952-07-22
crmid:2956957600,hocus1856@live.com,Mason,Marquez,,071-092-6870,Tahlequah,United States,93699,Indiana,1125 Otsego,1996-07-28
crmid:9132216308,nordenfelt2040@outlook.com,Cameron,Casey,,201-713-4825,West Allis,United States,24405,Washington,592 Sawyer,1964-09-16
crmid:1021177919,attune1914@live.com,Heriberto,Hull,,145-002-7385,Los Gatos,United States,72622,New Mexico,459 Williams,1984-12-09
crmid:5534527119,slavophile1817@outlook.com,Andrea,Mccullough,,950-407-8918,Warren,United States,56420,North Carolina,1398 Balceta,1998-08-05
crmid:7230067089,afterimage1858@live.com,Scotty,Garza,,794-032-9511,Winona,United States,65429,Massachusetts,1391 Retiro,1984-08-27
crmid:1130452773,haole2030@outlook.com,Ernesto,Ross,,985-072-4109,Mequon,United States,10154,Pennsylvania,1092 Madera,1989-03-23
crmid:3282512555,sorest1831@gmail.com,Man,Poole,,399-118-7870,Richardson,United States,76791,Colorado,777 Washburn,1993-02-03
crmid:4786719202,endosteum1842@yahoo.com,Kristofer,Conner,,213-399-7241,Harrison,United States,70912,Colorado,332 Golding,1970-12-11
crmid:5011918456,bidens1987@gmail.com,Barry,Hines,,826-778-5324,Turlock,United States,84486,Arizona,169 Plymouth,1981-02-14
crmid:1467362132,rail1889@outlook.com,Bryce,Leon,,845-373-1221,Killeen,United States,09051,Colorado,915 Beaver,1977-01-03
crmid:5787494264,scandic1941@live.com,Shaun,Callahan,female,301-764-8995,Edmond,United States,46823,Alabama,234 Oak,1958-08-05
crmid:1952538754,taurocholate2011@live.com,Vanetta,Dillard,female,063-199-7282,Chesterfield,United States,59340,South Dakota,790 Cooper,1946-09-08
crmid:5718902152,outlivers2043@gmail.com,Wynell,Fitzgerald,female,030-048-1059,Colton,United States,95040,Michigan,55 Banks,1949-11-18
crmid:8165775428,preexamines2068@yahoo.com,Ronny,Knowles,,161-335-5536,Pittsfield,United States,56671,New York,1253 Lombard,1964-11-04
