crmid,email,first_name,last_name,gender,mobile telephone,city,country,zip,state,street address,birthday,creditrating
crmid:7836228025,drumline2012@outlook.com,Karisa,Lott,female,648-049-7655,Denton,United States,26209,South Carolina,1021 Berwick,1954-04-17,1086
crmid:2306376201,pewit2000@outlook.com,Ervin,Webb,male,961-929-8006,Niagara Falls,United States,09553,Rhode Island,331 Reservoir,1997-01-07,2083
crmid:4731025803,cyros1984@live.com,Lavern,Sanchez,,269-888-3345,McHenry,United States,94849,South Carolina,809 Michigan,1988-11-14,2637
crmid:7903969122,anasa2051@yahoo.com,Letisha,Kim,female,602-346-5906,Evanston,United States,32475,Wyoming,223 Lakeview,1960-05-16,878
crmid:3290713746,scumbag1962@outlook.com,Carolin,Savage,female,752-696-6874,East Ridge,United States,08237,Oregon,1328 Hangah,1957-02-26,1632
crmid:4969619897,benjamite1986@yahoo.com,Garfield,Browning,,995-517-6078,Matteson,United States,47417,Alabama,1217 Myra,1988-07-26,848
crmid:8302694124,resubmitted1882@yandex.com,Reggie,Becker,,673-515-7772,Romulus,United States,85804,Kansas,291 Edgewood,1999-05-29,2210
crmid:2049600111,acryl1971@gmail.com,Sonny,Sexton,,009-661-1975,Hoboken,United States,55085,Alaska,686 Campton,1972-09-22,1983
crmid:2314414532,redissolubleness1931@gmail.com,Renaldo,Bass,,696-929-1698,Millbrook,United States,11068,Kentucky,1390 Bercut Access,1991-03-15,410
crmid:2541919019,cocaine1953@yahoo.com,Franklin,Melton,,971-150-9069,Waco,United States,68673,Montana,1231 Glen,1982-05-15,2160
crmid:3284359901,setae2063@gmail.com,Marc,Lambert,,681-466-7826,San Marcos,United States,39325,Utah,272 Battery Caulfield,1979-12-30,416
crmid:2875003346,baboonery2070@outlook.com,Deangelo,Deleon,male,391-474-4526,Aliso Viejo,United States,19653,Georgia,835 Emerald,1931-03-08,2094
crmid:6920921699,alleluia1919@yandex.com,Rod,Page,,992-189-6844,McKeesport,United States,63069,Iowa,530 Van Dyke,1988-11-24,921
crmid:8725731232,documented1804@yahoo.com,Sam,Webster,male,618-384-3639,Bellflower,United States,55930,Tennessee,382 Morgan,1937-10-25,2608
crmid:9133521893,unjewelled1856@live.com,Malik,Merrill,male,295-076-3703,Reynoldsburg,United States,91699,Missouri,574 Garcia,1945-07-20,2197
crmid:1383900179,oliphant1950@outlook.com,Jone,Hansen,female,025-661-5727,Sammamish,United States,23060,Oklahoma,1298 Gloria,1961-04-12,2060
crmid:1418733875,decreers1985@outlook.com,Carmine,Mccray,male,473-990-3329,Urbana,United States,50754,Mississippi,923 Jessie West,1942-11-23,1186
crmid:6158724132,chatting1996@live.com,Filiberto,Mcdowell,,713-321-9361,Lombard,United States,43546,Wisconsin,652 Colin,1984-08-09,2340
crmid:1021072362,claustrum1874@outlook.com,Glen,Bruce,,948-409-6612,Statesboro,United States,73894,Kansas,1183 Clement,1995-05-24,1754
crmid:7442323433,periappendicitis1935@yandex.com,Margarite,Bennett,female,007-010-9205,Yorkville,United States,71012,Iowa,161 Brooks,1951-06-02,612
crmid:1148857285,adena1803@yahoo.com,Nathan,Jordan,,463-619-4889,South Portland,United States,77144,Florida,446 Alert,1989-03-08,1225
crmid:4036211337,claval1956@gmail.com,Alonzo,Mullen,,134-942-6816,Sunrise,United States,89758,South Dakota,1237 Cardenas,1981-09-24,2213
crmid:8459696948,blackleg1927@live.com,Vasiliki,Rutledge,female,268-242-5939,Dinuba,United States,58712,Kansas,1274 Ashburton,1955-09-26,2454
crmid:2925755157,centimeter1803@live.com,Thaddeus,Galloway,male,205-561-3101,Aiken,United States,83692,Colorado,857 Woodland,1930-09-11,2391
crmid:5765829857,amick1982@yahoo.com,Rex,Davenport,,388-929-9134,SeaTac,United States,45800,Indiana,934 Marion,1992-09-17,1501
crmid:8714807483,anilinophilous2002@outlook.com,Rene,Scott,,778-885-9269,Macon,United States,55819,Oklahoma,811 Dorland,1985-09-13,1811
crmid:2470297413,propriety1866@yahoo.com,Johnny,Burch,,239-882-2304,Keller,United States,33128,Kansas,625 Escondido,1977-07-13,1114
crmid:7052230583,frettation2019@live.com,Wayne,Day,,618-665-2383,Hackensack,United States,87562,Hawaii,764 Reardon,1969-02-24,872
crmid:2882068472,angioleucitis1995@live.com,Anibal,Welch,,783-482-6098,Murfreesboro,United States,33999,Alaska,783 Pfeiffer,1994-07-26,1866
crmid:2242686469,faultlessly1877@gmail.com,Avery,Byers,female,511-532-0176,Englewood,United States,60071,North Carolina,292 Clarion,1959-10-28,2994
crmid:7228154097,beylic1804@live.com,Keli,Nicholson,female,780-746-7604,Cypress,United States,66499,Alabama,353 Sutter,1952-10-09,849
crmid:9551670539,elegances1845@outlook.com,Scot,Cantrell,,645-065-7797,Vicksburg,United States,73055,Texas,1051 Cashmere,1969-08-01,485
crmid:2606801574,leases1894@yahoo.com,Neoma,Humphrey,female,530-209-8617,Woburn,United States,82448,Idaho,1208 Second,1961-07-15,365
crmid:5047936513,nonseriousness1956@outlook.com,Wilbur,Ramsey,,889-209-1652,Milledgeville,United States,35775,Tennessee,195 Linda,1991-06-19,1830
crmid:2235361921,schipperke1948@yahoo.com,Modesto,Campbell,male,300-838-5939,Santee,United States,80139,Mississippi,80 Marietta,1934-07-05,2946
crmid:6637841568,supershow1915@outlook.com,Horacio,Rowland,,630-110-5641,Frankfort,United States,52256,Iowa,1381 Dudley,1963-09-12,2303
crmid:8348557822,blaze2048@yahoo.com,Don,Mcfadden,,615-332-8847,Green,United States,57381,Maryland,660 Somerset,1968-10-10,2303
crmid:4531427734,bakers1993@outlook.com,Raymonde,Brennan,female,519-295-0250,Desert Hot Springs,United States,45857,Missouri,1102 Rosemary,1954-07-04,2858
crmid:8949021160,fahey1802@live.com,Percy,Green,,859-995-2778,Homestead,United States,43934,Rhode Island,555 Albatross,1973-08-03,2303
crmid:1519733738,slavophile1973@yahoo.com,Clyde,Contreras,male,536-942-2852,Mukilteo,United States,81183,Oregon,1193 Moscow,1994-01-04,523
crmid:3847699439,misnomer1987@yahoo.com,Arthur,Pickett,female,705-039-2159,Derby,United States,99877,Michigan,1152 San Jacinto,1954-10-30,1041
crmid:9921743924,reversible1862@live.com,Jefferey,Holden,male,863-507-6490,Toledo,United States,09412,Hawaii,1056 Molimo,1933-05-14,2107
crmid:1936780476,dabber1903@gmail.com,Lawrence,Huber,,373-157-2544,State College,United States,49713,South Dakota,4 Canby,1987-10-06,1163
crmid:4916535197,bronze1987@outlook.com,Harley,Bush,,055-832-7790,New York,United States,23253,Arkansas,1057 Tara,1997-05-10,1877
crmid:3830983554,habilimented1953@live.com,Jess,Wade,,609-996-2470,Hilton Head Island,United States,05339,Maryland,60 Kramer,1972-02-22,593
crmid:1127501232,semiticism1911@live.com,Ricardo,Baker,,989-891-7852,Villa Park,United States,30710,Georgia,765 Gold Mine,1973-10-03,1165
crmid:7500864876,somali2012@yandex.com,Aldo,Conner,,221-258-9896,Muskogee,United States,94600,Georgia,1233 Harlem,1994-08-15,1170
crmid:2085050482,smokers1842@gmail.com,Dorsey,Cherry,,381-694-2025,Keizer,United States,81180,Tennessee,244 Capra,1976-05-06,2877
crmid:6644982963,oxeyes1898@live.com,Angelika,Baxter,female,688-459-4254,Pittsfield,United States,27092,Illinois,1330 Ecker,1958-12-31,2202
crmid:2670271806,outlivers2005@outlook.com,Virgil,Ratliff,,391-643-6668,Lake Elsinore,United States,56867,Oregon,1393 Patterson,1980-10-04,951
crmid:4447278232,acrite1813@yahoo.com,Stevie,Howe,male,101-125-7621,Cathedral City,United States,53010,Connecticut,370 Ellert,1945-09-15,716
crmid:6957141808,dotes1929@yandex.com,Kirby,Nieves,female,886-257-7574,New Albany,United States,26842,Vermont,34 Massachusetts,1995-04-09,1815
crmid:7624582006,jujube1828@live.com,Jorge,Marsh,,359-743-2130,Santa Rosa,United States,55816,Oklahoma,1221 San Diego,1993-09-14,1152
crmid:2621337264,amick2034@gmail.com,Spencer,Castro,,912-672-5776,Turlock,United States,34561,New Jersey,289 Drake,1981-02-15,2328
crmid:1189353857,barb1801@gmail.com,Todd,Allison,,161-601-2596,Holly Springs,United States,74790,Rhode Island,368 Adele,1972-09-14,608
crmid:6201485624,oxides1880@live.com,Dannie,Mcneil,,872-411-7031,Macomb,United States,87725,New Hampshire,322 Montezuma,1985-09-25,647
crmid:9829026902,caggy1841@gmail.com,Trinity,Cannon,female,590-910-4854,Pearl,United States,15069,New Mexico,766 West View,1946-11-17,2786
crmid:7165018524,sourish1955@gmail.com,Janean,Huber,female,857-526-2786,Eureka,United States,20899,Delaware,1165 Melba,1960-04-15,2366
crmid:9735848304,desiderative2029@gmail.com,Yong,Gates,male,599-394-4325,Bakersfield,United States,58479,Mississippi,5 Lucky,1935-10-11,1040
crmid:6702625932,antivirus1966@yahoo.com,Fe,Lamb,female,977-669-6238,Pampa,United States,21533,Ohio,926 Knollview,1960-03-17,2372
crmid:2733798659,endowed1805@yahoo.com,Genesis,Griffith,female,083-668-3049,Waukegan,United States,78539,Ohio,499 Alvord,1961-09-06,1426
crmid:2909308963,ravish1966@live.com,Lindsay,Sykes,,387-605-1511,Medina,United States,95253,New Jersey,656 Manseau,1989-09-27,465
crmid:8068996022,finch1844@gmail.com,Jamee,Mejia,female,505-896-7680,San Gabriel,United States,25067,Minnesota,1160 Brussels,1956-04-20,2534
crmid:2436163854,cytherea1848@yahoo.com,Vincenzo,Slater,male,065-309-3491,Broadview Heights,United States,53980,Rhode Island,410 Taber,1941-10-27,2389
crmid:8081347432,kurikata2036@gmail.com,Basilia,Page,female,843-799-2242,Mukilteo,United States,26181,Nevada,917 Skyline,1994-04-02,2848
crmid:6847572005,dennie1984@yahoo.com,Hayden,White,,184-791-4927,Imperial Beach,United States,37238,Mississippi,209 Whitney Young,1974-06-02,2307
crmid:8075321128,auberge1894@live.com,Shakira,Hawkins,female,117-601-1297,Walla Walla,United States,54411,Idaho,730 Paradise,1996-03-15,1155
crmid:3622623275,nonscraping2042@live.com,Rodrick,Stanley,,362-103-4837,Santee,United States,45601,Montana,972 Coral,1984-10-19,2464
crmid:4610612712,bloodshedder1840@outlook.com,Ferdinand,Phelps,,776-760-4146,Jonesboro,United States,13715,Ohio,571 Carter,1976-04-14,1839
crmid:3908938808,cloherty1802@yandex.com,Jacquie,Colon,female,808-641-2138,Del Rio,United States,72163,Georgia,308 Bergen,1954-12-26,2929
crmid:7534343280,bidden1804@live.com,Burt,Rodriquez,,078-629-6427,Syracuse,United States,51580,Nebraska,64 Aloha,1994-05-07,583
crmid:1145406816,speechlessly1985@yandex.com,Tamica,Brewer,female,116-693-6594,Elmwood Park,United States,42346,South Dakota,1230 Onique,1959-08-04,890
crmid:5440558818,octopus1935@yandex.com,Boris,Mejia,male,539-601-1289,Mundelein,United States,60725,Virginia,300 Jack Kerouac,1994-11-01,2328
crmid:8880130017,dabber1937@yandex.com,Fletcher,Lambert,,558-132-6863,Owatonna,United States,37298,Indiana,275 Summit,1969-11-26,2991
crmid:4861881696,roving1898@yahoo.com,Tyrell,Garrison,male,508-836-0519,Bullhead City,United States,59258,Illinois,1013 Whitney,1942-09-11,2361
crmid:1292122054,appointment1952@outlook.com,Leland,Mcmillan,male,573-335-3565,Bridgeton,United States,35939,Alaska,624 Morning Glory,1941-06-20,1165
crmid:8016704648,hemoglobin1909@yandex.com,Bradley,Stokes,male,170-600-6602,Belton,United States,01681,Arizona,1383 Commercial,1937-01-28,1220
crmid:6810870501,circle2023@outlook.com,Janee,Griffith,female,817-292-8923,Daly City,United States,72354,California,973 East Fort Miley,1952-04-12,2137
crmid:9283610547,cagatay1978@yandex.com,Fredric,Johns,male,108-180-9783,Valdosta,United States,16410,Nevada,24 Arago,1944-11-07,2147
crmid:8421057686,prawn1835@gmail.com,Son,Meyer,female,925-005-9012,El Dorado,United States,41579,Vermont,1040 Varney,1958-08-20,2793
crmid:3381917429,hemimetabola1838@live.com,Janae,Hines,female,926-661-5144,Clarksburg,United States,24092,South Carolina,1296 Quarry,1948-04-14,304
crmid:5220125831,whitherso1975@gmail.com,Fletcher,Ochoa,male,100-910-2946,Shaker Heights,United States,60760,Michigan,244 Brush,1937-11-25,2190
crmid:9180822315,btl1917@yandex.com,Britt,Peterson,male,893-969-8508,Bloomington,United States,96978,Washington,1183 Hanover,1939-12-20,1865
crmid:1774449344,polybrid2058@yandex.com,Jonie,Solis,female,315-867-1719,Rexburg,United States,28253,Georgia,1228 Falmouth,1960-04-27,2258
crmid:3145604464,widegap1832@yandex.com,Dominick,Daugherty,,021-392-9587,Hackensack,United States,46122,California,74 Acacia,1969-08-31,1266
crmid:5383280201,contemplative2031@live.com,Lamont,Hoover,male,365-980-0083,Scranton,United States,53789,Missouri,925 Wallace,1930-06-14,2414
crmid:2430075855,coner1843@gmail.com,Tijuana,Merritt,female,817-194-1577,Eau Claire,United States,50081,Washington,268 Redwood,1957-09-20,1729
crmid:1140975982,auric1967@gmail.com,Stanley,Cantu,male,003-627-3609,Angleton,United States,59886,Ohio,21 Avenue M,1932-09-05,2497
crmid:2346311224,caribous1882@gmail.com,August,Hunter,,278-840-4160,Oakdale,United States,49094,Nevada,506 Edgardo,1982-07-03,2316
crmid:5522828786,censored1819@yahoo.com,Kellye,Valencia,female,717-423-5368,Villa Park,United States,22307,Illinois,19 Mcnair,1959-05-29,484
crmid:2271664107,prodissolution1941@gmail.com,Larae,Logan,female,292-459-8447,Fayetteville,United States,89545,Tennessee,421 Saint Josephs,1961-05-17,1251
crmid:8047613704,bellboy2046@yandex.com,Jefferey,Marsh,,524-915-5032,Leesburg,United States,50975,Massachusetts,1310 Sibley,1982-10-06,1610
crmid:4467131372,cuscus2035@outlook.com,Becki,Padilla,female,610-298-3559,Omaha,United States,16299,Wyoming,946 San Felipe,1949-01-22,1541
crmid:2050715236,viva1932@gmail.com,Hiram,Knowles,male,661-600-5966,Bainbridge Island,United States,27026,Utah,367 Henry,1935-05-16,1147
crmid:1898529848,protologist2063@outlook.com,Aldo,Moran,male,031-851-7280,Rocky River,United States,00665,Alaska,763 Fillmore,1940-11-01,607
crmid:8156027261,linemen2008@live.com,Carmelo,Leach,male,438-916-7222,Aliso Viejo,United States,04674,Nebraska,715 Zoo,1931-02-17,2013
crmid:1375445594,baboonery1875@gmail.com,Maragaret,Sandoval,female,491-748-8133,Duncanville,United States,38014,Alaska,972 Delgado,1956-06-26,967
crmid:4297370476,offside1931@gmail.com,Elijah,Frank,,189-623-0831,South Lake Tahoe,United States,75199,Vermont,616 Everson,1974-10-13,734
crmid:7140531714,newt2004@gmail.com,Roselia,Lancaster,female,125-808-5306,Muskogee,United States,15629,Oklahoma,445 Bepler,1994-03-14,2547
crmid:8797544987,kiwifruit1967@yahoo.com,Alex,Hughes,male,531-065-2209,Algonquin,United States,07873,North Dakota,372 Mountain Spring,1931-01-15,2880
crmid:8864304682,elberta1829@gmail.com,Bill,Gamble,,087-644-5773,Natchitoches,United States,98357,Wyoming,649 Berry Extension,1995-07-16,2237
crmid:3616527802,decatur1862@yahoo.com,Charlena,Forbes,female,412-915-2235,Encinitas,United States,03233,Kentucky,1202 Carnelian,1959-02-10,928
crmid:4807415932,arghan1957@gmail.com,Angelo,Vega,,618-940-6271,Oklahoma City,United States,28494,Maryland,1315 Saroyan,1966-05-28,530
crmid:7361630180,despoiler1928@outlook.com,Tamekia,Warren,female,347-270-0861,Slidell,United States,14687,Missouri,154 Rincon,1951-08-30,898
crmid:1005584427,graciousness1883@gmail.com,Bruno,Weiss,,552-415-8057,Sammamish,United States,31100,Tennessee,322 Edward,1968-08-07,2537
crmid:1838215671,nebraskan1943@outlook.com,Scot,Walker,,575-316-3157,Rockville,United States,77369,Minnesota,690 Kenneth Rexroth,1969-12-06,2858
crmid:6812990267,baited1909@gmail.com,Lenny,Phillips,,411-198-0984,Virginia Beach,United States,55508,Vermont,189 Mississippi,1966-09-17,1050
crmid:3703969777,abrasax2029@yahoo.com,Johana,Hoover,female,886-842-4220,Pembroke Pines,United States,12398,Montana,1327 Peninsula,1949-04-14,1496
crmid:6078537027,carburator1916@yahoo.com,Don,Pittman,male,760-866-0690,Amarillo,United States,51872,Wisconsin,1326 Jewett,1932-10-28,571
crmid:6296232576,chengwei1924@outlook.com,Broderick,Black,,134-878-3565,Greenwood,United States,35079,Indiana,625 Fuente,1968-06-17,656
crmid:5963312824,dominiqu2040@outlook.com,Macy,Rose,female,150-710-0441,Weston,United States,28706,Oklahoma,329 Scotia,1961-11-29,1321
crmid:9871119371,chukchi1859@outlook.com,Danny,Mathis,,017-222-4750,Lockport,United States,10576,Vermont,1313 Conrad,1983-03-10,2538
crmid:7660274911,plemochoe1949@yahoo.com,Ivan,Evans,,636-713-6536,Victorville,United States,47022,Alaska,712 Mersey,1986-04-24,2040
crmid:8734307875,dispassioned1931@yahoo.com,Tim,Branch,,759-899-6198,Littleton,United States,52303,South Carolina,931 Ignacio,1983-09-07,912
crmid:5895273222,watersoaked2060@yahoo.com,Nathanial,Holden,,710-796-7642,Houma,United States,97343,North Carolina,1125 Verdi,1973-12-03,2801
crmid:3975733830,basnet1850@outlook.com,Dominic,Evans,,162-813-7552,Libertyville,United States,83729,Vermont,384 Cherry,1982-06-11,1996
crmid:7774689760,kiwifruit2042@live.com,Rolando,Parsons,,816-524-7605,Los Altos,United States,77467,Virginia,309 North Point,1984-12-03,1073
crmid:1112603405,executed1844@outlook.com,Malka,Hensley,female,811-208-2591,Roanoke Rapids,United States,28455,Louisiana,350 Legion Of Honor,1959-12-28,592
crmid:7469837415,autogiro1901@live.com,Emil,Charles,male,379-684-0115,Ada,United States,18438,Minnesota,1244 Daniel Burnham,1930-03-06,635
crmid:6568001764,blindeyes1878@yandex.com,Carmelo,Snyder,,724-013-6181,Idaho Falls,United States,82983,Idaho,314 Crane,1974-12-10,2585
crmid:5438220057,chromatics1999@yandex.com,Refugio,Wiley,,579-911-4954,Northampton,United States,30896,New Hampshire,617 Tulane,1999-06-15,1458
crmid:2275799724,baited1842@live.com,Toshia,Fernandez,female,185-192-6668,Post Falls,United States,51247,Colorado,52 Fontinella,1997-03-17,2673
crmid:6167005979,confab1801@live.com,Dillon,Blankenship,male,974-967-9632,Walker,United States,06040,New Hampshire,409 Ramona,1930-11-21,1310
crmid:3144215046,semiliquidity1858@yandex.com,Evelynn,Bonner,female,495-481-7058,Corinth,United States,11149,Ohio,913 Warren,1950-03-03,2280
crmid:1605410061,reabandoned2068@gmail.com,Kip,Ortiz,male,928-457-7548,Central Point,United States,30960,Texas,817 Rice,1945-06-22,942
crmid:4842552378,cordoba1867@outlook.com,Chase,Mcleod,,914-244-6661,Sun Prairie,United States,84016,Pennsylvania,1263 Maryland,1988-02-24,997
crmid:1068712672,overdignifiedly1833@outlook.com,Breana,Small,female,597-495-9172,Duncanville,United States,90715,Tennessee,966 Underwood,1956-01-27,1418
crmid:8084486134,artaba1931@gmail.com,Lloyd,Mcclain,,424-393-5139,West Des Moines,United States,41312,New Hampshire,864 Grand View,1983-03-06,2502
crmid:6986465587,benedicta1997@live.com,Roosevelt,Dodson,,154-170-8854,Pottstown,United States,82244,Missouri,469 Fredson,1967-07-08,1244
crmid:7733293251,appleblossom1950@outlook.com,Javier,Holmes,,862-886-8118,La Mirada,United States,40929,Pennsylvania,1379 Adair,1978-08-12,644
crmid:6878893023,bedlamic1956@live.com,Edmund,Patterson,male,100-116-0661,Nicholasville,United States,79667,Illinois,114 Vandewater,1997-01-30,1799
crmid:4869755175,photon2006@yandex.com,Jimmie,Hall,,548-435-7941,Van Buren,United States,83183,Virginia,931 Fredela,1978-02-04,801
crmid:8599794418,crane1951@gmail.com,Hubert,Witt,,621-010-7999,Lynbrook,United States,10590,Washington,608 Laurel,1985-03-24,464
crmid:6409913379,buttered1985@live.com,Guy,Hodge,male,104-967-9281,Bixby,United States,24008,Texas,1120 Pine,1939-04-14,742
crmid:4766381224,alterman1918@gmail.com,Dewayne,Mclaughlin,,183-076-4619,North Lauderdale,United States,86461,Arizona,1209 Dichiera,1998-05-20,2573
crmid:3965811935,nonflexibleness1842@live.com,Clay,Gross,,132-954-7207,West Memphis,United States,38281,Minnesota,925 Richard Henry Dana,1970-05-29,2991
crmid:6086056934,acana1921@yahoo.com,Leonardo,Simpson,,570-402-5485,Normal,United States,52032,Kansas,1229 Nordhoff,1998-09-22,1027
crmid:1193879179,decoys2000@yandex.com,Belia,Chandler,female,738-293-4040,Dickinson,United States,01787,Mississippi,680 Boyd,1955-01-06,1139
crmid:1840707851,restrict1925@yandex.com,Lasandra,Whitehead,female,275-921-3377,Temecula,United States,91912,Oregon,422 Hooker,1955-05-31,1499
crmid:4603261810,casualist1812@live.com,Ariel,Sullivan,,973-167-9832,Hendersonville,United States,00040,Utah,702 Capra,1971-01-20,860
crmid:4707499908,calepin1839@yahoo.com,Paris,Lane,,840-751-5423,Sparks,United States,79229,North Carolina,593 Missouri,1981-04-08,571
crmid:3016552743,alidia1996@outlook.com,Lory,Carrillo,female,778-476-0061,Spanish Fork,United States,23596,Wyoming,294 Saint Charles,1956-11-11,528
crmid:3961218498,cotys2024@gmail.com,Reuben,Hawkins,male,446-182-3041,Brentwood,United States,40444,South Carolina,356 Dewitt,1941-08-13,1033
crmid:5730979580,coleridge2028@live.com,Denver,Serrano,,342-218-2134,Lawton,United States,54137,New Hampshire,652 Hillside,1981-10-02,535
crmid:5103017901,potsie1820@outlook.com,Gerald,Martinez,male,999-994-1938,Nicholasville,United States,99899,Oklahoma,84 Battery Caulfield,1997-09-01,2376
crmid:8915847368,orthodox1978@yandex.com,Erin,Vega,,736-558-1848,Gastonia,United States,62378,Idaho,68 Miles,1965-11-29,2807
crmid:7130149717,italy2014@gmail.com,Tyler,Chavez,female,180-648-3083,Coral Springs,United States,50418,Connecticut,965 Treasury,1950-09-06,2380
crmid:4489257313,dogtag1844@gmail.com,Alease,Good,female,145-036-5247,Davenport,United States,00778,Colorado,250 Mayfair,1953-01-11,853
crmid:7695246499,human1839@gmail.com,Lawrence,Hale,,323-958-6831,Leander,United States,07300,Michigan,1299 Holland,1981-02-15,1376
crmid:8742720276,assays1857@gmail.com,Dennis,Hicks,male,258-111-7518,Baldwin,United States,10643,South Carolina,324 Dixie,1935-03-14,985
crmid:5766843955,bardolph1832@live.com,Buck,Levine,,815-686-4301,Mount Juliet,United States,93851,Oregon,275 Boylston,1993-11-11,2993
crmid:8917192101,raphia2052@yandex.com,Gabriele,Gates,female,403-536-9916,Starkville,United States,71276,Alaska,65 Ruth,1948-03-11,714
crmid:4737852526,signal1993@outlook.com,Numbers,Murray,female,217-578-2531,Sayreville,United States,61666,Oregon,1228 Northern,1954-07-21,788
crmid:4125965789,perfusate1855@live.com,Pierre,Wiley,male,263-565-8302,Rowlett,United States,99966,Connecticut,953 High,1936-08-31,1427
crmid:1221472379,deere1872@gmail.com,Harold,Garrison,female,134-969-9488,Tiffin,United States,97101,South Dakota,45 Delaware,1958-12-19,880
crmid:1853919515,herbosity1955@live.com,Hilton,Justice,,948-922-7571,Livonia,United States,78474,Pennsylvania,1368 Lincoln,1983-12-08,837
crmid:1398766828,axoplasms1866@gmail.com,Anderson,Best,male,829-273-1414,South El Monte,United States,60015,Utah,77 Kalmanovitz,1994-02-01,2680
crmid:1957503806,carbineer2045@live.com,Vertie,Tucker,female,381-402-3484,Vineland,United States,68549,New Mexico,648 Brighton,1950-09-29,879
crmid:3246285288,discordia1923@yandex.com,Sean,Matthews,male,929-072-3836,Bellwood,United States,56192,Kentucky,56 Hollis,1937-09-18,1560
crmid:3380990631,snobby2005@yahoo.com,Dennis,Reynolds,,355-731-1381,Spokane Valley,United States,30134,Mississippi,1062 Milton I Ross,1973-03-03,1477
crmid:8435889359,fluyt1953@live.com,Edgardo,Robles,,865-452-1899,Hialeah,United States,45164,Maryland,1244 San Pablo,1971-08-11,2883
crmid:4792247888,erlenmeyer1899@outlook.com,Spring,Kent,female,255-819-3785,Euless,United States,94691,Iowa,1125 Whitney,1960-08-16,820
crmid:8315873732,cardiff2016@yandex.com,Vince,Richmond,,976-722-9988,South El Monte,United States,67552,Nevada,901 Clipper,1980-12-10,2410
crmid:7614640321,arock1917@yandex.com,Robbie,Delgado,male,568-815-0803,Rocklin,United States,02667,Alaska,471 Wattson,1941-08-08,2806
crmid:5114602828,prolongating1863@live.com,Edward,Frye,,693-175-2625,Mobile,United States,24814,Delaware,1398 Campton,1992-04-30,1852
crmid:4990430775,starlighted1995@yandex.com,Delmar,Vang,male,004-557-2114,South Milwaukee,United States,18130,Alaska,1337 San Pablo,1944-03-29,2785
crmid:2229674507,subadars1805@yandex.com,Tonette,Armstrong,female,054-310-7684,El Monte,United States,90620,Arizona,982 Waltham,1958-09-01,1103
crmid:8378722156,tapadera1831@yandex.com,Ira,Jennings,male,341-300-2020,Ossining,United States,04272,Maine,541 Dolores,1931-05-15,784
crmid:7200117686,culinary1950@yandex.com,Xenia,Scott,female,143-642-9890,Cypress,United States,56815,West Virginia,1108 Coleman,1952-09-26,2841
crmid:9340390039,lithoclase1864@yandex.com,Trent,Noble,male,449-048-7666,Roanoke Rapids,United States,06667,Oregon,202 Mclaren Lodge Access,1932-09-21,821
crmid:5179422465,seiner1892@gmail.com,Earnest,Patel,male,318-974-9238,St. Petersburg,United States,01191,Montana,10 Florentine,1935-10-06,2205
crmid:8411555728,bahamian2061@outlook.com,Keenan,Peterson,male,834-482-9553,Whittier,United States,70935,Wisconsin,28 Temescal,1997-01-29,1414
crmid:7872120567,caggy1919@outlook.com,Hans,Tanner,,849-407-8011,Lindenhurst,United States,25868,Texas,1300 Harrison,1983-05-02,1397
crmid:7789418974,corsair1877@live.com,Marcel,Burt,,134-019-2914,North Miami,United States,66582,Delaware,837 Phelps,1998-11-14,580
crmid:1392574439,slavonian2024@yandex.com,Sang,Moody,,105-230-2811,Sherwood,United States,23964,California,435 Country Club,1962-06-14,1093
crmid:6412206265,ticky1922@outlook.com,Maia,Powers,female,838-328-6073,Petersburg,United States,76876,Oregon,489 Bergen,1946-06-24,1470
crmid:4361163666,loris1820@yandex.com,Norberto,Flores,male,200-164-5502,Carpentersville,United States,48445,Arkansas,1223 Elmira,1944-07-10,2516
crmid:3475911082,aubert2024@gmail.com,Parker,Gibson,,951-608-5168,Newport News,United States,91130,Arkansas,275 Theresa,1997-07-07,1043
crmid:9108417971,amarelle2031@yahoo.com,Lacy,Melton,,248-021-2717,Roseburg,United States,76739,Rhode Island,918 Mclaren,1999-11-17,812
crmid:6403980796,censored1946@yahoo.com,Latarsha,Lancaster,female,929-184-8268,Plattsburgh,United States,71562,North Dakota,521 Le Conte,1948-05-17,2484
crmid:9722325429,dress2060@yahoo.com,Lanny,Mayo,,031-235-1643,Minneapolis,United States,72552,Washington,925 Tehama,1991-12-28,433
crmid:2847440328,claustrum1828@yahoo.com,Micah,Underwood,male,099-841-8578,Cape Girardeau,United States,42080,Idaho,331 Clarendon,1944-07-29,2385
crmid:6142814164,crabby1967@outlook.com,Byron,Phillips,male,734-214-9596,Saratoga Springs,United States,80707,Pennsylvania,278 Mary,1933-02-23,2092
crmid:9164432513,abroad1874@yahoo.com,Rupert,Conrad,,809-763-0598,Taylor,United States,84271,Michigan,1282 Diamond Heights,1982-04-08,1155
crmid:5048205883,thob2005@yandex.com,Waneta,Stewart,female,725-565-6324,Emporia,United States,59046,Virginia,823 Uranus,1959-09-28,2375
crmid:4509100578,capelin1900@outlook.com,Cyrus,Mills,,289-033-2305,Strongsville,United States,93165,Illinois,535 Reed,1974-06-03,2380
crmid:1665328321,requestor1822@outlook.com,Yen,Jackson,female,095-090-8798,Thousand Oaks,United States,85540,Arizona,1208 Marview,1952-09-15,390
crmid:7830887050,anaconda1918@gmail.com,Laverne,Mccormick,male,021-156-6357,Birmingham,United States,75157,Tennessee,840 Legion,1939-12-12,300
crmid:6246383112,apartness2021@outlook.com,Major,Wolfe,male,670-907-5497,Bayonne,United States,79539,Connecticut,130 Payson,1936-07-31,1839
crmid:2167760725,oversshot1885@gmail.com,Chadwick,Norton,male,612-421-0276,Blaine,United States,07861,Texas,319 Gould,1939-02-22,869
crmid:8821993608,wormer1864@yandex.com,Stewart,Black,,741-487-0144,Webster Groves,United States,76915,Indiana,257 Chase,1980-11-30,1747
crmid:7329874522,embryon2056@live.com,Ed,Hopkins,,832-695-9760,Pompano Beach,United States,22135,Pennsylvania,515 Macarthur,1963-03-09,1905
crmid:1362539450,boatly1994@gmail.com,Carlton,Torres,,106-624-1707,Hemet,United States,33980,Missouri,352 Stanford,1971-06-09,1590
crmid:3588184967,collard1984@yandex.com,Vanita,Cameron,female,850-676-0256,Edwardsville,United States,56258,Mississippi,1128 Kramer,1958-09-05,2637
crmid:3906593985,ardith1882@yandex.com,Josue,England,male,936-265-2581,Pensacola,United States,81323,North Carolina,1289 Mission Rock,1945-06-09,2008
crmid:5209229115,lining1891@live.com,Willard,James,,720-334-9687,Prescott,United States,53585,New York,366 Ellis,1992-06-23,890
crmid:5225440002,completing2017@outlook.com,Geraldo,Campbell,,938-750-7218,Midlothian,United States,96910,New Jersey,425 Nantucket,1990-08-20,382
crmid:5923084408,torpor1863@gmail.com,Harrison,Craig,male,667-652-4985,Adelanto,United States,26727,Ohio,1086 English,1930-04-07,1291
crmid:6866322832,roccelline1942@yahoo.com,Dale,Carroll,,927-841-9443,Orland Park,United States,34613,Louisiana,608 Jules,1972-09-15,763
crmid:9945553291,pendative1859@yandex.com,Kristofer,Maynard,male,751-970-8610,Owatonna,United States,96159,Minnesota,265 Conservatory,1944-06-18,2280
