crmid,email,first_name,last_name,gender,mobile telephone,city,country,zip,state,street address,birthday
crmid:6409822814,ammeter2011@outlook.com,Anderson,Mclaughlin,,153-145-9874,Simpsonville,United States,58309,California,42 Concord,1980-01-26
crmid:4096946248,sturmian2036@outlook.com,Renaldo,Ballard,,979-597-9044,La Mirada,United States,64458,New Jersey,1165 Reeves,1978-11-05
crmid:3536279982,traist1825@live.com,Brant,Pena,,578-377-9212,San Luis,United States,54430,West Virginia,325 Seville,1999-10-14
crmid:3422778297,barriere1952@yahoo.com,Bennie,Bowers,male,030-298-4414,Sanford,United States,90012,Arizona,775 Oak Hills,1938-01-03
crmid:5164848866,accosting2051@live.com,Marshall,Schultz,male,320-328-1002,Casselberry,United States,63486,Tennessee,1289 Spring,1945-11-26
crmid:7204519557,fox1944@yahoo.com,Judson,Clark,male,777-330-4375,San Gabriel,United States,73910,Rhode Island,1248 Fallon,1939-06-06
crmid:6826182069,sirvent1868@outlook.com,Reggie,Kramer,male,005-470-0064,Cedar Park,United States,45711,Arizona,838 Child,1945-08-17
crmid:7927211019,limns1999@gmail.com,Haywood,Decker,,134-184-3411,Ocoee,United States,57229,Alaska,1025 Oriole,1998-06-25
crmid:3366090648,broom1823@yandex.com,Willie,Edwards,,452-485-4349,Yonkers,United States,32359,Minnesota,272 Belgrave,1972-09-09
crmid:6125641703,cautions1834@outlook.com,Helaine,Chen,female,187-764-9158,Pocatello,United States,61750,Oregon,935 Davidson,1959-04-06
crmid:6025343042,stickups1864@live.com,Vern,Hoover,,171-179-1559,Montgomery,United States,35441,Hawaii,497 Willard,1992-06-05
crmid:1469259106,thymol1850@yandex.com,Johnnie,Delgado,,855-855-6355,Kyle,United States,78657,Wyoming,471 Longview,1978-06-29
crmid:6639124834,restrict1969@yahoo.com,Monty,Knox,male,527-602-2946,Alton,United States,64235,Louisiana,593 Mariposa,1931-12-14
crmid:1147945810,spondulics1956@yahoo.com,Parker,Drake,,519-700-9077,Rancho Palos Verdes,United States,62621,Illinois,363 Transbay Hump,1969-05-05
crmid:5313675999,eamonn2051@yahoo.com,Betsey,Watkins,female,605-593-6833,Federal Way,United States,80876,Mississippi,1008 Forsyth,1961-01-30
crmid:4616129720,birretta1862@yahoo.com,Nicolas,Buckner,,337-780-6838,Wadsworth,United States,94274,Massachusetts,250 Caselli,1983-12-08
crmid:4896497072,uncovenant1980@yahoo.com,Jamie,Puckett,,826-907-3077,Menasha,United States,40753,New Hampshire,577 Sunview,1989-08-04
crmid:5433996974,guidon1817@gmail.com,Darell,Fuller,,905-619-2947,Grants Pass,United States,74103,Texas,61 Ripley,1967-05-15
crmid:8925594616,thingumadoodle1834@gmail.com,Robt,Waller,male,578-705-8307,Brooklyn Center,United States,79005,Washington,152 Badger,1942-12-16
crmid:3338477352,aurore1928@live.com,Vito,Mathis,,269-804-9381,Jefferson City,United States,33575,Oklahoma,513 Wilson,1975-06-16
crmid:9746523099,blasted1963@gmail.com,Doyle,Hopper,male,353-334-0276,Big Spring,United States,18717,Iowa,663 Oak,1939-03-14
crmid:8709743782,unmelted2066@live.com,Brian,Burt,,898-697-9897,Jeffersonville,United States,14814,North Dakota,425 Lake,1975-02-26
crmid:1696727679,aouad1813@live.com,Jacob,Brooks,male,330-795-9023,Arcadia,United States,26703,Minnesota,44 Mccarthy,1933-05-04
crmid:8966379945,prisons1970@live.com,Lynetta,Phelps,female,284-142-0457,Eastpointe,United States,87532,Pennsylvania,885 Rivera,1957-06-23
crmid:5859886596,misnames1851@yandex.com,Deandra,Bishop,female,112-868-3685,Faribault,United States,12581,Delaware,550 Eaton,1961-02-03
crmid:9755310497,heptarch1893@yandex.com,Brenton,Holland,,631-342-4615,Springville,United States,45460,South Dakota,611 De Soto,1985-09-01
crmid:8609031057,suprachorioidal1821@yandex.com,Brock,Cross,,242-387-9004,San Ramon,United States,56262,Illinois,1196 Marsily,1994-08-23
crmid:6163233049,wichtisite1870@gmail.com,Hong,Hickman,male,820-556-6474,San Angelo,United States,72096,Florida,269 Shafter,1934-05-14
crmid:7549729469,occlusions2040@gmail.com,Russ,Moore,,041-743-7029,Portage,United States,92867,New Mexico,1286 Andover,1969-04-05
crmid:2613167875,brody1846@yahoo.com,Reed,Fox,,715-025-7818,Norwood,United States,61243,Colorado,1115 Ripley,1990-03-28
crmid:5865987262,cantabile1950@gmail.com,Gearldine,Townsend,female,081-900-5288,Pekin,United States,59865,Delaware,316 Claremont,1997-03-31
crmid:6054086228,afternight2022@outlook.com,Ross,Bond,male,042-514-3895,Aliso Viejo,United States,45640,Nevada,411 Valencia,1931-08-03
crmid:5136933374,contributiveness2029@outlook.com,Wendell,Maldonado,male,544-690-1161,Pflugerville,United States,15566,Indiana,890 Rosemont,1944-10-18
crmid:7783246801,quintefoil2044@outlook.com,Danilo,Ball,,609-316-2016,Granite City,United States,06154,Alabama,173 Grafton,1967-02-11
crmid:5412105585,polarographically2040@outlook.com,Solomon,Carlson,male,466-895-6808,Brawley,United States,58561,Oklahoma,602 North Hughes,1941-09-05
crmid:7312988436,discriminant1983@yandex.com,Benny,Matthews,male,243-547-9948,Ansonia,United States,95332,New Hampshire,676 Martha,1933-01-18
crmid:8323414507,brogan2009@live.com,Quinn,Newton,female,528-377-2068,Clarksville,United States,96997,Illinois,617 Globe,1948-07-21
crmid:1278335977,blotto2055@gmail.com,Cornelius,Stevenson,,842-230-2261,Inkster,United States,88888,California,1023 Juanita,1974-08-28
crmid:9256109848,revolutionariness1817@gmail.com,Benito,Pittman,male,140-614-0052,Albany,United States,76789,Tennessee,315 Balhi,1930-11-02
crmid:6771183638,trillibub2063@yandex.com,Bret,Nichols,,070-011-7999,Flint,United States,18625,Arkansas,153 Amity,1962-03-10
crmid:4306092718,akinesia2006@gmail.com,Coy,Boyer,male,412-769-9631,Wasco,United States,57867,Colorado,1041 Chancery,1944-10-21
crmid:1056881802,collaborationists2066@live.com,Brice,Herring,,235-901-3299,Hartford,United States,08894,Missouri,502 Trader Vic,1970-01-07
crmid:3019987933,headsmen1805@gmail.com,Josef,Lloyd,,487-487-3124,Kalispell,United States,42310,New Mexico,496 Wedemeyer,1976-07-08
crmid:3024156080,anthems1875@live.com,Larisa,Aguirre,female,985-960-3520,Pawtucket,United States,10045,Arizona,1240 Brady,1949-05-01
crmid:9437395141,warthog1921@outlook.com,Jamaal,Solis,,764-735-1301,Hutchinson,United States,49814,New Jersey,1194 Radio,1974-08-07
crmid:3694086691,bloomed1868@live.com,Christian,Clayton,,075-711-9270,Pickerington,United States,30418,Florida,971 Bayview,1975-02-03
crmid:7090813234,contraptious1870@yahoo.com,Sergio,Clarke,male,737-822-3025,Avenal,United States,85277,Florida,650 Berkeley,1935-11-17
crmid:7316394074,brockie2011@gmail.com,Shanita,Le,female,133-927-1496,Socorro,United States,15749,Massachusetts,161 Berkeley,1946-08-17
crmid:6928083595,chiseler2048@gmail.com,Coy,Madden,,825-778-1932,New Britain,United States,77667,Mississippi,1112 Commercial,1996-12-13
crmid:4438448025,arras1961@yandex.com,Dave,Rosales,,045-702-3403,Killeen,United States,77586,Wyoming,647 Garcia,1977-12-03
crmid:7880317912,babak1925@outlook.com,Oliva,Lindsey,female,229-520-5951,Sunnyvale,United States,13522,Kentucky,100 Vesta,1953-10-13
crmid:8337271362,enneateric1909@gmail.com,Keila,Burris,female,427-644-8088,Pine Bluff,United States,72910,South Dakota,1281 Gladiolus,1961-11-30
crmid:8276194960,sympathetoblast2066@gmail.com,Archie,Crawford,,876-497-7004,Fort Lee,United States,66729,Arkansas,953 Townsend,1963-12-10
crmid:9956597654,tastier2001@yahoo.com,Marcelino,Burnett,,645-694-0348,Montrose,United States,46819,Montana,981 Greenwood,1992-08-21
crmid:6791327514,alshain1932@outlook.com,Kermit,Carr,,162-097-9742,Fitchburg,United States,26236,Kentucky,279 Hayes,1962-05-31
crmid:2068606293,aissaoua1912@live.com,Benny,Byrd,,169-766-3372,Sacramento,United States,48866,Florida,819 Oak Access,1981-08-27
crmid:9077438742,poetess1856@gmail.com,Hunter,Cohen,,633-112-1764,Searcy,United States,86721,Idaho,193 Boardman,1982-11-24
crmid:3431119975,stad1845@live.com,Tyson,Hutchinson,male,650-433-6361,Asheville,United States,58658,Tennessee,237 Channel,1934-09-15
crmid:9458689628,gothish1972@yahoo.com,Genaro,Sparks,,269-194-1854,Taunton,United States,30285,Michigan,823 La Playa,1974-01-17
crmid:2376404208,resignful1808@live.com,Roosevelt,Alexander,male,516-529-0623,Atascadero,United States,44051,South Carolina,429 Urbano,1934-08-01
crmid:1417304975,sculpt1918@yahoo.com,Issac,Reid,,875-362-3087,Moreno Valley,United States,66223,South Carolina,292 Hardie,1993-10-18
crmid:3142321198,affiliate2031@live.com,Lupe,Poole,,259-430-0222,Villa Park,United States,77713,Virginia,150 Salmon,1974-04-06
crmid:5804061217,elsey1999@yandex.com,Mee,Ramirez,female,040-215-1481,Norwood,United States,96379,Rhode Island,124 Oriole,1954-06-24
crmid:5727272050,pimplinae1852@live.com,Marvella,Wright,female,276-590-8257,Chester,United States,36701,Indiana,1192 Reuel,1946-06-21
crmid:9281436730,songwriter2044@yahoo.com,Darrel,Duke,,051-084-3677,Walnut Creek,United States,39842,Maryland,1126 Helen,1974-10-30
crmid:4133279911,welcomely1863@yandex.com,Elliot,Pace,,146-016-0721,Tahlequah,United States,59091,West Virginia,253 Glenbrook,1997-12-09
crmid:2894103637,ardith1926@yandex.com,Trevor,Mcfadden,,145-950-4632,Nixa,United States,93425,Florida,505 Michigan,1997-07-21
crmid:3831419398,antical2064@live.com,Mariano,Ortega,,128-890-3944,Holland,United States,91335,Idaho,611 Bryant,1972-04-05
crmid:8349219348,pterodactylus1819@gmail.com,Miles,Tyler,male,702-165-3311,Battle Creek,United States,49087,Alaska,232 Goettingen,1936-07-29
crmid:1340951396,andrease1900@yahoo.com,Boyce,Mayo,,826-077-1405,Kettering,United States,36522,Kansas,523 Stoneybrook,1977-06-09
crmid:4425451242,nonseriousness1904@live.com,Lester,Odom,,276-583-4334,Fort Collins,United States,55168,Indiana,476 Peralta,1963-09-09
crmid:6812298319,dreyfuss1824@yandex.com,Garth,Richards,,628-697-6775,Santa Barbara,United States,94321,Arkansas,451 Merced,1990-08-12
crmid:9474293535,baghdadi1929@outlook.com,Marvin,Vaughan,,161-760-7248,Logan,United States,85299,Rhode Island,520 Middlefield,1983-02-18
crmid:3462699122,charlene2011@yandex.com,Melany,Holcomb,female,165-223-6112,Elmwood Park,United States,64588,Tennessee,725 Ellsworth,1959-11-12
crmid:4279421331,rykes1938@yandex.com,Jame,Gibbs,,430-806-9218,Hemet,United States,95261,Louisiana,933 Nancy Pelosi,1971-02-17
crmid:6430305695,dodie1909@yahoo.com,Tod,Mclean,,951-317-0087,Goodyear,United States,80539,Indiana,647 Codman,1967-05-02
crmid:6754309733,snowmobile2020@live.com,Kirby,Keller,,596-338-9090,New Smyrna Beach,United States,27726,Michigan,1003 Sheldon,1997-05-31
crmid:5458015953,alans1847@outlook.com,Aurelio,Brennan,,687-693-6920,Laguna Woods,United States,23705,Ohio,925 Worth,1979-05-06
crmid:6769452418,stedhorses1854@yahoo.com,Pearle,Frederick,female,453-012-3805,Downers Grove,United States,76426,Connecticut,881 Agua,1955-12-21
crmid:1883493259,hemerobius2005@gmail.com,Stanton,Gaines,,316-393-8439,North Port,United States,64395,Alaska,34 Patten,1999-11-17
crmid:7540409762,hadron1976@yandex.com,Drucilla,Drake,female,500-331-6769,Charleston,United States,17893,Alabama,144 Terry A Francois,1946-03-08
crmid:4307377843,arachnida2054@yandex.com,Antonietta,Glenn,female,109-843-2074,El Monte,United States,83241,Alabama,49 Barcelona,1958-01-11
crmid:1056872319,sizzles1996@yahoo.com,Quinn,William,,658-381-7197,Kissimmee,United States,23475,Missouri,1283 Adam,1978-05-21
crmid:6570461771,histotrophic1846@outlook.com,Murray,Knight,,675-174-2923,Kearny,United States,54084,Pennsylvania,1218 Rosemont,1976-10-22
crmid:4511943791,deadlocked1945@gmail.com,Rosamond,Haley,female,770-959-5354,Chicopee,United States,64819,Indiana,1392 Friedell,1947-11-20
crmid:4102772793,externity1933@live.com,Jordan,Logan,,614-602-0443,Shoreline,United States,31734,Tennessee,773 Iowa,1974-02-06
crmid:3750610250,directory1971@gmail.com,Lyman,Bentley,male,692-026-0765,Blacksburg,United States,99994,South Carolina,246 Bromley,1939-06-02
crmid:6186906932,elephantseal1865@outlook.com,Dexter,Hebert,,181-678-0663,Pasadena,United States,35631,Florida,361 Dukes,1972-08-19
crmid:9044266258,dinkey1849@yandex.com,Dong,Stewart,,189-443-6969,Lathrop,United States,17848,Virginia,298 De Forest,1981-03-06
crmid:7172809541,automatic1896@yahoo.com,Hugo,Maxwell,,088-577-4847,Vincennes,United States,62658,Texas,1147 Finley,1984-04-02
crmid:7690738331,unerroneous1828@gmail.com,Nestor,Cobb,male,370-169-0767,Sanger,United States,11003,Montana,699 Canby,1943-07-06
crmid:3303316895,cuirassier1964@live.com,Mikel,Hardin,,295-272-4452,La Verne,United States,66834,Nevada,737 Magellan,1979-11-15
crmid:2734713297,bugler2060@live.com,Kena,Peck,female,524-966-5394,Santa Cruz,United States,72468,North Dakota,453 Transverse,1961-05-23
crmid:7333697938,kurikata1970@live.com,Steve,Murphy,,013-899-9113,Manitowoc,United States,92581,Oklahoma,1359 Mary Teresa,1986-02-08
crmid:2651834183,dramshop1815@yahoo.com,Wade,Sweeney,,805-370-0248,Woodland,United States,99557,Alaska,1161 Georgia,1979-04-19
crmid:6093259007,speron2028@gmail.com,Rosendo,Robbins,,935-481-2312,Machesney Park,United States,66577,Illinois,712 Galewood,1985-11-07
crmid:8642281252,chape1952@live.com,Demetrius,Avila,,598-132-2047,High Point,United States,28045,Maryland,1075 Battery Wagner,1971-05-17
crmid:7455354309,pulselessness1913@yahoo.com,Tommy,Valenzuela,,376-108-7444,Mattoon,United States,25536,Texas,491 Nido,1988-05-09
crmid:5705032138,trapezial1979@live.com,Franklyn,White,,938-578-9585,Vero Beach,United States,78192,Missouri,718 Auto,1980-02-09
crmid:1146424391,andira1835@outlook.com,Joshua,Norris,,918-551-3778,Mill Creek,United States,73368,Arkansas,447 Ford,1990-12-10
crmid:3384604445,antically1950@outlook.com,Gerald,Stanley,,039-685-2860,Walnut Creek,United States,85419,Tennessee,603 Paraiso,1962-10-27
crmid:1666769620,dryas1840@yandex.com,Herb,Hampton,,622-562-4276,Plum,United States,32902,Georgia,161 Redfield,1978-09-07
crmid:2429999284,rauwolfia1830@outlook.com,Rudolf,Ewing,male,228-957-1448,Belvidere,United States,49487,Arkansas,1360 Hallam,1938-08-09
crmid:2201152239,alyre1931@yandex.com,Wilford,Bright,,557-719-2749,Jersey City,United States,46611,Kentucky,1216 Coralino,1975-08-29
crmid:4644750925,derivedness1985@yandex.com,Noel,Hyde,male,123-230-0020,Akron,United States,41370,North Dakota,496 Mojave,1930-07-15
crmid:8110902229,unicapsular2059@yahoo.com,Jude,Campos,,071-211-9064,Manhattan,United States,97961,Louisiana,804 Tamalpais,1986-11-23
crmid:5142589668,usaron1966@yandex.com,Emilio,Cooke,,117-972-8232,McKeesport,United States,67972,Idaho,311 Fountain,1988-11-20
crmid:8481140544,papal1825@yandex.com,Frank,Cotton,,228-522-5502,Macomb,United States,40220,Iowa,509 Mayflower,1985-08-08
crmid:8616855429,goladar1898@yandex.com,Hipolito,Wiggins,,665-715-7996,North Ridgeville,United States,37569,California,711 Foote,1999-07-11
crmid:6404416066,overarching2044@yandex.com,Kayce,Nieves,female,546-919-0672,Sammamish,United States,75224,Oregon,406 Parque,1994-09-08
crmid:6859129447,apologies1902@live.com,Maximo,Fitzgerald,male,562-167-5151,Richland,United States,13482,Pennsylvania,433 Dorchester,1945-12-13
crmid:7541133574,floral2030@live.com,Grady,Norris,,331-604-4162,Hawthorne,United States,72664,Rhode Island,4 Rossmoor,1970-12-16
crmid:9448973618,imposts2037@outlook.com,Kayce,Valdez,female,305-239-6630,Shively,United States,28564,Mississippi,592 Arbor,1961-05-29
crmid:7992900756,bocoy1902@gmail.com,Filiberto,Perkins,,163-724-0010,Fort Smith,United States,85121,Illinois,829 Ewing,1963-11-17
crmid:6123146006,amberous2045@yahoo.com,Tommy,Cox,,974-567-4168,Knoxville,United States,56455,Louisiana,981 Digby,1978-09-28
crmid:8137661491,baconize1998@yandex.com,Derick,Huber,,893-359-7908,Fountain Hills,United States,91749,Washington,1299 Ecker,1963-02-05
crmid:5182233999,oncogene1935@outlook.com,Reynalda,Britt,female,861-438-7709,Naples,United States,19645,Kentucky,1198 Anderson,1995-03-28
crmid:6211993644,lambs2065@gmail.com,January,Phillips,female,430-481-7652,Pinole,United States,66760,Montana,443 Mccann,1949-11-07
crmid:5160353939,armando1984@outlook.com,Zane,Ferguson,,036-766-1413,Florissant,United States,92725,Ohio,516 Morningside,1962-07-08
crmid:9370078975,subalgebraical1836@gmail.com,Ali,Lawson,,880-434-9361,Midlothian,United States,67001,Vermont,145 Wanda,1990-11-23
crmid:1691340159,malices1926@outlook.com,Peter,Mathis,,315-363-4728,Rapid City,United States,31490,Indiana,617 Marina,1971-01-05
crmid:7414961550,clandestine2008@yandex.com,Cassi,Bruce,female,141-834-6579,Seminole,United States,69025,New York,947 Clarendon,1953-02-04
crmid:7050779676,buyable1928@outlook.com,Morris,Matthews,,849-665-9097,Green,United States,47559,Kentucky,180 Downey,1968-08-05
crmid:5803287464,crystallose1857@yahoo.com,Erin,Price,,715-828-6214,Madera,United States,01761,Wyoming,409 Juniper,1985-01-11
crmid:8026714972,chappy2069@live.com,Ivory,Orr,,152-256-1576,Redondo Beach,United States,30962,Oregon,1327 Twin Peaks,1974-07-03
crmid:5149727032,actinon1950@gmail.com,Jerrold,Holt,,403-244-0336,Goodlettsville,United States,75820,Oregon,826 Lapham,1967-12-03
crmid:6653755770,cardia1891@outlook.com,Isiah,Mathews,male,705-203-2481,Bridgeport,United States,26751,Washington,1105 Bucareli,1941-05-18
crmid:1081976591,comfortable1851@yandex.com,Mirtha,Cardenas,female,104-544-1931,Corinth,United States,37192,Washington,41 Barry,1950-06-05
crmid:6024128982,therblig1861@live.com,Ricky,Townsend,male,239-270-0950,Boynton Beach,United States,48612,Michigan,453 Lunado,1940-08-29
crmid:5252110677,parrot1950@live.com,Dan,Mcdowell,male,832-616-1224,Bergenfield,United States,81425,Delaware,134 Melba,1938-11-04
crmid:7642289611,trainbearer1920@yahoo.com,Adalberto,Saunders,male,367-826-6206,San Clemente,United States,00786,Utah,923 Harry,1941-12-01
crmid:2298426732,stereology1863@live.com,Keenan,Savage,male,191-808-0872,Pullman,United States,90863,Delaware,331 Bertie Minor,1939-06-26
crmid:1935454466,mortarware1967@live.com,Kendrick,Blanchard,male,992-047-9753,Annapolis,United States,34399,Maine,71 Double Rock,1933-06-03
crmid:8360631743,aspiring2060@outlook.com,Isaac,Olson,male,976-145-7911,Brownsville,United States,25259,Washington,1215 Edna,1942-05-22
crmid:1886985990,couplet1973@gmail.com,Annice,Rush,female,076-122-8159,Fall River,United States,90703,Connecticut,1398 Casitas,1961-01-26
crmid:3992560742,insulators1908@yandex.com,Lonnie,Melton,,430-094-6611,Greenfield,United States,98469,Oregon,1318 Gilroy,1968-07-28
crmid:1349723013,gulley1985@yahoo.com,Monroe,Ingram,,682-033-0067,Liberty,United States,03437,Rhode Island,419 Hugo,1982-01-12
crmid:8446298999,elevatory1832@gmail.com,Andy,Cabrera,male,234-892-6286,Newport,United States,07145,New Mexico,1302 Milton I Ross,1997-02-23
crmid:4221285755,geometry2068@gmail.com,Sammie,Rojas,,113-744-8766,Highland Village,United States,57250,Vermont,269 Truett,1971-09-13
crmid:9577102191,annelid1861@yahoo.com,Sherika,Case,female,108-429-0421,Dothan,United States,43216,Idaho,981 Shields,1955-08-05
crmid:2958619522,burry2064@outlook.com,Jim,Knight,male,966-547-9053,San Luis Obispo,United States,07368,North Dakota,1181 Madera,1935-12-29
crmid:2831519378,believe2020@outlook.com,Julian,Jacobson,,621-561-6171,Santa Clara,United States,68649,Arkansas,940 Maiden,1977-07-25
crmid:7803064865,flapping1968@outlook.com,Angelo,Madden,female,808-226-2593,Rutland,United States,50531,Maine,53 Carolina,1959-01-18
crmid:8765184061,arrivisme1874@yandex.com,Ethan,Anthony,,294-751-3335,Hopkinsville,United States,09046,Tennessee,967 Vienna,1973-02-04
crmid:1328880540,linemen1903@live.com,Trang,Beck,female,466-907-1319,Palos Hills,United States,95872,New York,1287 Church Parking Lot,1956-09-02
crmid:7426762783,annemari2016@live.com,Maynard,Weiss,male,094-077-8170,Brighton,United States,69940,New Mexico,56 Cayuga,1941-11-13
crmid:5138786587,imposts1818@yahoo.com,Rashad,Riggs,,049-283-2933,Mount Clemens,United States,41943,Arizona,48 Montcalm,1993-08-23
crmid:5954573538,scraps1867@yahoo.com,Wen,Barron,female,402-553-8149,Chillicothe,United States,52140,Kansas,1228 Stillings,1947-09-02
crmid:5846978690,brahms1957@live.com,Noah,Frye,male,442-629-1759,Amsterdam,United States,47993,Nebraska,559 Reeves,1932-07-10
crmid:4336573951,baht1822@yandex.com,Buford,Cash,,888-359-8886,Keller,United States,19602,Arizona,1084 Hawkins,1977-03-17
crmid:6574989603,pseudosquamate1930@yahoo.com,Owen,Velez,,552-511-8456,Glendale Heights,United States,71432,Ohio,1137 Mammon,1966-05-07
crmid:1261797527,anthems1967@gmail.com,Gil,Andrews,,887-316-0274,Woonsocket,United States,89180,Tennessee,3 Bernice Rodgers,1975-04-12
crmid:8795711495,latipennate1850@gmail.com,Esteban,Kerr,male,099-873-2845,Worcester,United States,01087,Connecticut,136 Compton,1931-04-16
crmid:2244865785,euktolite1997@gmail.com,Shad,Figueroa,,135-759-4920,Huntersville,United States,09503,Delaware,806 Dedman,1973-01-04
crmid:2292173165,diploplaculate2011@yandex.com,Alberto,Myers,male,814-481-1044,Porterville,United States,91694,Wyoming,341 Friedell,1994-02-01
crmid:3205825845,quadridigitate1833@live.com,Kristle,Mcfadden,female,961-975-7636,Chico,United States,24096,Georgia,160 Clay,1947-05-19
crmid:8129028259,agalloch2009@gmail.com,Antony,Cochran,,131-429-1433,Petaluma,United States,65401,Nebraska,315 Wyman,1968-10-13
crmid:9412557315,uncertainties1847@outlook.com,Cornelius,Hoffman,,248-377-4144,Paramount,United States,42315,Rhode Island,1266 Cedro,1983-05-26
crmid:5502864722,tamias1986@yandex.com,Trent,Fisher,,626-720-0834,Mount Prospect,United States,96905,Florida,1394 Margrave,1993-10-01
crmid:3047213537,disilane1999@live.com,Sirena,Dennis,female,052-128-1915,Fairborn,United States,66213,Alabama,1096 Icehouse,1961-11-30
crmid:2049765766,clepsydra1907@yahoo.com,Sharri,Beard,female,105-747-9763,Norco,United States,20636,Nebraska,1204 Fauntleroy,1998-04-15
crmid:2103021378,endoperidial1978@outlook.com,Dino,Herring,,961-714-9426,Ogden,United States,54016,California,1382 Millwright Cottage Access,1968-08-13
crmid:9949893842,dayton1891@yahoo.com,Sean,Dodson,male,977-256-2259,Brook Park,United States,58054,Wisconsin,505 Charles J Brenham,1941-09-08
crmid:9486162396,gummers1824@live.com,Johnson,Clark,,269-439-7144,Seymour,United States,39538,Nevada,100 Denslowe,1973-10-31
crmid:9032129017,costectomy1929@yandex.com,Jason,Neal,male,690-157-8310,Seymour,United States,02258,Texas,664 Humboldt,1936-05-21
crmid:7965947397,multijet1947@live.com,Magdalen,Beach,female,214-905-2225,Natchitoches,United States,10252,Kansas,395 Marengo,1995-03-11
crmid:3700880735,filagree1960@outlook.com,Mel,Case,male,213-461-3598,Pearl,United States,76970,South Dakota,308 Paramount,1999-10-17
crmid:6801082682,poeticised2040@yandex.com,Daniel,Garner,,153-360-7130,Oak Ridge,United States,44181,New Mexico,406 Park,1986-08-15
crmid:3895783833,hamamelidanthemum2022@gmail.com,Harland,Schneider,,701-618-2412,Sulphur,United States,25398,Oklahoma,778 Revello,1962-01-18
crmid:1295864604,criminol2018@outlook.com,Heriberto,Skinner,male,191-063-3996,Benton,United States,68691,Oklahoma,1388 Division,1938-10-09
crmid:9596379302,oversured1948@outlook.com,Derek,Camacho,male,866-364-4527,Anaheim,United States,71958,Utah,1304 Valmar,1932-12-05
crmid:3001615424,exciton1820@outlook.com,Charlyn,Cummings,female,400-135-8178,Dayton,United States,06877,Arizona,1020 Coral,1953-02-07
crmid:8735938116,pluguglies2037@gmail.com,Marcell,Swanson,female,133-914-6625,Country Club Hills,United States,30994,South Dakota,742 Nichols,1951-06-28
crmid:2075180486,incombustibility1873@yahoo.com,Scot,Stevenson,male,684-718-7051,Brookfield,United States,56365,Maine,1001 Encinal,1941-09-28
crmid:5633998857,sailable1963@gmail.com,Walton,Coffey,male,877-485-2808,Petaluma,United States,05038,New Mexico,876 Saint Louis,1934-10-19
crmid:1130452773,benward1927@yandex.com,Morgan,Tate,,382-681-0980,Moore,United States,61546,Illinois,509 Carpenter,1992-11-07
crmid:6669167507,catawampus2000@outlook.com,Timothy,Benjamin,male,617-095-5418,Sacramento,United States,55538,South Carolina,267 Junipero Serra,1994-02-18
crmid:7215346882,sighless1979@live.com,Suanne,Howell,female,605-479-9856,Newport Beach,United States,96964,New Mexico,474 Miraloma,1997-12-21
crmid:7430286449,quelea2003@yandex.com,Donn,Conrad,,522-350-2424,Hilliard,United States,67766,Georgia,325 Folsom,1972-10-15
crmid:9470198967,compunction2033@yandex.com,Martin,Riggs,,646-023-9771,Forest Lake,United States,14388,Illinois,1042 Saint Marys,1962-03-25
crmid:5088967542,abominable1886@outlook.com,Laverne,Haynes,,716-397-0462,Lake Elsinore,United States,10893,South Carolina,345 Alert,1980-02-15
crmid:5013310162,daphna1806@gmail.com,Jay,Valenzuela,,877-318-7631,High Point,United States,95688,Connecticut,1121 Pollard,1971-06-18
crmid:2040888825,longhair1880@gmail.com,Emory,Pruitt,,635-856-7811,Harlingen,United States,57081,Utah,1122 Carnelian,1969-09-27
crmid:3183281576,dawns1963@yahoo.com,Mitch,Merrill,,416-418-2867,Mountlake Terrace,United States,44343,Ohio,892 Macarthur,1994-07-31
crmid:3447655559,dupable1898@outlook.com,Antony,Mccray,male,744-224-5200,Andover,United States,07517,New York,864 Oscar,1932-01-19
crmid:6624180197,chetan1882@outlook.com,Waylon,Carter,,539-693-1104,Wilson,United States,41681,Alabama,458 Edgemont,1982-01-04
crmid:5117110618,mortarware1902@yahoo.com,Alfonso,Kirby,,705-716-5836,Hopkins,United States,12025,Illinois,335 Meadowbrook,1973-03-24
crmid:4904144835,dapped1962@gmail.com,Dirk,Branch,,116-395-1777,Moore,United States,26171,Connecticut,650 Marina,1992-04-24
crmid:1911287053,cherries1967@live.com,Buffy,Chavez,female,212-675-8604,Nogales,United States,57154,Wisconsin,423 Fitzgerald,1998-10-07
crmid:1302068521,crocky1938@outlook.com,Logan,Garrison,,946-932-2564,Poughkeepsie,United States,53281,Massachusetts,1253 Valmar,1978-09-07
crmid:8259000971,strolling1817@yandex.com,Cory,Spears,male,366-042-1477,Bellevue,United States,11036,Vermont,172 Comerford,1937-02-27
crmid:7144098303,ephemeron1869@live.com,Kimber,Wyatt,female,928-055-3364,New Orleans,United States,27624,Vermont,1010 Dashiell Hammett,1996-04-27
crmid:7850307477,almida1961@gmail.com,Mel,Johns,,308-452-7652,Lynnwood,United States,67604,Pennsylvania,1206 Lundeen,1985-11-01
crmid:6759588537,phonophoric1869@gmail.com,Kiersten,Edwards,female,222-965-1939,Myrtle Beach,United States,18268,Pennsylvania,873 Darrell,1995-03-20
crmid:3234125635,samaras1965@yahoo.com,Bryan,Garcia,,254-921-3748,Monterey Park,United States,80035,Illinois,1105 Hillview,1992-04-01
crmid:1091799339,dyspepsia1956@yahoo.com,Minh,Miles,female,017-013-7659,Elizabeth City,United States,32301,Virginia,150 Fitzgerald,1959-06-20
crmid:9771332645,vermillions2008@yandex.com,Hung,Edwards,male,725-572-9893,Wheeling,United States,02123,West Virginia,432 Havelock,1941-05-09
crmid:7696174561,arthritis1909@live.com,Tristan,Fuller,male,507-170-5842,West Chester,United States,87342,California,1268 Transbay Loop,1941-09-10
crmid:7843865310,butterfish1913@yahoo.com,Robbie,Rios,,723-434-7365,Greeley,United States,90472,Washington,1059 Graymalkin,1968-02-03
crmid:4332262764,gonenesses1813@yandex.com,Shannon,Cline,,278-972-4381,Lauderdale Lakes,United States,35719,Iowa,56 Sloan,1981-06-27
crmid:5190876388,algonquians2000@outlook.com,Randy,Armstrong,male,172-400-1695,SeaTac,United States,00659,Wyoming,1391 Otega,1936-08-01
crmid:2202324477,libra1913@yahoo.com,Nelson,Clayton,,343-329-6867,New Iberia,United States,49347,Louisiana,453 Truett,1996-08-07
crmid:9233401633,annoyed2065@yandex.com,Kurt,Freeman,male,504-664-4078,Plano,United States,63255,Arkansas,267 Prosper,1934-06-10
crmid:6010294036,adorable2041@gmail.com,Garth,Palmer,,364-173-6313,Tyler,United States,34200,New Mexico,1311 Meacham,1980-02-16
crmid:8920127688,antipart1823@live.com,Leif,Delaney,,524-286-5978,Yuma,United States,91782,New York,96 Beaumont,1962-03-02
crmid:1415746983,antonym1882@live.com,Joseph,Giles,,945-059-3385,Rockwall,United States,59219,Michigan,159 Recycle,1997-06-25
crmid:3920698821,intrigued1824@gmail.com,Lanny,Carlson,male,270-733-4911,Blue Island,United States,30742,Georgia,781 Bonnie Brae,1939-06-05
crmid:7961596350,decertation1924@gmail.com,Roger,Kirkland,male,430-534-9533,Rutland,United States,04630,Missouri,174 Griffith,1935-08-16
crmid:9604529267,harpoonlike1866@live.com,Toney,Sharp,male,146-772-5634,Santa Barbara,United States,98875,Tennessee,663 Ramsel,1936-09-27
crmid:8295919371,cherlyn1942@live.com,Vernon,Love,male,816-568-9498,Texas City,United States,05475,Ohio,1036 Cameron,1938-09-18
crmid:6597955667,sacculoutricular1918@outlook.com,Bernard,Mcdaniel,male,293-383-1513,Rocklin,United States,61655,Iowa,1103 Horne,1943-11-02
crmid:8641797924,raven1828@yahoo.com,Dario,Contreras,,432-013-2806,Natchez,United States,29291,Utah,130 Blake,1995-05-14
crmid:5790892109,shove2070@outlook.com,Mendy,Snider,female,749-104-2642,Chelsea,United States,39757,New Hampshire,285 Gibb,1946-06-27
crmid:5569861377,connelly1808@outlook.com,Pedro,Bond,,193-897-8214,Forest Lake,United States,87545,Alaska,280 Sharp,1962-01-26
crmid:8650967302,edwin1988@yahoo.com,Hubert,Wallace,male,724-549-9216,Rowlett,United States,09373,West Virginia,432 Battery Dynamite,1938-05-30
crmid:5085915177,rockaby1916@outlook.com,Hiram,Macias,,338-113-4783,Libertyville,United States,03262,New Jersey,670 Massachusetts,1982-02-20
crmid:7888199077,moped1866@live.com,Bryce,Nicholson,male,318-975-8817,Burien,United States,03131,Massachusetts,1042 Lupine,1942-02-21
crmid:5494720976,pagandoms1824@gmail.com,Kermit,Ford,,919-368-9780,Palm Desert,United States,72673,Maine,310 Avenue C,1967-02-23
crmid:4168384516,haddest1965@yahoo.com,Samual,Pennington,male,024-891-9508,Barstow,United States,96333,Maine,1096 Jack Micheline,1936-09-23
crmid:9132648982,systemic2011@outlook.com,Zenobia,Hayes,female,840-624-2347,Pasco,United States,95955,Nebraska,941 Oak,1946-09-18
crmid:1183473243,staurotide2054@live.com,Steve,Munoz,,690-974-4049,SeaTac,United States,61296,Colorado,1018 Verna,1976-03-04
crmid:4203481976,unincestuous1984@gmail.com,Matt,Massey,,534-620-1620,Juneau,United States,15503,Nevada,799 Ford,1976-02-07
crmid:5416204872,critter1923@yahoo.com,Emory,Kim,,539-895-4239,Twin Falls,United States,44212,Virginia,1097 Henry,1988-12-15
crmid:6123182355,ungladness2040@yandex.com,Frances,Clements,,710-138-8645,South Gate,United States,37315,Tennessee,242 Valley,1980-01-23
crmid:6231870811,adown2063@live.com,Bernardo,Ware,,720-671-6732,Gresham,United States,55799,South Dakota,1094 Ophir,1968-10-18
crmid:1658943477,undermarshalmen1829@live.com,Marcus,Randall,,206-792-7342,Glendora,United States,79978,Arkansas,526 Crestwell,1966-03-30
crmid:3323937378,timaliine1917@live.com,Mirella,Flowers,female,886-006-3093,Southlake,United States,23475,Arizona,1346 Lippard,1957-06-10
crmid:8081100358,capitation1879@yandex.com,Neil,Shepard,,214-718-7554,Lindenhurst,United States,30897,Pennsylvania,1074 Duncombe,1983-06-05
crmid:8304782401,lemon2003@outlook.com,Wendell,Pierce,male,226-761-3537,Bethany,United States,56592,Kentucky,307 Marina Green,1938-10-23
crmid:2374853678,hydroxyurea2029@yandex.com,Oren,Roach,,720-513-0082,Key West,United States,34418,Oklahoma,538 Waterville,1977-05-31
crmid:7098568609,byron1923@yandex.com,Dennis,Kent,male,957-074-9821,Bryan,United States,97121,Minnesota,1089 Plum,1942-12-30
crmid:8396132701,capetown2028@gmail.com,Janay,Nash,female,126-882-1931,Mundelein,United States,78287,Wisconsin,1165 Darrell,1994-12-05
crmid:8095348653,satsumas2062@gmail.com,Pat,Burch,,396-171-7599,Parma Heights,United States,62660,New Hampshire,162 Commer,1963-11-02
crmid:9948187984,beatitudes2026@live.com,Waldo,Gordon,,218-244-5401,Hopewell,United States,33954,New Hampshire,254 Glenhaven,1973-06-29
crmid:2935659190,cerebropedal1895@yandex.com,Marlin,Dudley,,916-134-5805,Homestead,United States,13932,Idaho,907 Breen,1973-02-04
crmid:5877479414,walrus2030@gmail.com,Sena,Brown,female,525-511-0896,Fairborn,United States,81045,Indiana,1033 Argent,1961-08-04
crmid:2288567718,alans2052@outlook.com,Lon,Serrano,male,217-420-5360,Berea,United States,35542,Wisconsin,998 Arballo,1938-06-26
crmid:5505383525,chasing1865@gmail.com,Antonia,Harris,male,015-815-8177,Apple Valley,United States,08157,Florida,366 Bancroft,1933-01-13
crmid:2036635617,ander1904@gmail.com,Sang,Brady,male,008-238-9994,Calumet City,United States,75120,California,233 Seward,1943-09-03
crmid:1403945148,dutuburi1861@gmail.com,Russell,Donaldson,,145-499-3556,Hagerstown,United States,20205,Oregon,927 Eve,1969-05-10
crmid:4964423586,veining1914@gmail.com,Lionel,Dalton,male,751-016-0590,Stevens Point,United States,08308,Nebraska,1193 Butte,1933-11-27
crmid:1147945810,consultive1976@yahoo.com,Tifany,Gilbert,female,112-003-9667,Deltona,United States,58831,Iowa,125 Compton,1954-09-11
crmid:6950070627,tonights1939@yandex.com,Eugenio,Stevenson,male,934-494-9177,Prattville,United States,06842,New Mexico,133 Miguel,1935-11-07
crmid:5215324279,calumny1961@yahoo.com,Bruno,Drake,male,731-317-8603,Carteret,United States,03373,Delaware,740 Gambier,1944-02-08
crmid:9219876187,hemistater2001@outlook.com,Lorean,Smith,female,966-888-2430,Edinburg,United States,35987,Colorado,1397 Fair Oaks,1958-06-27
crmid:8897640722,murmuringly1866@outlook.com,Terrence,Melendez,male,412-050-8709,Aliso Viejo,United States,55170,Maryland,105 Leidesdorff,1931-09-20
crmid:5797698556,rook1941@gmail.com,Lawrence,York,,585-189-3608,Gainesville,United States,87866,Minnesota,1234 Bowdoin,1964-11-23
crmid:7341351041,ranchlike1863@yandex.com,Chester,Sanchez,,679-678-6420,Provo,United States,29540,Kansas,256 Laussat,1963-04-29
crmid:2763552025,overshadow1966@outlook.com,Reggie,Shields,,902-078-2756,Hackensack,United States,72469,Ohio,196 Mansell,1969-05-08
crmid:3683063025,cabinda2066@yandex.com,Israel,Shelton,,560-071-6814,Harlingen,United States,06821,North Dakota,1141 Spears,1969-02-08
crmid:5972480158,shipwrightry1915@outlook.com,Jerica,Dale,female,403-341-5272,Columbia Heights,United States,26775,Ohio,788 Mccarthy,1949-04-07
crmid:5685050395,uniembryonate1817@outlook.com,Duncan,Clarke,male,641-082-7385,Park Ridge,United States,01576,Connecticut,1011 Isis,1930-03-06
crmid:3486318158,debater1918@outlook.com,Marlin,Allen,male,297-262-3223,Belton,United States,37852,Kansas,220 Elliot,1937-07-01
crmid:6132165004,veining1976@live.com,Dick,Mckinney,,347-307-3051,Imperial Beach,United States,93184,Minnesota,808 Felton,1974-06-13
crmid:5625689451,unipartite1871@gmail.com,Brenton,Price,male,039-127-3102,Tustin,United States,56774,California,375 Muir,1999-01-23
crmid:4067718384,preacquiring1976@live.com,Ellsworth,Thomas,male,754-755-7800,Ridgewood,United States,08404,Alabama,488 Toland,1937-03-29
crmid:8972671594,mibound1888@gmail.com,Santos,Gay,,698-387-4061,Rome,United States,90828,South Carolina,666 Tacoma,1986-02-21
crmid:5201380076,chrysotherapy2026@outlook.com,Nadene,Spence,female,688-974-2992,College Station,United States,78555,California,213 Waller,1949-12-13
crmid:1067871541,anagoges1867@outlook.com,Abe,Kim,,285-171-3367,Meriden,United States,40451,Kansas,1096 Webb,1989-08-01
crmid:2257033580,supergeneric2036@yahoo.com,Glenn,Burnett,,072-198-6145,Weslaco,United States,42234,Alabama,1285 Galilee,1989-05-08
crmid:9944566622,malleating1908@yandex.com,Dwight,Hayes,male,958-186-2856,Sidney,United States,01195,Michigan,1259 Medau,1932-10-06
crmid:8251924987,bourreau1832@outlook.com,Olene,Woodard,female,371-511-2747,Chandler,United States,79679,West Virginia,790 Breen,1946-12-13
crmid:4983049549,fumous1918@live.com,Jody,Johnson,male,025-424-9109,Cedar Rapids,United States,38190,Iowa,1065 Whitfield,1945-05-15
crmid:3513522193,gaspy1826@yahoo.com,Cory,Crawford,,581-249-3719,Goshen,United States,83929,Minnesota,815 Berry Extension,1967-02-13
crmid:6477562630,paraphrast1980@live.com,Antone,Foley,,750-058-7475,Wausau,United States,43083,Arkansas,1198 Romain,1985-04-13
crmid:4268197810,cahoot1901@yandex.com,Ellis,Key,,038-112-1093,Fond du Lac,United States,90919,Kentucky,1151 Freelon,1962-11-01
crmid:2385581995,avernal2039@live.com,Ruben,Nielsen,male,827-355-9132,Bossier City,United States,86198,Indiana,638 Lupine,1940-08-21
crmid:5745218528,delawn2047@live.com,Rosario,Gray,,236-226-5739,Mooresville,United States,65923,Ohio,391 Skyline,1993-12-17
crmid:4959768731,april1808@outlook.com,Howard,Knapp,,247-941-6829,North Charleston,United States,20647,Alaska,474 Myra,1998-05-15
crmid:8627701673,morbility1826@yahoo.com,Dwight,Blackburn,male,409-960-3937,Port Angeles,United States,01663,Mississippi,1026 Prentiss,1934-10-06
crmid:6489016894,unstoicize1938@yahoo.com,Hung,Duncan,male,925-069-4426,Apopka,United States,27229,Iowa,179 Talbert,1933-05-09
crmid:8939549154,aspiring2002@outlook.com,Jamaal,Bailey,,385-832-5113,Stamford,United States,40025,Montana,679 Amatista,1983-01-21
crmid:1800156095,birken1884@live.com,Grover,Hobbs,male,786-790-9743,Buckeye,United States,82748,Hawaii,155 Red Leaf,1942-12-08
crmid:8708399718,crocky1829@live.com,Alan,Rich,,070-470-4851,Winter Springs,United States,32817,South Carolina,137 Bluxome,1974-04-27
crmid:5499563647,arrogant1936@yandex.com,Garland,Wiley,,617-323-0601,Miami Beach,United States,19212,South Carolina,277 Ggp Access Road,1990-03-05
crmid:1308613100,armour1855@gmail.com,Larita,Powell,female,544-884-0588,Coalinga,United States,92084,Iowa,1160 Polk,1948-10-10
crmid:7877608221,aryballi1903@yahoo.com,Issac,Wilcox,male,803-813-5817,Allentown,United States,22823,Georgia,555 Cesar Chavez On,1931-05-31
crmid:3580977268,dougall1867@yandex.com,Melvin,Figueroa,female,529-736-0869,Pontiac,United States,28208,North Dakota,993 Inverness,1955-11-29
crmid:4425451242,tabloids2004@gmail.com,Wendell,Weiss,male,281-942-4275,Brownsburg,United States,50942,West Virginia,192 Decker,1942-10-30
crmid:4713526162,airtight1851@gmail.com,Louie,Trevino,,998-121-0354,Romeoville,United States,37463,Arizona,287 Church,1975-08-24
crmid:8017298074,skinkers1995@outlook.com,Davis,Snyder,male,548-568-2547,Adrian,United States,15935,New York,299 Vine,1930-03-27
crmid:3820049236,invite2066@yandex.com,Forest,Price,male,662-124-0975,San Ramon,United States,17699,Ohio,391 Trainor,1943-04-24
crmid:6702556455,denominate2023@gmail.com,Bret,Emerson,,284-163-7158,Winchester,United States,35827,Tennessee,260 Ridge,1973-02-18
crmid:3625517191,pinnacle2031@outlook.com,Elvis,Salinas,,107-118-8991,Mattoon,United States,96911,Rhode Island,925 Garces,1988-08-21
crmid:4829859012,revetoed2050@yahoo.com,Jed,Blackwell,,898-943-3404,Newport Beach,United States,76245,Tennessee,150 Lakeview,1997-10-22
crmid:4117421851,equalling1878@yahoo.com,Vicente,Workman,,550-935-7245,Vero Beach,United States,67605,Michigan,314 Jules,1972-11-08
crmid:9121198840,constantinople1952@gmail.com,Angelo,Moran,,254-439-0173,Rancho Santa Margarita,United States,99882,Texas,1282 Ashbury,1985-12-26
crmid:1942464128,masterstroke1860@gmail.com,Gail,Rivera,,358-904-8650,Flagstaff,United States,82092,Connecticut,244 Finley,1962-11-09
crmid:2059204486,bluely1969@gmail.com,Lance,Campos,,695-687-1719,Sand Springs,United States,35608,Florida,965 Cerritos,1972-09-20
crmid:6306397574,baited1954@yahoo.com,Darnell,Goff,male,669-768-0225,Ceres,United States,73936,South Dakota,1232 Lottie Bennett,1945-12-05
crmid:2904323123,brainwork1916@yahoo.com,James,Richards,,398-272-6337,Norwalk,United States,49329,New Jersey,802 Halleck,1999-08-15
crmid:7504934057,minae1869@gmail.com,Sam,Cotton,,819-934-1259,Fort Myers,United States,99926,Illinois,398 Battery Wagner,1963-01-08
crmid:5337834367,emogene1821@outlook.com,Del,Cotton,,039-167-1205,Greenfield,United States,69701,South Dakota,411 De Boom,1968-11-27
crmid:4354554111,outsavoring1979@outlook.com,Edwardo,Wilkinson,,229-306-9363,Ridgecrest,United States,68118,Oregon,1166 Greely,1970-02-07
crmid:9226334928,millenia1859@live.com,Carlita,Clay,female,616-503-0898,New Bedford,United States,97204,Virginia,938 Constanso,1995-12-20
crmid:7453155981,sclerosing2037@outlook.com,Bruno,Alvarado,,061-209-0868,Warren,United States,99900,Pennsylvania,1277 Sansome,1966-03-04
crmid:3067174934,aromatic1937@yandex.com,Sammie,Ramirez,,166-914-7750,Long Branch,United States,45972,Maryland,1067 Columbus,1984-08-04
crmid:5402857795,anvil1804@yahoo.com,Otelia,Harvey,female,088-978-9312,Fair Lawn,United States,33004,Florida,920 Olympic Country Club,1960-07-13
crmid:8911188973,lapwing1849@yandex.com,Matha,Mercer,female,037-714-6609,Shively,United States,16449,West Virginia,1342 Short,1947-06-20
crmid:2077236858,guanaco2025@yandex.com,Jospeh,Stokes,,772-098-0437,Kiryas Joel,United States,28314,West Virginia,1001 Bell,1978-04-13
crmid:2892803246,bobbery1988@live.com,Jermaine,Dean,,727-469-6158,Shelton,United States,21524,Idaho,523 Toland,1963-04-09
crmid:4425260806,mildish2004@yandex.com,Marc,Roberts,male,301-541-3250,Mukilteo,United States,68877,Georgia,274 Parque,1994-10-02
crmid:8530872579,monkey1885@yandex.com,Jay,Zimmerman,,070-664-1296,Pflugerville,United States,77355,Maine,300 Friendship,1974-12-17
crmid:3013365230,mule1832@gmail.com,Raguel,Sampson,female,065-477-9144,Fargo,United States,41465,Vermont,1081 Kansas,1961-07-26
crmid:6186823873,juliennes2020@yandex.com,Celsa,Pope,female,334-391-9209,Doral,United States,02433,New York,813 August,1955-02-23
crmid:1232893015,routeman1885@yahoo.com,Mac,Greer,male,086-812-2142,South El Monte,United States,03190,Texas,156 Midway,1931-07-12
crmid:4842625887,undistant1801@gmail.com,Duncan,Estrada,male,183-302-7200,Belmont,United States,62782,Ohio,720 Springfield,1937-10-06
crmid:2612252931,chameleon1962@yahoo.com,Daryl,Bruce,,689-561-1964,Gladstone,United States,13881,Michigan,649 Zoe,1966-03-02
crmid:9754834578,sclerosing1863@live.com,Hugh,Griffith,,950-509-0220,Mukilteo,United States,31736,Delaware,11 Torrens,1994-06-16
crmid:4927313388,unvibrating1942@gmail.com,Robbie,Arnold,,871-046-6521,Menlo Park,United States,23491,Louisiana,1262 Clarion,1989-04-13
crmid:3230269953,ninjas2039@outlook.com,Stephan,Garcia,,598-642-4578,Milpitas,United States,34557,New Jersey,211 Veterans,1991-06-28
crmid:2856221196,flits1815@yandex.com,Von,Rivers,,756-388-0518,Hoffman Estates,United States,65925,Florida,61 Freelon,1972-11-17
crmid:4028071613,sardine1875@yandex.com,Jerrod,Carney,,227-518-4751,Gardner,United States,12111,Kentucky,493 Van Ness,1965-02-09
crmid:6047882145,protococcales1957@yandex.com,Bruno,Bernard,,093-830-7475,Urbandale,United States,27208,Utah,338 Caledonia,1962-08-25
crmid:2811401478,sewings1987@yahoo.com,Daron,Logan,,942-496-4917,Fuquay-Varina,United States,99995,Florida,265 Hudson,1964-09-30
crmid:6274465778,opossum1990@outlook.com,Bud,Barton,,728-978-7370,Marquette,United States,74908,South Carolina,764 Galilee,1987-12-26
crmid:1757099472,kilograin1894@yahoo.com,Diego,Potts,,514-689-6849,Hendersonville,United States,07739,Rhode Island,324 Wedemeyer,1971-02-18
crmid:9196944291,altitudes1983@yahoo.com,Morris,Vargas,,254-154-6591,Grand Prairie,United States,96185,Nebraska,1103 Java,1967-06-21
crmid:2141859170,corkey1847@outlook.com,Lanie,Burton,female,020-785-3680,Turlock,United States,11500,Kentucky,37 Alana,1953-05-04
crmid:8644328640,debater1931@gmail.com,Andy,Valentine,,267-828-4509,Pampa,United States,49068,Oklahoma,602 Ignacio,1990-08-02
crmid:8935892602,headship1821@yahoo.com,Gus,Wolfe,,778-114-1857,Lehi,United States,43262,California,1274 Legion Of Honor,1982-07-06
crmid:5569861377,tautousian1941@gmail.com,Virgilio,Hopper,,932-104-1778,Holladay,United States,76040,Louisiana,750 Gillette,1972-12-06
crmid:5091039415,ethelyn1857@outlook.com,Edwardo,Casey,,087-005-5506,Miramar,United States,90315,Delaware,28 State,1991-09-03
crmid:1833420394,millistere1850@gmail.com,Grover,Roman,,915-860-1048,Pasadena,United States,88308,Wyoming,365 Compton,1975-03-03
crmid:2880829484,couma1821@live.com,Armando,Murray,,835-054-5250,Hinsdale,United States,81586,New Hampshire,88 Jose Sarria,1972-12-06
crmid:6745624552,fers1988@live.com,Vincent,Klein,,976-851-7245,Port Hueneme,United States,58978,New York,466 Ross,1997-05-26
crmid:3084901812,spent1965@live.com,Tamiko,Bush,female,707-619-4094,Owasso,United States,95137,Wyoming,1248 Benton,1947-10-16
crmid:1930633825,adhesive1967@live.com,Jackelyn,Pope,female,180-167-5919,New Rochelle,United States,12946,Washington,17 Mariner,1996-03-20
crmid:4742239070,kilograin1851@yandex.com,Erik,Bowers,male,685-175-2907,Woodridge,United States,95981,Kansas,840 Chula,1999-01-22
crmid:2262938116,shad2034@yandex.com,Jacquetta,Dotson,female,228-608-4092,Covina,United States,22832,North Carolina,459 Chain Of Lakes,1951-04-08
crmid:7968772780,swabble1984@yahoo.com,Brian,Leon,male,247-005-4960,Petersburg,United States,08079,Wisconsin,162 Moulton,1935-12-27
crmid:5960025155,alumnal2014@outlook.com,Dominique,Michael,,626-641-3159,Munster,United States,87488,South Carolina,858 Hooper,1994-12-23
crmid:8851355401,berri1964@gmail.com,Elroy,Nguyen,male,895-587-4459,Redmond,United States,61783,Mississippi,1121 Ralston,1930-03-21
crmid:1527120863,unknots1893@outlook.com,Corrin,Salas,female,331-012-2797,Taunton,United States,17752,Wisconsin,967 Emil,1952-02-26
crmid:5887902063,chandan1904@yahoo.com,Doloris,Nicholson,female,555-585-1567,Euless,United States,12718,Montana,1087 Wallace,1960-03-21
crmid:6754380332,arriba1905@yandex.com,Dotty,Kemp,female,078-763-6736,San Juan Capistrano,United States,97491,Indiana,140 Burritt,1958-12-05
crmid:9412557315,aloed1828@gmail.com,Joaquin,Puckett,male,798-078-7056,Barberton,United States,30675,Mississippi,877 Concourse,1936-05-24
crmid:4815394437,tenons1858@gmail.com,Tracy,Mosley,male,969-213-3437,Acworth,United States,96961,Missouri,580 Judson,1930-09-21
crmid:5445065967,anamorphose2002@live.com,Delmer,Higgins,,820-611-3920,Herriman,United States,09784,Nevada,458 Palmetto,1971-02-12
crmid:7237152312,spice1912@yandex.com,Nathan,Wilson,male,422-254-6881,Bethel Park,United States,94224,Kansas,541 Bessie,1938-07-31
crmid:9897257831,restrict1881@outlook.com,Weston,Rich,,623-298-0067,Southaven,United States,93873,Hawaii,1281 Chaves,1972-06-08
crmid:7149970752,huddled1899@yandex.com,Lacy,Larson,male,121-427-0363,Rahway,United States,90571,Illinois,354 Balhi,1936-06-17
crmid:3320333135,propositi2033@gmail.com,Alonso,Nielsen,,248-334-7257,Park Ridge,United States,33090,Illinois,551 Krausgrill,1972-03-11
crmid:5735610379,ablaze1833@live.com,Daren,Dawson,,308-015-2015,Kiryas Joel,United States,68621,Massachusetts,152 Ingerson,1978-12-13
crmid:3816799995,ecocide1879@outlook.com,Curtis,Washington,,260-329-3107,Highland,United States,07018,Nevada,451 Duncan,1971-02-23
crmid:3125008195,camata1954@yandex.com,Sammie,Copeland,male,019-198-9015,Brownwood,United States,56490,Georgia,399 Hooper,1942-09-07
crmid:4506400044,onomatopy1838@yandex.com,Donald,Beasley,,876-796-1589,Oshkosh,United States,33590,Wisconsin,287 Harrison,1969-10-10
crmid:8511413476,trabecularism1866@yandex.com,Benjamin,Mills,,376-384-1849,Laguna Beach,United States,01765,Florida,805 Naglee,1979-01-24
crmid:5968626847,cholones2068@live.com,Kenton,Barron,,989-365-3796,Matteson,United States,76652,West Virginia,87 Martinez,1988-09-23
crmid:5753497591,alexandrite1864@gmail.com,Samuel,Armstrong,,729-569-5849,Riverside,United States,84457,Ohio,1311 Crespi,1988-08-15
crmid:4234890412,creeps1949@yahoo.com,Ignacio,Avery,male,985-289-6280,Cathedral City,United States,62746,New Jersey,1215 Fresno,1945-11-24
crmid:7376432379,cryptomere1936@yandex.com,Rafael,Chang,,742-276-6343,Monroeville,United States,73714,Louisiana,1024 Flounder,1992-09-13
crmid:9792296634,serosa1940@gmail.com,Michel,Cabrera,,801-496-2229,Laramie,United States,04712,Louisiana,51 Sabin,1980-02-13
crmid:2812280251,unmolified1849@gmail.com,Kacie,West,female,282-011-5115,Cincinnati,United States,21609,Wyoming,67 Langton,1947-04-30
crmid:6870028891,lobations1961@live.com,Phil,Fields,male,558-257-2836,Bangor,United States,74643,North Dakota,1044 Cesar Chavez,1936-12-31
crmid:8537942885,deloris1990@gmail.com,Dewitt,Molina,,334-250-7301,Golden,United States,25113,New Jersey,681 Nob Hill,1966-04-10
crmid:9019887602,dewitte1958@gmail.com,Stephen,Savage,,806-531-7653,Naperville,United States,86968,Michigan,1168 Lomita,1995-06-20
crmid:9623743439,postbrachial1903@outlook.com,Fernando,O'neil,male,291-737-7543,Augusta,United States,96772,Kansas,365 Crissy Field,1935-04-22
crmid:3912882388,flocoon2056@yandex.com,Arlie,Silva,,982-143-3524,Pelham,United States,72815,Arizona,887 Garnett,1967-08-28
crmid:2903178363,angiotomy1862@yandex.com,Shelby,Livingston,male,844-397-5548,Cape Coral,United States,86525,California,925 Blanche,1944-11-22
crmid:1694386670,skunk1893@gmail.com,Donte,Marshall,,031-482-5373,Philadelphia,United States,73550,Rhode Island,810 Fargo,1992-06-04
crmid:2852488253,cristie2000@yandex.com,Frederick,Mcgee,,193-421-1723,Russellville,United States,68421,Maine,389 Osgood,1979-03-16
crmid:9619356993,butterfish2015@gmail.com,Darryl,Noel,male,710-844-1666,Avenal,United States,10471,Arkansas,1275 San Aleso,1935-03-22
crmid:3929801492,invected2011@outlook.com,Ezekiel,Frost,,151-142-2386,Ormond Beach,United States,78423,Maryland,364 Plymouth,1978-08-13
crmid:8829373837,delaminate2033@gmail.com,Julietta,Cash,female,512-537-3887,San Bruno,United States,88208,New Jersey,1074 Jason,1999-03-08
crmid:9119731262,debride1833@yahoo.com,Kai,Shaffer,female,583-614-8387,Pompano Beach,United States,22717,Montana,792 Varney,1959-10-08
crmid:2461728166,vigors1956@yandex.com,Ehtel,Cox,female,067-158-7991,Chambersburg,United States,51993,Colorado,1386 Elim,1946-10-29
crmid:3658606019,floods1808@outlook.com,Roy,Callahan,male,811-819-9334,Bismarck,United States,48595,Kentucky,1058 Easement,1939-08-05
crmid:7877881324,devenustate1854@live.com,Carmelo,Holmes,male,625-341-9473,Albertville,United States,60438,South Dakota,689 Goethe,1931-11-03
crmid:9725000918,cow1835@outlook.com,Craig,Dunlap,male,947-281-8923,Centerville,United States,15094,Wisconsin,354 Gateview 3,1945-02-09
crmid:2782669742,subglobularly2003@yahoo.com,Leonida,Lang,female,187-809-5155,Crest Hill,United States,65757,Montana,207 Doric,1951-11-10
crmid:6072719972,chiasma1922@gmail.com,Henry,Dudley,,982-061-6749,Hamilton,United States,27212,Minnesota,559 Duboce,1969-04-13
crmid:4953746062,myriophyllite1823@outlook.com,Todd,French,,954-153-6256,Superior,United States,58555,Arizona,978 Havenside,1989-07-17
crmid:2065442357,fowl1880@yahoo.com,German,Solis,male,418-671-5164,Carson,United States,77264,Hawaii,1010 Tacoma,1944-12-26
crmid:1361524004,axoplasms1850@yahoo.com,Erik,Russell,,504-543-4008,Thomasville,United States,30126,Arkansas,107 West Halleck,1974-02-04
crmid:5970808923,defrance2060@outlook.com,Meri,Levine,female,798-561-8176,Cleveland,United States,39323,Vermont,1086 Santa Barbara,1948-06-17
crmid:3115872181,bluely1939@live.com,Daryl,Morrison,,786-875-7775,Wylie,United States,23174,Louisiana,1398 Marston,1967-05-12
crmid:3759993556,beaux1883@yandex.com,Herschel,Russo,male,064-533-1118,Blacksburg,United States,87917,Hawaii,167 Greenwood,1939-05-26
crmid:5837641667,drainpipe1847@outlook.com,Alphonso,Callahan,male,363-576-7811,Bellwood,United States,91850,Montana,671 Harding,1937-01-05
crmid:9930515602,loudness2045@yandex.com,Carey,Goff,,503-130-4365,Menomonee Falls,United States,71630,Mississippi,1187 Verdi,1989-12-10
crmid:4702471889,quinidin1811@yahoo.com,Chester,Singleton,,794-860-9310,Roy,United States,34076,Hawaii,950 Hillview,1975-07-15
crmid:6269123181,carious2035@outlook.com,Page,Rodriquez,female,801-700-4700,San Fernando,United States,27448,Colorado,314 Lessing,1957-07-25
crmid:4684976824,bilio1818@yahoo.com,Lashon,Duran,female,211-674-9949,Corpus Christi,United States,78278,Washington,358 Ingerson,1951-10-26
crmid:5103821513,ostsises1887@yahoo.com,Bill,Burton,male,876-277-1126,Angleton,United States,81518,Kansas,570 Otsego,1932-01-04
crmid:7867765096,antical1946@live.com,Alline,Mercado,female,217-323-1941,Colton,United States,04822,Delaware,701 Bocana,1949-01-20
crmid:6693779270,absent1913@yahoo.com,Robt,French,male,910-678-8278,Roselle,United States,69302,New Jersey,973 Douglass,1938-08-10
crmid:2856221196,eikon1964@yahoo.com,Alfred,Mccarthy,,927-266-9705,Santa Ana,United States,42997,Oregon,883 Moraga,1990-10-10
crmid:3050432462,bruise1911@yandex.com,Sylvester,Palmer,,399-526-7639,Youngstown,United States,39991,Indiana,667 Bemis,1977-03-31
crmid:5454986266,goldfish1809@gmail.com,Delmar,Schwartz,,176-815-3939,Hinsdale,United States,67598,Montana,61 Arbor,1972-10-15
crmid:6621212825,cooper1809@yahoo.com,Ema,Powers,female,506-249-4200,Douglasville,United States,13673,Oklahoma,163 Amethyst,1955-03-24
crmid:4820385772,chuckies1818@live.com,Earleen,Hardin,female,525-397-3121,Painesville,United States,57714,Arizona,1354 Stratford,1950-03-13
crmid:8432962289,carrefour1956@gmail.com,Weldon,Cleveland,male,217-958-7193,Aurora,United States,50321,Virginia,1056 El Polin,1935-10-06
crmid:6237876305,unthumped1893@yahoo.com,Meg,Bullock,female,804-013-5251,Elmwood Park,United States,33518,California,924 View,1959-06-04
crmid:9012846023,dropsy2059@gmail.com,Frederic,Gay,,058-506-6791,Leander,United States,31521,North Carolina,28 Lilac,1981-06-02
crmid:3225248891,huckaback2004@yandex.com,Thalia,Rutledge,female,715-376-0824,Rockledge,United States,51795,Montana,32 Gough,1998-12-06
crmid:7021755205,periodontology1889@yandex.com,Kermit,Morgan,male,450-930-7001,Addison,United States,31145,Arizona,775 Turner,1930-06-21
crmid:7121305830,awest1905@live.com,Barrett,Winters,male,700-988-2928,Batavia,United States,04287,Arkansas,1070 Beachmont,1936-01-31
crmid:3268019478,reservery1877@outlook.com,Nicholas,Aguirre,,742-608-2783,San Diego,United States,43724,Oregon,309 Sumner,1984-07-29
crmid:3586500494,batten1998@gmail.com,Lorenzo,Richmond,,882-961-2991,Imperial Beach,United States,09313,New York,432 Chancery,1974-01-12
crmid:9756692745,anatolic2026@outlook.com,Charley,Pacheco,,040-474-5521,Mequon,United States,99006,New Hampshire,42 Davenport,1989-07-03
crmid:2118899636,epeira2036@outlook.com,Earle,Newton,male,824-406-6221,Canton,United States,96668,Wisconsin,203 Globe,1944-03-21
crmid:7817631956,mutine1829@outlook.com,Alise,Herring,female,340-607-4480,East Palo Alto,United States,05971,New Hampshire,172 Bache,1957-01-13
crmid:5785347872,devious1935@yandex.com,Graham,Gomez,,789-876-8242,O'Fallon,United States,36031,Michigan,1335 Bradford,1971-07-20
crmid:5041909523,dearaujo1876@yandex.com,Erick,Reyes,,483-695-0680,Grayslake,United States,38679,West Virginia,307 Hermann,1968-06-24
crmid:4326101116,cassondra2045@yahoo.com,Tracey,Lowe,,355-882-2607,Takoma Park,United States,45536,New Mexico,720 Smith,1989-02-17
crmid:7776938950,algaesthesis2011@yandex.com,Desmond,Ross,,665-415-3264,Hampton,United States,92812,Ohio,469 Plymouth,1969-08-08
crmid:2656047901,ox1884@yandex.com,Gerald,Pratt,,988-704-7661,Walnut Creek,United States,81128,Arizona,452 El Mirasol,1967-02-23
crmid:9548498195,arpita1976@yandex.com,Ivory,Levine,,540-178-6338,Marlborough,United States,64155,Minnesota,1047 Tingley,1987-11-26
crmid:9045674628,arley1977@outlook.com,Hildegarde,Ford,female,338-318-4659,Visalia,United States,62971,South Carolina,167 Loraine,1957-04-10
crmid:4676867276,explosion1854@gmail.com,Randal,Wall,male,974-507-8527,New Berlin,United States,04602,Wisconsin,984 Mcdowell,1996-02-20
crmid:8419270652,bask2013@yandex.com,Dyan,Norton,female,321-772-8069,St. Matthews,United States,69167,Idaho,1127 Fountain,1948-03-22
crmid:6162662822,pasha1927@yandex.com,Josue,Wyatt,male,320-309-3156,Winston-Salem,United States,03181,Colorado,32 Giants,1934-06-05
crmid:3837911502,reamalgamated1952@yandex.com,Archie,Riggs,male,807-457-8675,Spring Hill,United States,90759,Arizona,172 Topeka,1936-01-25
crmid:6891491604,castaways1960@yandex.com,Zulema,Weaver,female,065-917-6024,Corona,United States,99937,Texas,236 Valparaiso,1950-09-30
crmid:3482937834,adinole1901@gmail.com,Pat,Gibson,male,930-392-8466,Pearland,United States,57308,Washington,15 Oak Access,1943-12-15
crmid:3038523138,alexis1863@yahoo.com,Rory,Sellers,male,635-929-0982,Pittsburg,United States,08771,Michigan,222 Taraval,1931-08-26
crmid:3586500494,clowder1856@gmail.com,Adan,English,,326-551-1891,Goodyear,United States,40291,Massachusetts,98 Hollis,1967-08-08
crmid:3404079278,euonymus1832@live.com,Marcel,Valenzuela,,193-100-2877,Hopewell,United States,75870,New Jersey,1320 Stonecrest,1973-12-31
crmid:6075794791,bitterbush1800@yandex.com,Al,Ball,,383-869-4564,Menasha,United States,30056,Idaho,139 Monterey,1989-06-05
crmid:2412577535,adriene1972@yahoo.com,Jorge,Rose,male,350-407-2596,Bryan,United States,32335,Arizona,1384 Seminole,1942-06-25
crmid:2376404208,unipartite2057@gmail.com,Branden,Owen,,404-991-2222,Winona,United States,39400,North Carolina,949 Redfield,1975-03-30
crmid:9495104965,abucco1856@outlook.com,Michal,Moses,male,259-786-2604,Baytown,United States,74512,Pennsylvania,764 Flower,1936-12-31
crmid:1540248643,paterero2019@gmail.com,Grover,Jennings,,439-932-2774,Lawton,United States,17026,South Carolina,700 Rawles,1981-04-26
crmid:8870219534,appellations1925@outlook.com,Ilda,Bates,female,369-357-3559,Champlin,United States,25852,Michigan,620 Bell,1946-04-02
crmid:8546712734,tzarina1958@outlook.com,Lorriane,Dillon,female,524-853-1679,Cudahy,United States,35352,Nevada,1071 Madison,1952-06-08
crmid:1178047175,brither1970@yahoo.com,Ronny,Soto,male,964-289-0725,Mount Vernon,United States,55086,Montana,938 Henry,1994-10-19
crmid:1514491677,antsier1934@gmail.com,Rod,Russo,male,520-327-3472,Southgate,United States,07082,Wyoming,426 Drake,1931-08-26
crmid:1703924668,millistere1842@yandex.com,Donnell,Foreman,,157-721-5991,Santa Clarita,United States,20616,South Dakota,365 Galewood,1962-01-17
crmid:8419434101,emmett1888@outlook.com,Mckinley,Finch,male,739-585-5093,Burleson,United States,38617,Montana,269 Mercedes,1943-07-09
crmid:5294110512,choler1956@gmail.com,Simon,Wallace,male,611-008-9534,Shoreline,United States,09093,Vermont,1353 Fratessa,1938-09-30
crmid:6534228158,bodhi2009@outlook.com,Franklyn,Gross,male,971-565-7517,Ruston,United States,03276,North Carolina,307 Frederick,1930-04-12
crmid:1404250890,melangeur1909@outlook.com,Leeanne,Carver,female,580-229-7509,Cudahy,United States,92526,Virginia,106 Avenue H,1952-12-10
crmid:8135294470,dazing1976@yandex.com,Milan,Dominguez,,027-746-4105,Maple Valley,United States,41621,Texas,357 Merrill,1986-08-08
crmid:4575338933,birken2052@outlook.com,Maisie,Doyle,female,842-572-0497,Easton,United States,63566,New York,1018 Delaware,1957-12-20
crmid:9972780090,septembral1902@yandex.com,Jonas,Heath,male,408-308-3165,Carrboro,United States,32609,Minnesota,65 Lone Mountain,1944-06-13
crmid:9757172380,undemocratized1933@live.com,Mauricio,Nicholson,,748-869-4259,Petersburg,United States,40336,Washington,526 Irwin,1993-11-03
crmid:8932162007,dulcea1973@yandex.com,Leopoldo,Clark,,803-742-7739,Gadsden,United States,27639,West Virginia,294 Deems,1964-04-27
crmid:2981406970,stowdown2068@yandex.com,Arlen,Kaufman,male,913-382-8478,Arvada,United States,94295,Alabama,862 Clearview,1934-01-16
crmid:5616060544,arras1806@outlook.com,Harrison,Watson,male,854-194-1679,Bradenton,United States,79759,Nevada,1303 Pueblo,1941-04-30
crmid:8544734205,cherished1923@gmail.com,Ricki,Cannon,female,564-020-1399,Chanhassen,United States,64604,Kansas,1156 Gorham,1946-10-22
crmid:9870999782,fuligulinae1847@live.com,Krystin,Mccray,female,950-253-3238,East St. Louis,United States,95247,Utah,876 Century,1957-10-09
crmid:9466881430,viking1913@live.com,Suzann,Key,female,779-895-8546,Fall River,United States,49574,Iowa,415 Lombard,1961-08-16
crmid:5178601856,depict1808@yandex.com,Bobby,Gordon,,195-384-6376,Trussville,United States,44666,South Carolina,709 Blair,1989-08-23
crmid:6407713930,unwailing1840@yandex.com,Maye,Russell,female,948-454-0534,Chico,United States,39507,New Jersey,1005 Transbay Loop,1947-06-26
crmid:9551719353,answers1961@outlook.com,Melodee,Roberts,female,571-881-6883,Dothan,United States,37338,California,407 Edna,1955-06-25
crmid:3418381621,briolettes1978@yahoo.com,Tobias,Rice,,069-912-9661,Niagara Falls,United States,32173,Minnesota,156 Eastwood,1997-06-20
crmid:2382361414,deckchair1802@gmail.com,Vernon,Gilbert,,434-924-5059,Orland Park,United States,37325,Connecticut,9 Vidal,1971-12-21
crmid:5048643852,alcindor2022@live.com,Norman,Kelley,male,612-945-3151,Bountiful,United States,86434,Texas,619 Davidson,1940-11-20
crmid:5753309357,volvas1889@outlook.com,Fernando,Gaines,,244-937-2075,Reedley,United States,29755,Indiana,1118 Lower,1964-09-26
crmid:6866494701,anabel1999@yandex.com,Neda,Christensen,female,533-393-1277,Woodstock,United States,11377,Missouri,630 Chase,1952-07-06
crmid:7455878158,cancerated1925@outlook.com,Lyla,Giles,female,563-366-4043,Cleburne,United States,35775,Mississippi,718 Lawton,1948-06-11
crmid:7132906228,chewer1826@yandex.com,Melvin,Donovan,,725-911-9023,Norfolk,United States,42361,Washington,285 Bertha,1998-08-02
crmid:5312585733,intracutaneously2065@gmail.com,Olin,Ford,male,870-365-8761,Cedar Hill,United States,92065,Vermont,914 Brewster,1945-07-10
crmid:8392110436,cornhusks2060@live.com,Chet,Foster,,462-557-6705,Nashua,United States,74452,Arizona,168 Taylor,1995-12-16
crmid:6944215319,notifying1939@gmail.com,Antonia,Russell,,768-728-1931,Lynwood,United States,14711,Alabama,576 West Clay,1985-03-03
crmid:8735938116,laurvikite1844@yandex.com,Nick,Coffey,male,593-656-0097,Carbondale,United States,42059,Maryland,1076 Hemlock,1944-07-06
crmid:8579247475,spondulics1837@yahoo.com,Alton,Calderon,,718-614-3562,Winter Garden,United States,66901,Hawaii,905 Buena Vista,1976-11-14
crmid:1900847032,timbersome1933@live.com,Keenan,Shaw,,943-029-3686,Williamsport,United States,33893,Nebraska,988 Innes,1969-02-12
crmid:8035985775,desirae1958@yahoo.com,Donnie,Buckner,male,550-113-7584,Carson,United States,12160,Indiana,429 Camellia,1944-03-04
crmid:1806707353,bleaching1859@yandex.com,Louetta,Yang,female,368-720-9843,New Orleans,United States,19447,North Carolina,465 Palm,1996-03-11
crmid:4641963885,transistors2050@yandex.com,Lupe,Johns,,058-267-7230,San Rafael,United States,46987,New Jersey,1360 Dedman,1988-04-21
crmid:4370930142,arbores1963@live.com,Zachary,Mcdowell,,885-614-4789,Omaha,United States,98565,Illinois,802 Madera,1982-08-18
crmid:2083372638,carrefour1800@yandex.com,Graig,Castillo,,775-692-4259,San Dimas,United States,83521,Oklahoma,88 Acme,1963-06-22
crmid:3642546032,deformative2032@gmail.com,Hyon,Hester,female,990-378-8811,Deerfield Beach,United States,20499,Connecticut,660 Sierra,1954-04-14
crmid:2469354463,systemic1924@yahoo.com,Aldo,Golden,male,814-989-7188,Newburgh,United States,81332,Georgia,864 St. Paul Street-Calvert,1997-02-01
crmid:7346342848,kindle1917@outlook.com,Tyler,Mathis,,620-025-4908,Moline,United States,30875,Pennsylvania,469 Rutledge,1992-07-03
crmid:7361635829,physiognomist1954@gmail.com,Erik,Callahan,,268-316-8672,Victoria,United States,30172,Wyoming,652 Lester,1970-02-01
crmid:3373031585,madiga1952@yahoo.com,Chuck,Ruiz,male,679-874-9031,Carson City,United States,77165,Arizona,999 Winfield,1944-02-26
crmid:8564882439,aswan1869@yahoo.com,Royal,Phelps,,612-054-4235,Montgomery,United States,57342,Florida,1381 John F Kennedy,1992-10-23
crmid:8233631827,votresses1889@gmail.com,Cedrick,Garrison,,194-604-1685,Hobart,United States,59001,Arkansas,776 Espanola,1972-10-25
crmid:2028255614,busch1982@gmail.com,Johnathon,Valentine,male,005-291-1122,Anacortes,United States,37614,South Carolina,613 Arago,1932-05-29
crmid:4098781886,afterfuture1937@live.com,Malcom,Osborne,male,743-319-4246,Bryan,United States,36851,South Carolina,495 Rod,1942-07-22
crmid:9078928947,antienvironmentalists1984@gmail.com,Chantell,Mejia,female,040-347-4678,Pasco,United States,15210,Iowa,143 China Basin,1946-02-20
crmid:2720826440,crabby2041@yahoo.com,Grazyna,Alvarado,female,651-629-5212,Columbus,United States,60357,Rhode Island,384 Turquoise,1949-11-06
crmid:3643848777,decimolar1993@yahoo.com,David,Calderon,male,611-055-4951,Springdale,United States,61179,Wisconsin,1230 Exposition,1945-03-05
crmid:1358421098,consciousness1988@yandex.com,Deedee,Maldonado,female,286-593-8842,Dinuba,United States,11328,Utah,644 Yale,1955-02-18
crmid:7678216204,coquets1830@yandex.com,Branden,Hansen,male,524-779-6027,Cary,United States,79020,Pennsylvania,477 Bucareli,1945-12-02
crmid:4203481976,solatia1974@gmail.com,Anette,Rosario,female,813-990-9655,Rexburg,United States,82003,Idaho,271 Bernal Heights,1958-01-25
crmid:3409427635,bubak1957@gmail.com,Carter,Duffy,,174-775-2573,Hawthorne,United States,78592,Alaska,1288 Dickinson,1970-08-26
crmid:3307425320,batteries1803@yandex.com,Meda,Conway,female,301-316-8527,West Memphis,United States,73960,Oklahoma,335 Blackstone,1950-06-07
crmid:7208380941,alvaro1830@outlook.com,Daniel,Sanchez,,161-756-3737,Hagerstown,United States,37715,Arkansas,334 Rayburn,1969-06-16
crmid:2282009222,imperatorially1892@outlook.com,Kraig,O'neill,,389-388-3782,Grand Island,United States,57971,Michigan,1367 Mckinley,1967-09-27
crmid:8766093572,archimedes1943@gmail.com,Antonia,Bernard,male,376-874-4776,Avon,United States,70423,West Virginia,1249 Olmstead,1935-01-03
crmid:6595143824,drainpipe2030@yandex.com,Denver,Richardson,,642-629-9302,Sandusky,United States,95412,Tennessee,436 Russ,1965-09-07
crmid:1720183682,allgood1956@yahoo.com,Joe,Vang,,417-868-2338,Lauderdale Lakes,United States,91468,Michigan,625 Milton,1981-10-06
crmid:9679399250,convict2062@outlook.com,Delmar,Gray,,368-913-4289,Gary,United States,77263,Oklahoma,772 Theresa,1965-12-24
crmid:8394451214,rudiment1803@gmail.com,Rick,Potter,,902-966-8661,Harvey,United States,08694,Colorado,1345 Espanola,1970-01-30
crmid:1880187278,cholones1838@yandex.com,Farah,Pace,female,114-896-2826,Chapel Hill,United States,19569,Kansas,133 Simonds,1946-03-22
crmid:4581913675,completers2062@outlook.com,Guillermo,Guzman,,142-343-6653,Walnut Creek,United States,40369,Ohio,867 The Embarcadero,1986-11-02
crmid:1006422064,bewitching2002@live.com,Leroy,Parsons,,990-475-5349,Lakeville,United States,76433,Montana,908 Al Scoma,1980-12-08
crmid:9548777392,bird1849@outlook.com,Howard,Gardner,,660-129-9271,Laurel,United States,85425,Connecticut,1302 Illinois,1981-03-19
crmid:5418441536,detonations2022@live.com,Tyrone,Hunt,male,447-126-4469,Westminster,United States,55694,Nevada,1232 Parque,1995-02-18
crmid:8292532399,aurevoir2040@yahoo.com,Maynard,Dean,,695-159-4261,Henderson,United States,63334,Rhode Island,1210 Everson,1971-12-09
crmid:7519679772,perfusate1894@gmail.com,Gilberto,Faulkner,male,557-718-2796,Pueblo,United States,02761,Oregon,1093 Morrell,1940-04-09
crmid:8025925842,equvalent1892@gmail.com,Weldon,Norman,,879-683-2653,Moline,United States,76569,Pennsylvania,1088 Alvarado,1992-12-22
crmid:3351648730,overdignifiedly2027@yandex.com,Lanny,Ray,,590-738-7801,Hazel Park,United States,76077,Hawaii,397 Rodriguez,1970-12-15
crmid:6721262640,sexillion1942@outlook.com,Bryce,Baird,,548-045-8761,Logansport,United States,72895,Utah,858 Kempton,1983-03-10
crmid:8507568215,aphotic1835@outlook.com,Lowell,Burgess,male,891-637-6092,Van Buren,United States,01508,Maryland,1329 Fern,1937-06-04
crmid:3135580808,exert1816@yandex.com,Oscar,Dale,,796-305-8430,McMinnville,United States,16219,Utah,1218 Balboa,1988-02-09
crmid:6691660268,burin1865@yandex.com,Mckinley,Bond,male,379-501-7710,Alabaster,United States,38213,Virginia,86 Touchard,1930-07-03
