id,crmid,propensity_room_upgrade,propensity_extended_nights
dd1323f4-914c-11ea-a74c-b88a60e194fb,crmid:6064260408,10,4
dd14d1b4-914c-11ea-8ca7-b88a60e194fb,crmid:5990376000,8,4
dd16cdf4-914c-11ea-b5ff-b88a60e194fb,crmid:9098741906,3,2
dd18a222-914c-11ea-993a-b88a60e194fb,crmid:7759756626,5,5
dd1a76e4-914c-11ea-8bb8-b88a60e194fb,crmid:3112486319,8,4
dd1cd476-914c-11ea-b243-b88a60e194fb,crmid:7980504907,7,3
dd1ebcac-914c-11ea-876d-b88a60e194fb,crmid:1086213660,7,4
dd2154b4-914c-11ea-857a-b88a60e194fb,crmid:4043595651,4,4
dd239e92-914c-11ea-a782-b88a60e194fb,crmid:1118881772,8,4
dd260fa8-914c-11ea-8b3d-b88a60e194fb,crmid:5711580266,4,9
dd283280-914c-11ea-8ee0-b88a60e194fb,crmid:5261990108,10,5
dd2a7c7e-914c-11ea-8f48-b88a60e194fb,crmid:1614545116,9,4
dd2d7618-914c-11ea-883e-b88a60e194fb,crmid:8927893191,7,4
dd2f71dc-914c-11ea-9931-b88a60e194fb,crmid:1931020623,4,4
dd318128-914c-11ea-bbdb-b88a60e194fb,crmid:2292739011,9,4
dd335694-914c-11ea-ab66-b88a60e194fb,crmid:5234735940,8,5
dd35b36e-914c-11ea-b160-b88a60e194fb,crmid:7627125833,4,5
dd38246e-914c-11ea-943e-b88a60e194fb,crmid:5630328760,4,7
dd3acfe4-914c-11ea-911d-b88a60e194fb,crmid:5543816495,2,3
dd3cf2e8-914c-11ea-958e-b88a60e194fb,crmid:8100656415,6,3
dd3fb1e4-914c-11ea-ad5e-b88a60e194fb,crmid:9606806889,4,3
dd41e846-914c-11ea-a378-b88a60e194fb,crmid:1129474073,9,5
dd465512-914c-11ea-8b39-b88a60e194fb,crmid:7852485793,8,3
dd48b286-914c-11ea-ab9f-b88a60e194fb,crmid:8636970713,6,5
dd4ae8dc-914c-11ea-82d7-b88a60e194fb,crmid:9588065347,5,3
dd4cf87a-914c-11ea-b63b-b88a60e194fb,crmid:7266298007,8,7
dd4f4240-914c-11ea-9733-b88a60e194fb,crmid:4451515116,8,3
dd517898-914c-11ea-b4b2-b88a60e194fb,crmid:8280286048,8,5
dd53c2ac-914c-11ea-84c7-b88a60e194fb,crmid:6264123000,5,5
dd564706-914c-11ea-87bf-b88a60e194fb,crmid:7754216836,4,4
dd581bee-914c-11ea-a277-b88a60e194fb,crmid:5801353095,7,5
dd59f088-914c-11ea-a5d3-b88a60e194fb,crmid:9619026709,5,9
dd5cea34-914c-11ea-9131-b88a60e194fb,crmid:9955556184,3,4
dd5ee630-914c-11ea-8f99-b88a60e194fb,crmid:2521869926,9,4
dd60f568-914c-11ea-bcbf-b88a60e194fb,crmid:5065191146,5,4
dd62a306-914c-11ea-9cdb-b88a60e194fb,crmid:7083045881,7,5
dd643d38-914c-11ea-9ac5-b88a60e194fb,crmid:3656161138,7,4
dd66257a-914c-11ea-9a28-b88a60e194fb,crmid:6474855932,8,4
dd686f5c-914c-11ea-94b9-b88a60e194fb,crmid:8341101854,10,3
dd6a9242-914c-11ea-8b30-b88a60e194fb,crmid:8194104547,4,4
dd6ca19c-914c-11ea-b590-b88a60e194fb,crmid:8233732283,8,4
dd6e4f3e-914c-11ea-88f5-b88a60e194fb,crmid:5392553567,8,5
dd6ffce2-914c-11ea-a75d-b88a60e194fb,crmid:5464967149,8,3
dd721fc6-914c-11ea-8d4f-b88a60e194fb,crmid:6615943671,8,4
dd745628-914c-11ea-a0eb-b88a60e194fb,crmid:8170300314,6,5
dd762ad8-914c-11ea-98fd-b88a60e194fb,crmid:5203458362,7,3
dd78615c-914c-11ea-a0a7-b88a60e194fb,crmid:9605687438,4,3
dd7b2074-914c-11ea-8118-b88a60e194fb,crmid:6795348747,4,5
dd7d56e8-914c-11ea-b02a-b88a60e194fb,crmid:4004519297,7,3
dd7f2c14-914c-11ea-99d5-b88a60e194fb,crmid:9104044215,10,5
dd817576-914c-11ea-b9b2-b88a60e194fb,crmid:4735177554,6,5
dd83ac86-914c-11ea-8a3c-b88a60e194fb,crmid:2491849441,8,2
dd85f5ca-914c-11ea-abe9-b88a60e194fb,crmid:7535717689,6,6
dd8866c0-914c-11ea-a98e-b88a60e194fb,crmid:3511508355,8,4
dd8a89b4-914c-11ea-af5b-b88a60e194fb,crmid:1194826971,3,9
dd8c857e-914c-11ea-b42a-b88a60e194fb,crmid:7436877177,9,3
dd8f1d90-914c-11ea-a15a-b88a60e194fb,crmid:2322458755,9,3
dd91f028-914c-11ea-aa66-b88a60e194fb,crmid:1402577482,7,4
dd93d86c-914c-11ea-b60b-b88a60e194fb,crmid:8064697670,8,4
dd95d424-914c-11ea-bdab-b88a60e194fb,crmid:5668902201,4,8
dd98319e-914c-11ea-8f1a-b88a60e194fb,crmid:1633564165,5,9
dd9a2d74-914c-11ea-be13-b88a60e194fb,crmid:5915212415,4,4
dd9d3aba-914c-11ea-8627-b88a60e194fb,crmid:2814029216,7,5
dd9fd2ca-914c-11ea-b1a5-b88a60e194fb,crmid:4755507308,10,2
dda21ca6-914c-11ea-9f92-b88a60e194fb,crmid:4567683246,4,2
dda3ddda-914c-11ea-ad60-b88a60e194fb,crmid:9682393483,5,3
dda5c63e-914c-11ea-b91e-b88a60e194fb,crmid:4236682887,5,3
dda79adc-914c-11ea-b8f1-b88a60e194fb,crmid:8736693430,3,3
dda98318-914c-11ea-8da9-b88a60e194fb,crmid:5283981793,5,6
ddab30c6-914c-11ea-a84a-b88a60e194fb,crmid:7012457243,2,4
ddada1be-914c-11ea-9b7d-b88a60e194fb,crmid:9807400170,7,2
ddaf62e8-914c-11ea-9c54-b88a60e194fb,crmid:2160333029,5,3
ddb18622-914c-11ea-a276-b88a60e194fb,crmid:8162114454,4,3
ddb3cfde-914c-11ea-8c7f-b88a60e194fb,crmid:8897246803,3,5
ddb62d50-914c-11ea-ac18-b88a60e194fb,crmid:7780449643,4,5
ddb83c94-914c-11ea-a490-b88a60e194fb,crmid:5864348615,8,5
ddba1148-914c-11ea-8aef-b88a60e194fb,crmid:5598772586,6,4
ddbbbeee-914c-11ea-a0ca-b88a60e194fb,crmid:3825835234,8,5
ddbe4388-914c-11ea-af62-b88a60e194fb,crmid:8947948653,9,3
ddc11628-914c-11ea-85de-b88a60e194fb,crmid:6636661840,4,8
ddc2eae6-914c-11ea-88d1-b88a60e194fb,crmid:6329738766,9,3
ddc5d102-914c-11ea-b318-b88a60e194fb,crmid:8197979212,4,4
ddc7b958-914c-11ea-abd3-b88a60e194fb,crmid:9199652904,4,5
ddca3dd0-914c-11ea-a2f4-b88a60e194fb,crmid:1689059154,7,4
ddcd3780-914c-11ea-9050-b88a60e194fb,crmid:3260053387,4,4
ddcf816c-914c-11ea-8707-b88a60e194fb,crmid:6144659290,3,6
ddd190ba-914c-11ea-926f-b88a60e194fb,crmid:5948734717,8,4
ddd428e6-914c-11ea-a4b1-b88a60e194fb,crmid:9389635597,6,3
ddd68652-914c-11ea-bd38-b88a60e194fb,crmid:2482121328,5,9
ddd9a71e-914c-11ea-be5a-b88a60e194fb,crmid:5284075844,8,3
dddbf102-914c-11ea-a6c3-b88a60e194fb,crmid:6478639390,4,8
dddd7782-914c-11ea-9467-b88a60e194fb,crmid:8522321766,5,7
dde2e250-914c-11ea-804d-b88a60e194fb,crmid:4983784538,7,3
dde4ca8c-914c-11ea-99b0-b88a60e194fb,crmid:4526371066,8,5
dde6d9ee-914c-11ea-a62e-b88a60e194fb,crmid:2709864256,8,5
dde8fcc8-914c-11ea-b0cd-b88a60e194fb,crmid:1167310640,4,9
ddeb46b0-914c-11ea-a5f4-b88a60e194fb,crmid:3237767603,7,5
ddecf45e-914c-11ea-9635-b88a60e194fb,crmid:9238870130,1,5
ddef1726-914c-11ea-a8d3-b88a60e194fb,crmid:8424133000,7,6
ddf0c4d0-914c-11ea-9139-b88a60e194fb,crmid:9944187936,9,5
ddf27292-914c-11ea-b74d-b88a60e194fb,crmid:7208902119,9,4
ddf4a938-914c-11ea-88d6-b88a60e194fb,crmid:5907832967,4,9
ddf6cbd8-914c-11ea-87ad-b88a60e194fb,crmid:3917167418,4,8
ddf8b408-914c-11ea-a954-b88a60e194fb,crmid:7665486265,6,2
ddfa9ca4-914c-11ea-b835-b88a60e194fb,crmid:4574480923,4,4
ddfc981a-914c-11ea-b4e8-b88a60e194fb,crmid:4676297568,4,1
ddfebaf8-914c-11ea-a0cd-b88a60e194fb,crmid:9682683194,3,4
de0068a2-914c-11ea-ae7d-b88a60e194fb,crmid:2296123215,2,9
de027800-914c-11ea-ab47-b88a60e194fb,crmid:1427229426,3,8
de0473b8-914c-11ea-bdb2-b88a60e194fb,crmid:2114655764,4,8
de06d134-914c-11ea-93ef-b88a60e194fb,crmid:5282533216,5,3
de0955d4-914c-11ea-b6a0-b88a60e194fb,crmid:6490443508,5,7
de0bc6b8-914c-11ea-9d05-b88a60e194fb,crmid:9504223616,5,7
de0de990-914c-11ea-8d80-b88a60e194fb,crmid:4340040818,4,5
de10a8d8-914c-11ea-9dfa-b88a60e194fb,crmid:6359718340,3,3
de134100-914c-11ea-a4cf-b88a60e194fb,crmid:9532509359,9,4
de1563ae-914c-11ea-8742-b88a60e194fb,crmid:6265836896,3,4
de175f5e-914c-11ea-884d-b88a60e194fb,crmid:7250951654,8,6
de18f99a-914c-11ea-95eb-b88a60e194fb,crmid:8527102505,3,3
de342274-914c-11ea-8953-b88a60e194fb,crmid:2958708938,6,2
de360b5a-914c-11ea-87e1-b88a60e194fb,crmid:1312055060,7,2
de38412c-914c-11ea-a6cb-b88a60e194fb,crmid:8883683348,5,9
de3a9ee6-914c-11ea-98e0-b88a60e194fb,crmid:3911417235,9,5
de3d84d4-914c-11ea-a5a8-b88a60e194fb,crmid:2041828338,8,5
de3ff5c6-914c-11ea-8682-b88a60e194fb,crmid:7356366878,6,3
de4266d0-914c-11ea-b7f7-b88a60e194fb,crmid:8412372197,7,4
de44fed2-914c-11ea-bb49-b88a60e194fb,crmid:7855756600,8,3
de4796d8-914c-11ea-9fc8-b88a60e194fb,crmid:9657776909,3,5
de4a2ef4-914c-11ea-b56e-b88a60e194fb,crmid:7175003571,4,4
de4cdab0-914c-11ea-861e-b88a60e194fb,crmid:8555078797,4,5
de4f8608-914c-11ea-adc3-b88a60e194fb,crmid:9759025759,8,3
de524530-914c-11ea-8202-b88a60e194fb,crmid:7389514213,3,5
de542d64-914c-11ea-8f46-b88a60e194fb,crmid:5985620387,9,4
de5615a2-914c-11ea-b95e-b88a60e194fb,crmid:8320092481,8,4
de583892-914c-11ea-944a-b88a60e194fb,crmid:3981530178,4,5
de59f9c6-914c-11ea-b047-b88a60e194fb,crmid:4228339376,6,3
de5c0926-914c-11ea-a0e1-b88a60e194fb,crmid:8829798795,4,2
de5e2bfa-914c-11ea-930c-b88a60e194fb,crmid:7603144243,8,4
de6027c0-914c-11ea-bd11-b88a60e194fb,crmid:2589091477,5,6
de61fc6c-914c-11ea-8191-b88a60e194fb,crmid:6602098621,9,6
de63e4ca-914c-11ea-ac51-b88a60e194fb,crmid:6959574073,6,7
de6655c2-914c-11ea-8ba5-b88a60e194fb,crmid:1929346255,10,4
de682a76-914c-11ea-bb59-b88a60e194fb,crmid:7985269963,5,7
de6a4d8c-914c-11ea-9cee-b88a60e194fb,crmid:8810862866,4,6
de6caacc-914c-11ea-914e-b88a60e194fb,crmid:7765229243,3,9
de6eba2c-914c-11ea-a405-b88a60e194fb,crmid:1753504626,3,6
de71a040-914c-11ea-a335-b88a60e194fb,crmid:3418959871,8,6
de739c14-914c-11ea-bf12-b88a60e194fb,crmid:8356090490,5,6
de75d278-914c-11ea-aa8d-b88a60e194fb,crmid:6474967383,8,4
de77e1dc-914c-11ea-9a31-b88a60e194fb,crmid:4130818792,3,4
de7a8d5a-914c-11ea-8ade-b88a60e194fb,crmid:1114518122,9,4
de7cfe48-914c-11ea-b1f8-b88a60e194fb,crmid:4281749026,10,4
de7ed30c-914c-11ea-bae3-b88a60e194fb,crmid:6981616957,8,4
de806d2e-914c-11ea-8a57-b88a60e194fb,crmid:2518050280,7,4
de822e68-914c-11ea-b643-b88a60e194fb,crmid:1460993508,3,8
de84ed94-914c-11ea-b868-b88a60e194fb,crmid:5216623896,9,6
de87378a-914c-11ea-bc85-b88a60e194fb,crmid:3864482624,2,9
de8994da-914c-11ea-91e2-b88a60e194fb,crmid:1717500612,9,5
de8bf25c-914c-11ea-b07b-b88a60e194fb,crmid:6294806090,6,8
de8ec508-914c-11ea-b425-b88a60e194fb,crmid:5435612183,7,4
de91497a-914c-11ea-b921-b88a60e194fb,crmid:7203282057,9,4
de9358cc-914c-11ea-9acc-b88a60e194fb,crmid:7679724657,7,4
de95b64c-914c-11ea-943a-b88a60e194fb,crmid:5733709580,2,3
de983ae4-914c-11ea-b7d8-b88a60e194fb,crmid:9898167552,5,5
de9a4a2e-914c-11ea-ab82-b88a60e194fb,crmid:7882070152,9,4
de9ca792-914c-11ea-9d0e-b88a60e194fb,crmid:1782456448,4,8
de9ef186-914c-11ea-bb35-b88a60e194fb,crmid:2669777624,5,7
dea189ae-914c-11ea-b97a-b88a60e194fb,crmid:6123019796,5,4
dea3c008-914c-11ea-b510-b88a60e194fb,crmid:8939910983,4,5
dea6588c-914c-11ea-b6e6-b88a60e194fb,crmid:7656899677,4,3
dea92aa4-914c-11ea-83d1-b88a60e194fb,crmid:6472318650,3,4
deabaf40-914c-11ea-902d-b88a60e194fb,crmid:2781543490,8,5
deae473e-914c-11ea-aab7-b88a60e194fb,crmid:1703730490,8,5
deb02f80-914c-11ea-bbb0-b88a60e194fb,crmid:8230955233,8,4
deb2c798-914c-11ea-9be9-b88a60e194fb,crmid:3943318254,2,6
deb5731e-914c-11ea-aa8a-b88a60e194fb,crmid:6428163687,7,4
deb93014-914c-11ea-8b77-b88a60e194fb,crmid:4542986884,5,4
debbdbb4-914c-11ea-b30a-b88a60e194fb,crmid:5510718867,9,4
debe25a8-914c-11ea-87a1-b88a60e194fb,crmid:2988652203,4,7
dec06fb6-914c-11ea-a17f-b88a60e194fb,crmid:2614704937,2,5
dec31b36-914c-11ea-982d-b88a60e194fb,crmid:2170605214,5,4
dec5b334-914c-11ea-89e8-b88a60e194fb,crmid:1158235654,7,4
dec7c2a4-914c-11ea-b8f3-b88a60e194fb,crmid:9559350222,9,6
dec95ca8-914c-11ea-a384-b88a60e194fb,crmid:5891092127,4,2
decb7f74-914c-11ea-84d8-b88a60e194fb,crmid:1132949548,4,7
decd7b52-914c-11ea-9173-b88a60e194fb,crmid:9167151549,7,2
decf2900-914c-11ea-9406-b88a60e194fb,crmid:2969144692,9,4
ded14d80-914c-11ea-86ef-b88a60e194fb,crmid:8218251769,7,5
ded3a9f0-914c-11ea-9875-b88a60e194fb,crmid:4476430043,9,5
ded5f4b4-914c-11ea-9b2f-b88a60e194fb,crmid:7182398696,4,8
ded850ae-914c-11ea-93fb-b88a60e194fb,crmid:9281657342,4,4
deda4c76-914c-11ea-9b3b-b88a60e194fb,crmid:6179449531,8,3
dedc70c0-914c-11ea-92f7-b88a60e194fb,crmid:8000673854,4,3
dedef40a-914c-11ea-92c2-b88a60e194fb,crmid:6445474569,9,5
dee1785c-914c-11ea-94aa-b88a60e194fb,crmid:7508044272,3,4
dee3fd10-914c-11ea-9313-b88a60e194fb,crmid:8827316559,4,6
dee61fee-914c-11ea-8757-b88a60e194fb,crmid:1286814023,7,5
dee8b7d0-914c-11ea-bf2e-b88a60e194fb,crmid:9887541678,5,10
deeb4fec-914c-11ea-95d2-b88a60e194fb,crmid:1548580765,9,4
deee3600-914c-11ea-9dbe-b88a60e194fb,crmid:7305820203,5,4
