id,crmid,propensity_score_credit_cards,suggested_credit_card,propensity_score_loan,suggested_loan
3c456374-4c73-11ea-9ea8-b88a60e194fb-1-ps,crmid:6409822814,5,Simplicity Card,4,Business Loan
3c4626a2-4c73-11ea-8e5f-b88a60e194fb-1-ps,crmid:4096946248,4,Platinum Card,4,Auto Loan
3c46ea18-4c73-11ea-a198-b88a60e194fb-1-ps,crmid:3536279982,4,Platinum Card,5,Auto Loan
3ca6e59c-4c73-11ea-a816-b88a60e194fb-1-ps,crmid:3422778297,4,Rewards Card,4,Student Loan
3ca7ceae-4c73-11ea-aa6a-b88a60e194fb-1-ps,crmid:5164848866,4,Simplicity Card,4,Personal Loan
3ca89334-4c73-11ea-8551-b88a60e194fb-1-ps,crmid:7204519557,4,Dividend Card,4,Student Loan
3ca97c54-4c73-11ea-a610-b88a60e194fb-1-ps,crmid:6826182069,5,Simplicity Card,4,Auto Loan
3caa8e24-4c73-11ea-851b-b88a60e194fb-1-ps,crmid:7927211019,3,Dividend Card,5,Personal Loan
3cab5252-4c73-11ea-ac42-b88a60e194fb-1-ps,crmid:3366090648,5,Dividend Card,5,Auto Loan
3cac1462-4c73-11ea-9175-b88a60e194fb-1-ps,crmid:6125641703,4,Business Card,5,Student Loan
3d11dab8-4c73-11ea-b4b7-b88a60e194fb-1-ps,crmid:6025343042,4,Simplicity Card,4,Student Loan
3d12c52e-4c73-11ea-8712-b88a60e194fb-1-ps,crmid:1469259106,4,Dividend Card,4,Auto Loan
3d13fdda-4c73-11ea-b5b2-b88a60e194fb-1-ps,crmid:6639124834,2,Travel Card,4,Auto Loan
3d14e822-4c73-11ea-b277-b88a60e194fb-1-ps,crmid:1147945810,4,Student Card,4,Personal Loan
3d162086-4c73-11ea-89c5-b88a60e194fb-1-ps,crmid:5313675999,4,Simplicity Card,4,Business Loan
3d170ae2-4c73-11ea-ad5d-b88a60e194fb-1-ps,crmid:4616129720,4,Rewards Card,1,Business Loan
3d181c7e-4c73-11ea-ba76-b88a60e194fb-1-ps,crmid:4896497072,4,Travel Card,4,Business Loan
3d769002-4c73-11ea-bc96-b88a60e194fb-1-ps,crmid:5433996974,6,Business Card,5,Personal Loan
3d77a224-4c73-11ea-944c-b88a60e194fb-1-ps,crmid:8925594616,3,Simplicity Card,4,Auto Loan
3d78b35e-4c73-11ea-85d3-b88a60e194fb-1-ps,crmid:3338477352,2,Dividend Card,5,Auto Loan
3d799e4a-4c73-11ea-a2a5-b88a60e194fb-1-ps,crmid:9746523099,4,Simplicity Card,3,Business Loan
3d7aae8c-4c73-11ea-aaf2-b88a60e194fb-1-ps,crmid:8709743782,4,Dividend Card,4,Personal Loan
3d7b9918-4c73-11ea-9883-b88a60e194fb-1-ps,crmid:1696727679,3,Dividend Card,10,Auto Loan
3d7c5d58-4c73-11ea-8bf3-b88a60e194fb-1-ps,crmid:8966379945,6,Student Card,4,Business Loan
3dddb62e-4c73-11ea-9d1a-b88a60e194fb-1-ps,crmid:5859886596,3,Student Card,4,Business Loan
3ddea1be-4c73-11ea-94ed-b88a60e194fb-1-ps,crmid:9755310497,5,Travel Card,3,Auto Loan
3ddf8ad4-4c73-11ea-8889-b88a60e194fb-1-ps,crmid:8609031057,4,Rewards Card,4,Student Loan
3de09c70-4c73-11ea-af5d-b88a60e194fb-1-ps,crmid:6163233049,4,Travel Card,4,Auto Loan
3de160e8-4c73-11ea-bb21-b88a60e194fb-1-ps,crmid:7549729469,5,Dividend Card,5,Student Loan
3de29880-4c73-11ea-a99d-b88a60e194fb-1-ps,crmid:2613167875,3,Business Card,5,Auto Loan
3de3aaee-4c73-11ea-945a-b88a60e194fb-1-ps,crmid:5865987262,4,Rewards Card,4,Business Loan
3e42ba80-4c73-11ea-a06a-b88a60e194fb-1-ps,crmid:6054086228,4,Business Card,4,Auto Loan
3e437ca4-4c73-11ea-b901-b88a60e194fb-1-ps,crmid:5136933374,2,Platinum Card,4,Auto Loan
3e4466e8-4c73-11ea-9f8d-b88a60e194fb-1-ps,crmid:7783246801,4,Dividend Card,3,Personal Loan
3e4552a4-4c73-11ea-ad22-b88a60e194fb-1-ps,crmid:5412105585,3,Travel Card,4,Student Loan
3e463bb6-4c73-11ea-a63c-b88a60e194fb-1-ps,crmid:7312988436,4,Dividend Card,5,Student Loan
3e477440-4c73-11ea-8f08-b88a60e194fb-1-ps,crmid:8323414507,2,Simplicity Card,3,Business Loan
3e485e98-4c73-11ea-8bfd-b88a60e194fb-1-ps,crmid:1278335977,4,Dividend Card,4,Personal Loan
3ea4af70-4c73-11ea-88a9-b88a60e194fb-1-ps,crmid:9256109848,5,Rewards Card,4,Business Loan
3ea5c0b0-4c73-11ea-be2e-b88a60e194fb-1-ps,crmid:6771183638,4,Dividend Card,3,Student Loan
3ea6f968-4c73-11ea-b7f0-b88a60e194fb-1-ps,crmid:4306092718,4,Travel Card,5,Personal Loan
3ea7bc68-4c73-11ea-b843-b88a60e194fb-1-ps,crmid:1056881802,3,Travel Card,4,Personal Loan
3ea8a818-4c73-11ea-82f3-b88a60e194fb-1-ps,crmid:3019987933,3,Business Card,9,Auto Loan
3ea9929a-4c73-11ea-afc8-b88a60e194fb-1-ps,crmid:3024156080,3,Dividend Card,6,Auto Loan
3eaa7ba6-4c73-11ea-9810-b88a60e194fb-1-ps,crmid:9437395141,3,Business Card,5,Personal Loan
3f0483ec-4c73-11ea-b83e-b88a60e194fb-1-ps,crmid:3694086691,7,Simplicity Card,8,Business Loan
3f05bc48-4c73-11ea-b10e-b88a60e194fb-1-ps,crmid:7090813234,5,Dividend Card,5,Auto Loan
3f067e40-4c73-11ea-8c1a-b88a60e194fb-1-ps,crmid:7316394074,5,Simplicity Card,5,Auto Loan
3f078f92-4c73-11ea-ad59-b88a60e194fb-1-ps,crmid:6928083595,4,Travel Card,2,Personal Loan
3f0852d8-4c73-11ea-b25b-b88a60e194fb-1-ps,crmid:4438448025,3,Travel Card,4,Business Loan
3f091628-4c73-11ea-af24-b88a60e194fb-1-ps,crmid:7880317912,4,Travel Card,5,Auto Loan
3f0a27b0-4c73-11ea-ad6d-b88a60e194fb-1-ps,crmid:8337271362,6,Rewards Card,4,Business Loan
3f0b396e-4c73-11ea-a13d-b88a60e194fb-1-ps,crmid:8276194960,2,Rewards Card,4,Business Loan
3f6f0452-4c73-11ea-9538-b88a60e194fb-1-ps,crmid:9956597654,3,Platinum Card,6,Student Loan
3f6fee54-4c73-11ea-8c75-b88a60e194fb-1-ps,crmid:6791327514,5,Travel Card,4,Student Loan
3f70d89c-4c73-11ea-904d-b88a60e194fb-1-ps,crmid:2068606293,4,Dividend Card,3,Business Loan
3f71c2fe-4c73-11ea-bd57-b88a60e194fb-1-ps,crmid:9077438742,5,Dividend Card,4,Personal Loan
3f72fb9e-4c73-11ea-ac44-b88a60e194fb-1-ps,crmid:3431119975,5,Platinum Card,3,Business Loan
3f73e5f0-4c73-11ea-b24f-b88a60e194fb-1-ps,crmid:9458689628,4,Dividend Card,5,Personal Loan
3f74f78a-4c73-11ea-96b6-b88a60e194fb-1-ps,crmid:2376404208,4,Simplicity Card,8,Student Loan
3fd0abac-4c73-11ea-b592-b88a60e194fb-1-ps,crmid:1417304975,4,Dividend Card,8,Business Loan
3fd1960a-4c73-11ea-b75c-b88a60e194fb-1-ps,crmid:3142321198,5,Student Card,5,Personal Loan
3fd25942-4c73-11ea-8638-b88a60e194fb-1-ps,crmid:5804061217,4,Platinum Card,4,Business Loan
3fd34558-4c73-11ea-8b53-b88a60e194fb-1-ps,crmid:5727272050,3,Travel Card,2,Personal Loan
3fd45636-4c73-11ea-beea-b88a60e194fb-1-ps,crmid:9281436730,5,Student Card,6,Student Loan
3fd519e2-4c73-11ea-80ec-b88a60e194fb-1-ps,crmid:4133279911,4,Dividend Card,3,Personal Loan
3fd5dd26-4c73-11ea-8bb8-b88a60e194fb-1-ps,crmid:2894103637,8,Dividend Card,5,Personal Loan
403c8ce8-4c73-11ea-aef2-b88a60e194fb-1-ps,crmid:3831419398,3,Business Card,4,Auto Loan
403d77a8-4c73-11ea-bf8d-b88a60e194fb-1-ps,crmid:8349219348,4,Dividend Card,5,Business Loan
403e6176-4c73-11ea-8b7e-b88a60e194fb-1-ps,crmid:1340951396,7,Travel Card,4,Personal Loan
403f25e2-4c73-11ea-a31c-b88a60e194fb-1-ps,crmid:4425451242,8,Student Card,2,Business Loan
404010b6-4c73-11ea-901b-b88a60e194fb-1-ps,crmid:6812298319,2,Platinum Card,4,Auto Loan
4040fa0a-4c73-11ea-989c-b88a60e194fb-1-ps,crmid:9474293535,4,Business Card,4,Auto Loan
40420b3e-4c73-11ea-9f9b-b88a60e194fb-1-ps,crmid:3462699122,2,Simplicity Card,4,Personal Loan
409f2054-4c73-11ea-99b7-b88a60e194fb-1-ps,crmid:4279421331,4,Business Card,5,Personal Loan
40a0310a-4c73-11ea-af1e-b88a60e194fb-1-ps,crmid:6430305695,4,Student Card,4,Personal Loan
40a14206-4c73-11ea-8d60-b88a60e194fb-1-ps,crmid:6754309733,5,Student Card,3,Business Loan
40a20658-4c73-11ea-b874-b88a60e194fb-1-ps,crmid:5458015953,4,Rewards Card,4,Personal Loan
40a31692-4c73-11ea-b2f0-b88a60e194fb-1-ps,crmid:6769452418,4,Student Card,4,Personal Loan
40a42830-4c73-11ea-a2ec-b88a60e194fb-1-ps,crmid:1883493259,3,Business Card,10,Auto Loan
40a4eb46-4c73-11ea-aefc-b88a60e194fb-1-ps,crmid:7540409762,3,Platinum Card,4,Auto Loan
4100ee00-4c73-11ea-830c-b88a60e194fb-1-ps,crmid:4307377843,6,Platinum Card,5,Business Loan
4101d9b6-4c73-11ea-8456-b88a60e194fb-1-ps,crmid:1056872319,5,Simplicity Card,3,Business Loan
41029cf6-4c73-11ea-9eec-b88a60e194fb-1-ps,crmid:6570461771,5,Travel Card,5,Business Loan
41036052-4c73-11ea-99d5-b88a60e194fb-1-ps,crmid:4511943791,4,Business Card,4,Business Loan
41044962-4c73-11ea-a814-b88a60e194fb-1-ps,crmid:4102772793,9,Platinum Card,4,Personal Loan
410533b8-4c73-11ea-9938-b88a60e194fb-1-ps,crmid:3750610250,5,Student Card,9,Business Loan
4105f848-4c73-11ea-af72-b88a60e194fb-1-ps,crmid:6186906932,4,Simplicity Card,3,Business Loan
416491b6-4c73-11ea-8e60-b88a60e194fb-1-ps,crmid:9044266258,5,Dividend Card,5,Business Loan
41657cf4-4c73-11ea-b7f3-b88a60e194fb-1-ps,crmid:7172809541,5,Simplicity Card,4,Auto Loan
41664058-4c73-11ea-b90e-b88a60e194fb-1-ps,crmid:7690738331,3,Travel Card,4,Personal Loan
41677880-4c73-11ea-8077-b88a60e194fb-1-ps,crmid:3303316895,2,Rewards Card,5,Personal Loan
41683b24-4c73-11ea-8847-b88a60e194fb-1-ps,crmid:2734713297,9,Student Card,3,Auto Loan
4168fe70-4c73-11ea-9106-b88a60e194fb-1-ps,crmid:7333697938,4,Simplicity Card,9,Personal Loan
4169e8e6-4c73-11ea-beab-b88a60e194fb-1-ps,crmid:2651834183,4,Simplicity Card,6,Auto Loan
41cb4292-4c73-11ea-96ed-b88a60e194fb-1-ps,crmid:6093259007,4,Travel Card,3,Personal Loan
41cc2e24-4c73-11ea-b47d-b88a60e194fb-1-ps,crmid:8642281252,4,Student Card,2,Business Loan
41ccf0b6-4c73-11ea-a64f-b88a60e194fb-1-ps,crmid:7455354309,4,Student Card,5,Business Loan
41cdb4a2-4c73-11ea-9ca5-b88a60e194fb-1-ps,crmid:5705032138,4,Platinum Card,4,Auto Loan
41ce9df6-4c73-11ea-87b2-b88a60e194fb-1-ps,crmid:1146424391,6,Platinum Card,3,Auto Loan
41cf8836-4c73-11ea-8b01-b88a60e194fb-1-ps,crmid:3384604445,5,Platinum Card,5,Personal Loan
41d0729a-4c73-11ea-873b-b88a60e194fb-1-ps,crmid:1666769620,4,Simplicity Card,4,Personal Loan
4230953e-4c73-11ea-b684-b88a60e194fb-1-ps,crmid:2429999284,3,Business Card,4,Personal Loan
4231cd12-4c73-11ea-8830-b88a60e194fb-1-ps,crmid:2201152239,3,Dividend Card,5,Personal Loan
4232de06-4c73-11ea-90cd-b88a60e194fb-1-ps,crmid:4644750925,8,Simplicity Card,5,Personal Loan
4233c83e-4c73-11ea-a665-b88a60e194fb-1-ps,crmid:8110902229,2,Platinum Card,4,Auto Loan
4234b2a4-4c73-11ea-9f3a-b88a60e194fb-1-ps,crmid:5142589668,6,Simplicity Card,4,Personal Loan
42359e22-4c73-11ea-9e61-b88a60e194fb-1-ps,crmid:8481140544,2,Business Card,4,Personal Loan
42368754-4c73-11ea-a03b-b88a60e194fb-1-ps,crmid:8616855429,4,Student Card,5,Business Loan
4297bb5e-4c73-11ea-bcc5-b88a60e194fb-1-ps,crmid:6404416066,5,Platinum Card,2,Auto Loan
4298a452-4c73-11ea-9c07-b88a60e194fb-1-ps,crmid:6859129447,4,Business Card,4,Personal Loan
42998e9c-4c73-11ea-83fd-b88a60e194fb-1-ps,crmid:7541133574,5,Student Card,4,Student Loan
429a51f6-4c73-11ea-ba01-b88a60e194fb-1-ps,crmid:9448973618,3,Student Card,6,Business Loan
429b645c-4c73-11ea-be9e-b88a60e194fb-1-ps,crmid:7992900756,3,Dividend Card,4,Personal Loan
429c7502-4c73-11ea-9b28-b88a60e194fb-1-ps,crmid:6123146006,5,Business Card,3,Auto Loan
429d390c-4c73-11ea-a069-b88a60e194fb-1-ps,crmid:8137661491,5,Platinum Card,4,Auto Loan
42fc9630-4c73-11ea-b515-b88a60e194fb-1-ps,crmid:5182233999,3,Platinum Card,3,Auto Loan
42fd5ac6-4c73-11ea-8a7e-b88a60e194fb-1-ps,crmid:6211993644,2,Simplicity Card,3,Business Loan
42fe44fa-4c73-11ea-a67f-b88a60e194fb-1-ps,crmid:5160353939,4,Student Card,3,Auto Loan
42ff2e92-4c73-11ea-a662-b88a60e194fb-1-ps,crmid:9370078975,5,Simplicity Card,4,Personal Loan
43001980-4c73-11ea-adfe-b88a60e194fb-1-ps,crmid:1691340159,4,Platinum Card,5,Personal Loan
4300dcda-4c73-11ea-a25a-b88a60e194fb-1-ps,crmid:7414961550,5,Business Card,4,Personal Loan
4301a098-4c73-11ea-894b-b88a60e194fb-1-ps,crmid:7050779676,4,Rewards Card,4,Personal Loan
43619998-4c73-11ea-a3f6-b88a60e194fb-1-ps,crmid:5803287464,4,Rewards Card,5,Student Loan
436283e6-4c73-11ea-b039-b88a60e194fb-1-ps,crmid:8026714972,7,Rewards Card,5,Student Loan
43636e5c-4c73-11ea-9aec-b88a60e194fb-1-ps,crmid:5149727032,2,Simplicity Card,4,Business Loan
4364a6ac-4c73-11ea-90eb-b88a60e194fb-1-ps,crmid:6653755770,4,Student Card,5,Personal Loan
43656b28-4c73-11ea-87eb-b88a60e194fb-1-ps,crmid:1081976591,3,Business Card,3,Student Loan
43662e92-4c73-11ea-a5ec-b88a60e194fb-1-ps,crmid:6024128982,4,Rewards Card,4,Personal Loan
436717ac-4c73-11ea-9b68-b88a60e194fb-1-ps,crmid:5252110677,5,Rewards Card,5,Business Loan
43d78df0-4c73-11ea-9bdf-b88a60e194fb-1-ps,crmid:7642289611,4,Business Card,5,Auto Loan
43d87862-4c73-11ea-be4f-b88a60e194fb-1-ps,crmid:2298426732,6,Travel Card,3,Business Loan
43d93a50-4c73-11ea-b9fe-b88a60e194fb-1-ps,crmid:1935454466,5,Business Card,4,Personal Loan
43d9fd88-4c73-11ea-91d7-b88a60e194fb-1-ps,crmid:8360631743,5,Rewards Card,3,Personal Loan
43dae978-4c73-11ea-ad1f-b88a60e194fb-1-ps,crmid:1886985990,3,Business Card,5,Personal Loan
43dbfa4a-4c73-11ea-9346-b88a60e194fb-1-ps,crmid:3992560742,6,Rewards Card,5,Business Loan
43dcbdb6-4c73-11ea-b67b-b88a60e194fb-1-ps,crmid:1349723013,5,Travel Card,3,Personal Loan
443f00dc-4c73-11ea-bd06-b88a60e194fb-1-ps,crmid:8446298999,7,Travel Card,4,Personal Loan
443feb54-4c73-11ea-a254-b88a60e194fb-1-ps,crmid:4221285755,9,Business Card,4,Personal Loan
4440ae64-4c73-11ea-9959-b88a60e194fb-1-ps,crmid:9577102191,4,Travel Card,5,Personal Loan
4441c13a-4c73-11ea-adb4-b88a60e194fb-1-ps,crmid:2958619522,4,Business Card,4,Personal Loan
44425d74-4c73-11ea-8914-b88a60e194fb-1-ps,crmid:2831519378,5,Business Card,4,Personal Loan
44436e6e-4c73-11ea-8999-b88a60e194fb-1-ps,crmid:7803064865,5,Business Card,4,Personal Loan
44447f34-4c73-11ea-b4d3-b88a60e194fb-1-ps,crmid:8765184061,4,Travel Card,4,Personal Loan
44a78674-4c73-11ea-b8a3-b88a60e194fb-1-ps,crmid:1328880540,4,Dividend Card,5,Personal Loan
44a870d8-4c73-11ea-99cc-b88a60e194fb-1-ps,crmid:7426762783,4,Business Card,3,Personal Loan
44a93574-4c73-11ea-a140-b88a60e194fb-1-ps,crmid:5138786587,4,Business Card,4,Business Loan
44aa6c8c-4c73-11ea-ae94-b88a60e194fb-1-ps,crmid:5954573538,4,Rewards Card,4,Personal Loan
44ab56f4-4c73-11ea-b230-b88a60e194fb-1-ps,crmid:5846978690,5,Dividend Card,4,Auto Loan
44ac90b0-4c73-11ea-aeb9-b88a60e194fb-1-ps,crmid:4336573951,3,Business Card,3,Auto Loan
44ad7c76-4c73-11ea-8c1e-b88a60e194fb-1-ps,crmid:6574989603,5,Platinum Card,2,Business Loan
45127d26-4c73-11ea-8dd9-b88a60e194fb-1-ps,crmid:1261797527,2,Student Card,4,Student Loan
4513678c-4c73-11ea-8572-b88a60e194fb-1-ps,crmid:8795711495,6,Travel Card,4,Student Loan
451478fa-4c73-11ea-b8af-b88a60e194fb-1-ps,crmid:2244865785,3,Simplicity Card,3,Student Loan
45156364-4c73-11ea-aedd-b88a60e194fb-1-ps,crmid:2292173165,5,Rewards Card,5,Personal Loan
451674cc-4c73-11ea-9c4c-b88a60e194fb-1-ps,crmid:3205825845,3,Rewards Card,3,Student Loan
45175f2c-4c73-11ea-b11a-b88a60e194fb-1-ps,crmid:8129028259,4,Business Card,3,Student Loan
4518498c-4c73-11ea-9854-b88a60e194fb-1-ps,crmid:9412557315,3,Rewards Card,8,Auto Loan
458082c0-4c73-11ea-a568-b88a60e194fb-1-ps,crmid:5502864722,4,Travel Card,4,Personal Loan
45819254-4c73-11ea-a13c-b88a60e194fb-1-ps,crmid:3047213537,4,Business Card,4,Auto Loan
458255a2-4c73-11ea-ba6d-b88a60e194fb-1-ps,crmid:2049765766,3,Simplicity Card,4,Business Loan
458318fe-4c73-11ea-97b3-b88a60e194fb-1-ps,crmid:2103021378,3,Platinum Card,2,Personal Loan
45842a92-4c73-11ea-932f-b88a60e194fb-1-ps,crmid:9949893842,5,Simplicity Card,4,Personal Loan
4584ee5c-4c73-11ea-9c73-b88a60e194fb-1-ps,crmid:9486162396,6,Business Card,4,Business Loan
4585d818-4c73-11ea-8b50-b88a60e194fb-1-ps,crmid:9032129017,4,Simplicity Card,5,Student Loan
45ecb1da-4c73-11ea-86d6-b88a60e194fb-1-ps,crmid:7965947397,4,Travel Card,5,Business Loan
45ede9c6-4c73-11ea-8bfa-b88a60e194fb-1-ps,crmid:3700880735,4,Travel Card,9,Personal Loan
45ef48d2-4c73-11ea-93eb-b88a60e194fb-1-ps,crmid:6801082682,5,Business Card,9,Personal Loan
45f0340a-4c73-11ea-9459-b88a60e194fb-1-ps,crmid:3895783833,4,Platinum Card,3,Personal Loan
45f145a2-4c73-11ea-acd0-b88a60e194fb-1-ps,crmid:1295864604,5,Platinum Card,3,Personal Loan
45f25566-4c73-11ea-b829-b88a60e194fb-1-ps,crmid:9596379302,4,Dividend Card,5,Auto Loan
45f33ffe-4c73-11ea-b2bb-b88a60e194fb-1-ps,crmid:3001615424,4,Platinum Card,8,Auto Loan
46524fe8-4c73-11ea-a04d-b88a60e194fb-1-ps,crmid:8735938116,2,Student Card,9,Auto Loan
46533b26-4c73-11ea-982a-b88a60e194fb-1-ps,crmid:2075180486,4,Simplicity Card,8,Personal Loan
4653fd58-4c73-11ea-a375-b88a60e194fb-1-ps,crmid:5633998857,4,Platinum Card,5,Personal Loan
465535c0-4c73-11ea-8558-b88a60e194fb-1-ps,crmid:1130452773,3,Simplicity Card,4,Auto Loan
4655f90a-4c73-11ea-a2e2-b88a60e194fb-1-ps,crmid:6669167507,4,Dividend Card,4,Auto Loan
4656bc54-4c73-11ea-b1d3-b88a60e194fb-1-ps,crmid:7215346882,4,Platinum Card,4,Personal Loan
4657cdb8-4c73-11ea-89c4-b88a60e194fb-1-ps,crmid:7430286449,3,Rewards Card,3,Auto Loan
46b704dc-4c73-11ea-9f67-b88a60e194fb-1-ps,crmid:9470198967,3,Business Card,4,Auto Loan
46b7ef50-4c73-11ea-9f75-b88a60e194fb-1-ps,crmid:5088967542,5,Student Card,7,Auto Loan
46b8d99a-4c73-11ea-80b1-b88a60e194fb-1-ps,crmid:5013310162,4,Business Card,5,Auto Loan
46b9c3de-4c73-11ea-aa77-b88a60e194fb-1-ps,crmid:2040888825,3,Platinum Card,9,Personal Loan
46baae58-4c73-11ea-8c3a-b88a60e194fb-1-ps,crmid:3183281576,4,Travel Card,4,Business Loan
46bb7182-4c73-11ea-9039-b88a60e194fb-1-ps,crmid:3447655559,4,Simplicity Card,5,Business Loan
46bcd150-4c73-11ea-8f89-b88a60e194fb-1-ps,crmid:6624180197,4,Simplicity Card,3,Auto Loan
471fb19c-4c73-11ea-b225-b88a60e194fb-1-ps,crmid:5117110618,4,Rewards Card,9,Business Loan
47209d1c-4c73-11ea-bf53-b88a60e194fb-1-ps,crmid:4904144835,5,Student Card,3,Personal Loan
47215f24-4c73-11ea-afc4-b88a60e194fb-1-ps,crmid:1911287053,5,Student Card,5,Personal Loan
47224a74-4c73-11ea-a787-b88a60e194fb-1-ps,crmid:1302068521,5,Platinum Card,4,Personal Loan
47230e5c-4c73-11ea-8264-b88a60e194fb-1-ps,crmid:8259000971,10,Simplicity Card,3,Personal Loan
4723d034-4c73-11ea-9bf3-b88a60e194fb-1-ps,crmid:7144098303,5,Business Card,5,Personal Loan
4724e2e8-4c73-11ea-8735-b88a60e194fb-1-ps,crmid:7850307477,6,Student Card,3,Personal Loan
4784b558-4c73-11ea-9f95-b88a60e194fb-1-ps,crmid:6759588537,4,Travel Card,7,Personal Loan
47859f22-4c73-11ea-84cb-b88a60e194fb-1-ps,crmid:3234125635,1,Travel Card,5,Personal Loan
47868ab8-4c73-11ea-8de9-b88a60e194fb-1-ps,crmid:1091799339,3,Student Card,5,Auto Loan
47874dc2-4c73-11ea-91f0-b88a60e194fb-1-ps,crmid:9771332645,4,Platinum Card,5,Business Loan
47885eac-4c73-11ea-b1e7-b88a60e194fb-1-ps,crmid:7696174561,4,Simplicity Card,4,Personal Loan
47894870-4c73-11ea-a1ab-b88a60e194fb-1-ps,crmid:7843865310,4,Dividend Card,2,Business Loan
478a0bbe-4c73-11ea-a5a4-b88a60e194fb-1-ps,crmid:4332262764,5,Dividend Card,4,Auto Loan
47e9df2e-4c73-11ea-b620-b88a60e194fb-1-ps,crmid:5190876388,3,Platinum Card,3,Business Loan
47eaa35c-4c73-11ea-b993-b88a60e194fb-1-ps,crmid:2202324477,5,Student Card,4,Personal Loan
47ebb3b6-4c73-11ea-8ef0-b88a60e194fb-1-ps,crmid:9233401633,5,Dividend Card,3,Business Loan
47ec9e08-4c73-11ea-9c33-b88a60e194fb-1-ps,crmid:6010294036,4,Travel Card,3,Auto Loan
47ed8868-4c73-11ea-b424-b88a60e194fb-1-ps,crmid:8920127688,4,Student Card,5,Personal Loan
47ee72f8-4c73-11ea-a77b-b88a60e194fb-1-ps,crmid:1415746983,4,Rewards Card,3,Business Loan
47ef3736-4c73-11ea-8c70-b88a60e194fb-1-ps,crmid:3920698821,3,Business Card,5,Personal Loan
4851538a-4c73-11ea-add8-b88a60e194fb-1-ps,crmid:7961596350,3,Travel Card,4,Student Loan
48523db4-4c73-11ea-9194-b88a60e194fb-1-ps,crmid:9604529267,5,Business Card,6,Personal Loan
48532900-4c73-11ea-8954-b88a60e194fb-1-ps,crmid:8295919371,5,Student Card,4,Student Loan
4853ecc8-4c73-11ea-803c-b88a60e194fb-1-ps,crmid:6597955667,3,Simplicity Card,5,Student Loan
4854afa8-4c73-11ea-b240-b88a60e194fb-1-ps,crmid:8641797924,3,Student Card,2,Auto Loan
4855733e-4c73-11ea-be85-b88a60e194fb-1-ps,crmid:5790892109,5,Business Card,5,Business Loan
4856aa86-4c73-11ea-b7df-b88a60e194fb-1-ps,crmid:5569861377,4,Rewards Card,6,Student Loan
48b7de26-4c73-11ea-9e56-b88a60e194fb-1-ps,crmid:8650967302,5,Simplicity Card,4,Personal Loan
48b8c794-4c73-11ea-bbec-b88a60e194fb-1-ps,crmid:5085915177,4,Platinum Card,4,Auto Loan
48b9b1ee-4c73-11ea-9d5f-b88a60e194fb-1-ps,crmid:7888199077,4,Dividend Card,6,Personal Loan
48ba7634-4c73-11ea-855a-b88a60e194fb-1-ps,crmid:5494720976,5,Simplicity Card,4,Personal Loan
48bb1262-4c73-11ea-8f62-b88a60e194fb-1-ps,crmid:4168384516,3,Student Card,2,Auto Loan
48bbfbdc-4c73-11ea-b325-b88a60e194fb-1-ps,crmid:9132648982,2,Simplicity Card,4,Business Loan
48bce63e-4c73-11ea-876a-b88a60e194fb-1-ps,crmid:1183473243,4,Business Card,5,Student Loan
4922fae2-4c73-11ea-a193-b88a60e194fb-1-ps,crmid:4203481976,4,Travel Card,6,Auto Loan
4923e688-4c73-11ea-8a00-b88a60e194fb-1-ps,crmid:5416204872,4,Student Card,4,Student Loan
4924cf9c-4c73-11ea-bb42-b88a60e194fb-1-ps,crmid:6123182355,4,Business Card,5,Student Loan
4925942c-4c73-11ea-8ba9-b88a60e194fb-1-ps,crmid:6231870811,5,Travel Card,4,Personal Loan
4926577e-4c73-11ea-ab1f-b88a60e194fb-1-ps,crmid:1658943477,4,Platinum Card,6,Student Loan
49278f68-4c73-11ea-b386-b88a60e194fb-1-ps,crmid:3323937378,3,Rewards Card,4,Business Loan
4928791e-4c73-11ea-b59f-b88a60e194fb-1-ps,crmid:8081100358,5,Simplicity Card,7,Personal Loan
498936d0-4c73-11ea-ad87-b88a60e194fb-1-ps,crmid:8304782401,3,Student Card,5,Business Loan
498a6f58-4c73-11ea-98dd-b88a60e194fb-1-ps,crmid:2374853678,5,Rewards Card,5,Personal Loan
498b8070-4c73-11ea-b771-b88a60e194fb-1-ps,crmid:7098568609,4,Platinum Card,5,Auto Loan
498c6abe-4c73-11ea-b9b9-b88a60e194fb-1-ps,crmid:8396132701,4,Rewards Card,5,Personal Loan
498d7c76-4c73-11ea-a34c-b88a60e194fb-1-ps,crmid:8095348653,5,Platinum Card,4,Personal Loan
498e3fa4-4c73-11ea-ad92-b88a60e194fb-1-ps,crmid:9948187984,5,Student Card,3,Auto Loan
498f2a1c-4c73-11ea-bb73-b88a60e194fb-1-ps,crmid:2935659190,5,Business Card,3,Personal Loan
49f39264-4c73-11ea-92a9-b88a60e194fb-1-ps,crmid:5877479414,3,Travel Card,4,Business Loan
49f47b94-4c73-11ea-849e-b88a60e194fb-1-ps,crmid:2288567718,3,Platinum Card,3,Personal Loan
49f565dc-4c73-11ea-8abf-b88a60e194fb-1-ps,crmid:5505383525,4,Rewards Card,5,Auto Loan
49f65028-4c73-11ea-8f97-b88a60e194fb-1-ps,crmid:2036635617,3,Dividend Card,4,Auto Loan
49f71368-4c73-11ea-bb4f-b88a60e194fb-1-ps,crmid:1403945148,3,Dividend Card,6,Personal Loan
49f7fdcc-4c73-11ea-b7fa-b88a60e194fb-1-ps,crmid:4964423586,3,Student Card,3,Auto Loan
49f8c262-4c73-11ea-b3f7-b88a60e194fb-1-ps,crmid:1147945810,5,Dividend Card,9,Business Loan
4a5a6a5c-4c73-11ea-9814-b88a60e194fb-1-ps,crmid:6950070627,3,Simplicity Card,9,Auto Loan
4a5b5342-4c73-11ea-b837-b88a60e194fb-1-ps,crmid:5215324279,4,Travel Card,3,Personal Loan
4a5c168a-4c73-11ea-a014-b88a60e194fb-1-ps,crmid:9219876187,4,Travel Card,1,Personal Loan
4a5d0112-4c73-11ea-85f4-b88a60e194fb-1-ps,crmid:8897640722,3,Dividend Card,10,Personal Loan
4a5deb7e-4c73-11ea-b8bf-b88a60e194fb-1-ps,crmid:5797698556,4,Business Card,5,Personal Loan
4a5efd22-4c73-11ea-926a-b88a60e194fb-1-ps,crmid:7341351041,5,Student Card,5,Business Loan
4a600e62-4c73-11ea-b9c7-b88a60e194fb-1-ps,crmid:2763552025,2,Travel Card,4,Business Loan
4ac4c4be-4c73-11ea-92d6-b88a60e194fb-1-ps,crmid:3683063025,5,Platinum Card,4,Personal Loan
4ac5addc-4c73-11ea-8c8d-b88a60e194fb-1-ps,crmid:5972480158,5,Business Card,4,Student Loan
4ac67212-4c73-11ea-a15d-b88a60e194fb-1-ps,crmid:5685050395,7,Student Card,4,Personal Loan
4ac84634-4c73-11ea-8e41-b88a60e194fb-1-ps,crmid:3486318158,3,Rewards Card,4,Auto Loan
4ac9584c-4c73-11ea-9455-b88a60e194fb-1-ps,crmid:6132165004,4,Rewards Card,4,Personal Loan
4aca1bee-4c73-11ea-b84f-b88a60e194fb-1-ps,crmid:5625689451,3,Student Card,3,Personal Loan
4acb04cc-4c73-11ea-8203-b88a60e194fb-1-ps,crmid:4067718384,4,Dividend Card,3,Personal Loan
4b30084a-4c73-11ea-a247-b88a60e194fb-1-ps,crmid:8972671594,5,Simplicity Card,4,Business Loan
4b3119b6-4c73-11ea-ad93-b88a60e194fb-1-ps,crmid:5201380076,6,Student Card,5,Personal Loan
4b3203f4-4c73-11ea-95f9-b88a60e194fb-1-ps,crmid:1067871541,6,Dividend Card,4,Auto Loan
4b32c754-4c73-11ea-a9f9-b88a60e194fb-1-ps,crmid:2257033580,2,Platinum Card,4,Student Loan
4b338aa2-4c73-11ea-9c20-b88a60e194fb-1-ps,crmid:9944566622,3,Business Card,3,Personal Loan
4b349c92-4c73-11ea-a556-b88a60e194fb-1-ps,crmid:8251924987,5,Business Card,9,Personal Loan
4b35aec2-4c73-11ea-a77f-b88a60e194fb-1-ps,crmid:4983049549,4,Rewards Card,4,Personal Loan
4b992b5a-4c73-11ea-b3df-b88a60e194fb-1-ps,crmid:3513522193,4,Travel Card,5,Student Loan
4b9a6394-4c73-11ea-a725-b88a60e194fb-1-ps,crmid:6477562630,10,Platinum Card,4,Personal Loan
4b9b7418-4c73-11ea-8aa7-b88a60e194fb-1-ps,crmid:4268197810,4,Simplicity Card,6,Personal Loan
4b9c5e42-4c73-11ea-9a53-b88a60e194fb-1-ps,crmid:2385581995,3,Rewards Card,3,Student Loan
4b9d48cc-4c73-11ea-992d-b88a60e194fb-1-ps,crmid:5745218528,4,Simplicity Card,5,Personal Loan
4b9e344c-4c73-11ea-9148-b88a60e194fb-1-ps,crmid:4959768731,5,Simplicity Card,5,Business Loan
4b9f4486-4c73-11ea-9879-b88a60e194fb-1-ps,crmid:8627701673,9,Simplicity Card,3,Auto Loan
4c049706-4c73-11ea-8091-b88a60e194fb-1-ps,crmid:6489016894,5,Rewards Card,5,Personal Loan
4c05805c-4c73-11ea-a2c1-b88a60e194fb-1-ps,crmid:8939549154,4,Dividend Card,5,Personal Loan
4c06b8b6-4c73-11ea-a6a4-b88a60e194fb-1-ps,crmid:1800156095,3,Travel Card,4,Auto Loan
4c07a30a-4c73-11ea-9559-b88a60e194fb-1-ps,crmid:8708399718,3,Platinum Card,10,Business Loan
4c088d8c-4c73-11ea-ae6d-b88a60e194fb-1-ps,crmid:5499563647,4,Rewards Card,4,Personal Loan
4c09a02e-4c73-11ea-b048-b88a60e194fb-1-ps,crmid:1308613100,4,Simplicity Card,3,Auto Loan
4c0ad8cc-4c73-11ea-a39b-b88a60e194fb-1-ps,crmid:7877608221,6,Simplicity Card,5,Personal Loan
4c70ec94-4c73-11ea-aeee-b88a60e194fb-1-ps,crmid:3580977268,2,Dividend Card,4,Personal Loan
4c71fdac-4c73-11ea-a709-b88a60e194fb-1-ps,crmid:4425451242,5,Rewards Card,6,Auto Loan
4c72c0c8-4c73-11ea-bd51-b88a60e194fb-1-ps,crmid:4713526162,4,Dividend Card,4,Auto Loan
4c74209e-4c73-11ea-8d18-b88a60e194fb-1-ps,crmid:8017298074,3,Dividend Card,4,Personal Loan
4c7531d8-4c73-11ea-b29f-b88a60e194fb-1-ps,crmid:3820049236,4,Simplicity Card,5,Auto Loan
4c76df7e-4c73-11ea-9f07-b88a60e194fb-1-ps,crmid:6702556455,4,Business Card,4,Personal Loan
4c7817fe-4c73-11ea-9360-b88a60e194fb-1-ps,crmid:3625517191,3,Platinum Card,3,Auto Loan
4cdd9064-4c73-11ea-a548-b88a60e194fb-1-ps,crmid:4829859012,4,Travel Card,4,Student Loan
4cde7ac6-4c73-11ea-b25f-b88a60e194fb-1-ps,crmid:4117421851,5,Business Card,9,Personal Loan
4cdf3e0c-4c73-11ea-962a-b88a60e194fb-1-ps,crmid:9121198840,5,Travel Card,4,Auto Loan
4ce028be-4c73-11ea-875d-b88a60e194fb-1-ps,crmid:1942464128,3,Business Card,4,Personal Loan
4ce139f6-4c73-11ea-b910-b88a60e194fb-1-ps,crmid:2059204486,5,Travel Card,6,Auto Loan
4ce2244c-4c73-11ea-8887-b88a60e194fb-1-ps,crmid:6306397574,4,Business Card,6,Student Loan
4ce30edc-4c73-11ea-8f0a-b88a60e194fb-1-ps,crmid:2904323123,5,Travel Card,5,Auto Loan
4d463d74-4c73-11ea-bb5f-b88a60e194fb-1-ps,crmid:7504934057,9,Student Card,3,Student Loan
4d4727ca-4c73-11ea-939c-b88a60e194fb-1-ps,crmid:5337834367,4,Business Card,4,Business Loan
4d481300-4c73-11ea-8b17-b88a60e194fb-1-ps,crmid:4354554111,3,Travel Card,3,Auto Loan
4d48d59e-4c73-11ea-8cb1-b88a60e194fb-1-ps,crmid:9226334928,5,Dividend Card,5,Personal Loan
4d4999dc-4c73-11ea-8f96-b88a60e194fb-1-ps,crmid:7453155981,1,Business Card,4,Business Loan
4d4a82d0-4c73-11ea-ae3a-b88a60e194fb-1-ps,crmid:3067174934,4,Dividend Card,9,Student Loan
4d4bbb92-4c73-11ea-9cf0-b88a60e194fb-1-ps,crmid:5402857795,5,Rewards Card,5,Personal Loan
4db1820c-4c73-11ea-a801-b88a60e194fb-1-ps,crmid:8911188973,2,Business Card,4,Personal Loan
4db26c9c-4c73-11ea-9601-b88a60e194fb-1-ps,crmid:2077236858,4,Platinum Card,4,Business Loan
4db32fc8-4c73-11ea-a148-b88a60e194fb-1-ps,crmid:2892803246,5,Student Card,5,Business Loan
4db48f54-4c73-11ea-8df9-b88a60e194fb-1-ps,crmid:4425260806,7,Dividend Card,3,Personal Loan
4db5a0cc-4c73-11ea-8ffc-b88a60e194fb-1-ps,crmid:8530872579,3,Dividend Card,9,Personal Loan
4db6b206-4c73-11ea-8674-b88a60e194fb-1-ps,crmid:3013365230,7,Simplicity Card,2,Student Loan
4db7c4a6-4c73-11ea-a537-b88a60e194fb-1-ps,crmid:6186823873,3,Business Card,3,Personal Loan
4e196b4a-4c73-11ea-a995-b88a60e194fb-1-ps,crmid:1232893015,5,Platinum Card,4,Personal Loan
4e1a55e2-4c73-11ea-9132-b88a60e194fb-1-ps,crmid:4842625887,4,Travel Card,3,Personal Loan
4e1b1992-4c73-11ea-9b01-b88a60e194fb-1-ps,crmid:2612252931,5,Dividend Card,4,Student Loan
4e1c2a92-4c73-11ea-86bc-b88a60e194fb-1-ps,crmid:9754834578,4,Business Card,5,Auto Loan
4e1d14c8-4c73-11ea-9b82-b88a60e194fb-1-ps,crmid:4927313388,3,Rewards Card,4,Personal Loan
4e1dd818-4c73-11ea-ba6c-b88a60e194fb-1-ps,crmid:3230269953,4,Travel Card,10,Student Loan
4e1f12be-4c73-11ea-baf6-b88a60e194fb-1-ps,crmid:2856221196,3,Rewards Card,5,Personal Loan
4e830270-4c73-11ea-832a-b88a60e194fb-1-ps,crmid:4028071613,4,Travel Card,4,Personal Loan
4e843afe-4c73-11ea-9e19-b88a60e194fb-1-ps,crmid:6047882145,3,Travel Card,5,Student Loan
4e852562-4c73-11ea-b7d0-b88a60e194fb-1-ps,crmid:2811401478,5,Platinum Card,4,Auto Loan
4e85e8b4-4c73-11ea-8872-b88a60e194fb-1-ps,crmid:6274465778,3,Travel Card,4,Personal Loan
4e86abf0-4c73-11ea-9d60-b88a60e194fb-1-ps,crmid:1757099472,4,Travel Card,4,Student Loan
4e87973e-4c73-11ea-a9e5-b88a60e194fb-1-ps,crmid:9196944291,4,Business Card,3,Personal Loan
4e885ad2-4c73-11ea-90d1-b88a60e194fb-1-ps,crmid:2141859170,4,Simplicity Card,4,Personal Loan
4eed8414-4c73-11ea-9934-b88a60e194fb-1-ps,crmid:8644328640,5,Travel Card,5,Student Loan
4eee4750-4c73-11ea-b057-b88a60e194fb-1-ps,crmid:8935892602,4,Rewards Card,2,Personal Loan
4eef31cc-4c73-11ea-a173-b88a60e194fb-1-ps,crmid:5569861377,4,Dividend Card,5,Auto Loan
4ef01d6c-4c73-11ea-a379-b88a60e194fb-1-ps,crmid:5091039415,2,Travel Card,7,Student Loan
4ef0e0ac-4c73-11ea-97f1-b88a60e194fb-1-ps,crmid:1833420394,7,Student Card,4,Personal Loan
4ef1caa2-4c73-11ea-be1f-b88a60e194fb-1-ps,crmid:2880829484,5,Platinum Card,4,Student Loan
4ef28e68-4c73-11ea-bc1a-b88a60e194fb-1-ps,crmid:6745624552,4,Business Card,3,Auto Loan
4f5a9d7e-4c73-11ea-8389-b88a60e194fb-1-ps,crmid:3084901812,2,Platinum Card,5,Personal Loan
4f5baf0a-4c73-11ea-80e5-b88a60e194fb-1-ps,crmid:1930633825,9,Business Card,5,Business Loan
4f5cccee-4c73-11ea-9ed8-b88a60e194fb-1-ps,crmid:4742239070,3,Rewards Card,5,Auto Loan
4f5dd1e4-4c73-11ea-aeb2-b88a60e194fb-1-ps,crmid:2262938116,7,Simplicity Card,4,Auto Loan
4f5ebc3e-4c73-11ea-8a4d-b88a60e194fb-1-ps,crmid:7968772780,4,Travel Card,6,Business Loan
4f5fcd9e-4c73-11ea-96f3-b88a60e194fb-1-ps,crmid:5960025155,3,Dividend Card,3,Auto Loan
4f60df22-4c73-11ea-8abf-b88a60e194fb-1-ps,crmid:8851355401,3,Business Card,3,Personal Loan
4fc286de-4c73-11ea-a62b-b88a60e194fb-1-ps,crmid:1527120863,3,Travel Card,3,Business Loan
4fc37134-4c73-11ea-862a-b88a60e194fb-1-ps,crmid:5887902063,4,Dividend Card,7,Personal Loan
4fc45b94-4c73-11ea-9df8-b88a60e194fb-1-ps,crmid:6754380332,5,Platinum Card,5,Auto Loan
4fc51ee8-4c73-11ea-92bb-b88a60e194fb-1-ps,crmid:9412557315,4,Platinum Card,8,Business Loan
4fc60942-4c73-11ea-a8a6-b88a60e194fb-1-ps,crmid:4815394437,4,Simplicity Card,3,Auto Loan
4fc6f530-4c73-11ea-a4ff-b88a60e194fb-1-ps,crmid:5445065967,4,Simplicity Card,3,Personal Loan
4fc7dee4-4c73-11ea-90ec-b88a60e194fb-1-ps,crmid:7237152312,5,Business Card,6,Student Loan
502f795c-4c73-11ea-8159-b88a60e194fb-1-ps,crmid:9897257831,8,Business Card,3,Auto Loan
503063d2-4c73-11ea-88ad-b88a60e194fb-1-ps,crmid:7149970752,4,Business Card,5,Business Loan
50314e46-4c73-11ea-8b05-b88a60e194fb-1-ps,crmid:3320333135,5,Dividend Card,2,Personal Loan
503238e8-4c73-11ea-88e2-b88a60e194fb-1-ps,crmid:5735610379,4,Dividend Card,4,Student Loan
5032fd1e-4c73-11ea-9875-b88a60e194fb-1-ps,crmid:3816799995,5,Dividend Card,3,Student Loan
5033e63e-4c73-11ea-9ceb-b88a60e194fb-1-ps,crmid:3125008195,4,Travel Card,5,Auto Loan
5034a99e-4c73-11ea-8a3d-b88a60e194fb-1-ps,crmid:4506400044,3,Business Card,4,Business Loan
509b336e-4c73-11ea-a671-b88a60e194fb-1-ps,crmid:8511413476,4,Simplicity Card,4,Student Loan
509c6bca-4c73-11ea-8afe-b88a60e194fb-1-ps,crmid:5968626847,4,Platinum Card,3,Personal Loan
509df276-4c73-11ea-82fe-b88a60e194fb-1-ps,crmid:5753497591,3,Student Card,4,Personal Loan
509f03d8-4c73-11ea-92d8-b88a60e194fb-1-ps,crmid:4234890412,5,Rewards Card,4,Student Loan
50a03e8c-4c73-11ea-8242-b88a60e194fb-1-ps,crmid:7376432379,3,Dividend Card,4,Student Loan
50a0d9fe-4c73-11ea-bbec-b88a60e194fb-1-ps,crmid:9792296634,4,Rewards Card,5,Auto Loan
50a1ea38-4c73-11ea-8a66-b88a60e194fb-1-ps,crmid:2812280251,4,Rewards Card,1,Personal Loan
5107d7d4-4c73-11ea-b5bf-b88a60e194fb-1-ps,crmid:6870028891,4,Platinum Card,5,Personal Loan
5108e928-4c73-11ea-9e37-b88a60e194fb-1-ps,crmid:8537942885,6,Student Card,5,Business Loan
5109d374-4c73-11ea-b231-b88a60e194fb-1-ps,crmid:9019887602,5,Platinum Card,4,Personal Loan
510b3340-4c73-11ea-b42e-b88a60e194fb-1-ps,crmid:9623743439,4,Simplicity Card,9,Auto Loan
510c1e12-4c73-11ea-877f-b88a60e194fb-1-ps,crmid:3912882388,5,Dividend Card,4,Personal Loan
510d2f0c-4c73-11ea-bf72-b88a60e194fb-1-ps,crmid:2903178363,5,Dividend Card,4,Personal Loan
510e6878-4c73-11ea-b6d8-b88a60e194fb-1-ps,crmid:1694386670,5,Business Card,4,Auto Loan
5193016e-4c73-11ea-a2d6-b88a60e194fb-1-ps,crmid:2852488253,4,Travel Card,4,Auto Loan
5193c4dc-4c73-11ea-96e8-b88a60e194fb-1-ps,crmid:9619356993,5,Dividend Card,4,Auto Loan
5194ae46-4c73-11ea-a38c-b88a60e194fb-1-ps,crmid:3929801492,4,Business Card,3,Auto Loan
51959938-4c73-11ea-ab77-b88a60e194fb-1-ps,crmid:8829373837,2,Business Card,3,Business Loan
51965d3a-4c73-11ea-b5b8-b88a60e194fb-1-ps,crmid:9119731262,5,Dividend Card,5,Personal Loan
51974658-4c73-11ea-bb8b-b88a60e194fb-1-ps,crmid:2461728166,3,Rewards Card,5,Student Loan
5198098c-4c73-11ea-a6a5-b88a60e194fb-1-ps,crmid:3658606019,5,Student Card,4,Business Loan
51fa9bf8-4c73-11ea-8241-b88a60e194fb-1-ps,crmid:7877881324,4,Platinum Card,5,Auto Loan
51fb8792-4c73-11ea-b1c5-b88a60e194fb-1-ps,crmid:9725000918,4,Travel Card,8,Personal Loan
51fc978a-4c73-11ea-8b4c-b88a60e194fb-1-ps,crmid:2782669742,5,Business Card,5,Business Loan
51fda93a-4c73-11ea-9953-b88a60e194fb-1-ps,crmid:6072719972,5,Student Card,6,Personal Loan
51feba92-4c73-11ea-a4d1-b88a60e194fb-1-ps,crmid:4953746062,6,Rewards Card,4,Personal Loan
51ff580a-4c73-11ea-b22e-b88a60e194fb-1-ps,crmid:2065442357,4,Student Card,5,Auto Loan
5200412c-4c73-11ea-baca-b88a60e194fb-1-ps,crmid:1361524004,3,Rewards Card,3,Personal Loan
52656b46-4c73-11ea-b4af-b88a60e194fb-1-ps,crmid:5970808923,6,Business Card,3,Business Loan
5266f1e4-4c73-11ea-9205-b88a60e194fb-1-ps,crmid:3115872181,4,Travel Card,3,Business Loan
52682a88-4c73-11ea-ab77-b88a60e194fb-1-ps,crmid:3759993556,4,Rewards Card,5,Auto Loan
52693bec-4c73-11ea-ae7a-b88a60e194fb-1-ps,crmid:5837641667,7,Business Card,5,Business Loan
526a7464-4c73-11ea-af32-b88a60e194fb-1-ps,crmid:9930515602,3,Travel Card,5,Auto Loan
526bacdc-4c73-11ea-8ec3-b88a60e194fb-1-ps,crmid:4702471889,5,Simplicity Card,3,Personal Loan
526c702c-4c73-11ea-846b-b88a60e194fb-1-ps,crmid:6269123181,4,Platinum Card,6,Personal Loan
52ce1826-4c73-11ea-b473-b88a60e194fb-1-ps,crmid:4684976824,4,Student Card,3,Student Loan
52cf0400-4c73-11ea-87e1-b88a60e194fb-1-ps,crmid:5103821513,5,Simplicity Card,10,Business Loan
52cfc5e6-4c73-11ea-b0b3-b88a60e194fb-1-ps,crmid:7867765096,3,Rewards Card,4,Auto Loan
52d08a78-4c73-11ea-a993-b88a60e194fb-1-ps,crmid:6693779270,4,Business Card,5,Personal Loan
52d17378-4c73-11ea-b729-b88a60e194fb-1-ps,crmid:2856221196,4,Student Card,4,Student Loan
52d25e00-4c73-11ea-9b60-b88a60e194fb-1-ps,crmid:3050432462,6,Business Card,5,Student Loan
52d3484c-4c73-11ea-9292-b88a60e194fb-1-ps,crmid:5454986266,1,Travel Card,3,Student Loan
533a6e64-4c73-11ea-ac3e-b88a60e194fb-1-ps,crmid:6621212825,2,Dividend Card,6,Auto Loan
533b58b8-4c73-11ea-bbd9-b88a60e194fb-1-ps,crmid:4820385772,3,Rewards Card,4,Auto Loan
533c6acc-4c73-11ea-a306-b88a60e194fb-1-ps,crmid:8432962289,5,Business Card,5,Student Loan
533dc9dc-4c73-11ea-9c55-b88a60e194fb-1-ps,crmid:6237876305,7,Travel Card,5,Auto Loan
533f0248-4c73-11ea-b8f0-b88a60e194fb-1-ps,crmid:9012846023,5,Travel Card,4,Auto Loan
533fedec-4c73-11ea-b4f6-b88a60e194fb-1-ps,crmid:3225248891,3,Rewards Card,4,Business Loan
5340d798-4c73-11ea-b4d7-b88a60e194fb-1-ps,crmid:7021755205,6,Student Card,6,Auto Loan
53a56514-4c73-11ea-a416-b88a60e194fb-1-ps,crmid:7121305830,5,Student Card,4,Personal Loan
53a62858-4c73-11ea-bca6-b88a60e194fb-1-ps,crmid:3268019478,5,Business Card,4,Personal Loan
53a712f6-4c73-11ea-be95-b88a60e194fb-1-ps,crmid:3586500494,5,Dividend Card,4,Business Loan
53a7d750-4c73-11ea-9ef1-b88a60e194fb-1-ps,crmid:9756692745,4,Dividend Card,3,Personal Loan
53a89abe-4c73-11ea-afe6-b88a60e194fb-1-ps,crmid:2118899636,6,Business Card,4,Auto Loan
53a9d1d4-4c73-11ea-93b7-b88a60e194fb-1-ps,crmid:7817631956,5,Rewards Card,7,Personal Loan
53ab31ec-4c73-11ea-b37f-b88a60e194fb-1-ps,crmid:5785347872,4,Rewards Card,4,Student Loan
5411bb64-4c73-11ea-b420-b88a60e194fb-1-ps,crmid:5041909523,3,Business Card,5,Business Loan
5412a592-4c73-11ea-84bf-b88a60e194fb-1-ps,crmid:4326101116,5,Dividend Card,4,Personal Loan
54138fe4-4c73-11ea-913f-b88a60e194fb-1-ps,crmid:7776938950,5,Dividend Card,6,Personal Loan
54147a92-4c73-11ea-83c0-b88a60e194fb-1-ps,crmid:2656047901,5,Student Card,4,Auto Loan
54153f0a-4c73-11ea-9fdb-b88a60e194fb-1-ps,crmid:9548498195,2,Rewards Card,3,Auto Loan
5416024a-4c73-11ea-843d-b88a60e194fb-1-ps,crmid:9045674628,2,Business Card,5,Auto Loan
5417127e-4c73-11ea-b871-b88a60e194fb-1-ps,crmid:4676867276,3,Simplicity Card,4,Student Loan
548035ca-4c73-11ea-a497-b88a60e194fb-1-ps,crmid:8419270652,5,Simplicity Card,6,Auto Loan
54811edc-4c73-11ea-8cf8-b88a60e194fb-1-ps,crmid:6162662822,6,Platinum Card,2,Personal Loan
54823174-4c73-11ea-aa8c-b88a60e194fb-1-ps,crmid:3837911502,3,Rewards Card,5,Business Loan
5482f382-4c73-11ea-8748-b88a60e194fb-1-ps,crmid:6891491604,5,Student Card,4,Personal Loan
5483b812-4c73-11ea-87b1-b88a60e194fb-1-ps,crmid:3482937834,6,Business Card,4,Personal Loan
5484c846-4c73-11ea-9627-b88a60e194fb-1-ps,crmid:3038523138,5,Business Card,3,Personal Loan
54858ccc-4c73-11ea-9d64-b88a60e194fb-1-ps,crmid:3586500494,4,Platinum Card,4,Personal Loan
54eb53f4-4c73-11ea-9005-b88a60e194fb-1-ps,crmid:3404079278,4,Simplicity Card,6,Auto Loan
54ec3e00-4c73-11ea-b47a-b88a60e194fb-1-ps,crmid:6075794791,3,Travel Card,4,Auto Loan
54ed26e6-4c73-11ea-8554-b88a60e194fb-1-ps,crmid:2412577535,3,Rewards Card,3,Student Loan
54edeb76-4c73-11ea-863e-b88a60e194fb-1-ps,crmid:2376404208,3,Rewards Card,4,Student Loan
54eed49e-4c73-11ea-bf27-b88a60e194fb-1-ps,crmid:9495104965,5,Travel Card,4,Personal Loan
54efc000-4c73-11ea-94b4-b88a60e194fb-1-ps,crmid:1540248643,4,Travel Card,4,Personal Loan
54f0f8ac-4c73-11ea-b9f8-b88a60e194fb-1-ps,crmid:8870219534,4,Travel Card,10,Auto Loan
5555d3d0-4c73-11ea-b09a-b88a60e194fb-1-ps,crmid:8546712734,7,Dividend Card,3,Business Loan
5556bef4-4c73-11ea-bdab-b88a60e194fb-1-ps,crmid:1178047175,4,Travel Card,5,Student Loan
5557d0be-4c73-11ea-a453-b88a60e194fb-1-ps,crmid:1514491677,4,Dividend Card,3,Personal Loan
555892c6-4c73-11ea-a31a-b88a60e194fb-1-ps,crmid:1703924668,3,Simplicity Card,5,Student Loan
55595750-4c73-11ea-8725-b88a60e194fb-1-ps,crmid:8419434101,3,Travel Card,5,Business Loan
555a8e9c-4c73-11ea-9a72-b88a60e194fb-1-ps,crmid:5294110512,3,Platinum Card,1,Student Loan
555b78be-4c73-11ea-9561-b88a60e194fb-1-ps,crmid:6534228158,3,Business Card,5,Business Loan
55bf6ab6-4c73-11ea-98b9-b88a60e194fb-1-ps,crmid:1404250890,7,Dividend Card,4,Business Loan
55c0551c-4c73-11ea-8a8b-b88a60e194fb-1-ps,crmid:8135294470,5,Platinum Card,3,Personal Loan
55c140c2-4c73-11ea-a119-b88a60e194fb-1-ps,crmid:4575338933,5,Simplicity Card,4,Business Loan
55c202c8-4c73-11ea-9497-b88a60e194fb-1-ps,crmid:9972780090,3,Student Card,4,Personal Loan
55c314dc-4c73-11ea-8142-b88a60e194fb-1-ps,crmid:9757172380,4,Student Card,5,Auto Loan
55c44c8a-4c73-11ea-842a-b88a60e194fb-1-ps,crmid:8932162007,5,Travel Card,5,Auto Loan
55c55f5c-4c73-11ea-957d-b88a60e194fb-1-ps,crmid:2981406970,3,Travel Card,5,Business Loan
562fb9e6-4c73-11ea-9c51-b88a60e194fb-1-ps,crmid:5616060544,3,Platinum Card,4,Personal Loan
5630a422-4c73-11ea-ba32-b88a60e194fb-1-ps,crmid:8544734205,5,Dividend Card,4,Auto Loan
56318d48-4c73-11ea-a8ed-b88a60e194fb-1-ps,crmid:9870999782,6,Simplicity Card,2,Personal Loan
56329ed4-4c73-11ea-a397-b88a60e194fb-1-ps,crmid:9466881430,4,Dividend Card,4,Business Loan
5633620a-4c73-11ea-aa2d-b88a60e194fb-1-ps,crmid:5178601856,5,Dividend Card,8,Personal Loan
56342646-4c73-11ea-a54c-b88a60e194fb-1-ps,crmid:6407713930,4,Dividend Card,3,Business Loan
56350fb8-4c73-11ea-95a7-b88a60e194fb-1-ps,crmid:9551719353,4,Dividend Card,5,Personal Loan
569ad61c-4c73-11ea-b013-b88a60e194fb-1-ps,crmid:3418381621,4,Platinum Card,4,Auto Loan
569bc076-4c73-11ea-bfb8-b88a60e194fb-1-ps,crmid:2382361414,5,Travel Card,4,Auto Loan
569c83ca-4c73-11ea-bbcd-b88a60e194fb-1-ps,crmid:5048643852,5,Business Card,3,Student Loan
569d4754-4c73-11ea-82f0-b88a60e194fb-1-ps,crmid:5753309357,4,Dividend Card,4,Auto Loan
569e32be-4c73-11ea-9866-b88a60e194fb-1-ps,crmid:6866494701,2,Travel Card,5,Student Loan
569f9218-4c73-11ea-9400-b88a60e194fb-1-ps,crmid:7455878158,5,Dividend Card,5,Personal Loan
56a0c9d2-4c73-11ea-b22d-b88a60e194fb-1-ps,crmid:7132906228,6,Simplicity Card,3,Personal Loan
57061c54-4c73-11ea-ab75-b88a60e194fb-1-ps,crmid:5312585733,3,Platinum Card,4,Business Loan
5706de70-4c73-11ea-b54c-b88a60e194fb-1-ps,crmid:8392110436,3,Rewards Card,7,Auto Loan
5707efd0-4c73-11ea-97c6-b88a60e194fb-1-ps,crmid:6944215319,3,Rewards Card,2,Personal Loan
5709c466-4c73-11ea-b93c-b88a60e194fb-1-ps,crmid:8735938116,4,Business Card,5,Personal Loan
570ad610-4c73-11ea-8c64-b88a60e194fb-1-ps,crmid:8579247475,4,Simplicity Card,5,Personal Loan
570bc078-4c73-11ea-8f72-b88a60e194fb-1-ps,crmid:1900847032,4,Simplicity Card,3,Personal Loan
570cd1ba-4c73-11ea-9e89-b88a60e194fb-1-ps,crmid:8035985775,5,Rewards Card,4,Student Loan
5776914a-4c73-11ea-bc94-b88a60e194fb-1-ps,crmid:1806707353,5,Student Card,3,Personal Loan
57777f68-4c73-11ea-ac83-b88a60e194fb-1-ps,crmid:4641963885,3,Travel Card,3,Auto Loan
577865a8-4c73-11ea-a9b4-b88a60e194fb-1-ps,crmid:4370930142,5,Dividend Card,4,Business Loan
577928e8-4c73-11ea-a4af-b88a60e194fb-1-ps,crmid:2083372638,5,Rewards Card,4,Personal Loan
577a396e-4c73-11ea-b385-b88a60e194fb-1-ps,crmid:3642546032,4,Platinum Card,4,Personal Loan
577b23ca-4c73-11ea-bed8-b88a60e194fb-1-ps,crmid:2469354463,5,Business Card,2,Student Loan
577c0e4c-4c73-11ea-808d-b88a60e194fb-1-ps,crmid:7346342848,5,Platinum Card,4,Personal Loan
57e57e28-4c73-11ea-abef-b88a60e194fb-1-ps,crmid:7361635829,2,Student Card,7,Personal Loan
57e68f8a-4c73-11ea-bfbc-b88a60e194fb-1-ps,crmid:3373031585,3,Student Card,6,Business Loan
57e77a24-4c73-11ea-a073-b88a60e194fb-1-ps,crmid:8564882439,4,Platinum Card,4,Auto Loan
57e86458-4c73-11ea-825b-b88a60e194fb-1-ps,crmid:8233631827,3,Business Card,5,Auto Loan
57ea11fa-4c73-11ea-81ca-b88a60e194fb-1-ps,crmid:2028255614,3,Platinum Card,8,Business Loan
57ead54a-4c73-11ea-ae4d-b88a60e194fb-1-ps,crmid:4098781886,3,Simplicity Card,6,Personal Loan
57ebe6ba-4c73-11ea-bf33-b88a60e194fb-1-ps,crmid:9078928947,5,Business Card,3,Personal Loan
585bbf94-4c73-11ea-a754-b88a60e194fb-1-ps,crmid:2720826440,4,Dividend Card,5,Student Loan
585cf7e4-4c73-11ea-9f6a-b88a60e194fb-1-ps,crmid:3643848777,5,Business Card,3,Student Loan
585e0958-4c73-11ea-9698-b88a60e194fb-1-ps,crmid:1358421098,3,Student Card,4,Personal Loan
585f1ad8-4c73-11ea-bcb6-b88a60e194fb-1-ps,crmid:7678216204,4,Travel Card,7,Business Loan
58600524-4c73-11ea-94c6-b88a60e194fb-1-ps,crmid:4203481976,4,Student Card,4,Student Loan
5861168a-4c73-11ea-a073-b88a60e194fb-1-ps,crmid:3409427635,4,Student Card,4,Auto Loan
586227f6-4c73-11ea-be81-b88a60e194fb-1-ps,crmid:3307425320,5,Rewards Card,4,Auto Loan
58dc12c0-4c73-11ea-95c6-b88a60e194fb-1-ps,crmid:7208380941,4,Platinum Card,3,Auto Loan
58dd4b62-4c73-11ea-aec1-b88a60e194fb-1-ps,crmid:2282009222,6,Rewards Card,7,Business Loan
58df201c-4c73-11ea-a7fa-b88a60e194fb-1-ps,crmid:8766093572,4,Simplicity Card,3,Personal Loan
58e0cdc8-4c73-11ea-822c-b88a60e194fb-1-ps,crmid:6595143824,5,Dividend Card,3,Business Loan
58e25462-4c73-11ea-8145-b88a60e194fb-1-ps,crmid:1720183682,4,Platinum Card,4,Student Loan
58e477a2-4c73-11ea-b7d7-b88a60e194fb-1-ps,crmid:9679399250,2,Rewards Card,5,Personal Loan
58e624ec-4c73-11ea-9f6f-b88a60e194fb-1-ps,crmid:8394451214,4,Simplicity Card,6,Student Loan
5968c238-4c73-11ea-bbc7-b88a60e194fb-1-ps,crmid:1880187278,5,Rewards Card,8,Business Loan
5969faba-4c73-11ea-bc8b-b88a60e194fb-1-ps,crmid:4581913675,4,Platinum Card,4,Personal Loan
596b5cde-4c73-11ea-80b7-b88a60e194fb-1-ps,crmid:1006422064,4,Dividend Card,5,Personal Loan
596ce0e2-4c73-11ea-9df6-b88a60e194fb-1-ps,crmid:9548777392,3,Business Card,3,Personal Loan
596e1a9c-4c73-11ea-b162-b88a60e194fb-1-ps,crmid:5418441536,4,Business Card,4,Student Loan
5970153e-4c73-11ea-806b-b88a60e194fb-1-ps,crmid:8292532399,5,Dividend Card,4,Personal Loan
59714db0-4c73-11ea-a145-b88a60e194fb-1-ps,crmid:7519679772,3,Business Card,5,Auto Loan
59e0151e-4c73-11ea-b577-b88a60e194fb-1-ps,crmid:8025925842,8,Dividend Card,3,Personal Loan
59e14d90-4c73-11ea-a5fa-b88a60e194fb-1-ps,crmid:3351648730,4,Platinum Card,4,Student Loan
59e25ef6-4c73-11ea-89ac-b88a60e194fb-1-ps,crmid:6721262640,3,Platinum Card,5,Personal Loan
59e323a8-4c73-11ea-83c7-b88a60e194fb-1-ps,crmid:8507568215,5,Dividend Card,5,Student Loan
59e3e592-4c73-11ea-8b2f-b88a60e194fb-1-ps,crmid:3135580808,5,Platinum Card,3,Personal Loan
59e56c4c-4c73-11ea-a401-b88a60e194fb-1-ps,crmid:6691660268,4,Travel Card,4,Personal Loan
