id,crmid,propensity_score_credit_cards,suggested_credit_card,propensity_score_loan,suggested_loan
1f372454-492d-11ea-ba1b-b88a60e194fb-1-ps,crmid:8597968413,3,Business Card,5,Personal Loan
1f3835ba-492d-11ea-ab25-b88a60e194fb-1-ps,crmid:3327032186,5,Rewards Card,3,Personal Loan
1f4f8f86-492d-11ea-9e98-b88a60e194fb-1-ps,crmid:2893900642,4,Dividend Card,5,Personal Loan
1f9c2828-492d-11ea-ba2b-b88a60e194fb-1-ps,crmid:8674991198,4,Platinum Card,5,Student Loan
1f9d111c-492d-11ea-9a17-b88a60e194fb-1-ps,crmid:8842296685,4,Student Card,3,Personal Loan
1f9e49d4-492d-11ea-b469-b88a60e194fb-1-ps,crmid:4724095977,3,Business Card,9,Personal Loan
1fa13024-492d-11ea-88e7-b88a60e194fb-1-ps,crmid:3837911502,4,Student Card,4,Personal Loan
1fa28f64-492d-11ea-8820-b88a60e194fb-1-ps,crmid:9995090107,4,Student Card,4,Personal Loan
1fa3a0e2-492d-11ea-85d2-b88a60e194fb-1-ps,crmid:9206874874,7,Business Card,6,Personal Loan
1fa4da28-492d-11ea-8f07-b88a60e194fb-1-ps,crmid:8340504517,3,Student Card,3,Business Loan
1fa611d8-492d-11ea-885b-b88a60e194fb-1-ps,crmid:8691290119,4,Student Card,7,Business Loan
1fa6fc1c-492d-11ea-ab46-b88a60e194fb-1-ps,crmid:5569090972,4,Rewards Card,3,Student Loan
1fa835a8-492d-11ea-8f61-b88a60e194fb-1-ps,crmid:2455453019,5,Simplicity Card,5,Personal Loan
206d309c-492d-11ea-ac7c-b88a60e194fb-1-ps,crmid:4468278827,4,Travel Card,2,Personal Loan
206eb740-492d-11ea-9ec5-b88a60e194fb-1-ps,crmid:5004922654,6,Business Card,6,Personal Loan
20703de6-492d-11ea-9c1a-b88a60e194fb-1-ps,crmid:8567356031,4,Simplicity Card,4,Personal Loan
20712834-492d-11ea-afd9-b88a60e194fb-1-ps,crmid:3730027520,4,Rewards Card,6,Business Loan
2072612c-492d-11ea-9351-b88a60e194fb-1-ps,crmid:5810261725,3,Dividend Card,5,Student Loan
20737212-492d-11ea-93d4-b88a60e194fb-1-ps,crmid:6064551580,4,Simplicity Card,5,Student Loan
2074839a-492d-11ea-8d9b-b88a60e194fb-1-ps,crmid:3683063025,4,Simplicity Card,2,Personal Loan
2075bc14-492d-11ea-8d4a-b88a60e194fb-1-ps,crmid:9994329927,4,Travel Card,4,Business Loan
2076cdb4-492d-11ea-80a5-b88a60e194fb-1-ps,crmid:2777603974,5,Platinum Card,5,Personal Loan
2077dee2-492d-11ea-bdb8-b88a60e194fb-1-ps,crmid:2117711280,6,Rewards Card,6,Personal Loan
2078f062-492d-11ea-afa6-b88a60e194fb-1-ps,crmid:1233868340,3,Platinum Card,6,Auto Loan
207a01b8-492d-11ea-983c-b88a60e194fb-1-ps,crmid:7706951849,4,Simplicity Card,2,Business Loan
207aec14-492d-11ea-84ff-b88a60e194fb-1-ps,crmid:1594121279,5,Student Card,4,Personal Loan
214629ca-492d-11ea-bb0a-b88a60e194fb-1-ps,crmid:3020281267,2,Travel Card,4,Business Loan
21471424-492d-11ea-9317-b88a60e194fb-1-ps,crmid:6859166514,4,Dividend Card,5,Personal Loan
21484cb0-492d-11ea-8c41-b88a60e194fb-1-ps,crmid:6502222577,5,Dividend Card,4,Personal Loan
2149385e-492d-11ea-a786-b88a60e194fb-1-ps,crmid:8911351295,5,Dividend Card,9,Personal Loan
214a22ae-492d-11ea-ab4b-b88a60e194fb-1-ps,crmid:5376590152,4,Student Card,2,Student Loan
214b32be-492d-11ea-a6df-b88a60e194fb-1-ps,crmid:9349599840,7,Student Card,6,Auto Loan
214c1e3a-492d-11ea-8623-b88a60e194fb-1-ps,crmid:3471688798,4,Travel Card,4,Personal Loan
214d08d4-492d-11ea-bdcd-b88a60e194fb-1-ps,crmid:6477021004,8,Simplicity Card,5,Student Loan
214df336-492d-11ea-b9de-b88a60e194fb-1-ps,crmid:7543312563,3,Travel Card,6,Personal Loan
214edc40-492d-11ea-bb10-b88a60e194fb-1-ps,crmid:3943465851,4,Student Card,5,Auto Loan
214fc69c-492d-11ea-9cda-b88a60e194fb-1-ps,crmid:4754502039,4,Rewards Card,3,Personal Loan
2150b25c-492d-11ea-bc2e-b88a60e194fb-1-ps,crmid:1915697832,3,Travel Card,4,Business Loan
21519b62-492d-11ea-a093-b88a60e194fb-1-ps,crmid:9321262214,4,Platinum Card,4,Personal Loan
220fb982-492d-11ea-8075-b88a60e194fb-1-ps,crmid:3185984360,5,Dividend Card,3,Business Loan
2210cb12-492d-11ea-93ed-b88a60e194fb-1-ps,crmid:5317789337,4,Dividend Card,4,Personal Loan
2211b658-492d-11ea-9f2e-b88a60e194fb-1-ps,crmid:7681132257,3,Platinum Card,5,Personal Loan
2212a11e-492d-11ea-9e17-b88a60e194fb-1-ps,crmid:6528716146,3,Platinum Card,6,Business Loan
22144ea4-492d-11ea-a873-b88a60e194fb-1-ps,crmid:8343144173,5,Dividend Card,4,Student Loan
221537d0-492d-11ea-ac5f-b88a60e194fb-1-ps,crmid:1575926997,4,Dividend Card,5,Student Loan
2216235a-492d-11ea-be78-b88a60e194fb-1-ps,crmid:4033963795,5,Student Card,4,Auto Loan
2216e6a8-492d-11ea-a770-b88a60e194fb-1-ps,crmid:8275858945,3,Business Card,6,Student Loan
2217f774-492d-11ea-9a8f-b88a60e194fb-1-ps,crmid:7864840608,1,Platinum Card,4,Student Loan
2218e278-492d-11ea-afb2-b88a60e194fb-1-ps,crmid:7088689492,3,Travel Card,3,Business Loan
2219cc34-492d-11ea-a9e1-b88a60e194fb-1-ps,crmid:6621247689,4,Rewards Card,4,Auto Loan
221ade10-492d-11ea-8334-b88a60e194fb-1-ps,crmid:3581079103,1,Business Card,4,Personal Loan
221c6454-492d-11ea-b725-b88a60e194fb-1-ps,crmid:4473250463,4,Travel Card,6,Auto Loan
22d971e2-492d-11ea-96af-b88a60e194fb-1-ps,crmid:9199846241,5,Dividend Card,4,Personal Loan
22da5bfe-492d-11ea-a9bd-b88a60e194fb-1-ps,crmid:1737059584,4,Travel Card,2,Personal Loan
22db454a-492d-11ea-9021-b88a60e194fb-1-ps,crmid:4863419752,5,Dividend Card,4,Personal Loan
22dc56c0-492d-11ea-bfa8-b88a60e194fb-1-ps,crmid:9367104216,6,Platinum Card,5,Personal Loan
22dd1b3e-492d-11ea-89ff-b88a60e194fb-1-ps,crmid:6323038807,2,Business Card,3,Personal Loan
22de05a8-492d-11ea-8416-b88a60e194fb-1-ps,crmid:7810239837,5,Simplicity Card,3,Personal Loan
22def322-492d-11ea-af8d-b88a60e194fb-1-ps,crmid:2058106275,4,Business Card,5,Business Loan
22e02728-492d-11ea-afc8-b88a60e194fb-1-ps,crmid:8018250121,4,Travel Card,4,Student Loan
22e11174-492d-11ea-a2e2-b88a60e194fb-1-ps,crmid:6007864092,3,Student Card,2,Personal Loan
22e1fbd8-492d-11ea-9ba2-b88a60e194fb-1-ps,crmid:8537942885,4,Simplicity Card,5,Auto Loan
22e33442-492d-11ea-a176-b88a60e194fb-1-ps,crmid:5420923889,5,Rewards Card,3,Auto Loan
22e3f79a-492d-11ea-bb60-b88a60e194fb-1-ps,crmid:4765468828,5,Travel Card,5,Personal Loan
22e50946-492d-11ea-b009-b88a60e194fb-1-ps,crmid:8205933230,4,Simplicity Card,4,Auto Loan
23ab16ba-492d-11ea-85c5-b88a60e194fb-1-ps,crmid:1238386799,4,Platinum Card,8,Student Loan
23ac027e-492d-11ea-b79b-b88a60e194fb-1-ps,crmid:8859269851,4,Dividend Card,4,Personal Loan
23acecc0-492d-11ea-ab3e-b88a60e194fb-1-ps,crmid:7576355807,3,Platinum Card,4,Student Loan
23adfcba-492d-11ea-9da1-b88a60e194fb-1-ps,crmid:7715414757,4,Travel Card,4,Personal Loan
23aee836-492d-11ea-8da6-b88a60e194fb-1-ps,crmid:4634632592,5,Student Card,4,Auto Loan
23aff946-492d-11ea-ab6b-b88a60e194fb-1-ps,crmid:4702471889,3,Dividend Card,5,Business Loan
23b15812-492d-11ea-91a2-b88a60e194fb-1-ps,crmid:1903346357,6,Platinum Card,3,Auto Loan
23b24362-492d-11ea-a671-b88a60e194fb-1-ps,crmid:7991991376,4,Platinum Card,4,Auto Loan
23b306ee-492d-11ea-8e2e-b88a60e194fb-1-ps,crmid:1979550815,5,Dividend Card,4,Auto Loan
23b3f074-492d-11ea-896b-b88a60e194fb-1-ps,crmid:2360460822,4,Rewards Card,8,Business Loan
23b54fa8-492d-11ea-b628-b88a60e194fb-1-ps,crmid:6611022905,5,Platinum Card,4,Personal Loan
23b63a2c-492d-11ea-822e-b88a60e194fb-1-ps,crmid:9416228458,4,Business Card,5,Student Loan
23b772a8-492d-11ea-93f2-b88a60e194fb-1-ps,crmid:4441767940,2,Dividend Card,3,Auto Loan
23b8856c-492d-11ea-b5cb-b88a60e194fb-1-ps,crmid:9546841670,5,Simplicity Card,4,Personal Loan
249685f0-492d-11ea-a084-b88a60e194fb-1-ps,crmid:4227819398,4,Simplicity Card,5,Personal Loan
24979762-492d-11ea-ae45-b88a60e194fb-1-ps,crmid:5591161780,3,Travel Card,6,Personal Loan
249881ba-492d-11ea-b16f-b88a60e194fb-1-ps,crmid:7288683799,4,Rewards Card,5,Business Loan
24996c24-492d-11ea-ba01-b88a60e194fb-1-ps,crmid:4163984935,4,Business Card,5,Business Loan
249a57a6-492d-11ea-af48-b88a60e194fb-1-ps,crmid:2034678478,3,Simplicity Card,4,Auto Loan
249b19dc-492d-11ea-9e4b-b88a60e194fb-1-ps,crmid:3938943685,6,Dividend Card,4,Personal Loan
249c5394-492d-11ea-b638-b88a60e194fb-1-ps,crmid:9005986319,5,Dividend Card,3,Personal Loan
249d16e2-492d-11ea-814b-b88a60e194fb-1-ps,crmid:5069401919,6,Student Card,5,Auto Loan
249e0158-492d-11ea-b902-b88a60e194fb-1-ps,crmid:4418288130,4,Rewards Card,6,Business Loan
249f387a-492d-11ea-9f90-b88a60e194fb-1-ps,crmid:7443363415,5,Simplicity Card,5,Personal Loan
24a09826-492d-11ea-884d-b88a60e194fb-1-ps,crmid:7246015830,3,Dividend Card,3,Business Loan
24a1a998-492d-11ea-906b-b88a60e194fb-1-ps,crmid:3190687218,5,Simplicity Card,3,Personal Loan
256b88be-492d-11ea-894c-b88a60e194fb-1-ps,crmid:2684977754,5,Travel Card,5,Student Loan
256cc002-492d-11ea-b29c-b88a60e194fb-1-ps,crmid:1347165726,5,Student Card,8,Business Loan
256daa48-492d-11ea-b24e-b88a60e194fb-1-ps,crmid:4391995013,5,Business Card,4,Personal Loan
256e9490-492d-11ea-8d04-b88a60e194fb-1-ps,crmid:6446850279,4,Business Card,4,Business Loan
256f7efe-492d-11ea-a7e0-b88a60e194fb-1-ps,crmid:7045631191,4,Dividend Card,5,Auto Loan
2570dfe6-492d-11ea-8198-b88a60e194fb-1-ps,crmid:4842932444,3,Simplicity Card,2,Personal Loan
2571f04a-492d-11ea-b920-b88a60e194fb-1-ps,crmid:9398117915,5,Rewards Card,3,Personal Loan
2572b48c-492d-11ea-a4eb-b88a60e194fb-1-ps,crmid:7801607136,5,Travel Card,2,Student Loan
25739f08-492d-11ea-9f91-b88a60e194fb-1-ps,crmid:1943412673,2,Rewards Card,4,Personal Loan
2574af4a-492d-11ea-8a53-b88a60e194fb-1-ps,crmid:6076545209,3,Student Card,3,Personal Loan
257599a6-492d-11ea-8cc8-b88a60e194fb-1-ps,crmid:5125265485,4,Business Card,5,Student Loan
2576f91e-492d-11ea-8bf3-b88a60e194fb-1-ps,crmid:3906462455,4,Dividend Card,5,Business Loan
2578588a-492d-11ea-8419-b88a60e194fb-1-ps,crmid:6016955189,4,Simplicity Card,4,Business Loan
257a2d48-492d-11ea-9222-b88a60e194fb-1-ps,crmid:9628990843,4,Business Card,4,Personal Loan
26451dcc-492d-11ea-89b0-b88a60e194fb-1-ps,crmid:7388881441,3,Travel Card,5,Personal Loan
2645e118-492d-11ea-b93e-b88a60e194fb-1-ps,crmid:1041890664,8,Dividend Card,5,Personal Loan
2646cb7a-492d-11ea-a7b5-b88a60e194fb-1-ps,crmid:3780367050,3,Dividend Card,3,Student Loan
26478ef6-492d-11ea-8830-b88a60e194fb-1-ps,crmid:3360639687,2,Rewards Card,5,Personal Loan
26487902-492d-11ea-83a7-b88a60e194fb-1-ps,crmid:8258521411,4,Platinum Card,3,Business Loan
26498980-492d-11ea-baa0-b88a60e194fb-1-ps,crmid:1446177985,3,Platinum Card,4,Auto Loan
264a9b0c-492d-11ea-bf35-b88a60e194fb-1-ps,crmid:8853137179,3,Travel Card,6,Personal Loan
264bd364-492d-11ea-b4c9-b88a60e194fb-1-ps,crmid:1387832468,3,Platinum Card,4,Business Loan
264d0c36-492d-11ea-bcfa-b88a60e194fb-1-ps,crmid:1803981303,5,Business Card,5,Student Loan
264e4470-492d-11ea-a03e-b88a60e194fb-1-ps,crmid:7927211019,4,Platinum Card,4,Business Loan
264f5662-492d-11ea-a49f-b88a60e194fb-1-ps,crmid:5221184253,3,Travel Card,5,Personal Loan
2650673a-492d-11ea-b376-b88a60e194fb-1-ps,crmid:7176282180,5,Business Card,5,Personal Loan
2720add0-492d-11ea-9f1f-b88a60e194fb-1-ps,crmid:4735779556,3,Simplicity Card,8,Auto Loan
27220d5a-492d-11ea-bc8f-b88a60e194fb-1-ps,crmid:4497196545,4,Travel Card,3,Personal Loan
27236ce4-492d-11ea-9da6-b88a60e194fb-1-ps,crmid:5817045937,4,Dividend Card,6,Auto Loan
2724a554-492d-11ea-9692-b88a60e194fb-1-ps,crmid:9567173028,2,Business Card,7,Auto Loan
2725ddf0-492d-11ea-b7b2-b88a60e194fb-1-ps,crmid:2835851505,4,Business Card,3,Personal Loan
27273d76-492d-11ea-af74-b88a60e194fb-1-ps,crmid:4175877056,4,Student Card,5,Personal Loan
27289d24-492d-11ea-a9d9-b88a60e194fb-1-ps,crmid:1413790805,2,Travel Card,3,Personal Loan
2729ae68-492d-11ea-ae38-b88a60e194fb-1-ps,crmid:4553648250,4,Platinum Card,4,Auto Loan
272b0df8-492d-11ea-9ff0-b88a60e194fb-1-ps,crmid:3845035344,3,Dividend Card,4,Personal Loan
272c4686-492d-11ea-90eb-b88a60e194fb-1-ps,crmid:2027024291,4,Travel Card,5,Auto Loan
272d7eec-492d-11ea-9cff-b88a60e194fb-1-ps,crmid:5694921123,5,Rewards Card,4,Auto Loan
272e9064-492d-11ea-9577-b88a60e194fb-1-ps,crmid:3497188080,3,Business Card,3,Personal Loan
272f7aac-492d-11ea-af8d-b88a60e194fb-1-ps,crmid:8704629479,4,Student Card,5,Auto Loan
27308c3a-492d-11ea-843e-b88a60e194fb-1-ps,crmid:7724690639,4,Platinum Card,3,Personal Loan
28019614-492d-11ea-8998-b88a60e194fb-1-ps,crmid:6796141747,4,Travel Card,8,Student Loan
2802a76c-492d-11ea-84f9-b88a60e194fb-1-ps,crmid:8737806844,5,Simplicity Card,4,Business Loan
28036aba-492d-11ea-9321-b88a60e194fb-1-ps,crmid:3011919728,4,Simplicity Card,3,Business Loan
2804a3e2-492d-11ea-9da2-b88a60e194fb-1-ps,crmid:2074979571,3,Simplicity Card,3,Student Loan
2805b49c-492d-11ea-8fe7-b88a60e194fb-1-ps,crmid:7867765096,3,Simplicity Card,5,Auto Loan
2806c610-492d-11ea-9bd3-b88a60e194fb-1-ps,crmid:7214982751,4,Simplicity Card,4,Personal Loan
280825c0-492d-11ea-ba40-b88a60e194fb-1-ps,crmid:2648961864,8,Student Card,3,Personal Loan
28098546-492d-11ea-874c-b88a60e194fb-1-ps,crmid:5618331820,5,Simplicity Card,3,Personal Loan
280a9800-492d-11ea-bae2-b88a60e194fb-1-ps,crmid:5586784095,6,Platinum Card,3,Personal Loan
280b5b4c-492d-11ea-add4-b88a60e194fb-1-ps,crmid:3685830975,4,Dividend Card,5,Auto Loan
280c6ccc-492d-11ea-a795-b88a60e194fb-1-ps,crmid:5245563738,4,Travel Card,4,Auto Loan
280d55e2-492d-11ea-8d9a-b88a60e194fb-1-ps,crmid:3147136864,3,Dividend Card,3,Auto Loan
28d97db8-492d-11ea-bb9c-b88a60e194fb-1-ps,crmid:9753578101,7,Rewards Card,5,Personal Loan
28da8f2c-492d-11ea-97d8-b88a60e194fb-1-ps,crmid:8607664845,3,Dividend Card,7,Personal Loan
28db7982-492d-11ea-92e0-b88a60e194fb-1-ps,crmid:9828279940,4,Rewards Card,3,Personal Loan
28dc8c4a-492d-11ea-96e2-b88a60e194fb-1-ps,crmid:2289836984,4,Student Card,3,Business Loan
28dd9c76-492d-11ea-b4d9-b88a60e194fb-1-ps,crmid:6224800570,3,Dividend Card,5,Business Loan
28de86c6-492d-11ea-8b7b-b88a60e194fb-1-ps,crmid:4427121503,3,Business Card,3,Personal Loan
28df4a10-492d-11ea-b412-b88a60e194fb-1-ps,crmid:1107977889,3,Business Card,5,Personal Loan
28e03464-492d-11ea-b5f5-b88a60e194fb-1-ps,crmid:1901409579,4,Platinum Card,4,Auto Loan
28e1466c-492d-11ea-b07e-b88a60e194fb-1-ps,crmid:1800448077,4,Platinum Card,4,Personal Loan
28e2573a-492d-11ea-a2d4-b88a60e194fb-1-ps,crmid:4407183741,4,Rewards Card,6,Business Loan
28e368fe-492d-11ea-b617-b88a60e194fb-1-ps,crmid:6979214750,3,Platinum Card,4,Auto Loan
28e4c84a-492d-11ea-8e6c-b88a60e194fb-1-ps,crmid:9719684461,4,Student Card,4,Personal Loan
28e627a4-492d-11ea-9e0e-b88a60e194fb-1-ps,crmid:9859325350,3,Platinum Card,5,Auto Loan
28e7392e-492d-11ea-b9a3-b88a60e194fb-1-ps,crmid:8815412163,5,Travel Card,7,Auto Loan
29b5e14c-492d-11ea-8aa4-b88a60e194fb-1-ps,crmid:7112336282,4,Dividend Card,2,Personal Loan
29b78ef0-492d-11ea-901e-b88a60e194fb-1-ps,crmid:6343731668,4,Platinum Card,7,Auto Loan
29b8ee82-492d-11ea-babc-b88a60e194fb-1-ps,crmid:4397928419,10,Dividend Card,3,Personal Loan
29ba26ca-492d-11ea-b1f6-b88a60e194fb-1-ps,crmid:2052002843,5,Student Card,4,Personal Loan
29bb38e4-492d-11ea-877a-b88a60e194fb-1-ps,crmid:3472761023,3,Travel Card,3,Personal Loan
29bc229e-492d-11ea-b755-b88a60e194fb-1-ps,crmid:4363528383,4,Simplicity Card,5,Personal Loan
29bd3400-492d-11ea-aade-b88a60e194fb-1-ps,crmid:7203303701,7,Platinum Card,4,Auto Loan
29be4568-492d-11ea-b4a4-b88a60e194fb-1-ps,crmid:8909131656,5,Simplicity Card,5,Business Loan
29bf2fdc-492d-11ea-9a20-b88a60e194fb-1-ps,crmid:5768744915,2,Travel Card,4,Personal Loan
29c01a28-492d-11ea-b176-b88a60e194fb-1-ps,crmid:9194785181,3,Student Card,4,Business Loan
29c1048c-492d-11ea-8fec-b88a60e194fb-1-ps,crmid:9062530219,2,Travel Card,4,Personal Loan
29c215f4-492d-11ea-9881-b88a60e194fb-1-ps,crmid:5056730366,4,Platinum Card,4,Personal Loan
2a884a92-492d-11ea-af7f-b88a60e194fb-1-ps,crmid:7936319051,4,Travel Card,4,Student Loan
2a893562-492d-11ea-9ac2-b88a60e194fb-1-ps,crmid:1250619706,3,Simplicity Card,5,Business Loan
2a8a6e12-492d-11ea-ba09-b88a60e194fb-1-ps,crmid:1340951396,6,Travel Card,3,Personal Loan
2a8b57c8-492d-11ea-9f95-b88a60e194fb-1-ps,crmid:2801998783,4,Simplicity Card,5,Business Loan
2a8cb7ec-492d-11ea-9c78-b88a60e194fb-1-ps,crmid:8721564825,3,Rewards Card,5,Business Loan
2a8dc8c0-492d-11ea-9c8a-b88a60e194fb-1-ps,crmid:3550766014,2,Platinum Card,4,Personal Loan
2a8e8c0a-492d-11ea-8d2d-b88a60e194fb-1-ps,crmid:9353613489,4,Travel Card,5,Student Loan
2a8fc46c-492d-11ea-b469-b88a60e194fb-1-ps,crmid:6017519324,6,Rewards Card,7,Business Loan
2a90892c-492d-11ea-81f8-b88a60e194fb-1-ps,crmid:5402857795,3,Student Card,5,Auto Loan
2a91e7c6-492d-11ea-a6da-b88a60e194fb-1-ps,crmid:4146000555,5,Dividend Card,8,Personal Loan
2a92fa1c-492d-11ea-b1cc-b88a60e194fb-1-ps,crmid:4798859595,2,Student Card,3,Personal Loan
2a93e478-492d-11ea-ba79-b88a60e194fb-1-ps,crmid:9336990307,5,Dividend Card,5,Auto Loan
2a94f4c8-492d-11ea-b4bd-b88a60e194fb-1-ps,crmid:3396057304,6,Travel Card,4,Auto Loan
2a95df34-492d-11ea-beb6-b88a60e194fb-1-ps,crmid:1511270678,4,Platinum Card,5,Student Loan
2b616a9a-492d-11ea-8200-b88a60e194fb-1-ps,crmid:8872804628,5,Rewards Card,4,Personal Loan
2b627bfe-492d-11ea-9a77-b88a60e194fb-1-ps,crmid:6985715161,5,Dividend Card,4,Personal Loan
2b638ed2-492d-11ea-ba3d-b88a60e194fb-1-ps,crmid:3008448624,4,Student Card,5,Student Loan
2b645236-492d-11ea-b16c-b88a60e194fb-1-ps,crmid:7379612082,5,Platinum Card,5,Business Loan
2b656278-492d-11ea-a69e-b88a60e194fb-1-ps,crmid:1626114606,2,Rewards Card,6,Personal Loan
2b664d62-492d-11ea-bdae-b88a60e194fb-1-ps,crmid:7523849310,5,Student Card,3,Student Loan
2b675f50-492d-11ea-81e1-b88a60e194fb-1-ps,crmid:8225053267,5,Platinum Card,5,Personal Loan
2b68be28-492d-11ea-b789-b88a60e194fb-1-ps,crmid:6396730317,3,Travel Card,5,Student Loan
2b69a802-492d-11ea-b744-b88a60e194fb-1-ps,crmid:1177496819,5,Rewards Card,3,Business Loan
2b6ab97e-492d-11ea-ac5b-b88a60e194fb-1-ps,crmid:7810275223,5,Platinum Card,3,Auto Loan
2b6ba3cc-492d-11ea-b2d9-b88a60e194fb-1-ps,crmid:3190687218,2,Travel Card,5,Personal Loan
2b6d0342-492d-11ea-8a12-b88a60e194fb-1-ps,crmid:1862371563,4,Student Card,4,Business Loan
2c36bb9a-492d-11ea-8b88-b88a60e194fb-1-ps,crmid:2369817222,4,Dividend Card,1,Business Loan
2c37cba8-492d-11ea-82da-b88a60e194fb-1-ps,crmid:3299800551,3,Business Card,5,Business Loan
2c38dd06-492d-11ea-9d91-b88a60e194fb-1-ps,crmid:8579247475,3,Travel Card,6,Personal Loan
2c39ee78-492d-11ea-a671-b88a60e194fb-1-ps,crmid:3555082838,4,Simplicity Card,3,Student Loan
2c3afff6-492d-11ea-a3c4-b88a60e194fb-1-ps,crmid:6527919573,4,Travel Card,5,Auto Loan
2c3c1164-492d-11ea-afbb-b88a60e194fb-1-ps,crmid:8101217968,4,Business Card,3,Business Loan
2c3d49f6-492d-11ea-840b-b88a60e194fb-1-ps,crmid:2570441797,5,Student Card,5,Personal Loan
2c3e8300-492d-11ea-9072-b88a60e194fb-1-ps,crmid:6895473481,4,Dividend Card,4,Student Loan
2c4008ee-492d-11ea-b34e-b88a60e194fb-1-ps,crmid:3543285520,3,Rewards Card,4,Auto Loan
2c41903a-492d-11ea-9efe-b88a60e194fb-1-ps,crmid:7132114464,5,Travel Card,5,Business Loan
2c42c800-492d-11ea-a09c-b88a60e194fb-1-ps,crmid:7469203989,5,Student Card,2,Personal Loan
2c444e8c-492d-11ea-8e45-b88a60e194fb-1-ps,crmid:7204309238,4,Dividend Card,5,Personal Loan
2c4587d4-492d-11ea-b67a-b88a60e194fb-1-ps,crmid:1555682728,5,Simplicity Card,5,Personal Loan
2c4698c0-492d-11ea-bdbf-b88a60e194fb-1-ps,crmid:8702280935,4,Business Card,2,Business Loan
2d174298-492d-11ea-a942-b88a60e194fb-1-ps,crmid:8501616129,4,Dividend Card,3,Personal Loan
2d193de2-492d-11ea-8f19-b88a60e194fb-1-ps,crmid:9219667164,3,Dividend Card,4,Personal Loan
2d1aebfa-492d-11ea-a453-b88a60e194fb-1-ps,crmid:2674230515,5,Business Card,9,Student Loan
2d1c9934-492d-11ea-918c-b88a60e194fb-1-ps,crmid:1114700568,4,Dividend Card,3,Personal Loan
2d1e1fd8-492d-11ea-bfc0-b88a60e194fb-1-ps,crmid:1951174462,4,Travel Card,5,Auto Loan
2d1f7f5a-492d-11ea-9f67-b88a60e194fb-1-ps,crmid:4614912617,4,Rewards Card,3,Business Loan
2d210680-492d-11ea-b0b8-b88a60e194fb-1-ps,crmid:1375510316,5,Travel Card,4,Student Loan
2d2301e2-492d-11ea-b5bf-b88a60e194fb-1-ps,crmid:3188825397,3,Dividend Card,6,Student Loan
2d2488ec-492d-11ea-8141-b88a60e194fb-1-ps,crmid:8107221005,3,Dividend Card,9,Student Loan
2d260ef4-492d-11ea-92c9-b88a60e194fb-1-ps,crmid:4224537667,4,Simplicity Card,4,Personal Loan
2d2747ba-492d-11ea-b5ee-b88a60e194fb-1-ps,crmid:7810127727,5,Travel Card,4,Personal Loan
2d28ce00-492d-11ea-a0e7-b88a60e194fb-1-ps,crmid:1511851149,5,Simplicity Card,3,Auto Loan
2e015200-492d-11ea-8f8b-b88a60e194fb-1-ps,crmid:2867198010,5,Simplicity Card,5,Student Loan
2e026358-492d-11ea-94d5-b88a60e194fb-1-ps,crmid:5240352635,5,Rewards Card,5,Personal Loan
2e04119e-492d-11ea-9893-b88a60e194fb-1-ps,crmid:4001694086,4,Student Card,6,Personal Loan
2e057090-492d-11ea-a21d-b88a60e194fb-1-ps,crmid:4125234739,3,Business Card,5,Personal Loan
2e06a918-492d-11ea-9963-b88a60e194fb-1-ps,crmid:9878836440,4,Simplicity Card,5,Student Loan
2e07e190-492d-11ea-af52-b88a60e194fb-1-ps,crmid:3783905622,3,Platinum Card,5,Personal Loan
2e091a0c-492d-11ea-a686-b88a60e194fb-1-ps,crmid:8661136855,4,Rewards Card,4,Personal Loan
2e0a5294-492d-11ea-b795-b88a60e194fb-1-ps,crmid:1978493297,4,Student Card,5,Personal Loan
2e0dfc00-492d-11ea-8859-b88a60e194fb-1-ps,crmid:3188825397,4,Dividend Card,4,Business Loan
2e0f5b98-492d-11ea-abcd-b88a60e194fb-1-ps,crmid:4525493420,4,Student Card,6,Personal Loan
2e10e228-492d-11ea-82aa-b88a60e194fb-1-ps,crmid:4483120063,3,Business Card,5,Personal Loan
2e128fc8-492d-11ea-b487-b88a60e194fb-1-ps,crmid:7547834261,2,Student Card,3,Student Loan
2e13c854-492d-11ea-b35c-b88a60e194fb-1-ps,crmid:5732827700,4,Platinum Card,3,Personal Loan
2e1527d2-492d-11ea-9d55-b88a60e194fb-1-ps,crmid:4382048618,4,Rewards Card,4,Personal Loan
2f004a64-492d-11ea-b929-b88a60e194fb-1-ps,crmid:9913697856,4,Rewards Card,3,Personal Loan
2f01a9f4-492d-11ea-b660-b88a60e194fb-1-ps,crmid:4715588035,6,Travel Card,3,Personal Loan
2f02bb62-492d-11ea-84f7-b88a60e194fb-1-ps,crmid:8767844604,1,Platinum Card,4,Auto Loan
2f04420a-492d-11ea-ac48-b88a60e194fb-1-ps,crmid:1365315252,4,Platinum Card,7,Personal Loan
2f05a1ae-492d-11ea-b179-b88a60e194fb-1-ps,crmid:7626583456,4,Platinum Card,4,Business Loan
2f06b376-492d-11ea-a31c-b88a60e194fb-1-ps,crmid:2121664323,4,Business Card,10,Business Loan
2f07eb74-492d-11ea-b932-b88a60e194fb-1-ps,crmid:6693655613,4,Student Card,2,Personal Loan
2f092402-492d-11ea-998f-b88a60e194fb-1-ps,crmid:8139180163,4,Simplicity Card,9,Personal Loan
2f0a3558-492d-11ea-97de-b88a60e194fb-1-ps,crmid:7877881324,4,Business Card,5,Personal Loan
2f0b46d0-492d-11ea-90b4-b88a60e194fb-1-ps,crmid:4616576606,3,Student Card,3,Personal Loan
2f0ca65e-492d-11ea-bf58-b88a60e194fb-1-ps,crmid:2920373813,4,Travel Card,4,Business Loan
2f0ddefa-492d-11ea-a1e7-b88a60e194fb-1-ps,crmid:5573755101,4,Travel Card,5,Business Loan
2ff41e64-492d-11ea-9a8f-b88a60e194fb-1-ps,crmid:9065575296,2,Simplicity Card,4,Business Loan
2ff52fba-492d-11ea-bbc4-b88a60e194fb-1-ps,crmid:3486318158,3,Simplicity Card,8,Business Loan
2ff61a1c-492d-11ea-8af6-b88a60e194fb-1-ps,crmid:8865637581,3,Business Card,1,Auto Loan
2ff72c14-492d-11ea-8d45-b88a60e194fb-1-ps,crmid:4888193193,4,Platinum Card,3,Personal Loan
2ff88b14-492d-11ea-ae8b-b88a60e194fb-1-ps,crmid:1308613100,3,Dividend Card,4,Student Loan
2ff99d00-492d-11ea-9b81-b88a60e194fb-1-ps,crmid:9802152120,4,Student Card,5,Student Loan
2ffad51c-492d-11ea-ad5f-b88a60e194fb-1-ps,crmid:7500625178,4,Rewards Card,3,Business Loan
2ffbe658-492d-11ea-a91c-b88a60e194fb-1-ps,crmid:4665539112,4,Travel Card,2,Personal Loan
2ffd460c-492d-11ea-ae3f-b88a60e194fb-1-ps,crmid:7384885822,4,Dividend Card,4,Student Loan
2ffe7e80-492d-11ea-b178-b88a60e194fb-1-ps,crmid:3681542453,4,Dividend Card,5,Personal Loan
2fffb6f6-492d-11ea-b009-b88a60e194fb-1-ps,crmid:1046578945,5,Student Card,3,Business Loan
3000c864-492d-11ea-8f4c-b88a60e194fb-1-ps,crmid:1583618655,5,Travel Card,9,Personal Loan
300227ec-492d-11ea-b8d0-b88a60e194fb-1-ps,crmid:1172334572,4,Student Card,3,Auto Loan
30033962-492d-11ea-b53d-b88a60e194fb-1-ps,crmid:8162530943,3,Travel Card,6,Personal Loan
30cf8838-492d-11ea-bfc7-b88a60e194fb-1-ps,crmid:8242124350,4,Travel Card,4,Personal Loan
30d099a8-492d-11ea-b7c5-b88a60e194fb-1-ps,crmid:2887310458,5,Platinum Card,4,Personal Loan
30d1ab1c-492d-11ea-a202-b88a60e194fb-1-ps,crmid:1869178274,4,Dividend Card,4,Auto Loan
30d2e41e-492d-11ea-b565-b88a60e194fb-1-ps,crmid:3905302940,3,Simplicity Card,3,Personal Loan
30d4431e-492d-11ea-882e-b88a60e194fb-1-ps,crmid:8061462475,3,Rewards Card,4,Personal Loan
30d5548c-492d-11ea-8510-b88a60e194fb-1-ps,crmid:9319998440,2,Platinum Card,7,Personal Loan
30d68d08-492d-11ea-b34b-b88a60e194fb-1-ps,crmid:4803333835,4,Business Card,3,Personal Loan
30d79e6e-492d-11ea-a852-b88a60e194fb-1-ps,crmid:4822462414,3,Platinum Card,4,Personal Loan
30d8d71c-492d-11ea-9988-b88a60e194fb-1-ps,crmid:9212330609,3,Travel Card,3,Auto Loan
30d9e85c-492d-11ea-9e2e-b88a60e194fb-1-ps,crmid:1872373960,5,Dividend Card,4,Personal Loan
30db4800-492d-11ea-b090-b88a60e194fb-1-ps,crmid:5329603051,1,Simplicity Card,3,Auto Loan
30dc8094-492d-11ea-9849-b88a60e194fb-1-ps,crmid:9633015208,5,Dividend Card,8,Personal Loan
31ab6776-492d-11ea-8d2a-b88a60e194fb-1-ps,crmid:3685830975,6,Platinum Card,5,Business Loan
31ac9ff6-492d-11ea-a24f-b88a60e194fb-1-ps,crmid:4086612759,6,Simplicity Card,7,Auto Loan
31ae4e28-492d-11ea-a61e-b88a60e194fb-1-ps,crmid:8061374276,3,Dividend Card,5,Business Loan
31afad7e-492d-11ea-b5bb-b88a60e194fb-1-ps,crmid:1057492732,5,Student Card,4,Student Loan
31b09774-492d-11ea-bb8b-b88a60e194fb-1-ps,crmid:4930811646,3,Dividend Card,5,Student Loan
31b181dc-492d-11ea-9a88-b88a60e194fb-1-ps,crmid:6546411268,4,Platinum Card,5,Business Loan
31b29338-492d-11ea-a87b-b88a60e194fb-1-ps,crmid:8288036249,4,Simplicity Card,6,Business Loan
31b3cbc6-492d-11ea-a126-b88a60e194fb-1-ps,crmid:1518424835,4,Travel Card,5,Student Loan
31b50442-492d-11ea-9766-b88a60e194fb-1-ps,crmid:3244256096,3,Simplicity Card,5,Personal Loan
31b663dc-492d-11ea-b665-b88a60e194fb-1-ps,crmid:5750698941,3,Simplicity Card,4,Auto Loan
31b81214-492d-11ea-b8bf-b88a60e194fb-1-ps,crmid:1283209251,5,Student Card,6,Student Loan
31b99850-492d-11ea-9e74-b88a60e194fb-1-ps,crmid:2318952460,3,Travel Card,3,Business Loan
31bad0b6-492d-11ea-af7d-b88a60e194fb-1-ps,crmid:5065741323,4,Business Card,5,Student Loan
31bc30b4-492d-11ea-a15f-b88a60e194fb-1-ps,crmid:3238741196,3,Dividend Card,2,Personal Loan
329d8d92-492d-11ea-a61c-b88a60e194fb-1-ps,crmid:4361447438,3,Platinum Card,3,Personal Loan
329e9f1a-492d-11ea-b64b-b88a60e194fb-1-ps,crmid:5068058590,4,Simplicity Card,9,Auto Loan
329fd79c-492d-11ea-937e-b88a60e194fb-1-ps,crmid:4155514628,6,Rewards Card,5,Personal Loan
32a11012-492d-11ea-9ef0-b88a60e194fb-1-ps,crmid:7689052083,3,Simplicity Card,4,Auto Loan
32a2bdbe-492d-11ea-8008-b88a60e194fb-1-ps,crmid:3746700359,5,Dividend Card,5,Student Loan
32a4455e-492d-11ea-a3b3-b88a60e194fb-1-ps,crmid:8037984796,4,Platinum Card,5,Student Loan
32a555e8-492d-11ea-8be5-b88a60e194fb-1-ps,crmid:2105802463,3,Dividend Card,5,Business Loan
32a68e24-492d-11ea-8f46-b88a60e194fb-1-ps,crmid:9968637325,5,Student Card,7,Personal Loan
32a79fcc-492d-11ea-bcff-b88a60e194fb-1-ps,crmid:2412577535,4,Business Card,4,Auto Loan
32a8d8ee-492d-11ea-8c71-b88a60e194fb-1-ps,crmid:6714672427,4,Travel Card,4,Personal Loan
32aa189e-492d-11ea-aeef-b88a60e194fb-1-ps,crmid:3702249306,4,Business Card,4,Personal Loan
32aafb0a-492d-11ea-b9b2-b88a60e194fb-1-ps,crmid:8176161014,3,Rewards Card,4,Business Loan
3371a4e4-492d-11ea-8207-b88a60e194fb-1-ps,crmid:2305460118,6,Rewards Card,5,Business Loan
3372b62e-492d-11ea-ad29-b88a60e194fb-1-ps,crmid:6510670246,7,Travel Card,4,Business Loan
3373a066-492d-11ea-b654-b88a60e194fb-1-ps,crmid:3066105433,4,Student Card,4,Business Loan
33748bfe-492d-11ea-9502-b88a60e194fb-1-ps,crmid:5284951944,3,Travel Card,10,Personal Loan
33754f92-492d-11ea-a3ce-b88a60e194fb-1-ps,crmid:4886782697,8,Student Card,4,Personal Loan
33768726-492d-11ea-b6fd-b88a60e194fb-1-ps,crmid:7276657080,4,Business Card,5,Auto Loan
33780d36-492d-11ea-9e6b-b88a60e194fb-1-ps,crmid:2951467486,3,Platinum Card,4,Business Loan
337945b4-492d-11ea-96ec-b88a60e194fb-1-ps,crmid:6263286243,6,Simplicity Card,7,Personal Loan
337aa540-492d-11ea-a81a-b88a60e194fb-1-ps,crmid:7162460419,4,Platinum Card,3,Student Loan
337c0506-492d-11ea-8dfa-b88a60e194fb-1-ps,crmid:4402939177,3,Simplicity Card,4,Business Loan
337d1630-492d-11ea-92b2-b88a60e194fb-1-ps,crmid:5483308745,3,Travel Card,5,Personal Loan
337e27b6-492d-11ea-be64-b88a60e194fb-1-ps,crmid:4155514628,4,Business Card,4,Business Loan
337f1214-492d-11ea-a108-b88a60e194fb-1-ps,crmid:1888515899,6,Rewards Card,5,Business Loan
337ffc76-492d-11ea-8337-b88a60e194fb-1-ps,crmid:7798207089,6,Dividend Card,5,Business Loan
34406562-492d-11ea-8e14-b88a60e194fb-1-ps,crmid:8889439256,5,Dividend Card,2,Auto Loan
34419e70-492d-11ea-ae09-b88a60e194fb-1-ps,crmid:2042583854,5,Rewards Card,2,Personal Loan
3442879a-492d-11ea-a329-b88a60e194fb-1-ps,crmid:9119731262,9,Student Card,4,Personal Loan
34439a3e-492d-11ea-a685-b88a60e194fb-1-ps,crmid:7252588596,5,Student Card,4,Personal Loan
344484de-492d-11ea-b846-b88a60e194fb-1-ps,crmid:2011816313,4,Dividend Card,2,Personal Loan
344547e8-492d-11ea-b224-b88a60e194fb-1-ps,crmid:7709549849,4,Platinum Card,4,Auto Loan
3446327a-492d-11ea-a405-b88a60e194fb-1-ps,crmid:5806815592,5,Simplicity Card,9,Personal Loan
34474276-492d-11ea-9391-b88a60e194fb-1-ps,crmid:6438677448,4,Platinum Card,8,Personal Loan
34482e14-492d-11ea-9b6a-b88a60e194fb-1-ps,crmid:4706517726,5,Rewards Card,5,Business Loan
34491880-492d-11ea-ba9d-b88a60e194fb-1-ps,crmid:7691406770,4,Student Card,5,Personal Loan
344a02da-492d-11ea-a06d-b88a60e194fb-1-ps,crmid:9554688243,1,Simplicity Card,3,Auto Loan
344b1454-492d-11ea-a4d9-b88a60e194fb-1-ps,crmid:7844010822,4,Platinum Card,5,Business Loan
344bfe94-492d-11ea-83c4-b88a60e194fb-1-ps,crmid:3175661543,3,Dividend Card,3,Personal Loan
351035fe-492d-11ea-8096-b88a60e194fb-1-ps,crmid:9636830451,5,Student Card,5,Student Loan
351121b4-492d-11ea-9dc0-b88a60e194fb-1-ps,crmid:6902379454,3,Business Card,4,Personal Loan
3511e510-492d-11ea-918a-b88a60e194fb-1-ps,crmid:5701937816,3,Platinum Card,5,Business Loan
3512f506-492d-11ea-a5c9-b88a60e194fb-1-ps,crmid:9817617076,5,Platinum Card,3,Auto Loan
35140692-492d-11ea-8db1-b88a60e194fb-1-ps,crmid:8669861378,5,Travel Card,4,Auto Loan
3514f0f8-492d-11ea-9f3e-b88a60e194fb-1-ps,crmid:2795383728,4,Dividend Card,2,Personal Loan
3515db3a-492d-11ea-a831-b88a60e194fb-1-ps,crmid:3571192956,3,Dividend Card,3,Personal Loan
35169e74-492d-11ea-93b4-b88a60e194fb-1-ps,crmid:6705875662,3,Platinum Card,3,Auto Loan
3517d6f8-492d-11ea-91b0-b88a60e194fb-1-ps,crmid:1716056247,5,Student Card,3,Personal Loan
3518e9e6-492d-11ea-b4f9-b88a60e194fb-1-ps,crmid:2930371050,5,Business Card,7,Auto Loan
3519ade2-492d-11ea-9d49-b88a60e194fb-1-ps,crmid:5419569847,9,Business Card,5,Business Loan
351a9726-492d-11ea-99a3-b88a60e194fb-1-ps,crmid:9042208157,6,Platinum Card,5,Personal Loan
351b81c0-492d-11ea-9f9a-b88a60e194fb-1-ps,crmid:8165775428,3,Student Card,4,Student Loan
35e11a5c-492d-11ea-94f2-b88a60e194fb-1-ps,crmid:7104425268,5,Student Card,5,Personal Loan
35e2515e-492d-11ea-ac95-b88a60e194fb-1-ps,crmid:6442791759,4,Student Card,4,Auto Loan
35e3b0f0-492d-11ea-a24e-b88a60e194fb-1-ps,crmid:8868959037,5,Business Card,8,Business Loan
35e4ea10-492d-11ea-b19c-b88a60e194fb-1-ps,crmid:9381953117,4,Student Card,4,Business Loan
35e5fb70-492d-11ea-b95c-b88a60e194fb-1-ps,crmid:1590911699,4,Student Card,3,Personal Loan
35e733ba-492d-11ea-a7cb-b88a60e194fb-1-ps,crmid:3494057651,4,Business Card,4,Personal Loan
35e81d80-492d-11ea-a525-b88a60e194fb-1-ps,crmid:3054182359,5,Dividend Card,4,Student Loan
35e9080c-492d-11ea-a995-b88a60e194fb-1-ps,crmid:6513273158,4,Dividend Card,6,Auto Loan
35ea67ae-492d-11ea-b533-b88a60e194fb-1-ps,crmid:5569090972,3,Travel Card,3,Business Loan
35eb2af4-492d-11ea-a8e2-b88a60e194fb-1-ps,crmid:3743642100,4,Rewards Card,7,Personal Loan
35ec6362-492d-11ea-b5aa-b88a60e194fb-1-ps,crmid:4489240634,3,Platinum Card,3,Auto Loan
35ed74c6-492d-11ea-85b6-b88a60e194fb-1-ps,crmid:3683063025,5,Platinum Card,5,Student Loan
35ee8638-492d-11ea-92c8-b88a60e194fb-1-ps,crmid:8478730072,4,Simplicity Card,5,Business Loan
36b13852-492d-11ea-9383-b88a60e194fb-1-ps,crmid:1532332219,3,Simplicity Card,4,Business Loan
36b249ac-492d-11ea-bc58-b88a60e194fb-1-ps,crmid:5691378307,6,Dividend Card,3,Auto Loan
36b33422-492d-11ea-949d-b88a60e194fb-1-ps,crmid:7875787361,4,Business Card,5,Auto Loan
36b41ef4-492d-11ea-b065-b88a60e194fb-1-ps,crmid:6704032267,2,Rewards Card,3,Auto Loan
36b508de-492d-11ea-aa21-b88a60e194fb-1-ps,crmid:4841790753,3,Student Card,3,Business Loan
36b5f33a-492d-11ea-9437-b88a60e194fb-1-ps,crmid:8219105177,3,Dividend Card,3,Personal Loan
36b6dd94-492d-11ea-8a67-b88a60e194fb-1-ps,crmid:9613052968,6,Student Card,4,Auto Loan
36b7a0e4-492d-11ea-9161-b88a60e194fb-1-ps,crmid:8195529932,9,Travel Card,5,Business Loan
36b90040-492d-11ea-8b30-b88a60e194fb-1-ps,crmid:2844818612,4,Travel Card,6,Auto Loan
36b9eb36-492d-11ea-b0ab-b88a60e194fb-1-ps,crmid:9062039700,5,Business Card,5,Personal Loan
36bad50a-492d-11ea-a2b9-b88a60e194fb-1-ps,crmid:6222774168,5,Simplicity Card,6,Auto Loan
36bbbf6c-492d-11ea-96b0-b88a60e194fb-1-ps,crmid:7956215064,4,Travel Card,3,Auto Loan
36bca9c0-492d-11ea-805b-b88a60e194fb-1-ps,crmid:8484960724,4,Platinum Card,4,Auto Loan
36bdbbd2-492d-11ea-842b-b88a60e194fb-1-ps,crmid:1439946526,4,Student Card,5,Auto Loan
377c279c-492d-11ea-afce-b88a60e194fb-1-ps,crmid:5940178230,4,Rewards Card,7,Auto Loan
377d6030-492d-11ea-9379-b88a60e194fb-1-ps,crmid:5245760393,3,Business Card,4,Business Loan
377e9898-492d-11ea-bf20-b88a60e194fb-1-ps,crmid:3368305209,4,Dividend Card,4,Auto Loan
377faa18-492d-11ea-8477-b88a60e194fb-1-ps,crmid:3950370127,6,Simplicity Card,3,Student Loan
37809474-492d-11ea-afd4-b88a60e194fb-1-ps,crmid:9918984198,2,Simplicity Card,5,Student Loan
3781f418-492d-11ea-bd13-b88a60e194fb-1-ps,crmid:6273530626,4,Rewards Card,5,Student Loan
37832d14-492d-11ea-ae32-b88a60e194fb-1-ps,crmid:4265321365,4,Dividend Card,4,Personal Loan
37843de4-492d-11ea-9c6b-b88a60e194fb-1-ps,crmid:8750513163,5,Travel Card,9,Personal Loan
3785505e-492d-11ea-93df-b88a60e194fb-1-ps,crmid:8141689836,5,Platinum Card,4,Student Loan
37866112-492d-11ea-8b7d-b88a60e194fb-1-ps,crmid:9083177440,6,Student Card,4,Personal Loan
37877246-492d-11ea-8590-b88a60e194fb-1-ps,crmid:7002685632,3,Travel Card,2,Personal Loan
378883ac-492d-11ea-9c00-b88a60e194fb-1-ps,crmid:2707323832,5,Student Card,3,Personal Loan
37899512-492d-11ea-be5a-b88a60e194fb-1-ps,crmid:1297595434,4,Business Card,3,Personal Loan
386dd8a2-492d-11ea-ab3a-b88a60e194fb-1-ps,crmid:3286852257,5,Dividend Card,2,Auto Loan
386ec2f4-492d-11ea-89ee-b88a60e194fb-1-ps,crmid:7691810218,3,Rewards Card,5,Auto Loan
386fad52-492d-11ea-bc8f-b88a60e194fb-1-ps,crmid:8420002576,4,Platinum Card,4,Auto Loan
3871820a-492d-11ea-879a-b88a60e194fb-1-ps,crmid:5011376078,4,Simplicity Card,2,Business Loan
38726c64-492d-11ea-8e07-b88a60e194fb-1-ps,crmid:4731931154,3,Platinum Card,5,Personal Loan
38732fb4-492d-11ea-8e6f-b88a60e194fb-1-ps,crmid:9926206702,3,Rewards Card,4,Business Loan
3874411c-492d-11ea-b771-b88a60e194fb-1-ps,crmid:4788978630,4,Platinum Card,5,Student Loan
3875eec8-492d-11ea-ae4a-b88a60e194fb-1-ps,crmid:9707604188,9,Student Card,5,Personal Loan
3877275c-492d-11ea-a464-b88a60e194fb-1-ps,crmid:3146905603,5,Travel Card,6,Personal Loan
387811a6-492d-11ea-9fe6-b88a60e194fb-1-ps,crmid:7295750412,3,Travel Card,6,Personal Loan
3878fc38-492d-11ea-8411-b88a60e194fb-1-ps,crmid:6333875330,4,Dividend Card,8,Auto Loan
387a0d74-492d-11ea-9146-b88a60e194fb-1-ps,crmid:5408615445,5,Dividend Card,3,Personal Loan
387b4670-492d-11ea-a637-b88a60e194fb-1-ps,crmid:9000204488,5,Dividend Card,4,Personal Loan
39412c5a-492d-11ea-90d3-b88a60e194fb-1-ps,crmid:6563924584,3,Student Card,3,Personal Loan
3941efba-492d-11ea-b0a8-b88a60e194fb-1-ps,crmid:7542799035,3,Dividend Card,3,Student Loan
39430126-492d-11ea-9097-b88a60e194fb-1-ps,crmid:8597535813,5,Business Card,8,Auto Loan
394487c0-492d-11ea-a1bb-b88a60e194fb-1-ps,crmid:1767472276,4,Travel Card,4,Business Loan
39457226-492d-11ea-90c6-b88a60e194fb-1-ps,crmid:2284391735,5,Travel Card,4,Personal Loan
3946d198-492d-11ea-b0f5-b88a60e194fb-1-ps,crmid:3907496288,4,Travel Card,4,Business Loan
3947bbee-492d-11ea-9e37-b88a60e194fb-1-ps,crmid:8204503975,3,Dividend Card,5,Personal Loan
3948f466-492d-11ea-9ab8-b88a60e194fb-1-ps,crmid:9828342919,6,Simplicity Card,4,Personal Loan
3949ded2-492d-11ea-83d8-b88a60e194fb-1-ps,crmid:2181705642,3,Business Card,5,Auto Loan
394af042-492d-11ea-978d-b88a60e194fb-1-ps,crmid:4603487969,4,Student Card,4,Student Loan
394bda9e-492d-11ea-9164-b88a60e194fb-1-ps,crmid:5278562802,3,Platinum Card,4,Student Loan
394d3a2e-492d-11ea-a4c2-b88a60e194fb-1-ps,crmid:7837758129,2,Travel Card,5,Business Loan
394e4c62-492d-11ea-810c-b88a60e194fb-1-ps,crmid:1121213670,3,Business Card,3,Personal Loan
394f36c6-492d-11ea-a8c2-b88a60e194fb-1-ps,crmid:6604417610,4,Travel Card,5,Personal Loan
3a18ee66-492d-11ea-a3ca-b88a60e194fb-1-ps,crmid:6137108997,5,Business Card,5,Business Loan
3a19d788-492d-11ea-bd35-b88a60e194fb-1-ps,crmid:6973458959,3,Rewards Card,2,Personal Loan
3a1ac2ac-492d-11ea-a957-b88a60e194fb-1-ps,crmid:5800801839,2,Business Card,3,Business Loan
3a1b864c-492d-11ea-b33f-b88a60e194fb-1-ps,crmid:7290654191,5,Rewards Card,3,Personal Loan
3a1c6f6e-492d-11ea-bf13-b88a60e194fb-1-ps,crmid:3969510371,4,Dividend Card,3,Personal Loan
3a1da924-492d-11ea-bb46-b88a60e194fb-1-ps,crmid:8865390692,4,Dividend Card,4,Personal Loan
3a1e9386-492d-11ea-be39-b88a60e194fb-1-ps,crmid:8852729312,3,Student Card,5,Student Loan
3a1fa394-492d-11ea-be76-b88a60e194fb-1-ps,crmid:8670499677,5,Dividend Card,2,Business Loan
3a208e10-492d-11ea-a8e8-b88a60e194fb-1-ps,crmid:5689601437,4,Dividend Card,3,Student Loan
3a2179ac-492d-11ea-895b-b88a60e194fb-1-ps,crmid:7531506513,3,Business Card,3,Business Loan
3a22640c-492d-11ea-9e91-b88a60e194fb-1-ps,crmid:3084485816,1,Business Card,4,Auto Loan
3a234e5c-492d-11ea-aec2-b88a60e194fb-1-ps,crmid:4108577798,2,Dividend Card,6,Business Loan
3a2485b8-492d-11ea-b0ca-b88a60e194fb-1-ps,crmid:7767942765,3,Business Card,9,Personal Loan
3ae4ee70-492d-11ea-b158-b88a60e194fb-1-ps,crmid:4872715764,3,Rewards Card,5,Auto Loan
3ae674f0-492d-11ea-a293-b88a60e194fb-1-ps,crmid:1237426089,4,Dividend Card,4,Auto Loan
3ae7fb18-492d-11ea-8255-b88a60e194fb-1-ps,crmid:1205425463,4,Rewards Card,3,Business Loan
3ae90c58-492d-11ea-8d92-b88a60e194fb-1-ps,crmid:9474293535,5,Simplicity Card,3,Business Loan
3aea6bf6-492d-11ea-b79c-b88a60e194fb-1-ps,crmid:2549516575,5,Travel Card,3,Business Loan
3aeb565c-492d-11ea-baad-b88a60e194fb-1-ps,crmid:7801163291,4,Student Card,6,Personal Loan
3aed0402-492d-11ea-a033-b88a60e194fb-1-ps,crmid:8795711495,5,Dividend Card,3,Auto Loan
3aee1564-492d-11ea-b34c-b88a60e194fb-1-ps,crmid:4114838096,3,Travel Card,4,Business Loan
3aeeffba-492d-11ea-9fc7-b88a60e194fb-1-ps,crmid:4106652651,4,Dividend Card,5,Personal Loan
3aefc30c-492d-11ea-b423-b88a60e194fb-1-ps,crmid:8060597316,5,Student Card,5,Auto Loan
3af0ad68-492d-11ea-9385-b88a60e194fb-1-ps,crmid:3828050776,9,Simplicity Card,4,Auto Loan
3af1bedc-492d-11ea-bba0-b88a60e194fb-1-ps,crmid:9947158467,6,Rewards Card,3,Auto Loan
3af2f752-492d-11ea-9d51-b88a60e194fb-1-ps,crmid:9797815496,4,Rewards Card,8,Personal Loan
3bbc8774-492d-11ea-ba22-b88a60e194fb-1-ps,crmid:1381392315,4,Dividend Card,4,Auto Loan
3bbd71b8-492d-11ea-86d7-b88a60e194fb-1-ps,crmid:2352985482,4,Dividend Card,4,Personal Loan
3bbe5c10-492d-11ea-a830-b88a60e194fb-1-ps,crmid:3033407486,4,Travel Card,4,Student Loan
3bbfbd18-492d-11ea-ab40-b88a60e194fb-1-ps,crmid:6261738374,2,Rewards Card,4,Student Loan
3bc0cd2c-492d-11ea-a9bc-b88a60e194fb-1-ps,crmid:7015665443,4,Dividend Card,8,Personal Loan
3bc1dfc6-492d-11ea-87f5-b88a60e194fb-1-ps,crmid:2955310555,5,Travel Card,5,Personal Loan
3bc2c8d0-492d-11ea-a8f7-b88a60e194fb-1-ps,crmid:9266993324,5,Dividend Card,4,Personal Loan
3bc3da36-492d-11ea-8d04-b88a60e194fb-1-ps,crmid:6269123181,4,Dividend Card,4,Auto Loan
3bc4ec02-492d-11ea-b387-b88a60e194fb-1-ps,crmid:4438119515,4,Business Card,4,Auto Loan
3bc5d608-492d-11ea-959e-b88a60e194fb-1-ps,crmid:2841394509,4,Student Card,5,Student Loan
3bc6c04a-492d-11ea-900c-b88a60e194fb-1-ps,crmid:6001779519,7,Business Card,5,Student Loan
3bc7d1be-492d-11ea-8882-b88a60e194fb-1-ps,crmid:5027751934,5,Platinum Card,5,Auto Loan
3bc8bc34-492d-11ea-895c-b88a60e194fb-1-ps,crmid:8314703019,6,Dividend Card,3,Personal Loan
3bc9cd76-492d-11ea-8336-b88a60e194fb-1-ps,crmid:2619551638,6,Student Card,5,Personal Loan
3c935d66-492d-11ea-89f3-b88a60e194fb-1-ps,crmid:6008633264,8,Platinum Card,4,Auto Loan
3c9447ba-492d-11ea-891d-b88a60e194fb-1-ps,crmid:2088872184,3,Simplicity Card,3,Personal Loan
3c953254-492d-11ea-b51b-b88a60e194fb-1-ps,crmid:2430189708,5,Rewards Card,4,Business Loan
3c9643f4-492d-11ea-829e-b88a60e194fb-1-ps,crmid:3840588047,5,Simplicity Card,4,Personal Loan
3c972e0c-492d-11ea-b05d-b88a60e194fb-1-ps,crmid:4012684858,2,Student Card,5,Personal Loan
3c981874-492d-11ea-830c-b88a60e194fb-1-ps,crmid:6001311349,3,Dividend Card,3,Auto Loan
3c995158-492d-11ea-a4cb-b88a60e194fb-1-ps,crmid:5919705269,3,Dividend Card,3,Auto Loan
3c9a3ca6-492d-11ea-9720-b88a60e194fb-1-ps,crmid:1244334322,2,Platinum Card,5,Business Loan
3c9affde-492d-11ea-aa20-b88a60e194fb-1-ps,crmid:7058128745,3,Business Card,6,Personal Loan
3c9be8d4-492d-11ea-a943-b88a60e194fb-1-ps,crmid:6177707359,3,Dividend Card,3,Personal Loan
3c9cfa38-492d-11ea-80c0-b88a60e194fb-1-ps,crmid:8045271455,2,Rewards Card,3,Student Loan
3c9de4ba-492d-11ea-b6d2-b88a60e194fb-1-ps,crmid:4421828135,3,Rewards Card,5,Student Loan
3c9ecf24-492d-11ea-b98c-b88a60e194fb-1-ps,crmid:5568776518,4,Student Card,4,Student Loan
3d652ac0-492d-11ea-8bf6-b88a60e194fb-1-ps,crmid:5458893539,4,Platinum Card,4,Student Loan
3d663d7a-492d-11ea-a314-b88a60e194fb-1-ps,crmid:2417452541,4,Dividend Card,8,Personal Loan
3d672662-492d-11ea-ac05-b88a60e194fb-1-ps,crmid:7596408440,4,Travel Card,3,Auto Loan
3d6810b0-492d-11ea-9115-b88a60e194fb-1-ps,crmid:4561291419,6,Simplicity Card,8,Personal Loan
3d69703e-492d-11ea-9498-b88a60e194fb-1-ps,crmid:2310116354,5,Rewards Card,4,Student Loan
3d6acfd2-492d-11ea-82c9-b88a60e194fb-1-ps,crmid:1744845406,3,Platinum Card,4,Auto Loan
3d6be142-492d-11ea-87d4-b88a60e194fb-1-ps,crmid:2449049841,4,Business Card,5,Auto Loan
3d6ccbbe-492d-11ea-8c11-b88a60e194fb-1-ps,crmid:5885921699,3,Dividend Card,5,Business Loan
3d6ddd1c-492d-11ea-8e7b-b88a60e194fb-1-ps,crmid:2922993966,4,Business Card,4,Auto Loan
3d6ec76c-492d-11ea-a56a-b88a60e194fb-1-ps,crmid:4442035531,4,Platinum Card,3,Auto Loan
3d6fb1cc-492d-11ea-96b2-b88a60e194fb-1-ps,crmid:8802578954,3,Business Card,2,Auto Loan
3d709c24-492d-11ea-8b2d-b88a60e194fb-1-ps,crmid:4001694086,4,Rewards Card,5,Personal Loan
3d715f7e-492d-11ea-baf3-b88a60e194fb-1-ps,crmid:8672642056,5,Travel Card,6,Student Loan
3e413530-492d-11ea-8cbb-b88a60e194fb-1-ps,crmid:2584722664,4,Simplicity Card,4,Auto Loan
3e429662-492d-11ea-a3a4-b88a60e194fb-1-ps,crmid:9543353969,5,Dividend Card,7,Business Loan
3e43a628-492d-11ea-b7a6-b88a60e194fb-1-ps,crmid:9323538829,3,Simplicity Card,6,Business Loan
3e449206-492d-11ea-bee3-b88a60e194fb-1-ps,crmid:9107525497,5,Travel Card,3,Personal Loan
3e457c52-492d-11ea-9206-b88a60e194fb-1-ps,crmid:8711746436,3,Business Card,6,Auto Loan
3e468d52-492d-11ea-b23d-b88a60e194fb-1-ps,crmid:4897843147,4,Student Card,3,Student Loan
3e47c4e6-492d-11ea-9d8c-b88a60e194fb-1-ps,crmid:3152834285,4,Platinum Card,6,Personal Loan
3e494ba8-492d-11ea-a677-b88a60e194fb-1-ps,crmid:5900906886,5,Simplicity Card,4,Auto Loan
3e4ad21e-492d-11ea-9932-b88a60e194fb-1-ps,crmid:1868836741,4,Simplicity Card,4,Business Loan
3e4c32e4-492d-11ea-a350-b88a60e194fb-1-ps,crmid:2693976817,2,Platinum Card,4,Auto Loan
3e4ddf58-492d-11ea-b658-b88a60e194fb-1-ps,crmid:6637217336,4,Rewards Card,8,Student Loan
3e4f187a-492d-11ea-bbc1-b88a60e194fb-1-ps,crmid:4399315713,4,Business Card,2,Business Loan
3e505178-492d-11ea-b442-b88a60e194fb-1-ps,crmid:2571908084,4,Travel Card,4,Student Loan
3e51d6ec-492d-11ea-9e3e-b88a60e194fb-1-ps,crmid:9205999745,3,Business Card,4,Business Loan
3f1a2e46-492d-11ea-ae1f-b88a60e194fb-1-ps,crmid:3335882700,3,Travel Card,4,Auto Loan
3f1b3ffe-492d-11ea-9e74-b88a60e194fb-1-ps,crmid:7444764358,3,Platinum Card,3,Business Loan
3f1c2a02-492d-11ea-8876-b88a60e194fb-1-ps,crmid:4496685573,5,Simplicity Card,9,Auto Loan
3f1d3ba6-492d-11ea-ae23-b88a60e194fb-1-ps,crmid:9619710652,4,Platinum Card,4,Personal Loan
3f1e9b06-492d-11ea-8c13-b88a60e194fb-1-ps,crmid:7275959658,6,Simplicity Card,5,Business Loan
3f1ffaca-492d-11ea-afee-b88a60e194fb-1-ps,crmid:9948106810,4,Travel Card,4,Business Loan
3f213314-492d-11ea-95f5-b88a60e194fb-1-ps,crmid:6281346477,7,Platinum Card,5,Student Loan
3f226bd8-492d-11ea-aa05-b88a60e194fb-1-ps,crmid:6309382881,4,Platinum Card,4,Student Loan
3f23cb46-492d-11ea-a7fe-b88a60e194fb-1-ps,crmid:8020595792,4,Platinum Card,10,Business Loan
3f257970-492d-11ea-9423-b88a60e194fb-1-ps,crmid:1258920237,4,Student Card,7,Personal Loan
3f27268c-492d-11ea-a198-b88a60e194fb-1-ps,crmid:3839416731,5,Travel Card,4,Business Loan
3f28fb34-492d-11ea-9085-b88a60e194fb-1-ps,crmid:2221123651,4,Student Card,4,Personal Loan
3f2a81c0-492d-11ea-b505-b88a60e194fb-1-ps,crmid:8357402075,4,Rewards Card,10,Personal Loan
3f2c0870-492d-11ea-83d6-b88a60e194fb-1-ps,crmid:3840588047,4,Business Card,4,Auto Loan
3ff71858-492d-11ea-91bd-b88a60e194fb-1-ps,crmid:4767540682,4,Simplicity Card,4,Personal Loan
3ff829dc-492d-11ea-a994-b88a60e194fb-1-ps,crmid:1429416198,3,Travel Card,5,Student Loan
3ff914dc-492d-11ea-9250-b88a60e194fb-1-ps,crmid:5281520250,5,Simplicity Card,3,Personal Loan
3ff9ffdc-492d-11ea-b099-b88a60e194fb-1-ps,crmid:5416204872,5,Rewards Card,4,Personal Loan
3ffb36c2-492d-11ea-b70c-b88a60e194fb-1-ps,crmid:6491094885,2,Rewards Card,6,Student Loan
3ffc2158-492d-11ea-8c81-b88a60e194fb-1-ps,crmid:2337563474,1,Platinum Card,2,Personal Loan
3ffd5b18-492d-11ea-947b-b88a60e194fb-1-ps,crmid:7076704939,4,Rewards Card,4,Personal Loan
3ffe1cee-492d-11ea-8c4b-b88a60e194fb-1-ps,crmid:8264876738,4,Travel Card,3,Auto Loan
3fff074a-492d-11ea-9178-b88a60e194fb-1-ps,crmid:9333878727,4,Travel Card,6,Personal Loan
3ffff1ac-492d-11ea-a78b-b88a60e194fb-1-ps,crmid:8288804414,3,Travel Card,4,Auto Loan
40010314-492d-11ea-bf0d-b88a60e194fb-1-ps,crmid:7581782900,5,Rewards Card,3,Auto Loan
4001ef7a-492d-11ea-ac96-b88a60e194fb-1-ps,crmid:5277242001,3,Simplicity Card,3,Auto Loan
4002d946-492d-11ea-bc32-b88a60e194fb-1-ps,crmid:5369838547,4,Travel Card,3,Business Loan
4003eaa8-492d-11ea-8391-b88a60e194fb-1-ps,crmid:6145960462,1,Platinum Card,3,Auto Loan
40c7acdc-492d-11ea-8640-b88a60e194fb-1-ps,crmid:6648588675,4,Business Card,4,Student Loan
40c8972e-492d-11ea-adbc-b88a60e194fb-1-ps,crmid:9078928947,4,Platinum Card,4,Student Loan
40c98180-492d-11ea-8e95-b88a60e194fb-1-ps,crmid:3983370889,5,Simplicity Card,2,Business Loan
40ca9382-492d-11ea-aae7-b88a60e194fb-1-ps,crmid:2029703963,4,Travel Card,4,Business Loan
40cb7d58-492d-11ea-84b9-b88a60e194fb-1-ps,crmid:7973839736,4,Simplicity Card,3,Personal Loan
40cc67b0-492d-11ea-bece-b88a60e194fb-1-ps,crmid:9166562845,2,Business Card,5,Business Loan
40cd791e-492d-11ea-8f23-b88a60e194fb-1-ps,crmid:8054639727,5,Platinum Card,6,Auto Loan
40ce637e-492d-11ea-a26f-b88a60e194fb-1-ps,crmid:1315227240,4,Travel Card,4,Personal Loan
40cf74f6-492d-11ea-8494-b88a60e194fb-1-ps,crmid:5085482420,4,Platinum Card,4,Personal Loan
40d060b4-492d-11ea-af52-b88a60e194fb-1-ps,crmid:1366082964,3,Dividend Card,10,Personal Loan
40d170d4-492d-11ea-89c4-b88a60e194fb-1-ps,crmid:7558899399,3,Travel Card,4,Auto Loan
40d2a9c6-492d-11ea-aaaa-b88a60e194fb-1-ps,crmid:7043393388,4,Business Card,5,Personal Loan
40d3babe-492d-11ea-be14-b88a60e194fb-1-ps,crmid:3220991791,4,Dividend Card,4,Personal Loan
41a4286e-492d-11ea-b735-b88a60e194fb-1-ps,crmid:4598563335,3,Student Card,2,Personal Loan
41a539e8-492d-11ea-9156-b88a60e194fb-1-ps,crmid:4605765076,9,Simplicity Card,4,Business Loan
41a6993a-492d-11ea-8708-b88a60e194fb-1-ps,crmid:8190476568,5,Dividend Card,5,Auto Loan
41a7f8c8-492d-11ea-a512-b88a60e194fb-1-ps,crmid:3994674185,6,Business Card,2,Personal Loan
41a90a3a-492d-11ea-933f-b88a60e194fb-1-ps,crmid:1322434690,3,Business Card,1,Business Loan
41aa1bae-492d-11ea-bb60-b88a60e194fb-1-ps,crmid:2437152338,4,Dividend Card,4,Personal Loan
41ab7b9e-492d-11ea-9822-b88a60e194fb-1-ps,crmid:5262830679,3,Business Card,9,Business Loan
41ac65c0-492d-11ea-b42a-b88a60e194fb-1-ps,crmid:6781243033,4,Simplicity Card,3,Auto Loan
41adc55a-492d-11ea-bfd2-b88a60e194fb-1-ps,crmid:3930529984,5,Platinum Card,8,Student Loan
41aed706-492d-11ea-8006-b88a60e194fb-1-ps,crmid:2971304440,4,Dividend Card,5,Auto Loan
41afe834-492d-11ea-aa9b-b88a60e194fb-1-ps,crmid:1370389877,4,Business Card,4,Student Loan
41b0f96e-492d-11ea-86ad-b88a60e194fb-1-ps,crmid:5317970510,4,Platinum Card,5,Student Loan
41b20aec-492d-11ea-974d-b88a60e194fb-1-ps,crmid:1123219625,5,Travel Card,4,Student Loan
4285d3d8-492d-11ea-8c8e-b88a60e194fb-1-ps,crmid:7966187567,3,Platinum Card,5,Business Loan
4286be24-492d-11ea-8532-b88a60e194fb-1-ps,crmid:3943465851,3,Rewards Card,5,Student Loan
4287a882-492d-11ea-885e-b88a60e194fb-1-ps,crmid:4493796191,4,Simplicity Card,5,Business Loan
428892da-492d-11ea-bc76-b88a60e194fb-1-ps,crmid:8857264116,5,Student Card,4,Personal Loan
42897d4c-492d-11ea-b5ed-b88a60e194fb-1-ps,crmid:7549729469,5,Rewards Card,7,Auto Loan
428ab5fa-492d-11ea-83fb-b88a60e194fb-1-ps,crmid:1365315252,5,Platinum Card,5,Personal Loan
428b7a76-492d-11ea-aa52-b88a60e194fb-1-ps,crmid:6962729854,5,Travel Card,4,Business Loan
428c8b38-492d-11ea-9493-b88a60e194fb-1-ps,crmid:3424705077,6,Rewards Card,3,Personal Loan
428d9be4-492d-11ea-b2d4-b88a60e194fb-1-ps,crmid:1693372563,3,Business Card,4,Business Loan
428eadd8-492d-11ea-96a9-b88a60e194fb-1-ps,crmid:5143680102,2,Rewards Card,4,Business Loan
428f97b0-492d-11ea-96d4-b88a60e194fb-1-ps,crmid:1893664296,4,Rewards Card,3,Auto Loan
4290820c-492d-11ea-a618-b88a60e194fb-1-ps,crmid:1786673770,5,Travel Card,3,Auto Loan
4291455c-492d-11ea-b405-b88a60e194fb-1-ps,crmid:3581079103,3,Platinum Card,5,Personal Loan
4361b302-492d-11ea-9ca1-b88a60e194fb-1-ps,crmid:5713227366,4,Simplicity Card,3,Personal Loan
4362eb92-492d-11ea-b2fa-b88a60e194fb-1-ps,crmid:5846987781,3,Simplicity Card,3,Personal Loan
4364721a-492d-11ea-91a4-b88a60e194fb-1-ps,crmid:1243882832,3,Dividend Card,3,Auto Loan
4365aab0-492d-11ea-abf9-b88a60e194fb-1-ps,crmid:2153755303,3,Business Card,5,Personal Loan
4366bc1e-492d-11ea-932c-b88a60e194fb-1-ps,crmid:4641278048,4,Platinum Card,3,Student Loan
4367cddc-492d-11ea-a5a9-b88a60e194fb-1-ps,crmid:1712202950,4,Travel Card,4,Personal Loan
436905fe-492d-11ea-839c-b88a60e194fb-1-ps,crmid:6989411036,3,Business Card,5,Business Loan
436a8c9e-492d-11ea-bb7a-b88a60e194fb-1-ps,crmid:7659649708,2,Student Card,8,Personal Loan
436bc506-492d-11ea-9eb6-b88a60e194fb-1-ps,crmid:1376450910,4,Simplicity Card,6,Personal Loan
436d24ae-492d-11ea-8a54-b88a60e194fb-1-ps,crmid:6514391040,5,Student Card,4,Business Loan
436e8430-492d-11ea-b54e-b88a60e194fb-1-ps,crmid:8476349787,9,Platinum Card,5,Student Loan
436fe3b8-492d-11ea-8012-b88a60e194fb-1-ps,crmid:3939260313,3,Dividend Card,3,Student Loan
43716a52-492d-11ea-bfb0-b88a60e194fb-1-ps,crmid:5254699357,4,Travel Card,3,Personal Loan
43727bb4-492d-11ea-ba7d-b88a60e194fb-1-ps,crmid:3783905622,4,Dividend Card,4,Personal Loan
4441b0ca-492d-11ea-91dc-b88a60e194fb-1-ps,crmid:4640799836,4,Platinum Card,4,Business Loan
4442e97e-492d-11ea-81d7-b88a60e194fb-1-ps,crmid:7291676894,4,Simplicity Card,7,Auto Loan
4443fb00-492d-11ea-a50a-b88a60e194fb-1-ps,crmid:1333980435,4,Rewards Card,4,Student Loan
44453352-492d-11ea-b8ab-b88a60e194fb-1-ps,crmid:7650288444,4,Rewards Card,5,Business Loan
44466bc6-492d-11ea-9a79-b88a60e194fb-1-ps,crmid:5650460072,5,Business Card,8,Personal Loan
4447a44c-492d-11ea-a823-b88a60e194fb-1-ps,crmid:6226644154,4,Platinum Card,4,Personal Loan
44490452-492d-11ea-b0f6-b88a60e194fb-1-ps,crmid:1110223780,4,Simplicity Card,5,Personal Loan
444a3c4c-492d-11ea-9fe3-b88a60e194fb-1-ps,crmid:8484923321,3,Business Card,3,Personal Loan
444b4dc6-492d-11ea-bfac-b88a60e194fb-1-ps,crmid:9354758795,4,Dividend Card,4,Business Loan
444c5f6e-492d-11ea-960f-b88a60e194fb-1-ps,crmid:1370606659,3,Student Card,4,Personal Loan
444d4998-492d-11ea-9bef-b88a60e194fb-1-ps,crmid:7334457562,2,Dividend Card,4,Personal Loan
444ef74a-492d-11ea-99dd-b88a60e194fb-1-ps,crmid:1536551947,2,Dividend Card,6,Auto Loan
44503042-492d-11ea-bbd2-b88a60e194fb-1-ps,crmid:2038090791,4,Travel Card,7,Auto Loan
451db718-492d-11ea-b44f-b88a60e194fb-1-ps,crmid:3447655559,5,Business Card,6,Auto Loan
451eefcc-492d-11ea-8883-b88a60e194fb-1-ps,crmid:6401509443,3,Simplicity Card,5,Student Loan
45200140-492d-11ea-8481-b88a60e194fb-1-ps,crmid:3939260313,2,Platinum Card,5,Auto Loan
4521399e-492d-11ea-9e64-b88a60e194fb-1-ps,crmid:8297886183,5,Business Card,5,Personal Loan
45222406-492d-11ea-ac2c-b88a60e194fb-1-ps,crmid:4250286703,3,Rewards Card,5,Business Loan
45235c88-492d-11ea-8d1e-b88a60e194fb-1-ps,crmid:9966807670,4,Travel Card,3,Auto Loan
45246de8-492d-11ea-89bb-b88a60e194fb-1-ps,crmid:8019003601,9,Student Card,5,Student Loan
45257f54-492d-11ea-b93b-b88a60e194fb-1-ps,crmid:6801082682,5,Travel Card,2,Student Loan
452690c0-492d-11ea-b221-b88a60e194fb-1-ps,crmid:4959533810,5,Travel Card,3,Business Loan
45277b22-492d-11ea-8230-b88a60e194fb-1-ps,crmid:7759099651,4,Platinum Card,5,Student Loan
4528b3a8-492d-11ea-8763-b88a60e194fb-1-ps,crmid:1674453637,4,Business Card,6,Business Loan
452a1338-492d-11ea-9d02-b88a60e194fb-1-ps,crmid:3102184027,4,Simplicity Card,3,Personal Loan
452b2492-492d-11ea-910d-b88a60e194fb-1-ps,crmid:5866222630,4,Student Card,8,Personal Loan
452c0ee4-492d-11ea-84e6-b88a60e194fb-1-ps,crmid:5025215793,4,Business Card,4,Business Loan
4603cf8c-492d-11ea-9743-b88a60e194fb-1-ps,crmid:7706164666,3,Rewards Card,3,Business Loan
4604e164-492d-11ea-ad0d-b88a60e194fb-1-ps,crmid:7774486336,8,Travel Card,5,Personal Loan
46061980-492d-11ea-b2f5-b88a60e194fb-1-ps,crmid:3030641213,2,Simplicity Card,4,Auto Loan
46072ae4-492d-11ea-8ede-b88a60e194fb-1-ps,crmid:1008713562,7,Dividend Card,4,Business Loan
460926a4-492d-11ea-ad95-b88a60e194fb-1-ps,crmid:4363775221,3,Student Card,5,Personal Loan
460afbc6-492d-11ea-9ace-b88a60e194fb-1-ps,crmid:5083602465,3,Student Card,4,Personal Loan
460ca900-492d-11ea-bb92-b88a60e194fb-1-ps,crmid:6601076340,4,Student Card,3,Personal Loan
460e57b8-492d-11ea-9961-b88a60e194fb-1-ps,crmid:1515861183,5,Simplicity Card,4,Auto Loan
460fb652-492d-11ea-9933-b88a60e194fb-1-ps,crmid:8715220929,3,Student Card,3,Personal Loan
4610c7b4-492d-11ea-bc26-b88a60e194fb-1-ps,crmid:5537410555,3,Travel Card,3,Business Loan
4611d926-492d-11ea-8601-b88a60e194fb-1-ps,crmid:3022612857,4,Business Card,4,Personal Loan
4612c3ec-492d-11ea-97ba-b88a60e194fb-1-ps,crmid:8245875708,9,Student Card,4,Business Loan
4613d502-492d-11ea-8f34-b88a60e194fb-1-ps,crmid:5542140809,4,Student Card,4,Auto Loan
46150d68-492d-11ea-8d37-b88a60e194fb-1-ps,crmid:7917075866,3,Rewards Card,3,Business Loan
46e75198-492d-11ea-89c1-b88a60e194fb-1-ps,crmid:5022305360,5,Travel Card,2,Personal Loan
46e862f8-492d-11ea-a483-b88a60e194fb-1-ps,crmid:3362588341,8,Business Card,3,Personal Loan
46e99bfa-492d-11ea-b937-b88a60e194fb-1-ps,crmid:7116299766,6,Business Card,3,Personal Loan
46eaacdc-492d-11ea-b09b-b88a60e194fb-1-ps,crmid:1227170929,6,Platinum Card,4,Student Loan
46ebe66c-492d-11ea-b80d-b88a60e194fb-1-ps,crmid:1122118562,4,Dividend Card,4,Business Loan
46ecf6ac-492d-11ea-8171-b88a60e194fb-1-ps,crmid:7545058132,6,Dividend Card,3,Business Loan
46ede21a-492d-11ea-af6b-b88a60e194fb-1-ps,crmid:5627894745,4,Dividend Card,5,Personal Loan
46eecba4-492d-11ea-826d-b88a60e194fb-1-ps,crmid:4084671484,5,Travel Card,3,Personal Loan
46f003d8-492d-11ea-ac24-b88a60e194fb-1-ps,crmid:8325984454,5,Travel Card,5,Auto Loan
46f0c730-492d-11ea-b87e-b88a60e194fb-1-ps,crmid:3711659595,10,Platinum Card,4,Student Loan
46f1d8a8-492d-11ea-b55a-b88a60e194fb-1-ps,crmid:7829642394,7,Dividend Card,3,Student Loan
46f2c2fa-492d-11ea-8e66-b88a60e194fb-1-ps,crmid:4452807559,4,Travel Card,1,Student Loan
46f4720a-492d-11ea-9b0c-b88a60e194fb-1-ps,crmid:7825159972,4,Simplicity Card,4,Personal Loan
46f5aa88-492d-11ea-b0b8-b88a60e194fb-1-ps,crmid:7801453550,3,Simplicity Card,3,Auto Loan
47c9c498-492d-11ea-a85b-b88a60e194fb-1-ps,crmid:1042378883,4,Student Card,6,Student Loan
47cad602-492d-11ea-aa25-b88a60e194fb-1-ps,crmid:3201429002,4,Simplicity Card,4,Business Loan
47cbe776-492d-11ea-80aa-b88a60e194fb-1-ps,crmid:9212734778,5,Student Card,4,Personal Loan
47ccf8e4-492d-11ea-b9f9-b88a60e194fb-1-ps,crmid:4398727464,3,Dividend Card,5,Student Loan
47ce31a8-492d-11ea-b911-b88a60e194fb-1-ps,crmid:1413709783,4,Business Card,3,Auto Loan
47cf42de-492d-11ea-ab95-b88a60e194fb-1-ps,crmid:2296869820,4,Business Card,4,Personal Loan
47d02d4c-492d-11ea-854f-b88a60e194fb-1-ps,crmid:6804740437,6,Business Card,4,Student Loan
47d13ea6-492d-11ea-86b9-b88a60e194fb-1-ps,crmid:5763548817,2,Rewards Card,3,Personal Loan
47d250ae-492d-11ea-9719-b88a60e194fb-1-ps,crmid:7082628127,6,Simplicity Card,5,Auto Loan
47d33a74-492d-11ea-90e3-b88a60e194fb-1-ps,crmid:9095119843,4,Travel Card,5,Business Loan
47d4c136-492d-11ea-8d89-b88a60e194fb-1-ps,crmid:4808946771,5,Travel Card,5,Student Loan
47d62098-492d-11ea-b56c-b88a60e194fb-1-ps,crmid:3326570277,6,Student Card,3,Personal Loan
47d70ae4-492d-11ea-b18b-b88a60e194fb-1-ps,crmid:2571038039,5,Platinum Card,3,Personal Loan
47d8437a-492d-11ea-9f8d-b88a60e194fb-1-ps,crmid:5482071710,4,Business Card,2,Personal Loan
48bf1ef4-492d-11ea-9089-b88a60e194fb-1-ps,crmid:4962552426,5,Rewards Card,5,Auto Loan
48c00958-492d-11ea-ac80-b88a60e194fb-1-ps,crmid:5920071254,4,Simplicity Card,3,Auto Loan
48c0f3a8-492d-11ea-8c7c-b88a60e194fb-1-ps,crmid:5335699145,4,Dividend Card,3,Personal Loan
48c1de0c-492d-11ea-bee5-b88a60e194fb-1-ps,crmid:6481962207,4,Travel Card,6,Business Loan
48c2efae-492d-11ea-b86c-b88a60e194fb-1-ps,crmid:1248193926,4,Dividend Card,4,Student Loan
48c400ec-492d-11ea-bb7c-b88a60e194fb-1-ps,crmid:2501455477,3,Rewards Card,4,Business Loan
48c51280-492d-11ea-a50f-b88a60e194fb-1-ps,crmid:9212680104,6,Simplicity Card,4,Business Loan
48c5fca6-492d-11ea-9fd3-b88a60e194fb-1-ps,crmid:9018246218,5,Simplicity Card,5,Personal Loan
48c6bffe-492d-11ea-90ac-b88a60e194fb-1-ps,crmid:7012082145,3,Travel Card,3,Auto Loan
48c7d180-492d-11ea-840f-b88a60e194fb-1-ps,crmid:1357174349,3,Dividend Card,3,Student Loan
48c894ca-492d-11ea-9dee-b88a60e194fb-1-ps,crmid:2332108662,4,Business Card,9,Auto Loan
48c9cd4a-492d-11ea-aa8b-b88a60e194fb-1-ps,crmid:6118209909,4,Simplicity Card,6,Student Loan
48cade9c-492d-11ea-85cb-b88a60e194fb-1-ps,crmid:8725372969,5,Rewards Card,4,Auto Loan
48cba1f4-492d-11ea-addf-b88a60e194fb-1-ps,crmid:8563748850,5,Dividend Card,4,Business Loan
49a04300-492d-11ea-93a9-b88a60e194fb-1-ps,crmid:5326459235,4,Student Card,4,Auto Loan
49a1a278-492d-11ea-b8bb-b88a60e194fb-1-ps,crmid:5701236554,3,Business Card,5,Auto Loan
49a3294c-492d-11ea-bc61-b88a60e194fb-1-ps,crmid:3510616911,4,Dividend Card,5,Auto Loan
49a43bda-492d-11ea-a8d2-b88a60e194fb-1-ps,crmid:4219800921,4,Simplicity Card,7,Personal Loan
49a5e830-492d-11ea-8039-b88a60e194fb-1-ps,crmid:1432556637,5,Dividend Card,3,Personal Loan
49a720e4-492d-11ea-97f2-b88a60e194fb-1-ps,crmid:7328404781,3,Student Card,3,Auto Loan
49a80b00-492d-11ea-93ee-b88a60e194fb-1-ps,crmid:9234852604,4,Dividend Card,4,Personal Loan
49a91c64-492d-11ea-b1d7-b88a60e194fb-1-ps,crmid:6365138190,5,Simplicity Card,4,Student Loan
49aaf140-492d-11ea-adf2-b88a60e194fb-1-ps,crmid:6016955189,3,Rewards Card,3,Personal Loan
49acc61a-492d-11ea-b2c0-b88a60e194fb-1-ps,crmid:5569861377,8,Travel Card,4,Auto Loan
49ae2580-492d-11ea-b1da-b88a60e194fb-1-ps,crmid:3894583810,4,Travel Card,3,Personal Loan
49af851a-492d-11ea-9125-b88a60e194fb-1-ps,crmid:3063082658,4,Dividend Card,3,Personal Loan
49b09676-492d-11ea-a390-b88a60e194fb-1-ps,crmid:7288109580,2,Travel Card,5,Business Loan
4a8527e2-492d-11ea-986c-b88a60e194fb-1-ps,crmid:8842460022,6,Business Card,3,Personal Loan
4a863954-492d-11ea-ac0a-b88a60e194fb-1-ps,crmid:9450178854,3,Simplicity Card,9,Personal Loan
4a87238a-492d-11ea-868b-b88a60e194fb-1-ps,crmid:2746025518,3,Simplicity Card,8,Personal Loan
4a885d66-492d-11ea-a467-b88a60e194fb-1-ps,crmid:6856219374,3,Simplicity Card,4,Personal Loan
4a8920cc-492d-11ea-b1dc-b88a60e194fb-1-ps,crmid:1065005134,5,Student Card,4,Business Loan
4a8a30e2-492d-11ea-8a47-b88a60e194fb-1-ps,crmid:3303871658,5,Travel Card,3,Personal Loan
4a8be064-492d-11ea-bb4c-b88a60e194fb-1-ps,crmid:2236572660,6,Travel Card,4,Business Loan
4a8d673e-492d-11ea-a495-b88a60e194fb-1-ps,crmid:2718244632,3,Travel Card,8,Personal Loan
4a8e508c-492d-11ea-b511-b88a60e194fb-1-ps,crmid:9796236498,5,Platinum Card,4,Business Loan
4a8f6102-492d-11ea-8c6e-b88a60e194fb-1-ps,crmid:1223560975,4,Rewards Card,6,Business Loan
4a9136d2-492d-11ea-a0c1-b88a60e194fb-1-ps,crmid:6407713930,6,Student Card,3,Auto Loan
4a92201a-492d-11ea-aa49-b88a60e194fb-1-ps,crmid:5966077307,8,Student Card,3,Business Loan
4a930b7a-492d-11ea-ab2f-b88a60e194fb-1-ps,crmid:9437395141,4,Dividend Card,5,Auto Loan
4a9442fe-492d-11ea-a7f4-b88a60e194fb-1-ps,crmid:1945134971,3,Dividend Card,5,Personal Loan
4b75a03e-492d-11ea-b28f-b88a60e194fb-1-ps,crmid:7963279725,5,Student Card,3,Student Loan
4b76b1ba-492d-11ea-909c-b88a60e194fb-1-ps,crmid:9725760357,5,Business Card,5,Auto Loan
4b779c06-492d-11ea-9072-b88a60e194fb-1-ps,crmid:9067540738,3,Rewards Card,3,Personal Loan
4b78d47a-492d-11ea-96d8-b88a60e194fb-1-ps,crmid:2265963340,7,Simplicity Card,0,Personal Loan
4b7a0cf6-492d-11ea-85f6-b88a60e194fb-1-ps,crmid:2518448007,5,Simplicity Card,4,Personal Loan
4b7ad042-492d-11ea-be58-b88a60e194fb-1-ps,crmid:6574551387,5,Dividend Card,5,Personal Loan
4b7be1ba-492d-11ea-ad0c-b88a60e194fb-1-ps,crmid:7243765616,2,Business Card,6,Student Loan
4b7d1a42-492d-11ea-912e-b88a60e194fb-1-ps,crmid:4028262517,4,Simplicity Card,4,Personal Loan
4b7e2c28-492d-11ea-ad66-b88a60e194fb-1-ps,crmid:9419327525,3,Rewards Card,4,Personal Loan
4b7f64d2-492d-11ea-9f2b-b88a60e194fb-1-ps,crmid:9217547980,3,Business Card,5,Personal Loan
4b80c3c0-492d-11ea-8137-b88a60e194fb-1-ps,crmid:1211189690,4,Simplicity Card,3,Personal Loan
4b81fc54-492d-11ea-ace1-b88a60e194fb-1-ps,crmid:8351527309,5,Travel Card,6,Business Loan
4b83aa08-492d-11ea-b4b1-b88a60e194fb-1-ps,crmid:9970443220,3,Simplicity Card,3,Personal Loan
4b850986-492d-11ea-a50d-b88a60e194fb-1-ps,crmid:5396917413,3,Business Card,4,Student Loan
4c679f50-492d-11ea-a80d-b88a60e194fb-1-ps,crmid:6211626557,5,Travel Card,10,Personal Loan
4c68b0be-492d-11ea-ba87-b88a60e194fb-1-ps,crmid:7493622630,2,Business Card,6,Business Loan
4c699b1e-492d-11ea-9c2a-b88a60e194fb-1-ps,crmid:3833930451,5,Rewards Card,4,Student Loan
4c6a8574-492d-11ea-bae4-b88a60e194fb-1-ps,crmid:1871168791,5,Student Card,4,Student Loan
4c6b6fcc-492d-11ea-ac82-b88a60e194fb-1-ps,crmid:5668881916,8,Rewards Card,4,Personal Loan
4c6ca88c-492d-11ea-a75f-b88a60e194fb-1-ps,crmid:9530650870,4,Student Card,5,Business Loan
4c6d92a8-492d-11ea-9f94-b88a60e194fb-1-ps,crmid:1243602566,3,Rewards Card,4,Auto Loan
4c6ecb5a-492d-11ea-8e1b-b88a60e194fb-1-ps,crmid:4025700643,4,Rewards Card,7,Personal Loan
4c6fdcc8-492d-11ea-a7c7-b88a60e194fb-1-ps,crmid:7196170585,5,Travel Card,4,Business Loan
4c70ee02-492d-11ea-87cc-b88a60e194fb-1-ps,crmid:8903085224,4,Rewards Card,6,Personal Loan
4c72275c-492d-11ea-bcf2-b88a60e194fb-1-ps,crmid:5099918746,3,Rewards Card,3,Auto Loan
4c738618-492d-11ea-bed3-b88a60e194fb-1-ps,crmid:3638981668,3,Simplicity Card,3,Auto Loan
4c74be86-492d-11ea-ad0a-b88a60e194fb-1-ps,crmid:7574285273,3,Dividend Card,3,Auto Loan
4c75a8de-492d-11ea-9989-b88a60e194fb-1-ps,crmid:1107260575,8,Business Card,3,Business Loan
4d4ca6c0-492d-11ea-aa9a-b88a60e194fb-1-ps,crmid:9800949955,5,Travel Card,5,Personal Loan
4d4ddee6-492d-11ea-a299-b88a60e194fb-1-ps,crmid:4588937518,6,Platinum Card,4,Student Loan
4d4ef240-492d-11ea-9df1-b88a60e194fb-1-ps,crmid:2653775514,4,Simplicity Card,4,Personal Loan
4d5002a6-492d-11ea-919f-b88a60e194fb-1-ps,crmid:4933184888,3,Rewards Card,3,Auto Loan
4d5112e2-492d-11ea-aa11-b88a60e194fb-1-ps,crmid:1236903521,8,Rewards Card,3,Business Loan
4d5225c0-492d-11ea-9132-b88a60e194fb-1-ps,crmid:7689495222,5,Rewards Card,7,Personal Loan
4d530ffa-492d-11ea-b561-b88a60e194fb-1-ps,crmid:2653775514,4,Platinum Card,4,Personal Loan
4d53f934-492d-11ea-b59d-b88a60e194fb-1-ps,crmid:6393910339,5,Rewards Card,5,Business Loan
4d54e3be-492d-11ea-b85b-b88a60e194fb-1-ps,crmid:4236441215,3,Travel Card,10,Business Loan
4d561bee-492d-11ea-b6dd-b88a60e194fb-1-ps,crmid:3946467512,3,Simplicity Card,3,Personal Loan
4d57064a-492d-11ea-8aa0-b88a60e194fb-1-ps,crmid:7715414757,4,Dividend Card,4,Auto Loan
4d57f0ac-492d-11ea-bae8-b88a60e194fb-1-ps,crmid:1935454466,3,Rewards Card,5,Personal Loan
4d592a9a-492d-11ea-99e5-b88a60e194fb-1-ps,crmid:9780200382,4,Student Card,5,Personal Loan
4d5a1394-492d-11ea-8b40-b88a60e194fb-1-ps,crmid:2908555917,4,Dividend Card,3,Student Loan
4e2be0d0-492d-11ea-9e60-b88a60e194fb-1-ps,crmid:1281750146,4,Simplicity Card,5,Personal Loan
4e2cf234-492d-11ea-a48b-b88a60e194fb-1-ps,crmid:8194465464,5,Platinum Card,3,Student Loan
4e2e2ac6-492d-11ea-8d10-b88a60e194fb-1-ps,crmid:9537269430,5,Simplicity Card,4,Student Loan
4e2f8a38-492d-11ea-b034-b88a60e194fb-1-ps,crmid:1248193926,5,Dividend Card,6,Business Loan
4e3141a6-492d-11ea-a2d4-b88a60e194fb-1-ps,crmid:6614320608,9,Platinum Card,4,Business Loan
4e3249ae-492d-11ea-bf83-b88a60e194fb-1-ps,crmid:1857079523,5,Travel Card,5,Student Loan
4e335ae6-492d-11ea-9012-b88a60e194fb-1-ps,crmid:7018721450,3,Rewards Card,2,Personal Loan
4e346c64-492d-11ea-903b-b88a60e194fb-1-ps,crmid:8815777891,4,Dividend Card,5,Personal Loan
4e3556a8-492d-11ea-b6cf-b88a60e194fb-1-ps,crmid:2409991102,7,Business Card,5,Auto Loan
4e3779d2-492d-11ea-b058-b88a60e194fb-1-ps,crmid:6694191920,5,Rewards Card,6,Auto Loan
4e39003e-492d-11ea-b7a0-b88a60e194fb-1-ps,crmid:6249594588,4,Simplicity Card,1,Auto Loan
4e3a86b0-492d-11ea-b837-b88a60e194fb-1-ps,crmid:8281541181,4,Simplicity Card,4,Auto Loan
4e3be65c-492d-11ea-a271-b88a60e194fb-1-ps,crmid:3866871144,4,Business Card,3,Personal Loan
4e3d1f7a-492d-11ea-9e08-b88a60e194fb-1-ps,crmid:8461349275,3,Platinum Card,4,Auto Loan
4f2002ae-492d-11ea-8997-b88a60e194fb-1-ps,crmid:6914332999,2,Platinum Card,5,Business Loan
4f21140a-492d-11ea-b418-b88a60e194fb-1-ps,crmid:9470198967,5,Travel Card,4,Auto Loan
4f233706-492d-11ea-99b4-b88a60e194fb-1-ps,crmid:3343973343,5,Simplicity Card,5,Personal Loan
4f2449da-492d-11ea-bd7b-b88a60e194fb-1-ps,crmid:5153019041,3,Travel Card,3,Auto Loan
4f25329e-492d-11ea-888a-b88a60e194fb-1-ps,crmid:8129238518,3,Simplicity Card,4,Business Loan
4f26441e-492d-11ea-b0af-b88a60e194fb-1-ps,crmid:8745402400,4,Rewards Card,5,Student Loan
4f2755b4-492d-11ea-b6ec-b88a60e194fb-1-ps,crmid:7174784688,3,Simplicity Card,4,Auto Loan
4f284014-492d-11ea-8f83-b88a60e194fb-1-ps,crmid:9462730366,3,Travel Card,3,Business Loan
4f2952d4-492d-11ea-b78c-b88a60e194fb-1-ps,crmid:4133214104,4,Platinum Card,4,Personal Loan
4f2a62e4-492d-11ea-99a3-b88a60e194fb-1-ps,crmid:2537017872,4,Rewards Card,5,Personal Loan
4f2b7454-492d-11ea-b3b0-b88a60e194fb-1-ps,crmid:7030378315,4,Rewards Card,8,Student Loan
4f2c5f1a-492d-11ea-975d-b88a60e194fb-1-ps,crmid:3083042933,5,Dividend Card,2,Auto Loan
4f2d4924-492d-11ea-98f6-b88a60e194fb-1-ps,crmid:6466910996,4,Platinum Card,4,Personal Loan
4f2e3348-492d-11ea-a632-b88a60e194fb-1-ps,crmid:4840734763,4,Rewards Card,4,Personal Loan
4ff74f76-492d-11ea-93d1-b88a60e194fb-1-ps,crmid:8115532219,4,Dividend Card,8,Personal Loan
4ff8d49c-492d-11ea-9c67-b88a60e194fb-1-ps,crmid:2938997440,4,Simplicity Card,5,Student Loan
4ff9c024-492d-11ea-bd28-b88a60e194fb-1-ps,crmid:3909491969,4,Platinum Card,3,Auto Loan
4ffa8292-492d-11ea-babb-b88a60e194fb-1-ps,crmid:6110270829,5,Simplicity Card,5,Student Loan
4ffbbc46-492d-11ea-be06-b88a60e194fb-1-ps,crmid:7106169470,3,Platinum Card,7,Business Loan
4ffccc54-492d-11ea-93ee-b88a60e194fb-1-ps,crmid:7877881324,5,Simplicity Card,5,Personal Loan
4ffd90de-492d-11ea-968f-b88a60e194fb-1-ps,crmid:4208383060,3,Platinum Card,3,Auto Loan
4ffe7b3e-492d-11ea-afff-b88a60e194fb-1-ps,crmid:7007408742,5,Travel Card,5,Student Loan
4fff659a-492d-11ea-ab33-b88a60e194fb-1-ps,crmid:5481305058,4,Business Card,6,Business Loan
50009e30-492d-11ea-92c8-b88a60e194fb-1-ps,crmid:5033864897,4,Student Card,3,Personal Loan
50018748-492d-11ea-8bcd-b88a60e194fb-1-ps,crmid:5001086801,4,Student Card,4,Auto Loan
500271ba-492d-11ea-a04d-b88a60e194fb-1-ps,crmid:7085898231,5,Travel Card,3,Personal Loan
5003ab2e-492d-11ea-8f45-b88a60e194fb-1-ps,crmid:7986492896,3,Dividend Card,4,Personal Loan
50d68874-492d-11ea-afbd-b88a60e194fb-1-ps,crmid:7861860896,4,Student Card,10,Business Loan
50d79a4a-492d-11ea-a77b-b88a60e194fb-1-ps,crmid:3665369777,5,Platinum Card,2,Personal Loan
50d8f980-492d-11ea-828d-b88a60e194fb-1-ps,crmid:1886227231,3,Student Card,4,Business Loan
50da3210-492d-11ea-9288-b88a60e194fb-1-ps,crmid:8094673889,5,Platinum Card,4,Personal Loan
50db9188-492d-11ea-8d50-b88a60e194fb-1-ps,crmid:7328133403,3,Business Card,5,Auto Loan
50dd1840-492d-11ea-bda7-b88a60e194fb-1-ps,crmid:3016517611,5,Dividend Card,4,Personal Loan
50de50b4-492d-11ea-9e39-b88a60e194fb-1-ps,crmid:4026540674,4,Dividend Card,8,Business Loan
50dfd7ca-492d-11ea-a16f-b88a60e194fb-1-ps,crmid:3873203642,4,Dividend Card,4,Business Loan
50e10fc6-492d-11ea-8475-b88a60e194fb-1-ps,crmid:7610273228,4,Dividend Card,4,Personal Loan
50e24858-492d-11ea-aec9-b88a60e194fb-1-ps,crmid:8112018270,5,Dividend Card,3,Auto Loan
50e380c8-492d-11ea-b9d2-b88a60e194fb-1-ps,crmid:1178420135,4,Student Card,7,Personal Loan
50e52ed2-492d-11ea-b78c-b88a60e194fb-1-ps,crmid:6554959489,6,Business Card,7,Student Loan
50e68e08-492d-11ea-8415-b88a60e194fb-1-ps,crmid:2387221230,3,Platinum Card,4,Business Loan
50e7ed88-492d-11ea-b511-b88a60e194fb-1-ps,crmid:8315427197,6,Rewards Card,5,Auto Loan
51b4157a-492d-11ea-856f-b88a60e194fb-1-ps,crmid:2423322268,2,Dividend Card,3,Personal Loan
51b52846-492d-11ea-b48a-b88a60e194fb-1-ps,crmid:8082936987,4,Business Card,3,Personal Loan
51b63876-492d-11ea-92ea-b88a60e194fb-1-ps,crmid:5865354734,2,Platinum Card,5,Personal Loan
51b723de-492d-11ea-b00b-b88a60e194fb-1-ps,crmid:3175850022,4,Simplicity Card,3,Personal Loan
51b80e0c-492d-11ea-8160-b88a60e194fb-1-ps,crmid:9631433712,4,Rewards Card,4,Business Loan
51b91e92-492d-11ea-b993-b88a60e194fb-1-ps,crmid:1315308866,3,Student Card,4,Personal Loan
51ba08d2-492d-11ea-a8e3-b88a60e194fb-1-ps,crmid:3676335594,6,Dividend Card,4,Personal Loan
51bb4164-492d-11ea-a906-b88a60e194fb-1-ps,crmid:4102772793,3,Student Card,7,Student Loan
51bc2d12-492d-11ea-a9a7-b88a60e194fb-1-ps,crmid:1850600675,2,Business Card,5,Auto Loan
51bd3d14-492d-11ea-a159-b88a60e194fb-1-ps,crmid:5378537714,8,Business Card,3,Personal Loan
51be2768-492d-11ea-8510-b88a60e194fb-1-ps,crmid:2702455756,9,Simplicity Card,6,Business Loan
51bf11ba-492d-11ea-935c-b88a60e194fb-1-ps,crmid:2643445397,5,Simplicity Card,7,Personal Loan
51bffc70-492d-11ea-8696-b88a60e194fb-1-ps,crmid:7004607691,4,Dividend Card,2,Personal Loan
51c10ed8-492d-11ea-a32b-b88a60e194fb-1-ps,crmid:9432201808,4,Travel Card,3,Personal Loan
52980acc-492d-11ea-bd73-b88a60e194fb-1-ps,crmid:4751898632,4,Business Card,4,Student Loan
52999186-492d-11ea-b20a-b88a60e194fb-1-ps,crmid:5493389949,3,Rewards Card,4,Personal Loan
529b181e-492d-11ea-8613-b88a60e194fb-1-ps,crmid:5840943370,4,Dividend Card,4,Auto Loan
529cc5e2-492d-11ea-914b-b88a60e194fb-1-ps,crmid:3913455431,4,Business Card,5,Student Loan
529f0fae-492d-11ea-9072-b88a60e194fb-1-ps,crmid:4764767344,4,Dividend Card,4,Student Loan
52a21ce8-492d-11ea-a4da-b88a60e194fb-1-ps,crmid:6030711562,4,Dividend Card,10,Personal Loan
52a3074c-492d-11ea-be42-b88a60e194fb-1-ps,crmid:5749424459,4,Platinum Card,3,Student Loan
52a466e4-492d-11ea-a4cb-b88a60e194fb-1-ps,crmid:4598563335,3,Rewards Card,5,Student Loan
52a59f64-492d-11ea-b082-b88a60e194fb-1-ps,crmid:3119656682,2,Dividend Card,5,Auto Loan
52a6b162-492d-11ea-80d8-b88a60e194fb-1-ps,crmid:5133234816,5,Simplicity Card,5,Personal Loan
52a79bbe-492d-11ea-94e5-b88a60e194fb-1-ps,crmid:9974646446,5,Platinum Card,3,Student Loan
52a8acb4-492d-11ea-a350-b88a60e194fb-1-ps,crmid:2873366075,5,Dividend Card,5,Student Loan
52a9be34-492d-11ea-a0b0-b88a60e194fb-1-ps,crmid:2335302947,2,Simplicity Card,3,Student Loan
52aaf686-492d-11ea-809c-b88a60e194fb-1-ps,crmid:6278302478,5,Simplicity Card,3,Student Loan
5386fcfa-492d-11ea-bb0c-b88a60e194fb-1-ps,crmid:3623942275,6,Platinum Card,3,Student Loan
53883552-492d-11ea-8498-b88a60e194fb-1-ps,crmid:2160866469,5,Student Card,4,Auto Loan
53899548-492d-11ea-a0f2-b88a60e194fb-1-ps,crmid:7036628728,5,Simplicity Card,4,Personal Loan
538af480-492d-11ea-836a-b88a60e194fb-1-ps,crmid:8470070904,4,Platinum Card,4,Student Loan
538c5446-492d-11ea-af98-b88a60e194fb-1-ps,crmid:1439106277,2,Dividend Card,4,Personal Loan
538e0198-492d-11ea-9f7a-b88a60e194fb-1-ps,crmid:6847145682,4,Rewards Card,5,Personal Loan
538f130a-492d-11ea-acdf-b88a60e194fb-1-ps,crmid:2709543034,4,Travel Card,5,Student Loan
53904b88-492d-11ea-b9b0-b88a60e194fb-1-ps,crmid:5899134696,5,Platinum Card,3,Business Loan
53915cf6-492d-11ea-ab15-b88a60e194fb-1-ps,crmid:8631357492,3,Simplicity Card,4,Business Loan
53924754-492d-11ea-8f06-b88a60e194fb-1-ps,crmid:6640086344,4,Student Card,5,Personal Loan
539358c6-492d-11ea-b956-b88a60e194fb-1-ps,crmid:4156723389,4,Student Card,4,Personal Loan
53941c10-492d-11ea-9769-b88a60e194fb-1-ps,crmid:2159649722,5,Dividend Card,3,Business Loan
53952d5c-492d-11ea-9621-b88a60e194fb-1-ps,crmid:9918984198,4,Student Card,6,Auto Loan
539617d2-492d-11ea-bb02-b88a60e194fb-1-ps,crmid:1742617244,6,Simplicity Card,3,Personal Loan
546af21e-492d-11ea-97ff-b88a60e194fb-1-ps,crmid:3212967611,3,Dividend Card,5,Auto Loan
546bdc78-492d-11ea-900b-b88a60e194fb-1-ps,crmid:1400774589,5,Business Card,5,Student Loan
546cc6da-492d-11ea-ab5e-b88a60e194fb-1-ps,crmid:6088596877,4,Simplicity Card,4,Business Loan
546db13a-492d-11ea-b1cc-b88a60e194fb-1-ps,crmid:3206137322,3,Dividend Card,4,Auto Loan
546e9cc6-492d-11ea-975d-b88a60e194fb-1-ps,crmid:8517816520,4,Simplicity Card,9,Business Loan
546fd40c-492d-11ea-9f1b-b88a60e194fb-1-ps,crmid:6304122379,4,Business Card,4,Personal Loan
5470be78-492d-11ea-b873-b88a60e194fb-1-ps,crmid:2170435811,3,Rewards Card,3,Auto Loan
5471a8d4-492d-11ea-9294-b88a60e194fb-1-ps,crmid:3144416972,5,Dividend Card,5,Student Loan
54726c1e-492d-11ea-a496-b88a60e194fb-1-ps,crmid:5752350985,5,Rewards Card,4,Personal Loan
54737d8a-492d-11ea-93d5-b88a60e194fb-1-ps,crmid:2743313239,4,Student Card,3,Business Loan
54748f00-492d-11ea-863f-b88a60e194fb-1-ps,crmid:5742380661,3,Simplicity Card,8,Student Loan
54757952-492d-11ea-8319-b88a60e194fb-1-ps,crmid:3020624512,3,Platinum Card,2,Personal Loan
54768ac8-492d-11ea-ab66-b88a60e194fb-1-ps,crmid:3478681268,3,Travel Card,7,Student Loan
54774e12-492d-11ea-b743-b88a60e194fb-1-ps,crmid:6911488460,4,Rewards Card,3,Personal Loan
5545e6f4-492d-11ea-a1c2-b88a60e194fb-1-ps,crmid:2836012721,4,Travel Card,10,Personal Loan
5546f874-492d-11ea-9d3b-b88a60e194fb-1-ps,crmid:9738730603,3,Platinum Card,4,Business Loan
5547e2ca-492d-11ea-a12d-b88a60e194fb-1-ps,crmid:9224241257,4,Dividend Card,3,Auto Loan
55491b52-492d-11ea-a0b1-b88a60e194fb-1-ps,crmid:9073447977,5,Business Card,5,Business Loan
554a7ad0-492d-11ea-842f-b88a60e194fb-1-ps,crmid:4798859595,4,Dividend Card,4,Personal Loan
554b8c3a-492d-11ea-9236-b88a60e194fb-1-ps,crmid:8174631085,4,Simplicity Card,5,Auto Loan
554cebc6-492d-11ea-97b5-b88a60e194fb-1-ps,crmid:7411380451,9,Platinum Card,5,Personal Loan
554e2438-492d-11ea-9e65-b88a60e194fb-1-ps,crmid:7068007048,3,Rewards Card,4,Business Loan
554f5cd8-492d-11ea-8634-b88a60e194fb-1-ps,crmid:3150334973,6,Travel Card,4,Student Loan
55509568-492d-11ea-8a7a-b88a60e194fb-1-ps,crmid:1742103005,4,Simplicity Card,3,Personal Loan
55517fae-492d-11ea-b900-b88a60e194fb-1-ps,crmid:3019345726,10,Business Card,4,Student Loan
5552b852-492d-11ea-b54d-b88a60e194fb-1-ps,crmid:7877888180,7,Platinum Card,4,Personal Loan
5553a3c8-492d-11ea-b799-b88a60e194fb-1-ps,crmid:8228113636,4,Platinum Card,4,Student Loan
55546730-492d-11ea-af64-b88a60e194fb-1-ps,crmid:2735823932,5,Dividend Card,5,Student Loan
562d37cc-492d-11ea-b8d6-b88a60e194fb-1-ps,crmid:3937444828,5,Dividend Card,4,Personal Loan
562f33f4-492d-11ea-b50a-b88a60e194fb-1-ps,crmid:5257015829,4,Rewards Card,5,Auto Loan
56312f92-492d-11ea-836f-b88a60e194fb-1-ps,crmid:6048695669,3,Travel Card,5,Business Loan
5632b612-492d-11ea-93ee-b88a60e194fb-1-ps,crmid:7951225953,5,Rewards Card,5,Student Loan
5634158a-492d-11ea-b908-b88a60e194fb-1-ps,crmid:7101476994,6,Dividend Card,3,Personal Loan
56354e0a-492d-11ea-a675-b88a60e194fb-1-ps,crmid:8827473089,4,Student Card,4,Personal Loan
5636866e-492d-11ea-9ad1-b88a60e194fb-1-ps,crmid:5033070295,3,Student Card,8,Auto Loan
5637bf0c-492d-11ea-8e87-b88a60e194fb-1-ps,crmid:6263286243,3,Simplicity Card,5,Student Loan
56391e92-492d-11ea-886d-b88a60e194fb-1-ps,crmid:2920373813,3,Dividend Card,6,Business Loan
563a573e-492d-11ea-96ac-b88a60e194fb-1-ps,crmid:8504327878,4,Simplicity Card,4,Student Loan
563bb6c8-492d-11ea-ba1f-b88a60e194fb-1-ps,crmid:9389765359,4,Platinum Card,5,Personal Loan
563d1664-492d-11ea-af94-b88a60e194fb-1-ps,crmid:6242542671,4,Business Card,4,Personal Loan
563e75de-492d-11ea-b5de-b88a60e194fb-1-ps,crmid:6839445862,2,Platinum Card,4,Personal Loan
563fae64-492d-11ea-8584-b88a60e194fb-1-ps,crmid:3682705363,3,Business Card,4,Personal Loan
571637c8-492d-11ea-88f9-b88a60e194fb-1-ps,crmid:9556566106,3,Platinum Card,4,Student Loan
5717498c-492d-11ea-86a5-b88a60e194fb-1-ps,crmid:3489748899,4,Simplicity Card,5,Business Loan
5718593e-492d-11ea-9a3d-b88a60e194fb-1-ps,crmid:2389552164,4,Dividend Card,3,Business Loan
571943a8-492d-11ea-b64d-b88a60e194fb-1-ps,crmid:7999116449,5,Dividend Card,4,Personal Loan
571a06f6-492d-11ea-8178-b88a60e194fb-1-ps,crmid:8735454661,5,Rewards Card,4,Personal Loan
571b3f5c-492d-11ea-9716-b88a60e194fb-1-ps,crmid:2692844049,5,Simplicity Card,5,Business Loan
571c29ba-492d-11ea-a523-b88a60e194fb-1-ps,crmid:7956337330,4,Platinum Card,4,Personal Loan
571d3b2c-492d-11ea-8305-b88a60e194fb-1-ps,crmid:9019887602,8,Business Card,3,Student Loan
571e4d8a-492d-11ea-89de-b88a60e194fb-1-ps,crmid:7640909879,3,Platinum Card,3,Personal Loan
571f5f06-492d-11ea-818f-b88a60e194fb-1-ps,crmid:1353439163,3,Rewards Card,4,Personal Loan
57207062-492d-11ea-99ed-b88a60e194fb-1-ps,crmid:1429416198,6,Travel Card,3,Business Loan
57215a68-492d-11ea-b0cc-b88a60e194fb-1-ps,crmid:2891485623,5,Business Card,7,Personal Loan
572292f6-492d-11ea-a839-b88a60e194fb-1-ps,crmid:7831135083,3,Platinum Card,5,Auto Loan
57237cb8-492d-11ea-9847-b88a60e194fb-1-ps,crmid:2814308223,4,Dividend Card,1,Personal Loan
57fd6162-492d-11ea-9e9c-b88a60e194fb-1-ps,crmid:6229596231,4,Rewards Card,5,Auto Loan
57fe4bc2-492d-11ea-83cc-b88a60e194fb-1-ps,crmid:9038983002,4,Business Card,4,Student Loan
57ff5c7e-492d-11ea-a575-b88a60e194fb-1-ps,crmid:4717254107,4,Travel Card,3,Business Loan
5800bb68-492d-11ea-ab0f-b88a60e194fb-1-ps,crmid:6374215488,3,Platinum Card,5,Auto Loan
58018174-492d-11ea-a37a-b88a60e194fb-1-ps,crmid:4083629564,6,Platinum Card,3,Student Loan
5802b746-492d-11ea-b0e9-b88a60e194fb-1-ps,crmid:8160268877,3,Student Card,3,Auto Loan
5803efde-492d-11ea-9771-b88a60e194fb-1-ps,crmid:3136015841,4,Business Card,4,Auto Loan
5804db66-492d-11ea-a833-b88a60e194fb-1-ps,crmid:6586687296,6,Rewards Card,5,Student Loan
5805c5b4-492d-11ea-9db1-b88a60e194fb-1-ps,crmid:3676268394,4,Student Card,3,Personal Loan
5808398a-492d-11ea-a364-b88a60e194fb-1-ps,crmid:4300549245,3,Simplicity Card,3,Personal Loan
580947dc-492d-11ea-98ff-b88a60e194fb-1-ps,crmid:2035461982,3,Dividend Card,4,Student Loan
580a312e-492d-11ea-b37b-b88a60e194fb-1-ps,crmid:8802203692,6,Simplicity Card,5,Personal Loan
580b43ec-492d-11ea-a431-b88a60e194fb-1-ps,crmid:8820911401,4,Business Card,3,Personal Loan
580c2e70-492d-11ea-8061-b88a60e194fb-1-ps,crmid:7515222776,4,Simplicity Card,7,Auto Loan
58e65e6c-492d-11ea-9f16-b88a60e194fb-1-ps,crmid:9512068654,5,Simplicity Card,4,Business Loan
58e77012-492d-11ea-849f-b88a60e194fb-1-ps,crmid:4759533634,5,Travel Card,5,Student Loan
58e8a91c-492d-11ea-a4ce-b88a60e194fb-1-ps,crmid:9943662801,5,Simplicity Card,5,Student Loan
58ea07fa-492d-11ea-8b0b-b88a60e194fb-1-ps,crmid:9856331262,5,Rewards Card,5,Personal Loan
58eb198a-492d-11ea-8fe3-b88a60e194fb-1-ps,crmid:1658943477,3,Simplicity Card,3,Auto Loan
58ec2b42-492d-11ea-ac03-b88a60e194fb-1-ps,crmid:3235669229,6,Simplicity Card,3,Business Loan
58ed3c46-492d-11ea-b00e-b88a60e194fb-1-ps,crmid:1108859838,3,Rewards Card,4,Personal Loan
58ee7564-492d-11ea-8aba-b88a60e194fb-1-ps,crmid:4748285422,4,Travel Card,3,Auto Loan
58efadac-492d-11ea-993f-b88a60e194fb-1-ps,crmid:7102876845,6,Business Card,4,Student Loan
58f0e624-492d-11ea-8115-b88a60e194fb-1-ps,crmid:3083060842,3,Simplicity Card,5,Student Loan
58f21eb4-492d-11ea-bde2-b88a60e194fb-1-ps,crmid:8790364855,4,Student Card,4,Student Loan
58f3568c-492d-11ea-bbf7-b88a60e194fb-1-ps,crmid:1388481381,5,Rewards Card,2,Business Loan
58f4693e-492d-11ea-9076-b88a60e194fb-1-ps,crmid:7215346882,5,Rewards Card,4,Personal Loan
58f5a0ba-492d-11ea-b649-b88a60e194fb-1-ps,crmid:8199064034,6,Dividend Card,3,Student Loan
59d04740-492d-11ea-a31a-b88a60e194fb-1-ps,crmid:8314703019,4,Business Card,5,Auto Loan
59d158ba-492d-11ea-ba85-b88a60e194fb-1-ps,crmid:3011919728,8,Student Card,3,Business Loan
59d26a52-492d-11ea-bcbd-b88a60e194fb-1-ps,crmid:4635453793,4,Dividend Card,5,Personal Loan
59d37b94-492d-11ea-9ca2-b88a60e194fb-1-ps,crmid:4334023369,5,Travel Card,4,Personal Loan
59d46754-492d-11ea-b129-b88a60e194fb-1-ps,crmid:8373660138,3,Simplicity Card,3,Business Loan
59d57780-492d-11ea-9e5f-b88a60e194fb-1-ps,crmid:3303871658,3,Rewards Card,3,Auto Loan
59d661cc-492d-11ea-80da-b88a60e194fb-1-ps,crmid:2035461982,3,Simplicity Card,4,Personal Loan
59d7731c-492d-11ea-a565-b88a60e194fb-1-ps,crmid:4344984636,4,Dividend Card,4,Personal Loan
59d8ab9c-492d-11ea-b5c1-b88a60e194fb-1-ps,crmid:2692317484,4,Platinum Card,4,Auto Loan
59da0b4a-492d-11ea-8e5a-b88a60e194fb-1-ps,crmid:6781551296,3,Platinum Card,4,Student Loan
59db445c-492d-11ea-88c6-b88a60e194fb-1-ps,crmid:4120119133,3,Dividend Card,4,Business Loan
59dc5534-492d-11ea-93bd-b88a60e194fb-1-ps,crmid:6646121506,3,Business Card,4,Personal Loan
59dd6676-492d-11ea-8659-b88a60e194fb-1-ps,crmid:6280988015,5,Business Card,8,Auto Loan
59de9fae-492d-11ea-8c67-b88a60e194fb-1-ps,crmid:3312335261,4,Student Card,3,Auto Loan
59dfb080-492d-11ea-a067-b88a60e194fb-1-ps,crmid:6211018806,5,Student Card,3,Student Loan
5ac010b4-492d-11ea-a60e-b88a60e194fb-1-ps,crmid:2780582695,4,Business Card,5,Student Loan
5ac1be6c-492d-11ea-8f26-b88a60e194fb-1-ps,crmid:5474922961,5,Travel Card,3,Personal Loan
5ac2cfd8-492d-11ea-876c-b88a60e194fb-1-ps,crmid:7517659151,6,Travel Card,5,Personal Loan
5ac42f5c-492d-11ea-a798-b88a60e194fb-1-ps,crmid:2975282732,5,Rewards Card,3,Personal Loan
5ac58ef4-492d-11ea-af24-b88a60e194fb-1-ps,crmid:5522315782,6,Student Card,4,Personal Loan
5ac6a068-492d-11ea-9c0b-b88a60e194fb-1-ps,crmid:7278928552,4,Simplicity Card,4,Auto Loan
5ac7b1e8-492d-11ea-82ad-b88a60e194fb-1-ps,crmid:9379613476,4,Platinum Card,3,Student Loan
5ac91140-492d-11ea-a4a7-b88a60e194fb-1-ps,crmid:4564933570,5,Travel Card,4,Business Loan
5aca49d8-492d-11ea-b2c0-b88a60e194fb-1-ps,crmid:9332799966,3,Simplicity Card,4,Auto Loan
5acb8250-492d-11ea-b41f-b88a60e194fb-1-ps,crmid:4300823990,4,Platinum Card,4,Student Loan
5acd3000-492d-11ea-817f-b88a60e194fb-1-ps,crmid:2179472007,4,Rewards Card,5,Personal Loan
5ace4162-492d-11ea-ab95-b88a60e194fb-1-ps,crmid:2672705098,4,Business Card,5,Personal Loan
5acfa10a-492d-11ea-a52a-b88a60e194fb-1-ps,crmid:5419932337,3,Platinum Card,5,Personal Loan
5bb20fc0-492d-11ea-8a2b-b88a60e194fb-1-ps,crmid:4805095186,4,Travel Card,4,Auto Loan
5bb3213a-492d-11ea-b28b-b88a60e194fb-1-ps,crmid:4418934611,4,Platinum Card,4,Personal Loan
5bb432b0-492d-11ea-97e7-b88a60e194fb-1-ps,crmid:6445167912,9,Simplicity Card,5,Student Loan
5bb54414-492d-11ea-bb6a-b88a60e194fb-1-ps,crmid:1309581304,4,Rewards Card,3,Auto Loan
5bb6a412-492d-11ea-9bba-b88a60e194fb-1-ps,crmid:3312335261,3,Business Card,5,Personal Loan
5bb82afa-492d-11ea-90fc-b88a60e194fb-1-ps,crmid:2350994011,4,Business Card,3,Auto Loan
5bb962dc-492d-11ea-93af-b88a60e194fb-1-ps,crmid:7436263657,3,Student Card,7,Personal Loan
5bba7428-492d-11ea-a074-b88a60e194fb-1-ps,crmid:7298596149,4,Business Card,4,Personal Loan
5bbbaca2-492d-11ea-bfb7-b88a60e194fb-1-ps,crmid:1008989622,3,Rewards Card,5,Business Loan
5bbd0c36-492d-11ea-b237-b88a60e194fb-1-ps,crmid:1391531738,4,Rewards Card,5,Business Loan
5bbe6bbe-492d-11ea-aa2f-b88a60e194fb-1-ps,crmid:2276882692,3,Business Card,4,Personal Loan
5bbf7d36-492d-11ea-a517-b88a60e194fb-1-ps,crmid:2780493073,5,Travel Card,6,Personal Loan
5bc0dce2-492d-11ea-acb7-b88a60e194fb-1-ps,crmid:3986199666,5,Platinum Card,8,Business Loan
5bc23c62-492d-11ea-a25a-b88a60e194fb-1-ps,crmid:1368878434,4,Dividend Card,4,Personal Loan
5ca4858c-492d-11ea-b598-b88a60e194fb-1-ps,crmid:5131250618,3,Rewards Card,4,Personal Loan
5ca595a2-492d-11ea-8bc5-b88a60e194fb-1-ps,crmid:7128142136,2,Rewards Card,3,Auto Loan
5ca6a854-492d-11ea-b6d2-b88a60e194fb-1-ps,crmid:2640431809,4,Dividend Card,3,Student Loan
5ca7921c-492d-11ea-ac5b-b88a60e194fb-1-ps,crmid:1501653736,5,Rewards Card,4,Personal Loan
5ca855be-492d-11ea-958f-b88a60e194fb-1-ps,crmid:8025165335,4,Simplicity Card,3,Auto Loan
5ca98d28-492d-11ea-980b-b88a60e194fb-1-ps,crmid:5130399346,5,Platinum Card,3,Business Loan
5caa9fba-492d-11ea-9007-b88a60e194fb-1-ps,crmid:5190876388,3,Business Card,2,Student Loan
5cabfe78-492d-11ea-aae8-b88a60e194fb-1-ps,crmid:6095312767,6,Simplicity Card,3,Personal Loan
5cacc176-492d-11ea-b8e5-b88a60e194fb-1-ps,crmid:8273452173,5,Rewards Card,4,Personal Loan
5cadabda-492d-11ea-ac42-b88a60e194fb-1-ps,crmid:6465460590,4,Travel Card,1,Auto Loan
5cae9630-492d-11ea-9ee9-b88a60e194fb-1-ps,crmid:1471846123,5,Dividend Card,5,Personal Loan
5cafcff6-492d-11ea-b094-b88a60e194fb-1-ps,crmid:8943471985,4,Dividend Card,3,Business Loan
5cb1ca80-492d-11ea-b7fc-b88a60e194fb-1-ps,crmid:7350762876,5,Rewards Card,5,Personal Loan
5cb3781c-492d-11ea-8d6f-b88a60e194fb-1-ps,crmid:5377805870,4,Simplicity Card,5,Auto Loan
5d9189a2-492d-11ea-8396-b88a60e194fb-1-ps,crmid:3599499326,4,Rewards Card,7,Personal Loan
5d929b1c-492d-11ea-8628-b88a60e194fb-1-ps,crmid:1404091595,4,Dividend Card,5,Business Loan
5d93856e-492d-11ea-9a27-b88a60e194fb-1-ps,crmid:3338905311,7,Dividend Card,10,Business Loan
5d94982e-492d-11ea-b36f-b88a60e194fb-1-ps,crmid:6621710357,3,Simplicity Card,4,Auto Loan
5d958128-492d-11ea-b738-b88a60e194fb-1-ps,crmid:6704365190,7,Platinum Card,4,Business Loan
5d966c76-492d-11ea-a0a3-b88a60e194fb-1-ps,crmid:8591002103,3,Business Card,3,Auto Loan
5d97a406-492d-11ea-8470-b88a60e194fb-1-ps,crmid:8134244621,4,Student Card,4,Business Loan
5d98b54c-492d-11ea-95f5-b88a60e194fb-1-ps,crmid:6716010799,4,Business Card,4,Personal Loan
5d997a02-492d-11ea-8a35-b88a60e194fb-1-ps,crmid:8544734205,5,Rewards Card,4,Personal Loan
5d9c85fe-492d-11ea-8646-b88a60e194fb-1-ps,crmid:3613913124,3,Dividend Card,4,Auto Loan
5d9d98b0-492d-11ea-b658-b88a60e194fb-1-ps,crmid:5122821071,3,Student Card,4,Student Loan
5d9e5c02-492d-11ea-9200-b88a60e194fb-1-ps,crmid:2179472007,4,Travel Card,4,Business Loan
5d9f462e-492d-11ea-8f43-b88a60e194fb-1-ps,crmid:9806724920,3,Rewards Card,4,Student Loan
5da05714-492d-11ea-b87f-b88a60e194fb-1-ps,crmid:7523369651,5,Business Card,3,Business Loan
5e77552e-492d-11ea-8965-b88a60e194fb-1-ps,crmid:9654643168,3,Platinum Card,5,Student Loan
5e7866a4-492d-11ea-b20a-b88a60e194fb-1-ps,crmid:4684976824,4,Platinum Card,4,Student Loan
5e7950f0-492d-11ea-897d-b88a60e194fb-1-ps,crmid:2315313523,8,Business Card,3,Student Loan
5e7a3b50-492d-11ea-8ce1-b88a60e194fb-1-ps,crmid:7472116725,2,Travel Card,5,Personal Loan
5e7b4cc0-492d-11ea-9a09-b88a60e194fb-1-ps,crmid:3161880976,5,Simplicity Card,4,Business Loan
5e7c8c58-492d-11ea-8183-b88a60e194fb-1-ps,crmid:5317970510,5,Business Card,4,Auto Loan
5e7dbe1e-492d-11ea-b2c8-b88a60e194fb-1-ps,crmid:9228601607,3,Platinum Card,3,Personal Loan
5e7ecf2c-492d-11ea-81da-b88a60e194fb-1-ps,crmid:1315227240,4,Student Card,3,Personal Loan
5e7fb986-492d-11ea-973f-b88a60e194fb-1-ps,crmid:6545150320,5,Travel Card,9,Personal Loan
5e80a3e2-492d-11ea-bd7f-b88a60e194fb-1-ps,crmid:7389117881,4,Student Card,3,Business Loan
5e82037a-492d-11ea-9250-b88a60e194fb-1-ps,crmid:8209206377,2,Dividend Card,4,Personal Loan
5e8314ec-492d-11ea-a6c5-b88a60e194fb-1-ps,crmid:4145811986,6,Business Card,4,Student Loan
5e84267e-492d-11ea-abfd-b88a60e194fb-1-ps,crmid:2115032573,5,Platinum Card,8,Personal Loan
5e84e9be-492d-11ea-a7d9-b88a60e194fb-1-ps,crmid:6397996366,4,Rewards Card,4,Auto Loan
5f6d2502-492d-11ea-b82e-b88a60e194fb-1-ps,crmid:9318032253,5,Rewards Card,3,Personal Loan
5f6e3664-492d-11ea-bc07-b88a60e194fb-1-ps,crmid:2896526029,4,Simplicity Card,5,Student Loan
5f6f20d2-492d-11ea-b73c-b88a60e194fb-1-ps,crmid:9495104965,4,Dividend Card,4,Personal Loan
5f70592c-492d-11ea-8823-b88a60e194fb-1-ps,crmid:3699456411,6,Dividend Card,5,Personal Loan
5f71438a-492d-11ea-896a-b88a60e194fb-1-ps,crmid:2996706194,4,Rewards Card,4,Business Loan
5f7254e2-492d-11ea-b0ad-b88a60e194fb-1-ps,crmid:1011081500,4,Dividend Card,4,Personal Loan
5f733f42-492d-11ea-bd56-b88a60e194fb-1-ps,crmid:7406760461,3,Rewards Card,3,Business Loan
5f742992-492d-11ea-a356-b88a60e194fb-1-ps,crmid:1392953865,4,Rewards Card,4,Business Loan
5f753b1e-492d-11ea-be46-b88a60e194fb-1-ps,crmid:7163873861,5,Business Card,7,Business Loan
5f75fe7e-492d-11ea-8d60-b88a60e194fb-1-ps,crmid:1473083581,4,Student Card,4,Student Loan
5f770ff0-492d-11ea-9ada-b88a60e194fb-1-ps,crmid:5884349466,3,Student Card,5,Personal Loan
5f78212c-492d-11ea-b540-b88a60e194fb-1-ps,crmid:2040884977,4,Platinum Card,5,Personal Loan
5f790cfa-492d-11ea-b85b-b88a60e194fb-1-ps,crmid:1448716927,4,Travel Card,3,Student Loan
5f7a1e08-492d-11ea-b8bd-b88a60e194fb-1-ps,crmid:3873994047,4,Simplicity Card,4,Personal Loan
5f7b086c-492d-11ea-966c-b88a60e194fb-1-ps,crmid:8832882935,4,Business Card,5,Personal Loan
605a91ae-492d-11ea-89bd-b88a60e194fb-1-ps,crmid:5125265485,4,Dividend Card,4,Business Loan
