id,timestamp,crmid,orderid,prod_sku,prod_name,prod_category,prod_ownership,purchase_amt,units,currency_type,branchid
3c456374-4c73-11ea-9ea8-b88a60e194fb-1,2020-01-28T04:24:44.000Z,crmid:6409822814,3c456374-4c73-11ea-9ea8-b88a60e194fb,prd1026,Mortgage: 5/1 ARM,Mortgage,Personal,9580.6,1,USD,branchid:11105
3c4626a2-4c73-11ea-8e5f-b88a60e194fb-1,2020-01-10T06:22:26.000Z,crmid:4096946248,3c4626a2-4c73-11ea-8e5f-b88a60e194fb,prd1155,CDs: 5 year,Investment,Personal,278828.22,1,USD,branchid:11142
3c46ea18-4c73-11ea-a198-b88a60e194fb-1,2020-01-20T07:49:32.000Z,crmid:3536279982,3c46ea18-4c73-11ea-a198-b88a60e194fb,prd1029,401k,Retirement,Personal,11645.68,1,USD,branchid:11110
3ca6e59c-4c73-11ea-a816-b88a60e194fb-1,2020-01-28T05:06:55.000Z,crmid:3422778297,3ca6e59c-4c73-11ea-a816-b88a60e194fb,prd1189,Overseas Equity Fund,Investment,Personal,12598.9,1,USD,branchid:11059
3ca7ceae-4c73-11ea-aa6a-b88a60e194fb-1,2020-01-08T12:37:18.000Z,crmid:5164848866,3ca7ceae-4c73-11ea-aa6a-b88a60e194fb,prd1131,Employee Stock Purchase Plans,Investment,Personal,19084.55,1,USD,branchid:11113
3ca89334-4c73-11ea-8551-b88a60e194fb-1,2020-01-16T00:10:26.000Z,crmid:7204519557,3ca89334-4c73-11ea-8551-b88a60e194fb,prd1155,CDs: 5 year,Investment,Personal,22869.56,1,USD,branchid:11021
3ca97c54-4c73-11ea-a610-b88a60e194fb-1,2020-01-25T04:16:24.000Z,crmid:6826182069,3ca97c54-4c73-11ea-a610-b88a60e194fb,prd1176,Overseas Equity Fund,Investment,Personal,222396.44,1,USD,branchid:11145
3caa8e24-4c73-11ea-851b-b88a60e194fb-1,2020-01-03T07:46:22.000Z,crmid:7927211019,3caa8e24-4c73-11ea-851b-b88a60e194fb,prd1013,Mortgage: FHA,Mortgage,Personal,228379.46,1,USD,branchid:11067
3cab5252-4c73-11ea-ac42-b88a60e194fb-1,2020-01-04T19:22:33.000Z,crmid:3366090648,3cab5252-4c73-11ea-ac42-b88a60e194fb,prd1165,Roth IRA,Retirement,Personal,207356.11,1,USD,branchid:11035
3cac1462-4c73-11ea-9175-b88a60e194fb-1,2020-01-09T23:03:28.000Z,crmid:6125641703,3cac1462-4c73-11ea-9175-b88a60e194fb,prd1060,Traditional IRA,Retirement,Personal,213930.81,1,USD,branchid:11036
3d11dab8-4c73-11ea-b4b7-b88a60e194fb-1,2020-01-03T22:13:25.000Z,crmid:6025343042,3d11dab8-4c73-11ea-b4b7-b88a60e194fb,prd1073,Business Brokerage Account,Investment,Business,13376.53,1,USD,branchid:11099
3d12c52e-4c73-11ea-8712-b88a60e194fb-1,2020-01-04T12:36:30.000Z,crmid:1469259106,3d12c52e-4c73-11ea-8712-b88a60e194fb,prd1035,Pension Account,Retirement,Personal,143028.2,1,USD,branchid:11028
3d13fdda-4c73-11ea-b5b2-b88a60e194fb-1,2020-01-27T20:32:49.000Z,crmid:6639124834,3d13fdda-4c73-11ea-b5b2-b88a60e194fb,prd1157,Brokerage Account,Investment,Personal,17054.05,1,USD,branchid:11150
3d14e822-4c73-11ea-b277-b88a60e194fb-1,2020-01-10T17:38:19.000Z,crmid:1147945810,3d14e822-4c73-11ea-b277-b88a60e194fb,prd1077,Roth IRA,Retirement,Personal,115450.96,1,USD,branchid:11088
3d162086-4c73-11ea-89c5-b88a60e194fb-1,2020-01-29T01:09:07.000Z,crmid:5313675999,3d162086-4c73-11ea-89c5-b88a60e194fb,prd1045,Mortgage: 10/1 ARM,Mortgage,Personal,159445.11,1,USD,branchid:11063
3d170ae2-4c73-11ea-ad5d-b88a60e194fb-1,2020-01-25T08:54:20.000Z,crmid:4616129720,3d170ae2-4c73-11ea-ad5d-b88a60e194fb,prd1139,Employee Stock Purchase Plans,Investment,Personal,2974976.43,1,USD,branchid:11127
3d181c7e-4c73-11ea-ba76-b88a60e194fb-1,2020-01-19T06:22:13.000Z,crmid:4896497072,3d181c7e-4c73-11ea-ba76-b88a60e194fb,prd1131,Employee Stock Purchase Plans,Investment,Personal,12690.07,1,USD,branchid:11026
3d769002-4c73-11ea-bc96-b88a60e194fb-1,2020-01-18T19:24:35.000Z,crmid:5433996974,3d769002-4c73-11ea-bc96-b88a60e194fb,prd1125,Mortgage: FHA,Mortgage,Personal,261957.38,1,USD,branchid:11147
3d77a224-4c73-11ea-944c-b88a60e194fb-1,2020-01-07T19:57:05.000Z,crmid:8925594616,3d77a224-4c73-11ea-944c-b88a60e194fb,prd1114,CDs: 3 month,Investment,Personal,9832.13,1,USD,branchid:11067
3d78b35e-4c73-11ea-85d3-b88a60e194fb-1,2020-01-12T22:28:43.000Z,crmid:3338477352,3d78b35e-4c73-11ea-85d3-b88a60e194fb,prd1042,Roth IRA,Retirement,Personal,12074.96,1,USD,branchid:11095
3d799e4a-4c73-11ea-a2a5-b88a60e194fb-1,2020-01-21T00:12:27.000Z,crmid:9746523099,3d799e4a-4c73-11ea-a2a5-b88a60e194fb,prd1167,Roth IRA,Retirement,Personal,178062.8,1,USD,branchid:11037
3d7aae8c-4c73-11ea-aaf2-b88a60e194fb-1,2020-01-07T02:32:25.000Z,crmid:8709743782,3d7aae8c-4c73-11ea-aaf2-b88a60e194fb,prd1117,Brokerage Account,Investment,Personal,15689.56,1,USD,branchid:11076
3d7b9918-4c73-11ea-9883-b88a60e194fb-1,2020-01-25T19:34:59.000Z,crmid:1696727679,3d7b9918-4c73-11ea-9883-b88a60e194fb,prd1079,Mortgage: 30-yr Fixed,Mortgage,Personal,170387.84,1,USD,branchid:11084
3d7c5d58-4c73-11ea-8bf3-b88a60e194fb-1,2020-01-07T08:08:32.000Z,crmid:8966379945,3d7c5d58-4c73-11ea-8bf3-b88a60e194fb,prd1173,Money Market,Investment,Personal,3524650.15,1,USD,branchid:11131
3dddb62e-4c73-11ea-9d1a-b88a60e194fb-1,2020-01-13T01:06:08.000Z,crmid:5859886596,3dddb62e-4c73-11ea-9d1a-b88a60e194fb,prd1061,Mortgage: 5/1 ARM,Mortgage,Personal,211811.35,1,USD,branchid:11018
3ddea1be-4c73-11ea-94ed-b88a60e194fb-1,2020-01-07T09:14:58.000Z,crmid:9755310497,3ddea1be-4c73-11ea-94ed-b88a60e194fb,prd1045,Mortgage: 10/1 ARM,Mortgage,Personal,11071.45,1,USD,branchid:11018
3ddf8ad4-4c73-11ea-8889-b88a60e194fb-1,2020-01-18T08:54:36.000Z,crmid:8609031057,3ddf8ad4-4c73-11ea-8889-b88a60e194fb,prd1165,Roth IRA,Retirement,Personal,19411.21,1,USD,branchid:11078
3de09c70-4c73-11ea-af5d-b88a60e194fb-1,2020-01-18T20:27:13.000Z,crmid:6163233049,3de09c70-4c73-11ea-af5d-b88a60e194fb,prd1087,Overseas Equity Fund,Investment,Personal,13702.58,1,USD,branchid:11025
3de160e8-4c73-11ea-bb21-b88a60e194fb-1,2020-01-02T19:44:16.000Z,crmid:7549729469,3de160e8-4c73-11ea-bb21-b88a60e194fb,prd1125,Mortgage: FHA,Mortgage,Personal,15805.09,1,USD,branchid:11114
3de29880-4c73-11ea-a99d-b88a60e194fb-1,2020-01-16T06:54:27.000Z,crmid:2613167875,3de29880-4c73-11ea-a99d-b88a60e194fb,prd1083,Pension Account,Retirement,Personal,13610.5,1,USD,branchid:11092
3de3aaee-4c73-11ea-945a-b88a60e194fb-1,2020-01-08T00:49:09.000Z,crmid:5865987262,3de3aaee-4c73-11ea-945a-b88a60e194fb,prd1139,Employee Stock Purchase Plans,Investment,Personal,199615.93,1,USD,branchid:11085
3e42ba80-4c73-11ea-a06a-b88a60e194fb-1,2020-01-21T06:05:53.000Z,crmid:6054086228,3e42ba80-4c73-11ea-a06a-b88a60e194fb,prd1041,Mortgage: 7/1 ARM,Mortgage,Personal,14653.94,1,USD,branchid:11062
3e437ca4-4c73-11ea-b901-b88a60e194fb-1,2020-01-30T17:47:45.000Z,crmid:5136933374,3e437ca4-4c73-11ea-b901-b88a60e194fb,prd1167,Roth IRA,Retirement,Personal,13728.22,1,USD,branchid:11126
3e4466e8-4c73-11ea-9f8d-b88a60e194fb-1,2020-01-26T03:46:01.000Z,crmid:7783246801,3e4466e8-4c73-11ea-9f8d-b88a60e194fb,prd1183,Fixed Deposit,Investment,Personal,127935.32,1,USD,branchid:11112
3e4552a4-4c73-11ea-ad22-b88a60e194fb-1,2020-01-10T08:12:57.000Z,crmid:5412105585,3e4552a4-4c73-11ea-ad22-b88a60e194fb,prd1185,Mortgage: FHA,Mortgage,Personal,16110.34,1,USD,branchid:11058
3e463bb6-4c73-11ea-a63c-b88a60e194fb-1,2020-01-11T09:56:45.000Z,crmid:7312988436,3e463bb6-4c73-11ea-a63c-b88a60e194fb,prd1115,Mortgage: VA,Mortgage,Personal,20442.19,1,USD,branchid:11141
3e477440-4c73-11ea-8f08-b88a60e194fb-1,2020-01-19T03:43:27.000Z,crmid:8323414507,3e477440-4c73-11ea-8f08-b88a60e194fb,prd1045,Mortgage: 10/1 ARM,Mortgage,Personal,19809.59,1,USD,branchid:11127
3e485e98-4c73-11ea-8bfd-b88a60e194fb-1,2020-01-08T00:02:04.000Z,crmid:1278335977,3e485e98-4c73-11ea-8bfd-b88a60e194fb,prd1077,Roth IRA,Retirement,Personal,7240.87,1,USD,branchid:11087
3ea4af70-4c73-11ea-88a9-b88a60e194fb-1,2020-01-07T03:00:15.000Z,crmid:9256109848,3ea4af70-4c73-11ea-88a9-b88a60e194fb,prd1064,CDs: 3 month,Investment,Personal,158207.71,1,USD,branchid:11075
3ea5c0b0-4c73-11ea-be2e-b88a60e194fb-1,2020-01-02T05:48:24.000Z,crmid:6771183638,3ea5c0b0-4c73-11ea-be2e-b88a60e194fb,prd1033,Fixed Deposit,Investment,Personal,257306.65,1,USD,branchid:11013
3ea6f968-4c73-11ea-b7f0-b88a60e194fb-1,2020-01-21T12:59:56.000Z,crmid:4306092718,3ea6f968-4c73-11ea-b7f0-b88a60e194fb,prd1124,CDs: 5 year,Investment,Personal,13325.75,1,USD,branchid:11072
3ea7bc68-4c73-11ea-b843-b88a60e194fb-1,2020-01-25T10:18:57.000Z,crmid:1056881802,3ea7bc68-4c73-11ea-b843-b88a60e194fb,prd1083,Pension Account,Retirement,Personal,220151.75,1,USD,branchid:11075
3ea8a818-4c73-11ea-82f3-b88a60e194fb-1,2020-01-27T17:18:10.000Z,crmid:3019987933,3ea8a818-4c73-11ea-82f3-b88a60e194fb,prd1027,Mortgage: 30-yr Fixed,Mortgage,Personal,256743.48,1,USD,branchid:11047
3ea9929a-4c73-11ea-afc8-b88a60e194fb-1,2020-01-28T10:15:01.000Z,crmid:3024156080,3ea9929a-4c73-11ea-afc8-b88a60e194fb,prd1062,Mortgage: VA,Mortgage,Personal,241434.71,1,USD,branchid:11133
3eaa7ba6-4c73-11ea-9810-b88a60e194fb-1,2020-01-26T07:36:59.000Z,crmid:9437395141,3eaa7ba6-4c73-11ea-9810-b88a60e194fb,prd1041,Mortgage: 7/1 ARM,Mortgage,Personal,16593.2,1,USD,branchid:11108
3f0483ec-4c73-11ea-b83e-b88a60e194fb-1,2020-01-10T23:11:19.000Z,crmid:3694086691,3f0483ec-4c73-11ea-b83e-b88a60e194fb,prd1154,Mortgage: 30-yr Fixed,Mortgage,Personal,192477.87,1,USD,branchid:11072
3f05bc48-4c73-11ea-b10e-b88a60e194fb-1,2020-01-04T00:25:51.000Z,crmid:7090813234,3f05bc48-4c73-11ea-b10e-b88a60e194fb,prd1124,CDs: 5 year,Investment,Personal,17919.0,1,USD,branchid:11033
3f067e40-4c73-11ea-8c1a-b88a60e194fb-1,2020-01-10T13:13:13.000Z,crmid:7316394074,3f067e40-4c73-11ea-8c1a-b88a60e194fb,prd1124,CDs: 5 year,Investment,Personal,15514.29,1,USD,branchid:11119
3f078f92-4c73-11ea-ad59-b88a60e194fb-1,2020-01-14T13:19:00.000Z,crmid:6928083595,3f078f92-4c73-11ea-ad59-b88a60e194fb,prd1144,Home Equity Loan,Mortgage,Personal,94609.48,1,USD,branchid:11028
3f0852d8-4c73-11ea-b25b-b88a60e194fb-1,2020-01-31T08:04:47.000Z,crmid:4438448025,3f0852d8-4c73-11ea-b25b-b88a60e194fb,prd1165,Roth IRA,Retirement,Personal,4567438.82,1,USD,branchid:11108
3f091628-4c73-11ea-af24-b88a60e194fb-1,2020-01-12T19:53:36.000Z,crmid:7880317912,3f091628-4c73-11ea-af24-b88a60e194fb,prd1033,Fixed Deposit,Investment,Personal,8273.31,1,USD,branchid:11095
3f0a27b0-4c73-11ea-ad6d-b88a60e194fb-1,2020-01-10T20:08:41.000Z,crmid:8337271362,3f0a27b0-4c73-11ea-ad6d-b88a60e194fb,prd1008,Traditional IRA,Retirement,Personal,19153.06,1,USD,branchid:11003
3f0b396e-4c73-11ea-a13d-b88a60e194fb-1,2020-01-31T15:42:19.000Z,crmid:8276194960,3f0b396e-4c73-11ea-a13d-b88a60e194fb,prd1181,Mortgage: 5/1 ARM,Mortgage,Personal,14758.7,1,USD,branchid:11026
3f6f0452-4c73-11ea-9538-b88a60e194fb-1,2020-01-26T20:11:29.000Z,crmid:9956597654,3f6f0452-4c73-11ea-9538-b88a60e194fb,prd1139,Employee Stock Purchase Plans,Investment,Personal,248781.9,1,USD,branchid:11136
3f6fee54-4c73-11ea-8c75-b88a60e194fb-1,2020-01-26T02:27:07.000Z,crmid:6791327514,3f6fee54-4c73-11ea-8c75-b88a60e194fb,prd1008,Traditional IRA,Retirement,Personal,11039.47,1,USD,branchid:11132
3f70d89c-4c73-11ea-904d-b88a60e194fb-1,2020-01-30T16:16:12.000Z,crmid:2068606293,3f70d89c-4c73-11ea-904d-b88a60e194fb,prd1077,Roth IRA,Retirement,Personal,14566.87,1,USD,branchid:11125
3f71c2fe-4c73-11ea-bd57-b88a60e194fb-1,2020-01-28T21:05:58.000Z,crmid:9077438742,3f71c2fe-4c73-11ea-bd57-b88a60e194fb,prd1115,Mortgage: VA,Mortgage,Personal,20167.98,1,USD,branchid:11006
3f72fb9e-4c73-11ea-ac44-b88a60e194fb-1,2020-01-17T18:32:45.000Z,crmid:3431119975,3f72fb9e-4c73-11ea-ac44-b88a60e194fb,prd1108,401k,Retirement,Personal,15750.58,1,USD,branchid:11105
3f73e5f0-4c73-11ea-b24f-b88a60e194fb-1,2020-01-11T23:19:35.000Z,crmid:9458689628,3f73e5f0-4c73-11ea-b24f-b88a60e194fb,prd1101,Mortgage: 5/1 ARM,Mortgage,Personal,17443.88,1,USD,branchid:11048
3f74f78a-4c73-11ea-96b6-b88a60e194fb-1,2020-01-25T07:23:07.000Z,crmid:2376404208,3f74f78a-4c73-11ea-96b6-b88a60e194fb,prd1151,Mortgage: 10 yr Fixed,Mortgage,Personal,171670.42,1,USD,branchid:11111
3fd0abac-4c73-11ea-b592-b88a60e194fb-1,2020-01-29T19:59:43.000Z,crmid:1417304975,3fd0abac-4c73-11ea-b592-b88a60e194fb,prd1079,Mortgage: 30-yr Fixed,Mortgage,Personal,4682843.62,1,USD,branchid:11039
3fd1960a-4c73-11ea-b75c-b88a60e194fb-1,2020-01-27T18:02:51.000Z,crmid:3142321198,3fd1960a-4c73-11ea-b75c-b88a60e194fb,prd1083,Pension Account,Retirement,Personal,161274.14,1,USD,branchid:11082
3fd25942-4c73-11ea-8638-b88a60e194fb-1,2020-01-01T08:40:29.000Z,crmid:5804061217,3fd25942-4c73-11ea-8638-b88a60e194fb,prd1029,401k,Retirement,Personal,11690.66,1,USD,branchid:11070
3fd34558-4c73-11ea-8b53-b88a60e194fb-1,2020-01-29T19:27:04.000Z,crmid:5727272050,3fd34558-4c73-11ea-8b53-b88a60e194fb,prd1176,Overseas Equity Fund,Investment,Personal,16140.7,1,USD,branchid:11052
3fd45636-4c73-11ea-beea-b88a60e194fb-1,2020-01-23T08:11:37.000Z,crmid:9281436730,3fd45636-4c73-11ea-beea-b88a60e194fb,prd1077,Roth IRA,Retirement,Personal,18997.54,1,USD,branchid:11050
3fd519e2-4c73-11ea-80ec-b88a60e194fb-1,2020-01-05T17:25:51.000Z,crmid:4133279911,3fd519e2-4c73-11ea-80ec-b88a60e194fb,prd1062,Mortgage: VA,Mortgage,Personal,18153.19,1,USD,branchid:11012
3fd5dd26-4c73-11ea-8bb8-b88a60e194fb-1,2020-01-02T02:52:39.000Z,crmid:2894103637,3fd5dd26-4c73-11ea-8bb8-b88a60e194fb,prd1173,Money Market,Investment,Personal,114979.14,1,USD,branchid:11139
403c8ce8-4c73-11ea-aef2-b88a60e194fb-1,2020-01-17T03:18:36.000Z,crmid:3831419398,403c8ce8-4c73-11ea-aef2-b88a60e194fb,prd1148,Mortgage: 10/1 ARM,Mortgage,Personal,4481512.56,1,USD,branchid:11123
403d77a8-4c73-11ea-bf8d-b88a60e194fb-1,2020-01-22T08:40:56.000Z,crmid:8349219348,403d77a8-4c73-11ea-bf8d-b88a60e194fb,prd1111,Pension Account,Retirement,Personal,13467.66,1,USD,branchid:11020
403e6176-4c73-11ea-8b7e-b88a60e194fb-1,2020-01-01T12:20:39.000Z,crmid:1340951396,403e6176-4c73-11ea-8b7e-b88a60e194fb,prd1062,Mortgage: VA,Mortgage,Personal,13617.77,1,USD,branchid:11036
403f25e2-4c73-11ea-a31c-b88a60e194fb-1,2020-01-01T03:19:09.000Z,crmid:4425451242,403f25e2-4c73-11ea-a31c-b88a60e194fb,prd1150,Money Market,Investment,Personal,18240.38,1,USD,branchid:11023
404010b6-4c73-11ea-901b-b88a60e194fb-1,2020-01-27T01:25:43.000Z,crmid:6812298319,404010b6-4c73-11ea-901b-b88a60e194fb,prd1049,Business Brokerage Account,Investment,Business,15810.05,1,USD,branchid:11102
4040fa0a-4c73-11ea-989c-b88a60e194fb-1,2020-01-08T14:09:23.000Z,crmid:9474293535,4040fa0a-4c73-11ea-989c-b88a60e194fb,prd1028,CDs: 1 year,Investment,Personal,4856492.64,1,USD,branchid:11066
40420b3e-4c73-11ea-9f9b-b88a60e194fb-1,2020-01-28T21:33:22.000Z,crmid:3462699122,40420b3e-4c73-11ea-9f9b-b88a60e194fb,prd1046,Mortgage: VA,Mortgage,Personal,242996.4,1,USD,branchid:11010
409f2054-4c73-11ea-99b7-b88a60e194fb-1,2020-01-25T18:21:32.000Z,crmid:4279421331,409f2054-4c73-11ea-99b7-b88a60e194fb,prd1025,Brokerage Account,Investment,Personal,16212.46,1,USD,branchid:11050
40a0310a-4c73-11ea-af1e-b88a60e194fb-1,2020-01-18T02:23:58.000Z,crmid:6430305695,40a0310a-4c73-11ea-af1e-b88a60e194fb,prd1181,Mortgage: 5/1 ARM,Mortgage,Personal,12573.49,1,USD,branchid:11112
40a14206-4c73-11ea-8d60-b88a60e194fb-1,2020-01-05T03:38:14.000Z,crmid:6754309733,40a14206-4c73-11ea-8d60-b88a60e194fb,prd1008,Traditional IRA,Retirement,Personal,157078.21,1,USD,branchid:11080
40a20658-4c73-11ea-b874-b88a60e194fb-1,2020-01-04T19:57:25.000Z,crmid:5458015953,40a20658-4c73-11ea-b874-b88a60e194fb,prd1111,Pension Account,Retirement,Personal,13371.78,1,USD,branchid:11105
40a31692-4c73-11ea-b2f0-b88a60e194fb-1,2020-01-02T22:05:36.000Z,crmid:6769452418,40a31692-4c73-11ea-b2f0-b88a60e194fb,prd1026,Mortgage: 5/1 ARM,Mortgage,Personal,14697.63,1,USD,branchid:11052
40a42830-4c73-11ea-a2ec-b88a60e194fb-1,2020-01-09T09:18:04.000Z,crmid:1883493259,40a42830-4c73-11ea-a2ec-b88a60e194fb,prd1123,Mortgage: 10 yr Fixed,Mortgage,Personal,14152.64,1,USD,branchid:11065
40a4eb46-4c73-11ea-aefc-b88a60e194fb-1,2020-01-26T18:17:03.000Z,crmid:7540409762,40a4eb46-4c73-11ea-aefc-b88a60e194fb,prd1032,Home Equity Loan,Mortgage,Personal,129319.96,1,USD,branchid:11119
4100ee00-4c73-11ea-830c-b88a60e194fb-1,2020-01-07T01:02:48.000Z,crmid:4307377843,4100ee00-4c73-11ea-830c-b88a60e194fb,prd1174,Traditional IRA,Retirement,Personal,20540.48,1,USD,branchid:11080
4101d9b6-4c73-11ea-8456-b88a60e194fb-1,2020-01-26T18:48:13.000Z,crmid:1056872319,4101d9b6-4c73-11ea-8456-b88a60e194fb,prd1110,Traditional IRA,Retirement,Personal,3457630.1,1,USD,branchid:11143
41029cf6-4c73-11ea-9eec-b88a60e194fb-1,2020-01-13T17:31:37.000Z,crmid:6570461771,41029cf6-4c73-11ea-9eec-b88a60e194fb,prd1112,Fixed Deposit,Investment,Personal,3066631.15,1,USD,branchid:11055
41036052-4c73-11ea-99d5-b88a60e194fb-1,2020-01-17T21:33:47.000Z,crmid:4511943791,41036052-4c73-11ea-99d5-b88a60e194fb,prd1110,Traditional IRA,Retirement,Personal,196529.97,1,USD,branchid:11107
41044962-4c73-11ea-a814-b88a60e194fb-1,2020-01-28T18:09:04.000Z,crmid:4102772793,41044962-4c73-11ea-a814-b88a60e194fb,prd1186,Money Market,Investment,Personal,288767.21,1,USD,branchid:11148
410533b8-4c73-11ea-9938-b88a60e194fb-1,2020-01-06T07:50:34.000Z,crmid:3750610250,410533b8-4c73-11ea-9938-b88a60e194fb,prd1121,Mortgage: 30-yr Fixed,Mortgage,Personal,265983.49,1,USD,branchid:11038
4105f848-4c73-11ea-af72-b88a60e194fb-1,2020-01-23T17:41:22.000Z,crmid:6186906932,4105f848-4c73-11ea-af72-b88a60e194fb,prd1172,Employee Stock Purchase Plans,Investment,Personal,16686.55,1,USD,branchid:11133
416491b6-4c73-11ea-8e60-b88a60e194fb-1,2020-01-31T14:23:17.000Z,crmid:9044266258,416491b6-4c73-11ea-8e60-b88a60e194fb,prd1114,CDs: 3 month,Investment,Personal,165757.34,1,USD,branchid:11073
41657cf4-4c73-11ea-b7f3-b88a60e194fb-1,2020-01-24T23:46:58.000Z,crmid:7172809541,41657cf4-4c73-11ea-b7f3-b88a60e194fb,prd1125,Mortgage: FHA,Mortgage,Personal,139705.53,1,USD,branchid:11019
41664058-4c73-11ea-b90e-b88a60e194fb-1,2020-01-05T23:08:38.000Z,crmid:7690738331,41664058-4c73-11ea-b90e-b88a60e194fb,prd1183,Fixed Deposit,Investment,Personal,3020349.57,1,USD,branchid:11057
41677880-4c73-11ea-8077-b88a60e194fb-1,2020-01-30T06:01:51.000Z,crmid:3303316895,41677880-4c73-11ea-8077-b88a60e194fb,prd1167,Roth IRA,Retirement,Personal,192330.98,1,USD,branchid:11140
41683b24-4c73-11ea-8847-b88a60e194fb-1,2020-01-25T17:53:09.000Z,crmid:2734713297,41683b24-4c73-11ea-8847-b88a60e194fb,prd1173,Money Market,Investment,Personal,14130.28,1,USD,branchid:11136
4168fe70-4c73-11ea-9106-b88a60e194fb-1,2020-01-13T06:06:30.000Z,crmid:7333697938,4168fe70-4c73-11ea-9106-b88a60e194fb,prd1121,Mortgage: 30-yr Fixed,Mortgage,Personal,15258.71,1,USD,branchid:11061
4169e8e6-4c73-11ea-beab-b88a60e194fb-1,2020-01-21T10:35:08.000Z,crmid:2651834183,4169e8e6-4c73-11ea-beab-b88a60e194fb,prd1068,Mortgage: 7/1 ARM,Mortgage,Personal,256584.87,1,USD,branchid:11073
41cb4292-4c73-11ea-96ed-b88a60e194fb-1,2020-01-29T06:45:23.000Z,crmid:6093259007,41cb4292-4c73-11ea-96ed-b88a60e194fb,prd1087,Overseas Equity Fund,Investment,Personal,17651.93,1,USD,branchid:11148
41cc2e24-4c73-11ea-b47d-b88a60e194fb-1,2020-01-01T10:20:35.000Z,crmid:8642281252,41cc2e24-4c73-11ea-b47d-b88a60e194fb,prd1181,Mortgage: 5/1 ARM,Mortgage,Personal,184086.11,1,USD,branchid:11134
41ccf0b6-4c73-11ea-a64f-b88a60e194fb-1,2020-01-01T00:02:37.000Z,crmid:7455354309,41ccf0b6-4c73-11ea-a64f-b88a60e194fb,prd1034,Home Equity Loan,Mortgage,Personal,7980.89,1,USD,branchid:11125
41cdb4a2-4c73-11ea-9ca5-b88a60e194fb-1,2020-01-21T23:43:55.000Z,crmid:5705032138,41cdb4a2-4c73-11ea-9ca5-b88a60e194fb,prd1064,CDs: 3 month,Investment,Personal,19371.34,1,USD,branchid:11129
41ce9df6-4c73-11ea-87b2-b88a60e194fb-1,2020-01-30T02:45:04.000Z,crmid:1146424391,41ce9df6-4c73-11ea-87b2-b88a60e194fb,prd1032,Home Equity Loan,Mortgage,Personal,10256.03,1,USD,branchid:11062
41cf8836-4c73-11ea-8b01-b88a60e194fb-1,2020-01-07T00:48:50.000Z,crmid:3384604445,41cf8836-4c73-11ea-8b01-b88a60e194fb,prd1035,Pension Account,Retirement,Personal,176796.46,1,USD,branchid:11149
41d0729a-4c73-11ea-873b-b88a60e194fb-1,2020-01-11T08:28:45.000Z,crmid:1666769620,41d0729a-4c73-11ea-873b-b88a60e194fb,prd1068,Mortgage: 7/1 ARM,Mortgage,Personal,15738.92,1,USD,branchid:11025
4230953e-4c73-11ea-b684-b88a60e194fb-1,2020-01-04T03:56:52.000Z,crmid:2429999284,4230953e-4c73-11ea-b684-b88a60e194fb,prd1053,Mortgage: VA,Mortgage,Personal,12520.72,1,USD,branchid:11028
4231cd12-4c73-11ea-8830-b88a60e194fb-1,2020-01-08T16:52:00.000Z,crmid:2201152239,4231cd12-4c73-11ea-8830-b88a60e194fb,prd1032,Home Equity Loan,Mortgage,Personal,14871.19,1,USD,branchid:11000
4232de06-4c73-11ea-90cd-b88a60e194fb-1,2020-01-22T04:43:11.000Z,crmid:4644750925,4232de06-4c73-11ea-90cd-b88a60e194fb,prd1173,Money Market,Investment,Personal,124756.93,1,USD,branchid:11020
4233c83e-4c73-11ea-a665-b88a60e194fb-1,2020-01-26T09:00:58.000Z,crmid:8110902229,4233c83e-4c73-11ea-a665-b88a60e194fb,prd1155,CDs: 5 year,Investment,Personal,160921.83,1,USD,branchid:11119
4234b2a4-4c73-11ea-9f3a-b88a60e194fb-1,2020-01-22T09:33:46.000Z,crmid:5142589668,4234b2a4-4c73-11ea-9f3a-b88a60e194fb,prd1181,Mortgage: 5/1 ARM,Mortgage,Personal,15663.81,1,USD,branchid:11006
42359e22-4c73-11ea-9e61-b88a60e194fb-1,2020-01-08T03:57:04.000Z,crmid:8481140544,42359e22-4c73-11ea-9e61-b88a60e194fb,prd1078,Mortgage: 7/1 ARM,Mortgage,Personal,223875.63,1,USD,branchid:11126
42368754-4c73-11ea-a03b-b88a60e194fb-1,2020-01-20T10:38:08.000Z,crmid:8616855429,42368754-4c73-11ea-a03b-b88a60e194fb,prd1053,Mortgage: VA,Mortgage,Personal,114230.28,1,USD,branchid:11042
4297bb5e-4c73-11ea-bcc5-b88a60e194fb-1,2020-01-20T02:27:02.000Z,crmid:6404416066,4297bb5e-4c73-11ea-bcc5-b88a60e194fb,prd1034,Home Equity Loan,Mortgage,Personal,16154.2,1,USD,branchid:11111
4298a452-4c73-11ea-9c07-b88a60e194fb-1,2020-01-30T15:15:21.000Z,crmid:6859129447,4298a452-4c73-11ea-9c07-b88a60e194fb,prd1042,Roth IRA,Retirement,Personal,128335.53,1,USD,branchid:11096
42998e9c-4c73-11ea-83fd-b88a60e194fb-1,2020-01-14T15:27:17.000Z,crmid:7541133574,42998e9c-4c73-11ea-83fd-b88a60e194fb,prd1182,Brokerage Account,Investment,Personal,13284.86,1,USD,branchid:11048
429a51f6-4c73-11ea-ba01-b88a60e194fb-1,2020-01-02T20:34:54.000Z,crmid:9448973618,429a51f6-4c73-11ea-ba01-b88a60e194fb,prd1157,Brokerage Account,Investment,Personal,16186.76,1,USD,branchid:11058
429b645c-4c73-11ea-be9e-b88a60e194fb-1,2020-01-29T21:24:26.000Z,crmid:7992900756,429b645c-4c73-11ea-be9e-b88a60e194fb,prd1124,CDs: 5 year,Investment,Personal,13896.91,1,USD,branchid:11114
429c7502-4c73-11ea-9b28-b88a60e194fb-1,2020-01-02T18:46:48.000Z,crmid:6123146006,429c7502-4c73-11ea-9b28-b88a60e194fb,prd1077,Roth IRA,Retirement,Personal,218987.58,1,USD,branchid:11071
429d390c-4c73-11ea-a069-b88a60e194fb-1,2020-01-10T08:32:17.000Z,crmid:8137661491,429d390c-4c73-11ea-a069-b88a60e194fb,prd1097,Employee Stock Purchase Plans,Investment,Personal,208391.23,1,USD,branchid:11109
42fc9630-4c73-11ea-b515-b88a60e194fb-1,2020-01-03T22:14:49.000Z,crmid:5182233999,42fc9630-4c73-11ea-b515-b88a60e194fb,prd1115,Mortgage: VA,Mortgage,Personal,145640.4,1,USD,branchid:11054
42fd5ac6-4c73-11ea-8a7e-b88a60e194fb-1,2020-01-31T13:09:56.000Z,crmid:6211993644,42fd5ac6-4c73-11ea-8a7e-b88a60e194fb,prd1029,401k,Retirement,Personal,13505.34,1,USD,branchid:11082
42fe44fa-4c73-11ea-a67f-b88a60e194fb-1,2020-01-22T04:30:23.000Z,crmid:5160353939,42fe44fa-4c73-11ea-a67f-b88a60e194fb,prd1120,Mortgage: 10/1 ARM,Mortgage,Personal,244947.32,1,USD,branchid:11024
42ff2e92-4c73-11ea-a662-b88a60e194fb-1,2020-01-02T20:34:45.000Z,crmid:9370078975,42ff2e92-4c73-11ea-a662-b88a60e194fb,prd1101,Mortgage: 5/1 ARM,Mortgage,Personal,16381.67,1,USD,branchid:11115
43001980-4c73-11ea-adfe-b88a60e194fb-1,2020-01-22T21:16:17.000Z,crmid:1691340159,43001980-4c73-11ea-adfe-b88a60e194fb,prd1028,CDs: 1 year,Investment,Personal,13902.11,1,USD,branchid:11042
4300dcda-4c73-11ea-a25a-b88a60e194fb-1,2020-01-16T02:56:12.000Z,crmid:7414961550,4300dcda-4c73-11ea-a25a-b88a60e194fb,prd1037,Home Equity Loan,Mortgage,Personal,176933.44,1,USD,branchid:11100
4301a098-4c73-11ea-894b-b88a60e194fb-1,2020-01-05T16:27:38.000Z,crmid:7050779676,4301a098-4c73-11ea-894b-b88a60e194fb,prd1175,401k,Retirement,Personal,16842.09,1,USD,branchid:11041
43619998-4c73-11ea-a3f6-b88a60e194fb-1,2020-01-21T23:04:17.000Z,crmid:5803287464,43619998-4c73-11ea-a3f6-b88a60e194fb,prd1068,Mortgage: 7/1 ARM,Mortgage,Personal,162854.02,1,USD,branchid:11014
436283e6-4c73-11ea-b039-b88a60e194fb-1,2020-01-24T04:49:18.000Z,crmid:8026714972,436283e6-4c73-11ea-b039-b88a60e194fb,prd1186,Money Market,Investment,Personal,17465.24,1,USD,branchid:11112
43636e5c-4c73-11ea-9aec-b88a60e194fb-1,2020-01-04T06:36:45.000Z,crmid:5149727032,43636e5c-4c73-11ea-9aec-b88a60e194fb,prd1026,Mortgage: 5/1 ARM,Mortgage,Personal,19081.02,1,USD,branchid:11140
4364a6ac-4c73-11ea-90eb-b88a60e194fb-1,2020-01-21T20:21:43.000Z,crmid:6653755770,4364a6ac-4c73-11ea-90eb-b88a60e194fb,prd1061,Mortgage: 5/1 ARM,Mortgage,Personal,2830432.79,1,USD,branchid:11027
43656b28-4c73-11ea-87eb-b88a60e194fb-1,2020-01-07T23:52:19.000Z,crmid:1081976591,43656b28-4c73-11ea-87eb-b88a60e194fb,prd1189,Overseas Equity Fund,Investment,Personal,173734.96,1,USD,branchid:11150
43662e92-4c73-11ea-a5ec-b88a60e194fb-1,2020-01-11T13:08:32.000Z,crmid:6024128982,43662e92-4c73-11ea-a5ec-b88a60e194fb,prd1042,Roth IRA,Retirement,Personal,168573.64,1,USD,branchid:11013
436717ac-4c73-11ea-9b68-b88a60e194fb-1,2020-01-22T02:22:00.000Z,crmid:5252110677,436717ac-4c73-11ea-9b68-b88a60e194fb,prd1110,Traditional IRA,Retirement,Personal,14184.69,1,USD,branchid:11140
43d78df0-4c73-11ea-9bdf-b88a60e194fb-1,2020-01-22T22:34:35.000Z,crmid:7642289611,43d78df0-4c73-11ea-9bdf-b88a60e194fb,prd1153,CDs: 1 year,Investment,Personal,3235480.81,1,USD,branchid:11063
43d87862-4c73-11ea-be4f-b88a60e194fb-1,2020-01-29T17:59:23.000Z,crmid:2298426732,43d87862-4c73-11ea-be4f-b88a60e194fb,prd1014,CDs: 3 month,Investment,Personal,19409.43,1,USD,branchid:11141
43d93a50-4c73-11ea-b9fe-b88a60e194fb-1,2020-01-21T16:51:17.000Z,crmid:1935454466,43d93a50-4c73-11ea-b9fe-b88a60e194fb,prd1053,Mortgage: VA,Mortgage,Personal,20212.63,1,USD,branchid:11095
43d9fd88-4c73-11ea-91d7-b88a60e194fb-1,2020-01-27T20:27:06.000Z,crmid:8360631743,43d9fd88-4c73-11ea-91d7-b88a60e194fb,prd1111,Pension Account,Retirement,Personal,4224951.12,1,USD,branchid:11043
43dae978-4c73-11ea-ad1f-b88a60e194fb-1,2020-01-26T07:30:36.000Z,crmid:1886985990,43dae978-4c73-11ea-ad1f-b88a60e194fb,prd1144,Home Equity Loan,Mortgage,Personal,9988.8,1,USD,branchid:11141
43dbfa4a-4c73-11ea-9346-b88a60e194fb-1,2020-01-07T02:55:25.000Z,crmid:3992560742,43dbfa4a-4c73-11ea-9346-b88a60e194fb,prd1087,Overseas Equity Fund,Investment,Personal,15529.32,1,USD,branchid:11088
43dcbdb6-4c73-11ea-b67b-b88a60e194fb-1,2020-01-13T14:20:54.000Z,crmid:1349723013,43dcbdb6-4c73-11ea-b67b-b88a60e194fb,prd1034,Home Equity Loan,Mortgage,Personal,11789.89,1,USD,branchid:11076
443f00dc-4c73-11ea-bd06-b88a60e194fb-1,2020-01-04T23:07:35.000Z,crmid:8446298999,443f00dc-4c73-11ea-bd06-b88a60e194fb,prd1186,Money Market,Investment,Personal,9789.36,1,USD,branchid:11131
443feb54-4c73-11ea-a254-b88a60e194fb-1,2020-01-11T22:12:55.000Z,crmid:4221285755,443feb54-4c73-11ea-a254-b88a60e194fb,prd1186,Money Market,Investment,Personal,132010.93,1,USD,branchid:11124
4440ae64-4c73-11ea-9959-b88a60e194fb-1,2020-01-07T10:43:13.000Z,crmid:9577102191,4440ae64-4c73-11ea-9959-b88a60e194fb,prd1139,Employee Stock Purchase Plans,Investment,Personal,16867.98,1,USD,branchid:11101
4441c13a-4c73-11ea-adb4-b88a60e194fb-1,2020-01-31T19:36:57.000Z,crmid:2958619522,4441c13a-4c73-11ea-adb4-b88a60e194fb,prd1174,Traditional IRA,Retirement,Personal,99667.34,1,USD,branchid:11057
44425d74-4c73-11ea-8914-b88a60e194fb-1,2020-01-18T20:30:53.000Z,crmid:2831519378,44425d74-4c73-11ea-8914-b88a60e194fb,prd1064,CDs: 3 month,Investment,Personal,14235.44,1,USD,branchid:11013
44436e6e-4c73-11ea-8999-b88a60e194fb-1,2020-01-19T13:58:01.000Z,crmid:7803064865,44436e6e-4c73-11ea-8999-b88a60e194fb,prd1182,Brokerage Account,Investment,Personal,12583.48,1,USD,branchid:11148
44447f34-4c73-11ea-b4d3-b88a60e194fb-1,2020-01-05T01:50:08.000Z,crmid:8765184061,44447f34-4c73-11ea-b4d3-b88a60e194fb,prd1112,Fixed Deposit,Investment,Personal,16608.4,1,USD,branchid:11146
44a78674-4c73-11ea-b8a3-b88a60e194fb-1,2020-01-29T10:04:37.000Z,crmid:1328880540,44a78674-4c73-11ea-b8a3-b88a60e194fb,prd1139,Employee Stock Purchase Plans,Investment,Personal,149947.76,1,USD,branchid:11057
44a870d8-4c73-11ea-99cc-b88a60e194fb-1,2020-01-12T05:18:06.000Z,crmid:7426762783,44a870d8-4c73-11ea-99cc-b88a60e194fb,prd1101,Mortgage: 5/1 ARM,Mortgage,Personal,20187.13,1,USD,branchid:11027
44a93574-4c73-11ea-a140-b88a60e194fb-1,2020-01-31T14:52:35.000Z,crmid:5138786587,44a93574-4c73-11ea-a140-b88a60e194fb,prd1179,Business Brokerage Account,Investment,Business,201294.72,1,USD,branchid:11063
44aa6c8c-4c73-11ea-ae94-b88a60e194fb-1,2020-01-14T20:40:46.000Z,crmid:5954573538,44aa6c8c-4c73-11ea-ae94-b88a60e194fb,prd1174,Traditional IRA,Retirement,Personal,13408.17,1,USD,branchid:11068
44ab56f4-4c73-11ea-b230-b88a60e194fb-1,2020-01-19T01:34:05.000Z,crmid:5846978690,44ab56f4-4c73-11ea-b230-b88a60e194fb,prd1139,Employee Stock Purchase Plans,Investment,Personal,314894.91,1,USD,branchid:11010
44ac90b0-4c73-11ea-aeb9-b88a60e194fb-1,2020-01-09T14:34:14.000Z,crmid:4336573951,44ac90b0-4c73-11ea-aeb9-b88a60e194fb,prd1042,Roth IRA,Retirement,Personal,11268.94,1,USD,branchid:11066
44ad7c76-4c73-11ea-8c1e-b88a60e194fb-1,2020-01-07T05:53:23.000Z,crmid:6574989603,44ad7c76-4c73-11ea-8c1e-b88a60e194fb,prd1114,CDs: 3 month,Investment,Personal,14457.31,1,USD,branchid:11118
45127d26-4c73-11ea-8dd9-b88a60e194fb-1,2020-01-26T05:27:26.000Z,crmid:1261797527,45127d26-4c73-11ea-8dd9-b88a60e194fb,prd1097,Employee Stock Purchase Plans,Investment,Personal,289878.67,1,USD,branchid:11023
4513678c-4c73-11ea-8572-b88a60e194fb-1,2020-01-02T22:53:00.000Z,crmid:8795711495,4513678c-4c73-11ea-8572-b88a60e194fb,prd1120,Mortgage: 10/1 ARM,Mortgage,Personal,17735.67,1,USD,branchid:11140
451478fa-4c73-11ea-b8af-b88a60e194fb-1,2020-01-24T20:40:50.000Z,crmid:2244865785,451478fa-4c73-11ea-b8af-b88a60e194fb,prd1061,Mortgage: 5/1 ARM,Mortgage,Personal,216993.18,1,USD,branchid:11125
45156364-4c73-11ea-aedd-b88a60e194fb-1,2020-01-16T14:53:16.000Z,crmid:2292173165,45156364-4c73-11ea-aedd-b88a60e194fb,prd1060,Traditional IRA,Retirement,Personal,14086.89,1,USD,branchid:11034
451674cc-4c73-11ea-9c4c-b88a60e194fb-1,2020-01-17T07:34:28.000Z,crmid:3205825845,451674cc-4c73-11ea-9c4c-b88a60e194fb,prd1185,Mortgage: FHA,Mortgage,Personal,18660.08,1,USD,branchid:11089
45175f2c-4c73-11ea-b11a-b88a60e194fb-1,2020-01-02T18:47:09.000Z,crmid:8129028259,45175f2c-4c73-11ea-b11a-b88a60e194fb,prd1030,401k,Retirement,Personal,16033.54,1,USD,branchid:11034
4518498c-4c73-11ea-9854-b88a60e194fb-1,2020-01-12T04:57:38.000Z,crmid:9412557315,4518498c-4c73-11ea-9854-b88a60e194fb,prd1079,Mortgage: 30-yr Fixed,Mortgage,Personal,15717.72,1,USD,branchid:11026
458082c0-4c73-11ea-a568-b88a60e194fb-1,2020-01-26T04:20:54.000Z,crmid:5502864722,458082c0-4c73-11ea-a568-b88a60e194fb,prd1120,Mortgage: 10/1 ARM,Mortgage,Personal,15482.12,1,USD,branchid:11054
45819254-4c73-11ea-a13c-b88a60e194fb-1,2020-01-14T05:11:08.000Z,crmid:3047213537,45819254-4c73-11ea-a13c-b88a60e194fb,prd1172,Employee Stock Purchase Plans,Investment,Personal,220912.37,1,USD,branchid:11148
458255a2-4c73-11ea-ba6d-b88a60e194fb-1,2020-01-04T00:46:51.000Z,crmid:2049765766,458255a2-4c73-11ea-ba6d-b88a60e194fb,prd1045,Mortgage: 10/1 ARM,Mortgage,Personal,17000.41,1,USD,branchid:11115
458318fe-4c73-11ea-97b3-b88a60e194fb-1,2020-01-19T01:25:47.000Z,crmid:2103021378,458318fe-4c73-11ea-97b3-b88a60e194fb,prd1021,CDs: 5 year,Investment,Personal,200237.82,1,USD,branchid:11105
45842a92-4c73-11ea-932f-b88a60e194fb-1,2020-01-28T18:53:45.000Z,crmid:9949893842,45842a92-4c73-11ea-932f-b88a60e194fb,prd1120,Mortgage: 10/1 ARM,Mortgage,Personal,194984.9,1,USD,branchid:11081
4584ee5c-4c73-11ea-9c73-b88a60e194fb-1,2020-01-07T11:21:41.000Z,crmid:9486162396,4584ee5c-4c73-11ea-9c73-b88a60e194fb,prd1182,Brokerage Account,Investment,Personal,14020.87,1,USD,branchid:11096
4585d818-4c73-11ea-8b50-b88a60e194fb-1,2020-01-25T19:05:42.000Z,crmid:9032129017,4585d818-4c73-11ea-8b50-b88a60e194fb,prd1021,CDs: 5 year,Investment,Personal,13048.29,1,USD,branchid:11090
45ecb1da-4c73-11ea-86d6-b88a60e194fb-1,2020-01-28T19:19:16.000Z,crmid:7965947397,45ecb1da-4c73-11ea-86d6-b88a60e194fb,prd1061,Mortgage: 5/1 ARM,Mortgage,Personal,18031.41,1,USD,branchid:11002
45ede9c6-4c73-11ea-8bfa-b88a60e194fb-1,2020-01-14T15:49:57.000Z,crmid:3700880735,45ede9c6-4c73-11ea-8bfa-b88a60e194fb,prd1079,Mortgage: 30-yr Fixed,Mortgage,Personal,4756976.49,1,USD,branchid:11120
45ef48d2-4c73-11ea-93eb-b88a60e194fb-1,2020-01-25T18:49:54.000Z,crmid:6801082682,45ef48d2-4c73-11ea-93eb-b88a60e194fb,prd1151,Mortgage: 10 yr Fixed,Mortgage,Personal,183449.97,1,USD,branchid:11028
45f0340a-4c73-11ea-9459-b88a60e194fb-1,2020-01-10T17:58:24.000Z,crmid:3895783833,45f0340a-4c73-11ea-9459-b88a60e194fb,prd1108,401k,Retirement,Personal,291353.03,1,USD,branchid:11028
45f145a2-4c73-11ea-acd0-b88a60e194fb-1,2020-01-28T04:13:01.000Z,crmid:1295864604,45f145a2-4c73-11ea-acd0-b88a60e194fb,prd1108,401k,Retirement,Personal,212835.34,1,USD,branchid:11011
45f25566-4c73-11ea-b829-b88a60e194fb-1,2020-01-26T15:01:17.000Z,crmid:9596379302,45f25566-4c73-11ea-b829-b88a60e194fb,prd1153,CDs: 1 year,Investment,Personal,15940.56,1,USD,branchid:11032
45f33ffe-4c73-11ea-b2bb-b88a60e194fb-1,2020-01-02T16:58:05.000Z,crmid:3001615424,45f33ffe-4c73-11ea-b2bb-b88a60e194fb,prd1123,Mortgage: 10 yr Fixed,Mortgage,Personal,16850.75,1,USD,branchid:11133
46524fe8-4c73-11ea-a04d-b88a60e194fb-1,2020-01-29T10:48:09.000Z,crmid:8735938116,46524fe8-4c73-11ea-a04d-b88a60e194fb,prd1154,Mortgage: 30-yr Fixed,Mortgage,Personal,14327.73,1,USD,branchid:11038
46533b26-4c73-11ea-982a-b88a60e194fb-1,2020-01-07T17:14:00.000Z,crmid:2075180486,46533b26-4c73-11ea-982a-b88a60e194fb,prd1123,Mortgage: 10 yr Fixed,Mortgage,Personal,18927.96,1,USD,branchid:11080
4653fd58-4c73-11ea-a375-b88a60e194fb-1,2020-01-25T12:16:43.000Z,crmid:5633998857,4653fd58-4c73-11ea-a375-b88a60e194fb,prd1029,401k,Retirement,Personal,209224.36,1,USD,branchid:11041
465535c0-4c73-11ea-8558-b88a60e194fb-1,2020-01-03T01:52:19.000Z,crmid:1130452773,465535c0-4c73-11ea-8558-b88a60e194fb,prd1108,401k,Retirement,Personal,3391697.42,1,USD,branchid:11058
4655f90a-4c73-11ea-a2e2-b88a60e194fb-1,2020-01-24T10:46:31.000Z,crmid:6669167507,4655f90a-4c73-11ea-a2e2-b88a60e194fb,prd1049,Business Brokerage Account,Investment,Business,194942.77,1,USD,branchid:11010
4656bc54-4c73-11ea-b1d3-b88a60e194fb-1,2020-01-01T23:08:39.000Z,crmid:7215346882,4656bc54-4c73-11ea-b1d3-b88a60e194fb,prd1008,Traditional IRA,Retirement,Personal,14321.95,1,USD,branchid:11000
4657cdb8-4c73-11ea-89c4-b88a60e194fb-1,2020-01-19T19:39:19.000Z,crmid:7430286449,4657cdb8-4c73-11ea-89c4-b88a60e194fb,prd1157,Brokerage Account,Investment,Personal,11780.58,1,USD,branchid:11071
46b704dc-4c73-11ea-9f67-b88a60e194fb-1,2020-01-28T19:16:44.000Z,crmid:9470198967,46b704dc-4c73-11ea-9f67-b88a60e194fb,prd1115,Mortgage: VA,Mortgage,Personal,21497.61,1,USD,branchid:11106
46b7ef50-4c73-11ea-9f75-b88a60e194fb-1,2020-01-20T02:17:36.000Z,crmid:5088967542,46b7ef50-4c73-11ea-9f75-b88a60e194fb,prd1154,Mortgage: 30-yr Fixed,Mortgage,Personal,9485.66,1,USD,branchid:11056
46b8d99a-4c73-11ea-80b1-b88a60e194fb-1,2020-01-02T20:16:27.000Z,crmid:5013310162,46b8d99a-4c73-11ea-80b1-b88a60e194fb,prd1108,401k,Retirement,Personal,214636.42,1,USD,branchid:11108
46b9c3de-4c73-11ea-aa77-b88a60e194fb-1,2020-01-19T17:05:23.000Z,crmid:2040888825,46b9c3de-4c73-11ea-aa77-b88a60e194fb,prd1121,Mortgage: 30-yr Fixed,Mortgage,Personal,9654.97,1,USD,branchid:11146
46baae58-4c73-11ea-8c3a-b88a60e194fb-1,2020-01-06T02:12:33.000Z,crmid:3183281576,46baae58-4c73-11ea-8c3a-b88a60e194fb,prd1024,Mortgage: FHA,Mortgage,Personal,3766064.49,1,USD,branchid:11080
46bb7182-4c73-11ea-9039-b88a60e194fb-1,2020-01-25T07:38:19.000Z,crmid:3447655559,46bb7182-4c73-11ea-9039-b88a60e194fb,prd1175,401k,Retirement,Personal,249874.93,1,USD,branchid:11048
46bcd150-4c73-11ea-8f89-b88a60e194fb-1,2020-01-01T01:34:55.000Z,crmid:6624180197,46bcd150-4c73-11ea-8f89-b88a60e194fb,prd1060,Traditional IRA,Retirement,Personal,4807673.4,1,USD,branchid:11007
471fb19c-4c73-11ea-b225-b88a60e194fb-1,2020-01-09T21:05:27.000Z,crmid:5117110618,471fb19c-4c73-11ea-b225-b88a60e194fb,prd1047,Mortgage: 10 yr Fixed,Mortgage,Personal,234656.37,1,USD,branchid:11076
47209d1c-4c73-11ea-bf53-b88a60e194fb-1,2020-01-18T22:32:41.000Z,crmid:4904144835,47209d1c-4c73-11ea-bf53-b88a60e194fb,prd1182,Brokerage Account,Investment,Personal,210426.02,1,USD,branchid:11138
47215f24-4c73-11ea-afc4-b88a60e194fb-1,2020-01-14T19:03:10.000Z,crmid:1911287053,47215f24-4c73-11ea-afc4-b88a60e194fb,prd1144,Home Equity Loan,Mortgage,Personal,12059.42,1,USD,branchid:11086
47224a74-4c73-11ea-a787-b88a60e194fb-1,2020-01-09T11:20:30.000Z,crmid:1302068521,47224a74-4c73-11ea-a787-b88a60e194fb,prd1114,CDs: 3 month,Investment,Personal,215053.04,1,USD,branchid:11002
47230e5c-4c73-11ea-8264-b88a60e194fb-1,2020-01-12T09:40:59.000Z,crmid:8259000971,47230e5c-4c73-11ea-8264-b88a60e194fb,prd1150,Money Market,Investment,Personal,213197.82,1,USD,branchid:11120
4723d034-4c73-11ea-9bf3-b88a60e194fb-1,2020-01-27T11:20:16.000Z,crmid:7144098303,4723d034-4c73-11ea-9bf3-b88a60e194fb,prd1013,Mortgage: FHA,Mortgage,Personal,16488.72,1,USD,branchid:11117
4724e2e8-4c73-11ea-8735-b88a60e194fb-1,2020-01-08T06:54:59.000Z,crmid:7850307477,4724e2e8-4c73-11ea-8735-b88a60e194fb,prd1174,Traditional IRA,Retirement,Personal,10062.93,1,USD,branchid:11027
4784b558-4c73-11ea-9f95-b88a60e194fb-1,2020-01-28T18:48:31.000Z,crmid:6759588537,4784b558-4c73-11ea-9f95-b88a60e194fb,prd1021,CDs: 5 year,Investment,Personal,221442.39,1,USD,branchid:11130
47859f22-4c73-11ea-84cb-b88a60e194fb-1,2020-01-22T22:05:03.000Z,crmid:3234125635,47859f22-4c73-11ea-84cb-b88a60e194fb,prd1181,Mortgage: 5/1 ARM,Mortgage,Personal,17859.59,1,USD,branchid:11046
47868ab8-4c73-11ea-8de9-b88a60e194fb-1,2020-01-18T09:46:45.000Z,crmid:1091799339,47868ab8-4c73-11ea-8de9-b88a60e194fb,prd1088,CDs: 1 year,Investment,Personal,12496.1,1,USD,branchid:11115
47874dc2-4c73-11ea-91f0-b88a60e194fb-1,2020-01-23T21:00:29.000Z,crmid:9771332645,47874dc2-4c73-11ea-91f0-b88a60e194fb,prd1042,Roth IRA,Retirement,Personal,16814.47,1,USD,branchid:11062
47885eac-4c73-11ea-b1e7-b88a60e194fb-1,2020-01-18T05:53:56.000Z,crmid:7696174561,47885eac-4c73-11ea-b1e7-b88a60e194fb,prd1045,Mortgage: 10/1 ARM,Mortgage,Personal,3787705.68,1,USD,branchid:11002
47894870-4c73-11ea-a1ab-b88a60e194fb-1,2020-01-17T00:48:41.000Z,crmid:7843865310,47894870-4c73-11ea-a1ab-b88a60e194fb,prd1108,401k,Retirement,Personal,3802097.24,1,USD,branchid:11067
478a0bbe-4c73-11ea-a5a4-b88a60e194fb-1,2020-01-18T16:52:44.000Z,crmid:4332262764,478a0bbe-4c73-11ea-a5a4-b88a60e194fb,prd1114,CDs: 3 month,Investment,Personal,12420.43,1,USD,branchid:11014
47e9df2e-4c73-11ea-b620-b88a60e194fb-1,2020-01-01T20:20:58.000Z,crmid:5190876388,47e9df2e-4c73-11ea-b620-b88a60e194fb,prd1064,CDs: 3 month,Investment,Personal,10679.29,1,USD,branchid:11017
47eaa35c-4c73-11ea-b993-b88a60e194fb-1,2020-01-17T11:46:04.000Z,crmid:2202324477,47eaa35c-4c73-11ea-b993-b88a60e194fb,prd1110,Traditional IRA,Retirement,Personal,13908.7,1,USD,branchid:11025
47ebb3b6-4c73-11ea-8ef0-b88a60e194fb-1,2020-01-08T10:41:13.000Z,crmid:9233401633,47ebb3b6-4c73-11ea-8ef0-b88a60e194fb,prd1030,401k,Retirement,Personal,18730.43,1,USD,branchid:11119
47ec9e08-4c73-11ea-9c33-b88a60e194fb-1,2020-01-23T03:38:32.000Z,crmid:6010294036,47ec9e08-4c73-11ea-9c33-b88a60e194fb,prd1046,Mortgage: VA,Mortgage,Personal,12965.63,1,USD,branchid:11065
47ed8868-4c73-11ea-b424-b88a60e194fb-1,2020-01-09T16:17:58.000Z,crmid:8920127688,47ed8868-4c73-11ea-b424-b88a60e194fb,prd1014,CDs: 3 month,Investment,Personal,267155.93,1,USD,branchid:11073
47ee72f8-4c73-11ea-a77b-b88a60e194fb-1,2020-01-17T16:48:27.000Z,crmid:1415746983,47ee72f8-4c73-11ea-a77b-b88a60e194fb,prd1068,Mortgage: 7/1 ARM,Mortgage,Personal,13370.55,1,USD,branchid:11073
47ef3736-4c73-11ea-8c70-b88a60e194fb-1,2020-01-23T09:36:22.000Z,crmid:3920698821,47ef3736-4c73-11ea-8c70-b88a60e194fb,prd1026,Mortgage: 5/1 ARM,Mortgage,Personal,18002.53,1,USD,branchid:11107
4851538a-4c73-11ea-add8-b88a60e194fb-1,2020-01-24T01:10:09.000Z,crmid:7961596350,4851538a-4c73-11ea-add8-b88a60e194fb,prd1028,CDs: 1 year,Investment,Personal,219513.23,1,USD,branchid:11105
48523db4-4c73-11ea-9194-b88a60e194fb-1,2020-01-04T18:59:12.000Z,crmid:9604529267,48523db4-4c73-11ea-9194-b88a60e194fb,prd1034,Home Equity Loan,Mortgage,Personal,11590.75,1,USD,branchid:11091
48532900-4c73-11ea-8954-b88a60e194fb-1,2020-01-16T21:32:29.000Z,crmid:8295919371,48532900-4c73-11ea-8954-b88a60e194fb,prd1181,Mortgage: 5/1 ARM,Mortgage,Personal,141986.03,1,USD,branchid:11117
4853ecc8-4c73-11ea-803c-b88a60e194fb-1,2020-01-04T14:39:07.000Z,crmid:6597955667,4853ecc8-4c73-11ea-803c-b88a60e194fb,prd1131,Employee Stock Purchase Plans,Investment,Personal,3202107.82,1,USD,branchid:11092
4854afa8-4c73-11ea-b240-b88a60e194fb-1,2020-01-12T01:33:57.000Z,crmid:8641797924,4854afa8-4c73-11ea-b240-b88a60e194fb,prd1008,Traditional IRA,Retirement,Personal,11118.26,1,USD,branchid:11125
4855733e-4c73-11ea-be85-b88a60e194fb-1,2020-01-26T03:48:53.000Z,crmid:5790892109,4855733e-4c73-11ea-be85-b88a60e194fb,prd1008,Traditional IRA,Retirement,Personal,209859.04,1,USD,branchid:11148
4856aa86-4c73-11ea-b7df-b88a60e194fb-1,2020-01-02T18:20:07.000Z,crmid:5569861377,4856aa86-4c73-11ea-b7df-b88a60e194fb,prd1013,Mortgage: FHA,Mortgage,Personal,20327.9,1,USD,branchid:11110
48b7de26-4c73-11ea-9e56-b88a60e194fb-1,2020-01-12T23:08:44.000Z,crmid:8650967302,48b7de26-4c73-11ea-9e56-b88a60e194fb,prd1139,Employee Stock Purchase Plans,Investment,Personal,16434.94,1,USD,branchid:11021
48b8c794-4c73-11ea-bbec-b88a60e194fb-1,2020-01-22T10:18:44.000Z,crmid:5085915177,48b8c794-4c73-11ea-bbec-b88a60e194fb,prd1184,Fixed Deposit,Investment,Personal,19250.86,1,USD,branchid:11106
48b9b1ee-4c73-11ea-9d5f-b88a60e194fb-1,2020-01-31T05:41:36.000Z,crmid:7888199077,48b9b1ee-4c73-11ea-9d5f-b88a60e194fb,prd1087,Overseas Equity Fund,Investment,Personal,15143.7,1,USD,branchid:11140
48ba7634-4c73-11ea-855a-b88a60e194fb-1,2020-01-25T16:19:07.000Z,crmid:5494720976,48ba7634-4c73-11ea-855a-b88a60e194fb,prd1120,Mortgage: 10/1 ARM,Mortgage,Personal,13762.33,1,USD,branchid:11146
48bb1262-4c73-11ea-8f62-b88a60e194fb-1,2020-01-16T01:32:05.000Z,crmid:4168384516,48bb1262-4c73-11ea-8f62-b88a60e194fb,prd1034,Home Equity Loan,Mortgage,Personal,14426.42,1,USD,branchid:11095
48bbfbdc-4c73-11ea-b325-b88a60e194fb-1,2020-01-14T04:32:00.000Z,crmid:9132648982,48bbfbdc-4c73-11ea-b325-b88a60e194fb,prd1185,Mortgage: FHA,Mortgage,Personal,217946.25,1,USD,branchid:11017
48bce63e-4c73-11ea-876a-b88a60e194fb-1,2020-01-19T15:15:22.000Z,crmid:1183473243,48bce63e-4c73-11ea-876a-b88a60e194fb,prd1120,Mortgage: 10/1 ARM,Mortgage,Personal,17236.19,1,USD,branchid:11129
4922fae2-4c73-11ea-a193-b88a60e194fb-1,2020-01-24T04:24:54.000Z,crmid:4203481976,4922fae2-4c73-11ea-a193-b88a60e194fb,prd1061,Mortgage: 5/1 ARM,Mortgage,Personal,193631.29,1,USD,branchid:11118
4923e688-4c73-11ea-8a00-b88a60e194fb-1,2020-01-10T03:49:48.000Z,crmid:5416204872,4923e688-4c73-11ea-8a00-b88a60e194fb,prd1176,Overseas Equity Fund,Investment,Personal,16991.31,1,USD,branchid:11064
4924cf9c-4c73-11ea-bb42-b88a60e194fb-1,2020-01-23T23:59:14.000Z,crmid:6123182355,4924cf9c-4c73-11ea-bb42-b88a60e194fb,prd1174,Traditional IRA,Retirement,Personal,13782.81,1,USD,branchid:11149
4925942c-4c73-11ea-8ba9-b88a60e194fb-1,2020-01-19T15:05:17.000Z,crmid:6231870811,4925942c-4c73-11ea-8ba9-b88a60e194fb,prd1068,Mortgage: 7/1 ARM,Mortgage,Personal,15000.2,1,USD,branchid:11016
4926577e-4c73-11ea-ab1f-b88a60e194fb-1,2020-01-08T17:50:21.000Z,crmid:1658943477,4926577e-4c73-11ea-ab1f-b88a60e194fb,prd1139,Employee Stock Purchase Plans,Investment,Personal,121177.33,1,USD,branchid:11028
49278f68-4c73-11ea-b386-b88a60e194fb-1,2020-01-18T12:14:56.000Z,crmid:3323937378,49278f68-4c73-11ea-b386-b88a60e194fb,prd1041,Mortgage: 7/1 ARM,Mortgage,Personal,15980.86,1,USD,branchid:11095
4928791e-4c73-11ea-b59f-b88a60e194fb-1,2020-01-29T02:17:46.000Z,crmid:8081100358,4928791e-4c73-11ea-b59f-b88a60e194fb,prd1154,Mortgage: 30-yr Fixed,Mortgage,Personal,16709.61,1,USD,branchid:11073
498936d0-4c73-11ea-ad87-b88a60e194fb-1,2020-01-14T00:37:38.000Z,crmid:8304782401,498936d0-4c73-11ea-ad87-b88a60e194fb,prd1125,Mortgage: FHA,Mortgage,Personal,132761.47,1,USD,branchid:11129
498a6f58-4c73-11ea-98dd-b88a60e194fb-1,2020-01-08T15:34:47.000Z,crmid:2374853678,498a6f58-4c73-11ea-98dd-b88a60e194fb,prd1159,CDs: 3 month,Investment,Personal,17615.03,1,USD,branchid:11024
498b8070-4c73-11ea-b771-b88a60e194fb-1,2020-01-25T15:34:02.000Z,crmid:7098568609,498b8070-4c73-11ea-b771-b88a60e194fb,prd1172,Employee Stock Purchase Plans,Investment,Personal,16604.66,1,USD,branchid:11082
498c6abe-4c73-11ea-b9b9-b88a60e194fb-1,2020-01-20T08:24:24.000Z,crmid:8396132701,498c6abe-4c73-11ea-b9b9-b88a60e194fb,prd1153,CDs: 1 year,Investment,Personal,300331.86,1,USD,branchid:11122
498d7c76-4c73-11ea-a34c-b88a60e194fb-1,2020-01-27T02:26:20.000Z,crmid:8095348653,498d7c76-4c73-11ea-a34c-b88a60e194fb,prd1073,Business Brokerage Account,Investment,Business,205461.25,1,USD,branchid:11002
498e3fa4-4c73-11ea-ad92-b88a60e194fb-1,2020-01-01T15:53:10.000Z,crmid:9948187984,498e3fa4-4c73-11ea-ad92-b88a60e194fb,prd1176,Overseas Equity Fund,Investment,Personal,208449.55,1,USD,branchid:11121
498f2a1c-4c73-11ea-bb73-b88a60e194fb-1,2020-01-28T19:43:40.000Z,crmid:2935659190,498f2a1c-4c73-11ea-bb73-b88a60e194fb,prd1159,CDs: 3 month,Investment,Personal,17492.21,1,USD,branchid:11123
49f39264-4c73-11ea-92a9-b88a60e194fb-1,2020-01-20T22:45:17.000Z,crmid:5877479414,49f39264-4c73-11ea-92a9-b88a60e194fb,prd1037,Home Equity Loan,Mortgage,Personal,16108.05,1,USD,branchid:11011
49f47b94-4c73-11ea-849e-b88a60e194fb-1,2020-01-08T21:47:53.000Z,crmid:2288567718,49f47b94-4c73-11ea-849e-b88a60e194fb,prd1181,Mortgage: 5/1 ARM,Mortgage,Personal,233204.14,1,USD,branchid:11030
49f565dc-4c73-11ea-8abf-b88a60e194fb-1,2020-01-25T16:21:19.000Z,crmid:5505383525,49f565dc-4c73-11ea-8abf-b88a60e194fb,prd1033,Fixed Deposit,Investment,Personal,16896.51,1,USD,branchid:11088
49f65028-4c73-11ea-8f97-b88a60e194fb-1,2020-01-05T14:42:26.000Z,crmid:2036635617,49f65028-4c73-11ea-8f97-b88a60e194fb,prd1008,Traditional IRA,Retirement,Personal,166494.21,1,USD,branchid:11095
49f71368-4c73-11ea-bb4f-b88a60e194fb-1,2020-01-10T02:36:54.000Z,crmid:1403945148,49f71368-4c73-11ea-bb4f-b88a60e194fb,prd1032,Home Equity Loan,Mortgage,Personal,226752.94,1,USD,branchid:11116
49f7fdcc-4c73-11ea-b7fa-b88a60e194fb-1,2020-01-04T14:35:07.000Z,crmid:4964423586,49f7fdcc-4c73-11ea-b7fa-b88a60e194fb,prd1182,Brokerage Account,Investment,Personal,269359.09,1,USD,branchid:11103
49f8c262-4c73-11ea-b3f7-b88a60e194fb-1,2020-01-16T01:29:24.000Z,crmid:1147945810,49f8c262-4c73-11ea-b3f7-b88a60e194fb,prd1151,Mortgage: 10 yr Fixed,Mortgage,Personal,16698.88,1,USD,branchid:11046
4a5a6a5c-4c73-11ea-9814-b88a60e194fb-1,2020-01-10T14:37:31.000Z,crmid:6950070627,4a5a6a5c-4c73-11ea-9814-b88a60e194fb,prd1047,Mortgage: 10 yr Fixed,Mortgage,Personal,199273.39,1,USD,branchid:11119
4a5b5342-4c73-11ea-b837-b88a60e194fb-1,2020-01-13T23:15:38.000Z,crmid:5215324279,4a5b5342-4c73-11ea-b837-b88a60e194fb,prd1087,Overseas Equity Fund,Investment,Personal,238128.98,1,USD,branchid:11063
4a5c168a-4c73-11ea-a014-b88a60e194fb-1,2020-01-14T17:07:51.000Z,crmid:9219876187,4a5c168a-4c73-11ea-a014-b88a60e194fb,prd1153,CDs: 1 year,Investment,Personal,219221.42,1,USD,branchid:11016
4a5d0112-4c73-11ea-85f4-b88a60e194fb-1,2020-01-16T22:47:49.000Z,crmid:8897640722,4a5d0112-4c73-11ea-85f4-b88a60e194fb,prd1047,Mortgage: 10 yr Fixed,Mortgage,Personal,15008.83,1,USD,branchid:11005
4a5deb7e-4c73-11ea-b8bf-b88a60e194fb-1,2020-01-17T01:33:40.000Z,crmid:5797698556,4a5deb7e-4c73-11ea-b8bf-b88a60e194fb,prd1025,Brokerage Account,Investment,Personal,154452.41,1,USD,branchid:11137
4a5efd22-4c73-11ea-926a-b88a60e194fb-1,2020-01-20T19:33:14.000Z,crmid:7341351041,4a5efd22-4c73-11ea-926a-b88a60e194fb,prd1032,Home Equity Loan,Mortgage,Personal,265244.76,1,USD,branchid:11126
4a600e62-4c73-11ea-b9c7-b88a60e194fb-1,2020-01-19T17:43:27.000Z,crmid:2763552025,4a600e62-4c73-11ea-b9c7-b88a60e194fb,prd1172,Employee Stock Purchase Plans,Investment,Personal,124604.96,1,USD,branchid:11101
4ac4c4be-4c73-11ea-92d6-b88a60e194fb-1,2020-01-10T03:15:39.000Z,crmid:3683063025,4ac4c4be-4c73-11ea-92d6-b88a60e194fb,prd1184,Fixed Deposit,Investment,Personal,231238.54,1,USD,branchid:11013
4ac5addc-4c73-11ea-8c8d-b88a60e194fb-1,2020-01-10T22:27:26.000Z,crmid:5972480158,4ac5addc-4c73-11ea-8c8d-b88a60e194fb,prd1108,401k,Retirement,Personal,9757.97,1,USD,branchid:11081
4ac67212-4c73-11ea-a15d-b88a60e194fb-1,2020-01-13T01:03:30.000Z,crmid:5685050395,4ac67212-4c73-11ea-a15d-b88a60e194fb,prd1060,Traditional IRA,Retirement,Personal,238815.49,1,USD,branchid:11058
4ac84634-4c73-11ea-8e41-b88a60e194fb-1,2020-01-08T20:30:14.000Z,crmid:3486318158,4ac84634-4c73-11ea-8e41-b88a60e194fb,prd1153,CDs: 1 year,Investment,Personal,17973.69,1,USD,branchid:11011
4ac9584c-4c73-11ea-9455-b88a60e194fb-1,2020-01-21T04:34:19.000Z,crmid:6132165004,4ac9584c-4c73-11ea-9455-b88a60e194fb,prd1030,401k,Retirement,Personal,16733.82,1,USD,branchid:11056
4aca1bee-4c73-11ea-b84f-b88a60e194fb-1,2020-01-14T23:03:11.000Z,crmid:5625689451,4aca1bee-4c73-11ea-b84f-b88a60e194fb,prd1111,Pension Account,Retirement,Personal,14292.04,1,USD,branchid:11062
4acb04cc-4c73-11ea-8203-b88a60e194fb-1,2020-01-29T07:46:46.000Z,crmid:4067718384,4acb04cc-4c73-11ea-8203-b88a60e194fb,prd1111,Pension Account,Retirement,Personal,12553.19,1,USD,branchid:11072
4b30084a-4c73-11ea-a247-b88a60e194fb-1,2020-01-10T08:15:38.000Z,crmid:8972671594,4b30084a-4c73-11ea-a247-b88a60e194fb,prd1175,401k,Retirement,Personal,202822.4,1,USD,branchid:11043
4b3119b6-4c73-11ea-ad93-b88a60e194fb-1,2020-01-07T15:14:00.000Z,crmid:5201380076,4b3119b6-4c73-11ea-ad93-b88a60e194fb,prd1174,Traditional IRA,Retirement,Personal,12921.96,1,USD,branchid:11006
4b3203f4-4c73-11ea-95f9-b88a60e194fb-1,2020-01-31T21:42:27.000Z,crmid:1067871541,4b3203f4-4c73-11ea-95f9-b88a60e194fb,prd1008,Traditional IRA,Retirement,Personal,11369.68,1,USD,branchid:11021
4b32c754-4c73-11ea-a9f9-b88a60e194fb-1,2020-01-19T12:50:47.000Z,crmid:2257033580,4b32c754-4c73-11ea-a9f9-b88a60e194fb,prd1111,Pension Account,Retirement,Personal,239342.25,1,USD,branchid:11062
4b338aa2-4c73-11ea-9c20-b88a60e194fb-1,2020-01-20T00:18:00.000Z,crmid:9944566622,4b338aa2-4c73-11ea-9c20-b88a60e194fb,prd1083,Pension Account,Retirement,Personal,15622.85,1,USD,branchid:11144
4b349c92-4c73-11ea-a556-b88a60e194fb-1,2020-01-01T16:14:24.000Z,crmid:8251924987,4b349c92-4c73-11ea-a556-b88a60e194fb,prd1121,Mortgage: 30-yr Fixed,Mortgage,Personal,191187.08,1,USD,branchid:11030
4b35aec2-4c73-11ea-a77f-b88a60e194fb-1,2020-01-19T04:47:03.000Z,crmid:4983049549,4b35aec2-4c73-11ea-a77f-b88a60e194fb,prd1131,Employee Stock Purchase Plans,Investment,Personal,290134.98,1,USD,branchid:11131
4b992b5a-4c73-11ea-b3df-b88a60e194fb-1,2020-01-13T22:06:04.000Z,crmid:3513522193,4b992b5a-4c73-11ea-b3df-b88a60e194fb,prd1061,Mortgage: 5/1 ARM,Mortgage,Personal,197818.82,1,USD,branchid:11117
4b9a6394-4c73-11ea-a725-b88a60e194fb-1,2020-01-03T11:24:56.000Z,crmid:6477562630,4b9a6394-4c73-11ea-a725-b88a60e194fb,prd1173,Money Market,Investment,Personal,5002361.66,1,USD,branchid:11049
4b9b7418-4c73-11ea-8aa7-b88a60e194fb-1,2020-01-06T14:21:40.000Z,crmid:4268197810,4b9b7418-4c73-11ea-8aa7-b88a60e194fb,prd1079,Mortgage: 30-yr Fixed,Mortgage,Personal,11669.08,1,USD,branchid:11028
4b9c5e42-4c73-11ea-9a53-b88a60e194fb-1,2020-01-19T00:58:37.000Z,crmid:2385581995,4b9c5e42-4c73-11ea-9a53-b88a60e194fb,prd1157,Brokerage Account,Investment,Personal,11248.93,1,USD,branchid:11067
4b9d48cc-4c73-11ea-992d-b88a60e194fb-1,2020-01-26T22:34:10.000Z,crmid:5745218528,4b9d48cc-4c73-11ea-992d-b88a60e194fb,prd1073,Business Brokerage Account,Investment,Business,11306.21,1,USD,branchid:11116
4b9e344c-4c73-11ea-9148-b88a60e194fb-1,2020-01-04T22:15:01.000Z,crmid:4959768731,4b9e344c-4c73-11ea-9148-b88a60e194fb,prd1021,CDs: 5 year,Investment,Personal,242678.39,1,USD,branchid:11063
4b9f4486-4c73-11ea-9879-b88a60e194fb-1,2020-01-15T17:12:25.000Z,crmid:8627701673,4b9f4486-4c73-11ea-9879-b88a60e194fb,prd1173,Money Market,Investment,Personal,16821.62,1,USD,branchid:11035
4c049706-4c73-11ea-8091-b88a60e194fb-1,2020-01-28T23:57:53.000Z,crmid:6489016894,4c049706-4c73-11ea-8091-b88a60e194fb,prd1028,CDs: 1 year,Investment,Personal,266862.79,1,USD,branchid:11082
4c05805c-4c73-11ea-a2c1-b88a60e194fb-1,2020-01-12T13:08:25.000Z,crmid:8939549154,4c05805c-4c73-11ea-a2c1-b88a60e194fb,prd1155,CDs: 5 year,Investment,Personal,265609.61,1,USD,branchid:11100
4c06b8b6-4c73-11ea-a6a4-b88a60e194fb-1,2020-01-04T08:30:02.000Z,crmid:1800156095,4c06b8b6-4c73-11ea-a6a4-b88a60e194fb,prd1153,CDs: 1 year,Investment,Personal,16602.69,1,USD,branchid:11019
4c07a30a-4c73-11ea-9559-b88a60e194fb-1,2020-01-19T22:35:10.000Z,crmid:8708399718,4c07a30a-4c73-11ea-9559-b88a60e194fb,prd1154,Mortgage: 30-yr Fixed,Mortgage,Personal,268080.6,1,USD,branchid:11093
4c088d8c-4c73-11ea-ae6d-b88a60e194fb-1,2020-01-19T23:08:38.000Z,crmid:5499563647,4c088d8c-4c73-11ea-ae6d-b88a60e194fb,prd1115,Mortgage: VA,Mortgage,Personal,127947.29,1,USD,branchid:11077
4c09a02e-4c73-11ea-b048-b88a60e194fb-1,2020-01-26T21:08:58.000Z,crmid:1308613100,4c09a02e-4c73-11ea-b048-b88a60e194fb,prd1114,CDs: 3 month,Investment,Personal,220310.71,1,USD,branchid:11030
4c0ad8cc-4c73-11ea-a39b-b88a60e194fb-1,2020-01-24T12:09:54.000Z,crmid:7877608221,4c0ad8cc-4c73-11ea-a39b-b88a60e194fb,prd1026,Mortgage: 5/1 ARM,Mortgage,Personal,11621.66,1,USD,branchid:11104
4c70ec94-4c73-11ea-aeee-b88a60e194fb-1,2020-01-09T07:43:52.000Z,crmid:3580977268,4c70ec94-4c73-11ea-aeee-b88a60e194fb,prd1124,CDs: 5 year,Investment,Personal,20076.63,1,USD,branchid:11110
4c71fdac-4c73-11ea-a709-b88a60e194fb-1,2020-01-05T12:11:22.000Z,crmid:4425451242,4c71fdac-4c73-11ea-a709-b88a60e194fb,prd1087,Overseas Equity Fund,Investment,Personal,246223.55,1,USD,branchid:11029
4c72c0c8-4c73-11ea-bd51-b88a60e194fb-1,2020-01-08T06:20:00.000Z,crmid:4713526162,4c72c0c8-4c73-11ea-bd51-b88a60e194fb,prd1033,Fixed Deposit,Investment,Personal,16394.16,1,USD,branchid:11078
4c74209e-4c73-11ea-8d18-b88a60e194fb-1,2020-01-12T17:28:41.000Z,crmid:8017298074,4c74209e-4c73-11ea-8d18-b88a60e194fb,prd1131,Employee Stock Purchase Plans,Investment,Personal,14606.43,1,USD,branchid:11123
4c7531d8-4c73-11ea-b29f-b88a60e194fb-1,2020-01-30T02:39:57.000Z,crmid:3820049236,4c7531d8-4c73-11ea-b29f-b88a60e194fb,prd1111,Pension Account,Retirement,Personal,4058223.18,1,USD,branchid:11142
4c76df7e-4c73-11ea-9f07-b88a60e194fb-1,2020-01-06T10:20:04.000Z,crmid:6702556455,4c76df7e-4c73-11ea-9f07-b88a60e194fb,prd1159,CDs: 3 month,Investment,Personal,14803.89,1,USD,branchid:11122
4c7817fe-4c73-11ea-9360-b88a60e194fb-1,2020-01-17T23:27:45.000Z,crmid:3625517191,4c7817fe-4c73-11ea-9360-b88a60e194fb,prd1176,Overseas Equity Fund,Investment,Personal,13307.23,1,USD,branchid:11149
4cdd9064-4c73-11ea-a548-b88a60e194fb-1,2020-01-09T21:36:06.000Z,crmid:4829859012,4cdd9064-4c73-11ea-a548-b88a60e194fb,prd1030,401k,Retirement,Personal,3403966.35,1,USD,branchid:11014
4cde7ac6-4c73-11ea-b25f-b88a60e194fb-1,2020-01-28T06:32:40.000Z,crmid:4117421851,4cde7ac6-4c73-11ea-b25f-b88a60e194fb,prd1151,Mortgage: 10 yr Fixed,Mortgage,Personal,11941.66,1,USD,branchid:11043
4cdf3e0c-4c73-11ea-962a-b88a60e194fb-1,2020-01-21T21:45:26.000Z,crmid:9121198840,4cdf3e0c-4c73-11ea-962a-b88a60e194fb,prd1185,Mortgage: FHA,Mortgage,Personal,11189.4,1,USD,branchid:11084
4ce028be-4c73-11ea-875d-b88a60e194fb-1,2020-01-01T08:38:19.000Z,crmid:1942464128,4ce028be-4c73-11ea-875d-b88a60e194fb,prd1029,401k,Retirement,Personal,10845.2,1,USD,branchid:11013
4ce139f6-4c73-11ea-b910-b88a60e194fb-1,2020-01-27T15:43:03.000Z,crmid:2059204486,4ce139f6-4c73-11ea-b910-b88a60e194fb,prd1129,Mortgage: 10/1 ARM,Mortgage,Personal,268073.8,1,USD,branchid:11107
4ce2244c-4c73-11ea-8887-b88a60e194fb-1,2020-01-13T01:32:45.000Z,crmid:6306397574,4ce2244c-4c73-11ea-8887-b88a60e194fb,prd1117,Brokerage Account,Investment,Personal,17199.06,1,USD,branchid:11132
4ce30edc-4c73-11ea-8f0a-b88a60e194fb-1,2020-01-26T09:13:37.000Z,crmid:2904323123,4ce30edc-4c73-11ea-8f0a-b88a60e194fb,prd1026,Mortgage: 5/1 ARM,Mortgage,Personal,20751.41,1,USD,branchid:11020
4d463d74-4c73-11ea-bb5f-b88a60e194fb-1,2020-01-27T23:46:02.000Z,crmid:7504934057,4d463d74-4c73-11ea-bb5f-b88a60e194fb,prd1186,Money Market,Investment,Personal,164714.61,1,USD,branchid:11071
4d4727ca-4c73-11ea-939c-b88a60e194fb-1,2020-01-04T10:59:01.000Z,crmid:5337834367,4d4727ca-4c73-11ea-939c-b88a60e194fb,prd1167,Roth IRA,Retirement,Personal,17092.86,1,USD,branchid:11000
4d481300-4c73-11ea-8b17-b88a60e194fb-1,2020-01-01T05:45:03.000Z,crmid:4354554111,4d481300-4c73-11ea-8b17-b88a60e194fb,prd1088,CDs: 1 year,Investment,Personal,14036.78,1,USD,branchid:11016
4d48d59e-4c73-11ea-8cb1-b88a60e194fb-1,2020-01-15T02:17:37.000Z,crmid:9226334928,4d48d59e-4c73-11ea-8cb1-b88a60e194fb,prd1174,Traditional IRA,Retirement,Personal,193414.38,1,USD,branchid:11100
4d4999dc-4c73-11ea-8f96-b88a60e194fb-1,2020-01-13T10:28:21.000Z,crmid:7453155981,4d4999dc-4c73-11ea-8f96-b88a60e194fb,prd1021,CDs: 5 year,Investment,Personal,233363.37,1,USD,branchid:11047
4d4a82d0-4c73-11ea-ae3a-b88a60e194fb-1,2020-01-24T16:48:01.000Z,crmid:3067174934,4d4a82d0-4c73-11ea-ae3a-b88a60e194fb,prd1154,Mortgage: 30-yr Fixed,Mortgage,Personal,214827.75,1,USD,branchid:11134
4d4bbb92-4c73-11ea-9cf0-b88a60e194fb-1,2020-01-11T14:08:47.000Z,crmid:5402857795,4d4bbb92-4c73-11ea-9cf0-b88a60e194fb,prd1157,Brokerage Account,Investment,Personal,17512.55,1,USD,branchid:11084
4db1820c-4c73-11ea-a801-b88a60e194fb-1,2020-01-15T08:44:23.000Z,crmid:8911188973,4db1820c-4c73-11ea-a801-b88a60e194fb,prd1159,CDs: 3 month,Investment,Personal,18745.98,1,USD,branchid:11141
4db26c9c-4c73-11ea-9601-b88a60e194fb-1,2020-01-09T09:19:46.000Z,crmid:2077236858,4db26c9c-4c73-11ea-9601-b88a60e194fb,prd1144,Home Equity Loan,Mortgage,Personal,13707.07,1,USD,branchid:11009
4db32fc8-4c73-11ea-a148-b88a60e194fb-1,2020-01-13T18:34:59.000Z,crmid:2892803246,4db32fc8-4c73-11ea-a148-b88a60e194fb,prd1148,Mortgage: 10/1 ARM,Mortgage,Personal,181201.31,1,USD,branchid:11110
4db48f54-4c73-11ea-8df9-b88a60e194fb-1,2020-01-27T16:59:10.000Z,crmid:4425260806,4db48f54-4c73-11ea-8df9-b88a60e194fb,prd1150,Money Market,Investment,Personal,19842.83,1,USD,branchid:11005
4db5a0cc-4c73-11ea-8ffc-b88a60e194fb-1,2020-01-27T06:57:57.000Z,crmid:8530872579,4db5a0cc-4c73-11ea-8ffc-b88a60e194fb,prd1047,Mortgage: 10 yr Fixed,Mortgage,Personal,13701.21,1,USD,branchid:11086
4db6b206-4c73-11ea-8674-b88a60e194fb-1,2020-01-09T22:21:15.000Z,crmid:3013365230,4db6b206-4c73-11ea-8674-b88a60e194fb,prd1186,Money Market,Investment,Personal,208309.78,1,USD,branchid:11070
4db7c4a6-4c73-11ea-a537-b88a60e194fb-1,2020-01-01T20:48:46.000Z,crmid:6186823873,4db7c4a6-4c73-11ea-a537-b88a60e194fb,prd1175,401k,Retirement,Personal,11948.01,1,USD,branchid:11104
4e196b4a-4c73-11ea-a995-b88a60e194fb-1,2020-01-12T20:09:57.000Z,crmid:1232893015,4e196b4a-4c73-11ea-a995-b88a60e194fb,prd1014,CDs: 3 month,Investment,Personal,10142.78,1,USD,branchid:11088
4e1a55e2-4c73-11ea-9132-b88a60e194fb-1,2020-01-08T21:35:51.000Z,crmid:4842625887,4e1a55e2-4c73-11ea-9132-b88a60e194fb,prd1144,Home Equity Loan,Mortgage,Personal,18228.41,1,USD,branchid:11106
4e1b1992-4c73-11ea-9b01-b88a60e194fb-1,2020-01-13T14:51:58.000Z,crmid:2612252931,4e1b1992-4c73-11ea-9b01-b88a60e194fb,prd1032,Home Equity Loan,Mortgage,Personal,14400.91,1,USD,branchid:11020
4e1c2a92-4c73-11ea-86bc-b88a60e194fb-1,2020-01-23T18:38:47.000Z,crmid:9754834578,4e1c2a92-4c73-11ea-86bc-b88a60e194fb,prd1014,CDs: 3 month,Investment,Personal,18525.05,1,USD,branchid:11103
4e1d14c8-4c73-11ea-9b82-b88a60e194fb-1,2020-01-20T02:34:33.000Z,crmid:4927313388,4e1d14c8-4c73-11ea-9b82-b88a60e194fb,prd1029,401k,Retirement,Personal,207708.7,1,USD,branchid:11114
4e1dd818-4c73-11ea-ba6c-b88a60e194fb-1,2020-01-07T21:51:27.000Z,crmid:3230269953,4e1dd818-4c73-11ea-ba6c-b88a60e194fb,prd1151,Mortgage: 10 yr Fixed,Mortgage,Personal,13458.93,1,USD,branchid:11018
4e1f12be-4c73-11ea-baf6-b88a60e194fb-1,2020-01-14T04:42:26.000Z,crmid:2856221196,4e1f12be-4c73-11ea-baf6-b88a60e194fb,prd1045,Mortgage: 10/1 ARM,Mortgage,Personal,10476.42,1,USD,branchid:11116
4e830270-4c73-11ea-832a-b88a60e194fb-1,2020-01-10T07:51:04.000Z,crmid:4028071613,4e830270-4c73-11ea-832a-b88a60e194fb,prd1032,Home Equity Loan,Mortgage,Personal,15449.93,1,USD,branchid:11024
4e843afe-4c73-11ea-9e19-b88a60e194fb-1,2020-01-27T11:26:17.000Z,crmid:6047882145,4e843afe-4c73-11ea-9e19-b88a60e194fb,prd1101,Mortgage: 5/1 ARM,Mortgage,Personal,4561416.04,1,USD,branchid:11010
4e852562-4c73-11ea-b7d0-b88a60e194fb-1,2020-01-31T12:28:48.000Z,crmid:2811401478,4e852562-4c73-11ea-b7d0-b88a60e194fb,prd1046,Mortgage: VA,Mortgage,Personal,13808.4,1,USD,branchid:11030
4e85e8b4-4c73-11ea-8872-b88a60e194fb-1,2020-01-18T11:04:58.000Z,crmid:6274465778,4e85e8b4-4c73-11ea-8872-b88a60e194fb,prd1108,401k,Retirement,Personal,18679.25,1,USD,branchid:11137
4e86abf0-4c73-11ea-9d60-b88a60e194fb-1,2020-01-24T20:39:04.000Z,crmid:1757099472,4e86abf0-4c73-11ea-9d60-b88a60e194fb,prd1064,CDs: 3 month,Investment,Personal,176182.67,1,USD,branchid:11036
4e87973e-4c73-11ea-a9e5-b88a60e194fb-1,2020-01-04T20:17:53.000Z,crmid:9196944291,4e87973e-4c73-11ea-a9e5-b88a60e194fb,prd1120,Mortgage: 10/1 ARM,Mortgage,Personal,165646.36,1,USD,branchid:11116
4e885ad2-4c73-11ea-90d1-b88a60e194fb-1,2020-01-07T18:27:42.000Z,crmid:2141859170,4e885ad2-4c73-11ea-90d1-b88a60e194fb,prd1117,Brokerage Account,Investment,Personal,4881215.3,1,USD,branchid:11046
4eed8414-4c73-11ea-9934-b88a60e194fb-1,2020-01-27T13:28:11.000Z,crmid:8644328640,4eed8414-4c73-11ea-9934-b88a60e194fb,prd1120,Mortgage: 10/1 ARM,Mortgage,Personal,15924.8,1,USD,branchid:11038
4eee4750-4c73-11ea-b057-b88a60e194fb-1,2020-01-05T10:48:35.000Z,crmid:8935892602,4eee4750-4c73-11ea-b057-b88a60e194fb,prd1064,CDs: 3 month,Investment,Personal,232716.27,1,USD,branchid:11104
4eef31cc-4c73-11ea-a173-b88a60e194fb-1,2020-01-24T03:50:38.000Z,crmid:5569861377,4eef31cc-4c73-11ea-a173-b88a60e194fb,prd1125,Mortgage: FHA,Mortgage,Personal,16633.25,1,USD,branchid:11002
4ef01d6c-4c73-11ea-a379-b88a60e194fb-1,2020-01-18T15:59:55.000Z,crmid:5091039415,4ef01d6c-4c73-11ea-a379-b88a60e194fb,prd1079,Mortgage: 30-yr Fixed,Mortgage,Personal,18336.8,1,USD,branchid:11130
4ef0e0ac-4c73-11ea-97f1-b88a60e194fb-1,2020-01-18T09:45:32.000Z,crmid:1833420394,4ef0e0ac-4c73-11ea-97f1-b88a60e194fb,prd1186,Money Market,Investment,Personal,13581.06,1,USD,branchid:11103
4ef1caa2-4c73-11ea-be1f-b88a60e194fb-1,2020-01-25T13:56:36.000Z,crmid:2880829484,4ef1caa2-4c73-11ea-be1f-b88a60e194fb,prd1049,Business Brokerage Account,Investment,Business,11768.45,1,USD,branchid:11010
4ef28e68-4c73-11ea-bc1a-b88a60e194fb-1,2020-01-31T15:31:26.000Z,crmid:6745624552,4ef28e68-4c73-11ea-bc1a-b88a60e194fb,prd1034,Home Equity Loan,Mortgage,Personal,2875384.79,1,USD,branchid:11129
4f5a9d7e-4c73-11ea-8389-b88a60e194fb-1,2020-01-29T07:14:56.000Z,crmid:3084901812,4f5a9d7e-4c73-11ea-8389-b88a60e194fb,prd1097,Employee Stock Purchase Plans,Investment,Personal,4081696.46,1,USD,branchid:11060
4f5baf0a-4c73-11ea-80e5-b88a60e194fb-1,2020-01-18T18:37:10.000Z,crmid:1930633825,4f5baf0a-4c73-11ea-80e5-b88a60e194fb,prd1186,Money Market,Investment,Personal,206736.85,1,USD,branchid:11049
4f5cccee-4c73-11ea-9ed8-b88a60e194fb-1,2020-01-18T14:06:29.000Z,crmid:4742239070,4f5cccee-4c73-11ea-9ed8-b88a60e194fb,prd1159,CDs: 3 month,Investment,Personal,4016715.27,1,USD,branchid:11112
4f5dd1e4-4c73-11ea-aeb2-b88a60e194fb-1,2020-01-03T03:48:07.000Z,crmid:2262938116,4f5dd1e4-4c73-11ea-aeb2-b88a60e194fb,prd1150,Money Market,Investment,Personal,15674.67,1,USD,branchid:11093
4f5ebc3e-4c73-11ea-8a4d-b88a60e194fb-1,2020-01-17T07:08:21.000Z,crmid:7968772780,4f5ebc3e-4c73-11ea-8a4d-b88a60e194fb,prd1097,Employee Stock Purchase Plans,Investment,Personal,11776.52,1,USD,branchid:11090
4f5fcd9e-4c73-11ea-96f3-b88a60e194fb-1,2020-01-16T04:46:28.000Z,crmid:5960025155,4f5fcd9e-4c73-11ea-96f3-b88a60e194fb,prd1049,Business Brokerage Account,Investment,Business,19179.48,1,USD,branchid:11129
4f60df22-4c73-11ea-8abf-b88a60e194fb-1,2020-01-10T00:02:08.000Z,crmid:8851355401,4f60df22-4c73-11ea-8abf-b88a60e194fb,prd1041,Mortgage: 7/1 ARM,Mortgage,Personal,14185.51,1,USD,branchid:11030
4fc286de-4c73-11ea-a62b-b88a60e194fb-1,2020-01-17T17:47:15.000Z,crmid:1527120863,4fc286de-4c73-11ea-a62b-b88a60e194fb,prd1030,401k,Retirement,Personal,17968.97,1,USD,branchid:11067
4fc37134-4c73-11ea-862a-b88a60e194fb-1,2020-01-29T18:47:01.000Z,crmid:5887902063,4fc37134-4c73-11ea-862a-b88a60e194fb,prd1021,CDs: 5 year,Investment,Personal,171083.43,1,USD,branchid:11123
4fc45b94-4c73-11ea-9df8-b88a60e194fb-1,2020-01-03T20:52:08.000Z,crmid:6754380332,4fc45b94-4c73-11ea-9df8-b88a60e194fb,prd1037,Home Equity Loan,Mortgage,Personal,15935.41,1,USD,branchid:11008
4fc51ee8-4c73-11ea-92bb-b88a60e194fb-1,2020-01-23T20:30:51.000Z,crmid:9412557315,4fc51ee8-4c73-11ea-92bb-b88a60e194fb,prd1047,Mortgage: 10 yr Fixed,Mortgage,Personal,4322047.18,1,USD,branchid:11125
4fc60942-4c73-11ea-a8a6-b88a60e194fb-1,2020-01-03T04:59:56.000Z,crmid:4815394437,4fc60942-4c73-11ea-a8a6-b88a60e194fb,prd1179,Business Brokerage Account,Investment,Business,20361.93,1,USD,branchid:11140
4fc6f530-4c73-11ea-a4ff-b88a60e194fb-1,2020-01-01T23:54:25.000Z,crmid:5445065967,4fc6f530-4c73-11ea-a4ff-b88a60e194fb,prd1129,Mortgage: 10/1 ARM,Mortgage,Personal,12350.1,1,USD,branchid:11119
4fc7dee4-4c73-11ea-90ec-b88a60e194fb-1,2020-01-24T05:30:47.000Z,crmid:7237152312,4fc7dee4-4c73-11ea-90ec-b88a60e194fb,prd1087,Overseas Equity Fund,Investment,Personal,3016765.74,1,USD,branchid:11036
502f795c-4c73-11ea-8159-b88a60e194fb-1,2020-01-14T05:19:25.000Z,crmid:9897257831,502f795c-4c73-11ea-8159-b88a60e194fb,prd1186,Money Market,Investment,Personal,233206.33,1,USD,branchid:11006
503063d2-4c73-11ea-88ad-b88a60e194fb-1,2020-01-08T01:58:43.000Z,crmid:7149970752,503063d2-4c73-11ea-88ad-b88a60e194fb,prd1111,Pension Account,Retirement,Personal,95298.39,1,USD,branchid:11108
50314e46-4c73-11ea-8b05-b88a60e194fb-1,2020-01-22T00:59:25.000Z,crmid:3320333135,50314e46-4c73-11ea-8b05-b88a60e194fb,prd1088,CDs: 1 year,Investment,Personal,266219.04,1,USD,branchid:11150
503238e8-4c73-11ea-88e2-b88a60e194fb-1,2020-01-20T18:26:05.000Z,crmid:5735610379,503238e8-4c73-11ea-88e2-b88a60e194fb,prd1049,Business Brokerage Account,Investment,Business,20089.63,1,USD,branchid:11079
5032fd1e-4c73-11ea-9875-b88a60e194fb-1,2020-01-06T01:36:25.000Z,crmid:3816799995,5032fd1e-4c73-11ea-9875-b88a60e194fb,prd1124,CDs: 5 year,Investment,Personal,14953.94,1,USD,branchid:11115
5033e63e-4c73-11ea-9ceb-b88a60e194fb-1,2020-01-25T21:23:39.000Z,crmid:3125008195,5033e63e-4c73-11ea-9ceb-b88a60e194fb,prd1061,Mortgage: 5/1 ARM,Mortgage,Personal,16296.86,1,USD,branchid:11070
5034a99e-4c73-11ea-8a3d-b88a60e194fb-1,2020-01-18T20:06:03.000Z,crmid:4506400044,5034a99e-4c73-11ea-8a3d-b88a60e194fb,prd1030,401k,Retirement,Personal,10437.82,1,USD,branchid:11037
509b336e-4c73-11ea-a671-b88a60e194fb-1,2020-01-18T07:56:19.000Z,crmid:8511413476,509b336e-4c73-11ea-a671-b88a60e194fb,prd1176,Overseas Equity Fund,Investment,Personal,16623.92,1,USD,branchid:11094
509c6bca-4c73-11ea-8afe-b88a60e194fb-1,2020-01-03T14:25:15.000Z,crmid:5968626847,509c6bca-4c73-11ea-8afe-b88a60e194fb,prd1175,401k,Retirement,Personal,13404.7,1,USD,branchid:11077
509df276-4c73-11ea-82fe-b88a60e194fb-1,2020-01-24T19:07:39.000Z,crmid:5753497591,509df276-4c73-11ea-82fe-b88a60e194fb,prd1013,Mortgage: FHA,Mortgage,Personal,18970.86,1,USD,branchid:11117
509f03d8-4c73-11ea-92d8-b88a60e194fb-1,2020-01-14T02:55:39.000Z,crmid:4234890412,509f03d8-4c73-11ea-92d8-b88a60e194fb,prd1073,Business Brokerage Account,Investment,Business,5849689.98,1,USD,branchid:11148
50a03e8c-4c73-11ea-8242-b88a60e194fb-1,2020-01-25T20:50:13.000Z,crmid:7376432379,50a03e8c-4c73-11ea-8242-b88a60e194fb,prd1129,Mortgage: 10/1 ARM,Mortgage,Personal,15514.56,1,USD,branchid:11142
50a0d9fe-4c73-11ea-bbec-b88a60e194fb-1,2020-01-05T23:48:55.000Z,crmid:9792296634,50a0d9fe-4c73-11ea-bbec-b88a60e194fb,prd1167,Roth IRA,Retirement,Personal,16330.49,1,USD,branchid:11021
50a1ea38-4c73-11ea-8a66-b88a60e194fb-1,2020-01-19T22:32:16.000Z,crmid:2812280251,50a1ea38-4c73-11ea-8a66-b88a60e194fb,prd1101,Mortgage: 5/1 ARM,Mortgage,Personal,16392.82,1,USD,branchid:11109
5107d7d4-4c73-11ea-b5bf-b88a60e194fb-1,2020-01-24T17:26:33.000Z,crmid:6870028891,5107d7d4-4c73-11ea-b5bf-b88a60e194fb,prd1157,Brokerage Account,Investment,Personal,222163.36,1,USD,branchid:11023
5108e928-4c73-11ea-9e37-b88a60e194fb-1,2020-01-26T15:55:20.000Z,crmid:8537942885,5108e928-4c73-11ea-9e37-b88a60e194fb,prd1026,Mortgage: 5/1 ARM,Mortgage,Personal,14902.97,1,USD,branchid:11026
5109d374-4c73-11ea-b231-b88a60e194fb-1,2020-01-07T07:28:52.000Z,crmid:9019887602,5109d374-4c73-11ea-b231-b88a60e194fb,prd1073,Business Brokerage Account,Investment,Business,96128.82,1,USD,branchid:11135
510b3340-4c73-11ea-b42e-b88a60e194fb-1,2020-01-09T21:12:58.000Z,crmid:9623743439,510b3340-4c73-11ea-b42e-b88a60e194fb,prd1151,Mortgage: 10 yr Fixed,Mortgage,Personal,5541020.84,1,USD,branchid:11027
510c1e12-4c73-11ea-877f-b88a60e194fb-1,2020-01-01T12:37:29.000Z,crmid:3912882388,510c1e12-4c73-11ea-877f-b88a60e194fb,prd1049,Business Brokerage Account,Investment,Business,124062.53,1,USD,branchid:11073
510d2f0c-4c73-11ea-bf72-b88a60e194fb-1,2020-01-19T02:51:01.000Z,crmid:2903178363,510d2f0c-4c73-11ea-bf72-b88a60e194fb,prd1110,Traditional IRA,Retirement,Personal,14742.49,1,USD,branchid:11088
510e6878-4c73-11ea-b6d8-b88a60e194fb-1,2020-01-16T11:23:56.000Z,crmid:1694386670,510e6878-4c73-11ea-b6d8-b88a60e194fb,prd1101,Mortgage: 5/1 ARM,Mortgage,Personal,16592.4,1,USD,branchid:11121
5193016e-4c73-11ea-a2d6-b88a60e194fb-1,2020-01-26T09:21:21.000Z,crmid:2852488253,5193016e-4c73-11ea-a2d6-b88a60e194fb,prd1030,401k,Retirement,Personal,4924360.1,1,USD,branchid:11070
5193c4dc-4c73-11ea-96e8-b88a60e194fb-1,2020-01-17T11:28:44.000Z,crmid:9619356993,5193c4dc-4c73-11ea-96e8-b88a60e194fb,prd1179,Business Brokerage Account,Investment,Business,16730.89,1,USD,branchid:11040
5194ae46-4c73-11ea-a38c-b88a60e194fb-1,2020-01-03T03:09:49.000Z,crmid:3929801492,5194ae46-4c73-11ea-a38c-b88a60e194fb,prd1014,CDs: 3 month,Investment,Personal,309822.51,1,USD,branchid:11075
51959938-4c73-11ea-ab77-b88a60e194fb-1,2020-01-21T04:45:34.000Z,crmid:8829373837,51959938-4c73-11ea-ab77-b88a60e194fb,prd1183,Fixed Deposit,Investment,Personal,2930378.39,1,USD,branchid:11078
51965d3a-4c73-11ea-b5b8-b88a60e194fb-1,2020-01-29T17:05:26.000Z,crmid:9119731262,51965d3a-4c73-11ea-b5b8-b88a60e194fb,prd1030,401k,Retirement,Personal,12406.34,1,USD,branchid:11019
51974658-4c73-11ea-bb8b-b88a60e194fb-1,2020-01-26T14:47:37.000Z,crmid:2461728166,51974658-4c73-11ea-bb8b-b88a60e194fb,prd1045,Mortgage: 10/1 ARM,Mortgage,Personal,194210.86,1,USD,branchid:11023
5198098c-4c73-11ea-a6a5-b88a60e194fb-1,2020-01-26T21:54:21.000Z,crmid:3658606019,5198098c-4c73-11ea-a6a5-b88a60e194fb,prd1157,Brokerage Account,Investment,Personal,15765.75,1,USD,branchid:11049
51fa9bf8-4c73-11ea-8241-b88a60e194fb-1,2020-01-28T12:50:53.000Z,crmid:7877881324,51fa9bf8-4c73-11ea-8241-b88a60e194fb,prd1045,Mortgage: 10/1 ARM,Mortgage,Personal,205782.93,1,USD,branchid:11122
51fb8792-4c73-11ea-b1c5-b88a60e194fb-1,2020-01-28T08:52:30.000Z,crmid:9725000918,51fb8792-4c73-11ea-b1c5-b88a60e194fb,prd1123,Mortgage: 10 yr Fixed,Mortgage,Personal,276689.84,1,USD,branchid:11052
51fc978a-4c73-11ea-8b4c-b88a60e194fb-1,2020-01-24T04:59:36.000Z,crmid:2782669742,51fc978a-4c73-11ea-8b4c-b88a60e194fb,prd1139,Employee Stock Purchase Plans,Investment,Personal,14249.63,1,USD,branchid:11011
51fda93a-4c73-11ea-9953-b88a60e194fb-1,2020-01-06T00:35:27.000Z,crmid:6072719972,51fda93a-4c73-11ea-9953-b88a60e194fb,prd1088,CDs: 1 year,Investment,Personal,159063.49,1,USD,branchid:11081
51feba92-4c73-11ea-a4d1-b88a60e194fb-1,2020-01-09T10:10:40.000Z,crmid:4953746062,51feba92-4c73-11ea-a4d1-b88a60e194fb,prd1150,Money Market,Investment,Personal,17145.98,1,USD,branchid:11135
51ff580a-4c73-11ea-b22e-b88a60e194fb-1,2020-01-26T02:21:44.000Z,crmid:2065442357,51ff580a-4c73-11ea-b22e-b88a60e194fb,prd1159,CDs: 3 month,Investment,Personal,14170.99,1,USD,branchid:11047
5200412c-4c73-11ea-baca-b88a60e194fb-1,2020-01-26T03:08:33.000Z,crmid:1361524004,5200412c-4c73-11ea-baca-b88a60e194fb,prd1042,Roth IRA,Retirement,Personal,191866.52,1,USD,branchid:11001
52656b46-4c73-11ea-b4af-b88a60e194fb-1,2020-01-13T14:51:14.000Z,crmid:5970808923,52656b46-4c73-11ea-b4af-b88a60e194fb,prd1181,Mortgage: 5/1 ARM,Mortgage,Personal,184798.8,1,USD,branchid:11144
5266f1e4-4c73-11ea-9205-b88a60e194fb-1,2020-01-17T10:48:38.000Z,crmid:3115872181,5266f1e4-4c73-11ea-9205-b88a60e194fb,prd1021,CDs: 5 year,Investment,Personal,215386.46,1,USD,branchid:11144
52682a88-4c73-11ea-ab77-b88a60e194fb-1,2020-01-06T11:40:34.000Z,crmid:3759993556,52682a88-4c73-11ea-ab77-b88a60e194fb,prd1185,Mortgage: FHA,Mortgage,Personal,232337.04,1,USD,branchid:11092
52693bec-4c73-11ea-ae7a-b88a60e194fb-1,2020-01-07T01:13:41.000Z,crmid:5837641667,52693bec-4c73-11ea-ae7a-b88a60e194fb,prd1150,Money Market,Investment,Personal,20312.42,1,USD,branchid:11075
526a7464-4c73-11ea-af32-b88a60e194fb-1,2020-01-01T14:59:05.000Z,crmid:9930515602,526a7464-4c73-11ea-af32-b88a60e194fb,prd1131,Employee Stock Purchase Plans,Investment,Personal,258663.89,1,USD,branchid:11073
526bacdc-4c73-11ea-8ec3-b88a60e194fb-1,2020-01-11T21:26:55.000Z,crmid:4702471889,526bacdc-4c73-11ea-8ec3-b88a60e194fb,prd1175,401k,Retirement,Personal,215309.21,1,USD,branchid:11051
526c702c-4c73-11ea-846b-b88a60e194fb-1,2020-01-17T08:55:43.000Z,crmid:6269123181,526c702c-4c73-11ea-846b-b88a60e194fb,prd1032,Home Equity Loan,Mortgage,Personal,16065.93,1,USD,branchid:11150
52ce1826-4c73-11ea-b473-b88a60e194fb-1,2020-01-30T12:34:26.000Z,crmid:4684976824,52ce1826-4c73-11ea-b473-b88a60e194fb,prd1034,Home Equity Loan,Mortgage,Personal,18215.1,1,USD,branchid:11056
52cf0400-4c73-11ea-87e1-b88a60e194fb-1,2020-01-03T16:00:53.000Z,crmid:5103821513,52cf0400-4c73-11ea-87e1-b88a60e194fb,prd1121,Mortgage: 30-yr Fixed,Mortgage,Personal,3754575.02,1,USD,branchid:11048
52cfc5e6-4c73-11ea-b0b3-b88a60e194fb-1,2020-01-17T21:27:03.000Z,crmid:7867765096,52cfc5e6-4c73-11ea-b0b3-b88a60e194fb,prd1032,Home Equity Loan,Mortgage,Personal,13840.99,1,USD,branchid:11010
52d08a78-4c73-11ea-a993-b88a60e194fb-1,2020-01-21T14:25:03.000Z,crmid:6693779270,52d08a78-4c73-11ea-a993-b88a60e194fb,prd1157,Brokerage Account,Investment,Personal,12511.63,1,USD,branchid:11055
52d17378-4c73-11ea-b729-b88a60e194fb-1,2020-01-06T00:39:49.000Z,crmid:2856221196,52d17378-4c73-11ea-b729-b88a60e194fb,prd1182,Brokerage Account,Investment,Personal,13410.66,1,USD,branchid:11141
52d25e00-4c73-11ea-9b60-b88a60e194fb-1,2020-01-23T04:53:55.000Z,crmid:3050432462,52d25e00-4c73-11ea-9b60-b88a60e194fb,prd1029,401k,Retirement,Personal,15259.91,1,USD,branchid:11098
52d3484c-4c73-11ea-9292-b88a60e194fb-1,2020-01-10T05:54:03.000Z,crmid:5454986266,52d3484c-4c73-11ea-9292-b88a60e194fb,prd1114,CDs: 3 month,Investment,Personal,211150.08,1,USD,branchid:11004
533a6e64-4c73-11ea-ac3e-b88a60e194fb-1,2020-01-10T20:00:10.000Z,crmid:6621212825,533a6e64-4c73-11ea-ac3e-b88a60e194fb,prd1033,Fixed Deposit,Investment,Personal,13872.89,1,USD,branchid:11149
533b58b8-4c73-11ea-bbd9-b88a60e194fb-1,2020-01-19T05:21:27.000Z,crmid:4820385772,533b58b8-4c73-11ea-bbd9-b88a60e194fb,prd1148,Mortgage: 10/1 ARM,Mortgage,Personal,17705.17,1,USD,branchid:11129
533c6acc-4c73-11ea-a306-b88a60e194fb-1,2020-01-06T15:48:35.000Z,crmid:8432962289,533c6acc-4c73-11ea-a306-b88a60e194fb,prd1185,Mortgage: FHA,Mortgage,Personal,11082.16,1,USD,branchid:11019
533dc9dc-4c73-11ea-9c55-b88a60e194fb-1,2020-01-24T09:09:15.000Z,crmid:6237876305,533dc9dc-4c73-11ea-9c55-b88a60e194fb,prd1173,Money Market,Investment,Personal,127327.19,1,USD,branchid:11132
533f0248-4c73-11ea-b8f0-b88a60e194fb-1,2020-01-17T20:21:37.000Z,crmid:9012846023,533f0248-4c73-11ea-b8f0-b88a60e194fb,prd1025,Brokerage Account,Investment,Personal,16545.23,1,USD,branchid:11110
533fedec-4c73-11ea-b4f6-b88a60e194fb-1,2020-01-12T21:57:34.000Z,crmid:3225248891,533fedec-4c73-11ea-b4f6-b88a60e194fb,prd1062,Mortgage: VA,Mortgage,Personal,3763757.99,1,USD,branchid:11137
5340d798-4c73-11ea-b4d7-b88a60e194fb-1,2020-01-23T00:28:02.000Z,crmid:7021755205,5340d798-4c73-11ea-b4d7-b88a60e194fb,prd1176,Overseas Equity Fund,Investment,Personal,9076.57,1,USD,branchid:11080
53a56514-4c73-11ea-a416-b88a60e194fb-1,2020-01-31T06:25:11.000Z,crmid:7121305830,53a56514-4c73-11ea-a416-b88a60e194fb,prd1008,Traditional IRA,Retirement,Personal,14319.28,1,USD,branchid:11045
53a62858-4c73-11ea-bca6-b88a60e194fb-1,2020-01-30T01:49:38.000Z,crmid:3268019478,53a62858-4c73-11ea-bca6-b88a60e194fb,prd1125,Mortgage: FHA,Mortgage,Personal,152570.27,1,USD,branchid:11047
53a712f6-4c73-11ea-be95-b88a60e194fb-1,2020-01-30T18:44:36.000Z,crmid:3586500494,53a712f6-4c73-11ea-be95-b88a60e194fb,prd1008,Traditional IRA,Retirement,Personal,19670.47,1,USD,branchid:11094
53a7d750-4c73-11ea-9ef1-b88a60e194fb-1,2020-01-07T21:37:50.000Z,crmid:9756692745,53a7d750-4c73-11ea-9ef1-b88a60e194fb,prd1029,401k,Retirement,Personal,117437.61,1,USD,branchid:11020
53a89abe-4c73-11ea-afe6-b88a60e194fb-1,2020-01-12T11:02:51.000Z,crmid:2118899636,53a89abe-4c73-11ea-afe6-b88a60e194fb,prd1021,CDs: 5 year,Investment,Personal,212304.99,1,USD,branchid:11116
53a9d1d4-4c73-11ea-93b7-b88a60e194fb-1,2020-01-15T21:37:51.000Z,crmid:7817631956,53a9d1d4-4c73-11ea-93b7-b88a60e194fb,prd1123,Mortgage: 10 yr Fixed,Mortgage,Personal,191472.86,1,USD,branchid:11044
53ab31ec-4c73-11ea-b37f-b88a60e194fb-1,2020-01-06T06:23:45.000Z,crmid:5785347872,53ab31ec-4c73-11ea-b37f-b88a60e194fb,prd1167,Roth IRA,Retirement,Personal,17552.57,1,USD,branchid:11032
5411bb64-4c73-11ea-b420-b88a60e194fb-1,2020-01-12T13:36:30.000Z,crmid:5041909523,5411bb64-4c73-11ea-b420-b88a60e194fb,prd1111,Pension Account,Retirement,Personal,3439563.84,1,USD,branchid:11116
5412a592-4c73-11ea-84bf-b88a60e194fb-1,2020-01-22T06:04:34.000Z,crmid:4326101116,5412a592-4c73-11ea-84bf-b88a60e194fb,prd1083,Pension Account,Retirement,Personal,146573.7,1,USD,branchid:11091
54138fe4-4c73-11ea-913f-b88a60e194fb-1,2020-01-18T01:26:33.000Z,crmid:7776938950,54138fe4-4c73-11ea-913f-b88a60e194fb,prd1014,CDs: 3 month,Investment,Personal,172967.21,1,USD,branchid:11024
54147a92-4c73-11ea-83c0-b88a60e194fb-1,2020-01-05T11:50:01.000Z,crmid:2656047901,54147a92-4c73-11ea-83c0-b88a60e194fb,prd1115,Mortgage: VA,Mortgage,Personal,16434.45,1,USD,branchid:11111
54153f0a-4c73-11ea-9fdb-b88a60e194fb-1,2020-01-08T02:49:48.000Z,crmid:9548498195,54153f0a-4c73-11ea-9fdb-b88a60e194fb,prd1083,Pension Account,Retirement,Personal,13666.75,1,USD,branchid:11072
5416024a-4c73-11ea-843d-b88a60e194fb-1,2020-01-23T20:01:42.000Z,crmid:9045674628,5416024a-4c73-11ea-843d-b88a60e194fb,prd1049,Business Brokerage Account,Investment,Business,159298.99,1,USD,branchid:11140
5417127e-4c73-11ea-b871-b88a60e194fb-1,2020-01-24T07:03:36.000Z,crmid:4676867276,5417127e-4c73-11ea-b871-b88a60e194fb,prd1056,CDs: 5 year,Investment,Personal,167308.51,1,USD,branchid:11007
548035ca-4c73-11ea-a497-b88a60e194fb-1,2020-01-27T09:39:43.000Z,crmid:8419270652,548035ca-4c73-11ea-a497-b88a60e194fb,prd1101,Mortgage: 5/1 ARM,Mortgage,Personal,14261.78,1,USD,branchid:11007
54811edc-4c73-11ea-8cf8-b88a60e194fb-1,2020-01-29T03:46:40.000Z,crmid:6162662822,54811edc-4c73-11ea-8cf8-b88a60e194fb,prd1088,CDs: 1 year,Investment,Personal,15721.37,1,USD,branchid:11005
54823174-4c73-11ea-aa8c-b88a60e194fb-1,2020-01-26T13:42:52.000Z,crmid:3837911502,54823174-4c73-11ea-aa8c-b88a60e194fb,prd1183,Fixed Deposit,Investment,Personal,13540.8,1,USD,branchid:11075
5482f382-4c73-11ea-8748-b88a60e194fb-1,2020-01-20T20:54:16.000Z,crmid:6891491604,5482f382-4c73-11ea-8748-b88a60e194fb,prd1101,Mortgage: 5/1 ARM,Mortgage,Personal,19843.18,1,USD,branchid:11111
5483b812-4c73-11ea-87b1-b88a60e194fb-1,2020-01-17T01:18:34.000Z,crmid:3482937834,5483b812-4c73-11ea-87b1-b88a60e194fb,prd1114,CDs: 3 month,Investment,Personal,96015.09,1,USD,branchid:11136
5484c846-4c73-11ea-9627-b88a60e194fb-1,2020-01-04T17:16:01.000Z,crmid:3038523138,5484c846-4c73-11ea-9627-b88a60e194fb,prd1111,Pension Account,Retirement,Personal,14378.78,1,USD,branchid:11007
54858ccc-4c73-11ea-9d64-b88a60e194fb-1,2020-01-21T05:04:07.000Z,crmid:3586500494,54858ccc-4c73-11ea-9d64-b88a60e194fb,prd1030,401k,Retirement,Personal,247389.36,1,USD,branchid:11026
54eb53f4-4c73-11ea-9005-b88a60e194fb-1,2020-01-14T17:45:22.000Z,crmid:3404079278,54eb53f4-4c73-11ea-9005-b88a60e194fb,prd1087,Overseas Equity Fund,Investment,Personal,180724.36,1,USD,branchid:11114
54ec3e00-4c73-11ea-b47a-b88a60e194fb-1,2020-01-16T10:03:09.000Z,crmid:6075794791,54ec3e00-4c73-11ea-b47a-b88a60e194fb,prd1125,Mortgage: FHA,Mortgage,Personal,12183.27,1,USD,branchid:11084
54ed26e6-4c73-11ea-8554-b88a60e194fb-1,2020-01-04T20:40:38.000Z,crmid:2412577535,54ed26e6-4c73-11ea-8554-b88a60e194fb,prd1060,Traditional IRA,Retirement,Personal,5970767.44,1,USD,branchid:11084
54edeb76-4c73-11ea-863e-b88a60e194fb-1,2020-01-12T12:44:05.000Z,crmid:2376404208,54edeb76-4c73-11ea-863e-b88a60e194fb,prd1064,CDs: 3 month,Investment,Personal,212705.38,1,USD,branchid:11073
54eed49e-4c73-11ea-bf27-b88a60e194fb-1,2020-01-31T18:33:30.000Z,crmid:9495104965,54eed49e-4c73-11ea-bf27-b88a60e194fb,prd1157,Brokerage Account,Investment,Personal,11677.2,1,USD,branchid:11150
54efc000-4c73-11ea-94b4-b88a60e194fb-1,2020-01-16T13:49:16.000Z,crmid:1540248643,54efc000-4c73-11ea-94b4-b88a60e194fb,prd1042,Roth IRA,Retirement,Personal,14864.72,1,USD,branchid:11126
54f0f8ac-4c73-11ea-b9f8-b88a60e194fb-1,2020-01-29T03:24:55.000Z,crmid:8870219534,54f0f8ac-4c73-11ea-b9f8-b88a60e194fb,prd1047,Mortgage: 10 yr Fixed,Mortgage,Personal,191661.13,1,USD,branchid:11004
5555d3d0-4c73-11ea-b09a-b88a60e194fb-1,2020-01-26T11:31:29.000Z,crmid:8546712734,5555d3d0-4c73-11ea-b09a-b88a60e194fb,prd1101,Mortgage: 5/1 ARM,Mortgage,Personal,228339.04,1,USD,branchid:11087
5556bef4-4c73-11ea-bdab-b88a60e194fb-1,2020-01-12T08:13:25.000Z,crmid:1178047175,5556bef4-4c73-11ea-bdab-b88a60e194fb,prd1034,Home Equity Loan,Mortgage,Personal,4135387.44,1,USD,branchid:11040
5557d0be-4c73-11ea-a453-b88a60e194fb-1,2020-01-01T00:11:29.000Z,crmid:1514491677,5557d0be-4c73-11ea-a453-b88a60e194fb,prd1174,Traditional IRA,Retirement,Personal,203947.14,1,USD,branchid:11049
555892c6-4c73-11ea-a31a-b88a60e194fb-1,2020-01-16T05:22:40.000Z,crmid:1703924668,555892c6-4c73-11ea-a31a-b88a60e194fb,prd1129,Mortgage: 10/1 ARM,Mortgage,Personal,18150.01,1,USD,branchid:11099
55595750-4c73-11ea-8725-b88a60e194fb-1,2020-01-23T16:36:24.000Z,crmid:8419434101,55595750-4c73-11ea-8725-b88a60e194fb,prd1174,Traditional IRA,Retirement,Personal,5276338.42,1,USD,branchid:11059
555a8e9c-4c73-11ea-9a72-b88a60e194fb-1,2020-01-12T17:06:32.000Z,crmid:5294110512,555a8e9c-4c73-11ea-9a72-b88a60e194fb,prd1110,Traditional IRA,Retirement,Personal,188986.43,1,USD,branchid:11150
555b78be-4c73-11ea-9561-b88a60e194fb-1,2020-01-16T00:32:44.000Z,crmid:6534228158,555b78be-4c73-11ea-9561-b88a60e194fb,prd1174,Traditional IRA,Retirement,Personal,16152.81,1,USD,branchid:11021
55bf6ab6-4c73-11ea-98b9-b88a60e194fb-1,2020-01-26T20:38:58.000Z,crmid:1404250890,55bf6ab6-4c73-11ea-98b9-b88a60e194fb,prd1186,Money Market,Investment,Personal,21246.65,1,USD,branchid:11062
55c0551c-4c73-11ea-8a8b-b88a60e194fb-1,2020-01-12T15:46:58.000Z,crmid:8135294470,55c0551c-4c73-11ea-8a8b-b88a60e194fb,prd1078,Mortgage: 7/1 ARM,Mortgage,Personal,4076117.8,1,USD,branchid:11031
55c140c2-4c73-11ea-a119-b88a60e194fb-1,2020-01-29T16:51:09.000Z,crmid:4575338933,55c140c2-4c73-11ea-a119-b88a60e194fb,prd1185,Mortgage: FHA,Mortgage,Personal,207418.97,1,USD,branchid:11003
55c202c8-4c73-11ea-9497-b88a60e194fb-1,2020-01-11T23:05:44.000Z,crmid:9972780090,55c202c8-4c73-11ea-9497-b88a60e194fb,prd1014,CDs: 3 month,Investment,Personal,13085.1,1,USD,branchid:11101
55c314dc-4c73-11ea-8142-b88a60e194fb-1,2020-01-21T02:10:15.000Z,crmid:9757172380,55c314dc-4c73-11ea-8142-b88a60e194fb,prd1159,CDs: 3 month,Investment,Personal,146238.74,1,USD,branchid:11067
55c44c8a-4c73-11ea-842a-b88a60e194fb-1,2020-01-12T17:08:28.000Z,crmid:8932162007,55c44c8a-4c73-11ea-842a-b88a60e194fb,prd1153,CDs: 1 year,Investment,Personal,9057.25,1,USD,branchid:11148
55c55f5c-4c73-11ea-957d-b88a60e194fb-1,2020-01-25T14:17:36.000Z,crmid:2981406970,55c55f5c-4c73-11ea-957d-b88a60e194fb,prd1034,Home Equity Loan,Mortgage,Personal,224018.32,1,USD,branchid:11029
562fb9e6-4c73-11ea-9c51-b88a60e194fb-1,2020-01-05T20:56:42.000Z,crmid:5616060544,562fb9e6-4c73-11ea-9c51-b88a60e194fb,prd1114,CDs: 3 month,Investment,Personal,8137.92,1,USD,branchid:11056
5630a422-4c73-11ea-ba32-b88a60e194fb-1,2020-01-28T12:21:04.000Z,crmid:8544734205,5630a422-4c73-11ea-ba32-b88a60e194fb,prd1053,Mortgage: VA,Mortgage,Personal,3843144.86,1,USD,branchid:11134
56318d48-4c73-11ea-a8ed-b88a60e194fb-1,2020-01-18T12:44:57.000Z,crmid:9870999782,56318d48-4c73-11ea-a8ed-b88a60e194fb,prd1078,Mortgage: 7/1 ARM,Mortgage,Personal,12596.55,1,USD,branchid:11012
56329ed4-4c73-11ea-a397-b88a60e194fb-1,2020-01-22T23:12:06.000Z,crmid:9466881430,56329ed4-4c73-11ea-a397-b88a60e194fb,prd1115,Mortgage: VA,Mortgage,Personal,249902.44,1,USD,branchid:11024
5633620a-4c73-11ea-aa2d-b88a60e194fb-1,2020-01-07T14:42:27.000Z,crmid:5178601856,5633620a-4c73-11ea-aa2d-b88a60e194fb,prd1121,Mortgage: 30-yr Fixed,Mortgage,Personal,136285.23,1,USD,branchid:11070
56342646-4c73-11ea-a54c-b88a60e194fb-1,2020-01-01T13:28:23.000Z,crmid:6407713930,56342646-4c73-11ea-a54c-b88a60e194fb,prd1056,CDs: 5 year,Investment,Personal,165674.19,1,USD,branchid:11067
56350fb8-4c73-11ea-95a7-b88a60e194fb-1,2020-01-02T06:17:29.000Z,crmid:9551719353,56350fb8-4c73-11ea-95a7-b88a60e194fb,prd1159,CDs: 3 month,Investment,Personal,13561.96,1,USD,branchid:11008
569ad61c-4c73-11ea-b013-b88a60e194fb-1,2020-01-20T17:08:48.000Z,crmid:3418381621,569ad61c-4c73-11ea-b013-b88a60e194fb,prd1125,Mortgage: FHA,Mortgage,Personal,16354.38,1,USD,branchid:11014
569bc076-4c73-11ea-bfb8-b88a60e194fb-1,2020-01-31T05:39:10.000Z,crmid:2382361414,569bc076-4c73-11ea-bfb8-b88a60e194fb,prd1129,Mortgage: 10/1 ARM,Mortgage,Personal,14298.73,1,USD,branchid:11104
569c83ca-4c73-11ea-bbcd-b88a60e194fb-1,2020-01-06T09:38:01.000Z,crmid:5048643852,569c83ca-4c73-11ea-bbcd-b88a60e194fb,prd1035,Pension Account,Retirement,Personal,17059.02,1,USD,branchid:11005
569d4754-4c73-11ea-82f0-b88a60e194fb-1,2020-01-12T04:04:22.000Z,crmid:5753309357,569d4754-4c73-11ea-82f0-b88a60e194fb,prd1183,Fixed Deposit,Investment,Personal,15237.63,1,USD,branchid:11009
569e32be-4c73-11ea-9866-b88a60e194fb-1,2020-01-16T15:00:28.000Z,crmid:6866494701,569e32be-4c73-11ea-9866-b88a60e194fb,prd1083,Pension Account,Retirement,Personal,4335115.65,1,USD,branchid:11005
569f9218-4c73-11ea-9400-b88a60e194fb-1,2020-01-09T19:34:23.000Z,crmid:7455878158,569f9218-4c73-11ea-9400-b88a60e194fb,prd1008,Traditional IRA,Retirement,Personal,189749.53,1,USD,branchid:11127
56a0c9d2-4c73-11ea-b22d-b88a60e194fb-1,2020-01-20T04:28:06.000Z,crmid:7132906228,56a0c9d2-4c73-11ea-b22d-b88a60e194fb,prd1035,Pension Account,Retirement,Personal,283721.34,1,USD,branchid:11071
57061c54-4c73-11ea-ab75-b88a60e194fb-1,2020-01-29T21:36:39.000Z,crmid:5312585733,57061c54-4c73-11ea-ab75-b88a60e194fb,prd1060,Traditional IRA,Retirement,Personal,10796.85,1,USD,branchid:11081
5706de70-4c73-11ea-b54c-b88a60e194fb-1,2020-01-04T01:29:16.000Z,crmid:8392110436,5706de70-4c73-11ea-b54c-b88a60e194fb,prd1123,Mortgage: 10 yr Fixed,Mortgage,Personal,190160.98,1,USD,branchid:11116
5707efd0-4c73-11ea-97c6-b88a60e194fb-1,2020-01-26T20:41:34.000Z,crmid:6944215319,5707efd0-4c73-11ea-97c6-b88a60e194fb,prd1184,Fixed Deposit,Investment,Personal,83776.55,1,USD,branchid:11103
5709c466-4c73-11ea-b93c-b88a60e194fb-1,2020-01-08T11:39:51.000Z,crmid:8735938116,5709c466-4c73-11ea-b93c-b88a60e194fb,prd1125,Mortgage: FHA,Mortgage,Personal,17556.01,1,USD,branchid:11048
570ad610-4c73-11ea-8c64-b88a60e194fb-1,2020-01-21T21:01:25.000Z,crmid:8579247475,570ad610-4c73-11ea-8c64-b88a60e194fb,prd1114,CDs: 3 month,Investment,Personal,13219.7,1,USD,branchid:11000
570bc078-4c73-11ea-8f72-b88a60e194fb-1,2020-01-27T12:10:48.000Z,crmid:1900847032,570bc078-4c73-11ea-8f72-b88a60e194fb,prd1049,Business Brokerage Account,Investment,Business,245452.14,1,USD,branchid:11124
570cd1ba-4c73-11ea-9e89-b88a60e194fb-1,2020-01-08T05:06:00.000Z,crmid:8035985775,570cd1ba-4c73-11ea-9e89-b88a60e194fb,prd1153,CDs: 1 year,Investment,Personal,14555.33,1,USD,branchid:11087
5776914a-4c73-11ea-bc94-b88a60e194fb-1,2020-01-30T14:53:00.000Z,crmid:1806707353,5776914a-4c73-11ea-bc94-b88a60e194fb,prd1175,401k,Retirement,Personal,210220.2,1,USD,branchid:11110
57777f68-4c73-11ea-ac83-b88a60e194fb-1,2020-01-23T15:05:44.000Z,crmid:4641963885,57777f68-4c73-11ea-ac83-b88a60e194fb,prd1120,Mortgage: 10/1 ARM,Mortgage,Personal,15056.52,1,USD,branchid:11076
577865a8-4c73-11ea-a9b4-b88a60e194fb-1,2020-01-20T17:05:48.000Z,crmid:4370930142,577865a8-4c73-11ea-a9b4-b88a60e194fb,prd1046,Mortgage: VA,Mortgage,Personal,235944.89,1,USD,branchid:11064
577928e8-4c73-11ea-a4af-b88a60e194fb-1,2020-01-01T19:21:58.000Z,crmid:2083372638,577928e8-4c73-11ea-a4af-b88a60e194fb,prd1060,Traditional IRA,Retirement,Personal,249722.98,1,USD,branchid:11128
577a396e-4c73-11ea-b385-b88a60e194fb-1,2020-01-30T10:46:28.000Z,crmid:3642546032,577a396e-4c73-11ea-b385-b88a60e194fb,prd1053,Mortgage: VA,Mortgage,Personal,12142.37,1,USD,branchid:11077
577b23ca-4c73-11ea-bed8-b88a60e194fb-1,2020-01-16T03:22:24.000Z,crmid:2469354463,577b23ca-4c73-11ea-bed8-b88a60e194fb,prd1175,401k,Retirement,Personal,17362.21,1,USD,branchid:11026
577c0e4c-4c73-11ea-808d-b88a60e194fb-1,2020-01-29T16:08:34.000Z,crmid:7346342848,577c0e4c-4c73-11ea-808d-b88a60e194fb,prd1042,Roth IRA,Retirement,Personal,236831.51,1,USD,branchid:11120
57e57e28-4c73-11ea-abef-b88a60e194fb-1,2020-01-08T21:32:17.000Z,crmid:7361635829,57e57e28-4c73-11ea-abef-b88a60e194fb,prd1151,Mortgage: 10 yr Fixed,Mortgage,Personal,2986064.84,1,USD,branchid:11122
57e68f8a-4c73-11ea-bfbc-b88a60e194fb-1,2020-01-31T11:51:35.000Z,crmid:3373031585,57e68f8a-4c73-11ea-bfbc-b88a60e194fb,prd1079,Mortgage: 30-yr Fixed,Mortgage,Personal,11247.15,1,USD,branchid:11118
57e77a24-4c73-11ea-a073-b88a60e194fb-1,2020-01-21T19:49:18.000Z,crmid:8564882439,57e77a24-4c73-11ea-a073-b88a60e194fb,prd1115,Mortgage: VA,Mortgage,Personal,12358.5,1,USD,branchid:11088
57e86458-4c73-11ea-825b-b88a60e194fb-1,2020-01-01T00:24:42.000Z,crmid:8233631827,57e86458-4c73-11ea-825b-b88a60e194fb,prd1167,Roth IRA,Retirement,Personal,236751.87,1,USD,branchid:11150
57ea11fa-4c73-11ea-81ca-b88a60e194fb-1,2020-01-08T12:52:56.000Z,crmid:2028255614,57ea11fa-4c73-11ea-81ca-b88a60e194fb,prd1154,Mortgage: 30-yr Fixed,Mortgage,Personal,259518.35,1,USD,branchid:11111
57ead54a-4c73-11ea-ae4d-b88a60e194fb-1,2020-01-18T04:02:07.000Z,crmid:4098781886,57ead54a-4c73-11ea-ae4d-b88a60e194fb,prd1013,Mortgage: FHA,Mortgage,Personal,15380.01,1,USD,branchid:11123
57ebe6ba-4c73-11ea-bf33-b88a60e194fb-1,2020-01-27T18:31:02.000Z,crmid:9078928947,57ebe6ba-4c73-11ea-bf33-b88a60e194fb,prd1148,Mortgage: 10/1 ARM,Mortgage,Personal,13127.37,1,USD,branchid:11094
585bbf94-4c73-11ea-a754-b88a60e194fb-1,2020-01-10T06:17:55.000Z,crmid:2720826440,585bbf94-4c73-11ea-a754-b88a60e194fb,prd1088,CDs: 1 year,Investment,Personal,15338.41,1,USD,branchid:11024
585cf7e4-4c73-11ea-9f6a-b88a60e194fb-1,2020-01-03T14:07:12.000Z,crmid:3643848777,585cf7e4-4c73-11ea-9f6a-b88a60e194fb,prd1035,Pension Account,Retirement,Personal,16617.62,1,USD,branchid:11031
585e0958-4c73-11ea-9698-b88a60e194fb-1,2020-01-18T10:27:36.000Z,crmid:1358421098,585e0958-4c73-11ea-9698-b88a60e194fb,prd1013,Mortgage: FHA,Mortgage,Personal,14906.35,1,USD,branchid:11024
585f1ad8-4c73-11ea-bcb6-b88a60e194fb-1,2020-01-13T03:31:37.000Z,crmid:7678216204,585f1ad8-4c73-11ea-bcb6-b88a60e194fb,prd1151,Mortgage: 10 yr Fixed,Mortgage,Personal,267669.26,1,USD,branchid:11010
58600524-4c73-11ea-94c6-b88a60e194fb-1,2020-01-08T18:26:10.000Z,crmid:4203481976,58600524-4c73-11ea-94c6-b88a60e194fb,prd1131,Employee Stock Purchase Plans,Investment,Personal,14654.26,1,USD,branchid:11128
5861168a-4c73-11ea-a073-b88a60e194fb-1,2020-01-14T21:50:40.000Z,crmid:3409427635,5861168a-4c73-11ea-a073-b88a60e194fb,prd1041,Mortgage: 7/1 ARM,Mortgage,Personal,211219.59,1,USD,branchid:11029
586227f6-4c73-11ea-be81-b88a60e194fb-1,2020-01-21T02:43:20.000Z,crmid:3307425320,586227f6-4c73-11ea-be81-b88a60e194fb,prd1041,Mortgage: 7/1 ARM,Mortgage,Personal,12491.01,1,USD,branchid:11113
58dc12c0-4c73-11ea-95c6-b88a60e194fb-1,2020-01-10T14:11:41.000Z,crmid:7208380941,58dc12c0-4c73-11ea-95c6-b88a60e194fb,prd1041,Mortgage: 7/1 ARM,Mortgage,Personal,17888.36,1,USD,branchid:11150
58dd4b62-4c73-11ea-aec1-b88a60e194fb-1,2020-01-13T11:00:01.000Z,crmid:2282009222,58dd4b62-4c73-11ea-aec1-b88a60e194fb,prd1008,Traditional IRA,Retirement,Personal,13436.48,1,USD,branchid:11145
58df201c-4c73-11ea-a7fa-b88a60e194fb-1,2020-01-31T16:44:02.000Z,crmid:8766093572,58df201c-4c73-11ea-a7fa-b88a60e194fb,prd1124,CDs: 5 year,Investment,Personal,171846.59,1,USD,branchid:11134
58e0cdc8-4c73-11ea-822c-b88a60e194fb-1,2020-01-15T10:48:00.000Z,crmid:6595143824,58e0cdc8-4c73-11ea-822c-b88a60e194fb,prd1111,Pension Account,Retirement,Personal,11874.75,1,USD,branchid:11079
58e25462-4c73-11ea-8145-b88a60e194fb-1,2020-01-15T14:11:52.000Z,crmid:1720183682,58e25462-4c73-11ea-8145-b88a60e194fb,prd1155,CDs: 5 year,Investment,Personal,181584.41,1,USD,branchid:11054
58e477a2-4c73-11ea-b7d7-b88a60e194fb-1,2020-01-30T06:15:42.000Z,crmid:9679399250,58e477a2-4c73-11ea-b7d7-b88a60e194fb,prd1159,CDs: 3 month,Investment,Personal,17566.34,1,USD,branchid:11045
58e624ec-4c73-11ea-9f6f-b88a60e194fb-1,2020-01-06T01:52:44.000Z,crmid:8394451214,58e624ec-4c73-11ea-9f6f-b88a60e194fb,prd1185,Mortgage: FHA,Mortgage,Personal,215508.19,1,USD,branchid:11106
5968c238-4c73-11ea-bbc7-b88a60e194fb-1,2020-01-26T18:01:40.000Z,crmid:1880187278,5968c238-4c73-11ea-bbc7-b88a60e194fb,prd1047,Mortgage: 10 yr Fixed,Mortgage,Personal,118689.7,1,USD,branchid:11103
5969faba-4c73-11ea-bc8b-b88a60e194fb-1,2020-01-07T19:30:24.000Z,crmid:4581913675,5969faba-4c73-11ea-bc8b-b88a60e194fb,prd1129,Mortgage: 10/1 ARM,Mortgage,Personal,207789.05,1,USD,branchid:11142
596b5cde-4c73-11ea-80b7-b88a60e194fb-1,2020-01-06T12:09:57.000Z,crmid:1006422064,596b5cde-4c73-11ea-80b7-b88a60e194fb,prd1189,Overseas Equity Fund,Investment,Personal,234741.86,1,USD,branchid:11015
596ce0e2-4c73-11ea-9df6-b88a60e194fb-1,2020-01-24T10:23:45.000Z,crmid:9548777392,596ce0e2-4c73-11ea-9df6-b88a60e194fb,prd1033,Fixed Deposit,Investment,Personal,219491.02,1,USD,branchid:11030
596e1a9c-4c73-11ea-b162-b88a60e194fb-1,2020-01-16T06:37:53.000Z,crmid:5418441536,596e1a9c-4c73-11ea-b162-b88a60e194fb,prd1185,Mortgage: FHA,Mortgage,Personal,24290.03,1,USD,branchid:11075
5970153e-4c73-11ea-806b-b88a60e194fb-1,2020-01-06T18:57:49.000Z,crmid:8292532399,5970153e-4c73-11ea-806b-b88a60e194fb,prd1176,Overseas Equity Fund,Investment,Personal,15377.12,1,USD,branchid:11110
59714db0-4c73-11ea-a145-b88a60e194fb-1,2020-01-11T02:01:22.000Z,crmid:7519679772,59714db0-4c73-11ea-a145-b88a60e194fb,prd1037,Home Equity Loan,Mortgage,Personal,3729142.56,1,USD,branchid:11111
59e0151e-4c73-11ea-b577-b88a60e194fb-1,2020-01-04T22:11:14.000Z,crmid:8025925842,59e0151e-4c73-11ea-b577-b88a60e194fb,prd1150,Money Market,Investment,Personal,16380.18,1,USD,branchid:11108
59e14d90-4c73-11ea-a5fa-b88a60e194fb-1,2020-01-04T04:41:01.000Z,crmid:3351648730,59e14d90-4c73-11ea-a5fa-b88a60e194fb,prd1110,Traditional IRA,Retirement,Personal,20497.28,1,USD,branchid:11092
59e25ef6-4c73-11ea-89ac-b88a60e194fb-1,2020-01-18T01:38:26.000Z,crmid:6721262640,59e25ef6-4c73-11ea-89ac-b88a60e194fb,prd1174,Traditional IRA,Retirement,Personal,3344168.38,1,USD,branchid:11131
59e323a8-4c73-11ea-83c7-b88a60e194fb-1,2020-01-14T06:18:09.000Z,crmid:8507568215,59e323a8-4c73-11ea-83c7-b88a60e194fb,prd1189,Overseas Equity Fund,Investment,Personal,14519.74,1,USD,branchid:11039
59e3e592-4c73-11ea-8b2f-b88a60e194fb-1,2020-01-08T20:05:40.000Z,crmid:3135580808,59e3e592-4c73-11ea-8b2f-b88a60e194fb,prd1041,Mortgage: 7/1 ARM,Mortgage,Personal,206838.39,1,USD,branchid:11122
59e56c4c-4c73-11ea-a401-b88a60e194fb-1,2020-01-18T06:06:15.000Z,crmid:6691660268,59e56c4c-4c73-11ea-a401-b88a60e194fb,prd1077,Roth IRA,Retirement,Personal,14252.59,1,USD,branchid:11074
