crmid,email,first_name,last_name,gender,mobile telephone,city,country,zip,state,street address,birthday,creditrating
crmid:9716952996,proscriptive1947@live.com,Carol,Logan,,663-138-5186,Nixa,United States,57645,Virginia,31 La Ferrera,1997-09-12,2473
crmid:4766835212,cresoxide2016@outlook.com,Alysa,Lloyd,female,421-455-5152,Daly City,United States,05410,Washington,854 Ervine,1952-01-17,1973
crmid:5451209776,badger2034@yandex.com,Jeffry,Alexander,male,301-635-4162,Troy,United States,89001,New Jersey,819 Lendrum,1994-01-10,964
crmid:2523995154,zelkova1807@live.com,Horacio,Hoffman,,367-935-6861,Rockford,United States,54459,Utah,454 Saint Elmo,1998-12-15,967
crmid:9094737546,uniaxally1808@yandex.com,Roger,Cooper,,984-056-5532,South Portland,United States,34425,Rhode Island,1280 Pershing,1976-07-16,2157
crmid:3864882392,disbelief1889@yandex.com,Jayson,Reynolds,male,112-701-0187,Mustang,United States,90731,Georgia,646 Dutch Windmill Access,1995-11-02,1659
crmid:7559113019,conscience2029@yandex.com,Darrel,Mercado,male,064-100-2564,Plano,United States,06178,Nebraska,1017 Attridge,1936-03-20,2434
crmid:1942394022,craft1819@yandex.com,Tracey,Sharpe,,749-191-3345,Sheridan,United States,46251,Arizona,1259 South Van Ness,1993-02-23,2542
crmid:5311085342,nucleary1910@live.com,Elwood,Alford,male,239-092-3000,Tupelo,United States,80907,Indiana,575 Blackstone,1939-11-06,1114
crmid:7019254633,hyracina1927@yandex.com,Shannon,Howell,,900-845-0381,Rutherford,United States,37740,Kansas,490 Olney,1975-05-24,2886
crmid:5230057302,balinese1805@live.com,Terence,Flowers,,000-402-3027,Texarkana,United States,40579,West Virginia,106 Alton,1987-03-03,1212
crmid:1204363764,dingdonging1966@gmail.com,Scottie,Gibson,male,863-537-5603,Apache Junction,United States,75903,Montana,1089 Madrid,1933-09-11,842
crmid:6199580718,brachial1924@yahoo.com,Marshall,Leblanc,male,736-203-7405,Bettendorf,United States,35227,Maryland,170 Granada,1938-07-17,914
crmid:4032823937,beograd1808@gmail.com,Trinidad,Carney,,177-405-8470,Paterson,United States,37121,Alaska,36 Garden,1980-11-24,616
crmid:1294581293,dorsocaudad2044@yahoo.com,Marc,Bright,male,922-737-3951,Temple City,United States,73950,Iowa,1037 Jewett,1930-07-04,2427
crmid:1604182160,chemosynthesis1904@yandex.com,Lupe,Morton,,988-355-0780,Scottsdale,United States,29090,Mississippi,420 Globe,1963-12-30,1692
crmid:3550148376,kibbutz1973@live.com,Ron,Middleton,,147-617-2552,Milwaukie,United States,60448,Mississippi,916 Davidson,1991-11-15,659
crmid:7807797463,decoupage1927@yandex.com,Leif,Schroeder,male,896-711-9833,Baton Rouge,United States,32289,Texas,338 Milton I Ross,1936-06-26,2957
crmid:2306562779,panther2043@live.com,Silvana,Patterson,female,884-203-8542,Columbus,United States,44488,New Jersey,556 Rolph,1949-08-23,478
crmid:5527686983,photographic1931@yandex.com,Kraig,Clemons,,532-868-9746,Mayfield Heights,United States,30398,Delaware,562 Treat,1988-06-27,1680
crmid:5986547574,atavus1866@live.com,Spencer,Gonzalez,male,553-728-7126,Springville,United States,75319,North Dakota,1204 Lake Forest,1945-09-11,346
crmid:6961438475,shambled1831@live.com,Margaretta,Moore,female,466-795-6142,Spring Valley,United States,52608,New Hampshire,1309 Richard Henry Dana,1961-06-20,1498
crmid:2381071169,catfish2013@outlook.com,Ezekiel,Smith,,298-407-7081,San Pablo,United States,85930,North Carolina,1267 Powell,1979-09-29,831
crmid:3783206026,identify1913@outlook.com,Gearldine,Hickman,female,083-004-7166,Thomasville,United States,14597,Idaho,953 Burnside,1947-03-14,1002
crmid:3100976341,swallow1986@gmail.com,Hilde,Head,female,606-759-1347,Westfield,United States,67971,Illinois,1376 Pacific,1952-04-13,1271
crmid:3419266895,pleurotoma1827@live.com,Asa,Lancaster,male,898-204-3578,Bartow,United States,80655,Tennessee,1202 Utah,1936-01-17,2503
crmid:2003688663,anxious1814@outlook.com,Arica,Garrison,female,641-084-7729,Donna,United States,70557,New Jersey,325 Turner,1955-01-11,729
crmid:7250906845,beate1923@yandex.com,Delmer,Humphrey,male,078-010-0823,Arcata,United States,17046,Rhode Island,193 Lenox,1933-03-15,2264
crmid:1024253101,starvation1975@live.com,Rob,Dunn,male,094-813-2180,Sterling Heights,United States,02790,New Jersey,1155 Water,1931-08-09,1780
crmid:7032617772,transplace1821@yahoo.com,Douglas,Daniels,,743-019-2681,Granite City,United States,14206,Kansas,777 Pink,1967-03-13,597
crmid:8237336566,undialled1921@gmail.com,Justin,Holland,female,321-937-3301,Rocky River,United States,24779,Michigan,297 Earl,1956-04-14,2878
crmid:1577407209,integrate1997@yandex.com,Lucien,Rivers,,464-654-6498,Porterville,United States,31713,Kansas,789 Gilroy,1968-10-05,335
crmid:3047917477,asoka1971@yahoo.com,Margrett,Eaton,female,045-214-0581,Farmington Hills,United States,73277,Colorado,20 Mayflower,1961-12-21,359
crmid:7706571082,humanitarianism1800@gmail.com,Kerry,Poole,male,878-190-8638,White Plains,United States,07420,California,284 Pfeiffer,1934-06-23,1754
crmid:4380960430,eliminable1958@yandex.com,Arlie,Buckner,,471-816-4194,Shawnee,United States,85901,Georgia,636 Entrada,1967-09-14,1169
crmid:2489870644,entomb1997@yahoo.com,Sanford,Evans,,837-946-5105,Fitchburg,United States,55642,New Mexico,497 Olney,1962-09-19,2541
crmid:9249853308,dowse1925@yandex.com,Pandora,Vazquez,female,165-500-6842,Mount Vernon,United States,14150,Georgia,1092 Westmoorland,1994-03-27,2893
crmid:9831483181,calepin1882@yandex.com,Rich,Blackburn,,030-192-6215,Key West,United States,48602,Arkansas,619 West View,1977-07-31,1743
crmid:1760108081,forrard1876@yahoo.com,Ross,Woodward,,689-762-4540,Montgomery,United States,28655,Michigan,871 Dogwood,1992-04-27,1230
crmid:7731480585,afrikaans1916@yahoo.com,Elias,Gross,,352-493-2184,Socorro,United States,98767,South Carolina,397 Lisbon,1990-10-20,1033
crmid:6145005704,dayspring2055@yahoo.com,Jeneva,Banks,female,741-219-6661,De Pere,United States,23931,West Virginia,547 Chumasero,1953-04-02,313
crmid:9092877036,juliennes2061@yahoo.com,Andy,Leach,male,571-250-8940,Albuquerque,United States,99539,North Carolina,1158 Roach,1931-01-17,1904
crmid:5547425997,chlorophane1967@gmail.com,Fernando,Hull,,944-889-2422,Leesburg,United States,49690,Iowa,809 Marine,1982-07-17,2570
crmid:2059724766,cuttail1874@gmail.com,Josiah,Stein,,166-813-0968,Porterville,United States,86058,California,1084 Diamond,1963-01-03,1089
crmid:3712618378,giantpanda1954@gmail.com,Claudio,Pickett,male,329-745-5537,Pasco,United States,79071,Maryland,694 Cashmere,1931-02-23,1275
crmid:6493570907,emogene2067@outlook.com,Val,Brewer,male,960-672-8546,Redondo Beach,United States,05735,Arkansas,192 Broadmoor,1937-09-04,1919
crmid:4222780716,ericsson1888@yahoo.com,Willodean,Navarro,female,147-593-8389,San Fernando,United States,61583,South Carolina,1269 Esmeralda,1951-11-18,1441
crmid:4013145535,monstrify1874@live.com,Tyson,Hale,,654-837-9298,Sarasota,United States,92454,Georgia,1238 Campbell,1974-05-16,417
crmid:1831653526,tepidity1995@yandex.com,Leeanna,Shaffer,female,713-235-0638,Detroit,United States,77982,Rhode Island,1008 Ocean Vista,1954-12-25,2893
crmid:7482643760,trippet2006@yahoo.com,Nigel,Stone,,992-390-7147,Waynesboro,United States,37468,Kentucky,221 Peek,1970-12-26,1798
crmid:4710039808,castell1913@outlook.com,Sommer,French,female,122-897-3463,Woonsocket,United States,89452,Delaware,481 Sloat,1961-08-10,596
crmid:8058105365,gripy1841@outlook.com,Coleman,Hewitt,,372-874-5172,Plainfield,United States,56900,Texas,837 Clinton,1998-11-24,564
crmid:9542773193,electrodesiccation1856@gmail.com,Latina,Thompson,female,091-806-8665,Deerfield Beach,United States,20780,New York,623 Double Rock,1954-05-29,1088
crmid:4735595953,chipchap1861@live.com,Jasper,Sears,male,748-673-5570,Casper,United States,24174,Pennsylvania,1244 Plaza,1945-05-26,2845
crmid:2976347475,assuming2033@yandex.com,Pandora,Joyner,female,138-727-9286,East Moline,United States,42454,Florida,1285 Lick,1957-07-16,2697
crmid:7910636862,antisun2067@gmail.com,Quentin,Harris,,621-786-6752,West Des Moines,United States,66314,Delaware,1069 Ord,1969-10-26,1127
crmid:9786623210,lawless1950@live.com,Cyril,Juarez,,842-828-6275,Gurnee,United States,13463,Nebraska,1342 Raycliff,1969-02-02,2321
crmid:2164930198,sedater1843@yahoo.com,Blaine,Weber,,140-115-1883,Grants Pass,United States,20960,Illinois,57 Pinehurst,1967-05-13,1057
crmid:7431653734,padmasana1878@gmail.com,Quintin,Wilcox,male,590-667-3774,Winston-Salem,United States,99405,South Dakota,234 Menoher,1935-08-31,2887
crmid:1189710938,consolatrix2033@gmail.com,Sammie,Vaughan,,564-593-6226,Tampa,United States,72665,North Carolina,1142 Bonnie Brae,1968-02-21,1619
crmid:9406355146,bulanda1991@live.com,Hugh,Raymond,,753-666-7917,Lafayette,United States,06224,Mississippi,1210 Sala,1979-01-28,2864
crmid:7729744474,sabed1924@yandex.com,Vaughn,Camacho,,608-753-9628,Mission,United States,30112,Kansas,148 Dublin,1991-06-06,2691
crmid:7031845259,barbara1856@yahoo.com,Jared,Miranda,,020-608-5495,Sioux City,United States,22963,Vermont,77 Coldspring,1968-09-07,337
crmid:5376443060,wastiest1847@gmail.com,Charlsie,Paul,female,597-990-8138,Elyria,United States,00332,Kansas,1073 Patten,1959-02-23,2300
crmid:4247402825,transact1868@yandex.com,Edgar,Robbins,male,529-931-1049,Newport News,United States,95806,Wisconsin,1267 Hicks,1997-12-18,977
crmid:4506415009,snakey2040@live.com,Randee,Velasquez,female,011-824-6077,Chicago,United States,49196,Idaho,212 Detroit,1947-07-29,2376
crmid:8196156105,coleopterous2070@yahoo.com,Kenton,Wiley,,819-418-1663,Hot Springs,United States,21339,Wyoming,288 Winston,1973-04-04,1991
crmid:5755412499,bolshevik1946@outlook.com,Zack,Griffin,male,676-542-8277,North Ogden,United States,95526,Virginia,1071 Edgewood,1998-01-19,991
crmid:4830020373,chappy2005@live.com,Wesley,Hines,female,886-138-9358,Portland,United States,81497,Montana,1273 Crossover,1999-04-18,2138
crmid:8420602657,calinda1861@outlook.com,Kelle,Buck,female,665-424-2592,Rexburg,United States,21216,Vermont,973 Urbano,1961-05-04,332
crmid:9683889663,eriksson2052@live.com,Hal,Alvarez,,168-168-1125,Stockton,United States,38604,Kansas,956 Anglo,1970-11-26,506
crmid:2211722941,callery1865@yahoo.com,Armando,Terry,male,318-379-6722,Yorba Linda,United States,08305,Georgia,636 Montecito,1936-01-29,1768
crmid:4052460027,intrigued1844@gmail.com,Renaldo,Harris,male,066-094-3824,Westmont,United States,55030,Wyoming,1090 Barnard,1940-08-13,2196
crmid:4715382327,prefacers1951@gmail.com,Wilmer,Villarreal,male,726-772-0479,Carrboro,United States,69902,Alabama,1118 Glendale,1944-11-26,394
crmid:8827771189,strenuous1853@live.com,Yukiko,Jennings,female,721-374-9128,Palatine,United States,24834,Michigan,1372 Desmond,1955-09-15,2285
crmid:7954346650,fabrizio1971@live.com,Paris,Leblanc,,607-371-1150,Meridian,United States,14598,Vermont,157 Gallagher,1989-02-09,1503
crmid:8706399865,malpracticing2061@live.com,Harry,Wiley,,295-467-1955,Wake Forest,United States,42126,Connecticut,341 Telegraph Hill,1991-05-02,1842
crmid:5835400715,arleng1969@gmail.com,Lacy,Kirk,,625-808-2900,Richland,United States,97862,Texas,1008 Melra,1991-12-31,2607
crmid:3462887152,criminol1845@live.com,Misha,Stanley,female,540-161-5486,Port Hueneme,United States,28863,Utah,885 Starr King,1957-10-26,790
crmid:7828841275,croppy1893@gmail.com,Eldon,Reynolds,,532-249-9077,West Linn,United States,49070,Washington,106 Farview,1993-04-03,2920
crmid:6541424777,pooty1897@gmail.com,Manual,Townsend,,122-502-4160,Superior,United States,31728,North Dakota,783 Flower,1971-03-22,1831
crmid:6254911275,science1937@outlook.com,Raymon,Mcintosh,,509-509-5372,Normal,United States,87663,Kentucky,947 Oliver,1998-12-25,578
crmid:8789929595,basis1833@yandex.com,Lesha,Alvarado,female,848-805-5895,Plant City,United States,13930,Delaware,1024 Prague,1950-12-10,1005
crmid:5188068472,sissoo2027@outlook.com,Luke,Martin,,924-232-9580,Oakland,United States,77753,Ohio,911 De Boom,1962-03-17,1321
crmid:4596311218,peccable1907@yandex.com,Dalton,Hood,,756-835-0445,Huntington,United States,54119,Indiana,1133 Forest,1973-10-04,1473
crmid:7232387910,dielike1912@outlook.com,Soraya,Knapp,female,929-932-0019,Richardson,United States,61472,Nevada,1343 Hooker,1953-08-16,2395
crmid:7345679441,semblance2019@live.com,Nathaniel,Knox,,525-717-0017,Kenosha,United States,72484,Nevada,1172 Reno,1977-04-09,664
crmid:8552497071,codicil2016@gmail.com,Xenia,Lindsey,female,633-972-5420,Dearborn,United States,59749,Minnesota,606 Nordhoff,1953-09-17,1894
crmid:1314203054,parser1867@yandex.com,Kati,Hinton,female,867-673-2517,Redondo Beach,United States,68854,Illinois,1369 Martin Luther King Jr,1961-10-09,1134
crmid:7656936622,securableness1802@outlook.com,Ruben,Patrick,male,323-341-1888,Apopka,United States,96680,Mississippi,584 Rockdale,1933-08-23,2020
crmid:4265924336,transchannel2068@live.com,Geoffrey,Aguirre,,130-716-1744,Fort Smith,United States,21056,Colorado,344 Marne,1963-04-03,715
crmid:7020590504,telephoto2008@yahoo.com,Dannie,Delgado,female,503-515-4895,Vernon Hills,United States,79138,Nebraska,1138 Deems,1946-02-08,437
crmid:2542086830,boother1975@gmail.com,Ben,Whitehead,male,679-267-8286,Cathedral City,United States,96976,Michigan,1379 Charles J Brenham,1945-10-02,1767
crmid:2274335848,eyebrow1840@outlook.com,Joesph,Brewer,male,662-446-7306,Anderson,United States,60506,Rhode Island,530 Gatun,1932-10-10,801
crmid:3688719088,dirtbird1981@gmail.com,Randolph,Warren,,423-771-1938,Flower Mound,United States,08405,Maine,992 Randall,1962-02-12,2253
crmid:2886370666,rhamnohexite1835@outlook.com,Asa,Weaver,,959-820-1684,Spanish Fork,United States,86841,Oklahoma,142 Seward,1978-10-22,2885
crmid:2828310973,branchful1833@yandex.com,Frederic,O'donnell,male,125-944-5280,Belton,United States,21994,West Virginia,601 Guerrero,1937-04-22,1742
crmid:8576585361,criticaster1909@yandex.com,Robby,Little,,467-232-3583,Missoula,United States,18751,Indiana,977 Carrie,1992-03-02,354
crmid:9156741927,highheartedly1996@yandex.com,Joel,Mckinney,,817-170-7471,West Bend,United States,75841,Maryland,91 Dorado,1991-09-28,1489
crmid:2698840846,byproducts1898@gmail.com,Myung,Levine,female,603-384-3204,Westbrook,United States,61561,West Virginia,1288 Battery Crosby,1999-03-13,571
crmid:2739164800,pigeoner1924@live.com,Drew,Sloan,,521-614-8506,Pontiac,United States,60898,Nevada,516 Hidalgo,1985-01-25,830
crmid:7008276225,fugio1831@yandex.com,Edwardo,Myers,,988-978-5011,Galveston,United States,79801,Hawaii,1353 Hancock,1965-12-27,1901
crmid:7743710519,polypage1827@yandex.com,Jessie,Barrett,male,001-616-7321,State College,United States,13909,Arkansas,15 Red Leaf,1944-10-10,2935
crmid:3483318880,buyable1924@live.com,Ethan,Miranda,,029-632-3197,Glassboro,United States,67464,Kansas,538 Adair,1966-10-11,2276
crmid:8927778620,boohoo1964@yahoo.com,Gavin,Sykes,,219-728-0796,Poplar Bluff,United States,53323,Massachusetts,411 Precita,1999-06-02,560
crmid:8277332797,blizz1942@gmail.com,Particia,Daugherty,female,770-832-9502,Chelsea,United States,62027,Virginia,121 Stillman,1946-10-13,1749
crmid:2880927516,intertarsal1824@outlook.com,Owen,Todd,,149-035-4726,New Philadelphia,United States,33985,Arkansas,269 Brook,1996-06-11,2984
crmid:8933460881,enhancer1931@gmail.com,Whitney,Underwood,,126-075-8788,Kettering,United States,42680,Virginia,1025 Ignacio,1977-07-30,2850
crmid:1489551948,sovite2003@outlook.com,Jamison,Glass,,530-510-4415,West New York,United States,47132,New Jersey,669 Venard,1986-03-26,1778
crmid:8077752346,balinese2012@outlook.com,Christeen,Kidd,female,342-199-6573,Palos Hills,United States,18705,Nebraska,706 Olympia,1952-10-29,1796
crmid:9697758902,gripy1833@yandex.com,Maryetta,Foley,female,645-687-5699,Encinitas,United States,31716,Florida,1368 Wool,1959-06-10,1790
crmid:7699547456,abscess2011@outlook.com,Kraig,Stanley,male,896-571-5124,Cedar City,United States,35262,Wyoming,532 Upper,1945-06-28,1819
crmid:1094218645,able1882@yandex.com,Lino,Kim,,453-702-8024,Oak Lawn,United States,32311,Wisconsin,1109 Sears,1976-06-10,476
crmid:5465219681,outlet1993@live.com,Theressa,Emerson,female,837-045-5834,Conroe,United States,54683,Wisconsin,75 Maynard,1950-09-09,2678
crmid:9642706196,antinormal2037@outlook.com,Jamal,Vazquez,,380-903-5552,Hamilton,United States,66652,Rhode Island,951 Paper,1969-11-17,704
crmid:3904756164,zaffer1894@live.com,Ching,Williamson,female,399-911-2751,Elko,United States,97965,Massachusetts,227 Dalewood,1959-11-24,1625
crmid:1935713830,mosquito1980@live.com,Stanley,Davenport,male,658-163-9408,Antioch,United States,54396,Pennsylvania,1264 Fernwood,1933-09-07,404
crmid:6389438455,travertine2003@yahoo.com,Austin,Griffin,female,990-616-0198,South Euclid,United States,16368,Alaska,1163 Marcela,1948-11-20,976
crmid:2382491318,pulsific1990@gmail.com,Alphonse,Maddox,male,542-193-4772,Biddeford,United States,70681,New Mexico,520 Minna,1939-01-18,2731
crmid:9327244185,dissave2026@gmail.com,Maris,Hamilton,female,488-361-8860,New Port Richey,United States,69931,Missouri,906 Young,1996-11-07,1807
crmid:4262264524,speron1939@live.com,Rafael,Guerra,male,377-575-6527,Rolling Meadows,United States,13765,Louisiana,218 Miles,1943-08-12,921
crmid:9149244908,moggie1953@yahoo.com,Ronny,Carroll,male,380-837-4715,Redlands,United States,88511,Florida,1279 Lenox,1999-09-04,2365
crmid:9885335516,clamber1947@outlook.com,Genesis,Cochran,female,020-181-2929,Pittsburgh,United States,25956,Mississippi,474 Ashwood,1961-10-06,2115
crmid:6473008486,cricker2068@yahoo.com,Jamar,Rivas,male,980-532-4738,Nicholasville,United States,02359,Connecticut,732 Harkness,1997-01-29,2444
crmid:5847082137,vivers1914@outlook.com,Bo,Boone,,662-825-5600,Pinole,United States,33085,Iowa,600 Kimball,1970-06-12,2640
crmid:5493734818,pooty1838@yandex.com,Chi,Blake,male,208-862-5392,Attleboro,United States,02020,Virginia,1399 Lori,1934-02-03,2337
crmid:4263221922,scenarizing1838@gmail.com,Arturo,Owens,,128-590-6788,Kenmore,United States,14660,Arizona,1275 Burnside,1977-02-19,962
crmid:3538887070,peacocked1879@yahoo.com,Ivory,Dillon,,803-658-8073,Troy,United States,65865,New Jersey,484 Judson,1982-11-18,1421
crmid:8186909142,premillenarianism1910@gmail.com,Adan,Sparks,male,134-702-3821,Carrollton,United States,80026,Oklahoma,886 Lydia,1944-11-01,1028
crmid:8705752771,lingering1915@yandex.com,Sherill,Daugherty,female,550-012-7419,Muncie,United States,29821,Pennsylvania,374 Grijalva,1994-04-20,2159
crmid:4285530337,emblem1927@yahoo.com,Vince,Walton,male,136-462-4688,Vestavia Hills,United States,19221,Mississippi,1313 Powell,1943-10-30,2475
crmid:9472005206,minima1940@yandex.com,Sana,Holloway,female,750-852-0846,St. Joseph,United States,68418,Missouri,1194 Quincy,1951-08-14,1006
crmid:3315004259,diena1816@live.com,Jospeh,Brady,,419-638-2958,Miami Lakes,United States,55026,Colorado,310 Sal,1990-09-29,2870
crmid:5672809861,befouled2023@outlook.com,Joesph,Newton,male,547-346-3959,Tukwila,United States,90863,South Dakota,642 Richland,1934-11-28,1446
crmid:5623907074,staple2018@outlook.com,Gale,Hyde,,252-010-2625,Gardena,United States,72774,Minnesota,183 Ramsell,1965-12-13,695
crmid:2447069421,sperate2009@gmail.com,Curt,Carrillo,,424-839-5450,Shawnee,United States,39910,Vermont,879 Pinar,1968-06-07,1334
crmid:8524912343,branch2017@yandex.com,Agustin,Morgan,male,471-979-0565,Carson City,United States,90961,Tennessee,1182 Steuben,1944-12-01,2154
crmid:3327256192,diagnose1990@outlook.com,Raymond,Cotton,,046-334-4481,Phenix City,United States,73489,Michigan,411 San Miguel,1971-11-14,1554
crmid:2759535172,earlier1948@outlook.com,Isaias,Alexander,male,193-912-3318,Rockford,United States,99251,Maine,226 Kronquist,1931-05-01,1656
crmid:6309582165,apostolize1834@yahoo.com,Markus,Aguilar,,722-392-8795,Woodburn,United States,49803,California,611 Church Access,1988-03-30,419
crmid:2516917254,levering1858@live.com,Rossie,Blevins,female,745-886-4447,Sandy,United States,10317,New Mexico,1226 Broadway,1946-07-03,947
crmid:3460125874,aindrea1866@live.com,Jarred,Joyner,male,188-151-0834,Bell,United States,27983,Utah,219 Holly,1937-05-16,750
crmid:4261887181,sheriff1842@yahoo.com,Lawerence,Snider,,506-151-6042,Maywood,United States,00687,Nevada,78 Wanda,1988-02-20,1541
crmid:1520618502,dalcassian1868@yahoo.com,Heath,Pennington,male,793-379-5768,Arcadia,United States,23179,Minnesota,671 Rose,1933-05-23,2539
crmid:9794492904,apartness1839@gmail.com,Hong,Benjamin,,001-306-1106,Susanville,United States,61883,Kentucky,8 Bocana,1989-03-30,2912
crmid:4272532094,infantly1958@live.com,Stephen,Glover,,665-808-7992,Lackawanna,United States,24360,Massachusetts,1133 Fowler,1979-04-06,1340
crmid:4606017798,amperage1996@live.com,Alfred,Wall,,797-895-4381,Herriman,United States,37296,Kentucky,519 Java,1971-06-23,2185
crmid:9986522664,bluefin1834@yahoo.com,Clint,Mosley,,767-599-9363,La Vista,United States,64663,California,1381 Gorham,1979-11-06,2644
crmid:9342274448,cellmate1903@gmail.com,Jamel,Davenport,,665-842-0503,Laguna Beach,United States,53202,Vermont,413 Treat,1979-09-12,2569
crmid:9444929091,loris1975@yandex.com,Chad,Avery,,236-731-0641,Petaluma,United States,59207,New York,883 Mercedes,1988-07-10,1584
crmid:8035208181,despot1852@live.com,Dean,Rollins,,791-393-9666,Johnstown,United States,69757,Kansas,982 Clairview,1975-11-28,2283
crmid:8040179829,infest2044@live.com,Oren,Murray,male,387-548-2557,Bismarck,United States,44512,West Virginia,1030 Craut,1939-07-21,453
crmid:3254978407,bobwhite1858@gmail.com,Earleen,Goodman,female,156-802-8955,Edmonds,United States,10908,Rhode Island,149 Oceanview,1958-03-12,2545
crmid:6439651777,spacial1987@yahoo.com,Nick,Griffin,,247-871-1146,Liberty,United States,19573,Arkansas,1394 Van Buren,1982-03-31,669
crmid:4173505426,restatement1928@yandex.com,Elicia,Pacheco,female,208-660-0971,Deerfield,United States,61645,Pennsylvania,568 Homewood,1954-11-05,854
crmid:7289344145,nyctophobia1852@live.com,Wilson,Stephenson,,746-549-5010,Wasco,United States,95598,Mississippi,562 Clairview,1966-09-14,565
crmid:1841011188,euktolite2020@yahoo.com,Chan,Rosario,female,198-484-1833,Norwalk,United States,80354,Hawaii,539 Hillview,1999-04-03,664
crmid:2213496334,convected1885@yandex.com,Ezra,Mason,male,459-542-0081,Annapolis,United States,67527,New Mexico,335 Santa Fe,1933-11-25,1690
crmid:5329644941,deuce1889@live.com,Daren,Torres,,775-484-5920,Shively,United States,55845,California,260 Brunswick,1995-09-26,1293
crmid:9782562174,cypher1954@yandex.com,Dominique,Allison,male,640-250-6553,Sidney,United States,00156,Maryland,1336 Griffith,1939-03-01,1689
crmid:3074688311,cumulate1843@live.com,Kelle,Fletcher,female,226-803-4782,Fargo,United States,24828,South Dakota,90 Campus,1961-05-10,2208
crmid:2851524696,penguin1851@gmail.com,Daphine,Bridges,female,094-220-2496,Fairborn,United States,10972,Nevada,286 Ritch,1961-02-04,2878
crmid:8045612345,ventages1949@yahoo.com,Ollie,Best,,843-099-8488,Key West,United States,83432,Maine,846 Santa Ana,1977-01-13,1364
crmid:4828985195,snarling2041@yandex.com,Eufemia,Woods,female,970-072-4012,Vernon Hills,United States,71738,Alabama,1211 Bergen,1954-03-31,1559
crmid:2521252700,balboa1850@yandex.com,Berneice,Watkins,female,136-829-1039,Darien,United States,08245,Mississippi,1113 Commercial,1953-01-30,2880
crmid:4320059133,politics1802@outlook.com,Josiah,Delgado,,287-693-4972,Rancho Cordova,United States,97108,Iowa,12 Ludlow,1968-12-27,2978
crmid:8341412057,shares1905@yandex.com,Hertha,Norton,female,961-166-7317,Twentynine Palms,United States,26228,Alaska,409 Avenue D,1958-04-22,2180
crmid:7706897253,latuka1817@gmail.com,Leif,Cardenas,,450-270-9957,Laguna Woods,United States,12818,Arizona,896 Vista View,1979-02-07,947
crmid:3174403712,novcic1819@live.com,Paris,Sykes,,652-727-3127,Murfreesboro,United States,87953,Rhode Island,1312 Rockaway,1994-07-23,1939
crmid:9746552821,suspected1806@outlook.com,Michael,Clay,,636-379-0481,Herriman,United States,59048,South Carolina,1393 Lucerne,1971-10-07,2814
crmid:7008437799,indri1945@yahoo.com,Avery,Ferrell,male,789-733-9011,Statesboro,United States,00327,Hawaii,775 Chase,1939-10-02,2016
crmid:8530058025,strutting1837@live.com,Grayce,Barker,female,981-373-2420,Universal City,United States,11480,Colorado,476 La Avanzada,1952-10-06,2896
crmid:8480736155,desires1936@yandex.com,Clay,Guy,,035-827-6061,Sanford,United States,40016,Maine,674 Baker,1984-03-01,839
crmid:2423321747,lithopone1982@gmail.com,Sammy,Clay,,992-364-8097,Hobbs,United States,81513,Mississippi,702 Georgia,1972-06-04,2240
crmid:4608629420,birken1843@yandex.com,Royce,Noble,,044-937-8647,Georgetown,United States,70647,Oklahoma,1127 Carolina,1965-12-12,1052
crmid:4578188375,chytridial1820@live.com,Leonida,Dalton,female,261-226-8616,Fairhope,United States,36702,Texas,548 Cole,1961-05-07,2955
crmid:8517937876,bemar1886@outlook.com,Dallas,Chandler,,270-123-9797,Norman,United States,41515,Washington,41 Emerald Cove,1998-07-30,1697
crmid:3709761871,rhinoceros1952@live.com,Anja,Battle,female,583-893-7955,Coral Gables,United States,06667,Alabama,805 Cora,1950-01-02,1179
crmid:9871360300,obscenity2019@outlook.com,Vern,William,,656-215-1883,Pleasantville,United States,42896,Nevada,1320 Acton,1987-09-08,520
crmid:2105682206,braggers1828@gmail.com,Tracy,Hickman,,537-886-9499,Hawthorne,United States,82848,Delaware,954 Blake,1970-12-09,780
crmid:9514553554,defined1820@gmail.com,Twanda,Lewis,female,164-972-7862,Charlottesville,United States,55001,South Carolina,961 Seventh,1946-10-17,1522
crmid:6327900998,quelea1826@yandex.com,Luba,Branch,female,609-969-5919,Ellensburg,United States,70289,South Dakota,166 Weston,1959-06-04,2803
crmid:4369967154,cathedrals1817@live.com,Brandon,Burnett,female,967-583-5303,Fargo,United States,08099,South Dakota,452 Northgate,1961-01-04,1680
crmid:6957860201,colon2007@yandex.com,Xiao,Joyner,female,679-077-8732,Dana Point,United States,75889,Connecticut,830 Vermont,1952-12-31,2466
crmid:6797324024,andirin1977@yahoo.com,Hubert,Harrison,male,841-825-2965,Ames,United States,23938,Nevada,812 Del Vale,1932-05-13,2959
crmid:9422302533,matutinary1967@yahoo.com,Jess,Prince,,359-443-3823,Garner,United States,40388,Texas,1102 Marietta,1965-07-15,1303
crmid:5760949487,codicil1942@yahoo.com,Lon,Dudley,,452-795-3417,Mount Pleasant,United States,35272,New Jersey,1094 Kramer,1993-06-19,2965
crmid:4450695259,blunter1953@live.com,Judson,Morin,,808-150-4875,McAlester,United States,30348,Maryland,418 Sotelo,1988-06-09,752
crmid:6249520197,brandice1903@outlook.com,Mose,Russell,male,279-368-8194,Stillwater,United States,58468,Illinois,599 Timothy Pflueger,1931-07-26,1060
crmid:2899694946,twattles1978@yandex.com,Ian,Burks,,634-881-8912,West Palm Beach,United States,63528,Delaware,1123 Gateview 3,1980-12-18,804
crmid:2077322484,nonderogation1960@live.com,Janeth,Richmond,female,825-695-6354,Derby,United States,77438,Massachusetts,503 Tapia,1954-04-25,786
crmid:3178481061,columbic1820@yandex.com,Manual,Dale,,119-328-2997,Onalaska,United States,40031,Kentucky,707 Battery Safford,1987-11-04,396
crmid:7178698471,lawless2051@yahoo.com,Ramon,Gonzales,,048-910-3577,La Mesa,United States,99154,Mississippi,546 Spring Valley,1978-10-06,1182
crmid:5994190627,barclay1865@live.com,Leslie,Puckett,,848-761-3868,Huntington Park,United States,80579,North Dakota,610 Crestline,1974-10-03,2134
crmid:4508508981,vedism1995@live.com,Allen,Phillips,,216-805-8020,Grandville,United States,49604,Missouri,534 Teddy,1967-08-24,384
crmid:7278698081,caracal2019@yandex.com,Truman,Morrison,,192-021-3256,Watauga,United States,26747,Oklahoma,985 Dellbrook,1966-11-28,2062
crmid:7815865861,enzym1944@outlook.com,Weldon,Levine,,537-514-1794,Mankato,United States,08557,North Carolina,1102 Tingley,1986-02-11,2583
crmid:7873683763,pluguglies1967@yahoo.com,Felipe,Terrell,,552-577-7011,Moorpark,United States,15898,New Mexico,1092 Armstrong,1993-03-12,1453
crmid:9133458734,sebasic1849@gmail.com,Damian,Kim,male,065-019-3783,Rosemount,United States,71033,Alaska,1159 Science,1942-02-16,2663
crmid:1006130650,centered1859@yandex.com,Kareem,Petty,,670-594-4947,New Port Richey,United States,77323,Georgia,1175 Priest,1996-12-17,752
