{"_id": "orderid:973051", "timestamp": "2020-01-06T09:06:39.000Z", "eventType": "transaction", "_adobeamericaspot3": {"CRMID": "crmid:1781728435", "orderDetails": {"orderID": "orderid:973051", "reservationid": "6UP-EJOW", "orderType": "kiosk", "hotelSKU": "prd1196", "hotelCheckInUnix": "1578733599", "hotelCheckOutUnix": "1579079199", "hotelCheckInTS": "2020-01-11T09:06:39+00:00", "hotelCheckOutTS": "2020-01-15T09:06:39+00:00", "hotelChain": "Aspen Heights", "hotelName": "Aspen Heights: Moscow", "hotelLocation": "Moscow", "hotelRoomType": "standard", "hotelRoomCount": "1", "hotelGuestAdultCount": "1", "hotelGuestChildCount": "0", "hotelNightCount": "4", "hotelRoomPrice": "160.61", "hotelFinalPrice": "642.44"}}}
{"_id": "orderid:297487", "timestamp": "2019-12-24T22:15:36.000Z", "eventType": "transaction", "_adobeamericaspot3": {"CRMID": "crmid:4538074278", "orderDetails": {"orderID": "orderid:297487", "reservationid": "ZFJ-HEXO", "orderType": "kiosk", "hotelSKU": "prd1190", "hotelCheckInUnix": "1579299336", "hotelCheckOutUnix": "1579990536", "hotelCheckInTS": "2020-01-17T22:15:36+00:00", "hotelCheckOutTS": "2020-01-25T22:15:36+00:00", "hotelChain": "Blue Reef Resort", "hotelName": "Blue Reef Resort: Aurora", "hotelLocation": "Aurora", "hotelRoomType": "premium", "hotelRoomCount": "1", "hotelGuestAdultCount": "1", "hotelGuestChildCount": "0", "hotelNightCount": "8", "hotelRoomPrice": "141.71", "hotelFinalPrice": "1133.68"}}}
{"_id": "orderid:670315", "timestamp": "2020-01-25T01:40:17.000Z", "eventType": "transaction", "_adobeamericaspot3": {"CRMID": "crmid:1324766381", "orderDetails": {"orderID": "orderid:670315", "reservationid": "BRI-IOSG", "orderType": "website", "hotelSKU": "prd1185", "hotelCheckInUnix": "1581212417", "hotelCheckOutUnix": "1581644417", "hotelCheckInTS": "2020-02-09T01:40:17+00:00", "hotelCheckOutTS": "2020-02-14T01:40:17+00:00", "hotelChain": "Sapphire Suites", "hotelName": "Sapphire Suites: New Orleans", "hotelLocation": "New Orleans", "hotelRoomType": "standard", "hotelRoomCount": "1", "hotelGuestAdultCount": "1", "hotelGuestChildCount": "0", "hotelNightCount": "5", "hotelRoomPrice": "170.17", "hotelFinalPrice": "850.85"}}}
{"_id": "orderid:785149", "timestamp": "2019-12-26T01:37:51.000Z", "eventType": "transaction", "_adobeamericaspot3": {"CRMID": "crmid:5366101286", "orderDetails": {"orderID": "orderid:785149", "reservationid": "AVJ-3F0J", "orderType": "call center", "hotelSKU": "prd1035", "hotelCheckInUnix": "1577842671", "hotelCheckOutUnix": "1578879471", "hotelCheckInTS": "2020-01-01T01:37:51+00:00", "hotelCheckOutTS": "2020-01-13T01:37:51+00:00", "hotelChain": "Hospitality Inn", "hotelName": "Hospitality Inn: Tucson", "hotelLocation": "Tucson", "hotelRoomType": "premium", "hotelRoomCount": "1", "hotelGuestAdultCount": "1", "hotelGuestChildCount": "2", "hotelNightCount": "12", "hotelRoomPrice": "141.12", "hotelFinalPrice": "1693.44"}}}
{"_id": "orderid:331269", "timestamp": "2019-12-15T09:58:38.000Z", "eventType": "transaction", "_adobeamericaspot3": {"CRMID": "crmid:6882556602", "orderDetails": {"orderID": "orderid:331269", "reservationid": "Z7S-FNVS", "orderType": "service desk", "hotelSKU": "prd1081", "hotelCheckInUnix": "1576490318", "hotelCheckOutUnix": "1576922318", "hotelCheckInTS": "2019-12-16T09:58:38+00:00", "hotelCheckOutTS": "2019-12-21T09:58:38+00:00", "hotelChain": "Admiralty Plaza", "hotelName": "Admiralty Plaza: Rod de Janeiro", "hotelLocation": "Rod de Janeiro", "hotelRoomType": "standard", "hotelRoomCount": "1", "hotelGuestAdultCount": "1", "hotelGuestChildCount": "0", "hotelNightCount": "5", "hotelRoomPrice": "170.1", "hotelFinalPrice": "850.5"}}}
{"_id": "orderid:805355", "timestamp": "2019-12-19T15:15:30.000Z", "eventType": "transaction", "_adobeamericaspot3": {"CRMID": "crmid:3058281754", "orderDetails": {"orderID": "orderid:805355", "reservationid": "VQ2-RYTS", "orderType": "call center", "hotelSKU": "prd1029", "hotelCheckInUnix": "1577200530", "hotelCheckOutUnix": "1577286930", "hotelCheckInTS": "2019-12-24T15:15:30+00:00", "hotelCheckOutTS": "2019-12-25T15:15:30+00:00", "hotelChain": "Sapphire Suites", "hotelName": "Sapphire Suites: Oklahoma City", "hotelLocation": "Oklahoma City", "hotelRoomType": "standard", "hotelRoomCount": "1", "hotelGuestAdultCount": "1", "hotelGuestChildCount": "0", "hotelNightCount": "1", "hotelRoomPrice": "120.04", "hotelFinalPrice": "120.04"}}}
{"_id": "orderid:818259", "timestamp": "2020-02-05T14:46:48.000Z", "eventType": "transaction", "_adobeamericaspot3": {"CRMID": "crmid:7389582874", "orderDetails": {"orderID": "orderid:818259", "reservationid": "DEH-LWDY", "orderType": "call center", "hotelSKU": "prd1139", "hotelCheckInUnix": "1583074008", "hotelCheckOutUnix": "1583419608", "hotelCheckInTS": "2020-03-01T14:46:48+00:00", "hotelCheckOutTS": "2020-03-05T14:46:48+00:00", "hotelChain": "Nesting Box Inn", "hotelName": "Nesting Box Inn: Nairobi", "hotelLocation": "Nairobi", "hotelRoomType": "ultra-luxury", "hotelRoomCount": "1", "hotelGuestAdultCount": "1", "hotelGuestChildCount": "0", "hotelNightCount": "4", "hotelRoomPrice": "401.88", "hotelFinalPrice": "1607.52"}}}
{"_id": "orderid:425174", "timestamp": "2019-12-27T06:15:38.000Z", "eventType": "transaction", "_adobeamericaspot3": {"CRMID": "crmid:4105456566", "orderDetails": {"orderID": "orderid:425174", "reservationid": "HJ0-QC9W", "orderType": "call center", "hotelSKU": "prd1022", "hotelCheckInUnix": "1577513738", "hotelCheckOutUnix": "1577772938", "hotelCheckInTS": "2019-12-28T06:15:38+00:00", "hotelCheckOutTS": "2019-12-31T06:15:38+00:00", "hotelChain": "Blue Reef Resort", "hotelName": "Blue Reef Resort: Washington DC", "hotelLocation": "Washington DC", "hotelRoomType": "standard", "hotelRoomCount": "1", "hotelGuestAdultCount": "1", "hotelGuestChildCount": "0", "hotelNightCount": "3", "hotelRoomPrice": "160.09", "hotelFinalPrice": "480.27"}}}
{"_id": "orderid:734469", "timestamp": "2020-02-12T08:12:05.000Z", "eventType": "transaction", "_adobeamericaspot3": {"CRMID": "crmid:9046104000", "orderDetails": {"orderID": "orderid:734469", "reservationid": "VIW-S6VN", "orderType": "kiosk", "hotelSKU": "prd1081", "hotelCheckInUnix": "1581927125", "hotelCheckOutUnix": "1582099925", "hotelCheckInTS": "2020-02-17T08:12:05+00:00", "hotelCheckOutTS": "2020-02-19T08:12:05+00:00", "hotelChain": "Admiralty Plaza", "hotelName": "Admiralty Plaza: Rod de Janeiro", "hotelLocation": "Rod de Janeiro", "hotelRoomType": "standard", "hotelRoomCount": "1", "hotelGuestAdultCount": "1", "hotelGuestChildCount": "0", "hotelNightCount": "2", "hotelRoomPrice": "156.94", "hotelFinalPrice": "313.88"}}}
{"_id": "orderid:795603", "timestamp": "2020-01-14T23:54:21.000Z", "eventType": "transaction", "_adobeamericaspot3": {"CRMID": "crmid:6468561793", "orderDetails": {"orderID": "orderid:795603", "reservationid": "VN2-QUVI", "orderType": "call center", "hotelSKU": "prd1100", "hotelCheckInUnix": "1580946861", "hotelCheckOutUnix": "1581206061", "hotelCheckInTS": "2020-02-05T23:54:21+00:00", "hotelCheckOutTS": "2020-02-08T23:54:21+00:00", "hotelChain": "Aspen Heights", "hotelName": "Aspen Heights: Misk", "hotelLocation": "Misk", "hotelRoomType": "premium", "hotelRoomCount": "1", "hotelGuestAdultCount": "1", "hotelGuestChildCount": "0", "hotelNightCount": "3", "hotelRoomPrice": "183.14", "hotelFinalPrice": "549.42"}}}
{"_id": "orderid:587429", "timestamp": "2020-01-25T08:22:25.000Z", "eventType": "transaction", "_adobeamericaspot3": {"CRMID": "crmid:7564913671", "orderDetails": {"orderID": "orderid:587429", "reservationid": "LDJ-D8LF", "orderType": "website", "hotelSKU": "prd1093", "hotelCheckInUnix": "1582014145", "hotelCheckOutUnix": "1582705345", "hotelCheckInTS": "2020-02-18T08:22:25+00:00", "hotelCheckOutTS": "2020-02-26T08:22:25+00:00", "hotelChain": "Admiralty Plaza", "hotelName": "Admiralty Plaza: Yokohama", "hotelLocation": "Yokohama", "hotelRoomType": "standard", "hotelRoomCount": "1", "hotelGuestAdultCount": "1", "hotelGuestChildCount": "0", "hotelNightCount": "8", "hotelRoomPrice": "198.79", "hotelFinalPrice": "1590.32"}}}
{"_id": "orderid:260000", "timestamp": "2020-01-12T02:21:15.000Z", "eventType": "transaction", "_adobeamericaspot3": {"CRMID": "crmid:9569826811", "orderDetails": {"orderID": "orderid:260000", "reservationid": "GKI-PH2S", "orderType": "kiosk", "hotelSKU": "prd1091", "hotelCheckInUnix": "1578882075", "hotelCheckOutUnix": "1578968475", "hotelCheckInTS": "2020-01-13T02:21:15+00:00", "hotelCheckOutTS": "2020-01-14T02:21:15+00:00", "hotelChain": "Nesting Box Inn", "hotelName": "Nesting Box Inn: New Taipei", "hotelLocation": "New Taipei", "hotelRoomType": "standard", "hotelRoomCount": "1", "hotelGuestAdultCount": "1", "hotelGuestChildCount": "0", "hotelNightCount": "1", "hotelRoomPrice": "162.55", "hotelFinalPrice": "162.55"}}}
{"_id": "orderid:707998", "timestamp": "2020-01-10T00:47:49.000Z", "eventType": "transaction", "_adobeamericaspot3": {"CRMID": "crmid:2546020158", "orderDetails": {"orderID": "orderid:707998", "reservationid": "MQ0-BOOC", "orderType": "call center", "hotelSKU": "prd1081", "hotelCheckInUnix": "1579567669", "hotelCheckOutUnix": "1579999669", "hotelCheckInTS": "2020-01-21T00:47:49+00:00", "hotelCheckOutTS": "2020-01-26T00:47:49+00:00", "hotelChain": "Admiralty Plaza", "hotelName": "Admiralty Plaza: Rod de Janeiro", "hotelLocation": "Rod de Janeiro", "hotelRoomType": "standard", "hotelRoomCount": "1", "hotelGuestAdultCount": "1", "hotelGuestChildCount": "0", "hotelNightCount": "5", "hotelRoomPrice": "175.52", "hotelFinalPrice": "877.6"}}}
{"_id": "orderid:929621", "timestamp": "2020-02-04T02:49:00.000Z", "eventType": "transaction", "_adobeamericaspot3": {"CRMID": "crmid:2155585971", "orderDetails": {"orderID": "orderid:929621", "reservationid": "HTD-1L5J", "orderType": "kiosk", "hotelSKU": "prd1185", "hotelCheckInUnix": "1582166940", "hotelCheckOutUnix": "1583462940", "hotelCheckInTS": "2020-02-20T02:49:00+00:00", "hotelCheckOutTS": "2020-03-06T02:49:00+00:00", "hotelChain": "Sapphire Suites", "hotelName": "Sapphire Suites: New Orleans", "hotelLocation": "New Orleans", "hotelRoomType": "premium", "hotelRoomCount": "1", "hotelGuestAdultCount": "1", "hotelGuestChildCount": "3", "hotelNightCount": "15", "hotelRoomPrice": "130.82", "hotelFinalPrice": "1962.3"}}}
{"_id": "orderid:486635", "timestamp": "2020-02-12T06:26:37.000Z", "eventType": "transaction", "_adobeamericaspot3": {"CRMID": "crmid:4439289284", "orderDetails": {"orderID": "orderid:486635", "reservationid": "WMS-GHEG", "orderType": "kiosk", "hotelSKU": "prd1141", "hotelCheckInUnix": "1583389597", "hotelCheckOutUnix": "1583735197", "hotelCheckInTS": "2020-03-05T06:26:37+00:00", "hotelCheckOutTS": "2020-03-09T06:26:37+00:00", "hotelChain": "Admiralty Plaza", "hotelName": "Admiralty Plaza: Phoenix", "hotelLocation": "Phoenix", "hotelRoomType": "standard", "hotelRoomCount": "1", "hotelGuestAdultCount": "1", "hotelGuestChildCount": "0", "hotelNightCount": "4", "hotelRoomPrice": "141.01", "hotelFinalPrice": "564.04"}}}
{"_id": "orderid:215906", "timestamp": "2020-02-02T10:25:38.000Z", "eventType": "transaction", "_adobeamericaspot3": {"CRMID": "crmid:8974486547", "orderDetails": {"orderID": "orderid:215906", "reservationid": "SSD-UUA6", "orderType": "mobile", "hotelSKU": "prd1010", "hotelCheckInUnix": "1582453538", "hotelCheckOutUnix": "1582885538", "hotelCheckInTS": "2020-02-23T10:25:38+00:00", "hotelCheckOutTS": "2020-02-28T10:25:38+00:00", "hotelChain": "Blue Reef Resort", "hotelName": "Blue Reef Resort: San Diego", "hotelLocation": "San Diego", "hotelRoomType": "standard", "hotelRoomCount": "1", "hotelGuestAdultCount": "1", "hotelGuestChildCount": "0", "hotelNightCount": "5", "hotelRoomPrice": "106.34", "hotelFinalPrice": "531.7"}}}
{"_id": "orderid:448316", "timestamp": "2019-12-13T09:40:31.000Z", "eventType": "transaction", "_adobeamericaspot3": {"CRMID": "crmid:1809970434", "orderDetails": {"orderID": "orderid:448316", "reservationid": "UBN-DTNY", "orderType": "mobile", "hotelSKU": "prd1038", "hotelCheckInUnix": "1576316431", "hotelCheckOutUnix": "1576489231", "hotelCheckInTS": "2019-12-14T09:40:31+00:00", "hotelCheckOutTS": "2019-12-16T09:40:31+00:00", "hotelChain": "Restful Nights", "hotelName": "Restful Nights: Mesa", "hotelLocation": "Mesa", "hotelRoomType": "standard", "hotelRoomCount": "1", "hotelGuestAdultCount": "1", "hotelGuestChildCount": "0", "hotelNightCount": "2", "hotelRoomPrice": "109.03", "hotelFinalPrice": "218.06"}}}
{"_id": "orderid:523151", "timestamp": "2020-01-28T17:12:38.000Z", "eventType": "transaction", "_adobeamericaspot3": {"CRMID": "crmid:4290170030", "orderDetails": {"orderID": "orderid:523151", "reservationid": "KRX-JIEP", "orderType": "mobile", "hotelSKU": "prd1143", "hotelCheckInUnix": "1580663558", "hotelCheckOutUnix": "1580836358", "hotelCheckInTS": "2020-02-02T17:12:38+00:00", "hotelCheckOutTS": "2020-02-04T17:12:38+00:00", "hotelChain": "Hospitality Inn", "hotelName": "Hospitality Inn: San Antonio", "hotelLocation": "San Antonio", "hotelRoomType": "presidential-suite", "hotelRoomCount": "1", "hotelGuestAdultCount": "1", "hotelGuestChildCount": "0", "hotelNightCount": "2", "hotelRoomPrice": "999.06", "hotelFinalPrice": "1998.12"}}}
{"_id": "orderid:547149", "timestamp": "2020-02-05T00:00:00.000Z", "eventType": "transaction", "_adobeamericaspot3": {"CRMID": "crmid:4290170030", "orderDetails": {"orderID": "orderid:547149", "reservationid": "QQN-DEGC", "orderType": "call center", "hotelSKU": "prd1094", "hotelCheckInUnix": "1581033600", "hotelCheckOutUnix": "1581292800", "hotelCheckInTS": "2020-02-07T00:00:00+00:00", "hotelCheckOutTS": "2020-02-10T00:00:00+00:00", "hotelChain": "Blue Reef Resort", "hotelName": "Blue Reef Resort: Berlin", "hotelLocation": "Berlin", "hotelRoomType": "luxury", "hotelRoomCount": "1", "hotelGuestAdultCount": "1", "hotelGuestChildCount": "0", "hotelNightCount": "3", "hotelRoomPrice": "335.22", "hotelFinalPrice": "1005.66"}}}
{"_id": "orderid:961349", "timestamp": "2020-01-15T12:17:49.000Z", "eventType": "transaction", "_adobeamericaspot3": {"CRMID": "crmid:5336529266", "orderDetails": {"orderID": "orderid:961349", "reservationid": "44K-PUR9", "orderType": "website", "hotelSKU": "prd1085", "hotelCheckInUnix": "1581596269", "hotelCheckOutUnix": "1582546669", "hotelCheckInTS": "2020-02-13T12:17:49+00:00", "hotelCheckOutTS": "2020-02-24T12:17:49+00:00", "hotelChain": "Grandeur Hotels", "hotelName": "Grandeur Hotels: Saint Petersburg", "hotelLocation": "Saint Petersburg", "hotelRoomType": "standard", "hotelRoomCount": "1", "hotelGuestAdultCount": "1", "hotelGuestChildCount": "0", "hotelNightCount": "11", "hotelRoomPrice": "132.32", "hotelFinalPrice": "1455.52"}}}
{"_id": "orderid:620030", "timestamp": "2020-01-17T07:53:18.000Z", "eventType": "transaction", "_adobeamericaspot3": {"CRMID": "crmid:2948991371", "orderDetails": {"orderID": "orderid:620030", "reservationid": "V3H-2SWI", "orderType": "website", "hotelSKU": "prd1093", "hotelCheckInUnix": "1579506798", "hotelCheckOutUnix": "1579852398", "hotelCheckInTS": "2020-01-20T07:53:18+00:00", "hotelCheckOutTS": "2020-01-24T07:53:18+00:00", "hotelChain": "Admiralty Plaza", "hotelName": "Admiralty Plaza: Yokohama", "hotelLocation": "Yokohama", "hotelRoomType": "standard", "hotelRoomCount": "1", "hotelGuestAdultCount": "1", "hotelGuestChildCount": "0", "hotelNightCount": "4", "hotelRoomPrice": "141.46", "hotelFinalPrice": "565.84"}}}
{"_id": "orderid:942463", "timestamp": "2020-01-25T00:00:00.000Z", "eventType": "transaction", "_adobeamericaspot3": {"CRMID": "crmid:2948991371", "orderDetails": {"orderID": "orderid:942463", "reservationid": "INV-UQOI", "orderType": "call center", "hotelSKU": "prd1127", "hotelCheckInUnix": "1579996800", "hotelCheckOutUnix": "1580169600", "hotelCheckInTS": "2020-01-26T00:00:00+00:00", "hotelCheckOutTS": "2020-01-28T00:00:00+00:00", "hotelChain": "Nesting Box Inn", "hotelName": "Nesting Box Inn: Glasgow", "hotelLocation": "Glasgow", "hotelRoomType": "standard", "hotelRoomCount": "1", "hotelGuestAdultCount": "1", "hotelGuestChildCount": "0", "hotelNightCount": "2", "hotelRoomPrice": "85.0", "hotelFinalPrice": "170.0"}}}
{"_id": "orderid:811891", "timestamp": "2020-01-10T05:16:43.000Z", "eventType": "transaction", "_adobeamericaspot3": {"CRMID": "crmid:6082544820", "orderDetails": {"orderID": "orderid:811891", "reservationid": "MKZ-UNAA", "orderType": "website", "hotelSKU": "prd1184", "hotelCheckInUnix": "1578719803", "hotelCheckOutUnix": "1578892603", "hotelCheckInTS": "2020-01-11T05:16:43+00:00", "hotelCheckOutTS": "2020-01-13T05:16:43+00:00", "hotelChain": "Aspen Heights", "hotelName": "Aspen Heights: Arlington", "hotelLocation": "Arlington", "hotelRoomType": "standard", "hotelRoomCount": "1", "hotelGuestAdultCount": "1", "hotelGuestChildCount": "0", "hotelNightCount": "2", "hotelRoomPrice": "129.66", "hotelFinalPrice": "259.32"}}}
{"_id": "orderid:678360", "timestamp": "2020-02-02T02:12:15.000Z", "eventType": "transaction", "_adobeamericaspot3": {"CRMID": "crmid:4629904281", "orderDetails": {"orderID": "orderid:678360", "reservationid": "NVC-R402", "orderType": "call center", "hotelSKU": "prd1179", "hotelCheckInUnix": "1582596735", "hotelCheckOutUnix": "1582942335", "hotelCheckInTS": "2020-02-25T02:12:15+00:00", "hotelCheckOutTS": "2020-02-29T02:12:15+00:00", "hotelChain": "Hospitality Inn", "hotelName": "Hospitality Inn: Miami", "hotelLocation": "Miami", "hotelRoomType": "standard", "hotelRoomCount": "1", "hotelGuestAdultCount": "1", "hotelGuestChildCount": "0", "hotelNightCount": "4", "hotelRoomPrice": "175.75", "hotelFinalPrice": "703.0"}}}
{"_id": "orderid:696896", "timestamp": "2020-02-15T08:06:59.000Z", "eventType": "transaction", "_adobeamericaspot3": {"CRMID": "crmid:8746557057", "orderDetails": {"orderID": "orderid:696896", "reservationid": "K2W-KZRD", "orderType": "website", "hotelSKU": "prd1083", "hotelCheckInUnix": "1584000419", "hotelCheckOutUnix": "1584864419", "hotelCheckInTS": "2020-03-12T08:06:59+00:00", "hotelCheckOutTS": "2020-03-22T08:06:59+00:00", "hotelChain": "Hospitality Inn", "hotelName": "Hospitality Inn: Bangkok", "hotelLocation": "Bangkok", "hotelRoomType": "standard", "hotelRoomCount": "1", "hotelGuestAdultCount": "1", "hotelGuestChildCount": "1", "hotelNightCount": "10", "hotelRoomPrice": "112.05", "hotelFinalPrice": "1120.5"}}}
{"_id": "orderid:743524", "timestamp": "2019-12-08T22:08:04.000Z", "eventType": "transaction", "_adobeamericaspot3": {"CRMID": "crmid:8231997773", "orderDetails": {"orderID": "orderid:743524", "reservationid": "BGO-WKEN", "orderType": "website", "hotelSKU": "prd1038", "hotelCheckInUnix": "1576534084", "hotelCheckOutUnix": "1578089284", "hotelCheckInTS": "2019-12-16T22:08:04+00:00", "hotelCheckOutTS": "2020-01-03T22:08:04+00:00", "hotelChain": "Restful Nights", "hotelName": "Restful Nights: Mesa", "hotelLocation": "Mesa", "hotelRoomType": "ultra-luxury", "hotelRoomCount": "1", "hotelGuestAdultCount": "1", "hotelGuestChildCount": "0", "hotelNightCount": "18", "hotelRoomPrice": "366.53", "hotelFinalPrice": "6597.54"}}}
{"_id": "orderid:798944", "timestamp": "2020-01-13T23:14:07.000Z", "eventType": "transaction", "_adobeamericaspot3": {"CRMID": "crmid:1668681537", "orderDetails": {"orderID": "orderid:798944", "reservationid": "KPV-8SQT", "orderType": "call center", "hotelSKU": "prd1195", "hotelCheckInUnix": "1579907647", "hotelCheckOutUnix": "1580598847", "hotelCheckInTS": "2020-01-24T23:14:07+00:00", "hotelCheckOutTS": "2020-02-01T23:14:07+00:00", "hotelChain": "Family Fun Hotels", "hotelName": "Family Fun Hotels: Lahore", "hotelLocation": "Lahore", "hotelRoomType": "standard", "hotelRoomCount": "1", "hotelGuestAdultCount": "1", "hotelGuestChildCount": "2", "hotelNightCount": "8", "hotelRoomPrice": "87.26", "hotelFinalPrice": "698.08"}}}
{"_id": "orderid:912263", "timestamp": "2020-01-28T16:42:58.000Z", "eventType": "transaction", "_adobeamericaspot3": {"CRMID": "crmid:5780219782", "orderDetails": {"orderID": "orderid:912263", "reservationid": "5XM-WX5J", "orderType": "mobile", "hotelSKU": "prd1099", "hotelCheckInUnix": "1580402578", "hotelCheckOutUnix": "1580661778", "hotelCheckInTS": "2020-01-30T16:42:58+00:00", "hotelCheckOutTS": "2020-02-02T16:42:58+00:00", "hotelChain": "Family Fun Hotels", "hotelName": "Family Fun Hotels: Bucharest", "hotelLocation": "Bucharest", "hotelRoomType": "standard", "hotelRoomCount": "1", "hotelGuestAdultCount": "1", "hotelGuestChildCount": "0", "hotelNightCount": "3", "hotelRoomPrice": "89.82", "hotelFinalPrice": "269.46"}}}
{"_id": "orderid:604504", "timestamp": "2019-12-26T09:42:43.000Z", "eventType": "transaction", "_adobeamericaspot3": {"CRMID": "crmid:5661041766", "orderDetails": {"orderID": "orderid:604504", "reservationid": "KYS-YE5P", "orderType": "website", "hotelSKU": "prd1045", "hotelCheckInUnix": "1577439763", "hotelCheckOutUnix": "1577526163", "hotelCheckInTS": "2019-12-27T09:42:43+00:00", "hotelCheckOutTS": "2019-12-28T09:42:43+00:00", "hotelChain": "Admiralty Plaza", "hotelName": "Admiralty Plaza: Miami", "hotelLocation": "Miami", "hotelRoomType": "standard", "hotelRoomCount": "1", "hotelGuestAdultCount": "1", "hotelGuestChildCount": "0", "hotelNightCount": "1", "hotelRoomPrice": "111.35", "hotelFinalPrice": "111.35"}}}
{"_id": "orderid:485621", "timestamp": "2019-12-04T20:37:43.000Z", "eventType": "transaction", "_adobeamericaspot3": {"CRMID": "crmid:3410046395", "orderDetails": {"orderID": "orderid:485621", "reservationid": "XWG-JWOC", "orderType": "mobile", "hotelSKU": "prd1009", "hotelCheckInUnix": "1577651863", "hotelCheckOutUnix": "1577997463", "hotelCheckInTS": "2019-12-29T20:37:43+00:00", "hotelCheckOutTS": "2020-01-02T20:37:43+00:00", "hotelChain": "Admiralty Plaza", "hotelName": "Admiralty Plaza: San Antonio", "hotelLocation": "San Antonio", "hotelRoomType": "premium", "hotelRoomCount": "1", "hotelGuestAdultCount": "1", "hotelGuestChildCount": "2", "hotelNightCount": "4", "hotelRoomPrice": "118.85", "hotelFinalPrice": "475.4"}}}
{"_id": "orderid:996745", "timestamp": "2020-01-20T17:17:36.000Z", "eventType": "transaction", "_adobeamericaspot3": {"CRMID": "crmid:5763478350", "orderDetails": {"orderID": "orderid:996745", "reservationid": "VSN-QEMO", "orderType": "website", "hotelSKU": "prd1022", "hotelCheckInUnix": "1579627056", "hotelCheckOutUnix": "1580059056", "hotelCheckInTS": "2020-01-21T17:17:36+00:00", "hotelCheckOutTS": "2020-01-26T17:17:36+00:00", "hotelChain": "Blue Reef Resort", "hotelName": "Blue Reef Resort: Washington DC", "hotelLocation": "Washington DC", "hotelRoomType": "premium", "hotelRoomCount": "1", "hotelGuestAdultCount": "1", "hotelGuestChildCount": "0", "hotelNightCount": "5", "hotelRoomPrice": "168.04", "hotelFinalPrice": "840.2"}}}
{"_id": "orderid:336268", "timestamp": "2020-01-24T07:44:58.000Z", "eventType": "transaction", "_adobeamericaspot3": {"CRMID": "crmid:1824311693", "orderDetails": {"orderID": "orderid:336268", "reservationid": "8PY-AV3M", "orderType": "kiosk", "hotelSKU": "prd1107", "hotelCheckInUnix": "1580024698", "hotelCheckOutUnix": "1580197498", "hotelCheckInTS": "2020-01-26T07:44:58+00:00", "hotelCheckOutTS": "2020-01-28T07:44:58+00:00", "hotelChain": "Hospitality Inn", "hotelName": "Hospitality Inn: Kharkiv", "hotelLocation": "Kharkiv", "hotelRoomType": "premium", "hotelRoomCount": "1", "hotelGuestAdultCount": "1", "hotelGuestChildCount": "0", "hotelNightCount": "2", "hotelRoomPrice": "143.64", "hotelFinalPrice": "287.28"}}}
{"_id": "orderid:349912", "timestamp": "2020-01-01T17:40:19.000Z", "eventType": "transaction", "_adobeamericaspot3": {"CRMID": "crmid:8787004180", "orderDetails": {"orderID": "orderid:349912", "reservationid": "LMQ-EIY0", "orderType": "kiosk", "hotelSKU": "prd1145", "hotelCheckInUnix": "1578332419", "hotelCheckOutUnix": "1579801219", "hotelCheckInTS": "2020-01-06T17:40:19+00:00", "hotelCheckOutTS": "2020-01-23T17:40:19+00:00", "hotelChain": "Grandeur Hotels", "hotelName": "Grandeur Hotels: Dallas", "hotelLocation": "Dallas", "hotelRoomType": "standard", "hotelRoomCount": "1", "hotelGuestAdultCount": "1", "hotelGuestChildCount": "0", "hotelNightCount": "17", "hotelRoomPrice": "124.0", "hotelFinalPrice": "2108.0"}}}
{"_id": "orderid:559374", "timestamp": "2019-12-08T13:55:51.000Z", "eventType": "transaction", "_adobeamericaspot3": {"CRMID": "crmid:8966976445", "orderDetails": {"orderID": "orderid:559374", "reservationid": "P9X-F5NV", "orderType": "call center", "hotelSKU": "prd1152", "hotelCheckInUnix": "1576072551", "hotelCheckOutUnix": "1576158951", "hotelCheckInTS": "2019-12-11T13:55:51+00:00", "hotelCheckOutTS": "2019-12-12T13:55:51+00:00", "hotelChain": "Repose Resort", "hotelName": "Repose Resort: Indianapolis", "hotelLocation": "Indianapolis", "hotelRoomType": "ultra-luxury", "hotelRoomCount": "1", "hotelGuestAdultCount": "1", "hotelGuestChildCount": "0", "hotelNightCount": "1", "hotelRoomPrice": "305.98", "hotelFinalPrice": "305.98"}}}
{"_id": "orderid:446692", "timestamp": "2019-12-13T00:00:00.000Z", "eventType": "transaction", "_adobeamericaspot3": {"CRMID": "crmid:8966976445", "orderDetails": {"orderID": "orderid:446692", "reservationid": "5EH-5XLH", "orderType": "kiosk", "hotelSKU": "prd1052", "hotelCheckInUnix": "1576368000", "hotelCheckOutUnix": "1576454400", "hotelCheckInTS": "2019-12-15T00:00:00+00:00", "hotelCheckOutTS": "2019-12-16T00:00:00+00:00", "hotelChain": "Aspen Heights", "hotelName": "Aspen Heights: Wichita", "hotelLocation": "Wichita", "hotelRoomType": "premium", "hotelRoomCount": "1", "hotelGuestAdultCount": "1", "hotelGuestChildCount": "0", "hotelNightCount": "1", "hotelRoomPrice": "169.68", "hotelFinalPrice": "169.68"}}}
{"_id": "orderid:576747", "timestamp": "2020-02-09T18:00:35.000Z", "eventType": "transaction", "_adobeamericaspot3": {"CRMID": "crmid:3005155700", "orderDetails": {"orderID": "orderid:576747", "reservationid": "WFI-CQIM", "orderType": "mobile", "hotelSKU": "prd1097", "hotelCheckInUnix": "1583776835", "hotelCheckOutUnix": "1584381635", "hotelCheckInTS": "2020-03-09T18:00:35+00:00", "hotelCheckOutTS": "2020-03-16T18:00:35+00:00", "hotelChain": "Grandeur Hotels", "hotelName": "Grandeur Hotels: Buenos Aires", "hotelLocation": "Buenos Aires", "hotelRoomType": "standard", "hotelRoomCount": "1", "hotelGuestAdultCount": "1", "hotelGuestChildCount": "1", "hotelNightCount": "7", "hotelRoomPrice": "98.21", "hotelFinalPrice": "687.47"}}}
{"_id": "orderid:339222", "timestamp": "2019-12-07T22:13:10.000Z", "eventType": "transaction", "_adobeamericaspot3": {"CRMID": "crmid:8319719378", "orderDetails": {"orderID": "orderid:339222", "reservationid": "ZTO-SC3N", "orderType": "mobile", "hotelSKU": "prd1039", "hotelCheckInUnix": "1577311990", "hotelCheckOutUnix": "1578262390", "hotelCheckInTS": "2019-12-25T22:13:10+00:00", "hotelCheckOutTS": "2020-01-05T22:13:10+00:00", "hotelChain": "Family Fun Hotels", "hotelName": "Family Fun Hotels: Kansas City", "hotelLocation": "Kansas City", "hotelRoomType": "standard", "hotelRoomCount": "1", "hotelGuestAdultCount": "1", "hotelGuestChildCount": "0", "hotelNightCount": "11", "hotelRoomPrice": "138.55", "hotelFinalPrice": "1524.05"}}}
{"_id": "orderid:848635", "timestamp": "2019-12-06T03:20:30.000Z", "eventType": "transaction", "_adobeamericaspot3": {"CRMID": "crmid:5794676355", "orderDetails": {"orderID": "orderid:848635", "reservationid": "MMY-YKHH", "orderType": "service desk", "hotelSKU": "prd1111", "hotelCheckInUnix": "1575688830", "hotelCheckOutUnix": "1575775230", "hotelCheckInTS": "2019-12-07T03:20:30+00:00", "hotelCheckOutTS": "2019-12-08T03:20:30+00:00", "hotelChain": "Family Fun Hotels", "hotelName": "Family Fun Hotels: Prague", "hotelLocation": "Prague", "hotelRoomType": "standard", "hotelRoomCount": "1", "hotelGuestAdultCount": "1", "hotelGuestChildCount": "0", "hotelNightCount": "1", "hotelRoomPrice": "156.01", "hotelFinalPrice": "156.01"}}}
{"_id": "orderid:737311", "timestamp": "2019-12-09T00:00:00.000Z", "eventType": "transaction", "_adobeamericaspot3": {"CRMID": "crmid:5794676355", "orderDetails": {"orderID": "orderid:737311", "reservationid": "GTA-R2JK", "orderType": "website", "hotelSKU": "prd1137", "hotelCheckInUnix": "1575936000", "hotelCheckOutUnix": "1576108800", "hotelCheckInTS": "2019-12-10T00:00:00+00:00", "hotelCheckOutTS": "2019-12-12T00:00:00+00:00", "hotelChain": "Sapphire Suites", "hotelName": "Sapphire Suites: Manila", "hotelLocation": "Manila", "hotelRoomType": "standard", "hotelRoomCount": "1", "hotelGuestAdultCount": "1", "hotelGuestChildCount": "0", "hotelNightCount": "2", "hotelRoomPrice": "101.01", "hotelFinalPrice": "202.02"}}}
{"_id": "orderid:315778", "timestamp": "2019-12-14T00:00:00.000Z", "eventType": "transaction", "_adobeamericaspot3": {"CRMID": "crmid:5794676355", "orderDetails": {"orderID": "orderid:315778", "reservationid": "MDE-2OZX", "orderType": "website", "hotelSKU": "prd1181", "hotelCheckInUnix": "1576368000", "hotelCheckOutUnix": "1576540800", "hotelCheckInTS": "2019-12-15T00:00:00+00:00", "hotelCheckOutTS": "2019-12-17T00:00:00+00:00", "hotelChain": "Grandeur Hotels", "hotelName": "Grandeur Hotels: Oakland", "hotelLocation": "Oakland", "hotelRoomType": "premium", "hotelRoomCount": "1", "hotelGuestAdultCount": "1", "hotelGuestChildCount": "0", "hotelNightCount": "2", "hotelRoomPrice": "161.85", "hotelFinalPrice": "323.7"}}}
{"_id": "orderid:156817", "timestamp": "2019-12-05T17:51:31.000Z", "eventType": "transaction", "_adobeamericaspot3": {"CRMID": "crmid:8786416474", "orderDetails": {"orderID": "orderid:156817", "reservationid": "0LW-QQMY", "orderType": "kiosk", "hotelSKU": "prd1153", "hotelCheckInUnix": "1575827491", "hotelCheckOutUnix": "1576259491", "hotelCheckInTS": "2019-12-08T17:51:31+00:00", "hotelCheckOutTS": "2019-12-13T17:51:31+00:00", "hotelChain": "Admiralty Plaza", "hotelName": "Admiralty Plaza: Charlotte", "hotelLocation": "Charlotte", "hotelRoomType": "premium", "hotelRoomCount": "1", "hotelGuestAdultCount": "1", "hotelGuestChildCount": "0", "hotelNightCount": "5", "hotelRoomPrice": "151.84", "hotelFinalPrice": "759.2"}}}
{"_id": "orderid:268978", "timestamp": "2020-01-28T17:01:17.000Z", "eventType": "transaction", "_adobeamericaspot3": {"CRMID": "crmid:2786739317", "orderDetails": {"orderID": "orderid:268978", "reservationid": "0VH-UWLS", "orderType": "call center", "hotelSKU": "prd1003", "hotelCheckInUnix": "1580317277", "hotelCheckOutUnix": "1580403677", "hotelCheckInTS": "2020-01-29T17:01:17+00:00", "hotelCheckOutTS": "2020-01-30T17:01:17+00:00", "hotelChain": "Family Fun Hotels", "hotelName": "Family Fun Hotels: Houston", "hotelLocation": "Houston", "hotelRoomType": "premium", "hotelRoomCount": "1", "hotelGuestAdultCount": "1", "hotelGuestChildCount": "0", "hotelNightCount": "1", "hotelRoomPrice": "143.76", "hotelFinalPrice": "143.76"}}}
{"_id": "orderid:455221", "timestamp": "2020-01-19T23:03:02.000Z", "eventType": "transaction", "_adobeamericaspot3": {"CRMID": "crmid:8244548505", "orderDetails": {"orderID": "orderid:455221", "reservationid": "TDX-HICY", "orderType": "service desk", "hotelSKU": "prd1103", "hotelCheckInUnix": "1579561382", "hotelCheckOutUnix": "1579820582", "hotelCheckInTS": "2020-01-20T23:03:02+00:00", "hotelCheckOutTS": "2020-01-23T23:03:02+00:00", "hotelChain": "Nesting Box Inn", "hotelName": "Nesting Box Inn: Hamburg", "hotelLocation": "Hamburg", "hotelRoomType": "premium", "hotelRoomCount": "1", "hotelGuestAdultCount": "1", "hotelGuestChildCount": "0", "hotelNightCount": "3", "hotelRoomPrice": "106.7", "hotelFinalPrice": "320.1"}}}
{"_id": "orderid:521295", "timestamp": "2019-12-31T19:57:52.000Z", "eventType": "transaction", "_adobeamericaspot3": {"CRMID": "crmid:6890133566", "orderDetails": {"orderID": "orderid:521295", "reservationid": "UQG-YMEC", "orderType": "service desk", "hotelSKU": "prd1170", "hotelCheckInUnix": "1579291072", "hotelCheckOutUnix": "1579809472", "hotelCheckInTS": "2020-01-17T19:57:52+00:00", "hotelCheckOutTS": "2020-01-23T19:57:52+00:00", "hotelChain": "Restful Nights", "hotelName": "Restful Nights: Fresno", "hotelLocation": "Fresno", "hotelRoomType": "standard", "hotelRoomCount": "1", "hotelGuestAdultCount": "1", "hotelGuestChildCount": "0", "hotelNightCount": "6", "hotelRoomPrice": "171.76", "hotelFinalPrice": "1030.56"}}}
{"_id": "orderid:634402", "timestamp": "2020-02-05T14:18:48.000Z", "eventType": "transaction", "_adobeamericaspot3": {"CRMID": "crmid:9292509805", "orderDetails": {"orderID": "orderid:634402", "reservationid": "ULP-9TYF", "orderType": "website", "hotelSKU": "prd1010", "hotelCheckInUnix": "1581171528", "hotelCheckOutUnix": "1581257928", "hotelCheckInTS": "2020-02-08T14:18:48+00:00", "hotelCheckOutTS": "2020-02-09T14:18:48+00:00", "hotelChain": "Blue Reef Resort", "hotelName": "Blue Reef Resort: San Diego", "hotelLocation": "San Diego", "hotelRoomType": "premium", "hotelRoomCount": "1", "hotelGuestAdultCount": "1", "hotelGuestChildCount": "0", "hotelNightCount": "1", "hotelRoomPrice": "128.18", "hotelFinalPrice": "128.18"}}}
{"_id": "orderid:175374", "timestamp": "2019-12-10T07:36:42.000Z", "eventType": "transaction", "_adobeamericaspot3": {"CRMID": "crmid:1329051436", "orderDetails": {"orderID": "orderid:175374", "reservationid": "G5K-UQIZ", "orderType": "kiosk", "hotelSKU": "prd1148", "hotelCheckInUnix": "1577950602", "hotelCheckOutUnix": "1578382602", "hotelCheckInTS": "2020-01-02T07:36:42+00:00", "hotelCheckOutTS": "2020-01-07T07:36:42+00:00", "hotelChain": "Aspen Heights", "hotelName": "Aspen Heights: Jacksonville", "hotelLocation": "Jacksonville", "hotelRoomType": "premium", "hotelRoomCount": "1", "hotelGuestAdultCount": "1", "hotelGuestChildCount": "0", "hotelNightCount": "5", "hotelRoomPrice": "149.03", "hotelFinalPrice": "745.15"}}}
{"_id": "orderid:268822", "timestamp": "2020-01-02T06:29:14.000Z", "eventType": "transaction", "_adobeamericaspot3": {"CRMID": "crmid:4256236761", "orderDetails": {"orderID": "orderid:268822", "reservationid": "ROT-P2VE", "orderType": "service desk", "hotelSKU": "prd1197", "hotelCheckInUnix": "1578637754", "hotelCheckOutUnix": "1579156154", "hotelCheckInTS": "2020-01-10T06:29:14+00:00", "hotelCheckOutTS": "2020-01-16T06:29:14+00:00", "hotelChain": "Sapphire Suites", "hotelName": "Sapphire Suites: London", "hotelLocation": "London", "hotelRoomType": "standard", "hotelRoomCount": "1", "hotelGuestAdultCount": "1", "hotelGuestChildCount": "0", "hotelNightCount": "6", "hotelRoomPrice": "140.74", "hotelFinalPrice": "844.44"}}}
{"_id": "orderid:849300", "timestamp": "2019-12-16T00:00:42.000Z", "eventType": "transaction", "_adobeamericaspot3": {"CRMID": "crmid:8583549364", "orderDetails": {"orderID": "orderid:849300", "reservationid": "TCQ-SDJB", "orderType": "service desk", "hotelSKU": "prd1153", "hotelCheckInUnix": "1578355242", "hotelCheckOutUnix": "1579046442", "hotelCheckInTS": "2020-01-07T00:00:42+00:00", "hotelCheckOutTS": "2020-01-15T00:00:42+00:00", "hotelChain": "Admiralty Plaza", "hotelName": "Admiralty Plaza: Charlotte", "hotelLocation": "Charlotte", "hotelRoomType": "standard", "hotelRoomCount": "1", "hotelGuestAdultCount": "1", "hotelGuestChildCount": "0", "hotelNightCount": "8", "hotelRoomPrice": "203.45", "hotelFinalPrice": "1627.6"}}}
{"_id": "orderid:996811", "timestamp": "2020-01-06T00:48:55.000Z", "eventType": "transaction", "_adobeamericaspot3": {"CRMID": "crmid:5538144653", "orderDetails": {"orderID": "orderid:996811", "reservationid": "QTO-JXAQ", "orderType": "kiosk", "hotelSKU": "prd1105", "hotelCheckInUnix": "1578876535", "hotelCheckOutUnix": "1579567735", "hotelCheckInTS": "2020-01-13T00:48:55+00:00", "hotelCheckOutTS": "2020-01-21T00:48:55+00:00", "hotelChain": "Admiralty Plaza", "hotelName": "Admiralty Plaza: Barcelona", "hotelLocation": "Barcelona", "hotelRoomType": "ultra-luxury", "hotelRoomCount": "1", "hotelGuestAdultCount": "1", "hotelGuestChildCount": "0", "hotelNightCount": "8", "hotelRoomPrice": "349.7", "hotelFinalPrice": "2797.6"}}}
{"_id": "orderid:239708", "timestamp": "2020-02-03T12:58:50.000Z", "eventType": "transaction", "_adobeamericaspot3": {"CRMID": "crmid:1892364626", "orderDetails": {"orderID": "orderid:239708", "reservationid": "DFQ-YNIO", "orderType": "website", "hotelSKU": "prd1008", "hotelCheckInUnix": "1581425930", "hotelCheckOutUnix": "1582981130", "hotelCheckInTS": "2020-02-11T12:58:50+00:00", "hotelCheckOutTS": "2020-02-29T12:58:50+00:00", "hotelChain": "Repose Resort", "hotelName": "Repose Resort: Philadelphia", "hotelLocation": "Philadelphia", "hotelRoomType": "standard", "hotelRoomCount": "1", "hotelGuestAdultCount": "1", "hotelGuestChildCount": "0", "hotelNightCount": "18", "hotelRoomPrice": "123.75", "hotelFinalPrice": "2227.5"}}}
{"_id": "orderid:250820", "timestamp": "2020-01-22T17:57:29.000Z", "eventType": "transaction", "_adobeamericaspot3": {"CRMID": "crmid:9830991479", "orderDetails": {"orderID": "orderid:250820", "reservationid": "TQU-1XXP", "orderType": "call center", "hotelSKU": "prd1136", "hotelCheckInUnix": "1579802249", "hotelCheckOutUnix": "1579975049", "hotelCheckInTS": "2020-01-23T17:57:29+00:00", "hotelCheckOutTS": "2020-01-25T17:57:29+00:00", "hotelChain": "Aspen Heights", "hotelName": "Aspen Heights: Osaka", "hotelLocation": "Osaka", "hotelRoomType": "standard", "hotelRoomCount": "1", "hotelGuestAdultCount": "1", "hotelGuestChildCount": "0", "hotelNightCount": "2", "hotelRoomPrice": "133.32", "hotelFinalPrice": "266.64"}}}
{"_id": "orderid:656524", "timestamp": "2019-12-15T17:55:48.000Z", "eventType": "transaction", "_adobeamericaspot3": {"CRMID": "crmid:8203887165", "orderDetails": {"orderID": "orderid:656524", "reservationid": "K8A-47UB", "orderType": "kiosk", "hotelSKU": "prd1165", "hotelCheckInUnix": "1578074148", "hotelCheckOutUnix": "1578592548", "hotelCheckInTS": "2020-01-03T17:55:48+00:00", "hotelCheckOutTS": "2020-01-09T17:55:48+00:00", "hotelChain": "Admiralty Plaza", "hotelName": "Admiralty Plaza: Louisville", "hotelLocation": "Louisville", "hotelRoomType": "luxury", "hotelRoomCount": "1", "hotelGuestAdultCount": "1", "hotelGuestChildCount": "0", "hotelNightCount": "6", "hotelRoomPrice": "344.43", "hotelFinalPrice": "2066.58"}}}
{"_id": "orderid:635799", "timestamp": "2019-12-28T08:53:16.000Z", "eventType": "transaction", "_adobeamericaspot3": {"CRMID": "crmid:5655578927", "orderDetails": {"orderID": "orderid:635799", "reservationid": "VMC-VIOE", "orderType": "call center", "hotelSKU": "prd1058", "hotelCheckInUnix": "1577609596", "hotelCheckOutUnix": "1577868796", "hotelCheckInTS": "2019-12-29T08:53:16+00:00", "hotelCheckOutTS": "2020-01-01T08:53:16+00:00", "hotelChain": "Blue Reef Resort", "hotelName": "Blue Reef Resort: Delhi", "hotelLocation": "Delhi", "hotelRoomType": "standard", "hotelRoomCount": "1", "hotelGuestAdultCount": "1", "hotelGuestChildCount": "0", "hotelNightCount": "3", "hotelRoomPrice": "126.77", "hotelFinalPrice": "380.31"}}}
{"_id": "orderid:110549", "timestamp": "2020-01-12T15:45:25.000Z", "eventType": "transaction", "_adobeamericaspot3": {"CRMID": "crmid:3422762825", "orderDetails": {"orderID": "orderid:110549", "reservationid": "QHS-PPCM", "orderType": "website", "hotelSKU": "prd1007", "hotelCheckInUnix": "1580831125", "hotelCheckOutUnix": "1581781525", "hotelCheckInTS": "2020-02-04T15:45:25+00:00", "hotelCheckOutTS": "2020-02-15T15:45:25+00:00", "hotelChain": "Nesting Box Inn", "hotelName": "Nesting Box Inn: Phoenix", "hotelLocation": "Phoenix", "hotelRoomType": "premium", "hotelRoomCount": "1", "hotelGuestAdultCount": "1", "hotelGuestChildCount": "0", "hotelNightCount": "11", "hotelRoomPrice": "148.61", "hotelFinalPrice": "1634.71"}}}
{"_id": "orderid:149693", "timestamp": "2020-01-18T16:13:39.000Z", "eventType": "transaction", "_adobeamericaspot3": {"CRMID": "crmid:5031891229", "orderDetails": {"orderID": "orderid:149693", "reservationid": "UPO-TDCH", "orderType": "website", "hotelSKU": "prd1191", "hotelCheckInUnix": "1581956019", "hotelCheckOutUnix": "1582474419", "hotelCheckInTS": "2020-02-17T16:13:39+00:00", "hotelCheckOutTS": "2020-02-23T16:13:39+00:00", "hotelChain": "Hospitality Inn", "hotelName": "Hospitality Inn: Mumbai", "hotelLocation": "Mumbai", "hotelRoomType": "premium", "hotelRoomCount": "1", "hotelGuestAdultCount": "1", "hotelGuestChildCount": "0", "hotelNightCount": "6", "hotelRoomPrice": "135.54", "hotelFinalPrice": "813.24"}}}
{"_id": "orderid:215446", "timestamp": "2020-02-08T01:11:26.000Z", "eventType": "transaction", "_adobeamericaspot3": {"CRMID": "crmid:6561662425", "orderDetails": {"orderID": "orderid:215446", "reservationid": "WL1-TEPC", "orderType": "call center", "hotelSKU": "prd1033", "hotelCheckInUnix": "1582852286", "hotelCheckOutUnix": "1583284286", "hotelCheckInTS": "2020-02-28T01:11:26+00:00", "hotelCheckOutTS": "2020-03-04T01:11:26+00:00", "hotelChain": "Admiralty Plaza", "hotelName": "Admiralty Plaza: Milwaukee", "hotelLocation": "Milwaukee", "hotelRoomType": "standard", "hotelRoomCount": "1", "hotelGuestAdultCount": "1", "hotelGuestChildCount": "0", "hotelNightCount": "5", "hotelRoomPrice": "160.96", "hotelFinalPrice": "804.8"}}}
{"_id": "orderid:980846", "timestamp": "2020-01-26T07:11:00.000Z", "eventType": "transaction", "_adobeamericaspot3": {"CRMID": "crmid:3710770681", "orderDetails": {"orderID": "orderid:980846", "reservationid": "7ZG-APU8", "orderType": "website", "hotelSKU": "prd1034", "hotelCheckInUnix": "1580541060", "hotelCheckOutUnix": "1580886660", "hotelCheckInTS": "2020-02-01T07:11:00+00:00", "hotelCheckOutTS": "2020-02-05T07:11:00+00:00", "hotelChain": "Blue Reef Resort", "hotelName": "Blue Reef Resort: Albuquerque", "hotelLocation": "Albuquerque", "hotelRoomType": "premium", "hotelRoomCount": "1", "hotelGuestAdultCount": "1", "hotelGuestChildCount": "0", "hotelNightCount": "4", "hotelRoomPrice": "142.67", "hotelFinalPrice": "570.68"}}}
{"_id": "orderid:581576", "timestamp": "2020-01-21T05:00:20.000Z", "eventType": "transaction", "_adobeamericaspot3": {"CRMID": "crmid:7231834671", "orderDetails": {"orderID": "orderid:581576", "reservationid": "JQI-MUFB", "orderType": "kiosk", "hotelSKU": "prd1177", "hotelCheckInUnix": "1579669220", "hotelCheckOutUnix": "1579842020", "hotelCheckInTS": "2020-01-22T05:00:20+00:00", "hotelCheckOutTS": "2020-01-24T05:00:20+00:00", "hotelChain": "Admiralty Plaza", "hotelName": "Admiralty Plaza: Raleigh", "hotelLocation": "Raleigh", "hotelRoomType": "standard", "hotelRoomCount": "1", "hotelGuestAdultCount": "1", "hotelGuestChildCount": "0", "hotelNightCount": "2", "hotelRoomPrice": "185.6", "hotelFinalPrice": "371.2"}}}
{"_id": "orderid:828174", "timestamp": "2020-01-26T00:00:00.000Z", "eventType": "transaction", "_adobeamericaspot3": {"CRMID": "crmid:7231834671", "orderDetails": {"orderID": "orderid:828174", "reservationid": "TO4-AYSL", "orderType": "kiosk", "hotelSKU": "prd1191", "hotelCheckInUnix": "1580428800", "hotelCheckOutUnix": "1580688000", "hotelCheckInTS": "2020-01-31T00:00:00+00:00", "hotelCheckOutTS": "2020-02-03T00:00:00+00:00", "hotelChain": "Hospitality Inn", "hotelName": "Hospitality Inn: Mumbai", "hotelLocation": "Mumbai", "hotelRoomType": "standard", "hotelRoomCount": "1", "hotelGuestAdultCount": "1", "hotelGuestChildCount": "0", "hotelNightCount": "3", "hotelRoomPrice": "178.52", "hotelFinalPrice": "535.56"}}}
{"_id": "orderid:395941", "timestamp": "2020-01-12T07:49:37.000Z", "eventType": "transaction", "_adobeamericaspot3": {"CRMID": "crmid:2958538824", "orderDetails": {"orderID": "orderid:395941", "reservationid": "KJG-PSN1", "orderType": "call center", "hotelSKU": "prd1167", "hotelCheckInUnix": "1578901777", "hotelCheckOutUnix": "1578988177", "hotelCheckInTS": "2020-01-13T07:49:37+00:00", "hotelCheckOutTS": "2020-01-14T07:49:37+00:00", "hotelChain": "Hospitality Inn", "hotelName": "Hospitality Inn: Milwaukee", "hotelLocation": "Milwaukee", "hotelRoomType": "premium", "hotelRoomCount": "1", "hotelGuestAdultCount": "1", "hotelGuestChildCount": "0", "hotelNightCount": "1", "hotelRoomPrice": "159.25", "hotelFinalPrice": "159.25"}}}
{"_id": "orderid:671944", "timestamp": "2019-12-01T17:16:26.000Z", "eventType": "transaction", "_adobeamericaspot3": {"CRMID": "crmid:2697886982", "orderDetails": {"orderID": "orderid:671944", "reservationid": "PJY-3K5W", "orderType": "website", "hotelSKU": "prd1077", "hotelCheckInUnix": "1575306986", "hotelCheckOutUnix": "1575393386", "hotelCheckInTS": "2019-12-02T17:16:26+00:00", "hotelCheckOutTS": "2019-12-03T17:16:26+00:00", "hotelChain": "Sapphire Suites", "hotelName": "Sapphire Suites: Cairo", "hotelLocation": "Cairo", "hotelRoomType": "standard", "hotelRoomCount": "1", "hotelGuestAdultCount": "1", "hotelGuestChildCount": "0", "hotelNightCount": "1", "hotelRoomPrice": "153.71", "hotelFinalPrice": "153.71"}}}
{"_id": "orderid:263730", "timestamp": "2019-12-24T13:24:14.000Z", "eventType": "transaction", "_adobeamericaspot3": {"CRMID": "crmid:5454993865", "orderDetails": {"orderID": "orderid:263730", "reservationid": "GZO-1KZO", "orderType": "kiosk", "hotelSKU": "prd1172", "hotelCheckInUnix": "1577366654", "hotelCheckOutUnix": "1577453054", "hotelCheckInTS": "2019-12-26T13:24:14+00:00", "hotelCheckOutTS": "2019-12-27T13:24:14+00:00", "hotelChain": "Aspen Heights", "hotelName": "Aspen Heights: Mesa", "hotelLocation": "Mesa", "hotelRoomType": "standard", "hotelRoomCount": "1", "hotelGuestAdultCount": "1", "hotelGuestChildCount": "0", "hotelNightCount": "1", "hotelRoomPrice": "167.72", "hotelFinalPrice": "167.72"}}}
{"_id": "orderid:195263", "timestamp": "2020-01-22T11:36:59.000Z", "eventType": "transaction", "_adobeamericaspot3": {"CRMID": "crmid:3566928476", "orderDetails": {"orderID": "orderid:195263", "reservationid": "MLY-G4NN", "orderType": "website", "hotelSKU": "prd1191", "hotelCheckInUnix": "1579865819", "hotelCheckOutUnix": "1579952219", "hotelCheckInTS": "2020-01-24T11:36:59+00:00", "hotelCheckOutTS": "2020-01-25T11:36:59+00:00", "hotelChain": "Hospitality Inn", "hotelName": "Hospitality Inn: Mumbai", "hotelLocation": "Mumbai", "hotelRoomType": "premium", "hotelRoomCount": "1", "hotelGuestAdultCount": "1", "hotelGuestChildCount": "0", "hotelNightCount": "1", "hotelRoomPrice": "167.02", "hotelFinalPrice": "167.02"}}}
{"_id": "orderid:377243", "timestamp": "2019-12-10T07:53:36.000Z", "eventType": "transaction", "_adobeamericaspot3": {"CRMID": "crmid:4212984081", "orderDetails": {"orderID": "orderid:377243", "reservationid": "OHW-LWIS", "orderType": "mobile", "hotelSKU": "prd1181", "hotelCheckInUnix": "1576396416", "hotelCheckOutUnix": "1576482816", "hotelCheckInTS": "2019-12-15T07:53:36+00:00", "hotelCheckOutTS": "2019-12-16T07:53:36+00:00", "hotelChain": "Grandeur Hotels", "hotelName": "Grandeur Hotels: Oakland", "hotelLocation": "Oakland", "hotelRoomType": "standard", "hotelRoomCount": "1", "hotelGuestAdultCount": "1", "hotelGuestChildCount": "0", "hotelNightCount": "1", "hotelRoomPrice": "186.43", "hotelFinalPrice": "186.43"}}}
{"_id": "orderid:323933", "timestamp": "2019-12-06T23:50:21.000Z", "eventType": "transaction", "_adobeamericaspot3": {"CRMID": "crmid:7757367468", "orderDetails": {"orderID": "orderid:323933", "reservationid": "XDO-SVEE", "orderType": "website", "hotelSKU": "prd1073", "hotelCheckInUnix": "1577836221", "hotelCheckOutUnix": "1578527421", "hotelCheckInTS": "2019-12-31T23:50:21+00:00", "hotelCheckOutTS": "2020-01-08T23:50:21+00:00", "hotelChain": "Grandeur Hotels", "hotelName": "Grandeur Hotels: Lima", "hotelLocation": "Lima", "hotelRoomType": "premium", "hotelRoomCount": "1", "hotelGuestAdultCount": "1", "hotelGuestChildCount": "0", "hotelNightCount": "8", "hotelRoomPrice": "137.98", "hotelFinalPrice": "1103.84"}}}
{"_id": "orderid:307136", "timestamp": "2019-12-04T07:14:49.000Z", "eventType": "transaction", "_adobeamericaspot3": {"CRMID": "crmid:5754953544", "orderDetails": {"orderID": "orderid:307136", "reservationid": "C8O-PXX1", "orderType": "website", "hotelSKU": "prd1015", "hotelCheckInUnix": "1576653289", "hotelCheckOutUnix": "1576912489", "hotelCheckInTS": "2019-12-18T07:14:49+00:00", "hotelCheckOutTS": "2019-12-21T07:14:49+00:00", "hotelChain": "Family Fun Hotels", "hotelName": "Family Fun Hotels: San Francisco", "hotelLocation": "San Francisco", "hotelRoomType": "standard", "hotelRoomCount": "1", "hotelGuestAdultCount": "1", "hotelGuestChildCount": "0", "hotelNightCount": "3", "hotelRoomPrice": "153.25", "hotelFinalPrice": "459.75"}}}
{"_id": "orderid:740399", "timestamp": "2019-12-09T05:52:17.000Z", "eventType": "transaction", "_adobeamericaspot3": {"CRMID": "crmid:6333865954", "orderDetails": {"orderID": "orderid:740399", "reservationid": "OTX-TJMP", "orderType": "kiosk", "hotelSKU": "prd1184", "hotelCheckInUnix": "1577944337", "hotelCheckOutUnix": "1578462737", "hotelCheckInTS": "2020-01-02T05:52:17+00:00", "hotelCheckOutTS": "2020-01-08T05:52:17+00:00", "hotelChain": "Aspen Heights", "hotelName": "Aspen Heights: Arlington", "hotelLocation": "Arlington", "hotelRoomType": "standard", "hotelRoomCount": "1", "hotelGuestAdultCount": "1", "hotelGuestChildCount": "0", "hotelNightCount": "6", "hotelRoomPrice": "138.7", "hotelFinalPrice": "832.2"}}}
{"_id": "orderid:676080", "timestamp": "2020-02-15T23:11:22.000Z", "eventType": "transaction", "_adobeamericaspot3": {"CRMID": "crmid:3574939960", "orderDetails": {"orderID": "orderid:676080", "reservationid": "VWM-0NXB", "orderType": "kiosk", "hotelSKU": "prd1076", "hotelCheckInUnix": "1584313882", "hotelCheckOutUnix": "1585869082", "hotelCheckInTS": "2020-03-15T23:11:22+00:00", "hotelCheckOutTS": "2020-04-02T23:11:22+00:00", "hotelChain": "Aspen Heights", "hotelName": "Aspen Heights: Bogota", "hotelLocation": "Bogota", "hotelRoomType": "luxury", "hotelRoomCount": "1", "hotelGuestAdultCount": "1", "hotelGuestChildCount": "0", "hotelNightCount": "18", "hotelRoomPrice": "315.42", "hotelFinalPrice": "5677.56"}}}
{"_id": "orderid:151475", "timestamp": "2020-01-16T21:01:20.000Z", "eventType": "transaction", "_adobeamericaspot3": {"CRMID": "crmid:2746039890", "orderDetails": {"orderID": "orderid:151475", "reservationid": "N5Z-KFAE", "orderType": "call center", "hotelSKU": "prd1074", "hotelCheckInUnix": "1579294880", "hotelCheckOutUnix": "1579381280", "hotelCheckInTS": "2020-01-17T21:01:20+00:00", "hotelCheckOutTS": "2020-01-18T21:01:20+00:00", "hotelChain": "Restful Nights", "hotelName": "Restful Nights: Mexico City", "hotelLocation": "Mexico City", "hotelRoomType": "ultra-luxury", "hotelRoomCount": "1", "hotelGuestAdultCount": "1", "hotelGuestChildCount": "0", "hotelNightCount": "1", "hotelRoomPrice": "366.56", "hotelFinalPrice": "366.56"}}}
{"_id": "orderid:307042", "timestamp": "2020-01-19T00:00:00.000Z", "eventType": "transaction", "_adobeamericaspot3": {"CRMID": "crmid:2746039890", "orderDetails": {"orderID": "orderid:307042", "reservationid": "WMQ-FX56", "orderType": "call center", "hotelSKU": "prd1137", "hotelCheckInUnix": "1579564800", "hotelCheckOutUnix": "1579651200", "hotelCheckInTS": "2020-01-21T00:00:00+00:00", "hotelCheckOutTS": "2020-01-22T00:00:00+00:00", "hotelChain": "Sapphire Suites", "hotelName": "Sapphire Suites: Manila", "hotelLocation": "Manila", "hotelRoomType": "ultra-luxury", "hotelRoomCount": "1", "hotelGuestAdultCount": "1", "hotelGuestChildCount": "0", "hotelNightCount": "1", "hotelRoomPrice": "438.25", "hotelFinalPrice": "438.25"}}}
{"_id": "orderid:566791", "timestamp": "2020-01-05T19:23:46.000Z", "eventType": "transaction", "_adobeamericaspot3": {"CRMID": "crmid:8517464213", "orderDetails": {"orderID": "orderid:566791", "reservationid": "PM2-BOZS", "orderType": "call center", "hotelSKU": "prd1058", "hotelCheckInUnix": "1580239426", "hotelCheckOutUnix": "1580844226", "hotelCheckInTS": "2020-01-28T19:23:46+00:00", "hotelCheckOutTS": "2020-02-04T19:23:46+00:00", "hotelChain": "Blue Reef Resort", "hotelName": "Blue Reef Resort: Delhi", "hotelLocation": "Delhi", "hotelRoomType": "standard", "hotelRoomCount": "1", "hotelGuestAdultCount": "1", "hotelGuestChildCount": "0", "hotelNightCount": "7", "hotelRoomPrice": "81.58", "hotelFinalPrice": "571.06"}}}
{"_id": "orderid:264781", "timestamp": "2019-12-20T23:05:52.000Z", "eventType": "transaction", "_adobeamericaspot3": {"CRMID": "crmid:4269431967", "orderDetails": {"orderID": "orderid:264781", "reservationid": "64F-JHNT", "orderType": "service desk", "hotelSKU": "prd1142", "hotelCheckInUnix": "1578783952", "hotelCheckOutUnix": "1579907152", "hotelCheckInTS": "2020-01-11T23:05:52+00:00", "hotelCheckOutTS": "2020-01-24T23:05:52+00:00", "hotelChain": "Blue Reef Resort", "hotelName": "Blue Reef Resort: Philadelphia", "hotelLocation": "Philadelphia", "hotelRoomType": "standard", "hotelRoomCount": "1", "hotelGuestAdultCount": "1", "hotelGuestChildCount": "0", "hotelNightCount": "13", "hotelRoomPrice": "167.45", "hotelFinalPrice": "2176.85"}}}
{"_id": "orderid:398771", "timestamp": "2019-12-02T07:48:21.000Z", "eventType": "transaction", "_adobeamericaspot3": {"CRMID": "crmid:7544672466", "orderDetails": {"orderID": "orderid:398771", "reservationid": "STR-EXWF", "orderType": "mobile", "hotelSKU": "prd1121", "hotelCheckInUnix": "1577864901", "hotelCheckOutUnix": "1579506501", "hotelCheckInTS": "2020-01-01T07:48:21+00:00", "hotelCheckOutTS": "2020-01-20T07:48:21+00:00", "hotelChain": "Grandeur Hotels", "hotelName": "Grandeur Hotels: Stockholm", "hotelLocation": "Stockholm", "hotelRoomType": "standard", "hotelRoomCount": "1", "hotelGuestAdultCount": "1", "hotelGuestChildCount": "0", "hotelNightCount": "19", "hotelRoomPrice": "157.24", "hotelFinalPrice": "2987.56"}}}
{"_id": "orderid:619515", "timestamp": "2020-02-11T10:03:13.000Z", "eventType": "transaction", "_adobeamericaspot3": {"CRMID": "crmid:3052759863", "orderDetails": {"orderID": "orderid:619515", "reservationid": "XWL-1JZC", "orderType": "mobile", "hotelSKU": "prd1112", "hotelCheckInUnix": "1581847393", "hotelCheckOutUnix": "1582711393", "hotelCheckInTS": "2020-02-16T10:03:13+00:00", "hotelCheckOutTS": "2020-02-26T10:03:13+00:00", "hotelChain": "Aspen Heights", "hotelName": "Aspen Heights: Birmingham", "hotelLocation": "Birmingham", "hotelRoomType": "premium", "hotelRoomCount": "1", "hotelGuestAdultCount": "1", "hotelGuestChildCount": "0", "hotelNightCount": "10", "hotelRoomPrice": "130.72", "hotelFinalPrice": "1307.2"}}}
{"_id": "orderid:138595", "timestamp": "2020-02-02T11:36:56.000Z", "eventType": "transaction", "_adobeamericaspot3": {"CRMID": "crmid:4473513497", "orderDetails": {"orderID": "orderid:138595", "reservationid": "E7P-2BYK", "orderType": "kiosk", "hotelSKU": "prd1045", "hotelCheckInUnix": "1582717016", "hotelCheckOutUnix": "1583926616", "hotelCheckInTS": "2020-02-26T11:36:56+00:00", "hotelCheckOutTS": "2020-03-11T11:36:56+00:00", "hotelChain": "Admiralty Plaza", "hotelName": "Admiralty Plaza: Miami", "hotelLocation": "Miami", "hotelRoomType": "standard", "hotelRoomCount": "1", "hotelGuestAdultCount": "1", "hotelGuestChildCount": "4", "hotelNightCount": "14", "hotelRoomPrice": "143.98", "hotelFinalPrice": "2015.72"}}}
{"_id": "orderid:630462", "timestamp": "2020-01-30T20:24:36.000Z", "eventType": "transaction", "_adobeamericaspot3": {"CRMID": "crmid:3724964218", "orderDetails": {"orderID": "orderid:630462", "reservationid": "OJW-ARTE", "orderType": "website", "hotelSKU": "prd1193", "hotelCheckInUnix": "1581625476", "hotelCheckOutUnix": "1582662276", "hotelCheckInTS": "2020-02-13T20:24:36+00:00", "hotelCheckOutTS": "2020-02-25T20:24:36+00:00", "hotelChain": "Grandeur Hotels", "hotelName": "Grandeur Hotels: Kinshasa", "hotelLocation": "Kinshasa", "hotelRoomType": "standard", "hotelRoomCount": "1", "hotelGuestAdultCount": "1", "hotelGuestChildCount": "3", "hotelNightCount": "12", "hotelRoomPrice": "155.5", "hotelFinalPrice": "1866.0"}}}
{"_id": "orderid:281265", "timestamp": "2019-12-10T11:12:05.000Z", "eventType": "transaction", "_adobeamericaspot3": {"CRMID": "crmid:4933980543", "orderDetails": {"orderID": "orderid:281265", "reservationid": "JTF-UQRZ", "orderType": "website", "hotelSKU": "prd1112", "hotelCheckInUnix": "1576062725", "hotelCheckOutUnix": "1576235525", "hotelCheckInTS": "2019-12-11T11:12:05+00:00", "hotelCheckOutTS": "2019-12-13T11:12:05+00:00", "hotelChain": "Aspen Heights", "hotelName": "Aspen Heights: Birmingham", "hotelLocation": "Birmingham", "hotelRoomType": "ultra-luxury", "hotelRoomCount": "1", "hotelGuestAdultCount": "1", "hotelGuestChildCount": "0", "hotelNightCount": "2", "hotelRoomPrice": "312.07", "hotelFinalPrice": "624.14"}}}
{"_id": "orderid:966793", "timestamp": "2019-12-14T00:00:00.000Z", "eventType": "transaction", "_adobeamericaspot3": {"CRMID": "crmid:4933980543", "orderDetails": {"orderID": "orderid:966793", "reservationid": "ECP-GWCX", "orderType": "service desk", "hotelSKU": "prd1127", "hotelCheckInUnix": "1576627200", "hotelCheckOutUnix": "1576800000", "hotelCheckInTS": "2019-12-18T00:00:00+00:00", "hotelCheckOutTS": "2019-12-20T00:00:00+00:00", "hotelChain": "Nesting Box Inn", "hotelName": "Nesting Box Inn: Glasgow", "hotelLocation": "Glasgow", "hotelRoomType": "standard", "hotelRoomCount": "1", "hotelGuestAdultCount": "1", "hotelGuestChildCount": "0", "hotelNightCount": "2", "hotelRoomPrice": "113.35", "hotelFinalPrice": "226.7"}}}
{"_id": "orderid:608015", "timestamp": "2019-12-03T09:38:55.000Z", "eventType": "transaction", "_adobeamericaspot3": {"CRMID": "crmid:6884679066", "orderDetails": {"orderID": "orderid:608015", "reservationid": "DSC-NZMM", "orderType": "kiosk", "hotelSKU": "prd1191", "hotelCheckInUnix": "1577525935", "hotelCheckOutUnix": "1578389935", "hotelCheckInTS": "2019-12-28T09:38:55+00:00", "hotelCheckOutTS": "2020-01-07T09:38:55+00:00", "hotelChain": "Hospitality Inn", "hotelName": "Hospitality Inn: Mumbai", "hotelLocation": "Mumbai", "hotelRoomType": "standard", "hotelRoomCount": "1", "hotelGuestAdultCount": "1", "hotelGuestChildCount": "3", "hotelNightCount": "10", "hotelRoomPrice": "106.09", "hotelFinalPrice": "1060.9"}}}
{"_id": "orderid:869053", "timestamp": "2020-02-07T10:06:01.000Z", "eventType": "transaction", "_adobeamericaspot3": {"CRMID": "crmid:6739407000", "orderDetails": {"orderID": "orderid:869053", "reservationid": "GRY-4UHW", "orderType": "call center", "hotelSKU": "prd1167", "hotelCheckInUnix": "1582625161", "hotelCheckOutUnix": "1583143561", "hotelCheckInTS": "2020-02-25T10:06:01+00:00", "hotelCheckOutTS": "2020-03-02T10:06:01+00:00", "hotelChain": "Hospitality Inn", "hotelName": "Hospitality Inn: Milwaukee", "hotelLocation": "Milwaukee", "hotelRoomType": "standard", "hotelRoomCount": "1", "hotelGuestAdultCount": "1", "hotelGuestChildCount": "4", "hotelNightCount": "6", "hotelRoomPrice": "163.68", "hotelFinalPrice": "982.08"}}}
{"_id": "orderid:575824", "timestamp": "2019-12-13T05:18:46.000Z", "eventType": "transaction", "_adobeamericaspot3": {"CRMID": "crmid:4538153801", "orderDetails": {"orderID": "orderid:575824", "reservationid": "Z6D-SBFC", "orderType": "kiosk", "hotelSKU": "prd1185", "hotelCheckInUnix": "1578547126", "hotelCheckOutUnix": "1579065526", "hotelCheckInTS": "2020-01-09T05:18:46+00:00", "hotelCheckOutTS": "2020-01-15T05:18:46+00:00", "hotelChain": "Sapphire Suites", "hotelName": "Sapphire Suites: New Orleans", "hotelLocation": "New Orleans", "hotelRoomType": "standard", "hotelRoomCount": "1", "hotelGuestAdultCount": "1", "hotelGuestChildCount": "0", "hotelNightCount": "6", "hotelRoomPrice": "179.29", "hotelFinalPrice": "1075.74"}}}
{"_id": "orderid:336444", "timestamp": "2020-02-12T22:18:19.000Z", "eventType": "transaction", "_adobeamericaspot3": {"CRMID": "crmid:9264541723", "orderDetails": {"orderID": "orderid:336444", "reservationid": "O91-TVUL", "orderType": "kiosk", "hotelSKU": "prd1105", "hotelCheckInUnix": "1581891499", "hotelCheckOutUnix": "1582150699", "hotelCheckInTS": "2020-02-16T22:18:19+00:00", "hotelCheckOutTS": "2020-02-19T22:18:19+00:00", "hotelChain": "Admiralty Plaza", "hotelName": "Admiralty Plaza: Barcelona", "hotelLocation": "Barcelona", "hotelRoomType": "standard", "hotelRoomCount": "1", "hotelGuestAdultCount": "1", "hotelGuestChildCount": "0", "hotelNightCount": "3", "hotelRoomPrice": "179.41", "hotelFinalPrice": "538.23"}}}
{"_id": "orderid:881571", "timestamp": "2019-12-11T08:53:35.000Z", "eventType": "transaction", "_adobeamericaspot3": {"CRMID": "crmid:6760162711", "orderDetails": {"orderID": "orderid:881571", "reservationid": "EGS-YWEP", "orderType": "website", "hotelSKU": "prd1179", "hotelCheckInUnix": "1578300815", "hotelCheckOutUnix": "1578473615", "hotelCheckInTS": "2020-01-06T08:53:35+00:00", "hotelCheckOutTS": "2020-01-08T08:53:35+00:00", "hotelChain": "Hospitality Inn", "hotelName": "Hospitality Inn: Miami", "hotelLocation": "Miami", "hotelRoomType": "standard", "hotelRoomCount": "1", "hotelGuestAdultCount": "1", "hotelGuestChildCount": "0", "hotelNightCount": "2", "hotelRoomPrice": "142.88", "hotelFinalPrice": "285.76"}}}
{"_id": "orderid:658272", "timestamp": "2020-01-24T08:07:49.000Z", "eventType": "transaction", "_adobeamericaspot3": {"CRMID": "crmid:2934874698", "orderDetails": {"orderID": "orderid:658272", "reservationid": "FMG-7MZE", "orderType": "service desk", "hotelSKU": "prd1005", "hotelCheckInUnix": "1579939669", "hotelCheckOutUnix": "1580026069", "hotelCheckInTS": "2020-01-25T08:07:49+00:00", "hotelCheckOutTS": "2020-01-26T08:07:49+00:00", "hotelChain": "Sapphire Suites", "hotelName": "Sapphire Suites: Los Angeles", "hotelLocation": "Los Angeles", "hotelRoomType": "premium", "hotelRoomCount": "1", "hotelGuestAdultCount": "1", "hotelGuestChildCount": "0", "hotelNightCount": "1", "hotelRoomPrice": "139.47", "hotelFinalPrice": "139.47"}}}
{"_id": "orderid:831552", "timestamp": "2019-12-26T12:01:10.000Z", "eventType": "transaction", "_adobeamericaspot3": {"CRMID": "crmid:3495748812", "orderDetails": {"orderID": "orderid:831552", "reservationid": "ULU-WGZO", "orderType": "service desk", "hotelSKU": "prd1021", "hotelCheckInUnix": "1579435270", "hotelCheckOutUnix": "1580212870", "hotelCheckInTS": "2020-01-19T12:01:10+00:00", "hotelCheckOutTS": "2020-01-28T12:01:10+00:00", "hotelChain": "Admiralty Plaza", "hotelName": "Admiralty Plaza: Denver", "hotelLocation": "Denver", "hotelRoomType": "standard", "hotelRoomCount": "1", "hotelGuestAdultCount": "1", "hotelGuestChildCount": "0", "hotelNightCount": "9", "hotelRoomPrice": "154.15", "hotelFinalPrice": "1387.35"}}}
{"_id": "orderid:890950", "timestamp": "2020-01-29T20:20:50.000Z", "eventType": "transaction", "_adobeamericaspot3": {"CRMID": "crmid:1476147282", "orderDetails": {"orderID": "orderid:890950", "reservationid": "5EG-8UU0", "orderType": "mobile", "hotelSKU": "prd1093", "hotelCheckInUnix": "1580588450", "hotelCheckOutUnix": "1580934050", "hotelCheckInTS": "2020-02-01T20:20:50+00:00", "hotelCheckOutTS": "2020-02-05T20:20:50+00:00", "hotelChain": "Admiralty Plaza", "hotelName": "Admiralty Plaza: Yokohama", "hotelLocation": "Yokohama", "hotelRoomType": "standard", "hotelRoomCount": "1", "hotelGuestAdultCount": "1", "hotelGuestChildCount": "0", "hotelNightCount": "4", "hotelRoomPrice": "136.6", "hotelFinalPrice": "546.4"}}}
{"_id": "orderid:365423", "timestamp": "2020-02-06T00:00:00.000Z", "eventType": "transaction", "_adobeamericaspot3": {"CRMID": "crmid:1476147282", "orderDetails": {"orderID": "orderid:365423", "reservationid": "SUR-4DAV", "orderType": "kiosk", "hotelSKU": "prd1166", "hotelCheckInUnix": "1581292800", "hotelCheckOutUnix": "1581465600", "hotelCheckInTS": "2020-02-10T00:00:00+00:00", "hotelCheckOutTS": "2020-02-12T00:00:00+00:00", "hotelChain": "Blue Reef Resort", "hotelName": "Blue Reef Resort: Baltimore", "hotelLocation": "Baltimore", "hotelRoomType": "standard", "hotelRoomCount": "1", "hotelGuestAdultCount": "1", "hotelGuestChildCount": "0", "hotelNightCount": "2", "hotelRoomPrice": "134.8", "hotelFinalPrice": "269.6"}}}
{"_id": "orderid:314398", "timestamp": "2020-02-14T05:33:25.000Z", "eventType": "transaction", "_adobeamericaspot3": {"CRMID": "crmid:8047833726", "orderDetails": {"orderID": "orderid:314398", "reservationid": "3PY-04WE", "orderType": "kiosk", "hotelSKU": "prd1111", "hotelCheckInUnix": "1583472805", "hotelCheckOutUnix": "1583732005", "hotelCheckInTS": "2020-03-06T05:33:25+00:00", "hotelCheckOutTS": "2020-03-09T05:33:25+00:00", "hotelChain": "Family Fun Hotels", "hotelName": "Family Fun Hotels: Prague", "hotelLocation": "Prague", "hotelRoomType": "premium", "hotelRoomCount": "1", "hotelGuestAdultCount": "1", "hotelGuestChildCount": "0", "hotelNightCount": "3", "hotelRoomPrice": "154.83", "hotelFinalPrice": "464.49"}}}
{"_id": "orderid:766505", "timestamp": "2019-12-18T11:30:40.000Z", "eventType": "transaction", "_adobeamericaspot3": {"CRMID": "crmid:4764793687", "orderDetails": {"orderID": "orderid:766505", "reservationid": "IYP-QOKM", "orderType": "website", "hotelSKU": "prd1061", "hotelCheckInUnix": "1577014240", "hotelCheckOutUnix": "1577187040", "hotelCheckInTS": "2019-12-22T11:30:40+00:00", "hotelCheckOutTS": "2019-12-24T11:30:40+00:00", "hotelChain": "Grandeur Hotels", "hotelName": "Grandeur Hotels: Lahore", "hotelLocation": "Lahore", "hotelRoomType": "standard", "hotelRoomCount": "1", "hotelGuestAdultCount": "1", "hotelGuestChildCount": "0", "hotelNightCount": "2", "hotelRoomPrice": "133.19", "hotelFinalPrice": "266.38"}}}
{"_id": "orderid:347759", "timestamp": "2019-12-12T16:34:19.000Z", "eventType": "transaction", "_adobeamericaspot3": {"CRMID": "crmid:8986957098", "orderDetails": {"orderID": "orderid:347759", "reservationid": "VBS-ILDQ", "orderType": "call center", "hotelSKU": "prd1117", "hotelCheckInUnix": "1578501259", "hotelCheckOutUnix": "1578846859", "hotelCheckInTS": "2020-01-08T16:34:19+00:00", "hotelCheckOutTS": "2020-01-12T16:34:19+00:00", "hotelChain": "Admiralty Plaza", "hotelName": "Admiralty Plaza: Dublin", "hotelLocation": "Dublin", "hotelRoomType": "standard", "hotelRoomCount": "1", "hotelGuestAdultCount": "1", "hotelGuestChildCount": "0", "hotelNightCount": "4", "hotelRoomPrice": "130.88", "hotelFinalPrice": "523.52"}}}
{"_id": "orderid:220253", "timestamp": "2020-01-06T09:38:42.000Z", "eventType": "transaction", "_adobeamericaspot3": {"CRMID": "crmid:7101190009", "orderDetails": {"orderID": "orderid:220253", "reservationid": "QQK-SSHU", "orderType": "website", "hotelSKU": "prd1093", "hotelCheckInUnix": "1580463522", "hotelCheckOutUnix": "1582018722", "hotelCheckInTS": "2020-01-31T09:38:42+00:00", "hotelCheckOutTS": "2020-02-18T09:38:42+00:00", "hotelChain": "Admiralty Plaza", "hotelName": "Admiralty Plaza: Yokohama", "hotelLocation": "Yokohama", "hotelRoomType": "standard", "hotelRoomCount": "1", "hotelGuestAdultCount": "1", "hotelGuestChildCount": "2", "hotelNightCount": "18", "hotelRoomPrice": "181.75", "hotelFinalPrice": "3271.5"}}}
{"_id": "orderid:634632", "timestamp": "2020-01-15T13:19:12.000Z", "eventType": "transaction", "_adobeamericaspot3": {"CRMID": "crmid:5356884012", "orderDetails": {"orderID": "orderid:634632", "reservationid": "IZN-OP4Q", "orderType": "service desk", "hotelSKU": "prd1134", "hotelCheckInUnix": "1580735952", "hotelCheckOutUnix": "1581945552", "hotelCheckInTS": "2020-02-03T13:19:12+00:00", "hotelCheckOutTS": "2020-02-17T13:19:12+00:00", "hotelChain": "Restful Nights", "hotelName": "Restful Nights: Montreal", "hotelLocation": "Montreal", "hotelRoomType": "standard", "hotelRoomCount": "1", "hotelGuestAdultCount": "1", "hotelGuestChildCount": "0", "hotelNightCount": "14", "hotelRoomPrice": "156.38", "hotelFinalPrice": "2189.32"}}}
{"_id": "orderid:332963", "timestamp": "2019-12-24T19:05:32.000Z", "eventType": "transaction", "_adobeamericaspot3": {"CRMID": "crmid:3903452151", "orderDetails": {"orderID": "orderid:332963", "reservationid": "89Z-AQSD", "orderType": "mobile", "hotelSKU": "prd1129", "hotelCheckInUnix": "1577300732", "hotelCheckOutUnix": "1577559932", "hotelCheckInTS": "2019-12-25T19:05:32+00:00", "hotelCheckOutTS": "2019-12-28T19:05:32+00:00", "hotelChain": "Admiralty Plaza", "hotelName": "Admiralty Plaza: Helsinki", "hotelLocation": "Helsinki", "hotelRoomType": "standard", "hotelRoomCount": "1", "hotelGuestAdultCount": "1", "hotelGuestChildCount": "0", "hotelNightCount": "3", "hotelRoomPrice": "187.07", "hotelFinalPrice": "561.21"}}}
{"_id": "orderid:855668", "timestamp": "2019-12-09T09:14:58.000Z", "eventType": "transaction", "_adobeamericaspot3": {"CRMID": "crmid:7511785816", "orderDetails": {"orderID": "orderid:855668", "reservationid": "Z2N-DQYG", "orderType": "website", "hotelSKU": "prd1172", "hotelCheckInUnix": "1576401298", "hotelCheckOutUnix": "1577178898", "hotelCheckInTS": "2019-12-15T09:14:58+00:00", "hotelCheckOutTS": "2019-12-24T09:14:58+00:00", "hotelChain": "Aspen Heights", "hotelName": "Aspen Heights: Mesa", "hotelLocation": "Mesa", "hotelRoomType": "standard", "hotelRoomCount": "1", "hotelGuestAdultCount": "1", "hotelGuestChildCount": "0", "hotelNightCount": "9", "hotelRoomPrice": "153.06", "hotelFinalPrice": "1377.54"}}}
{"_id": "orderid:394061", "timestamp": "2020-01-29T15:53:34.000Z", "eventType": "transaction", "_adobeamericaspot3": {"CRMID": "crmid:1320141544", "orderDetails": {"orderID": "orderid:394061", "reservationid": "KLI-UP5R", "orderType": "mobile", "hotelSKU": "prd1135", "hotelCheckInUnix": "1582732414", "hotelCheckOutUnix": "1583337214", "hotelCheckInTS": "2020-02-26T15:53:34+00:00", "hotelCheckOutTS": "2020-03-04T15:53:34+00:00", "hotelChain": "Family Fun Hotels", "hotelName": "Family Fun Hotels: Vancouver", "hotelLocation": "Vancouver", "hotelRoomType": "standard", "hotelRoomCount": "1", "hotelGuestAdultCount": "1", "hotelGuestChildCount": "0", "hotelNightCount": "7", "hotelRoomPrice": "124.45", "hotelFinalPrice": "871.15"}}}
{"_id": "orderid:781543", "timestamp": "2019-12-22T23:51:46.000Z", "eventType": "transaction", "_adobeamericaspot3": {"CRMID": "crmid:2869149140", "orderDetails": {"orderID": "orderid:781543", "reservationid": "8PF-2LW3", "orderType": "kiosk", "hotelSKU": "prd1111", "hotelCheckInUnix": "1578786706", "hotelCheckOutUnix": "1579045906", "hotelCheckInTS": "2020-01-11T23:51:46+00:00", "hotelCheckOutTS": "2020-01-14T23:51:46+00:00", "hotelChain": "Family Fun Hotels", "hotelName": "Family Fun Hotels: Prague", "hotelLocation": "Prague", "hotelRoomType": "premium", "hotelRoomCount": "1", "hotelGuestAdultCount": "1", "hotelGuestChildCount": "0", "hotelNightCount": "3", "hotelRoomPrice": "122.16", "hotelFinalPrice": "366.48"}}}
{"_id": "orderid:614672", "timestamp": "2019-12-13T07:17:50.000Z", "eventType": "transaction", "_adobeamericaspot3": {"CRMID": "crmid:9626173942", "orderDetails": {"orderID": "orderid:614672", "reservationid": "3KV-RZ6L", "orderType": "kiosk", "hotelSKU": "prd1134", "hotelCheckInUnix": "1578208670", "hotelCheckOutUnix": "1578986270", "hotelCheckInTS": "2020-01-05T07:17:50+00:00", "hotelCheckOutTS": "2020-01-14T07:17:50+00:00", "hotelChain": "Restful Nights", "hotelName": "Restful Nights: Montreal", "hotelLocation": "Montreal", "hotelRoomType": "standard", "hotelRoomCount": "1", "hotelGuestAdultCount": "1", "hotelGuestChildCount": "1", "hotelNightCount": "9", "hotelRoomPrice": "171.02", "hotelFinalPrice": "1539.18"}}}
{"_id": "orderid:615298", "timestamp": "2019-12-07T19:49:47.000Z", "eventType": "transaction", "_adobeamericaspot3": {"CRMID": "crmid:6677131217", "orderDetails": {"orderID": "orderid:615298", "reservationid": "SD1-BGDG", "orderType": "call center", "hotelSKU": "prd1076", "hotelCheckInUnix": "1578253787", "hotelCheckOutUnix": "1579722587", "hotelCheckInTS": "2020-01-05T19:49:47+00:00", "hotelCheckOutTS": "2020-01-22T19:49:47+00:00", "hotelChain": "Aspen Heights", "hotelName": "Aspen Heights: Bogota", "hotelLocation": "Bogota", "hotelRoomType": "standard", "hotelRoomCount": "1", "hotelGuestAdultCount": "1", "hotelGuestChildCount": "0", "hotelNightCount": "17", "hotelRoomPrice": "154.88", "hotelFinalPrice": "2632.96"}}}
{"_id": "orderid:778415", "timestamp": "2020-02-10T20:05:52.000Z", "eventType": "transaction", "_adobeamericaspot3": {"CRMID": "crmid:7263240734", "orderDetails": {"orderID": "orderid:778415", "reservationid": "HJ8-H9T5", "orderType": "kiosk", "hotelSKU": "prd1089", "hotelCheckInUnix": "1582488352", "hotelCheckOutUnix": "1582920352", "hotelCheckInTS": "2020-02-23T20:05:52+00:00", "hotelCheckOutTS": "2020-02-28T20:05:52+00:00", "hotelChain": "Sapphire Suites", "hotelName": "Sapphire Suites: Rome", "hotelLocation": "Rome", "hotelRoomType": "luxury", "hotelRoomCount": "1", "hotelGuestAdultCount": "1", "hotelGuestChildCount": "4", "hotelNightCount": "5", "hotelRoomPrice": "334.95", "hotelFinalPrice": "1674.75"}}}
{"_id": "orderid:589544", "timestamp": "2019-12-13T00:34:21.000Z", "eventType": "transaction", "_adobeamericaspot3": {"CRMID": "crmid:1551428759", "orderDetails": {"orderID": "orderid:589544", "reservationid": "P1A-PVAI", "orderType": "website", "hotelSKU": "prd1127", "hotelCheckInUnix": "1576283661", "hotelCheckOutUnix": "1576715661", "hotelCheckInTS": "2019-12-14T00:34:21+00:00", "hotelCheckOutTS": "2019-12-19T00:34:21+00:00", "hotelChain": "Nesting Box Inn", "hotelName": "Nesting Box Inn: Glasgow", "hotelLocation": "Glasgow", "hotelRoomType": "ultra-luxury", "hotelRoomCount": "1", "hotelGuestAdultCount": "1", "hotelGuestChildCount": "0", "hotelNightCount": "5", "hotelRoomPrice": "265.82", "hotelFinalPrice": "1329.1"}}}
{"_id": "orderid:489177", "timestamp": "2019-12-21T00:00:00.000Z", "eventType": "transaction", "_adobeamericaspot3": {"CRMID": "crmid:1551428759", "orderDetails": {"orderID": "orderid:489177", "reservationid": "BHN-RNVD", "orderType": "call center", "hotelSKU": "prd1070", "hotelCheckInUnix": "1576972800", "hotelCheckOutUnix": "1577059200", "hotelCheckInTS": "2019-12-22T00:00:00+00:00", "hotelCheckOutTS": "2019-12-23T00:00:00+00:00", "hotelChain": "Blue Reef Resort", "hotelName": "Blue Reef Resort: Jakarta", "hotelLocation": "Jakarta", "hotelRoomType": "standard", "hotelRoomCount": "1", "hotelGuestAdultCount": "1", "hotelGuestChildCount": "0", "hotelNightCount": "1", "hotelRoomPrice": "189.72", "hotelFinalPrice": "189.72"}}}
{"_id": "orderid:481954", "timestamp": "2020-01-29T18:52:59.000Z", "eventType": "transaction", "_adobeamericaspot3": {"CRMID": "crmid:1957373002", "orderDetails": {"orderID": "orderid:481954", "reservationid": "IGD-ZDFV", "orderType": "service desk", "hotelSKU": "prd1059", "hotelCheckInUnix": "1582224779", "hotelCheckOutUnix": "1582483979", "hotelCheckInTS": "2020-02-20T18:52:59+00:00", "hotelCheckOutTS": "2020-02-23T18:52:59+00:00", "hotelChain": "Hospitality Inn", "hotelName": "Hospitality Inn: Kinshasa", "hotelLocation": "Kinshasa", "hotelRoomType": "standard", "hotelRoomCount": "1", "hotelGuestAdultCount": "1", "hotelGuestChildCount": "0", "hotelNightCount": "3", "hotelRoomPrice": "118.12", "hotelFinalPrice": "354.36"}}}
{"_id": "orderid:388308", "timestamp": "2019-12-27T21:14:34.000Z", "eventType": "transaction", "_adobeamericaspot3": {"CRMID": "crmid:9791285093", "orderDetails": {"orderID": "orderid:388308", "reservationid": "KQH-BZ1M", "orderType": "service desk", "hotelSKU": "prd1178", "hotelCheckInUnix": "1579641274", "hotelCheckOutUnix": "1580332474", "hotelCheckInTS": "2020-01-21T21:14:34+00:00", "hotelCheckOutTS": "2020-01-29T21:14:34+00:00", "hotelChain": "Blue Reef Resort", "hotelName": "Blue Reef Resort: Colorado Springs", "hotelLocation": "Colorado Springs", "hotelRoomType": "standard", "hotelRoomCount": "1", "hotelGuestAdultCount": "1", "hotelGuestChildCount": "0", "hotelNightCount": "8", "hotelRoomPrice": "178.8", "hotelFinalPrice": "1430.4"}}}
{"_id": "orderid:836073", "timestamp": "2019-12-25T04:51:03.000Z", "eventType": "transaction", "_adobeamericaspot3": {"CRMID": "crmid:2457306032", "orderDetails": {"orderID": "orderid:836073", "reservationid": "W9U-38RD", "orderType": "kiosk", "hotelSKU": "prd1028", "hotelCheckInUnix": "1579668663", "hotelCheckOutUnix": "1580187063", "hotelCheckInTS": "2020-01-22T04:51:03+00:00", "hotelCheckOutTS": "2020-01-28T04:51:03+00:00", "hotelChain": "Aspen Heights", "hotelName": "Aspen Heights: Portland", "hotelLocation": "Portland", "hotelRoomType": "premium", "hotelRoomCount": "1", "hotelGuestAdultCount": "1", "hotelGuestChildCount": "0", "hotelNightCount": "6", "hotelRoomPrice": "157.36", "hotelFinalPrice": "944.16"}}}
{"_id": "orderid:780782", "timestamp": "2020-02-12T14:45:22.000Z", "eventType": "transaction", "_adobeamericaspot3": {"CRMID": "crmid:4908918127", "orderDetails": {"orderID": "orderid:780782", "reservationid": "MH1-JN5H", "orderType": "website", "hotelSKU": "prd1076", "hotelCheckInUnix": "1583505922", "hotelCheckOutUnix": "1584283522", "hotelCheckInTS": "2020-03-06T14:45:22+00:00", "hotelCheckOutTS": "2020-03-15T14:45:22+00:00", "hotelChain": "Aspen Heights", "hotelName": "Aspen Heights: Bogota", "hotelLocation": "Bogota", "hotelRoomType": "standard", "hotelRoomCount": "1", "hotelGuestAdultCount": "1", "hotelGuestChildCount": "0", "hotelNightCount": "9", "hotelRoomPrice": "132.08", "hotelFinalPrice": "1188.72"}}}
{"_id": "orderid:632579", "timestamp": "2019-12-27T00:27:32.000Z", "eventType": "transaction", "_adobeamericaspot3": {"CRMID": "crmid:7623663743", "orderDetails": {"orderID": "orderid:632579", "reservationid": "MCK-CISP", "orderType": "website", "hotelSKU": "prd1172", "hotelCheckInUnix": "1579566452", "hotelCheckOutUnix": "1580171252", "hotelCheckInTS": "2020-01-21T00:27:32+00:00", "hotelCheckOutTS": "2020-01-28T00:27:32+00:00", "hotelChain": "Aspen Heights", "hotelName": "Aspen Heights: Mesa", "hotelLocation": "Mesa", "hotelRoomType": "standard", "hotelRoomCount": "1", "hotelGuestAdultCount": "1", "hotelGuestChildCount": "0", "hotelNightCount": "7", "hotelRoomPrice": "154.4", "hotelFinalPrice": "1080.8"}}}
{"_id": "orderid:380197", "timestamp": "2020-01-12T10:16:41.000Z", "eventType": "transaction", "_adobeamericaspot3": {"CRMID": "crmid:3201396903", "orderDetails": {"orderID": "orderid:380197", "reservationid": "ZY9-UWEA", "orderType": "call center", "hotelSKU": "prd1033", "hotelCheckInUnix": "1580984201", "hotelCheckOutUnix": "1581589001", "hotelCheckInTS": "2020-02-06T10:16:41+00:00", "hotelCheckOutTS": "2020-02-13T10:16:41+00:00", "hotelChain": "Admiralty Plaza", "hotelName": "Admiralty Plaza: Milwaukee", "hotelLocation": "Milwaukee", "hotelRoomType": "premium", "hotelRoomCount": "1", "hotelGuestAdultCount": "1", "hotelGuestChildCount": "0", "hotelNightCount": "7", "hotelRoomPrice": "102.17", "hotelFinalPrice": "715.19"}}}
{"_id": "orderid:119107", "timestamp": "2020-01-29T10:34:28.000Z", "eventType": "transaction", "_adobeamericaspot3": {"CRMID": "crmid:5150091221", "orderDetails": {"orderID": "orderid:119107", "reservationid": "K3Y-2UCK", "orderType": "website", "hotelSKU": "prd1118", "hotelCheckInUnix": "1582713268", "hotelCheckOutUnix": "1583750068", "hotelCheckInTS": "2020-02-26T10:34:28+00:00", "hotelCheckOutTS": "2020-03-09T10:34:28+00:00", "hotelChain": "Blue Reef Resort", "hotelName": "Blue Reef Resort: Cologne", "hotelLocation": "Cologne", "hotelRoomType": "standard", "hotelRoomCount": "1", "hotelGuestAdultCount": "1", "hotelGuestChildCount": "0", "hotelNightCount": "12", "hotelRoomPrice": "135.55", "hotelFinalPrice": "1626.6"}}}
{"_id": "orderid:549001", "timestamp": "2019-12-03T18:46:15.000Z", "eventType": "transaction", "_adobeamericaspot3": {"CRMID": "crmid:6021335277", "orderDetails": {"orderID": "orderid:549001", "reservationid": "BSZ-ODCB", "orderType": "website", "hotelSKU": "prd1179", "hotelCheckInUnix": "1577904375", "hotelCheckOutUnix": "1578681975", "hotelCheckInTS": "2020-01-01T18:46:15+00:00", "hotelCheckOutTS": "2020-01-10T18:46:15+00:00", "hotelChain": "Hospitality Inn", "hotelName": "Hospitality Inn: Miami", "hotelLocation": "Miami", "hotelRoomType": "standard", "hotelRoomCount": "1", "hotelGuestAdultCount": "1", "hotelGuestChildCount": "0", "hotelNightCount": "9", "hotelRoomPrice": "132.35", "hotelFinalPrice": "1191.15"}}}
{"_id": "orderid:432619", "timestamp": "2020-01-23T23:18:32.000Z", "eventType": "transaction", "_adobeamericaspot3": {"CRMID": "crmid:5767907854", "orderDetails": {"orderID": "orderid:432619", "reservationid": "RSM-2OED", "orderType": "kiosk", "hotelSKU": "prd1117", "hotelCheckInUnix": "1580685512", "hotelCheckOutUnix": "1581203912", "hotelCheckInTS": "2020-02-02T23:18:32+00:00", "hotelCheckOutTS": "2020-02-08T23:18:32+00:00", "hotelChain": "Admiralty Plaza", "hotelName": "Admiralty Plaza: Dublin", "hotelLocation": "Dublin", "hotelRoomType": "standard", "hotelRoomCount": "1", "hotelGuestAdultCount": "1", "hotelGuestChildCount": "0", "hotelNightCount": "6", "hotelRoomPrice": "144.49", "hotelFinalPrice": "866.94"}}}
