{"_id": "002b3d36-53c9-11ea-9a07-b88a60e194fb", "timestamp": "2019-12-20T14:08:59.000Z", "eventType": "transaction", "_adobeamericaspot3": {"CRMID": "crmid:8943896806", "orderDetails": {"orderID": "orderid:246541", "reservationid": "DPQ-ADMT", "orderType": "website"}}}
{"_id": "002c75ca-53c9-11ea-a205-b88a60e194fb", "timestamp": "2019-12-27T03:45:01.000Z", "eventType": "transaction", "_adobeamericaspot3": {"CRMID": "crmid:5311156023", "orderDetails": {"orderID": "orderid:426718", "reservationid": "QTR-AHLY", "orderType": "call center"}}}
{"_id": "002dd550-53c9-11ea-b5b8-b88a60e194fb", "timestamp": "2019-12-03T06:03:56.000Z", "eventType": "transaction", "_adobeamericaspot3": {"CRMID": "crmid:2309587738", "orderDetails": {"orderID": "orderid:986392", "reservationid": "ZRA-DXHP", "orderType": "website"}}}
{"_id": "002ee6d4-53c9-11ea-aec5-b88a60e194fb", "timestamp": "2020-02-04T18:02:45.000Z", "eventType": "transaction", "_adobeamericaspot3": {"CRMID": "crmid:9339370282", "orderDetails": {"orderID": "orderid:147558", "reservationid": "QNU-UOLB", "orderType": "call center"}}}
{"_id": "002ff836-53c9-11ea-a327-b88a60e194fb", "timestamp": "2019-12-20T13:30:42.000Z", "eventType": "transaction", "_adobeamericaspot3": {"CRMID": "crmid:1988764629", "orderDetails": {"orderID": "orderid:660010", "reservationid": "XL0-5CYQ", "orderType": "call center"}}}
{"_id": "0031309e-53c9-11ea-92bb-b88a60e194fb", "timestamp": "2020-01-13T06:56:09.000Z", "eventType": "transaction", "_adobeamericaspot3": {"CRMID": "crmid:6510843676", "orderDetails": {"orderID": "orderid:458461", "reservationid": "1JJ-BEGE", "orderType": "website"}}}
{"_id": "0031309f-53c9-11ea-81ca-b88a60e194fb", "timestamp": "2020-01-17T00:00:00.000Z", "eventType": "transaction", "_adobeamericaspot3": {"CRMID": "crmid:6510843676", "orderDetails": {"orderID": "orderid:407230", "reservationid": "EFI-HH6R", "orderType": "call center"}}}
{"_id": "00326936-53c9-11ea-a949-b88a60e194fb", "timestamp": "2020-01-19T15:59:12.000Z", "eventType": "transaction", "_adobeamericaspot3": {"CRMID": "crmid:4671353131", "orderDetails": {"orderID": "orderid:378693", "reservationid": "UL5-LZ9J", "orderType": "mobile"}}}
{"_id": "003353a4-53c9-11ea-b3e2-b88a60e194fb", "timestamp": "2020-02-13T04:04:40.000Z", "eventType": "transaction", "_adobeamericaspot3": {"CRMID": "crmid:4889647162", "orderDetails": {"orderID": "orderid:108052", "reservationid": "SNF-GNQR", "orderType": "website"}}}
{"_id": "0034b310-53c9-11ea-a68e-b88a60e194fb", "timestamp": "2020-02-03T12:38:09.000Z", "eventType": "transaction", "_adobeamericaspot3": {"CRMID": "crmid:5493923075", "orderDetails": {"orderID": "orderid:223978", "reservationid": "VIH-66GT", "orderType": "call center"}}}
{"_id": "0035c546-53c9-11ea-9071-b88a60e194fb", "timestamp": "2019-12-20T03:44:43.000Z", "eventType": "transaction", "_adobeamericaspot3": {"CRMID": "crmid:7105331113", "orderDetails": {"orderID": "orderid:362448", "reservationid": "UKU-CHUM", "orderType": "mobile"}}}
{"_id": "0036fd12-53c9-11ea-9ad4-b88a60e194fb", "timestamp": "2020-01-03T08:58:52.000Z", "eventType": "transaction", "_adobeamericaspot3": {"CRMID": "crmid:7389594527", "orderDetails": {"orderID": "orderid:716438", "reservationid": "0W3-2HX6", "orderType": "kiosk"}}}
{"_id": "00380e86-53c9-11ea-b888-b88a60e194fb", "timestamp": "2020-01-05T15:54:24.000Z", "eventType": "transaction", "_adobeamericaspot3": {"CRMID": "crmid:6706717425", "orderDetails": {"orderID": "orderid:444186", "reservationid": "FNR-LAWC", "orderType": "website"}}}
{"_id": "0039951c-53c9-11ea-9a2c-b88a60e194fb", "timestamp": "2019-12-15T20:16:37.000Z", "eventType": "transaction", "_adobeamericaspot3": {"CRMID": "crmid:3321767941", "orderDetails": {"orderID": "orderid:839356", "reservationid": "ZZB-U75R", "orderType": "call center"}}}
{"_id": "003acd8a-53c9-11ea-ae49-b88a60e194fb", "timestamp": "2020-02-16T21:24:08.000Z", "eventType": "transaction", "_adobeamericaspot3": {"CRMID": "crmid:2719311097", "orderDetails": {"orderID": "orderid:170714", "reservationid": "WT8-F9Z6", "orderType": "kiosk"}}}
{"_id": "003c0622-53c9-11ea-a970-b88a60e194fb", "timestamp": "2020-01-25T22:39:49.000Z", "eventType": "transaction", "_adobeamericaspot3": {"CRMID": "crmid:8881179753", "orderDetails": {"orderID": "orderid:847743", "reservationid": "TCY-SXOZ", "orderType": "mobile"}}}
{"_id": "003d3ed8-53c9-11ea-82ad-b88a60e194fb", "timestamp": "2020-02-10T23:51:41.000Z", "eventType": "transaction", "_adobeamericaspot3": {"CRMID": "crmid:5831817725", "orderDetails": {"orderID": "orderid:856383", "reservationid": "6IP-CWYS", "orderType": "website"}}}
{"_id": "003e9dfe-53c9-11ea-8f18-b88a60e194fb", "timestamp": "2019-12-17T00:33:49.000Z", "eventType": "transaction", "_adobeamericaspot3": {"CRMID": "crmid:5508620480", "orderDetails": {"orderID": "orderid:955103", "reservationid": "RV0-U9FU", "orderType": "call center"}}}
{"_id": "003fd7fe-53c9-11ea-92bc-b88a60e194fb", "timestamp": "2020-01-23T17:37:53.000Z", "eventType": "transaction", "_adobeamericaspot3": {"CRMID": "crmid:1021988428", "orderDetails": {"orderID": "orderid:715391", "reservationid": "SWP-V8VZ", "orderType": "website"}}}
{"_id": "0040e936-53c9-11ea-a84f-b88a60e194fb", "timestamp": "2019-12-26T00:41:08.000Z", "eventType": "transaction", "_adobeamericaspot3": {"CRMID": "crmid:6733435891", "orderDetails": {"orderID": "orderid:950082", "reservationid": "4BI-X3EY", "orderType": "kiosk"}}}
{"_id": "0042209c-53c9-11ea-ad36-b88a60e194fb", "timestamp": "2019-12-03T07:45:43.000Z", "eventType": "transaction", "_adobeamericaspot3": {"CRMID": "crmid:1140944535", "orderDetails": {"orderID": "orderid:557142", "reservationid": "EFT-7NUW", "orderType": "website"}}}
{"_id": "00430ae6-53c9-11ea-99e7-b88a60e194fb", "timestamp": "2020-02-14T02:14:58.000Z", "eventType": "transaction", "_adobeamericaspot3": {"CRMID": "crmid:1084084641", "orderDetails": {"orderID": "orderid:895101", "reservationid": "GY6-N6YU", "orderType": "mobile"}}}
{"_id": "00441c62-53c9-11ea-835f-b88a60e194fb", "timestamp": "2020-01-16T05:04:45.000Z", "eventType": "transaction", "_adobeamericaspot3": {"CRMID": "crmid:8796576886", "orderDetails": {"orderID": "orderid:366097", "reservationid": "2GM-UEZH", "orderType": "mobile"}}}
{"_id": "00452dcc-53c9-11ea-94b4-b88a60e194fb", "timestamp": "2020-02-16T04:25:49.000Z", "eventType": "transaction", "_adobeamericaspot3": {"CRMID": "crmid:3630596085", "orderDetails": {"orderID": "orderid:512313", "reservationid": "ECJ-AG60", "orderType": "call center"}}}
{"_id": "00466648-53c9-11ea-b69a-b88a60e194fb", "timestamp": "2020-01-02T02:54:00.000Z", "eventType": "transaction", "_adobeamericaspot3": {"CRMID": "crmid:9593670390", "orderDetails": {"orderID": "orderid:868642", "reservationid": "NSF-BFB2", "orderType": "website"}}}
{"_id": "004777b6-53c9-11ea-b68e-b88a60e194fb", "timestamp": "2020-01-31T01:16:21.000Z", "eventType": "transaction", "_adobeamericaspot3": {"CRMID": "crmid:2653655552", "orderDetails": {"orderID": "orderid:231281", "reservationid": "LRY-VPOQ", "orderType": "website"}}}
{"_id": "00492548-53c9-11ea-9c20-b88a60e194fb", "timestamp": "2020-01-31T04:25:23.000Z", "eventType": "transaction", "_adobeamericaspot3": {"CRMID": "crmid:7126958363", "orderDetails": {"orderID": "orderid:124137", "reservationid": "JBU-47F6", "orderType": "call center"}}}
{"_id": "004a84dc-53c9-11ea-9390-b88a60e194fb", "timestamp": "2020-02-09T19:05:44.000Z", "eventType": "transaction", "_adobeamericaspot3": {"CRMID": "crmid:7322369857", "orderDetails": {"orderID": "orderid:844198", "reservationid": "TK4-HUHI", "orderType": "call center"}}}
{"_id": "004c0bb0-53c9-11ea-a58c-b88a60e194fb", "timestamp": "2019-12-10T11:31:50.000Z", "eventType": "transaction", "_adobeamericaspot3": {"CRMID": "crmid:1525674572", "orderDetails": {"orderID": "orderid:976827", "reservationid": "THZ-4TPH", "orderType": "kiosk"}}}
{"_id": "004d6b24-53c9-11ea-babd-b88a60e194fb", "timestamp": "2020-02-06T18:48:30.000Z", "eventType": "transaction", "_adobeamericaspot3": {"CRMID": "crmid:7049930064", "orderDetails": {"orderID": "orderid:830950", "reservationid": "9MP-MLPL", "orderType": "mobile"}}}
{"_id": "004f8e02-53c9-11ea-8c4f-b88a60e194fb", "timestamp": "2019-12-01T06:35:26.000Z", "eventType": "transaction", "_adobeamericaspot3": {"CRMID": "crmid:2043933784", "orderDetails": {"orderID": "orderid:705872", "reservationid": "D1L-L2CN", "orderType": "kiosk"}}}
{"_id": "0050ed9e-53c9-11ea-b99d-b88a60e194fb", "timestamp": "2020-01-06T02:24:12.000Z", "eventType": "transaction", "_adobeamericaspot3": {"CRMID": "crmid:7757419767", "orderDetails": {"orderID": "orderid:736689", "reservationid": "ISL-DQIV", "orderType": "call center"}}}
{"_id": "005225fa-53c9-11ea-b815-b88a60e194fb", "timestamp": "2020-01-27T17:31:45.000Z", "eventType": "transaction", "_adobeamericaspot3": {"CRMID": "crmid:3716589155", "orderDetails": {"orderID": "orderid:835887", "reservationid": "4N7-PUJM", "orderType": "website"}}}
{"_id": "00535ea8-53c9-11ea-8229-b88a60e194fb", "timestamp": "2019-12-05T13:59:45.000Z", "eventType": "transaction", "_adobeamericaspot3": {"CRMID": "crmid:6548722658", "orderDetails": {"orderID": "orderid:300812", "reservationid": "T4X-BQF1", "orderType": "mobile"}}}
{"_id": "0057a4ba-53c9-11ea-a154-b88a60e194fb", "timestamp": "2020-01-28T16:54:06.000Z", "eventType": "transaction", "_adobeamericaspot3": {"CRMID": "crmid:4681885368", "orderDetails": {"orderID": "orderid:431781", "reservationid": "TDB-PO9E", "orderType": "website"}}}
{"_id": "0058dcee-53c9-11ea-b651-b88a60e194fb", "timestamp": "2020-01-24T01:20:15.000Z", "eventType": "transaction", "_adobeamericaspot3": {"CRMID": "crmid:2134733325", "orderDetails": {"orderID": "orderid:425844", "reservationid": "FRY-JWYX", "orderType": "call center"}}}
{"_id": "005a1536-53c9-11ea-8a6c-b88a60e194fb", "timestamp": "2020-02-03T02:49:37.000Z", "eventType": "transaction", "_adobeamericaspot3": {"CRMID": "crmid:9436587638", "orderDetails": {"orderID": "orderid:294443", "reservationid": "LDV-NLAV", "orderType": "kiosk"}}}
{"_id": "005b4dcc-53c9-11ea-8380-b88a60e194fb", "timestamp": "2020-01-13T00:32:15.000Z", "eventType": "transaction", "_adobeamericaspot3": {"CRMID": "crmid:1610863843", "orderDetails": {"orderID": "orderid:632494", "reservationid": "PLJ-GXUL", "orderType": "kiosk"}}}
{"_id": "005cad78-53c9-11ea-b013-b88a60e194fb", "timestamp": "2019-12-31T04:57:15.000Z", "eventType": "transaction", "_adobeamericaspot3": {"CRMID": "crmid:2647061998", "orderDetails": {"orderID": "orderid:174608", "reservationid": "WYT-K9G2", "orderType": "mobile"}}}
{"_id": "005dbed8-53c9-11ea-9fef-b88a60e194fb", "timestamp": "2020-01-14T12:08:10.000Z", "eventType": "transaction", "_adobeamericaspot3": {"CRMID": "crmid:4596533820", "orderDetails": {"orderID": "orderid:291136", "reservationid": "3GE-TSFI", "orderType": "website"}}}
{"_id": "005ef764-53c9-11ea-acf1-b88a60e194fb", "timestamp": "2020-01-04T20:39:58.000Z", "eventType": "transaction", "_adobeamericaspot3": {"CRMID": "crmid:5989954454", "orderDetails": {"orderID": "orderid:193152", "reservationid": "TBI-JVJP", "orderType": "call center"}}}
{"_id": "006008ac-53c9-11ea-9743-b88a60e194fb", "timestamp": "2020-01-24T21:00:23.000Z", "eventType": "transaction", "_adobeamericaspot3": {"CRMID": "crmid:5520660883", "orderDetails": {"orderID": "orderid:500579", "reservationid": "DZO-OPPD", "orderType": "website"}}}
{"_id": "0061b662-53c9-11ea-b265-b88a60e194fb", "timestamp": "2019-12-07T04:52:26.000Z", "eventType": "transaction", "_adobeamericaspot3": {"CRMID": "crmid:5788907788", "orderDetails": {"orderID": "orderid:501530", "reservationid": "URK-CJGR", "orderType": "mobile"}}}
{"_id": "0062eede-53c9-11ea-a0f6-b88a60e194fb", "timestamp": "2020-01-28T21:11:22.000Z", "eventType": "transaction", "_adobeamericaspot3": {"CRMID": "crmid:3658834542", "orderDetails": {"orderID": "orderid:953248", "reservationid": "6HE-PFBB", "orderType": "call center"}}}
{"_id": "0064279a-53c9-11ea-9e45-b88a60e194fb", "timestamp": "2020-02-15T15:35:41.000Z", "eventType": "transaction", "_adobeamericaspot3": {"CRMID": "crmid:7185098107", "orderDetails": {"orderID": "orderid:118431", "reservationid": "SAE-46IF", "orderType": "service desk"}}}
{"_id": "0067d100-53c9-11ea-9571-b88a60e194fb", "timestamp": "2019-12-09T10:17:29.000Z", "eventType": "transaction", "_adobeamericaspot3": {"CRMID": "crmid:5856661261", "orderDetails": {"orderID": "orderid:910853", "reservationid": "S3S-UV2A", "orderType": "website"}}}
{"_id": "0069a5b4-53c9-11ea-9ed2-b88a60e194fb", "timestamp": "2020-01-15T17:04:57.000Z", "eventType": "transaction", "_adobeamericaspot3": {"CRMID": "crmid:7319167344", "orderDetails": {"orderID": "orderid:927666", "reservationid": "IPT-BPSJ", "orderType": "kiosk"}}}
{"_id": "006b7a68-53c9-11ea-b90b-b88a60e194fb", "timestamp": "2019-12-26T05:31:20.000Z", "eventType": "transaction", "_adobeamericaspot3": {"CRMID": "crmid:9145987937", "orderDetails": {"orderID": "orderid:241118", "reservationid": "PAB-VU9S", "orderType": "call center"}}}
{"_id": "006d2814-53c9-11ea-aaa6-b88a60e194fb", "timestamp": "2019-12-30T11:16:22.000Z", "eventType": "transaction", "_adobeamericaspot3": {"CRMID": "crmid:7992578388", "orderDetails": {"orderID": "orderid:209209", "reservationid": "LMB-WAOZ", "orderType": "website"}}}
{"_id": "006e6098-53c9-11ea-8415-b88a60e194fb", "timestamp": "2019-12-24T17:35:38.000Z", "eventType": "transaction", "_adobeamericaspot3": {"CRMID": "crmid:4316148989", "orderDetails": {"orderID": "orderid:573689", "reservationid": "6ZR-ESIZ", "orderType": "kiosk"}}}
{"_id": "006fc0ac-53c9-11ea-9c4a-b88a60e194fb", "timestamp": "2020-01-11T13:15:11.000Z", "eventType": "transaction", "_adobeamericaspot3": {"CRMID": "crmid:8277022210", "orderDetails": {"orderID": "orderid:633013", "reservationid": "Q84-AGO4", "orderType": "mobile"}}}
{"_id": "00711fae-53c9-11ea-bb2d-b88a60e194fb", "timestamp": "2019-12-02T20:19:15.000Z", "eventType": "transaction", "_adobeamericaspot3": {"CRMID": "crmid:9332895876", "orderDetails": {"orderID": "orderid:490181", "reservationid": "D4K-LYZK", "orderType": "website"}}}
{"_id": "00727f50-53c9-11ea-914b-b88a60e194fb", "timestamp": "2020-02-01T04:32:53.000Z", "eventType": "transaction", "_adobeamericaspot3": {"CRMID": "crmid:7857144242", "orderDetails": {"orderID": "orderid:942382", "reservationid": "CZX-AHAG", "orderType": "call center"}}}
{"_id": "0073defe-53c9-11ea-ab2b-b88a60e194fb", "timestamp": "2020-01-11T23:34:37.000Z", "eventType": "transaction", "_adobeamericaspot3": {"CRMID": "crmid:1135015323", "orderDetails": {"orderID": "orderid:630969", "reservationid": "OVZ-8HRA", "orderType": "website"}}}
{"_id": "00751746-53c9-11ea-80a1-b88a60e194fb", "timestamp": "2020-02-01T01:17:37.000Z", "eventType": "transaction", "_adobeamericaspot3": {"CRMID": "crmid:6523268917", "orderDetails": {"orderID": "orderid:514685", "reservationid": "EDN-JMRN", "orderType": "kiosk"}}}
{"_id": "00769e00-53c9-11ea-be49-b88a60e194fb", "timestamp": "2019-12-21T21:04:33.000Z", "eventType": "transaction", "_adobeamericaspot3": {"CRMID": "crmid:6491625230", "orderDetails": {"orderID": "orderid:728106", "reservationid": "LJO-DU3E", "orderType": "mobile"}}}
{"_id": "0077d674-53c9-11ea-8246-b88a60e194fb", "timestamp": "2020-01-18T06:36:06.000Z", "eventType": "transaction", "_adobeamericaspot3": {"CRMID": "crmid:1770488065", "orderDetails": {"orderID": "orderid:320387", "reservationid": "QO0-7LEC", "orderType": "website"}}}
{"_id": "00790fec-53c9-11ea-b988-b88a60e194fb", "timestamp": "2020-02-01T08:55:04.000Z", "eventType": "transaction", "_adobeamericaspot3": {"CRMID": "crmid:5821776325", "orderDetails": {"orderID": "orderid:163565", "reservationid": "OIX-AKX5", "orderType": "call center"}}}
{"_id": "007a4764-53c9-11ea-af20-b88a60e194fb", "timestamp": "2020-02-09T23:39:03.000Z", "eventType": "transaction", "_adobeamericaspot3": {"CRMID": "crmid:3547989085", "orderDetails": {"orderID": "orderid:260899", "reservationid": "XTN-UJF2", "orderType": "kiosk"}}}
{"_id": "007b803a-53c9-11ea-9515-b88a60e194fb", "timestamp": "2020-01-02T08:15:27.000Z", "eventType": "transaction", "_adobeamericaspot3": {"CRMID": "crmid:1665335702", "orderDetails": {"orderID": "orderid:552174", "reservationid": "KZM-X4H6", "orderType": "website"}}}
{"_id": "007cb87e-53c9-11ea-bd83-b88a60e194fb", "timestamp": "2019-12-22T23:34:10.000Z", "eventType": "transaction", "_adobeamericaspot3": {"CRMID": "crmid:4882743302", "orderDetails": {"orderID": "orderid:876294", "reservationid": "L38-QQXR", "orderType": "mobile"}}}
{"_id": "007dc9f4-53c9-11ea-bc7f-b88a60e194fb", "timestamp": "2019-12-30T13:41:52.000Z", "eventType": "transaction", "_adobeamericaspot3": {"CRMID": "crmid:4642994111", "orderDetails": {"orderID": "orderid:396095", "reservationid": "22W-5IMR", "orderType": "mobile"}}}
{"_id": "007edb4a-53c9-11ea-aee4-b88a60e194fb", "timestamp": "2020-01-26T13:51:04.000Z", "eventType": "transaction", "_adobeamericaspot3": {"CRMID": "crmid:8012828385", "orderDetails": {"orderID": "orderid:759949", "reservationid": "T70-Y1ZQ", "orderType": "website"}}}
{"_id": "00803ae8-53c9-11ea-995a-b88a60e194fb", "timestamp": "2019-12-18T12:35:23.000Z", "eventType": "transaction", "_adobeamericaspot3": {"CRMID": "crmid:4206331087", "orderDetails": {"orderID": "orderid:627461", "reservationid": "OJM-IWKA", "orderType": "call center"}}}
{"_id": "00817368-53c9-11ea-ae69-b88a60e194fb", "timestamp": "2019-12-20T21:25:13.000Z", "eventType": "transaction", "_adobeamericaspot3": {"CRMID": "crmid:6860315286", "orderDetails": {"orderID": "orderid:324369", "reservationid": "8LH-1SD6", "orderType": "service desk"}}}
{"_id": "0082d30a-53c9-11ea-b1bc-b88a60e194fb", "timestamp": "2020-01-17T07:58:11.000Z", "eventType": "transaction", "_adobeamericaspot3": {"CRMID": "crmid:8809764834", "orderDetails": {"orderID": "orderid:665148", "reservationid": "25M-CCUC", "orderType": "kiosk"}}}
{"_id": "00845ac6-53c9-11ea-a74c-b88a60e194fb", "timestamp": "2019-12-27T08:05:42.000Z", "eventType": "transaction", "_adobeamericaspot3": {"CRMID": "crmid:4337323024", "orderDetails": {"orderID": "orderid:894119", "reservationid": "O1N-MMVL", "orderType": "call center"}}}
{"_id": "0085925a-53c9-11ea-844e-b88a60e194fb", "timestamp": "2020-02-03T01:53:15.000Z", "eventType": "transaction", "_adobeamericaspot3": {"CRMID": "crmid:5459413173", "orderDetails": {"orderID": "orderid:779838", "reservationid": "LGF-53YL", "orderType": "website"}}}
{"_id": "00867da2-53c9-11ea-9ccd-b88a60e194fb", "timestamp": "2020-01-19T15:19:14.000Z", "eventType": "transaction", "_adobeamericaspot3": {"CRMID": "crmid:9767453176", "orderDetails": {"orderID": "orderid:548344", "reservationid": "IAV-CPKU", "orderType": "call center"}}}
{"_id": "00876800-53c9-11ea-b5e7-b88a60e194fb", "timestamp": "2020-01-04T18:31:02.000Z", "eventType": "transaction", "_adobeamericaspot3": {"CRMID": "crmid:7595519593", "orderDetails": {"orderID": "orderid:775986", "reservationid": "DLS-W7CH", "orderType": "kiosk"}}}
{"_id": "008879ec-53c9-11ea-b31a-b88a60e194fb", "timestamp": "2020-02-09T23:47:00.000Z", "eventType": "transaction", "_adobeamericaspot3": {"CRMID": "crmid:8112367582", "orderDetails": {"orderID": "orderid:602066", "reservationid": "IR7-FVQQ", "orderType": "website"}}}
{"_id": "0089b0c2-53c9-11ea-855b-b88a60e194fb", "timestamp": "2020-02-06T12:03:59.000Z", "eventType": "transaction", "_adobeamericaspot3": {"CRMID": "crmid:4831302524", "orderDetails": {"orderID": "orderid:424034", "reservationid": "WYD-IULC", "orderType": "service desk"}}}
{"_id": "008b5e7a-53c9-11ea-8cb5-b88a60e194fb", "timestamp": "2020-01-15T19:43:57.000Z", "eventType": "transaction", "_adobeamericaspot3": {"CRMID": "crmid:7860894417", "orderDetails": {"orderID": "orderid:436172", "reservationid": "ZZT-TIRT", "orderType": "call center"}}}
{"_id": "008cbe4a-53c9-11ea-9693-b88a60e194fb", "timestamp": "2020-01-20T02:22:07.000Z", "eventType": "transaction", "_adobeamericaspot3": {"CRMID": "crmid:9266258222", "orderDetails": {"orderID": "orderid:472205", "reservationid": "R0X-8PHA", "orderType": "website"}}}
{"_id": "008dcf8c-53c9-11ea-8f89-b88a60e194fb", "timestamp": "2020-02-08T09:43:27.000Z", "eventType": "transaction", "_adobeamericaspot3": {"CRMID": "crmid:5392607131", "orderDetails": {"orderID": "orderid:910931", "reservationid": "1PX-IZKT", "orderType": "kiosk"}}}
{"_id": "008ee11e-53c9-11ea-b2b8-b88a60e194fb", "timestamp": "2020-01-25T02:48:59.000Z", "eventType": "transaction", "_adobeamericaspot3": {"CRMID": "crmid:8424414973", "orderDetails": {"orderID": "orderid:649977", "reservationid": "B4N-BWLH", "orderType": "website"}}}
{"_id": "008ff27a-53c9-11ea-9f62-b88a60e194fb", "timestamp": "2019-12-20T07:33:08.000Z", "eventType": "transaction", "_adobeamericaspot3": {"CRMID": "crmid:6564965040", "orderDetails": {"orderID": "orderid:253246", "reservationid": "IQG-HU82", "orderType": "website"}}}
{"_id": "009103c6-53c9-11ea-8714-b88a60e194fb", "timestamp": "2020-01-29T11:19:18.000Z", "eventType": "transaction", "_adobeamericaspot3": {"CRMID": "crmid:5644882202", "orderDetails": {"orderID": "orderid:920896", "reservationid": "YBY-UPQY", "orderType": "website"}}}
{"_id": "00923c62-53c9-11ea-9cb9-b88a60e194fb", "timestamp": "2020-01-22T06:09:30.000Z", "eventType": "transaction", "_adobeamericaspot3": {"CRMID": "crmid:1570064953", "orderDetails": {"orderID": "orderid:256675", "reservationid": "SJM-UALJ", "orderType": "website"}}}
{"_id": "00934dd4-53c9-11ea-8037-b88a60e194fb", "timestamp": "2020-02-06T11:33:37.000Z", "eventType": "transaction", "_adobeamericaspot3": {"CRMID": "crmid:1638425267", "orderDetails": {"orderID": "orderid:887875", "reservationid": "MOV-R18P", "orderType": "call center"}}}
{"_id": "00946094-53c9-11ea-a726-b88a60e194fb", "timestamp": "2020-01-06T07:15:03.000Z", "eventType": "transaction", "_adobeamericaspot3": {"CRMID": "crmid:3785065912", "orderDetails": {"orderID": "orderid:441124", "reservationid": "DNB-XPXF", "orderType": "kiosk"}}}
{"_id": "00954b06-53c9-11ea-8ada-b88a60e194fb", "timestamp": "2019-12-29T14:19:46.000Z", "eventType": "transaction", "_adobeamericaspot3": {"CRMID": "crmid:7651992090", "orderDetails": {"orderID": "orderid:412345", "reservationid": "UTJ-R17U", "orderType": "call center"}}}
{"_id": "00957200-53c9-11ea-99b1-b88a60e194fb", "timestamp": "2020-01-04T00:00:00.000Z", "eventType": "transaction", "_adobeamericaspot3": {"CRMID": "crmid:7651992090", "orderDetails": {"orderID": "orderid:710764", "reservationid": "ZIS-NTSK", "orderType": "service desk"}}}
{"_id": "00959928-53c9-11ea-8df0-b88a60e194fb", "timestamp": "2020-01-10T00:00:00.000Z", "eventType": "transaction", "_adobeamericaspot3": {"CRMID": "crmid:7651992090", "orderDetails": {"orderID": "orderid:843992", "reservationid": "LIN-HBIK", "orderType": "call center"}}}
{"_id": "00968218-53c9-11ea-9a55-b88a60e194fb", "timestamp": "2020-01-20T02:57:45.000Z", "eventType": "transaction", "_adobeamericaspot3": {"CRMID": "crmid:7927339596", "orderDetails": {"orderID": "orderid:523864", "reservationid": "ETG-DQRS", "orderType": "website"}}}
{"_id": "00976dbe-53c9-11ea-a994-b88a60e194fb", "timestamp": "2020-01-02T02:57:20.000Z", "eventType": "transaction", "_adobeamericaspot3": {"CRMID": "crmid:2041527083", "orderDetails": {"orderID": "orderid:182041", "reservationid": "GZ2-BLD8", "orderType": "kiosk"}}}
{"_id": "0098582e-53c9-11ea-871d-b88a60e194fb", "timestamp": "2020-01-12T18:44:13.000Z", "eventType": "transaction", "_adobeamericaspot3": {"CRMID": "crmid:9359755959", "orderDetails": {"orderID": "orderid:403569", "reservationid": "7FG-4IZ6", "orderType": "website"}}}
{"_id": "0099699a-53c9-11ea-a3e3-b88a60e194fb", "timestamp": "2020-01-07T00:08:49.000Z", "eventType": "transaction", "_adobeamericaspot3": {"CRMID": "crmid:1316140824", "orderDetails": {"orderID": "orderid:297336", "reservationid": "EJQ-5CG7", "orderType": "mobile"}}}
{"_id": "009a53fe-53c9-11ea-b02e-b88a60e194fb", "timestamp": "2020-01-04T08:58:44.000Z", "eventType": "transaction", "_adobeamericaspot3": {"CRMID": "crmid:7699846271", "orderDetails": {"orderID": "orderid:556467", "reservationid": "LGC-B4PP", "orderType": "website"}}}
{"_id": "009b8c90-53c9-11ea-9aa2-b88a60e194fb", "timestamp": "2020-01-16T04:01:00.000Z", "eventType": "transaction", "_adobeamericaspot3": {"CRMID": "crmid:9839233881", "orderDetails": {"orderID": "orderid:201351", "reservationid": "VHD-HHIZ", "orderType": "service desk"}}}
{"_id": "009c9d08-53c9-11ea-9f3e-b88a60e194fb", "timestamp": "2019-12-26T07:29:18.000Z", "eventType": "transaction", "_adobeamericaspot3": {"CRMID": "crmid:1473781169", "orderDetails": {"orderID": "orderid:958789", "reservationid": "EVD-AX4X", "orderType": "call center"}}}
{"_id": "009cc500-53c9-11ea-ab12-b88a60e194fb", "timestamp": "2019-12-30T00:00:00.000Z", "eventType": "transaction", "_adobeamericaspot3": {"CRMID": "crmid:1473781169", "orderDetails": {"orderID": "orderid:835670", "reservationid": "8PN-KTZ7", "orderType": "website"}}}
{"_id": "009d885e-53c9-11ea-bce2-b88a60e194fb", "timestamp": "2020-02-16T21:43:41.000Z", "eventType": "transaction", "_adobeamericaspot3": {"CRMID": "crmid:5229994260", "orderDetails": {"orderID": "orderid:515821", "reservationid": "0X6-3LHZ", "orderType": "website"}}}
{"_id": "009e99b4-53c9-11ea-9e76-b88a60e194fb", "timestamp": "2020-01-15T11:56:54.000Z", "eventType": "transaction", "_adobeamericaspot3": {"CRMID": "crmid:1048741812", "orderDetails": {"orderID": "orderid:969954", "reservationid": "UUN-KE8V", "orderType": "kiosk"}}}
{"_id": "009f841c-53c9-11ea-b80f-b88a60e194fb", "timestamp": "2020-02-10T16:18:45.000Z", "eventType": "transaction", "_adobeamericaspot3": {"CRMID": "crmid:9711755264", "orderDetails": {"orderID": "orderid:464131", "reservationid": "DYO-RL9L", "orderType": "kiosk"}}}
{"_id": "00a06e92-53c9-11ea-a348-b88a60e194fb", "timestamp": "2020-02-11T21:49:34.000Z", "eventType": "transaction", "_adobeamericaspot3": {"CRMID": "crmid:7197622666", "orderDetails": {"orderID": "orderid:435344", "reservationid": "Q4U-OOLQ", "orderType": "website"}}}
{"_id": "00a1a59c-53c9-11ea-800f-b88a60e194fb", "timestamp": "2019-12-30T15:24:51.000Z", "eventType": "transaction", "_adobeamericaspot3": {"CRMID": "crmid:5654058898", "orderDetails": {"orderID": "orderid:875581", "reservationid": "SBL-UPFD", "orderType": "kiosk"}}}
{"_id": "00a29136-53c9-11ea-a8ff-b88a60e194fb", "timestamp": "2019-12-14T08:13:11.000Z", "eventType": "transaction", "_adobeamericaspot3": {"CRMID": "crmid:1977715321", "orderDetails": {"orderID": "orderid:366896", "reservationid": "EWR-NQJT", "orderType": "call center"}}}
{"_id": "00a37bc2-53c9-11ea-b418-b88a60e194fb", "timestamp": "2020-01-06T00:18:00.000Z", "eventType": "transaction", "_adobeamericaspot3": {"CRMID": "crmid:9553851227", "orderDetails": {"orderID": "orderid:161817", "reservationid": "KKW-GF6E", "orderType": "call center"}}}
{"_id": "00a4661c-53c9-11ea-9d2b-b88a60e194fb", "timestamp": "2019-12-08T07:09:57.000Z", "eventType": "transaction", "_adobeamericaspot3": {"CRMID": "crmid:7690187079", "orderDetails": {"orderID": "orderid:469847", "reservationid": "H9Q-RPZU", "orderType": "website"}}}
{"_id": "00a5eb46-53c9-11ea-95d4-b88a60e194fb", "timestamp": "2020-01-04T03:41:26.000Z", "eventType": "transaction", "_adobeamericaspot3": {"CRMID": "crmid:7274288951", "orderDetails": {"orderID": "orderid:303053", "reservationid": "QAP-HXMA", "orderType": "service desk"}}}
{"_id": "00a723cc-53c9-11ea-a518-b88a60e194fb", "timestamp": "2019-12-07T07:14:38.000Z", "eventType": "transaction", "_adobeamericaspot3": {"CRMID": "crmid:6351604047", "orderDetails": {"orderID": "orderid:662778", "reservationid": "ADC-UUC7", "orderType": "call center"}}}
{"_id": "00a83542-53c9-11ea-92fa-b88a60e194fb", "timestamp": "2020-01-23T02:01:49.000Z", "eventType": "transaction", "_adobeamericaspot3": {"CRMID": "crmid:3378739416", "orderDetails": {"orderID": "orderid:459238", "reservationid": "JV8-FTMJ", "orderType": "kiosk"}}}
{"_id": "00a83543-53c9-11ea-b1db-b88a60e194fb", "timestamp": "2020-02-01T00:00:00.000Z", "eventType": "transaction", "_adobeamericaspot3": {"CRMID": "crmid:3378739416", "orderDetails": {"orderID": "orderid:697884", "reservationid": "TCG-F9IQ", "orderType": "website"}}}
{"_id": "00a9211c-53c9-11ea-acd8-b88a60e194fb", "timestamp": "2020-01-08T01:04:35.000Z", "eventType": "transaction", "_adobeamericaspot3": {"CRMID": "crmid:6351101519", "orderDetails": {"orderID": "orderid:971308", "reservationid": "6WU-WSBA", "orderType": "website"}}}
{"_id": "00aa0b6e-53c9-11ea-9d42-b88a60e194fb", "timestamp": "2020-01-08T18:48:14.000Z", "eventType": "transaction", "_adobeamericaspot3": {"CRMID": "crmid:4640333473", "orderDetails": {"orderID": "orderid:709206", "reservationid": "KRA-YLSW", "orderType": "kiosk"}}}
{"_id": "00aaf618-53c9-11ea-a5a7-b88a60e194fb", "timestamp": "2019-12-01T20:31:49.000Z", "eventType": "transaction", "_adobeamericaspot3": {"CRMID": "crmid:3621058594", "orderDetails": {"orderID": "orderid:203720", "reservationid": "4W0-RNFZ", "orderType": "mobile"}}}
{"_id": "00abe02e-53c9-11ea-8319-b88a60e194fb", "timestamp": "2020-02-02T11:24:17.000Z", "eventType": "transaction", "_adobeamericaspot3": {"CRMID": "crmid:7790851790", "orderDetails": {"orderID": "orderid:169461", "reservationid": "7IV-E67F", "orderType": "kiosk"}}}
{"_id": "00acf198-53c9-11ea-968f-b88a60e194fb", "timestamp": "2019-12-06T17:07:07.000Z", "eventType": "transaction", "_adobeamericaspot3": {"CRMID": "crmid:9634657358", "orderDetails": {"orderID": "orderid:150435", "reservationid": "81H-NRNJ", "orderType": "website"}}}
{"_id": "00addbfa-53c9-11ea-9b11-b88a60e194fb", "timestamp": "2019-12-19T19:52:00.000Z", "eventType": "transaction", "_adobeamericaspot3": {"CRMID": "crmid:4623008541", "orderDetails": {"orderID": "orderid:173830", "reservationid": "PDD-7TIB", "orderType": "kiosk"}}}
{"_id": "00aec640-53c9-11ea-8b9c-b88a60e194fb", "timestamp": "2019-12-09T23:20:53.000Z", "eventType": "transaction", "_adobeamericaspot3": {"CRMID": "crmid:4056993324", "orderDetails": {"orderID": "orderid:760361", "reservationid": "I7S-FVUQ", "orderType": "website"}}}
{"_id": "00afd8b8-53c9-11ea-9b05-b88a60e194fb", "timestamp": "2020-02-05T21:27:45.000Z", "eventType": "transaction", "_adobeamericaspot3": {"CRMID": "crmid:5649676259", "orderDetails": {"orderID": "orderid:581322", "reservationid": "DKF-FPGG", "orderType": "website"}}}
{"_id": "00b11052-53c9-11ea-b1f6-b88a60e194fb", "timestamp": "2020-01-22T03:12:06.000Z", "eventType": "transaction", "_adobeamericaspot3": {"CRMID": "crmid:6128483611", "orderDetails": {"orderID": "orderid:727986", "reservationid": "NRE-Z4WW", "orderType": "website"}}}
{"_id": "00b22074-53c9-11ea-84b4-b88a60e194fb", "timestamp": "2020-01-07T17:47:36.000Z", "eventType": "transaction", "_adobeamericaspot3": {"CRMID": "crmid:4530221955", "orderDetails": {"orderID": "orderid:904267", "reservationid": "013-XFIE", "orderType": "call center"}}}
{"_id": "00b331dc-53c9-11ea-8031-b88a60e194fb", "timestamp": "2020-01-11T05:29:55.000Z", "eventType": "transaction", "_adobeamericaspot3": {"CRMID": "crmid:3154612097", "orderDetails": {"orderID": "orderid:524813", "reservationid": "BHO-DOUQ", "orderType": "call center"}}}
{"_id": "00b46a5c-53c9-11ea-b20a-b88a60e194fb", "timestamp": "2020-01-21T03:55:12.000Z", "eventType": "transaction", "_adobeamericaspot3": {"CRMID": "crmid:2290400804", "orderDetails": {"orderID": "orderid:292082", "reservationid": "SOX-ZL6H", "orderType": "mobile"}}}
{"_id": "00b554a8-53c9-11ea-a46a-b88a60e194fb", "timestamp": "2020-01-20T11:31:11.000Z", "eventType": "transaction", "_adobeamericaspot3": {"CRMID": "crmid:5004433933", "orderDetails": {"orderID": "orderid:865747", "reservationid": "FHI-LQCE", "orderType": "website"}}}
{"_id": "00b63f12-53c9-11ea-a3cf-b88a60e194fb", "timestamp": "2020-01-09T04:45:22.000Z", "eventType": "transaction", "_adobeamericaspot3": {"CRMID": "crmid:2658046827", "orderDetails": {"orderID": "orderid:109172", "reservationid": "6FY-ZVKD", "orderType": "website"}}}
{"_id": "00b7296c-53c9-11ea-8bf5-b88a60e194fb", "timestamp": "2020-01-31T08:19:04.000Z", "eventType": "transaction", "_adobeamericaspot3": {"CRMID": "crmid:8618820936", "orderDetails": {"orderID": "orderid:312505", "reservationid": "EXG-YOLO", "orderType": "call center"}}}
{"_id": "00b813ca-53c9-11ea-9a23-b88a60e194fb", "timestamp": "2020-01-11T17:58:31.000Z", "eventType": "transaction", "_adobeamericaspot3": {"CRMID": "crmid:8256270005", "orderDetails": {"orderID": "orderid:235678", "reservationid": "TM4-6URN", "orderType": "kiosk"}}}
{"_id": "00b8fe28-53c9-11ea-845c-b88a60e194fb", "timestamp": "2020-01-07T07:27:37.000Z", "eventType": "transaction", "_adobeamericaspot3": {"CRMID": "crmid:9284802642", "orderDetails": {"orderID": "orderid:154004", "reservationid": "95P-JRRG", "orderType": "kiosk"}}}
{"_id": "00ba0f9c-53c9-11ea-a1da-b88a60e194fb", "timestamp": "2020-01-18T19:42:51.000Z", "eventType": "transaction", "_adobeamericaspot3": {"CRMID": "crmid:4572977710", "orderDetails": {"orderID": "orderid:681941", "reservationid": "NI5-GBXK", "orderType": "call center"}}}
{"_id": "00bb2278-53c9-11ea-a487-b88a60e194fb", "timestamp": "2020-01-07T13:31:35.000Z", "eventType": "transaction", "_adobeamericaspot3": {"CRMID": "crmid:7382343284", "orderDetails": {"orderID": "orderid:259802", "reservationid": "W5J-OJZV", "orderType": "service desk"}}}
{"_id": "00bca91c-53c9-11ea-b69d-b88a60e194fb", "timestamp": "2019-12-02T01:48:52.000Z", "eventType": "transaction", "_adobeamericaspot3": {"CRMID": "crmid:1031208362", "orderDetails": {"orderID": "orderid:485872", "reservationid": "NCE-SF01", "orderType": "kiosk"}}}
{"_id": "00bdba92-53c9-11ea-b2cd-b88a60e194fb", "timestamp": "2020-02-02T09:24:55.000Z", "eventType": "transaction", "_adobeamericaspot3": {"CRMID": "crmid:6296042331", "orderDetails": {"orderID": "orderid:460769", "reservationid": "ILS-RCIW", "orderType": "call center"}}}
{"_id": "00bea4e8-53c9-11ea-beb7-b88a60e194fb", "timestamp": "2020-02-13T17:44:14.000Z", "eventType": "transaction", "_adobeamericaspot3": {"CRMID": "crmid:9041667393", "orderDetails": {"orderID": "orderid:346677", "reservationid": "JWS-C7HZ", "orderType": "call center"}}}
{"_id": "00bfb506-53c9-11ea-a8d9-b88a60e194fb", "timestamp": "2020-01-06T06:42:02.000Z", "eventType": "transaction", "_adobeamericaspot3": {"CRMID": "crmid:3168502023", "orderDetails": {"orderID": "orderid:887052", "reservationid": "6SU-R3XR", "orderType": "kiosk"}}}
{"_id": "00c0a0a4-53c9-11ea-9e5a-b88a60e194fb", "timestamp": "2019-12-14T16:07:48.000Z", "eventType": "transaction", "_adobeamericaspot3": {"CRMID": "crmid:2194692676", "orderDetails": {"orderID": "orderid:690715", "reservationid": "P6X-UXSX", "orderType": "mobile"}}}
{"_id": "00c18b38-53c9-11ea-b5d8-b88a60e194fb", "timestamp": "2020-01-06T20:23:09.000Z", "eventType": "transaction", "_adobeamericaspot3": {"CRMID": "crmid:9600522384", "orderDetails": {"orderID": "orderid:878676", "reservationid": "PWM-YCWW", "orderType": "mobile"}}}
{"_id": "00c27436-53c9-11ea-ba50-b88a60e194fb", "timestamp": "2019-12-18T17:30:15.000Z", "eventType": "transaction", "_adobeamericaspot3": {"CRMID": "crmid:2421365082", "orderDetails": {"orderID": "orderid:643549", "reservationid": "R7W-RG0J", "orderType": "website"}}}
{"_id": "00c3ac9e-53c9-11ea-90de-b88a60e194fb", "timestamp": "2020-01-08T15:49:12.000Z", "eventType": "transaction", "_adobeamericaspot3": {"CRMID": "crmid:5382387903", "orderDetails": {"orderID": "orderid:350574", "reservationid": "565-SHKO", "orderType": "mobile"}}}
{"_id": "00c4970c-53c9-11ea-8c2c-b88a60e194fb", "timestamp": "2020-01-13T14:50:15.000Z", "eventType": "transaction", "_adobeamericaspot3": {"CRMID": "crmid:1824108216", "orderDetails": {"orderID": "orderid:745608", "reservationid": "UUH-8UMI", "orderType": "website"}}}
{"_id": "00c58164-53c9-11ea-949a-b88a60e194fb", "timestamp": "2020-01-27T04:30:36.000Z", "eventType": "transaction", "_adobeamericaspot3": {"CRMID": "crmid:5182773864", "orderDetails": {"orderID": "orderid:420342", "reservationid": "DUU-DYSF", "orderType": "kiosk"}}}
{"_id": "00c6b9c8-53c9-11ea-b349-b88a60e194fb", "timestamp": "2019-12-06T01:15:17.000Z", "eventType": "transaction", "_adobeamericaspot3": {"CRMID": "crmid:7660446765", "orderDetails": {"orderID": "orderid:270149", "reservationid": "UMH-8IRT", "orderType": "call center"}}}
{"_id": "00c7cb36-53c9-11ea-a37e-b88a60e194fb", "timestamp": "2020-01-02T17:09:16.000Z", "eventType": "transaction", "_adobeamericaspot3": {"CRMID": "crmid:8674351937", "orderDetails": {"orderID": "orderid:778799", "reservationid": "BJ1-JJCX", "orderType": "kiosk"}}}
{"_id": "00c8b598-53c9-11ea-a72b-b88a60e194fb", "timestamp": "2019-12-09T10:19:20.000Z", "eventType": "transaction", "_adobeamericaspot3": {"CRMID": "crmid:6063097257", "orderDetails": {"orderID": "orderid:933092", "reservationid": "AOR-XHMQ", "orderType": "service desk"}}}
{"_id": "00c99ffe-53c9-11ea-8940-b88a60e194fb", "timestamp": "2019-12-30T03:29:04.000Z", "eventType": "transaction", "_adobeamericaspot3": {"CRMID": "crmid:9158575511", "orderDetails": {"orderID": "orderid:980360", "reservationid": "ZSH-YJGJ", "orderType": "website"}}}
{"_id": "00ca8a5c-53c9-11ea-a7e9-b88a60e194fb", "timestamp": "2020-02-01T15:46:59.000Z", "eventType": "transaction", "_adobeamericaspot3": {"CRMID": "crmid:7085980946", "orderDetails": {"orderID": "orderid:128853", "reservationid": "3E5-PMQI", "orderType": "website"}}}
{"_id": "00cb9bf6-53c9-11ea-b447-b88a60e194fb", "timestamp": "2020-02-04T08:18:47.000Z", "eventType": "transaction", "_adobeamericaspot3": {"CRMID": "crmid:8099017145", "orderDetails": {"orderID": "orderid:117637", "reservationid": "SIG-R1AQ", "orderType": "call center"}}}
{"_id": "00ccad5e-53c9-11ea-8779-b88a60e194fb", "timestamp": "2020-01-14T22:03:24.000Z", "eventType": "transaction", "_adobeamericaspot3": {"CRMID": "crmid:1701231297", "orderDetails": {"orderID": "orderid:497429", "reservationid": "KZ9-2KDI", "orderType": "kiosk"}}}
{"_id": "00cd97c2-53c9-11ea-80c8-b88a60e194fb", "timestamp": "2019-12-14T05:38:16.000Z", "eventType": "transaction", "_adobeamericaspot3": {"CRMID": "crmid:9034303739", "orderDetails": {"orderID": "orderid:320239", "reservationid": "SNF-VDR8", "orderType": "website"}}}
{"_id": "00cea934-53c9-11ea-93ec-b88a60e194fb", "timestamp": "2020-01-22T00:06:44.000Z", "eventType": "transaction", "_adobeamericaspot3": {"CRMID": "crmid:3650718621", "orderDetails": {"orderID": "orderid:703766", "reservationid": "UNM-HM49", "orderType": "mobile"}}}
{"_id": "00cfba98-53c9-11ea-879e-b88a60e194fb", "timestamp": "2019-12-11T10:14:20.000Z", "eventType": "transaction", "_adobeamericaspot3": {"CRMID": "crmid:1440594692", "orderDetails": {"orderID": "orderid:155654", "reservationid": "EWM-45C8", "orderType": "call center"}}}
{"_id": "00d0a4d2-53c9-11ea-bed4-b88a60e194fb", "timestamp": "2020-01-05T14:39:40.000Z", "eventType": "transaction", "_adobeamericaspot3": {"CRMID": "crmid:9557914623", "orderDetails": {"orderID": "orderid:442078", "reservationid": "BTG-ZE98", "orderType": "kiosk"}}}
{"_id": "00d20468-53c9-11ea-8216-b88a60e194fb", "timestamp": "2020-01-05T07:49:53.000Z", "eventType": "transaction", "_adobeamericaspot3": {"CRMID": "crmid:7641419659", "orderDetails": {"orderID": "orderid:425158", "reservationid": "HBD-DUDM", "orderType": "website"}}}
{"_id": "00d315ee-53c9-11ea-ae93-b88a60e194fb", "timestamp": "2020-01-01T22:28:51.000Z", "eventType": "transaction", "_adobeamericaspot3": {"CRMID": "crmid:3562565317", "orderDetails": {"orderID": "orderid:227956", "reservationid": "XJT-LSUB", "orderType": "service desk"}}}
{"_id": "00d44f12-53c9-11ea-918f-b88a60e194fb", "timestamp": "2020-02-06T08:28:26.000Z", "eventType": "transaction", "_adobeamericaspot3": {"CRMID": "crmid:6874150112", "orderDetails": {"orderID": "orderid:264251", "reservationid": "CP2-56TD", "orderType": "website"}}}
{"_id": "00d55fc6-53c9-11ea-a781-b88a60e194fb", "timestamp": "2020-02-08T05:27:06.000Z", "eventType": "transaction", "_adobeamericaspot3": {"CRMID": "crmid:2665781068", "orderDetails": {"orderID": "orderid:374575", "reservationid": "A1G-2XLR", "orderType": "mobile"}}}
{"_id": "00d64a28-53c9-11ea-9115-b88a60e194fb", "timestamp": "2019-12-13T00:32:59.000Z", "eventType": "transaction", "_adobeamericaspot3": {"CRMID": "crmid:8170341968", "orderDetails": {"orderID": "orderid:211533", "reservationid": "UOH-CRSA", "orderType": "call center"}}}
{"_id": "00d7348a-53c9-11ea-815f-b88a60e194fb", "timestamp": "2019-12-12T12:56:04.000Z", "eventType": "transaction", "_adobeamericaspot3": {"CRMID": "crmid:3466495671", "orderDetails": {"orderID": "orderid:516783", "reservationid": "N8F-V53A", "orderType": "mobile"}}}
{"_id": "00d845f4-53c9-11ea-8a59-b88a60e194fb", "timestamp": "2020-01-26T19:02:53.000Z", "eventType": "transaction", "_adobeamericaspot3": {"CRMID": "crmid:2016156023", "orderDetails": {"orderID": "orderid:587171", "reservationid": "SZQ-5DJQ", "orderType": "mobile"}}}
{"_id": "00d93054-53c9-11ea-84ec-b88a60e194fb", "timestamp": "2020-01-29T19:01:28.000Z", "eventType": "transaction", "_adobeamericaspot3": {"CRMID": "crmid:6044595911", "orderDetails": {"orderID": "orderid:417014", "reservationid": "XZ8-LLJS", "orderType": "kiosk"}}}
{"_id": "00da1ab6-53c9-11ea-9707-b88a60e194fb", "timestamp": "2020-02-01T14:25:36.000Z", "eventType": "transaction", "_adobeamericaspot3": {"CRMID": "crmid:5055152139", "orderDetails": {"orderID": "orderid:143979", "reservationid": "SY7-TZ6M", "orderType": "website"}}}
{"_id": "00db2c26-53c9-11ea-a65a-b88a60e194fb", "timestamp": "2019-12-31T17:43:08.000Z", "eventType": "transaction", "_adobeamericaspot3": {"CRMID": "crmid:5072837521", "orderDetails": {"orderID": "orderid:726343", "reservationid": "KK7-18AH", "orderType": "website"}}}
{"_id": "00dc8bae-53c9-11ea-b3f0-b88a60e194fb", "timestamp": "2020-01-05T07:16:55.000Z", "eventType": "transaction", "_adobeamericaspot3": {"CRMID": "crmid:4926578592", "orderDetails": {"orderID": "orderid:639695", "reservationid": "24F-UH7Z", "orderType": "kiosk"}}}
{"_id": "00dd9d22-53c9-11ea-b6ed-b88a60e194fb", "timestamp": "2020-01-16T23:01:41.000Z", "eventType": "transaction", "_adobeamericaspot3": {"CRMID": "crmid:7461395008", "orderDetails": {"orderID": "orderid:286913", "reservationid": "Z0Q-Y2YK", "orderType": "website"}}}
{"_id": "00ded59c-53c9-11ea-badc-b88a60e194fb", "timestamp": "2019-12-03T07:23:25.000Z", "eventType": "transaction", "_adobeamericaspot3": {"CRMID": "crmid:1649613355", "orderDetails": {"orderID": "orderid:286542", "reservationid": "AAR-P0NF", "orderType": "service desk"}}}
{"_id": "00dfc000-53c9-11ea-bc8b-b88a60e194fb", "timestamp": "2019-12-08T03:34:51.000Z", "eventType": "transaction", "_adobeamericaspot3": {"CRMID": "crmid:6885276562", "orderDetails": {"orderID": "orderid:679530", "reservationid": "AIS-VMJK", "orderType": "website"}}}
{"_id": "00e0aa6c-53c9-11ea-a04b-b88a60e194fb", "timestamp": "2020-01-27T19:44:38.000Z", "eventType": "transaction", "_adobeamericaspot3": {"CRMID": "crmid:4347605017", "orderDetails": {"orderID": "orderid:493661", "reservationid": "3J9-OPZF", "orderType": "call center"}}}
{"_id": "00e1bbda-53c9-11ea-a355-b88a60e194fb", "timestamp": "2020-02-13T21:27:29.000Z", "eventType": "transaction", "_adobeamericaspot3": {"CRMID": "crmid:2330830680", "orderDetails": {"orderID": "orderid:453117", "reservationid": "S1X-1JPK", "orderType": "website"}}}
{"_id": "00e2cd42-53c9-11ea-a959-b88a60e194fb", "timestamp": "2020-01-08T06:13:03.000Z", "eventType": "transaction", "_adobeamericaspot3": {"CRMID": "crmid:3843293193", "orderDetails": {"orderID": "orderid:910505", "reservationid": "HF8-FQSB", "orderType": "service desk"}}}
{"_id": "00e3deb8-53c9-11ea-a60a-b88a60e194fb", "timestamp": "2020-01-31T18:14:26.000Z", "eventType": "transaction", "_adobeamericaspot3": {"CRMID": "crmid:8012369926", "orderDetails": {"orderID": "orderid:390646", "reservationid": "RQP-5JG1", "orderType": "kiosk"}}}
{"_id": "00e51738-53c9-11ea-873b-b88a60e194fb", "timestamp": "2020-02-03T03:25:47.000Z", "eventType": "transaction", "_adobeamericaspot3": {"CRMID": "crmid:4656533827", "orderDetails": {"orderID": "orderid:198436", "reservationid": "2EZ-ELC5", "orderType": "kiosk"}}}
{"_id": "00e628a6-53c9-11ea-bac9-b88a60e194fb", "timestamp": "2020-01-30T06:54:38.000Z", "eventType": "transaction", "_adobeamericaspot3": {"CRMID": "crmid:5689181386", "orderDetails": {"orderID": "orderid:981566", "reservationid": "ILR-WOOX", "orderType": "mobile"}}}
{"_id": "00e73a1c-53c9-11ea-98d7-b88a60e194fb", "timestamp": "2020-01-21T04:21:08.000Z", "eventType": "transaction", "_adobeamericaspot3": {"CRMID": "crmid:4228577004", "orderDetails": {"orderID": "orderid:520350", "reservationid": "GZO-GRV0", "orderType": "kiosk"}}}
{"_id": "00ea957a-53c9-11ea-8741-b88a60e194fb", "timestamp": "2020-01-17T03:12:26.000Z", "eventType": "transaction", "_adobeamericaspot3": {"CRMID": "crmid:4038452248", "orderDetails": {"orderID": "orderid:510546", "reservationid": "MPQ-QBSC", "orderType": "call center"}}}
{"_id": "00eabc8a-53c9-11ea-869c-b88a60e194fb", "timestamp": "2020-01-23T00:00:00.000Z", "eventType": "transaction", "_adobeamericaspot3": {"CRMID": "crmid:4038452248", "orderDetails": {"orderID": "orderid:411736", "reservationid": "N4D-DN6L", "orderType": "kiosk"}}}
{"_id": "00eba6e8-53c9-11ea-9627-b88a60e194fb", "timestamp": "2020-01-28T20:40:18.000Z", "eventType": "transaction", "_adobeamericaspot3": {"CRMID": "crmid:6213849064", "orderDetails": {"orderID": "orderid:760353", "reservationid": "QNF-IGHF", "orderType": "mobile"}}}
{"_id": "00ebcdfe-53c9-11ea-965d-b88a60e194fb", "timestamp": "2020-02-01T00:00:00.000Z", "eventType": "transaction", "_adobeamericaspot3": {"CRMID": "crmid:6213849064", "orderDetails": {"orderID": "orderid:293748", "reservationid": "B9G-7M1B", "orderType": "call center"}}}
{"_id": "00ecb858-53c9-11ea-aea3-b88a60e194fb", "timestamp": "2019-12-06T15:30:38.000Z", "eventType": "transaction", "_adobeamericaspot3": {"CRMID": "crmid:1563194350", "orderDetails": {"orderID": "orderid:873636", "reservationid": "LLZ-8OUU", "orderType": "kiosk"}}}
{"_id": "00edc9cc-53c9-11ea-aec9-b88a60e194fb", "timestamp": "2020-01-29T02:40:56.000Z", "eventType": "transaction", "_adobeamericaspot3": {"CRMID": "crmid:3329399238", "orderDetails": {"orderID": "orderid:919864", "reservationid": "NKM-NIW2", "orderType": "call center"}}}
{"_id": "00eedb3a-53c9-11ea-9a68-b88a60e194fb", "timestamp": "2020-01-06T16:00:37.000Z", "eventType": "transaction", "_adobeamericaspot3": {"CRMID": "crmid:9153271693", "orderDetails": {"orderID": "orderid:340975", "reservationid": "BXQ-VSSO", "orderType": "call center"}}}
{"_id": "00efeca6-53c9-11ea-87f3-b88a60e194fb", "timestamp": "2020-01-25T12:42:48.000Z", "eventType": "transaction", "_adobeamericaspot3": {"CRMID": "crmid:2559116064", "orderDetails": {"orderID": "orderid:508240", "reservationid": "PHB-KOWW", "orderType": "service desk"}}}
{"_id": "00f0fe1c-53c9-11ea-a252-b88a60e194fb", "timestamp": "2019-12-13T14:57:52.000Z", "eventType": "transaction", "_adobeamericaspot3": {"CRMID": "crmid:1236918278", "orderDetails": {"orderID": "orderid:369372", "reservationid": "CEW-PLEF", "orderType": "mobile"}}}
{"_id": "00f1e878-53c9-11ea-aa5a-b88a60e194fb", "timestamp": "2019-12-06T00:12:39.000Z", "eventType": "transaction", "_adobeamericaspot3": {"CRMID": "crmid:4146137676", "orderDetails": {"orderID": "orderid:212951", "reservationid": "9QL-E37H", "orderType": "website"}}}
{"_id": "00f2fa74-53c9-11ea-8d00-b88a60e194fb", "timestamp": "2020-01-26T22:52:39.000Z", "eventType": "transaction", "_adobeamericaspot3": {"CRMID": "crmid:3572646424", "orderDetails": {"orderID": "orderid:783775", "reservationid": "BKJ-XV0L", "orderType": "service desk"}}}
{"_id": "00f3e442-53c9-11ea-8dd6-b88a60e194fb", "timestamp": "2019-12-19T01:29:13.000Z", "eventType": "transaction", "_adobeamericaspot3": {"CRMID": "crmid:3494251706", "orderDetails": {"orderID": "orderid:696465", "reservationid": "GW6-WPD7", "orderType": "mobile"}}}
{"_id": "00f51ccc-53c9-11ea-a1b2-b88a60e194fb", "timestamp": "2019-12-16T12:15:40.000Z", "eventType": "transaction", "_adobeamericaspot3": {"CRMID": "crmid:3292495222", "orderDetails": {"orderID": "orderid:286994", "reservationid": "OGQ-RE9L", "orderType": "kiosk"}}}
{"_id": "00f6072c-53c9-11ea-95c4-b88a60e194fb", "timestamp": "2019-12-31T15:57:38.000Z", "eventType": "transaction", "_adobeamericaspot3": {"CRMID": "crmid:9249435113", "orderDetails": {"orderID": "orderid:604868", "reservationid": "QYZ-VKT0", "orderType": "website"}}}
{"_id": "00f62e34-53c9-11ea-b9fe-b88a60e194fb", "timestamp": "2020-01-06T00:00:00.000Z", "eventType": "transaction", "_adobeamericaspot3": {"CRMID": "crmid:9249435113", "orderDetails": {"orderID": "orderid:160098", "reservationid": "T6Y-EXEJ", "orderType": "mobile"}}}
{"_id": "00f71892-53c9-11ea-9edc-b88a60e194fb", "timestamp": "2020-01-31T16:26:48.000Z", "eventType": "transaction", "_adobeamericaspot3": {"CRMID": "crmid:5012226274", "orderDetails": {"orderID": "orderid:132396", "reservationid": "HCA-QLLS", "orderType": "call center"}}}
{"_id": "00f82a0a-53c9-11ea-b66d-b88a60e194fb", "timestamp": "2019-12-26T01:38:46.000Z", "eventType": "transaction", "_adobeamericaspot3": {"CRMID": "crmid:5297429945", "orderDetails": {"orderID": "orderid:892611", "reservationid": "TCF-2YAJ", "orderType": "service desk"}}}
{"_id": "00f93b7a-53c9-11ea-ac38-b88a60e194fb", "timestamp": "2020-01-30T00:00:24.000Z", "eventType": "transaction", "_adobeamericaspot3": {"CRMID": "crmid:3447545172", "orderDetails": {"orderID": "orderid:411273", "reservationid": "PQA-IP5T", "orderType": "mobile"}}}
{"_id": "00fa25dc-53c9-11ea-b5c1-b88a60e194fb", "timestamp": "2020-01-26T17:16:46.000Z", "eventType": "transaction", "_adobeamericaspot3": {"CRMID": "crmid:7569064241", "orderDetails": {"orderID": "orderid:706692", "reservationid": "D7G-CO34", "orderType": "call center"}}}
{"_id": "00fb1040-53c9-11ea-8870-b88a60e194fb", "timestamp": "2019-12-09T23:23:23.000Z", "eventType": "transaction", "_adobeamericaspot3": {"CRMID": "crmid:3899923674", "orderDetails": {"orderID": "orderid:413260", "reservationid": "M0M-7YVX", "orderType": "service desk"}}}
{"_id": "00fbfa9c-53c9-11ea-a68d-b88a60e194fb", "timestamp": "2020-02-03T15:42:22.000Z", "eventType": "transaction", "_adobeamericaspot3": {"CRMID": "crmid:6666967817", "orderDetails": {"orderID": "orderid:883967", "reservationid": "2DF-SOXZ", "orderType": "kiosk"}}}
{"_id": "00fd5a4c-53c9-11ea-b95b-b88a60e194fb", "timestamp": "2020-02-16T09:14:36.000Z", "eventType": "transaction", "_adobeamericaspot3": {"CRMID": "crmid:4725638134", "orderDetails": {"orderID": "orderid:660907", "reservationid": "VWI-2EJY", "orderType": "mobile"}}}
{"_id": "00ff7d18-53c9-11ea-ad6d-b88a60e194fb", "timestamp": "2020-02-14T00:58:28.000Z", "eventType": "transaction", "_adobeamericaspot3": {"CRMID": "crmid:2684565688", "orderDetails": {"orderID": "orderid:516665", "reservationid": "L8U-YLP3", "orderType": "website"}}}
{"_id": "01012cc6-53c9-11ea-b0ba-b88a60e194fb", "timestamp": "2020-01-30T23:46:37.000Z", "eventType": "transaction", "_adobeamericaspot3": {"CRMID": "crmid:5828579630", "orderDetails": {"orderID": "orderid:945076", "reservationid": "MI3-0AZW", "orderType": "website"}}}
{"_id": "0102b166-53c9-11ea-b8cc-b88a60e194fb", "timestamp": "2020-01-01T09:29:43.000Z", "eventType": "transaction", "_adobeamericaspot3": {"CRMID": "crmid:5368756672", "orderDetails": {"orderID": "orderid:471514", "reservationid": "5UB-PJQG", "orderType": "service desk"}}}
{"_id": "010410d8-53c9-11ea-9be5-b88a60e194fb", "timestamp": "2020-01-26T08:52:56.000Z", "eventType": "transaction", "_adobeamericaspot3": {"CRMID": "crmid:4510500226", "orderDetails": {"orderID": "orderid:166219", "reservationid": "NUG-BVSG", "orderType": "website"}}}
{"_id": "01059780-53c9-11ea-a4a0-b88a60e194fb", "timestamp": "2020-01-29T17:54:50.000Z", "eventType": "transaction", "_adobeamericaspot3": {"CRMID": "crmid:8311194559", "orderDetails": {"orderID": "orderid:114804", "reservationid": "AZD-BHOR", "orderType": "website"}}}
{"_id": "0105be8a-53c9-11ea-9df0-b88a60e194fb", "timestamp": "2020-02-05T00:00:00.000Z", "eventType": "transaction", "_adobeamericaspot3": {"CRMID": "crmid:8311194559", "orderDetails": {"orderID": "orderid:608458", "reservationid": "TDD-FR5V", "orderType": "kiosk"}}}
{"_id": "01076c68-53c9-11ea-9889-b88a60e194fb", "timestamp": "2020-01-19T02:43:52.000Z", "eventType": "transaction", "_adobeamericaspot3": {"CRMID": "crmid:4436553425", "orderDetails": {"orderID": "orderid:146712", "reservationid": "KRU-16WF", "orderType": "website"}}}
{"_id": "0108a4f4-53c9-11ea-86aa-b88a60e194fb", "timestamp": "2020-01-20T15:47:29.000Z", "eventType": "transaction", "_adobeamericaspot3": {"CRMID": "crmid:5525257425", "orderDetails": {"orderID": "orderid:590248", "reservationid": "QS0-IU8S", "orderType": "kiosk"}}}
{"_id": "0109dd9c-53c9-11ea-a8d9-b88a60e194fb", "timestamp": "2019-12-18T16:33:37.000Z", "eventType": "transaction", "_adobeamericaspot3": {"CRMID": "crmid:1147429301", "orderDetails": {"orderID": "orderid:678942", "reservationid": "GE4-PC2G", "orderType": "mobile"}}}
{"_id": "010b3cf6-53c9-11ea-ad56-b88a60e194fb", "timestamp": "2020-01-14T13:33:02.000Z", "eventType": "transaction", "_adobeamericaspot3": {"CRMID": "crmid:2509685232", "orderDetails": {"orderID": "orderid:950758", "reservationid": "OOF-KAPG", "orderType": "call center"}}}
{"_id": "010c9dee-53c9-11ea-9d05-b88a60e194fb", "timestamp": "2019-12-27T01:34:21.000Z", "eventType": "transaction", "_adobeamericaspot3": {"CRMID": "crmid:9018601970", "orderDetails": {"orderID": "orderid:513930", "reservationid": "V60-MEL1", "orderType": "call center"}}}
{"_id": "010dd702-53c9-11ea-bc2d-b88a60e194fb", "timestamp": "2019-12-28T13:26:35.000Z", "eventType": "transaction", "_adobeamericaspot3": {"CRMID": "crmid:4698654022", "orderDetails": {"orderID": "orderid:265455", "reservationid": "VVA-XTCI", "orderType": "website"}}}
{"_id": "010ec0e2-53c9-11ea-91f5-b88a60e194fb", "timestamp": "2020-02-06T12:04:55.000Z", "eventType": "transaction", "_adobeamericaspot3": {"CRMID": "crmid:2222156653", "orderDetails": {"orderID": "orderid:746929", "reservationid": "Z5B-HSMS", "orderType": "website"}}}
{"_id": "010ff8fa-53c9-11ea-9ab6-b88a60e194fb", "timestamp": "2019-12-14T06:44:14.000Z", "eventType": "transaction", "_adobeamericaspot3": {"CRMID": "crmid:3177570287", "orderDetails": {"orderID": "orderid:964452", "reservationid": "3SM-I4S6", "orderType": "call center"}}}
{"_id": "01110ade-53c9-11ea-a007-b88a60e194fb", "timestamp": "2019-12-20T22:29:17.000Z", "eventType": "transaction", "_adobeamericaspot3": {"CRMID": "crmid:8186575696", "orderDetails": {"orderID": "orderid:699901", "reservationid": "VFK-W89O", "orderType": "website"}}}
{"_id": "01121c62-53c9-11ea-852c-b88a60e194fb", "timestamp": "2019-12-09T22:12:13.000Z", "eventType": "transaction", "_adobeamericaspot3": {"CRMID": "crmid:2860150949", "orderDetails": {"orderID": "orderid:919939", "reservationid": "WMG-JFMG", "orderType": "call center"}}}
{"_id": "01132d54-53c9-11ea-9be3-b88a60e194fb", "timestamp": "2020-02-13T16:12:36.000Z", "eventType": "transaction", "_adobeamericaspot3": {"CRMID": "crmid:7999408257", "orderDetails": {"orderID": "orderid:649752", "reservationid": "0NC-FZRS", "orderType": "website"}}}
{"_id": "011417d8-53c9-11ea-aa53-b88a60e194fb", "timestamp": "2019-12-02T12:35:44.000Z", "eventType": "transaction", "_adobeamericaspot3": {"CRMID": "crmid:5355250068", "orderDetails": {"orderID": "orderid:136582", "reservationid": "URL-GOQA", "orderType": "website"}}}
{"_id": "01152946-53c9-11ea-9bb5-b88a60e194fb", "timestamp": "2020-01-10T23:29:53.000Z", "eventType": "transaction", "_adobeamericaspot3": {"CRMID": "crmid:5213356645", "orderDetails": {"orderID": "orderid:383634", "reservationid": "TP7-B40V", "orderType": "website"}}}
{"_id": "01163964-53c9-11ea-96f5-b88a60e194fb", "timestamp": "2020-01-17T11:32:43.000Z", "eventType": "transaction", "_adobeamericaspot3": {"CRMID": "crmid:3063132269", "orderDetails": {"orderID": "orderid:806624", "reservationid": "SLG-ALDR", "orderType": "mobile"}}}
{"_id": "01174c2c-53c9-11ea-8619-b88a60e194fb", "timestamp": "2020-02-15T21:45:37.000Z", "eventType": "transaction", "_adobeamericaspot3": {"CRMID": "crmid:6665810119", "orderDetails": {"orderID": "orderid:434740", "reservationid": "2TP-SOSD", "orderType": "website"}}}
{"_id": "0118368c-53c9-11ea-8231-b88a60e194fb", "timestamp": "2020-01-12T14:38:29.000Z", "eventType": "transaction", "_adobeamericaspot3": {"CRMID": "crmid:6620666095", "orderDetails": {"orderID": "orderid:907414", "reservationid": "0D5-IS2I", "orderType": "website"}}}
