crmid,email,first_name,last_name,gender,mobile telephone,city,country,zip,state,street address,birthday,historicalpoints
crmid:8943896806,factice1903@yahoo.com,Lane,Stuart,,109-564-9779,Loma Linda,United States,69887,Kentucky,414 Persia,1983-11-07,2027
crmid:5311156023,reabandoned1950@live.com,Mitchel,Robles,male,040-062-7451,Sioux City,United States,04487,Oklahoma,1264 Pollock,1936-11-14,312
crmid:2309587738,reobtains1995@gmail.com,Phil,Ramos,,061-651-3722,Lake Zurich,United States,50067,Delaware,784 Raymond,1980-09-28,1669
crmid:9339370282,dower2002@yandex.com,Rutha,Foster,female,570-893-6221,Redwood City,United States,22913,Oregon,399 Bruce,1957-07-10,1094
crmid:1988764629,superinference2040@yandex.com,Loren,Dotson,,278-858-3711,Post Falls,United States,24283,Georgia,962 Hodges,1964-11-15,1281
crmid:6510843676,vodkas1995@live.com,Edward,Sears,,909-986-0756,Wilmette,United States,36478,New York,928 Ocean,1973-06-21,2482
crmid:4671353131,bonita1806@gmail.com,Rory,Gay,male,264-881-4318,Altus,United States,63002,South Dakota,933 Recycle,1932-10-16,1921
crmid:4889647162,antirepublican1893@outlook.com,Dion,Harmon,,747-360-0876,University Place,United States,22135,Idaho,32 Surrey,1966-12-10,567
crmid:5493923075,desiri1807@yandex.com,Levi,Allison,,655-966-7744,Madison,United States,37011,South Dakota,1204 Trenton,1985-06-17,2141
crmid:7105331113,entach2022@yahoo.com,Ilana,Becker,female,788-488-8968,Panama City,United States,89048,Rhode Island,432 Rhine,1951-04-02,2611
crmid:7389594527,donal2008@gmail.com,Enrique,Cross,,837-335-6786,Mount Vernon,United States,87809,Indiana,1142 Claude,1994-07-25,708
crmid:6706717425,cresoxide1992@yahoo.com,Daniel,Cannon,,794-472-4586,Grayslake,United States,54172,West Virginia,770 West Pacific,1968-09-15,320
crmid:3321767941,enshroud1954@yahoo.com,Jerry,Gross,,100-812-1630,Westlake,United States,43288,Mississippi,1249 Levant,1981-05-11,2727
crmid:2719311097,deprogramming1888@yahoo.com,Wes,Jefferson,,017-154-8782,Pleasant Hill,United States,33521,Colorado,385 Signal,1973-01-11,836
crmid:8881179753,untangling1803@gmail.com,Boyd,Hays,male,197-781-7469,Benbrook,United States,00019,Wyoming,571 Ellis,1938-01-13,1131
crmid:5831817725,enamels1810@yandex.com,Joya,Jarvis,female,664-486-2338,Euclid,United States,22006,Massachusetts,372 Shakespeare,1960-04-15,2530
crmid:5508620480,scrod2026@yahoo.com,Johnie,Schultz,,170-602-4806,Redlands,United States,28288,Louisiana,23 Robert Kirk,1962-11-27,2068
crmid:1021988428,caprice1993@gmail.com,Damian,Walsh,,375-870-7301,South Lake Tahoe,United States,54541,Delaware,1117 Northgate,1993-11-19,1594
crmid:6733435891,capabler1900@yahoo.com,Kimber,Shaw,female,972-779-6458,San Clemente,United States,22391,Idaho,115 Galindo,1957-05-27,2447
crmid:1140944535,chancery1921@outlook.com,Lyle,Herrera,,829-311-5773,Valdosta,United States,76443,Oklahoma,487 Fargo,1989-12-23,393
crmid:1084084641,brekel1904@live.com,Tyron,Carson,,829-694-5276,Lake Zurich,United States,26192,Kentucky,1062 Paramount,1980-04-08,2054
crmid:8796576886,seaflood1935@yandex.com,Jamaal,Mercado,,537-400-6109,West St. Paul,United States,24161,Texas,487 Jackson,1967-12-15,1729
crmid:3630596085,falls1930@outlook.com,Rodger,Jones,,846-114-9425,Los Altos,United States,36449,Nebraska,891 Emerald Cove,1984-06-08,2871
crmid:9593670390,irradiation2000@gmail.com,Jamal,Hopper,,975-345-9995,Sunrise,United States,20941,North Dakota,1094 Burr,1968-01-01,858
crmid:2653655552,silly1832@yandex.com,Cornelius,Freeman,male,561-861-7701,Bountiful,United States,91673,New Mexico,952 Temescal,1940-11-04,610
crmid:7126958363,coulter1991@outlook.com,Bell,Gonzalez,female,689-979-9805,New Albany,United States,13298,Oregon,790 Ninth,1995-04-02,1163
crmid:7322369857,trachea1940@gmail.com,Gavin,Miller,,201-431-3560,Lenoir,United States,75116,Kentucky,728 Juan Bautista,1982-12-17,2232
crmid:1525674572,hieracosphinxes1819@outlook.com,Collene,Sosa,female,012-058-2894,Edgewater,United States,88000,Connecticut,413 Thornton,1958-02-27,822
crmid:7049930064,arbores1834@outlook.com,Rudy,Bond,,587-884-4048,Palm Springs,United States,51245,California,1157 Merlin,1994-08-05,2442
crmid:2043933784,scarcity1959@yandex.com,Christoper,Franklin,,901-248-8167,Glassboro,United States,87009,Virginia,19 Emery,1966-02-24,1426
crmid:7757419767,frog2059@live.com,Georgiann,Moran,female,471-358-8837,Concord,United States,14915,Florida,800 English,1950-03-21,1843
crmid:3716589155,deena1856@yandex.com,Connie,Haley,male,674-128-5778,Bethlehem,United States,11016,Washington,836 Frank Norris,1938-02-12,531
crmid:6548722658,biteme2026@yahoo.com,Ruben,Keller,,035-882-3590,Westbrook,United States,48904,Virginia,647 Moffitt,1984-10-27,2568
crmid:4681885368,blinkered1904@gmail.com,Sina,Delacruz,female,471-114-1304,Elmwood Park,United States,49022,New Hampshire,248 Hancock,1959-08-08,2706
crmid:2134733325,exceedingly1909@gmail.com,Kasi,Raymond,female,983-093-2102,Spring Valley,United States,17436,Washington,250 Morningside,1946-05-24,2691
crmid:9436587638,corban1972@outlook.com,Taylor,Nieves,,529-358-2179,Gardena,United States,71586,Virginia,54 Mccoppin,1965-12-19,2892
crmid:1610863843,jogging1898@yahoo.com,Darrin,Eaton,,231-189-9827,Hastings,United States,60823,Illinois,440 Belgrave,1970-10-09,1941
crmid:2647061998,arses2058@gmail.com,Mckinley,Buck,,366-299-9664,Lafayette,United States,51931,Utah,1035 Winfield,1979-09-25,1318
crmid:4596533820,bungerly1958@outlook.com,Berry,Mcfarland,,137-128-9760,Midland,United States,68180,South Carolina,634 Diaz,1990-11-20,2207
crmid:5989954454,preexposes1833@outlook.com,Trevor,Brooks,,389-256-3340,Redlands,United States,82375,Connecticut,133 Stoneridge,1964-07-25,1839
crmid:5520660883,huddled1865@gmail.com,Wen,Castillo,female,616-605-4867,Portsmouth,United States,55718,Minnesota,279 Derby,1958-09-05,946
crmid:5788907788,proteose1872@yandex.com,Renato,Curry,male,712-901-1861,Bellingham,United States,41617,Georgia,511 Bonnie Brae,1937-08-07,1059
crmid:3658834542,crivetz2046@live.com,Jewel,Koch,,478-457-9451,Livermore,United States,38647,New Mexico,41 Spears,1983-06-06,630
crmid:7185098107,bowwow1971@live.com,Jordon,Prince,male,184-384-7927,Bend,United States,93331,New York,469 Oceanview,1938-06-24,986
crmid:5856661261,scrimpy1988@yandex.com,Perry,Rocha,female,688-124-3203,Saginaw,United States,94760,South Carolina,572 Flournoy,1955-07-25,1388
crmid:7319167344,eriksson1904@yahoo.com,Cristobal,Mccarthy,male,630-998-0580,Belle Glade,United States,13263,Arkansas,1347 Cleary,1937-02-19,1508
crmid:9145987937,bronze1843@outlook.com,Booker,Higgins,male,539-717-3784,Burbank,United States,60569,North Carolina,1010 West Broadway,1942-10-24,1856
crmid:7992578388,bedtime1824@live.com,Hoyt,Villarreal,male,326-604-1558,Ballwin,United States,23032,South Dakota,1331 Forest,1935-05-30,1918
crmid:4316148989,benedicta1819@yahoo.com,Laurinda,Gay,female,199-309-7316,Richardson,United States,97338,Illinois,421 Walker,1956-12-10,1990
crmid:8277022210,granulator2018@live.com,Dudley,Forbes,male,369-399-2572,Casselberry,United States,13436,Missouri,564 Liggett,1945-03-10,2607
crmid:9332895876,tuatara1898@gmail.com,Landon,York,,333-625-9318,Midwest City,United States,22370,Illinois,763 Selby,1990-05-17,1562
crmid:7857144242,bepimpling1822@yahoo.com,Chadwick,Bradford,,458-691-0738,Tulsa,United States,79880,Utah,858 Bedford,1976-08-28,441
crmid:1135015323,arbel1836@gmail.com,Huey,Donaldson,male,855-660-6393,San Francisco,United States,12008,North Dakota,1122 Miles,1945-05-08,1607
crmid:6523268917,profiler2014@outlook.com,Sandy,Mcdowell,,116-367-2102,South Milwaukee,United States,88156,Vermont,863 Prague,1972-06-05,1695
crmid:6491625230,colloid1950@gmail.com,Domonique,Hansen,female,900-666-4134,Cocoa,United States,13154,Colorado,131 Arnold,1949-03-12,868
crmid:1770488065,blackleg1870@live.com,Jordon,Parker,,680-555-7118,Urbana,United States,93756,New Mexico,1213 Edinburgh,1965-07-14,445
crmid:5821776325,dynamistic1953@yandex.com,Vaughn,Sandoval,,237-486-4286,Nixa,United States,98506,Idaho,614 Beale,1997-06-28,2981
crmid:3547989085,reversible1833@yandex.com,Dion,Miranda,male,116-959-3560,Agawam,United States,12928,Tennessee,1203 Cleary,1930-03-20,2034
crmid:1665335702,diptera1996@live.com,Keith,Melendez,,527-248-6225,Frisco,United States,47594,Virginia,992 Old Chinatown,1964-08-02,2450
crmid:4882743302,prune2000@gmail.com,Refugia,Tyler,female,782-320-3511,Wilmette,United States,14637,Texas,1366 Hollywood,1953-07-29,1829
crmid:4642994111,inexplicit2033@live.com,Cristin,Hays,female,381-103-9745,Wilmington,United States,61728,New Jersey,596 Park Presidio,1949-02-13,2935
crmid:8012828385,weatherologist1871@yandex.com,Oscar,Dalton,male,814-119-4882,Rowlett,United States,54175,Montana,1372 Conkling,1944-08-07,1180
crmid:4206331087,occipitoiliac1898@live.com,Ethan,Andrews,,759-021-3160,Wooster,United States,34508,Illinois,146 Minna,1972-01-16,1633
crmid:6860315286,abhorrent1824@gmail.com,Jan,Hodges,,968-892-7528,Newburyport,United States,83944,Arkansas,967 Sea View,1997-08-13,720
crmid:8809764834,cavum2013@yahoo.com,Ariel,Morrow,male,062-474-3409,Carrollton,United States,76366,Utah,831 Hillway,1944-01-21,2692
crmid:4337323024,combinator1996@gmail.com,Rickey,Dillon,,325-919-8668,Ventura,United States,68734,Alabama,16 Ohlone,1993-04-25,1049
crmid:5459413173,barite1979@yahoo.com,Mallie,Berger,female,842-902-6929,Vineland,United States,16608,Virginia,758 Minna,1946-11-20,1918
crmid:9767453176,capelin2054@yandex.com,Angel,Curry,male,913-010-5520,Ottawa,United States,96061,New York,317 Italy,1930-11-01,2632
crmid:7595519593,stowdown1928@gmail.com,Wilmer,Carrillo,male,068-969-2381,Plainview,United States,17504,Minnesota,1374 Cameron,1944-10-05,812
crmid:8112367582,battles2069@yahoo.com,Julian,Clark,,683-128-7610,Lake Oswego,United States,53813,Minnesota,1181 Fayette,1980-09-26,488
crmid:4831302524,crucify1802@outlook.com,Pierre,Weaver,male,688-935-0523,Point Pleasant,United States,09552,Oregon,692 Ina,1936-08-30,2341
crmid:7860894417,averardo1960@yahoo.com,Taylor,Whitney,,181-272-4542,Rocky Mount,United States,87942,Maryland,644 Mount,1988-12-30,2936
crmid:9266258222,chignon1898@live.com,Alvaro,Duke,,484-746-1174,Wilkes-Barre,United States,49503,New York,1375 Forest Knolls,1991-12-14,1998
crmid:5392607131,differentiator2024@live.com,Mirella,Barton,female,936-229-5887,The Colony,United States,13484,Louisiana,314 Ludlow,1949-06-02,1192
crmid:8424414973,banat1895@live.com,Justin,Bullock,female,636-818-3397,East Orange,United States,26161,Missouri,46 Lynch,1957-04-04,2394
crmid:6564965040,fanes1840@yandex.com,Ayana,Gentry,female,476-717-6229,Cutler Bay,United States,93100,North Dakota,1265 Carl,1952-01-11,1764
crmid:5644882202,cholophaein2010@yandex.com,Kimi,Blackburn,female,705-302-6791,Nixa,United States,92184,New York,14 Linares,1997-04-09,2469
crmid:1570064953,onions1848@gmail.com,Wesley,Stewart,,305-012-2928,Moore,United States,93500,Minnesota,737 Bridgeview,1992-06-12,860
crmid:1638425267,clarita1871@gmail.com,Hayden,Cameron,male,535-652-6157,Venice,United States,82933,Michigan,1098 Rhine,1938-05-05,2350
crmid:3785065912,sparerib1864@outlook.com,Rocky,Robertson,,818-707-5870,Hays,United States,49741,South Dakota,834 Emerald,1970-08-19,558
crmid:7651992090,giddier2039@yahoo.com,Latrisha,Maxwell,female,140-181-1661,South Jordan,United States,62939,Tennessee,39 Fernwood,1994-04-10,1528
crmid:7927339596,laureate1913@gmail.com,Maxwell,Parker,,856-847-9348,Mustang,United States,36216,New Mexico,1391 Graystone,1995-06-21,1872
crmid:2041527083,chandan1903@yandex.com,Hershel,Allen,,182-333-3409,Hamtramck,United States,36421,Illinois,237 Webb,1969-07-26,661
crmid:9359755959,eruditeness1877@live.com,Ed,Holcomb,male,151-092-2925,Brandon,United States,74590,Montana,705 Verna,1941-12-06,1735
crmid:1316140824,dreamworld2058@yandex.com,Rueben,Rowland,,468-679-8776,New Rochelle,United States,48077,Virginia,346 Steuart,1996-08-26,2101
crmid:7699846271,paterero1853@yandex.com,Julene,Patton,female,460-346-2492,Durango,United States,27963,Louisiana,169 Calvert,1956-04-23,732
crmid:9839233881,danielak1991@live.com,Christopher,Chapman,,889-012-0895,St. Matthews,United States,89051,Wyoming,921 Sea View,1963-07-01,1938
crmid:1473781169,ultrasonic1880@outlook.com,Chong,Robinson,,656-120-7490,Oxford,United States,48657,South Carolina,1306 Century,1988-06-29,1707
crmid:5229994260,annemari2000@outlook.com,Aleisha,Guy,female,769-527-4810,Daphne,United States,05437,Texas,133 Marsily,1953-01-12,2976
crmid:1048741812,deuterogenesis1881@gmail.com,Peter,Jackson,male,172-357-0664,North Tonawanda,United States,04530,Maine,1310 Paradise,1999-02-15,1238
crmid:9711755264,riverhead1917@gmail.com,Hosea,Shelton,,967-814-1727,Kerrville,United States,78082,Kentucky,1391 Cassandra,1977-12-21,673
crmid:7197622666,coquillage2066@outlook.com,Eddie,Kramer,,036-500-5218,Keizer,United States,03166,Kansas,808 Carr,1976-01-24,2582
crmid:5654058898,elevator2006@yandex.com,Rickey,Holt,,168-045-8312,North Port,United States,20248,Montana,336 Salmon,1999-05-27,2278
crmid:1977715321,clandestine1953@outlook.com,Melvin,Silva,,732-332-1129,Mission,United States,54835,Maryland,656 Willard,1991-09-14,1623
crmid:9553851227,anamorphose2008@yandex.com,Dirk,Ingram,male,380-307-1705,Burnsville,United States,11743,Maine,773 Blairwood,1943-03-15,1476
crmid:7690187079,aboriginal1824@live.com,Fredrick,Beard,,536-700-9811,Takoma Park,United States,74905,West Virginia,6 Belles,1964-08-09,1750
crmid:7274288951,heredipety1818@yahoo.com,Nestor,Church,male,677-865-6205,Allen,United States,51762,Kansas,545 Mill,1931-10-14,1443
crmid:6351604047,pronephros1845@outlook.com,Christian,Mercado,,351-401-3928,West Lafayette,United States,30868,Oregon,1182 Via Ferlinghetti,1972-01-02,1910
crmid:3378739416,outscouring1981@yahoo.com,Jesse,Ross,,016-448-4668,Marshfield,United States,83632,Virginia,1202 Moneta,1987-12-11,471
crmid:6351101519,alkanethiol2063@outlook.com,Sharen,Mccall,female,323-656-1917,Easley,United States,75653,Indiana,107 Nordhoff,1956-12-15,1586
crmid:4640333473,multirooted1825@gmail.com,Mica,Castaneda,female,749-748-5946,Mountain View,United States,21005,Georgia,1365 San Pablo,1994-04-12,1335
crmid:3621058594,banshie1996@gmail.com,Joseph,Perkins,,580-827-0001,Spartanburg,United States,43731,Missouri,1101 Southard,1988-06-02,2327
crmid:7790851790,bergaptene2019@yandex.com,Ellyn,Mcmillan,female,130-813-9360,College Station,United States,51241,Mississippi,173 Farnum,1949-10-20,2974
crmid:9634657358,pharm1906@gmail.com,Elwood,Britt,,308-105-8721,Prescott Valley,United States,56821,Idaho,78 Church Parking Lot,1988-05-21,423
crmid:4623008541,acrite1921@live.com,Carter,Farley,male,444-119-0480,Akron,United States,04215,South Carolina,756 San Fernando,1930-02-09,2689
crmid:4056993324,concubitous1886@gmail.com,Sang,Valencia,male,483-681-6830,Trussville,United States,08259,Nebraska,1312 Macedonia,1932-09-29,518
crmid:5649676259,bloodless2002@live.com,Tory,Bauer,,768-137-4970,Lindenwold,United States,10077,New York,602 Curtis,1983-03-03,2886
crmid:6128483611,micronuclear1815@yahoo.com,Nathanial,Patrick,,342-695-9277,Webster Groves,United States,59774,Michigan,1106 Avenue Of The Palms,1991-07-25,1156
crmid:4530221955,apama1971@yandex.com,Scot,Nguyen,male,055-244-6219,Attleboro,United States,51790,North Carolina,1036 West Clay,1934-09-21,2092
crmid:3154612097,assault1973@gmail.com,Andres,Solis,,722-354-0878,Loma Linda,United States,07870,Arizona,614 Mckinnon,1983-01-19,378
crmid:2290400804,habilimented1939@gmail.com,Manuel,Hodge,,889-210-5038,Plainfield,United States,47064,Alabama,558 Enterprise,1985-02-24,1170
crmid:5004433933,experimentalist1981@gmail.com,Cordell,Vinson,,245-522-7767,Maple Heights,United States,59816,Wyoming,240 Cassandra,1986-09-13,2720
crmid:2658046827,anterograde2006@gmail.com,Consuela,Conrad,female,405-870-7745,Vineland,United States,81961,Montana,832 Bigler,1954-11-29,1582
crmid:8618820936,duenas1906@gmail.com,Bryan,Garrett,,694-580-2110,Mishawaka,United States,60731,Indiana,173 Derby,1991-11-23,835
crmid:8256270005,ruewort2057@yandex.com,Chuck,Fowler,male,781-665-4428,Anaheim,United States,07654,Ohio,284 Godeus,1932-02-10,2713
crmid:9284802642,methyl1916@yandex.com,Trenton,Morin,,548-122-9074,Moorhead,United States,85527,Iowa,1044 Sunview,1993-07-19,2227
crmid:4572977710,signal2009@gmail.com,Rodrick,Pittman,,047-577-3225,Rockwall,United States,35067,Delaware,126 Pierpoint,1974-09-17,2825
crmid:7382343284,entitledness1950@outlook.com,Korey,Preston,,826-961-8774,Lancaster,United States,99277,Ohio,1086 Madison,1980-07-30,481
crmid:1031208362,divide1913@yahoo.com,Kellee,Sweeney,female,781-245-7071,Port Angeles,United States,28462,Wisconsin,1162 Eastwood,1960-05-28,2676
crmid:6296042331,cornishman2008@gmail.com,Rossana,Whitaker,female,411-308-6347,Chicago Heights,United States,59044,Illinois,386 Oak Access,1947-10-14,2442
crmid:9041667393,scillipicrin1869@yahoo.com,Morton,Knapp,,340-460-6695,Hobart,United States,90426,Florida,617 Forest View,1972-08-01,2444
crmid:3168502023,killing1969@outlook.com,Desmond,Winters,male,594-556-9112,Bethel Park,United States,18753,Pennsylvania,878 Trinity,1938-03-31,1269
crmid:2194692676,paleornithologist1931@yandex.com,Valentin,Herring,male,309-049-8951,Alvin,United States,52862,Montana,598 Blandy,1932-09-13,1260
crmid:9600522384,irremissibleness1972@gmail.com,Todd,Sears,,578-102-2041,Mason City,United States,68238,New Hampshire,638 Mccann,1987-10-28,873
crmid:2421365082,interleaver1833@live.com,Madalyn,Gonzalez,female,797-627-6873,Eastlake,United States,34420,Maryland,604 Edie,1957-06-11,1978
crmid:5382387903,tuatara1924@yandex.com,Francisco,Beard,female,289-796-1545,Santa Rosa,United States,51026,Michigan,710 Halleck,1946-03-02,955
crmid:1824108216,aspiring2041@gmail.com,Taylor,Finch,male,924-785-4087,Ormond Beach,United States,80518,New Mexico,591 Harrison,1938-09-09,1505
crmid:5182773864,misdeals1975@yandex.com,Donn,Nolan,male,365-290-3760,Pullman,United States,09169,Tennessee,663 Mercato,1940-12-30,2222
crmid:7660446765,afterlife1905@outlook.com,Wallace,Robles,male,864-085-3745,Vallejo,United States,05768,Tennessee,826 Florence,1941-11-19,1347
crmid:8674351937,efficacious1990@live.com,Loyd,Hogan,,345-310-0345,Glen Ellyn,United States,64814,New Mexico,764 Margaret,1966-11-20,306
crmid:6063097257,pairing1915@live.com,Lasandra,Mendoza,female,321-572-5072,Palm Coast,United States,16623,Maine,363 Fairfax,1954-05-20,375
crmid:9158575511,balcony2039@yahoo.com,Eugene,Sharp,,046-613-4582,Sebastian,United States,47808,New York,666 Santa Ynez,1992-08-24,1067
crmid:7085980946,barkery1889@yandex.com,Tameika,Sykes,female,767-338-3227,College Park,United States,41561,Wisconsin,200 Fulton,1949-08-28,2586
crmid:8099017145,mutawalli1892@gmail.com,Paris,Bass,male,819-465-2447,Burleson,United States,46670,Maine,852 Terra Vista,1943-08-02,2665
crmid:1701231297,crozer1946@yahoo.com,Hilton,Abbott,,821-553-0641,Methuen,United States,02603,Maine,410 Welsh,1990-01-14,2922
crmid:9034303739,struthionine1800@live.com,Dominic,Graham,,488-910-5565,Lake Oswego,United States,59914,Alabama,901 Hulbert,1980-10-01,573
crmid:3650718621,bourcier1891@gmail.com,Emerson,Webb,,292-453-6434,Fort Lauderdale,United States,73096,Kentucky,104 Icehouse,1963-10-13,812
crmid:1440594692,caregiver1952@yahoo.com,Johnny,Mcpherson,male,709-355-3363,Berkeley,United States,33572,Arizona,626 Second,1938-05-20,1609
crmid:9557914623,kindle1801@outlook.com,Dennis,Lewis,male,138-095-9619,Beavercreek,United States,15472,Oklahoma,201 Gerard,1937-03-17,2433
crmid:7641419659,mermnad1865@gmail.com,Kyle,Moreno,,039-750-5028,Huntington,United States,86063,Alabama,1315 Ellert,1973-04-23,1951
crmid:3562565317,polioencephalomyelitis1928@yahoo.com,Rachell,Frye,female,261-585-0461,West Bend,United States,14226,Tennessee,113 Concourse,1948-11-14,815
crmid:6874150112,despiteously2046@gmail.com,Barton,Glenn,male,103-662-4557,Napa,United States,03759,New Mexico,257 San Fernando,1995-02-02,1308
crmid:2665781068,crepeau1991@yahoo.com,Rico,Lambert,,744-170-5815,Nashville,United States,42843,Ohio,1085 Nimitz,1995-07-07,2254
crmid:8170341968,chuddar1850@outlook.com,Ema,Camacho,female,213-111-4532,Crestview,United States,15023,Maryland,357 Long,1951-03-05,913
crmid:3466495671,alkalurops1801@outlook.com,Marleen,Britt,female,484-666-6020,Erlanger,United States,35704,Rhode Island,761 Somerset,1960-06-04,2441
crmid:2016156023,solatia2020@yahoo.com,Raymond,Holt,male,039-994-6492,Arnold,United States,74325,Texas,853 Arago,1933-12-15,557
crmid:6044595911,cinderel2064@yandex.com,Janee,Lloyd,female,029-613-8285,Surprise,United States,15123,Montana,386 China Basin,1946-04-17,1321
crmid:5055152139,screechbird1838@live.com,Jose,Stewart,,846-734-3820,Prescott Valley,United States,27434,California,758 Alpine,1964-08-24,1251
crmid:5072837521,tasty1883@live.com,Tamala,Alvarado,female,345-601-7282,Oak Forest,United States,17067,Delaware,245 Santa Ysabel,1953-11-25,1556
crmid:4926578592,scatt1936@outlook.com,Virgilio,Lindsay,male,163-420-6298,Auburn,United States,56274,Vermont,911 Moneta,1934-10-17,2079
crmid:7461395008,rebelong1822@gmail.com,Pedro,Sykes,,324-912-2103,Salem,United States,37074,Arizona,91 Justin,1971-01-24,687
crmid:1649613355,plainswomen1841@yahoo.com,Ron,Petersen,,342-578-1899,Plainview,United States,84473,Washington,472 Candlewood,1968-08-09,1669
crmid:6885276562,brandie1908@outlook.com,Un,Vasquez,female,324-181-2832,Fargo,United States,55232,Nevada,258 Newburg,1961-09-29,1304
crmid:4347605017,hemopathy1960@live.com,Blair,Guerrero,male,311-055-5044,Papillion,United States,00467,Massachusetts,816 Arlington,1941-11-02,2356
crmid:2330830680,bemoon1815@outlook.com,Estefana,Frost,female,020-425-0778,North Chicago,United States,13992,North Dakota,220 Avenue H,1998-03-06,1731
crmid:3843293193,reemits1988@yahoo.com,Ben,Hawkins,,049-308-1078,Salem,United States,98691,Indiana,92 Scotland,1977-03-29,2624
crmid:8012369926,appleton1880@outlook.com,Audria,Hopkins,female,123-377-0370,Delano,United States,90511,Indiana,1213 Mandalay,1954-01-14,646
crmid:4656533827,briolette1912@live.com,Maurice,Cruz,,241-929-4311,Homestead,United States,44242,Maine,831 Crown,1973-08-12,2273
crmid:5689181386,spieler1876@live.com,Gerald,Pennington,,011-326-4414,Lake Forest,United States,54774,Ohio,138 Dorado,1980-10-13,1449
crmid:4228577004,doodlebug1834@yandex.com,Cleveland,Mathews,,782-195-2163,Keller,United States,02590,Virginia,454 Hickory,1977-01-12,1552
crmid:4038452248,sokols2016@outlook.com,Chadwick,Roman,,532-515-6937,Tampa,United States,97589,Nevada,1382 El Plazuela,1982-10-30,1970
crmid:6213849064,eyeballs1911@yandex.com,Tyrone,Figueroa,,131-996-3214,Hialeah Gardens,United States,95826,Oklahoma,298 Keith,1971-12-17,1133
crmid:1563194350,admedial1990@yahoo.com,Grover,Morales,,630-220-4978,St. Clair Shores,United States,83852,Massachusetts,333 Ney,1975-10-29,927
crmid:3329399238,doglike1896@gmail.com,Modesto,Briggs,,711-260-4203,Kirksville,United States,77460,Mississippi,622 Fisher,1978-04-23,2682
crmid:9153271693,porkpie1882@outlook.com,Caleb,Harrington,male,518-945-2153,Saratoga,United States,03081,Ohio,245 Corbin,1942-02-13,2855
crmid:2559116064,precast2003@outlook.com,Lucina,Hinton,female,840-036-4886,New Lenox,United States,63688,Idaho,973 Eugenia,1996-11-05,1245
crmid:1236918278,defloration1872@yandex.com,Everett,Quinn,male,567-578-4537,Arnold,United States,18295,Georgia,1088 Indiana,1933-04-24,2758
crmid:4146137676,foreordaining1871@live.com,Werner,Rojas,,711-288-2855,North Miami Beach,United States,57435,Wyoming,1226 Northern,1998-09-25,1240
crmid:3572646424,paratrophy1861@outlook.com,Tyrell,Ward,,290-614-2184,Meriden,United States,50593,South Dakota,1115 Habitat,1989-10-18,2945
crmid:3494251706,erbach2064@yandex.com,Vern,Joyce,male,609-921-3160,Perrysburg,United States,55204,New York,902 Alemany,1997-01-18,1205
crmid:3292495222,cambre1819@yandex.com,Russel,Farrell,male,555-273-4715,Auburn,United States,41839,Delaware,412 Merrimac,1934-08-09,1072
crmid:9249435113,deutomalar2032@yahoo.com,Gail,Guzman,,076-003-0581,Libertyville,United States,69228,Ohio,107 Saddleback,1982-11-12,817
crmid:5012226274,neurovaccination1838@live.com,Wilford,Norton,male,047-300-7032,Ashland,United States,96335,Washington,628 Long,1934-10-22,2149
crmid:5297429945,catherina1981@gmail.com,Erich,Weeks,male,011-141-7170,Rolling Meadows,United States,09658,Massachusetts,1075 Drummond,1938-04-30,2355
crmid:3447545172,darshi1802@yandex.com,Rolf,Peck,male,867-502-9213,Bell,United States,86172,West Virginia,1074 Osceola,1937-08-23,2860
crmid:7569064241,cypher1886@yandex.com,Phillip,Roach,,596-194-8440,San Jose,United States,53027,Alaska,86 Elwood,1998-11-12,1807
crmid:3899923674,lunchroom1883@live.com,Val,Fernandez,male,873-690-7692,Blythe,United States,66754,Montana,546 Edna,1940-12-21,1930
crmid:6666967817,footcandle1928@yandex.com,Victor,Sutton,male,767-878-2888,Ogden,United States,89679,Oregon,1234 Friedell,1932-10-28,1438
crmid:4725638134,sixteenths2064@outlook.com,Stepanie,Dudley,female,128-559-1068,Ocean Springs,United States,67455,Illinois,462 Iris,1956-08-08,365
crmid:2684565688,ascension1895@yandex.com,Lenita,Parks,female,908-815-1109,Durham,United States,96619,California,424 Fitzgerald,1956-05-22,2874
crmid:5828579630,donatistical1949@yandex.com,Herbert,Jones,male,983-314-8099,Agawam,United States,21619,Mississippi,683 Aptos,1930-05-16,2887
crmid:5368756672,brigandine1929@yandex.com,Nicholle,Carson,female,607-426-6920,Springboro,United States,18112,Utah,66 Nautilus,1952-07-05,1499
crmid:4510500226,bevvy1887@outlook.com,Denis,Hodge,,526-084-3060,Pleasanton,United States,34747,Maine,350 Vermont,1973-08-16,2363
crmid:8311194559,sawbucks1885@yahoo.com,Felipe,Cortez,,783-519-3630,Hickory,United States,47928,Virginia,1137 Jasper,1971-08-07,1868
crmid:4436553425,chinchilla1876@yandex.com,Quinton,Chapman,,139-467-3318,Lincoln Park,United States,80661,Idaho,308 Taylor,1983-01-20,840
crmid:5525257425,segment1993@yandex.com,Shavonne,Hunter,female,205-991-1970,Dublin,United States,42320,Rhode Island,668 Fortuna,1956-08-15,1446
crmid:1147429301,chiasma2011@gmail.com,Onita,Daniels,female,335-265-5390,Dumont,United States,31942,Arizona,1146 Leroy,1956-07-07,2849
crmid:2509685232,bizonia2042@yandex.com,Ian,Hatfield,male,634-455-4390,Calexico,United States,83546,Missouri,832 Plymouth,1943-05-13,2391
crmid:9018601970,peachen1890@yandex.com,Bradly,Norris,male,211-731-4801,Oakley,United States,70604,Minnesota,232 Clifford,1941-01-22,1925
crmid:4698654022,enterocoele1864@outlook.com,Clarence,Simpson,male,137-890-2522,Brook Park,United States,60511,Michigan,1128 Jones,1941-10-31,2825
crmid:2222156653,habilimented1831@live.com,Rufus,Rush,,548-557-5033,Vincennes,United States,94279,New Jersey,125 Enterprise,1991-07-13,2680
crmid:3177570287,bombsight1828@gmail.com,Irving,Nixon,,522-229-7094,Santa Barbara,United States,94382,Alaska,114 Joice,1993-03-12,1381
crmid:8186575696,babuina1925@yandex.com,Filiberto,Bell,,338-820-9524,Haverhill,United States,28065,Pennsylvania,476 Mayfair,1970-04-07,2449
crmid:2860150949,uakari2023@yandex.com,Boris,Rodriquez,,221-779-3155,Glen Ellyn,United States,31025,California,594 Jennifer,1966-07-24,2464
crmid:7999408257,dyspepsia2000@live.com,Quinton,Foley,male,926-419-9788,Shakopee,United States,54439,Kansas,996 Forest,1930-08-10,1025
crmid:5355250068,jeopardise2017@yandex.com,Art,Blair,,969-846-5968,Madison,United States,41608,Washington,485 Radio,1985-07-07,1440
crmid:5213356645,camber2032@gmail.com,Brant,Carr,,186-285-9772,Kingman,United States,51004,Florida,528 Friendship,1977-09-15,1217
crmid:3063132269,portment2005@yahoo.com,Rodrick,Graves,,737-167-5245,Sand Springs,United States,54732,Montana,762 Orsi,1962-08-09,468
crmid:6665810119,trijets1843@yandex.com,Duncan,Norman,,716-578-1025,Hazleton,United States,43682,Maine,325 Harding,1970-08-01,2903
crmid:6620666095,entach1911@outlook.com,Quincy,Clemons,,903-908-2996,Montrose,United States,36591,New Jersey,856 Gonzalez,1992-06-25,2647
