crmid,email,first_name,last_name,gender,mobile telephone,city,country,zip,state,street address,birthday,historicalpoints
crmid:4627653415,species2018@gmail.com,Theo,Spence,female,649-337-1999,Dunedin,United States,50464,Kansas,321 Metson,1956-09-28,1145
crmid:4953043334,pennia1865@gmail.com,Dong,Kirby,male,212-379-3769,Shoreline,United States,50425,Oregon,602 Clarkson,1999-10-02,954
crmid:6300902297,greylag1864@yandex.com,Emmaline,Finley,female,770-229-5603,West Hollywood,United States,61236,Florida,1171 Muir,1954-03-09,1258
crmid:5135210077,transistors1901@yahoo.com,Derrick,Lancaster,,092-877-3524,Vallejo,United States,50456,Kentucky,8 Auto,1976-01-04,2025
crmid:9237415078,clone1945@live.com,Jewell,Collier,male,214-997-4051,Burien,United States,38480,Maryland,1095 Claremont,1942-05-06,1899
crmid:7875446178,maimed1879@yandex.com,Reinaldo,Simpson,male,937-220-6030,Baldwin Park,United States,68891,Idaho,246 Merced,1935-11-15,2184
crmid:8508672893,alcindor2060@live.com,Yoshie,Nielsen,female,999-247-3829,Clearwater,United States,54946,Oregon,463 Colin,1948-09-21,2140
crmid:3648237938,deodate1824@yandex.com,Rosamond,Burch,female,250-522-6325,DeKalb,United States,41025,California,414 Laskie,1953-07-04,568
crmid:5915458342,dynamistic1861@yahoo.com,Ariel,Francis,,677-647-4399,Kannapolis,United States,36306,Arizona,284 Coronado,1976-06-20,2042
crmid:1988052690,monkhood1852@outlook.com,Elvina,Murray,female,126-715-6565,Eagle Mountain,United States,96111,Kentucky,130 Ellis,1956-03-21,1313
crmid:5357273042,stork1960@gmail.com,September,Tyler,female,594-676-7647,Charlotte,United States,40735,Vermont,1251 Santa Marina,1946-08-29,2789
crmid:6765731557,alkanethiol2055@yandex.com,Janessa,Travis,female,128-842-6021,Corcoran,United States,88276,New York,554 Fanning,1950-04-29,617
crmid:2199072650,corbett1852@yahoo.com,Claud,Bass,,468-608-9225,Winston-Salem,United States,41009,Minnesota,1150 Clairview,1983-12-07,1861
crmid:7865718643,corena2055@yahoo.com,Lino,Riley,male,083-397-4748,Statesville,United States,89786,Missouri,646 Heyman,1933-06-25,405
crmid:5985134007,explains2026@gmail.com,Josphine,Mclaughlin,female,516-237-8636,Ypsilanti,United States,22076,Wisconsin,1037 Ellis,1957-04-19,2523
crmid:5434905073,coils1849@yahoo.com,Tuan,Norman,,755-935-8020,Manteca,United States,37640,Washington,1155 Truby,1986-06-07,887
crmid:4996920252,spectrochemical1924@live.com,Eryn,Roberson,female,848-719-9712,Compton,United States,88878,Kansas,1293 Vinton,1949-03-25,1077
crmid:5913843741,galago1932@yandex.com,Tomas,Cannon,male,294-759-2557,Cape Coral,United States,81179,Montana,680 Payson,1944-09-05,428
crmid:1547427010,verdurer1869@outlook.com,Jessia,French,female,391-681-2895,Escondido,United States,63193,New York,1034 Cohen,1960-11-08,1648
crmid:4223868799,burley1929@live.com,Hector,Garcia,male,766-632-2087,Burleson,United States,23833,Missouri,790 Coronado,1943-05-11,874
crmid:9162288858,unliberally1861@yandex.com,Yuko,Cherry,female,917-436-2961,Newark,United States,21915,Tennessee,380 Commonwealth,1997-04-18,1056
crmid:7840878656,cornishman1855@outlook.com,Rayford,Manning,,328-989-5759,Santa Fe Springs,United States,40950,New York,334 Oneida,1989-12-04,423
crmid:3471903035,bridal2000@live.com,Simon,Bender,male,863-737-2119,Brawley,United States,80752,Mississippi,1012 Sunbeam,1941-09-02,1451
crmid:5899402220,redoxes1910@yahoo.com,Jared,Riley,male,154-917-3405,Banning,United States,27982,Illinois,1221 Barneveld,1936-05-25,379
crmid:2282742525,tastier2010@yandex.com,Myles,Collier,,970-529-9895,Gastonia,United States,66811,Nebraska,77 Thomas More,1965-11-13,362
crmid:2517833435,zillionaire1968@outlook.com,Arron,Richards,,414-226-5860,Hialeah Gardens,United States,60005,Michigan,1022 Armistead,1971-11-18,1792
crmid:5849361494,ciscos1899@outlook.com,Xuan,Ray,female,820-313-2413,Duarte,United States,57000,Alabama,620 Hermann,1955-09-24,1840
crmid:3873784457,sourbellies1811@live.com,Keiko,Hendrix,female,661-548-0244,Rancho Cordova,United States,23986,South Carolina,287 Reeves,1957-05-13,1569
crmid:4366136130,aerobatic1948@live.com,Hung,Lowe,male,674-137-7537,Spring Hill,United States,15401,West Virginia,823 Stoneman,1944-05-18,894
crmid:5723317299,avantgarde1915@outlook.com,Daron,Aguirre,,876-006-8181,Minot,United States,48052,Kansas,1286 Santa Clara,1991-07-11,1133
crmid:6165502184,deformative1889@yandex.com,Calista,Chang,female,850-417-5750,Sanford,United States,90762,Idaho,1116 Danton,1960-01-06,950
crmid:3581739935,euda1843@yandex.com,Rueben,Contreras,,489-325-9693,Plainview,United States,53197,South Dakota,394 Sternberg,1975-10-06,2884
crmid:8614510424,boudreau1812@yandex.com,Rene,Kline,,083-879-7475,Riverside,United States,38934,Florida,166 Ashburton,1973-06-27,2152
crmid:4781433116,prosecutor1952@yahoo.com,Eddie,Welch,,721-889-3752,Seguin,United States,95099,Washington,909 Lake Forest,1989-02-01,1046
crmid:4231000525,vilification1939@yahoo.com,Judson,James,male,626-775-2491,Blaine,United States,32262,South Dakota,448 Battery Caulfield,1939-06-15,353
crmid:9057202604,deceive1834@live.com,Leighann,Berg,female,627-154-5131,South Jordan,United States,89068,South Dakota,472 Berry,1958-05-03,2202
crmid:2341743956,breaker1962@yandex.com,Josef,Atkins,,809-611-2336,Mandan,United States,24003,Ohio,876 Bertie Minor,1986-05-09,1161
crmid:7024618805,plexuses1916@yandex.com,Zachary,Clemons,,098-784-8163,Granite City,United States,49825,Idaho,687 Halleck,1967-07-24,1004
crmid:3379352393,archfiend1907@outlook.com,Brady,Beach,male,169-425-7931,Ashtabula,United States,05216,New York,531 Loyola,1934-01-02,1799
crmid:3605316081,adena1963@live.com,Nathan,Fleming,,922-360-5510,La Ca�ada Flintridge,United States,28144,Massachusetts,521 Baltimore,1978-04-29,2684
crmid:2094774054,coconscious2018@outlook.com,Everette,Mcleod,male,886-993-7776,Burlingame,United States,81694,Minnesota,899 Mistral,1943-04-19,1128
crmid:3107702460,cyrtidae2045@yandex.com,Daren,Austin,male,904-034-0456,San Mateo,United States,87177,New Mexico,289 Bryant,1936-03-01,405
crmid:8983126985,tzarina1919@yandex.com,Forest,Frank,,089-049-8960,Torrance,United States,46582,Indiana,477 Silver,1987-06-21,2575
crmid:3137122635,blasphemy1900@yandex.com,Benton,Ellis,,389-615-8584,Murray,United States,65282,Connecticut,973 Frank Norris,1994-10-15,920
crmid:2296737751,alkalurops1886@live.com,Shera,Vaughan,female,158-947-2739,Farragut,United States,44948,Louisiana,828 Clearfield,1961-08-29,1579
crmid:4698521043,woofs1938@gmail.com,Blair,Flores,,668-828-3359,Lake Havasu City,United States,48324,North Dakota,1237 Egbert,1980-08-20,302
crmid:8562540689,nonfossiliferous1955@yahoo.com,Dwain,Holden,male,840-444-9023,Rome,United States,04338,New York,52 Blackstone,1933-03-14,2121
crmid:9119707094,highheartedly1951@gmail.com,Pablo,Goff,,098-913-0481,Hillsboro,United States,14630,Nevada,1371 Carrie,1972-03-23,745
crmid:2880354991,thermometrically1960@live.com,Tanner,Montoya,,470-758-7401,Harvey,United States,57875,Nebraska,1119 Lucerne,1970-10-05,2600
crmid:7561000257,spaciously2060@gmail.com,Franklin,Barton,,271-189-5488,North Ridgeville,United States,49120,North Carolina,590 Paloma,1999-08-11,1977
crmid:8998820796,adriene1822@gmail.com,Jody,Logan,,609-496-3265,West Lafayette,United States,32381,Vermont,62 Ocean Vista,1972-06-08,2923
crmid:5136702597,cointer1886@outlook.com,Elden,Allison,,876-355-1413,Walnut,United States,55388,Alabama,23 Euclid,1980-01-28,1639
crmid:4570977430,kehillah2052@outlook.com,Chance,Glover,,280-125-1108,Holly Springs,United States,96835,Nevada,231 Stanford Heights,1972-05-22,2361
crmid:8841647350,brambles1877@gmail.com,Quinton,Hurley,,067-770-2488,Hampton,United States,11401,Arkansas,1221 Wabash,1969-03-27,389
crmid:4328531444,flatland1896@gmail.com,Clair,Hamilton,,709-461-2744,New Castle,United States,54460,California,388 Yale,1996-09-11,2478
crmid:2654019918,dioptrically1889@outlook.com,Sid,Sanders,male,865-604-0339,Bartow,United States,55818,Utah,28 Allison,1936-09-26,665
crmid:2337938138,cockroach1984@yahoo.com,Vance,Haynes,,504-036-5645,Walker,United States,66153,Mississippi,1083 Santa Barbara,1969-11-03,1059
crmid:7370583056,aggregat1832@live.com,Todd,Kemp,male,442-630-8615,Arlington,United States,53044,Kentucky,1250 Barnard,1933-09-16,1039
crmid:9911487452,carapus1862@live.com,Trevor,Hester,male,276-494-9208,Agawam,United States,54912,West Virginia,952 South Gate,1930-09-14,2887
crmid:9085327322,rotundity2037@outlook.com,Malcom,Erickson,male,617-966-4954,Brooklyn Park,United States,35461,Connecticut,52 Tiffany,1942-07-09,1764
crmid:2674580078,heiress1842@outlook.com,Minh,Weber,male,035-105-1389,Safety Harbor,United States,04677,Maine,819 Ordway,1934-10-14,2264
crmid:7976038355,murras1810@gmail.com,Erwin,Thornton,male,343-430-7367,Bossier City,United States,99680,Minnesota,958 Aloha,1940-04-29,1936
crmid:3190702810,upshove2036@live.com,Jesse,Calhoun,,855-196-0763,Woodland,United States,49197,Utah,267 Lester,1987-12-30,1139
crmid:6237249329,anaesthetic1861@outlook.com,Marhta,Bennett,female,540-493-7291,Charleston,United States,60598,Minnesota,871 Virgil,1946-10-11,2796
crmid:1658579112,bibliographer1869@outlook.com,Charis,Floyd,female,956-371-0873,Starkville,United States,87252,Florida,632 Rudden,1946-02-10,1120
crmid:8702037248,bickford2026@yandex.com,Louis,Ballard,,845-414-2143,Sanger,United States,65206,Mississippi,330 Baker,1970-10-25,2215
crmid:7530624955,cordoba2011@gmail.com,Barry,Roberts,,184-850-7460,Lima,United States,16001,Nebraska,32 Dwight,1982-03-29,2747
crmid:7223960896,lefty1963@outlook.com,Elisha,Reyes,,253-218-3130,Westerville,United States,94721,North Carolina,464 Macondray,1991-07-24,865
crmid:5876335307,tarsier1865@live.com,Arron,Pope,,687-234-9638,Wheaton,United States,76392,Idaho,72 Wilmot,1977-12-09,2461
crmid:9666606746,unrobing1854@outlook.com,Herb,Miranda,,670-513-1121,St. Joseph,United States,55413,Kentucky,1364 West Halleck,1989-09-07,2112
crmid:9086906595,cottontail1809@yandex.com,Louie,Carey,female,618-341-0755,Wentzville,United States,21613,Colorado,732 Santa Cruz,1955-06-05,2093
crmid:5030469771,wingseed1843@outlook.com,Weston,Allison,male,819-429-5496,Bell Gardens,United States,90692,Kansas,960 Fairmount,1937-10-01,776
crmid:7678549329,photographic2023@yahoo.com,Barney,Cantu,,282-272-3337,North Ridgeville,United States,44713,Nevada,576 Dorland,1999-07-06,1134
crmid:6606559062,couchy1978@yandex.com,Rickie,Reyes,,449-153-4270,La Mesa,United States,65466,Minnesota,370 Rosa Parks,1978-11-11,2422
crmid:4709137084,blizz2011@yandex.com,Warner,Solis,,191-160-4291,Trotwood,United States,73635,Illinois,1155 South Gate,1968-11-16,1056
crmid:6120104496,pulvinus1831@yahoo.com,Beau,Sanchez,,031-668-3877,Highland,United States,55202,Arkansas,807 Acadia,1971-09-29,1911
crmid:8904128679,scorner1951@live.com,Theodore,Sparks,,110-954-1775,Grand Forks,United States,14855,South Carolina,204 French,1967-03-11,806
crmid:7791354169,bijou1994@gmail.com,Glenn,Hutchinson,,460-197-4323,Gary,United States,52849,New Hampshire,827 Birch,1965-10-30,1694
crmid:9832833839,slewer2020@yandex.com,Fernando,Solomon,,880-987-9914,Windsor,United States,96456,New Jersey,349 Gaven,1981-09-10,2840
crmid:1688251883,wallet1872@gmail.com,Eldridge,Oliver,,857-604-7854,Jeffersontown,United States,73466,California,292 Emerald,1975-12-20,2932
crmid:6284916712,acolapissa2059@live.com,Edmund,Hart,,920-170-3746,Issaquah,United States,28347,Kentucky,166 Bonnie Brae,1975-04-02,2873
crmid:6212429044,dogman1844@gmail.com,Kelley,Alvarez,male,389-030-5429,Roanoke Rapids,United States,60080,Colorado,706 Ripley,1937-06-01,343
crmid:9547625232,nonbelief2066@gmail.com,Freeman,Russo,,498-202-3247,Garner,United States,16205,Oregon,318 Rosemont,1965-03-06,2650
crmid:2664068519,recurrent1973@yandex.com,Katherina,Workman,female,711-045-9611,Westerville,United States,28919,Rhode Island,663 Meacham,1958-05-31,887
crmid:5370542678,peristylium1933@gmail.com,Edison,Finley,,383-054-0278,Greer,United States,76772,North Dakota,817 Inverness,1968-12-07,1340
crmid:9922952756,headship2015@gmail.com,Arlen,Brooks,,622-909-7984,Hot Springs,United States,35108,Nebraska,533 Waltham,1973-06-13,2180
crmid:2366834374,osmundaceae1812@gmail.com,Saul,Kerr,male,369-047-7233,Superior,United States,05085,South Carolina,119 Nauman,1931-09-16,1681
crmid:3187971813,chenault1976@live.com,Phylicia,Craft,female,645-613-6316,San Juan,United States,24436,New Mexico,174 Wilmot,1959-07-07,1985
crmid:2761456597,hopeful2027@outlook.com,Garfield,Boyd,,844-702-0231,Moorhead,United States,39004,Iowa,806 Ruger,1993-07-17,1474
crmid:1824999765,carrizo1909@yandex.com,Yael,Compton,female,254-944-4936,Eagan,United States,51922,Ohio,1014 Patterson,1956-09-07,2585
crmid:8991196726,cinerins1847@live.com,Glen,Reeves,,013-447-6866,Golden Valley,United States,05765,California,625 Avila,1966-01-13,2411
crmid:5051901452,dunsmore1886@gmail.com,Elvis,Justice,male,815-913-4646,Whitehall,United States,51018,Georgia,1038 Fresnel,1998-01-06,1682
crmid:2427516174,willowweed2031@gmail.com,Sherice,Caldwell,female,717-986-7257,Royal Oak,United States,96114,Vermont,369 Lake Merced Hill,1952-11-15,1701
crmid:3977587579,choctaw2062@gmail.com,Wilton,Santana,male,656-544-0330,Carson City,United States,78715,Utah,1103 Carroll,1944-10-26,641
crmid:6671981161,repentingly1932@live.com,Erasmo,Hess,male,911-956-3880,Albuquerque,United States,13389,Delaware,238 Colin,1931-04-14,2627
crmid:1060314245,bourcier1808@yahoo.com,Rolando,Ortiz,,212-316-1505,Orem,United States,30466,Maryland,372 Keystone,1970-03-01,433
crmid:9551986906,agitprop2055@yandex.com,Richard,Jarvis,male,172-622-4670,Central Point,United States,41453,Kansas,1295 Napoleon,1945-08-15,2082
crmid:8551131408,fluxional2014@gmail.com,Dane,Hinton,,351-293-7027,Loma Linda,United States,92107,Oregon,483 Mclaren Lodge Access,1983-04-08,1927
crmid:7093106764,insurgently2069@live.com,Myron,Jenkins,,201-067-1441,Merrillville,United States,71247,Nebraska,601 Tunnel,1989-03-22,2725
crmid:7761384639,withery1994@yandex.com,Elina,Lawson,female,006-049-4224,Danville,United States,11753,Texas,18 Avenue I,1953-03-17,354
crmid:5081076342,dupable1985@outlook.com,Danial,Ray,,018-244-0849,Trenton,United States,46477,Delaware,744 Pena,1989-01-22,1335
crmid:7116902127,rooky1928@yahoo.com,Jeramy,Nolan,male,068-650-0922,Avon,United States,56012,Idaho,1053 Cleary,1935-10-10,1471
crmid:3143760695,balmoral1855@live.com,Dominique,Finch,male,458-091-6883,Burlington,United States,18971,Maryland,323 Sea View,1943-03-09,2678
crmid:6586507274,thob2005@gmail.com,Apryl,Joseph,female,568-052-5370,Corpus Christi,United States,00456,Idaho,290 Brooks,1951-01-16,357
crmid:4555304535,beachcomber1912@outlook.com,Leif,Conrad,,809-574-1081,Huntington Park,United States,90831,Wyoming,705 Graham,1974-02-03,2545
crmid:5745668139,alcalde2017@yandex.com,Emilio,Moreno,male,533-166-3332,Bessemer,United States,86745,Maryland,766 Kirkwood,1938-03-21,1229
crmid:6751612246,correy1946@yandex.com,Nolan,Jacobs,,042-969-2949,Gaithersburg,United States,12416,Delaware,909 Adam,1964-02-22,2976
crmid:4828010071,letdown1837@outlook.com,Leslie,Booker,male,327-913-5043,Carmel,United States,35182,Minnesota,1186 Jamestown,1944-06-03,1220
crmid:9953479420,atpco1821@yandex.com,Anneliese,Chen,female,025-908-7167,Spartanburg,United States,20780,Alabama,537 Torney,1958-10-01,1471
crmid:6592601552,sizzles1987@yahoo.com,Eleni,Nixon,female,455-308-1075,Natchitoches,United States,26757,New York,723 Westgate,1995-04-05,2512
crmid:5034052574,regga1983@yandex.com,Columbus,Neal,male,409-551-4266,New Iberia,United States,56064,Maryland,735 Sternberg,1996-09-18,1612
crmid:1259365283,suing1899@outlook.com,Renato,Martin,,595-175-7746,Georgetown,United States,80385,Oklahoma,580 Fourth,1965-12-01,2582
crmid:8935261926,award1897@live.com,Jospeh,Santiago,,252-631-8681,Yuba City,United States,40345,Illinois,520 Sterling,1993-02-02,1045
crmid:3761451106,arithmogram1956@yahoo.com,Benedict,Garcia,,712-768-8455,Sayreville,United States,62346,Massachusetts,1349 Nauman,1997-05-21,2194
crmid:5298752978,nightingale1802@gmail.com,Waylon,Perez,,928-261-3418,Goldsboro,United States,53692,Vermont,11 Cesar Chavez,1967-09-28,1358
crmid:5240016116,pseudovum1991@live.com,Waldo,Chavez,,352-394-2940,Midvale,United States,33961,Vermont,767 Whitfield,1990-07-11,2681
crmid:9848766330,pilgrim2062@gmail.com,Frederick,Frye,,243-082-2076,Granite City,United States,45382,Pennsylvania,691 Sharp,1967-07-16,2252
crmid:5200659878,choluteca1902@yandex.com,Nickie,Odom,female,361-163-1813,Delaware,United States,31823,Tennessee,335 Commercial,1954-07-22,2749
crmid:6175671598,gameness1850@yahoo.com,Odell,Hoover,male,037-050-7632,Napa,United States,04075,Arkansas,1073 Berry,1995-01-14,2054
crmid:1487025984,beate1813@outlook.com,Kip,Dillon,,814-146-5196,Gloucester,United States,35235,South Dakota,153 Automobile,1966-07-23,2256
crmid:5287139163,decries1807@yahoo.com,Gerald,Kent,,130-112-4566,Wichita Falls,United States,22649,Alabama,291 Tomaso,1965-04-08,1721
crmid:2934599466,epeira1994@outlook.com,Annika,Delgado,female,459-175-7747,East Peoria,United States,52617,Rhode Island,252 Tocoloma,1957-10-01,2768
crmid:2527588931,hubcaps2054@yandex.com,Theron,English,,642-884-3163,Kingston,United States,86124,Pennsylvania,921 Midway,1977-03-22,2629
crmid:2404137635,dentelle1853@gmail.com,Rufus,Knight,male,039-344-3930,Cabot,United States,88407,Connecticut,938 Brannan,1943-08-16,2508
crmid:9845396253,daube1995@yandex.com,Paul,Cantrell,,113-967-6711,Shakopee,United States,49697,Connecticut,593 Whitney,1991-11-28,2911
crmid:7172132288,aceology1813@yandex.com,Glenn,Johnston,female,628-397-0271,Thornton,United States,14802,Iowa,753 San Lorenzo,1949-03-15,2728
crmid:6327806498,kingliest1916@gmail.com,Raleigh,Alford,,371-321-5446,Lynwood,United States,53994,Wyoming,585 Channel,1985-09-20,2798
crmid:8948615979,seldom1904@gmail.com,Christoper,Barnett,,161-864-8344,Hoboken,United States,84659,Arizona,195 Camellia,1972-12-16,2427
crmid:9626013281,paves2047@outlook.com,Harrison,Flynn,,115-615-9023,SeaTac,United States,23702,New Mexico,576 Sierra,1966-11-10,1890
crmid:5597616202,decubitus1944@yahoo.com,Dong,Head,male,259-989-5899,Camden,United States,73853,Pennsylvania,1291 Schofield,1943-12-05,2581
crmid:5192224221,gals1954@yahoo.com,Lonny,Lucas,,765-813-8261,Sycamore,United States,76710,Mississippi,764 Vassar,1973-12-27,691
crmid:5364776990,rec1942@yandex.com,Darin,Battle,,285-136-5907,Saratoga Springs,United States,44540,Nebraska,548 Kearny,1985-08-17,1114
crmid:8284849804,immerging1815@yandex.com,Blake,Stout,,698-341-9411,Pekin,United States,83189,Alaska,1351 Oak Park,1978-06-09,1245
crmid:1582198812,tattooage1954@yandex.com,Charles,Robles,male,343-570-8472,Alamo,United States,02334,Massachusetts,1194 Maiden,1930-02-25,2944
crmid:6150444918,bronco2031@gmail.com,Kit,Greer,female,865-796-9408,Socorro,United States,13554,South Carolina,1092 Sonora,1946-05-12,1200
crmid:9356735396,morbility1974@yandex.com,Jack,Wooten,,666-000-3479,Schertz,United States,31293,Washington,1374 Devonshire,1971-07-07,977
crmid:6908973160,enciphered2009@yahoo.com,Chad,Wong,male,359-498-5557,Portland,United States,69560,Wisconsin,232 Lurline,1934-12-03,2293
crmid:5565438865,eightsmen1962@gmail.com,Chad,Logan,,490-997-2502,Yorkville,United States,45970,California,1206 Union,1989-11-17,1803
crmid:4421962453,dhole1898@outlook.com,Alfred,Wolfe,,649-993-6961,Lincoln Park,United States,79406,South Carolina,485 Ford,1983-12-08,2095
crmid:8611550261,corydon1959@yandex.com,Eugenio,Morrison,,787-199-0502,Oxnard,United States,55488,Illinois,1291 Freelon,1969-09-18,698
crmid:8033795194,zonular2037@yahoo.com,Wiley,Vazquez,,788-510-2460,Fort Lauderdale,United States,92693,South Dakota,316 Derby,1963-12-09,2373
crmid:5104495857,bezzo1812@live.com,Emanuel,Hopper,,839-183-3475,Manhattan,United States,43847,Alaska,643 Mansell,1986-08-31,2038
crmid:4574484920,affiliate1857@outlook.com,Isreal,York,,351-393-1901,Laguna Beach,United States,61426,California,226 Collins,1979-10-21,1615
crmid:8761611504,senary1886@gmail.com,Alonzo,Mccall,,423-054-2860,Kirksville,United States,18957,Maryland,266 Poplar,1978-04-19,679
crmid:5951565611,vibrative2039@yahoo.com,Lemuel,French,male,389-611-7562,San Benito,United States,03566,Oregon,543 States,1932-06-10,860
crmid:6381974576,penguin2005@gmail.com,Pei,Blevins,female,275-431-3209,Coalinga,United States,41831,Connecticut,975 Dicha,1948-07-03,582
crmid:5384665917,votiveness1942@yahoo.com,Laure,Peterson,female,568-977-7948,Colorado Springs,United States,98792,Rhode Island,1248 Talbert,1949-05-23,343
crmid:2842883163,barbara1804@gmail.com,Carroll,Cohen,,782-338-3061,Livermore,United States,89614,Colorado,128 Fairmount,1983-09-28,419
crmid:2112035693,lawless2015@gmail.com,Suk,Dotson,female,576-273-0000,Euclid,United States,40707,Utah,462 Julian,1960-08-08,1531
crmid:8408778982,cameraman2010@gmail.com,Leonardo,Scott,male,562-371-9803,Adelanto,United States,78444,Maine,647 Oshaughnessy,1930-12-12,2402
crmid:2981327182,escobilla2069@outlook.com,Bobby,Santos,male,748-680-3571,Alsip,United States,05574,Rhode Island,72 Transbay Hump,1931-01-26,2574
crmid:2043786641,discovert1946@yahoo.com,Eugene,Pugh,,756-199-2549,Raleigh,United States,92279,Maine,37 Toyon,1978-04-15,365
crmid:7364905869,flittiness1954@yandex.com,Gilberto,Walters,male,058-372-4446,Brook Park,United States,92985,New Jersey,1093 Boynton,1941-04-30,1128
crmid:5749926840,asouth1876@outlook.com,Elayne,Schwartz,female,247-153-8188,Prairie Village,United States,21512,New York,374 Lamartine,1960-03-26,1465
crmid:5680409389,disconsolate1907@gmail.com,Noah,Dominguez,,519-262-1720,Gilbert,United States,77762,Nevada,59 Head,1966-12-25,1396
crmid:2281611138,celloid1901@yahoo.com,Keven,Bass,male,778-940-9349,Alpharetta,United States,73369,Illinois,202 Culebra,1931-12-21,1627
crmid:7070695026,cobwebs2059@yandex.com,Demarcus,Lawrence,,213-787-9749,Hazelwood,United States,42515,Indiana,357 Shaw,1970-07-05,2526
crmid:6368756292,clarified1924@live.com,Bert,Cooke,male,281-126-5918,New Hope,United States,00326,Michigan,408 Fifth,1996-01-24,414
crmid:7745342514,acceptable1948@yandex.com,Jerry,Whitfield,male,882-675-8325,Radcliff,United States,78317,Maine,884 Jose Sarria,1995-02-10,1634
crmid:9778956844,religiousness1985@outlook.com,Aubrey,Mckinney,male,421-543-8823,Worcester,United States,60534,Indiana,280 Juanita,1934-01-19,2313
crmid:7061419133,everyman1988@yandex.com,Vicente,Whitney,male,275-488-6382,Carteret,United States,79927,Arkansas,1163 Jewett,1944-12-18,2105
crmid:7695689193,esclavage1923@outlook.com,Will,Rollins,,617-691-0586,Lackawanna,United States,19752,Texas,219 Fourth,1979-03-10,2666
crmid:9944148332,delano1818@yandex.com,Dale,Dalton,,132-899-2182,Indianapolis,United States,75607,Tennessee,439 Cora,1974-09-21,2664
crmid:1076533490,craft2017@yahoo.com,Dewitt,Rosa,,387-398-1557,Greensboro,United States,13744,Mississippi,280 Northridge,1968-03-10,788
crmid:7210019287,birken1901@yandex.com,Robin,Osborn,male,999-880-4944,Mountlake Terrace,United States,05659,Texas,762 San Gabriel,1994-01-29,2229
crmid:2862588239,balas1856@outlook.com,Reinaldo,Sears,,274-742-9361,Harker Heights,United States,02680,California,1322 Kirkwood,1969-01-20,2227
crmid:2519207845,brusque1857@yandex.com,Kelly,Daniel,male,017-342-7484,Palatine,United States,12414,Utah,8 Chula,1945-06-07,2578
crmid:2119394551,epicontinental1901@gmail.com,Dillon,Owens,,555-358-3482,Poplar Bluff,United States,45988,California,1391 Don Chee,1986-11-18,2367
crmid:3933831992,elbow2063@gmail.com,Monte,Nelson,male,699-110-8505,Pflugerville,United States,64609,Colorado,166 Birchwood,1943-07-21,2653
crmid:2971860124,nonimposition1860@gmail.com,Lino,Dunlap,,833-399-7414,Geneva,United States,51331,Delaware,632 Hancock,1965-09-05,2817
crmid:3355433142,edomitish2045@live.com,Jermaine,Larson,,950-268-6521,Franklin,United States,72223,Vermont,408 Ship,1963-12-27,2749
crmid:7469823134,succursal2007@yandex.com,Pete,Bradley,male,900-637-9946,Patterson,United States,04194,Montana,1236 Avocet,1941-08-03,2410
crmid:8874364414,engineman2022@outlook.com,Dustin,Mercer,,263-447-5322,Leavenworth,United States,32761,Oklahoma,891 Garcia,1981-06-23,2760
crmid:4428443793,colombian1810@yandex.com,Lakenya,Stark,female,406-432-7625,Rocky Mount,United States,18331,New Mexico,854 Rockdale,1947-05-28,2168
crmid:8835452033,atoning1977@outlook.com,Hermila,Suarez,female,966-310-4515,Citrus Heights,United States,16339,Tennessee,1381 Crane,1947-04-28,563
crmid:2050345950,empathetic1910@live.com,Boris,Johnson,,066-494-8384,Roseville,United States,93815,New Jersey,443 Rayburn,1971-09-06,343
crmid:6136542909,mellic1819@yandex.com,Earl,Davenport,,750-686-6088,Lakeville,United States,06942,New York,821 Battery Blaney,1980-01-22,1241
crmid:1973242269,blackbirds1856@live.com,Mason,Cotton,,069-032-8416,University Place,United States,86394,Illinois,664 Seal Rock,1974-12-29,414
crmid:5526243186,emulating1972@live.com,Yuk,Cox,female,082-579-4107,Dodge City,United States,53715,Arizona,729 Jade,1955-09-07,2168
crmid:4767472836,existential2062@yahoo.com,Weston,Farley,,261-995-9539,Kenner,United States,63587,Rhode Island,818 Gough,1977-11-08,1831
crmid:6110704723,grievance1904@live.com,Stuart,Bradford,,415-411-8501,Orange,United States,78748,Colorado,354 Shakespeare,1988-03-16,2677
crmid:1896053658,bigha1921@live.com,Cyril,Weber,,813-569-3719,Muskego,United States,48514,Kansas,600 Nevada,1994-07-15,2392
crmid:7319105404,chemotherapeutics1856@outlook.com,Chris,Matthews,,575-778-9460,Findlay,United States,48470,Wisconsin,227 Montana,1962-07-29,963
crmid:8106077099,dunsmore1992@live.com,Amos,Cleveland,,293-453-3011,Menasha,United States,47143,Kentucky,997 Meade,1989-07-11,1318
crmid:2197859977,dined2045@outlook.com,Alejandro,Patton,,726-725-4187,Kalispell,United States,18407,Wyoming,1311 Ship,1976-03-24,2083
crmid:4926723392,scandic2000@yandex.com,Carlee,Graham,female,668-472-3670,Venice,United States,96318,Arizona,1023 Gillette,1958-11-03,1012
crmid:6469330954,simars1914@gmail.com,Rana,Parsons,female,755-884-9331,Coronado,United States,76127,North Carolina,1153 Santa Ana,1951-07-23,528
crmid:6643296588,undefiniteness1841@outlook.com,Timothy,Mosley,female,559-012-2634,Pacifica,United States,95873,Ohio,737 Boutwell,1961-09-21,2394
crmid:2865343798,rhoding1981@gmail.com,Tuan,White,,386-926-4391,Garden Grove,United States,91879,Arkansas,727 Prescott,1965-07-04,978
crmid:2169900433,unroomy1832@live.com,Loan,Garcia,female,899-156-9539,Crestview,United States,39908,Rhode Island,1065 Dichiera,1951-05-11,1664
crmid:3641850781,cheirospasm2039@live.com,Kena,Kramer,female,608-059-6457,Rockville,United States,82346,Arkansas,187 California,1946-05-17,2158
crmid:5583159332,scorching1957@yandex.com,Eldridge,Padilla,,328-581-6067,Hinesville,United States,78268,Maryland,773 Bernal Heights,1972-12-13,325
crmid:8299284586,setae1856@outlook.com,Merlin,Young,male,640-999-5111,Buffalo Grove,United States,79161,Hawaii,433 Acton,1942-07-17,2433
crmid:5277003211,cheeking1822@gmail.com,Christian,Livingston,,252-199-3897,Maple Valley,United States,03857,New Jersey,1318 Howth,1986-02-20,2270
crmid:6941237297,actually1940@gmail.com,Scotty,Hewitt,male,086-357-9945,Alexandria,United States,50208,Utah,641 Mariner,1931-09-14,1328
crmid:5944455287,polystylar1916@gmail.com,Erin,Gutierrez,,552-882-1357,Imperial Beach,United States,27333,New Jersey,234 The Block,1974-05-07,1518
crmid:2295622491,dragoman1819@live.com,Santo,Mckee,,824-321-9950,Kankakee,United States,65354,Arizona,466 Hubbell,1976-12-05,1671
crmid:6990665646,whoever2055@outlook.com,Ernesto,Russo,,599-841-7030,Grand Prairie,United States,11159,Illinois,1303 Emil,1967-02-06,1507
crmid:7402643260,nusakan1873@outlook.com,Quinton,Levine,male,888-423-7445,Bountiful,United States,45127,Oklahoma,1025 Ritch,1940-08-17,2954
crmid:4014267889,ruttily1808@outlook.com,Linwood,Baird,,555-442-0881,Tahlequah,United States,39573,Wyoming,1211 Thornton,1979-01-18,916
