id,crmid,propensity_premium,propensity_high_speed
c4570634-83f2-11ea-ae79-b88a60e194fb,crmid:2069272403,9,4
c459505c-83f2-11ea-b3f4-b88a60e194fb,crmid:8382380411,3,7
c45b9a5c-83f2-11ea-9c98-b88a60e194fb,crmid:8679187570,8,3
c45cfb1c-83f2-11ea-b448-b88a60e194fb,crmid:3851647139,8,3
c45f4524-83f2-11ea-9afb-b88a60e194fb,crmid:6837918568,2,8
c46119da-83f2-11ea-9a37-b88a60e194fb,crmid:6892222611,7,6
c462ed40-83f2-11ea-bd59-b88a60e194fb,crmid:3430451170,8,4
c4655e38-83f2-11ea-bd07-b88a60e194fb,crmid:3510734897,2,8
c467344c-83f2-11ea-a101-b88a60e194fb,crmid:9378842234,7,4
c468bb00-83f2-11ea-bc64-b88a60e194fb,crmid:7903263241,8,4
c46ab546-83f2-11ea-8b78-b88a60e194fb,crmid:3144014408,9,5
c46c63dc-83f2-11ea-8bd5-b88a60e194fb,crmid:9885510950,7,3
c46e10ae-83f2-11ea-8615-b88a60e194fb,crmid:1405175725,9,5
c46f9788-83f2-11ea-8379-b88a60e194fb,crmid:8662620361,3,8
c4711f52-83f2-11ea-90a9-b88a60e194fb,crmid:5029678317,8,3
c472ccc8-83f2-11ea-9a66-b88a60e194fb,crmid:6145510007,4,9
c4747ab6-83f2-11ea-adc2-b88a60e194fb,crmid:9879733612,2,10
c478c080-83f2-11ea-8061-b88a60e194fb,crmid:8001953066,8,2
c47b0a64-83f2-11ea-bbe5-b88a60e194fb,crmid:1251873130,7,6
c47d0638-83f2-11ea-babe-b88a60e194fb,crmid:9916264407,3,9
c47eb27a-83f2-11ea-8351-b88a60e194fb,crmid:7408508333,5,8
c48060ac-83f2-11ea-b957-b88a60e194fb,crmid:9837653598,4,9
c481e842-83f2-11ea-ad57-b88a60e194fb,crmid:1850233208,7,3
c483e2a8-83f2-11ea-888d-b88a60e194fb,crmid:2655118074,7,4
c485902e-83f2-11ea-8415-b88a60e194fb,crmid:9207358232,8,5
c4873f52-83f2-11ea-8b73-b88a60e194fb,crmid:5923423113,5,10
c4893c90-83f2-11ea-8b57-b88a60e194fb,crmid:2425039913,3,7
c48b5e08-83f2-11ea-9ebf-b88a60e194fb,crmid:8369656096,7,3
c48d0bba-83f2-11ea-928f-b88a60e194fb,crmid:7044339396,3,7
c48f2e90-83f2-11ea-ae6a-b88a60e194fb,crmid:1160491834,8,5
c490dc30-83f2-11ea-9bc5-b88a60e194fb,crmid:3850820808,5,8
c492afc0-83f2-11ea-a274-b88a60e194fb,crmid:5069094650,8,3
c494acac-83f2-11ea-b1a6-b88a60e194fb,crmid:4097383737,8,4
c4965a94-83f2-11ea-a3a6-b88a60e194fb,crmid:7122644709,7,4
c4982f3e-83f2-11ea-962b-b88a60e194fb,crmid:3673954880,4,7
c49a0292-83f2-11ea-8414-b88a60e194fb,crmid:2274371874,8,3
c49c9ade-83f2-11ea-b54c-b88a60e194fb,crmid:5022042318,4,7
c49f32cc-83f2-11ea-8102-b88a60e194fb,crmid:6808891108,1,8
c4a13000-83f2-11ea-a15f-b88a60e194fb,crmid:5202513485,8,4
c4a32bb6-83f2-11ea-a2fc-b88a60e194fb,crmid:1711801144,3,7
c4a4ff7e-83f2-11ea-b4fd-b88a60e194fb,crmid:8373133868,7,3
c4a6ae2e-83f2-11ea-989e-b88a60e194fb,crmid:9502694244,6,6
c4a8cfa8-83f2-11ea-bd62-b88a60e194fb,crmid:8965205638,8,4
c4aaa590-83f2-11ea-8d97-b88a60e194fb,crmid:7230391493,9,3
c4ac538a-83f2-11ea-8595-b88a60e194fb,crmid:9670939315,4,7
c4ae9c18-83f2-11ea-858a-b88a60e194fb,crmid:8790939911,7,3
c4b0e5f4-83f2-11ea-9e34-b88a60e194fb,crmid:7454286802,5,8
c4b2baa4-83f2-11ea-8153-b88a60e194fb,crmid:2256996557,4,8
c4b504a4-83f2-11ea-a44a-b88a60e194fb,crmid:8493758416,3,8
c4b6d946-83f2-11ea-9e40-b88a60e194fb,crmid:8534745551,8,4
c4bbbb40-83f2-11ea-8a15-b88a60e194fb,crmid:1016738862,9,6
c4bdb730-83f2-11ea-837d-b88a60e194fb,crmid:8537833361,9,3
c4bf64dc-83f2-11ea-b23f-b88a60e194fb,crmid:3142279262,5,7
c4c1879a-83f2-11ea-8150-b88a60e194fb,crmid:7635260602,3,9
c4c3369a-83f2-11ea-abe2-b88a60e194fb,crmid:2665162562,8,2
c4c4bd38-83f2-11ea-b675-b88a60e194fb,crmid:4776587471,9,5
c4c6924c-83f2-11ea-af5c-b88a60e194fb,crmid:8287439972,3,8
c4c817ae-83f2-11ea-8ff1-b88a60e194fb,crmid:9608026851,5,8
c4c9779c-83f2-11ea-b52c-b88a60e194fb,crmid:2415506562,4,9
c4cad82e-83f2-11ea-ba6e-b88a60e194fb,crmid:5931889177,3,10
c4cc851e-83f2-11ea-81ee-b88a60e194fb,crmid:6378230196,8,2
c4ce0afe-83f2-11ea-b230-b88a60e194fb,crmid:9630151521,4,8
c4cf4424-83f2-11ea-9a9a-b88a60e194fb,crmid:5785074226,4,9
c4d0c9dc-83f2-11ea-aff7-b88a60e194fb,crmid:3514175087,5,8
c4d25082-83f2-11ea-a90e-b88a60e194fb,crmid:8021336343,8,4
c4d3b036-83f2-11ea-ab41-b88a60e194fb,crmid:6947096794,6,7
c4d5380c-83f2-11ea-a09f-b88a60e194fb,crmid:9503291414,8,6
c4d697b0-83f2-11ea-85df-b88a60e194fb,crmid:9930352977,4,8
c4d81e50-83f2-11ea-bef5-b88a60e194fb,crmid:5996098914,7,3
c4d9a4da-83f2-11ea-be2d-b88a60e194fb,crmid:5406136090,5,9
c4db5150-83f2-11ea-9d7f-b88a60e194fb,crmid:6884325442,4,9
c4dd4e02-83f2-11ea-ac04-b88a60e194fb,crmid:2020121930,3,8
c4deade8-83f2-11ea-8514-b88a60e194fb,crmid:3614589568,5,8
c4e00d94-83f2-11ea-bba7-b88a60e194fb,crmid:1838949595,4,9
c4e1e0ba-83f2-11ea-be60-b88a60e194fb,crmid:9835164087,7,4
c4e3678c-83f2-11ea-8d30-b88a60e194fb,crmid:5111260860,4,8
c4e4ee24-83f2-11ea-8ac7-b88a60e194fb,crmid:2119055903,8,7
c4e674dc-83f2-11ea-a82a-b88a60e194fb,crmid:3974760347,9,4
c4e7fc14-83f2-11ea-9e09-b88a60e194fb,crmid:9246801958,9,6
c4e9f892-83f2-11ea-954a-b88a60e194fb,crmid:3431901434,8,5
c4ebf3f6-83f2-11ea-b036-b88a60e194fb,crmid:4635926005,3,8
c4edeeb0-83f2-11ea-933a-b88a60e194fb,crmid:8328077936,4,9
c4ef9c5c-83f2-11ea-9a0e-b88a60e194fb,crmid:1596933922,6,4
c4f12328-83f2-11ea-bb35-b88a60e194fb,crmid:7828256128,1,7
c4f2aaba-83f2-11ea-9e83-b88a60e194fb,crmid:1822297870,2,7
c4f43112-83f2-11ea-b958-b88a60e194fb,crmid:4441333623,5,6
c4f5b6f8-83f2-11ea-94cf-b88a60e194fb,crmid:7932636550,5,7
c4f73d82-83f2-11ea-8e9a-b88a60e194fb,crmid:3556100157,8,6
c4f89d12-83f2-11ea-83bc-b88a60e194fb,crmid:3034157759,7,3
c4fa24f8-83f2-11ea-8608-b88a60e194fb,crmid:1845987737,4,8
c4fbac62-83f2-11ea-8986-b88a60e194fb,crmid:2586594865,8,5
c4fe1b58-83f2-11ea-98ee-b88a60e194fb,crmid:5058559093,4,6
c5003e48-83f2-11ea-bcf2-b88a60e194fb,crmid:6477649673,3,10
c5021382-83f2-11ea-a4da-b88a60e194fb,crmid:5946811483,5,7
c503c1d8-83f2-11ea-bb90-b88a60e194fb,crmid:9125312765,2,9
c5056f62-83f2-11ea-9a57-b88a60e194fb,crmid:9448563672,9,4
c506f666-83f2-11ea-9bc4-b88a60e194fb,crmid:5575937430,7,6
c508a36e-83f2-11ea-b03c-b88a60e194fb,crmid:7250515924,4,9
c50ac6de-83f2-11ea-a137-b88a60e194fb,crmid:7693935644,4,8
c50c7340-83f2-11ea-b972-b88a60e194fb,crmid:5579819173,9,5
c50dfb2c-83f2-11ea-a67e-b88a60e194fb,crmid:4379909288,5,6
c50fa790-83f2-11ea-817b-b88a60e194fb,crmid:9654333858,8,3
c511a3ec-83f2-11ea-b06d-b88a60e194fb,crmid:8513633263,4,9
c51350f6-83f2-11ea-a777-b88a60e194fb,crmid:1511575572,2,7
c514ffba-83f2-11ea-b73f-b88a60e194fb,crmid:2526338175,4,8
c5165fa4-83f2-11ea-8044-b88a60e194fb,crmid:2442117316,3,8
c5180bfa-83f2-11ea-97a5-b88a60e194fb,crmid:9128594231,4,8
c519e21c-83f2-11ea-8957-b88a60e194fb,crmid:7778651566,3,7
c51cc82c-83f2-11ea-8efe-b88a60e194fb,crmid:3293939098,9,5
c51e9bba-83f2-11ea-82d9-b88a60e194fb,crmid:7045270753,3,6
c5204aa4-83f2-11ea-9f19-b88a60e194fb,crmid:3444585021,9,4
c5226c52-83f2-11ea-9b85-b88a60e194fb,crmid:7995150736,3,7
c52467d8-83f2-11ea-83a0-b88a60e194fb,crmid:7649661456,10,3
c526654c-83f2-11ea-91cc-b88a60e194fb,crmid:1438296265,5,8
c527ea48-83f2-11ea-bfd5-b88a60e194fb,crmid:2095920811,8,4
c529e648-83f2-11ea-a50a-b88a60e194fb,crmid:6307738128,8,4
c52b9410-83f2-11ea-9118-b88a60e194fb,crmid:8641072449,6,8
c52d4252-83f2-11ea-a3be-b88a60e194fb,crmid:5930741243,6,8
c52ec82c-83f2-11ea-bdce-b88a60e194fb,crmid:5778743831,4,8
c5304edc-83f2-11ea-9d54-b88a60e194fb,crmid:5423696182,5,8
c531afba-83f2-11ea-a913-b88a60e194fb,crmid:1674066841,7,7
c533d186-83f2-11ea-8cb6-b88a60e194fb,crmid:8692392443,4,6
c535f41c-83f2-11ea-87c7-b88a60e194fb,crmid:8081400697,8,4
c537ca26-83f2-11ea-8280-b88a60e194fb,crmid:2666305647,5,8
c53950d4-83f2-11ea-ab7f-b88a60e194fb,crmid:3276889850,5,8
c53aaef6-83f2-11ea-ac18-b88a60e194fb,crmid:3600522749,4,8
c53c0e90-83f2-11ea-8962-b88a60e194fb,crmid:7470176103,8,4
c53d6eb8-83f2-11ea-bf57-b88a60e194fb,crmid:4198715255,4,8
c53ef57e-83f2-11ea-af4e-b88a60e194fb,crmid:9101620286,9,4
c540cae6-83f2-11ea-9755-b88a60e194fb,crmid:7374348753,7,2
c542505e-83f2-11ea-9c99-b88a60e194fb,crmid:5069167294,3,8
c543d81e-83f2-11ea-859a-b88a60e194fb,crmid:2989865128,9,5
c5458480-83f2-11ea-b327-b88a60e194fb,crmid:6061361073,4,7
c5470c5e-83f2-11ea-b034-b88a60e194fb,crmid:7474710700,9,4
c548e11e-83f2-11ea-9cb0-b88a60e194fb,crmid:1759856458,8,2
c54a8d9c-83f2-11ea-b3b5-b88a60e194fb,crmid:2522025709,5,9
c54c158c-83f2-11ea-837f-b88a60e194fb,crmid:1580121013,8,5
c54d74fe-83f2-11ea-8ec1-b88a60e194fb,crmid:8645019192,4,7
c54f49f6-83f2-11ea-baff-b88a60e194fb,crmid:2440866438,8,5
c550cf22-83f2-11ea-aa8a-b88a60e194fb,crmid:7800901689,5,8
c55255ae-83f2-11ea-b295-b88a60e194fb,crmid:1788746740,4,8
c553dc68-83f2-11ea-ac95-b88a60e194fb,crmid:3731788998,4,8
c5558b6e-83f2-11ea-a181-b88a60e194fb,crmid:1544628845,9,3
c557601e-83f2-11ea-b0ed-b88a60e194fb,crmid:2238153427,9,5
c5590c6c-83f2-11ea-9c9a-b88a60e194fb,crmid:9582059171,6,4
c55abb8a-83f2-11ea-9702-b88a60e194fb,crmid:1167139860,9,5
c55c1a1c-83f2-11ea-a4b8-b88a60e194fb,crmid:8361855804,9,5
c55dc82e-83f2-11ea-a222-b88a60e194fb,crmid:6164042340,2,10
c55f9d34-83f2-11ea-8812-b88a60e194fb,crmid:3689662217,4,7
c5614aba-83f2-11ea-8e80-b88a60e194fb,crmid:7974336598,9,3
c562aaa4-83f2-11ea-975a-b88a60e194fb,crmid:4343530502,5,8
c5642ffa-83f2-11ea-93c5-b88a60e194fb,crmid:6708349336,7,5
c56590e6-83f2-11ea-b656-b88a60e194fb,crmid:2009951262,5,8
c5673dee-83f2-11ea-bf74-b88a60e194fb,crmid:8062569756,8,6
c56911dc-83f2-11ea-b74e-b88a60e194fb,crmid:5100372101,6,3
c56ae694-83f2-11ea-a2d7-b88a60e194fb,crmid:4109773986,3,8
c56c6d64-83f2-11ea-85fb-b88a60e194fb,crmid:7828071196,9,3
c56dce2c-83f2-11ea-910f-b88a60e194fb,crmid:3114420031,7,3
c56f7aa8-83f2-11ea-8bd2-b88a60e194fb,crmid:9677955203,4,8
c571299e-83f2-11ea-a303-b88a60e194fb,crmid:5329275570,6,3
c572d600-83f2-11ea-b49c-b88a60e194fb,crmid:8228694876,8,4
c5745ce8-83f2-11ea-8947-b88a60e194fb,crmid:3941359710,10,4
c575e3ee-83f2-11ea-bf6c-b88a60e194fb,crmid:6163195535,8,3
c57769f0-83f2-11ea-9ded-b88a60e194fb,crmid:7699829329,3,7
c578c96e-83f2-11ea-9059-b88a60e194fb,crmid:5662394508,4,8
c57a9ee2-83f2-11ea-9aee-b88a60e194fb,crmid:9940163646,7,3
c57c4d2c-83f2-11ea-8ae8-b88a60e194fb,crmid:2088612940,9,4
c57dab74-83f2-11ea-80ba-b88a60e194fb,crmid:2760946990,7,2
c57f3212-83f2-11ea-898d-b88a60e194fb,crmid:8547324733,5,8
c580b9d4-83f2-11ea-a6db-b88a60e194fb,crmid:4851409137,4,10
c582190a-83f2-11ea-9c4f-b88a60e194fb,crmid:1785912119,4,9
c5837906-83f2-11ea-9785-b88a60e194fb,crmid:2190504687,4,8
c584fe52-83f2-11ea-ac06-b88a60e194fb,crmid:3614986162,7,3
c586acb8-83f2-11ea-adf3-b88a60e194fb,crmid:8248438302,7,4
c58859c6-83f2-11ea-a942-b88a60e194fb,crmid:8928905116,7,7
c589e038-83f2-11ea-b66b-b88a60e194fb,crmid:6438959132,10,2
c58e0054-83f2-11ea-9f51-b88a60e194fb,crmid:7674287676,5,8
c59048e8-83f2-11ea-a694-b88a60e194fb,crmid:8790435835,8,2
c5932f12-83f2-11ea-b0c8-b88a60e194fb,crmid:7131155363,8,4
c595ee3a-83f2-11ea-9f08-b88a60e194fb,crmid:2735687519,4,10
c5981180-83f2-11ea-b526-b88a60e194fb,crmid:8677425650,2,5
c59a5af4-83f2-11ea-8cb9-b88a60e194fb,crmid:5434059821,9,4
c59ccbe8-83f2-11ea-a276-b88a60e194fb,crmid:6970728908,3,7
c59f63f6-83f2-11ea-a09f-b88a60e194fb,crmid:6324765929,8,5
c5a1fc0a-83f2-11ea-86a5-b88a60e194fb,crmid:3623061178,7,3
c5a4e248-83f2-11ea-81d2-b88a60e194fb,crmid:8267906406,9,5
c5a7ef62-83f2-11ea-9b5a-b88a60e194fb,crmid:6195042529,4,9
c5a9c438-83f2-11ea-a80c-b88a60e194fb,crmid:9132894992,4,9
c5ab71e4-83f2-11ea-9e60-b88a60e194fb,crmid:7018981081,5,6
c5ad94b6-83f2-11ea-8cdf-b88a60e194fb,crmid:2025680150,9,3
c5af9092-83f2-11ea-89c5-b88a60e194fb,crmid:4449817103,7,9
c5b1da68-83f2-11ea-8895-b88a60e194fb,crmid:3593774198,8,5
c5b3fd4a-83f2-11ea-8df2-b88a60e194fb,crmid:4339085839,7,3
c5b5f93a-83f2-11ea-9fb1-b88a60e194fb,crmid:8104267244,7,3
c5b7f4e6-83f2-11ea-9584-b88a60e194fb,crmid:2104447969,8,5
c5b9c9be-83f2-11ea-9917-b88a60e194fb,crmid:8500358715,7,4
c5bb9e68-83f2-11ea-bcdd-b88a60e194fb,crmid:7220754157,5,7
c5bde86e-83f2-11ea-b279-b88a60e194fb,crmid:1892592172,9,5
c5c0326e-83f2-11ea-84ec-b88a60e194fb,crmid:6064080645,8,4
c5c25574-83f2-11ea-a1a4-b88a60e194fb,crmid:7043413958,4,9
