id,crmid,propensity_score_credit_cards,suggested_credit_card,propensity_score_loan,suggested_loan
74f9e5cc-4be3-11ea-bcce-b88a60e194fb-1-ps,crmid:8045834450,4,Rewards Card,3,Personal Loan
74fb4454-4be3-11ea-b2c8-b88a60e194fb-1-ps,crmid:8300424110,4,Rewards Card,4,Business Loan
74fc56d0-4be3-11ea-94b0-b88a60e194fb-1-ps,crmid:7766434521,4,Simplicity Card,4,Student Loan
74fd4038-4be3-11ea-a873-b88a60e194fb-1-ps,crmid:6554886064,5,Travel Card,4,Business Loan
74fe2a98-4be3-11ea-82ea-b88a60e194fb-1-ps,crmid:6147451746,2,Business Card,8,Student Loan
74ff14dc-4be3-11ea-b619-b88a60e194fb-1-ps,crmid:5588229454,4,Platinum Card,3,Business Loan
75000098-4be3-11ea-8dff-b88a60e194fb-1-ps,crmid:3727524861,3,Business Card,8,Business Loan
7500e9b0-4be3-11ea-a5e6-b88a60e194fb-1-ps,crmid:9067351181,3,Travel Card,4,Auto Loan
7501ae5c-4be3-11ea-853b-b88a60e194fb-1-ps,crmid:7507760930,9,Business Card,4,Personal Loan
75029886-4be3-11ea-aa57-b88a60e194fb-1-ps,crmid:5526521814,4,Dividend Card,3,Auto Loan
750444f0-4be3-11ea-8f16-b88a60e194fb-1-ps,crmid:7243765616,4,Dividend Card,5,Personal Loan
75052f54-4be3-11ea-b166-b88a60e194fb-1-ps,crmid:4271102651,4,Rewards Card,4,Personal Loan
750640c0-4be3-11ea-911f-b88a60e194fb-1-ps,crmid:5408074197,3,Dividend Card,9,Auto Loan
75072b1e-4be3-11ea-b827-b88a60e194fb-1-ps,crmid:7672801994,5,Rewards Card,8,Personal Loan
7508171c-4be3-11ea-85eb-b88a60e194fb-1-ps,crmid:7298991126,3,Student Card,5,Student Loan
760f4d5c-4be3-11ea-ad7d-b88a60e194fb-1-ps,crmid:1780905608,4,Travel Card,4,Personal Loan
76105d66-4be3-11ea-8c0c-b88a60e194fb-1-ps,crmid:6703865843,3,Business Card,5,Auto Loan
76117034-4be3-11ea-bf97-b88a60e194fb-1-ps,crmid:7041223471,5,Student Card,4,Business Loan
76123374-4be3-11ea-9aa8-b88a60e194fb-1-ps,crmid:4653543008,5,Rewards Card,4,Personal Loan
76131d98-4be3-11ea-81ec-b88a60e194fb-1-ps,crmid:8145385257,6,Simplicity Card,3,Personal Loan
76142e9c-4be3-11ea-9785-b88a60e194fb-1-ps,crmid:3394122461,4,Platinum Card,5,Student Loan
76151946-4be3-11ea-9a4b-b88a60e194fb-1-ps,crmid:1545546437,2,Travel Card,3,Personal Loan
761603d2-4be3-11ea-a4ee-b88a60e194fb-1-ps,crmid:3125008195,9,Business Card,2,Auto Loan
7616ee5c-4be3-11ea-a4d7-b88a60e194fb-1-ps,crmid:9960206496,4,Rewards Card,4,Personal Loan
7617ff26-4be3-11ea-bb12-b88a60e194fb-1-ps,crmid:9885327922,6,Simplicity Card,2,Personal Loan
7618e9d8-4be3-11ea-84f4-b88a60e194fb-1-ps,crmid:4734084037,4,Dividend Card,3,Auto Loan
7619fa3e-4be3-11ea-8011-b88a60e194fb-1-ps,crmid:8463632020,2,Simplicity Card,5,Student Loan
761ae498-4be3-11ea-b124-b88a60e194fb-1-ps,crmid:6607802033,2,Simplicity Card,9,Business Loan
761bcf0a-4be3-11ea-b897-b88a60e194fb-1-ps,crmid:4108714112,3,Business Card,3,Auto Loan
761d079a-4be3-11ea-a201-b88a60e194fb-1-ps,crmid:9790025434,7,Travel Card,4,Personal Loan
761df20a-4be3-11ea-9ec2-b88a60e194fb-1-ps,crmid:3878302885,3,Business Card,4,Personal Loan
761edc58-4be3-11ea-9567-b88a60e194fb-1-ps,crmid:2290088792,4,Rewards Card,3,Business Loan
761f9fb8-4be3-11ea-a576-b88a60e194fb-1-ps,crmid:4271102651,6,Business Card,4,Personal Loan
7725284c-4be3-11ea-9d42-b88a60e194fb-1-ps,crmid:9894015140,4,Travel Card,4,Student Loan
772639b4-4be3-11ea-8c8b-b88a60e194fb-1-ps,crmid:5069089730,4,Student Card,7,Student Loan
77274b2e-4be3-11ea-aa23-b88a60e194fb-1-ps,crmid:3369070197,5,Business Card,3,Personal Loan
77283692-4be3-11ea-a285-b88a60e194fb-1-ps,crmid:1356557668,5,Rewards Card,3,Student Loan
7728f9f0-4be3-11ea-9a34-b88a60e194fb-1-ps,crmid:1018157647,6,Rewards Card,3,Student Loan
7729e424-4be3-11ea-9e34-b88a60e194fb-1-ps,crmid:8374747803,3,Business Card,4,Personal Loan
772aa936-4be3-11ea-a3d0-b88a60e194fb-1-ps,crmid:1240163868,2,Travel Card,8,Personal Loan
772bb80c-4be3-11ea-a139-b88a60e194fb-1-ps,crmid:3475429455,3,Business Card,9,Personal Loan
772ca3be-4be3-11ea-b997-b88a60e194fb-1-ps,crmid:2508812456,4,Platinum Card,5,Personal Loan
772d8de2-4be3-11ea-af18-b88a60e194fb-1-ps,crmid:5970052067,4,Simplicity Card,4,Business Loan
772e771c-4be3-11ea-b030-b88a60e194fb-1-ps,crmid:7085848848,3,Student Card,4,Personal Loan
772f627a-4be3-11ea-8ced-b88a60e194fb-1-ps,crmid:4639128374,3,Business Card,3,Personal Loan
77304d06-4be3-11ea-abb4-b88a60e194fb-1-ps,crmid:6553304019,5,Rewards Card,5,Business Loan
77311034-4be3-11ea-8f7f-b88a60e194fb-1-ps,crmid:9337280274,4,Student Card,3,Personal Loan
77322092-4be3-11ea-982b-b88a60e194fb-1-ps,crmid:1440850498,3,Student Card,4,Business Loan
77330b14-4be3-11ea-b0b7-b88a60e194fb-1-ps,crmid:4743936576,6,Rewards Card,8,Personal Loan
7733f5fe-4be3-11ea-960e-b88a60e194fb-1-ps,crmid:7530490496,5,Dividend Card,3,Business Loan
7734b8ca-4be3-11ea-a3e3-b88a60e194fb-1-ps,crmid:1953524524,6,Student Card,5,Student Loan
7735ca0a-4be3-11ea-aa81-b88a60e194fb-1-ps,crmid:6576130380,4,Simplicity Card,3,Auto Loan
783f4a68-4be3-11ea-acc9-b88a60e194fb-1-ps,crmid:3696282535,4,Student Card,6,Student Loan
78405be8-4be3-11ea-a15e-b88a60e194fb-1-ps,crmid:6272939424,3,Travel Card,3,Personal Loan
78416d38-4be3-11ea-972f-b88a60e194fb-1-ps,crmid:8388299953,9,Simplicity Card,4,Business Loan
78427ee8-4be3-11ea-b37f-b88a60e194fb-1-ps,crmid:3986199666,4,Platinum Card,4,Business Loan
78439014-4be3-11ea-b28b-b88a60e194fb-1-ps,crmid:6749805363,5,Business Card,4,Auto Loan
78447aa6-4be3-11ea-b979-b88a60e194fb-1-ps,crmid:5259666300,4,Business Card,4,Personal Loan
78458c02-4be3-11ea-8875-b88a60e194fb-1-ps,crmid:1552024927,3,Dividend Card,5,Student Loan
78469dee-4be3-11ea-9327-b88a60e194fb-1-ps,crmid:7713609931,4,Travel Card,5,Business Loan
784787ec-4be3-11ea-aa2d-b88a60e194fb-1-ps,crmid:4719656752,4,Travel Card,3,Business Loan
7848992e-4be3-11ea-8a7a-b88a60e194fb-1-ps,crmid:4816280592,4,Simplicity Card,10,Auto Loan
7877233a-4be3-11ea-8569-b88a60e194fb-1-ps,crmid:1413709783,2,Student Card,3,Student Loan
78783492-4be3-11ea-936c-b88a60e194fb-1-ps,crmid:1744845406,4,Travel Card,4,Personal Loan
78794690-4be3-11ea-b7e8-b88a60e194fb-1-ps,crmid:7412048392,4,Platinum Card,4,Personal Loan
787a58ca-4be3-11ea-8b34-b88a60e194fb-1-ps,crmid:9727750519,4,Rewards Card,4,Business Loan
787b1c1e-4be3-11ea-b4cd-b88a60e194fb-1-ps,crmid:7577271990,5,Rewards Card,10,Personal Loan
787bdf78-4be3-11ea-a346-b88a60e194fb-1-ps,crmid:6607716108,5,Travel Card,4,Personal Loan
787cc94a-4be3-11ea-b0a5-b88a60e194fb-1-ps,crmid:2839743085,4,Simplicity Card,5,Business Loan
787db3f6-4be3-11ea-9eb1-b88a60e194fb-1-ps,crmid:9425165700,5,Platinum Card,2,Business Loan
787e9d62-4be3-11ea-ba59-b88a60e194fb-1-ps,crmid:1333400520,4,Business Card,4,Personal Loan
79849b2e-4be3-11ea-85a1-b88a60e194fb-1-ps,crmid:8817954143,3,Simplicity Card,5,Student Loan
7985aca6-4be3-11ea-8ff8-b88a60e194fb-1-ps,crmid:8933006293,4,Rewards Card,3,Personal Loan
79867154-4be3-11ea-98b9-b88a60e194fb-1-ps,crmid:2678872907,6,Dividend Card,3,Personal Loan
79875a9e-4be3-11ea-b5d4-b88a60e194fb-1-ps,crmid:5318040998,3,Student Card,4,Auto Loan
798844ca-4be3-11ea-86c9-b88a60e194fb-1-ps,crmid:8599716052,5,Rewards Card,5,Auto Loan
79892f14-4be3-11ea-9d03-b88a60e194fb-1-ps,crmid:2058074703,4,Student Card,1,Personal Loan
798a1966-4be3-11ea-8c04-b88a60e194fb-1-ps,crmid:4400612576,4,Dividend Card,6,Student Loan
798b044c-4be3-11ea-af9b-b88a60e194fb-1-ps,crmid:8912054725,3,Student Card,5,Auto Loan
798bee2c-4be3-11ea-8e47-b88a60e194fb-1-ps,crmid:5026375210,3,Business Card,4,Auto Loan
798cb2ca-4be3-11ea-afeb-b88a60e194fb-1-ps,crmid:2914580162,3,Platinum Card,2,Personal Loan
798d9d28-4be3-11ea-a8a9-b88a60e194fb-1-ps,crmid:6471907563,3,Platinum Card,5,Auto Loan
798ead34-4be3-11ea-a637-b88a60e194fb-1-ps,crmid:9510521929,3,Travel Card,7,Personal Loan
798f9958-4be3-11ea-b92a-b88a60e194fb-1-ps,crmid:7692649903,5,Platinum Card,5,Personal Loan
7990839e-4be3-11ea-9c94-b88a60e194fb-1-ps,crmid:1893079335,4,Rewards Card,8,Personal Loan
79916ddc-4be3-11ea-a2ac-b88a60e194fb-1-ps,crmid:9283936442,5,Business Card,3,Business Loan
79925886-4be3-11ea-b4ea-b88a60e194fb-1-ps,crmid:6119567880,3,Dividend Card,3,Auto Loan
79931b68-4be3-11ea-aa75-b88a60e194fb-1-ps,crmid:3978544815,3,Travel Card,3,Personal Loan
79940462-4be3-11ea-af54-b88a60e194fb-1-ps,crmid:5091039415,4,Simplicity Card,4,Personal Loan
799516ee-4be3-11ea-ae87-b88a60e194fb-1-ps,crmid:8684036387,3,Rewards Card,4,Business Loan
7a9854ba-4be3-11ea-b5b0-b88a60e194fb-1-ps,crmid:5182765067,2,Dividend Card,9,Business Loan
7a993f34-4be3-11ea-b6f5-b88a60e194fb-1-ps,crmid:5374668529,4,Platinum Card,4,Business Loan
7a9a5064-4be3-11ea-aa6e-b88a60e194fb-1-ps,crmid:4527362171,5,Travel Card,3,Auto Loan
7a9b3abe-4be3-11ea-8661-b88a60e194fb-1-ps,crmid:6180384166,3,Travel Card,3,Student Loan
7a9c251c-4be3-11ea-91bc-b88a60e194fb-1-ps,crmid:3743642100,6,Travel Card,4,Personal Loan
7a9d3692-4be3-11ea-8dd6-b88a60e194fb-1-ps,crmid:5103821513,5,Dividend Card,4,Auto Loan
7a9e20da-4be3-11ea-8dac-b88a60e194fb-1-ps,crmid:6276025893,3,Travel Card,5,Student Loan
7a9f325c-4be3-11ea-8c3a-b88a60e194fb-1-ps,crmid:3064418234,3,Business Card,3,Student Loan
7a9ff5c0-4be3-11ea-9ded-b88a60e194fb-1-ps,crmid:5033847185,4,Dividend Card,2,Auto Loan
7aa0e00c-4be3-11ea-8a34-b88a60e194fb-1-ps,crmid:6957416473,3,Business Card,5,Personal Loan
7aa1ca76-4be3-11ea-af34-b88a60e194fb-1-ps,crmid:4908443694,5,Rewards Card,4,Personal Loan
7aa2b612-4be3-11ea-a24d-b88a60e194fb-1-ps,crmid:1543927907,4,Platinum Card,5,Auto Loan
7aa3a070-4be3-11ea-9cc4-b88a60e194fb-1-ps,crmid:2174766986,5,Rewards Card,9,Business Loan
7aa463a6-4be3-11ea-9776-b88a60e194fb-1-ps,crmid:3536945406,2,Dividend Card,8,Personal Loan
7aa59b12-4be3-11ea-932a-b88a60e194fb-1-ps,crmid:6454562812,3,Rewards Card,5,Personal Loan
7aa65e4c-4be3-11ea-821b-b88a60e194fb-1-ps,crmid:9433446480,5,Student Card,4,Student Loan
7aa748b6-4be3-11ea-a77f-b88a60e194fb-1-ps,crmid:7696193849,2,Simplicity Card,7,Personal Loan
7aa8342e-4be3-11ea-8547-b88a60e194fb-1-ps,crmid:1446012690,3,Simplicity Card,2,Auto Loan
7aa91ec2-4be3-11ea-bee5-b88a60e194fb-1-ps,crmid:7642289611,3,Platinum Card,7,Personal Loan
7bacd170-4be3-11ea-8bcb-b88a60e194fb-1-ps,crmid:9528546618,4,Student Card,5,Personal Loan
7bae7f1e-4be3-11ea-a0b7-b88a60e194fb-1-ps,crmid:5991648108,4,Platinum Card,3,Business Loan
7bb0544a-4be3-11ea-8fba-b88a60e194fb-1-ps,crmid:9389765359,4,Travel Card,2,Auto Loan
7bb18c66-4be3-11ea-861c-b88a60e194fb-1-ps,crmid:4108714112,5,Simplicity Card,6,Auto Loan
7bb2c4c2-4be3-11ea-bf72-b88a60e194fb-1-ps,crmid:5587583269,5,Business Card,4,Student Loan
7bb4246e-4be3-11ea-97f5-b88a60e194fb-1-ps,crmid:8137661491,5,Simplicity Card,5,Business Loan
7bb583fe-4be3-11ea-aa0a-b88a60e194fb-1-ps,crmid:4178364730,5,Simplicity Card,5,Business Loan
7bb758b4-4be3-11ea-b85a-b88a60e194fb-1-ps,crmid:8662301368,3,Student Card,3,Personal Loan
7bb8df4c-4be3-11ea-b5c8-b88a60e194fb-1-ps,crmid:7820858121,4,Platinum Card,8,Auto Loan
7bba3ed8-4be3-11ea-9f00-b88a60e194fb-1-ps,crmid:4602004023,3,Dividend Card,3,Personal Loan
7bbb9e74-4be3-11ea-be47-b88a60e194fb-1-ps,crmid:9255814670,3,Platinum Card,3,Student Loan
7bbcd6ee-4be3-11ea-bff6-b88a60e194fb-1-ps,crmid:5520937968,2,Platinum Card,4,Personal Loan
7bbe0f5c-4be3-11ea-8c6d-b88a60e194fb-1-ps,crmid:3710556596,5,Rewards Card,2,Auto Loan
7bbf20d4-4be3-11ea-bb94-b88a60e194fb-1-ps,crmid:7040640594,8,Dividend Card,5,Business Loan
7bc03238-4be3-11ea-b5db-b88a60e194fb-1-ps,crmid:8526776867,6,Dividend Card,5,Business Loan
7bc143b0-4be3-11ea-a0de-b88a60e194fb-1-ps,crmid:5954063223,4,Business Card,4,Business Loan
7bc27c54-4be3-11ea-9acf-b88a60e194fb-1-ps,crmid:7682877080,5,Business Card,5,Personal Loan
7bc3b4d8-4be3-11ea-bf9e-b88a60e194fb-1-ps,crmid:4732340360,3,Dividend Card,9,Personal Loan
7bc4ed42-4be3-11ea-86aa-b88a60e194fb-1-ps,crmid:5012489556,4,Student Card,4,Personal Loan
7cf6b5e4-4be3-11ea-9f06-b88a60e194fb-1-ps,crmid:7665875811,3,Dividend Card,4,Student Loan
7df0a5d4-4be3-11ea-8aea-b88a60e194fb-1-ps,crmid:4279421331,3,Platinum Card,5,Auto Loan
7e535f18-4be3-11ea-a01f-b88a60e194fb-1-ps,crmid:7277760371,3,Platinum Card,9,Business Loan
7e5470a4-4be3-11ea-83cd-b88a60e194fb-1-ps,crmid:4234141136,4,Platinum Card,4,Business Loan
7e555b06-4be3-11ea-8ae4-b88a60e194fb-1-ps,crmid:7043393388,3,Platinum Card,2,Personal Loan
7e564548-4be3-11ea-8e58-b88a60e194fb-1-ps,crmid:7850307477,5,Platinum Card,4,Personal Loan
7e572fb6-4be3-11ea-a1aa-b88a60e194fb-1-ps,crmid:1782013540,5,Travel Card,6,Personal Loan
7e57f47e-4be3-11ea-920d-b88a60e194fb-1-ps,crmid:2633496890,4,Travel Card,5,Personal Loan
7e58dd5a-4be3-11ea-997b-b88a60e194fb-1-ps,crmid:1800138242,4,Dividend Card,5,Auto Loan
7e59eefe-4be3-11ea-ac10-b88a60e194fb-1-ps,crmid:1382486639,5,Business Card,4,Auto Loan
7e5b2792-4be3-11ea-bfee-b88a60e194fb-1-ps,crmid:9816083380,5,Travel Card,9,Business Loan
7e5c11ee-4be3-11ea-8a2f-b88a60e194fb-1-ps,crmid:6732897316,4,Business Card,7,Personal Loan
7e5cd524-4be3-11ea-818d-b88a60e194fb-1-ps,crmid:7386446670,4,Platinum Card,6,Auto Loan
7e5dbf7a-4be3-11ea-972a-b88a60e194fb-1-ps,crmid:4035686412,3,Travel Card,3,Auto Loan
7e5e8422-4be3-11ea-84a1-b88a60e194fb-1-ps,crmid:1964970118,5,Rewards Card,3,Business Loan
7e5f46ec-4be3-11ea-9e48-b88a60e194fb-1-ps,crmid:1475638374,9,Rewards Card,3,Student Loan
7e6031c6-4be3-11ea-b55f-b88a60e194fb-1-ps,crmid:3529986998,4,Rewards Card,3,Auto Loan
7e611acc-4be3-11ea-905b-b88a60e194fb-1-ps,crmid:5530529793,6,Dividend Card,2,Auto Loan
7e620514-4be3-11ea-a26b-b88a60e194fb-1-ps,crmid:2247724037,6,Rewards Card,9,Personal Loan
7f759792-4be3-11ea-8b4e-b88a60e194fb-1-ps,crmid:6545150320,3,Simplicity Card,8,Business Loan
7f76a90a-4be3-11ea-a0b3-b88a60e194fb-1-ps,crmid:8980197043,3,Dividend Card,8,Personal Loan
7f779362-4be3-11ea-8f14-b88a60e194fb-1-ps,crmid:3075357427,4,Student Card,5,Personal Loan
7f787f0c-4be3-11ea-a0ac-b88a60e194fb-1-ps,crmid:8724674822,4,Simplicity Card,5,Personal Loan
7f794274-4be3-11ea-96c1-b88a60e194fb-1-ps,crmid:7906279485,5,Rewards Card,4,Business Loan
7f7a2ce2-4be3-11ea-a442-b88a60e194fb-1-ps,crmid:8873540385,2,Dividend Card,5,Auto Loan
7f7b172c-4be3-11ea-a504-b88a60e194fb-1-ps,crmid:8589270901,6,Platinum Card,7,Student Loan
7f7c273a-4be3-11ea-b34e-b88a60e194fb-1-ps,crmid:3153961080,5,Travel Card,4,Personal Loan
7f7d86f4-4be3-11ea-b576-b88a60e194fb-1-ps,crmid:9430325558,4,Student Card,7,Personal Loan
7f7e713e-4be3-11ea-9093-b88a60e194fb-1-ps,crmid:3073564736,6,Travel Card,2,Student Loan
7f7f35d8-4be3-11ea-8cd1-b88a60e194fb-1-ps,crmid:1414676610,6,Travel Card,4,Personal Loan
7f801f0a-4be3-11ea-939d-b88a60e194fb-1-ps,crmid:1545160272,3,Travel Card,4,Auto Loan
7f810a58-4be3-11ea-9ecf-b88a60e194fb-1-ps,crmid:8959874757,3,Simplicity Card,4,Personal Loan
7f81f4ae-4be3-11ea-85bd-b88a60e194fb-1-ps,crmid:9767540655,4,Student Card,3,Student Loan
7f82de02-4be3-11ea-a20f-b88a60e194fb-1-ps,crmid:6268749384,5,Platinum Card,4,Personal Loan
7f83a2d0-4be3-11ea-8c80-b88a60e194fb-1-ps,crmid:4314743731,4,Business Card,4,Student Loan
8069e274-4be3-11ea-afba-b88a60e194fb-1-ps,crmid:1574717067,5,Dividend Card,4,Auto Loan
817ba14a-4be3-11ea-b705-b88a60e194fb-1-ps,crmid:9527574199,5,Travel Card,4,Personal Loan
8201e6be-4be3-11ea-b354-b88a60e194fb-1-ps,crmid:2978480833,7,Dividend Card,4,Business Loan
838b6e5a-4be3-11ea-9b92-b88a60e194fb-1-ps,crmid:2087327761,2,Simplicity Card,5,Auto Loan
838c56b0-4be3-11ea-bb64-b88a60e194fb-1-ps,crmid:8694023338,5,Simplicity Card,5,Personal Loan
838d908a-4be3-11ea-bf29-b88a60e194fb-1-ps,crmid:2363634604,4,Travel Card,7,Student Loan
838e79ae-4be3-11ea-811d-b88a60e194fb-1-ps,crmid:7899519531,4,Simplicity Card,3,Business Loan
838fb1f4-4be3-11ea-a517-b88a60e194fb-1-ps,crmid:7675744648,4,Dividend Card,3,Personal Loan
83911180-4be3-11ea-8dee-b88a60e194fb-1-ps,crmid:2534218375,4,Business Card,4,Personal Loan
8392711c-4be3-11ea-b6b7-b88a60e194fb-1-ps,crmid:1954661186,4,Dividend Card,5,Auto Loan
8393d0b0-4be3-11ea-a087-b88a60e194fb-1-ps,crmid:7376324889,5,Rewards Card,9,Personal Loan
8395091e-4be3-11ea-868b-b88a60e194fb-1-ps,crmid:6203722151,4,Rewards Card,6,Personal Loan
839668b6-4be3-11ea-84a9-b88a60e194fb-1-ps,crmid:1433384750,4,Dividend Card,4,Business Loan
8397c85c-4be3-11ea-9740-b88a60e194fb-1-ps,crmid:4815394437,4,Student Card,4,Personal Loan
839900be-4be3-11ea-b1fc-b88a60e194fb-1-ps,crmid:7659354280,2,Business Card,4,Business Loan
839a604a-4be3-11ea-90b7-b88a60e194fb-1-ps,crmid:7110441315,5,Dividend Card,3,Auto Loan
839bbfcc-4be3-11ea-a6cb-b88a60e194fb-1-ps,crmid:9411579428,3,Student Card,4,Personal Loan
839d1f86-4be3-11ea-98d0-b88a60e194fb-1-ps,crmid:1233259502,4,Student Card,4,Business Loan
839e7f1c-4be3-11ea-8619-b88a60e194fb-1-ps,crmid:4981412405,3,Rewards Card,4,Personal Loan
839fdf1e-4be3-11ea-b1d6-b88a60e194fb-1-ps,crmid:9004664284,5,Simplicity Card,4,Personal Loan
83a1177a-4be3-11ea-a9f4-b88a60e194fb-1-ps,crmid:7018721450,5,Rewards Card,3,Personal Loan
83a27692-4be3-11ea-be11-b88a60e194fb-1-ps,crmid:7746608928,4,Student Card,9,Personal Loan
84bc71c0-4be3-11ea-a6e7-b88a60e194fb-1-ps,crmid:6891491604,2,Simplicity Card,5,Auto Loan
84bd5d86-4be3-11ea-b3b2-b88a60e194fb-1-ps,crmid:2727916408,3,Travel Card,4,Student Loan
84be6d86-4be3-11ea-8b3a-b88a60e194fb-1-ps,crmid:8896518953,3,Platinum Card,5,Personal Loan
84bf5948-4be3-11ea-82d6-b88a60e194fb-1-ps,crmid:2880977719,4,Travel Card,4,Personal Loan
84c01c92-4be3-11ea-bc4c-b88a60e194fb-1-ps,crmid:4784294505,4,Rewards Card,4,Auto Loan
84c106ba-4be3-11ea-bea9-b88a60e194fb-1-ps,crmid:4878450240,4,Dividend Card,1,Personal Loan
84c1f1b8-4be3-11ea-8813-b88a60e194fb-1-ps,crmid:5817045937,3,Student Card,4,Personal Loan
84c301b6-4be3-11ea-8cec-b88a60e194fb-1-ps,crmid:8219105177,3,Dividend Card,3,Personal Loan
84c3ec1e-4be3-11ea-9f7b-b88a60e194fb-1-ps,crmid:3980820911,3,Travel Card,5,Personal Loan
84c4ff24-4be3-11ea-a50b-b88a60e194fb-1-ps,crmid:8002643536,4,Business Card,4,Auto Loan
84c5e8ec-4be3-11ea-9946-b88a60e194fb-1-ps,crmid:8387091488,4,Business Card,8,Personal Loan
84c6ac34-4be3-11ea-83aa-b88a60e194fb-1-ps,crmid:9844586683,2,Business Card,4,Business Loan
84c7bd8a-4be3-11ea-94cc-b88a60e194fb-1-ps,crmid:2411277148,4,Platinum Card,3,Student Loan
84c880f6-4be3-11ea-92e7-b88a60e194fb-1-ps,crmid:1432904999,3,Simplicity Card,5,Personal Loan
84c9df2e-4be3-11ea-a630-b88a60e194fb-1-ps,crmid:3941560535,4,Travel Card,6,Auto Loan
84caa282-4be3-11ea-9073-b88a60e194fb-1-ps,crmid:2447740073,5,Dividend Card,3,Student Loan
84cb8dfa-4be3-11ea-b9c5-b88a60e194fb-1-ps,crmid:4784995315,4,Dividend Card,5,Business Loan
84cc9ffa-4be3-11ea-a24b-b88a60e194fb-1-ps,crmid:1846853003,5,Platinum Card,4,Personal Loan
84cd630a-4be3-11ea-acdd-b88a60e194fb-1-ps,crmid:2730116574,3,Rewards Card,4,Auto Loan
85f42ddc-4be3-11ea-9c53-b88a60e194fb-1-ps,crmid:2769130912,5,Rewards Card,4,Personal Loan
85f650dc-4be3-11ea-9327-b88a60e194fb-1-ps,crmid:2389672095,4,Travel Card,6,Personal Loan
85f789ca-4be3-11ea-80d2-b88a60e194fb-1-ps,crmid:8531396575,5,Student Card,4,Business Loan
85f936fe-4be3-11ea-9c1b-b88a60e194fb-1-ps,crmid:3321862611,3,Rewards Card,3,Business Loan
85fa6f8a-4be3-11ea-b599-b88a60e194fb-1-ps,crmid:4500791178,6,Platinum Card,6,Student Loan
85fbcf1a-4be3-11ea-8aed-b88a60e194fb-1-ps,crmid:2379650123,5,Business Card,4,Student Loan
85fd55ba-4be3-11ea-ab00-b88a60e194fb-1-ps,crmid:7107617112,4,Travel Card,3,Auto Loan
85fe8e38-4be3-11ea-b4db-b88a60e194fb-1-ps,crmid:1724939372,3,Rewards Card,4,Personal Loan
85ffedca-4be3-11ea-af1b-b88a60e194fb-1-ps,crmid:2394835971,4,Business Card,4,Auto Loan
86014d52-4be3-11ea-8b3e-b88a60e194fb-1-ps,crmid:9832261249,4,Platinum Card,4,Personal Loan
8602ace8-4be3-11ea-a751-b88a60e194fb-1-ps,crmid:6513273158,5,Travel Card,7,Personal Loan
8603e53e-4be3-11ea-a174-b88a60e194fb-1-ps,crmid:4506400044,4,Travel Card,4,Personal Loan
86056c0a-4be3-11ea-ae24-b88a60e194fb-1-ps,crmid:1149911472,10,Platinum Card,4,Personal Loan
8606cb86-4be3-11ea-b8c8-b88a60e194fb-1-ps,crmid:2075180486,5,Simplicity Card,8,Auto Loan
86085206-4be3-11ea-8db5-b88a60e194fb-1-ps,crmid:2047531868,3,Rewards Card,4,Auto Loan
860a26c6-4be3-11ea-9efe-b88a60e194fb-1-ps,crmid:7069841632,3,Dividend Card,3,Business Loan
860bd4a8-4be3-11ea-845f-b88a60e194fb-1-ps,crmid:5031680315,3,Travel Card,6,Auto Loan
860d8238-4be3-11ea-afdd-b88a60e194fb-1-ps,crmid:6416746597,3,Rewards Card,4,Personal Loan
860e93a6-4be3-11ea-8115-b88a60e194fb-1-ps,crmid:7526670088,6,Rewards Card,8,Personal Loan
8787294c-4be3-11ea-8b71-b88a60e194fb-1-ps,crmid:4959533810,5,Platinum Card,3,Personal Loan
878861f4-4be3-11ea-add6-b88a60e194fb-1-ps,crmid:7456233901,4,Rewards Card,4,Personal Loan
8789c21e-4be3-11ea-8545-b88a60e194fb-1-ps,crmid:2386447133,5,Student Card,4,Auto Loan
878ad380-4be3-11ea-b7c3-b88a60e194fb-1-ps,crmid:6481962207,3,Business Card,4,Auto Loan
878be452-4be3-11ea-99bf-b88a60e194fb-1-ps,crmid:8162046367,6,Dividend Card,6,Personal Loan
878d920a-4be3-11ea-92ab-b88a60e194fb-1-ps,crmid:7044731877,6,Travel Card,4,Business Loan
878ef17e-4be3-11ea-8367-b88a60e194fb-1-ps,crmid:2942539745,3,Simplicity Card,4,Student Loan
87905182-4be3-11ea-bbb4-b88a60e194fb-1-ps,crmid:7057030508,4,Travel Card,6,Auto Loan
8791897a-4be3-11ea-984a-b88a60e194fb-1-ps,crmid:7695891000,3,Business Card,3,Auto Loan
8792c29c-4be3-11ea-b30f-b88a60e194fb-1-ps,crmid:8947541511,4,Dividend Card,6,Personal Loan
8793d37a-4be3-11ea-852f-b88a60e194fb-1-ps,crmid:2717510651,3,Simplicity Card,3,Auto Loan
8794e4ee-4be3-11ea-bdb8-b88a60e194fb-1-ps,crmid:7153934171,5,Dividend Card,3,Business Loan
87966b9a-4be3-11ea-a42f-b88a60e194fb-1-ps,crmid:7344515535,7,Simplicity Card,5,Business Loan
8797cb12-4be3-11ea-909d-b88a60e194fb-1-ps,crmid:2967352276,5,Travel Card,4,Personal Loan
879951de-4be3-11ea-8117-b88a60e194fb-1-ps,crmid:5634538782,2,Rewards Card,7,Personal Loan
879b2686-4be3-11ea-8621-b88a60e194fb-1-ps,crmid:2065978956,3,Student Card,4,Personal Loan
879c8612-4be3-11ea-b543-b88a60e194fb-1-ps,crmid:7962297746,3,Student Card,4,Business Loan
879e0cba-4be3-11ea-a848-b88a60e194fb-1-ps,crmid:1882218029,4,Platinum Card,4,Business Loan
879f6c3e-4be3-11ea-ae3e-b88a60e194fb-1-ps,crmid:2293033395,6,Business Card,1,Personal Loan
88b71eac-4be3-11ea-9f5a-b88a60e194fb-1-ps,crmid:9346292272,4,Travel Card,4,Personal Loan
896586a6-4be3-11ea-be26-b88a60e194fb-1-ps,crmid:6138744447,5,Simplicity Card,5,Student Loan
8a4f21cc-4be3-11ea-83b0-b88a60e194fb-1-ps,crmid:3837911502,4,Dividend Card,4,Business Loan
8a500c42-4be3-11ea-9153-b88a60e194fb-1-ps,crmid:8286713458,5,Travel Card,2,Auto Loan
8a50cf8c-4be3-11ea-8f74-b88a60e194fb-1-ps,crmid:7460324337,3,Dividend Card,3,Business Loan
8a51e0d2-4be3-11ea-b904-b88a60e194fb-1-ps,crmid:2123270147,3,Platinum Card,3,Personal Loan
8a52cb2c-4be3-11ea-a54d-b88a60e194fb-1-ps,crmid:5709280933,4,Student Card,4,Student Loan
8a53b592-4be3-11ea-80a8-b88a60e194fb-1-ps,crmid:6274043844,2,Student Card,4,Business Loan
8a54c706-4be3-11ea-9abf-b88a60e194fb-1-ps,crmid:5778362037,5,Student Card,4,Personal Loan
8a55b15a-4be3-11ea-9ebe-b88a60e194fb-1-ps,crmid:1550662812,5,Student Card,3,Personal Loan
8a5674ae-4be3-11ea-b26f-b88a60e194fb-1-ps,crmid:9667638231,4,Business Card,5,Auto Loan
8a57ad40-4be3-11ea-abe7-b88a60e194fb-1-ps,crmid:3736092468,4,Simplicity Card,4,Student Loan
8a5898ba-4be3-11ea-81e6-b88a60e194fb-1-ps,crmid:6152624560,3,Simplicity Card,2,Student Loan
8a59aa2c-4be3-11ea-a78c-b88a60e194fb-1-ps,crmid:1731285147,4,Business Card,3,Personal Loan
8a5abbc6-4be3-11ea-b87c-b88a60e194fb-1-ps,crmid:7445192976,5,Rewards Card,5,Personal Loan
8a5b7f0a-4be3-11ea-862d-b88a60e194fb-1-ps,crmid:2350698668,3,Dividend Card,5,Auto Loan
8a5c8f4a-4be3-11ea-9927-b88a60e194fb-1-ps,crmid:9176337713,3,Business Card,5,Personal Loan
8a5d5390-4be3-11ea-b5f3-b88a60e194fb-1-ps,crmid:6401070617,5,Dividend Card,5,Business Loan
8a5ed9c6-4be3-11ea-a305-b88a60e194fb-1-ps,crmid:5676509749,3,Dividend Card,3,Business Loan
8b748ea6-4be3-11ea-a4f5-b88a60e194fb-1-ps,crmid:8570732657,5,Platinum Card,5,Auto Loan
8c9bd140-4be3-11ea-bc59-b88a60e194fb-1-ps,crmid:1525772469,2,Simplicity Card,4,Auto Loan
8c9d09c2-4be3-11ea-a32f-b88a60e194fb-1-ps,crmid:9737611433,4,Simplicity Card,4,Auto Loan
8c9e4268-4be3-11ea-9cc8-b88a60e194fb-1-ps,crmid:5238686390,4,Dividend Card,3,Personal Loan
8c9f2c94-4be3-11ea-8f45-b88a60e194fb-1-ps,crmid:5618331820,4,Rewards Card,4,Auto Loan
8ca03cb4-4be3-11ea-b6fc-b88a60e194fb-1-ps,crmid:4842236997,4,Travel Card,4,Personal Loan
8ca1015c-4be3-11ea-9fa3-b88a60e194fb-1-ps,crmid:1248671627,4,Simplicity Card,5,Personal Loan
8ca1ebc0-4be3-11ea-8fd8-b88a60e194fb-1-ps,crmid:2073199012,4,Rewards Card,9,Personal Loan
8ca2d4e4-4be3-11ea-bdd7-b88a60e194fb-1-ps,crmid:6973500221,4,Dividend Card,8,Auto Loan
8ca3e652-4be3-11ea-be80-b88a60e194fb-1-ps,crmid:3671465629,4,Travel Card,3,Personal Loan
8ca4f91a-4be3-11ea-b554-b88a60e194fb-1-ps,crmid:5482071710,2,Business Card,3,Auto Loan
8ca6cdc6-4be3-11ea-a0a9-b88a60e194fb-1-ps,crmid:9349828488,3,Rewards Card,3,Auto Loan
8ca7b83a-4be3-11ea-aa1a-b88a60e194fb-1-ps,crmid:5995731289,6,Travel Card,6,Personal Loan
8ca8a278-4be3-11ea-940f-b88a60e194fb-1-ps,crmid:5851799061,5,Travel Card,7,Auto Loan
8ca9b2c8-4be3-11ea-8b2b-b88a60e194fb-1-ps,crmid:8935875083,4,Rewards Card,8,Personal Loan
8caaeaf0-4be3-11ea-a21c-b88a60e194fb-1-ps,crmid:3066113708,5,Dividend Card,4,Personal Loan
8cabd566-4be3-11ea-8b8e-b88a60e194fb-1-ps,crmid:6704032267,5,Student Card,4,Personal Loan
8d1f31d8-4be3-11ea-90b3-b88a60e194fb-1-ps,crmid:9357677479,8,Simplicity Card,5,Business Loan
8dce35ca-4be3-11ea-8716-b88a60e194fb-1-ps,crmid:9797815496,3,Rewards Card,9,Personal Loan
8ed8c69a-4be3-11ea-856a-b88a60e194fb-1-ps,crmid:9562452288,5,Student Card,4,Auto Loan
8ed9b102-4be3-11ea-9eab-b88a60e194fb-1-ps,crmid:9877234477,4,Travel Card,3,Personal Loan
8eda9b62-4be3-11ea-bb8c-b88a60e194fb-1-ps,crmid:9176337713,4,Rewards Card,4,Business Loan
8edb85ba-4be3-11ea-88d0-b88a60e194fb-1-ps,crmid:2320007807,6,Rewards Card,5,Student Loan
8edc702c-4be3-11ea-a4b0-b88a60e194fb-1-ps,crmid:7665875811,9,Rewards Card,4,Personal Loan
8f48c6f6-4be3-11ea-8805-b88a60e194fb-1-ps,crmid:3761833877,5,Business Card,6,Business Loan
8f83d366-4be3-11ea-86da-b88a60e194fb-1-ps,crmid:4935799863,3,Dividend Card,5,Student Loan
8f84e4cc-4be3-11ea-89e0-b88a60e194fb-1-ps,crmid:8066900766,4,Rewards Card,5,Business Loan
8f85a822-4be3-11ea-891e-b88a60e194fb-1-ps,crmid:1207913074,5,Simplicity Card,4,Personal Loan
8f866b68-4be3-11ea-969b-b88a60e194fb-1-ps,crmid:9089240964,6,Student Card,4,Personal Loan
8f877cde-4be3-11ea-8bf7-b88a60e194fb-1-ps,crmid:1349723013,4,Dividend Card,6,Personal Loan
8f88402c-4be3-11ea-87f7-b88a60e194fb-1-ps,crmid:2709543034,2,Dividend Card,5,Auto Loan
8f892a8c-4be3-11ea-9190-b88a60e194fb-1-ps,crmid:2455122538,5,Rewards Card,3,Personal Loan
8f8a6378-4be3-11ea-b1c8-b88a60e194fb-1-ps,crmid:1719501746,4,Student Card,2,Personal Loan
8f8b4dba-4be3-11ea-8699-b88a60e194fb-1-ps,crmid:3782457440,4,Platinum Card,3,Auto Loan
8f8c6088-4be3-11ea-a98f-b88a60e194fb-1-ps,crmid:6066865951,4,Rewards Card,3,Business Loan
8f8d2370-4be3-11ea-8b01-b88a60e194fb-1-ps,crmid:9910808425,3,Rewards Card,4,Personal Loan
8f8e33c0-4be3-11ea-8d64-b88a60e194fb-1-ps,crmid:9104528313,2,Simplicity Card,7,Personal Loan
8f8f1e02-4be3-11ea-8b86-b88a60e194fb-1-ps,crmid:4891300585,9,Travel Card,4,Auto Loan
90b57528-4be3-11ea-9558-b88a60e194fb-1-ps,crmid:3942644712,3,Platinum Card,3,Personal Loan
91c62192-4be3-11ea-b5e6-b88a60e194fb-1-ps,crmid:7713934816,4,Rewards Card,4,Business Loan
91ffa94a-4be3-11ea-b1f7-b88a60e194fb-1-ps,crmid:3510729596,6,Rewards Card,4,Personal Loan
92009392-4be3-11ea-a54d-b88a60e194fb-1-ps,crmid:4344794543,2,Student Card,3,Business Loan
9201cac8-4be3-11ea-88c7-b88a60e194fb-1-ps,crmid:7014419562,4,Travel Card,4,Personal Loan
9202e076-4be3-11ea-bf5a-b88a60e194fb-1-ps,crmid:6265184286,4,Student Card,3,Auto Loan
9203ed92-4be3-11ea-8b38-b88a60e194fb-1-ps,crmid:2884411135,4,Travel Card,5,Personal Loan
9204e5c8-4be3-11ea-8bb6-b88a60e194fb-1-ps,crmid:5725470392,3,Business Card,5,Personal Loan
9205c3a8-4be3-11ea-9bcd-b88a60e194fb-1-ps,crmid:9950753279,3,Travel Card,5,Auto Loan
9206ad66-4be3-11ea-a660-b88a60e194fb-1-ps,crmid:9681101308,4,Dividend Card,5,Personal Loan
923e1038-4be3-11ea-b45e-b88a60e194fb-1-ps,crmid:5112692306,6,Business Card,5,Personal Loan
931de8b4-4be3-11ea-993c-b88a60e194fb-1-ps,crmid:7522379773,3,Platinum Card,4,Student Loan
93c747de-4be3-11ea-92f0-b88a60e194fb-1-ps,crmid:7018812382,3,Dividend Card,3,Auto Loan
946906f8-4be3-11ea-91c5-b88a60e194fb-1-ps,crmid:5167414567,2,Travel Card,4,Business Loan
9469f012-4be3-11ea-96aa-b88a60e194fb-1-ps,crmid:6281346477,6,Student Card,4,Personal Loan
946adbae-4be3-11ea-9aee-b88a60e194fb-1-ps,crmid:4119510613,5,Platinum Card,3,Auto Loan
946b9efa-4be3-11ea-b658-b88a60e194fb-1-ps,crmid:1879862069,3,Travel Card,1,Personal Loan
946cafc8-4be3-11ea-aa5a-b88a60e194fb-1-ps,crmid:4459186256,5,Business Card,4,Auto Loan
946dc08c-4be3-11ea-9a43-b88a60e194fb-1-ps,crmid:1493198505,8,Student Card,5,Business Loan
957a4e12-4be3-11ea-8832-b88a60e194fb-1-ps,crmid:8572548685,4,Simplicity Card,6,Personal Loan
957b3892-4be3-11ea-a015-b88a60e194fb-1-ps,crmid:4427779280,3,Travel Card,4,Personal Loan
957c22f4-4be3-11ea-8249-b88a60e194fb-1-ps,crmid:9723970983,5,Student Card,3,Business Loan
957d348a-4be3-11ea-a1e5-b88a60e194fb-1-ps,crmid:3439750170,4,Travel Card,4,Business Loan
957e1eba-4be3-11ea-b2a5-b88a60e194fb-1-ps,crmid:7822229250,3,Travel Card,4,Personal Loan
957f303e-4be3-11ea-9b7a-b88a60e194fb-1-ps,crmid:5399215190,4,Student Card,4,Personal Loan
961bbf76-4be3-11ea-992f-b88a60e194fb-1-ps,crmid:9150577347,4,Rewards Card,6,Auto Loan
961ca9ba-4be3-11ea-ad9e-b88a60e194fb-1-ps,crmid:2218314717,4,Student Card,3,Personal Loan
961db9da-4be3-11ea-82a7-b88a60e194fb-1-ps,crmid:4860561941,3,Travel Card,2,Personal Loan
961ea476-4be3-11ea-984f-b88a60e194fb-1-ps,crmid:3033371900,5,Platinum Card,4,Personal Loan
961fb6fe-4be3-11ea-a144-b88a60e194fb-1-ps,crmid:7647887469,3,Simplicity Card,6,Personal Loan
96207a52-4be3-11ea-8123-b88a60e194fb-1-ps,crmid:6151173203,4,Platinum Card,5,Business Loan
96216586-4be3-11ea-bfd4-b88a60e194fb-1-ps,crmid:7104262381,3,Business Card,3,Personal Loan
96224e6e-4be3-11ea-8f62-b88a60e194fb-1-ps,crmid:8540303243,6,Dividend Card,5,Student Loan
9623380a-4be3-11ea-bb8f-b88a60e194fb-1-ps,crmid:6607793720,5,Travel Card,4,Auto Loan
96247094-4be3-11ea-95cf-b88a60e194fb-1-ps,crmid:9296969427,5,Dividend Card,4,Personal Loan
96255c52-4be3-11ea-8330-b88a60e194fb-1-ps,crmid:9450178854,4,Travel Card,4,Business Loan
962646c8-4be3-11ea-8893-b88a60e194fb-1-ps,crmid:6730317609,5,Rewards Card,7,Student Loan
96273118-4be3-11ea-a38d-b88a60e194fb-1-ps,crmid:1258920237,5,Business Card,3,Personal Loan
9742d852-4be3-11ea-a9cd-b88a60e194fb-1-ps,crmid:5321902186,4,Student Card,6,Personal Loan
974410e8-4be3-11ea-a487-b88a60e194fb-1-ps,crmid:2435329305,5,Simplicity Card,8,Personal Loan
9745706c-4be3-11ea-aeaa-b88a60e194fb-1-ps,crmid:5716869864,5,Student Card,5,Personal Loan
9746a90a-4be3-11ea-93ac-b88a60e194fb-1-ps,crmid:7597761102,3,Rewards Card,4,Business Loan
97480886-4be3-11ea-955e-b88a60e194fb-1-ps,crmid:6937622069,4,Dividend Card,4,Auto Loan
97491a64-4be3-11ea-a8d6-b88a60e194fb-1-ps,crmid:1485300267,5,Student Card,8,Personal Loan
974a797e-4be3-11ea-97b8-b88a60e194fb-1-ps,crmid:6086581255,3,Business Card,3,Auto Loan
974bd902-4be3-11ea-980a-b88a60e194fb-1-ps,crmid:4891638227,3,Travel Card,2,Auto Loan
974cc364-4be3-11ea-8e69-b88a60e194fb-1-ps,crmid:8829277873,6,Platinum Card,8,Student Loan
974dd50a-4be3-11ea-b462-b88a60e194fb-1-ps,crmid:9808197696,5,Business Card,5,Auto Loan
974ebf30-4be3-11ea-a43d-b88a60e194fb-1-ps,crmid:1127769865,4,Platinum Card,3,Personal Loan
974f828c-4be3-11ea-aee4-b88a60e194fb-1-ps,crmid:4776497559,3,Rewards Card,3,Personal Loan
97506ce6-4be3-11ea-8288-b88a60e194fb-1-ps,crmid:5284415916,3,Platinum Card,4,Personal Loan
97515746-4be3-11ea-a363-b88a60e194fb-1-ps,crmid:5020470827,3,Platinum Card,3,Personal Loan
97521a9c-4be3-11ea-b9a9-b88a60e194fb-1-ps,crmid:1215440354,4,Dividend Card,4,Student Loan
9753050a-4be3-11ea-a9e6-b88a60e194fb-1-ps,crmid:3281007838,5,Business Card,3,Personal Loan
9753ef58-4be3-11ea-bbb1-b88a60e194fb-1-ps,crmid:4293904034,2,Travel Card,2,Personal Loan
975527ec-4be3-11ea-af2d-b88a60e194fb-1-ps,crmid:5792424103,2,Business Card,4,Auto Loan
9756ae80-4be3-11ea-aa70-b88a60e194fb-1-ps,crmid:7746608928,3,Platinum Card,4,Business Loan
985f4478-4be3-11ea-9fde-b88a60e194fb-1-ps,crmid:5026375210,4,Travel Card,8,Auto Loan
98605734-4be3-11ea-83d8-b88a60e194fb-1-ps,crmid:3607637055,4,Travel Card,4,Personal Loan
986141ae-4be3-11ea-9bcc-b88a60e194fb-1-ps,crmid:6755371851,5,Rewards Card,5,Student Loan
98622bae-4be3-11ea-a665-b88a60e194fb-1-ps,crmid:6395018180,3,Rewards Card,4,Student Loan
98631668-4be3-11ea-aca1-b88a60e194fb-1-ps,crmid:7897777595,4,Rewards Card,5,Business Loan
9863ff7e-4be3-11ea-8527-b88a60e194fb-1-ps,crmid:8301270029,4,Platinum Card,8,Auto Loan
98655f06-4be3-11ea-938b-b88a60e194fb-1-ps,crmid:9446815528,3,Student Card,6,Personal Loan
986733be-4be3-11ea-a1a2-b88a60e194fb-1-ps,crmid:6207887708,5,Rewards Card,5,Auto Loan
98681e38-4be3-11ea-8c08-b88a60e194fb-1-ps,crmid:2018729100,4,Simplicity Card,4,Personal Loan
98697da4-4be3-11ea-a8eb-b88a60e194fb-1-ps,crmid:7903103063,4,Travel Card,3,Personal Loan
986a8f24-4be3-11ea-81f0-b88a60e194fb-1-ps,crmid:2416267099,3,Travel Card,7,Personal Loan
986c17e8-4be3-11ea-941c-b88a60e194fb-1-ps,crmid:6008122576,5,Dividend Card,4,Personal Loan
986d01b6-4be3-11ea-87cf-b88a60e194fb-1-ps,crmid:8696516643,2,Student Card,5,Student Loan
986e1288-4be3-11ea-902d-b88a60e194fb-1-ps,crmid:6713696911,5,Rewards Card,3,Personal Loan
986ed60c-4be3-11ea-8eaf-b88a60e194fb-1-ps,crmid:3595636047,4,Student Card,5,Personal Loan
986f9982-4be3-11ea-99c5-b88a60e194fb-1-ps,crmid:6259435483,8,Student Card,3,Personal Loan
987083dc-4be3-11ea-bc8e-b88a60e194fb-1-ps,crmid:7308296516,4,Dividend Card,4,Auto Loan
98714718-4be3-11ea-bd7b-b88a60e194fb-1-ps,crmid:7948648475,10,Dividend Card,3,Student Loan
9872573e-4be3-11ea-ae35-b88a60e194fb-1-ps,crmid:4668471648,7,Student Card,4,Student Loan
998c5236-4be3-11ea-84ca-b88a60e194fb-1-ps,crmid:3424705077,5,Business Card,4,Business Loan
998dfff8-4be3-11ea-a33d-b88a60e194fb-1-ps,crmid:3671065662,4,Rewards Card,4,Student Loan
998f5f82-4be3-11ea-9856-b88a60e194fb-1-ps,crmid:4666667286,4,Dividend Card,4,Auto Loan
9990e61e-4be3-11ea-891e-b88a60e194fb-1-ps,crmid:9060657476,5,Business Card,4,Personal Loan
9992bae2-4be3-11ea-92da-b88a60e194fb-1-ps,crmid:6157366105,2,Dividend Card,4,Auto Loan
9995c830-4be3-11ea-8415-b88a60e194fb-1-ps,crmid:5369838547,4,Business Card,4,Personal Loan
99974eb6-4be3-11ea-8035-b88a60e194fb-1-ps,crmid:7823202585,4,Travel Card,6,Student Loan
9998ae54-4be3-11ea-8a0d-b88a60e194fb-1-ps,crmid:4426684438,3,Business Card,3,Personal Loan
999a0dda-4be3-11ea-9684-b88a60e194fb-1-ps,crmid:7175739620,2,Travel Card,5,Auto Loan
999bbb86-4be3-11ea-b921-b88a60e194fb-1-ps,crmid:7209250946,4,Rewards Card,5,Student Loan
999d1b22-4be3-11ea-a6c9-b88a60e194fb-1-ps,crmid:5920874389,4,Business Card,4,Student Loan
999e7a9e-4be3-11ea-ac71-b88a60e194fb-1-ps,crmid:1911787782,8,Business Card,5,Student Loan
999fb322-4be3-11ea-a1f0-b88a60e194fb-1-ps,crmid:4640606124,4,Business Card,5,Personal Loan
99a09d92-4be3-11ea-9b4a-b88a60e194fb-1-ps,crmid:7906536406,4,Travel Card,5,Personal Loan
99a1af10-4be3-11ea-9c1f-b88a60e194fb-1-ps,crmid:7260012847,5,Simplicity Card,5,Auto Loan
99a2c064-4be3-11ea-90be-b88a60e194fb-1-ps,crmid:7963279725,3,Business Card,3,Auto Loan
99a3d1d8-4be3-11ea-a32e-b88a60e194fb-1-ps,crmid:3960547335,3,Rewards Card,6,Business Loan
99a4bc3e-4be3-11ea-9ded-b88a60e194fb-1-ps,crmid:6998550938,5,Simplicity Card,4,Personal Loan
99a5cdb0-4be3-11ea-9ed7-b88a60e194fb-1-ps,crmid:3177589020,9,Travel Card,3,Business Loan
9b94f2e6-4be3-11ea-b2b4-b88a60e194fb-1-ps,crmid:3322211804,4,Student Card,8,Auto Loan
9b960464-4be3-11ea-868f-b88a60e194fb-1-ps,crmid:7731223554,2,Dividend Card,4,Auto Loan
9b96eea6-4be3-11ea-b9ac-b88a60e194fb-1-ps,crmid:9723798692,4,Simplicity Card,2,Personal Loan
9b97d8f8-4be3-11ea-9365-b88a60e194fb-1-ps,crmid:5168037764,4,Student Card,4,Personal Loan
9b989c4c-4be3-11ea-92e4-b88a60e194fb-1-ps,crmid:6047517560,5,Rewards Card,3,Auto Loan
9b9986b0-4be3-11ea-863b-b88a60e194fb-1-ps,crmid:5729271322,3,Platinum Card,5,Business Loan
9b9a4a00-4be3-11ea-8c5d-b88a60e194fb-1-ps,crmid:3198525998,2,Business Card,4,Business Loan
9b9b351c-4be3-11ea-86bb-b88a60e194fb-1-ps,crmid:3862859174,5,Platinum Card,4,Auto Loan
9b9c470c-4be3-11ea-9a2e-b88a60e194fb-1-ps,crmid:2698792649,4,Simplicity Card,4,Personal Loan
9b9d5728-4be3-11ea-bfab-b88a60e194fb-1-ps,crmid:2154295288,4,Travel Card,3,Student Loan
9b9e1b74-4be3-11ea-8fd5-b88a60e194fb-1-ps,crmid:7153812337,4,Dividend Card,6,Student Loan
9b9f0634-4be3-11ea-bdb3-b88a60e194fb-1-ps,crmid:9015294874,2,Dividend Card,8,Personal Loan
9b9ff01c-4be3-11ea-b6ac-b88a60e194fb-1-ps,crmid:1451805510,5,Dividend Card,3,Personal Loan
9ba10092-4be3-11ea-ba55-b88a60e194fb-1-ps,crmid:4608197940,4,Travel Card,5,Auto Loan
9ba1c54a-4be3-11ea-a25f-b88a60e194fb-1-ps,crmid:1157727190,7,Business Card,4,Student Loan
9ba2871e-4be3-11ea-974e-b88a60e194fb-1-ps,crmid:7495539815,5,Business Card,3,Auto Loan
9ba3c050-4be3-11ea-a43f-b88a60e194fb-1-ps,crmid:1223368007,4,Rewards Card,3,Auto Loan
9ba4aa00-4be3-11ea-90ac-b88a60e194fb-1-ps,crmid:9365160109,5,Platinum Card,4,Student Loan
9ba59598-4be3-11ea-818b-b88a60e194fb-1-ps,crmid:9760318881,3,Simplicity Card,4,Auto Loan
9ceb8164-4be3-11ea-a507-b88a60e194fb-1-ps,crmid:9533390798,4,Platinum Card,4,Personal Loan
9cece0fa-4be3-11ea-83bd-b88a60e194fb-1-ps,crmid:9357677479,3,Dividend Card,5,Personal Loan
9cee1970-4be3-11ea-ac85-b88a60e194fb-1-ps,crmid:2429999284,4,Student Card,2,Auto Loan
9cef51e2-4be3-11ea-a268-b88a60e194fb-1-ps,crmid:8564882439,4,Dividend Card,4,Personal Loan
9cf08a64-4be3-11ea-b24b-b88a60e194fb-1-ps,crmid:7899601712,5,Rewards Card,4,Student Loan
9cf174c2-4be3-11ea-a510-b88a60e194fb-1-ps,crmid:9169753972,4,Rewards Card,3,Auto Loan
9cf2863e-4be3-11ea-bdc9-b88a60e194fb-1-ps,crmid:9250494890,5,Travel Card,6,Personal Loan
9cf3bec6-4be3-11ea-a905-b88a60e194fb-1-ps,crmid:7579273509,4,Student Card,3,Business Loan
9cf54554-4be3-11ea-9078-b88a60e194fb-1-ps,crmid:7864840608,8,Student Card,4,Personal Loan
9cf67de2-4be3-11ea-9973-b88a60e194fb-1-ps,crmid:7087053020,4,Student Card,3,Business Loan
9cf7b65a-4be3-11ea-b217-b88a60e194fb-1-ps,crmid:2911164658,3,Dividend Card,4,Personal Loan
9cf8c7d0-4be3-11ea-88c9-b88a60e194fb-1-ps,crmid:3959343557,3,Dividend Card,4,Personal Loan
9cfa0040-4be3-11ea-ac70-b88a60e194fb-1-ps,crmid:2191073150,5,Travel Card,5,Student Loan
9cfb38c0-4be3-11ea-8f1a-b88a60e194fb-1-ps,crmid:4921706558,4,Dividend Card,5,Student Loan
9cfcbf7a-4be3-11ea-af33-b88a60e194fb-1-ps,crmid:9071035561,3,Simplicity Card,3,Personal Loan
9cfda9e2-4be3-11ea-be19-b88a60e194fb-1-ps,crmid:9762382335,2,Student Card,3,Personal Loan
9cfebb3e-4be3-11ea-af0a-b88a60e194fb-1-ps,crmid:4376975514,4,Business Card,4,Auto Loan
9cffcca8-4be3-11ea-bb79-b88a60e194fb-1-ps,crmid:2123270147,4,Travel Card,4,Personal Loan
9d010526-4be3-11ea-a1db-b88a60e194fb-1-ps,crmid:1611554186,3,Rewards Card,5,Personal Loan
9ebf09a2-4be3-11ea-a4bb-b88a60e194fb-1-ps,crmid:9638250320,4,Student Card,4,Auto Loan
9ebff40a-4be3-11ea-8d8c-b88a60e194fb-1-ps,crmid:3745669092,3,Travel Card,3,Student Loan
9ec0de5e-4be3-11ea-adec-b88a60e194fb-1-ps,crmid:7381359815,3,Business Card,4,Auto Loan
9ec1a058-4be3-11ea-9e86-b88a60e194fb-1-ps,crmid:1152670989,5,Platinum Card,5,Student Loan
9ec28a94-4be3-11ea-b763-b88a60e194fb-1-ps,crmid:4424871109,4,Business Card,3,Personal Loan
9ec39d64-4be3-11ea-8c90-b88a60e194fb-1-ps,crmid:9713396704,3,Travel Card,4,Personal Loan
9ec45f6c-4be3-11ea-9d57-b88a60e194fb-1-ps,crmid:2874505615,4,Student Card,2,Student Loan
9ec52408-4be3-11ea-8d09-b88a60e194fb-1-ps,crmid:6730317609,4,Travel Card,2,Personal Loan
9ec6344c-4be3-11ea-a768-b88a60e194fb-1-ps,crmid:2267026285,4,Travel Card,8,Personal Loan
9ec72000-4be3-11ea-9c66-b88a60e194fb-1-ps,crmid:2430484579,3,Simplicity Card,4,Student Loan
9ec808cc-4be3-11ea-94c5-b88a60e194fb-1-ps,crmid:9761173773,5,Dividend Card,4,Business Loan
9ec91af6-4be3-11ea-be29-b88a60e194fb-1-ps,crmid:1517505488,5,Travel Card,2,Personal Loan
9eca05fe-4be3-11ea-a8cc-b88a60e194fb-1-ps,crmid:9924772629,4,Travel Card,9,Business Loan
9ecaf064-4be3-11ea-9ab3-b88a60e194fb-1-ps,crmid:6671405061,4,Business Card,8,Business Loan
9ecc4ea4-4be3-11ea-9495-b88a60e194fb-1-ps,crmid:3583053541,4,Rewards Card,3,Auto Loan
9ef6e280-4be3-11ea-b2b9-b88a60e194fb-1-ps,crmid:1774792123,4,Student Card,4,Personal Loan
9ef7f286-4be3-11ea-a3c0-b88a60e194fb-1-ps,crmid:1906506601,5,Travel Card,4,Personal Loan
9ef8de30-4be3-11ea-85d1-b88a60e194fb-1-ps,crmid:3773031987,5,Travel Card,5,Student Loan
9ef9ee46-4be3-11ea-be13-b88a60e194fb-1-ps,crmid:4238695290,2,Platinum Card,6,Personal Loan
a00b5f4a-4be3-11ea-9524-b88a60e194fb-1-ps,crmid:2908555917,3,Travel Card,4,Personal Loan
a00c6f68-4be3-11ea-b6d6-b88a60e194fb-1-ps,crmid:3284275057,5,Student Card,2,Business Loan
a00da910-4be3-11ea-9ccb-b88a60e194fb-1-ps,crmid:1766419991,6,Dividend Card,5,Student Loan
a00e9246-4be3-11ea-a4fd-b88a60e194fb-1-ps,crmid:3678702233,3,Student Card,4,Student Loan
a00fa3b0-4be3-11ea-9bd1-b88a60e194fb-1-ps,crmid:7312350230,4,Travel Card,9,Personal Loan
a0106828-4be3-11ea-8f09-b88a60e194fb-1-ps,crmid:9918649371,3,Business Card,2,Auto Loan
a0115140-4be3-11ea-b52f-b88a60e194fb-1-ps,crmid:9769825240,5,Rewards Card,5,Personal Loan
a0123ce4-4be3-11ea-9bac-b88a60e194fb-1-ps,crmid:2575774650,4,Business Card,4,Business Loan
a0130034-4be3-11ea-a98f-b88a60e194fb-1-ps,crmid:4467674817,4,Travel Card,4,Personal Loan
a0141064-4be3-11ea-af82-b88a60e194fb-1-ps,crmid:3033331506,4,Travel Card,4,Business Loan
a01521ba-4be3-11ea-ad6c-b88a60e194fb-1-ps,crmid:3590302291,3,Platinum Card,5,Personal Loan
a0165ba4-4be3-11ea-8e0c-b88a60e194fb-1-ps,crmid:9513456463,6,Platinum Card,4,Auto Loan
a0176b9e-4be3-11ea-aab8-b88a60e194fb-1-ps,crmid:2931983181,4,Rewards Card,4,Auto Loan
a018cb30-4be3-11ea-8f90-b88a60e194fb-1-ps,crmid:1746837012,3,Rewards Card,8,Business Loan
a02e761c-4be3-11ea-96c4-b88a60e194fb-1-ps,crmid:3965471404,3,Rewards Card,3,Business Loan
a02f6068-4be3-11ea-b76e-b88a60e194fb-1-ps,crmid:9288506529,5,Travel Card,2,Business Loan
a0304ad4-4be3-11ea-8ec7-b88a60e194fb-1-ps,crmid:6740866964,5,Student Card,7,Auto Loan
a0313526-4be3-11ea-9c88-b88a60e194fb-1-ps,crmid:7704076187,7,Rewards Card,3,Business Loan
a0321fa8-4be3-11ea-868c-b88a60e194fb-1-ps,crmid:1823445992,3,Rewards Card,4,Personal Loan
a13d26ac-4be3-11ea-ad66-b88a60e194fb-1-ps,crmid:9320528796,5,Student Card,5,Auto Loan
a13e381c-4be3-11ea-ae18-b88a60e194fb-1-ps,crmid:1893648660,5,Travel Card,6,Personal Loan
a13f70a4-4be3-11ea-91fd-b88a60e194fb-1-ps,crmid:7476449676,4,Dividend Card,6,Business Loan
a1405b0c-4be3-11ea-a93a-b88a60e194fb-1-ps,crmid:1481182975,4,Simplicity Card,3,Student Loan
a1411e46-4be3-11ea-adcd-b88a60e194fb-1-ps,crmid:4805095186,4,Platinum Card,3,Personal Loan
a1420898-4be3-11ea-bf8f-b88a60e194fb-1-ps,crmid:4735779556,6,Dividend Card,3,Personal Loan
a142f302-4be3-11ea-bc19-b88a60e194fb-1-ps,crmid:9713396704,4,Travel Card,3,Personal Loan
a155de9a-4be3-11ea-9b74-b88a60e194fb-1-ps,crmid:1683153010,4,Rewards Card,9,Personal Loan
a156c912-4be3-11ea-9d3d-b88a60e194fb-1-ps,crmid:7372644634,5,Simplicity Card,4,Personal Loan
a157b4d0-4be3-11ea-bce9-b88a60e194fb-1-ps,crmid:4647097644,4,Platinum Card,4,Auto Loan
a158c4b6-4be3-11ea-8ff9-b88a60e194fb-1-ps,crmid:7877888180,5,Rewards Card,4,Personal Loan
a159d664-4be3-11ea-b8ba-b88a60e194fb-1-ps,crmid:7062826240,5,Rewards Card,3,Business Loan
a15b35c0-4be3-11ea-8188-b88a60e194fb-1-ps,crmid:5545416613,4,Travel Card,4,Personal Loan
a15c6e36-4be3-11ea-b7fb-b88a60e194fb-1-ps,crmid:4619429966,3,Student Card,4,Personal Loan
a15dcebe-4be3-11ea-9ed5-b88a60e194fb-1-ps,crmid:2733887484,3,Business Card,3,Auto Loan
a15f0666-4be3-11ea-8458-b88a60e194fb-1-ps,crmid:2026222387,2,Dividend Card,4,Personal Loan
a15ff11c-4be3-11ea-9156-b88a60e194fb-1-ps,crmid:3644029057,4,Travel Card,3,Student Loan
a1612962-4be3-11ea-876a-b88a60e194fb-1-ps,crmid:2133727185,4,Travel Card,5,Student Loan
a162138c-4be3-11ea-8144-b88a60e194fb-1-ps,crmid:7795216419,8,Travel Card,3,Auto Loan
a29a6c1c-4be3-11ea-93aa-b88a60e194fb-1-ps,crmid:5627894745,4,Simplicity Card,4,Business Loan
a2ec0e68-4be3-11ea-a511-b88a60e194fb-1-ps,crmid:2205865554,4,Dividend Card,4,Auto Loan
a32f58ba-4be3-11ea-9b13-b88a60e194fb-1-ps,crmid:2261577332,6,Rewards Card,4,Student Loan
a37e3d4c-4be3-11ea-b142-b88a60e194fb-1-ps,crmid:6415475552,10,Platinum Card,3,Auto Loan
a3c1384a-4be3-11ea-aabe-b88a60e194fb-1-ps,crmid:9995292369,4,Rewards Card,6,Business Loan
a40c9a64-4be3-11ea-8fca-b88a60e194fb-1-ps,crmid:6324916830,6,Rewards Card,5,Business Loan
a46d7eca-4be3-11ea-b6c5-b88a60e194fb-1-ps,crmid:2321337639,3,Rewards Card,5,Business Loan
a49e03a4-4be3-11ea-abd7-b88a60e194fb-1-ps,crmid:3104286417,6,Student Card,5,Student Loan
a4eaebf4-4be3-11ea-904f-b88a60e194fb-1-ps,crmid:4852223443,5,Student Card,5,Business Loan
a5199bba-4be3-11ea-891d-b88a60e194fb-1-ps,crmid:8870219534,3,Simplicity Card,4,Personal Loan
a57ace86-4be3-11ea-924d-b88a60e194fb-1-ps,crmid:3758530517,5,Travel Card,3,Auto Loan
