id,crmid,propensity_premium,propensity_high_speed
aa18c53a-85a8-11ea-83ce-b88a60e194fb,crmid:9563187378,7,4
aa1a115c-85a8-11ea-b061-b88a60e194fb,crmid:9976057163,4,8
aa1b5d4a-85a8-11ea-b9e7-b88a60e194fb,crmid:7918807813,9,3
aa1ca95c-85a8-11ea-8aac-b88a60e194fb,crmid:4959153646,8,3
aa1df55c-85a8-11ea-b75a-b88a60e194fb,crmid:2350798268,5,8
aa1f7b06-85a8-11ea-98ae-b88a60e194fb,crmid:5713782154,4,9
aa211540-85a8-11ea-ba44-b88a60e194fb,crmid:4743981727,10,3
aa22e9fe-85a8-11ea-bf27-b88a60e194fb,crmid:6647826933,9,4
aa243738-85a8-11ea-a14e-b88a60e194fb,crmid:6105866658,5,9
aa25f840-85a8-11ea-be07-b88a60e194fb,crmid:7077488915,6,6
aa270986-85a8-11ea-b6a8-b88a60e194fb,crmid:1401228675,6,5
aa28420c-85a8-11ea-bbcb-b88a60e194fb,crmid:3706936858,3,7
aa297a12-85a8-11ea-86e4-b88a60e194fb,crmid:7180339984,7,3
aa2ac5a8-85a8-11ea-9b15-b88a60e194fb,crmid:9800840683,4,7
aa2c3a1e-85a8-11ea-835f-b88a60e194fb,crmid:6201635200,6,4
aa2d9948-85a8-11ea-a4cd-b88a60e194fb,crmid:5692101251,3,9
aa2ee548-85a8-11ea-b608-b88a60e194fb,crmid:9759589749,8,5
aa305880-85a8-11ea-b931-b88a60e194fb,crmid:7462008767,8,1
aa31f2a6-85a8-11ea-bcde-b88a60e194fb,crmid:7115679054,8,3
aa338bb6-85a8-11ea-bed3-b88a60e194fb,crmid:9978288583,6,7
aa34ffca-85a8-11ea-b3ec-b88a60e194fb,crmid:9505535499,3,8
aa3672ee-85a8-11ea-accf-b88a60e194fb,crmid:8221270941,7,3
aa37d27a-85a8-11ea-aed1-b88a60e194fb,crmid:5021823952,3,10
aa390adc-85a8-11ea-ae1c-b88a60e194fb,crmid:4561530150,8,3
aa3a6986-85a8-11ea-846c-b88a60e194fb,crmid:1755758274,2,8
aa3ca028-85a8-11ea-9128-b88a60e194fb,crmid:3602010274,4,9
aa3e74ae-85a8-11ea-8467-b88a60e194fb,crmid:3851569748,4,8
aa414748-85a8-11ea-a963-b88a60e194fb,crmid:8941502489,4,8
aa43f2dc-85a8-11ea-9df6-b88a60e194fb,crmid:3217830796,9,3
aa468aee-85a8-11ea-83f8-b88a60e194fb,crmid:2049194845,5,9
aa494a1a-85a8-11ea-a179-b88a60e194fb,crmid:8590632234,3,8
aa4bbb14-85a8-11ea-be4c-b88a60e194fb,crmid:1343280608,4,7
aa4df186-85a8-11ea-9315-b88a60e194fb,crmid:6800620207,3,8
aa5027f0-85a8-11ea-97fb-b88a60e194fb,crmid:9593546418,4,8
aa52371e-85a8-11ea-9a7e-b88a60e194fb,crmid:1139166106,4,7
aa540bfa-85a8-11ea-b63e-b88a60e194fb,crmid:4426772174,8,3
aa564264-85a8-11ea-9fb5-b88a60e194fb,crmid:8419561112,2,7
aa588cf4-85a8-11ea-9ae0-b88a60e194fb,crmid:1182805778,6,4
aa5a9ba4-85a8-11ea-b594-b88a60e194fb,crmid:9262616887,4,8
aa5cbea8-85a8-11ea-8a5c-b88a60e194fb,crmid:9857490621,9,5
aa5f7db6-85a8-11ea-8f14-b88a60e194fb,crmid:1855730648,5,3
aa6165e8-85a8-11ea-bd12-b88a60e194fb,crmid:4852783502,8,4
aa649a46-85a8-11ea-9039-b88a60e194fb,crmid:7293077288,3,8
aa66bd36-85a8-11ea-9509-b88a60e194fb,crmid:8646397575,9,4
aa695564-85a8-11ea-a39e-b88a60e194fb,crmid:1880557748,9,5
aa6bd9dc-85a8-11ea-a7dd-b88a60e194fb,crmid:7041837106,5,8
aa6e1040-85a8-11ea-9e04-b88a60e194fb,crmid:4766506688,4,7
aa7109e8-85a8-11ea-bdea-b88a60e194fb,crmid:3637565329,2,8
aa73f000-85a8-11ea-b3ae-b88a60e194fb,crmid:5658280947,7,4
aa76748a-85a8-11ea-82a6-b88a60e194fb,crmid:4622026002,4,9
aa79bc54-85a8-11ea-897e-b88a60e194fb,crmid:8625369977,8,3
aa7c5464-85a8-11ea-b4c6-b88a60e194fb,crmid:5781510725,8,5
aa7e63c6-85a8-11ea-b700-b88a60e194fb,crmid:2204253172,4,7
aa804c02-85a8-11ea-ad25-b88a60e194fb,crmid:2171006636,4,8
aa828276-85a8-11ea-8da6-b88a60e194fb,crmid:1228198721,4,10
aa846ab4-85a8-11ea-a034-b88a60e194fb,crmid:6728763532,5,10
aa866686-85a8-11ea-ac5d-b88a60e194fb,crmid:3355851699,8,4
aa889cec-85a8-11ea-a619-b88a60e194fb,crmid:3308259732,6,2
aa8abfd0-85a8-11ea-b59b-b88a60e194fb,crmid:2488831335,7,4
aa8cf634-85a8-11ea-8e85-b88a60e194fb,crmid:2394164086,7,4
aa8f4026-85a8-11ea-9f43-b88a60e194fb,crmid:9727387356,4,9
aa91c4ac-85a8-11ea-819d-b88a60e194fb,crmid:8475469746,4,9
aa945cc2-85a8-11ea-aef4-b88a60e194fb,crmid:3643800344,3,7
aa96a6c2-85a8-11ea-accb-b88a60e194fb,crmid:9914379049,9,4
aa993ec6-85a8-11ea-a116-b88a60e194fb,crmid:3498389907,8,4
aa9b88b4-85a8-11ea-a2eb-b88a60e194fb,crmid:6580409100,4,6
aa9dd2a8-85a8-11ea-85ee-b88a60e194fb,crmid:6870484687,3,7
aaa06b40-85a8-11ea-ae94-b88a60e194fb,crmid:5856481916,4,8
aaa2b4da-85a8-11ea-b42e-b88a60e194fb,crmid:9952625593,4,9
aaa59acc-85a8-11ea-94a0-b88a60e194fb,crmid:9265939824,6,7
aaa84950-85a8-11ea-8cb3-b88a60e194fb,crmid:5090006218,3,10
aaaa55b4-85a8-11ea-94cf-b88a60e194fb,crmid:6182021062,5,8
aaad14e2-85a8-11ea-8ee8-b88a60e194fb,crmid:3071928491,4,9
aaaf10b8-85a8-11ea-8b6e-b88a60e194fb,crmid:9825636117,2,10
aab1a8b6-85a8-11ea-957e-b88a60e194fb,crmid:5607821298,3,8
aab3f2b0-85a8-11ea-be4d-b88a60e194fb,crmid:4052179884,4,7
aab65024-85a8-11ea-a544-b88a60e194fb,crmid:5053959463,10,4
aab89a1c-85a8-11ea-8c58-b88a60e194fb,crmid:2122742952,3,7
aabb5934-85a8-11ea-9b58-b88a60e194fb,crmid:8313361362,8,6
aabdddba-85a8-11ea-9a0a-b88a60e194fb,crmid:2336972508,6,8
aabfd998-85a8-11ea-87bb-b88a60e194fb,crmid:4681979301,3,8
aac1d56c-85a8-11ea-9873-b88a60e194fb,crmid:6784639638,3,10
aac3e4b8-85a8-11ea-b658-b88a60e194fb,crmid:8926086789,2,9
aac60798-85a8-11ea-ab10-b88a60e194fb,crmid:4912706722,5,8
aac82a7e-85a8-11ea-bfa5-b88a60e194fb,crmid:4968360892,3,7
aaca39d8-85a8-11ea-9c7e-b88a60e194fb,crmid:7881586814,3,6
aacc7036-85a8-11ea-ac51-b88a60e194fb,crmid:3926059497,8,5
aacea702-85a8-11ea-9213-b88a60e194fb,crmid:3713991117,9,5
aad0c97e-85a8-11ea-b2b3-b88a60e194fb,crmid:7591482720,6,3
aad2ec68-85a8-11ea-9f92-b88a60e194fb,crmid:7158584242,8,3
aad4c118-85a8-11ea-8c7f-b88a60e194fb,crmid:7637692403,5,10
aad6f778-85a8-11ea-ad81-b88a60e194fb,crmid:1507894419,4,9
aad91a6e-85a8-11ea-81b1-b88a60e194fb,crmid:4240635093,4,8
aade718c-85a8-11ea-96ae-b88a60e194fb,crmid:2677743560,7,3
aae032ca-85a8-11ea-8e27-b88a60e194fb,crmid:6732239808,7,4
aae20782-85a8-11ea-9431-b88a60e194fb,crmid:4229206964,7,4
aae3a1b0-85a8-11ea-8c8f-b88a60e194fb,crmid:9531700269,4,8
aae514ca-85a8-11ea-8c66-b88a60e194fb,crmid:1740528048,7,4
aae687f4-85a8-11ea-8776-b88a60e194fb,crmid:9744454824,8,5
aae82208-85a8-11ea-8093-b88a60e194fb,crmid:5275064541,8,4
aae9cfae-85a8-11ea-8615-b88a60e194fb,crmid:2740065732,4,8
aaeb5652-85a8-11ea-a404-b88a60e194fb,crmid:6252799450,9,3
aaecdea8-85a8-11ea-be87-b88a60e194fb,crmid:3217810458,4,6
aaee9f6c-85a8-11ea-87ce-b88a60e194fb,crmid:3704139596,4,8
aaf0ad86-85a8-11ea-ad0b-b88a60e194fb,crmid:8314514770,10,5
aaf29690-85a8-11ea-831e-b88a60e194fb,crmid:5851898020,9,0
aaf4582c-85a8-11ea-b380-b88a60e194fb,crmid:3343837464,4,7
aaf62c46-85a8-11ea-a6d6-b88a60e194fb,crmid:9219512309,7,4
aaf8009a-85a8-11ea-be5a-b88a60e194fb,crmid:2091641246,4,7
aaf99b6e-85a8-11ea-b8ad-b88a60e194fb,crmid:5380192931,8,4
aafb5c06-85a8-11ea-8b20-b88a60e194fb,crmid:9545159147,4,9
aafd30a2-85a8-11ea-bb30-b88a60e194fb,crmid:7768773937,9,3
aafedf6e-85a8-11ea-a9bd-b88a60e194fb,crmid:7578133114,3,10
ab002a5c-85a8-11ea-97dd-b88a60e194fb,crmid:3165570647,6,5
ab01d97a-85a8-11ea-82a4-b88a60e194fb,crmid:7918812180,3,8
ab03390c-85a8-11ea-a254-b88a60e194fb,crmid:7522844823,8,4
ab04be34-85a8-11ea-99ce-b88a60e194fb,crmid:6652951422,4,7
ab060a3a-85a8-11ea-bc3a-b88a60e194fb,crmid:4810501600,5,7
ab0769ca-85a8-11ea-a1c9-b88a60e194fb,crmid:5377977380,4,9
ab08f06c-85a8-11ea-a0e1-b88a60e194fb,crmid:9145256882,7,9
ab0a3c76-85a8-11ea-9d7e-b88a60e194fb,crmid:8257109296,9,2
ab0b8880-85a8-11ea-8714-b88a60e194fb,crmid:7996197892,5,8
ab0cfb9a-85a8-11ea-81e6-b88a60e194fb,crmid:1582437580,6,9
ab0e8230-85a8-11ea-b96a-b88a60e194fb,crmid:6473856356,8,4
ab101c5e-85a8-11ea-bec8-b88a60e194fb,crmid:1284529366,8,3
ab11dd9a-85a8-11ea-bca0-b88a60e194fb,crmid:3239906566,2,5
ab1350b0-85a8-11ea-b1b5-b88a60e194fb,crmid:2756810061,4,8
ab14d74a-85a8-11ea-a54e-b88a60e194fb,crmid:4277465290,7,4
ab165dec-85a8-11ea-96e7-b88a60e194fb,crmid:3421216209,3,8
ab17bd7a-85a8-11ea-bf1d-b88a60e194fb,crmid:5866669505,9,4
ab190980-85a8-11ea-8a13-b88a60e194fb,crmid:5323337867,4,6
ab1ab72e-85a8-11ea-a09c-b88a60e194fb,crmid:8418154718,4,10
ab1c16c0-85a8-11ea-a026-b88a60e194fb,crmid:9270312883,4,9
ab1d7652-85a8-11ea-8a0e-b88a60e194fb,crmid:2156020661,4,9
ab1ed5e4-85a8-11ea-b099-b88a60e194fb,crmid:8015496459,9,3
ab20be2c-85a8-11ea-924c-b88a60e194fb,crmid:7328084609,7,6
ab221db8-85a8-11ea-a0ac-b88a60e194fb,crmid:6161476260,7,5
ab2390d2-85a8-11ea-b69f-b88a60e194fb,crmid:6824128042,10,3
ab251770-85a8-11ea-9657-b88a60e194fb,crmid:3843678302,9,2
ab268a8a-85a8-11ea-9cd4-b88a60e194fb,crmid:9954963926,8,3
ab281128-85a8-11ea-a3fb-b88a60e194fb,crmid:4530114691,9,3
ab2970be-85a8-11ea-bdaf-b88a60e194fb,crmid:5800240812,8,3
ab2ae3d4-85a8-11ea-a311-b88a60e194fb,crmid:9260613487,4,10
ab2c2fda-85a8-11ea-b7b2-b88a60e194fb,crmid:8428184277,4,8
ab2db67e-85a8-11ea-bd95-b88a60e194fb,crmid:9262785198,8,4
ab2f2990-85a8-11ea-b6f3-b88a60e194fb,crmid:6447147940,6,10
ab30c3b6-85a8-11ea-9292-b88a60e194fb,crmid:8663774862,7,2
ab324a58-85a8-11ea-8815-b88a60e194fb,crmid:9705005614,10,4
ab33e47e-85a8-11ea-b4ba-b88a60e194fb,crmid:5540084743,6,6
ab35440c-85a8-11ea-9470-b88a60e194fb,crmid:4367899022,7,4
ab36b726-85a8-11ea-ba6f-b88a60e194fb,crmid:4270430172,5,9
ab383dc8-85a8-11ea-bbe7-b88a60e194fb,crmid:9634907522,3,8
ab39c466-85a8-11ea-baaa-b88a60e194fb,crmid:5232728170,4,8
ab3b377a-85a8-11ea-9240-b88a60e194fb,crmid:9126431441,3,6
ab3c970a-85a8-11ea-bf98-b88a60e194fb,crmid:5148124653,7,4
ab3e3286-85a8-11ea-b115-b88a60e194fb,crmid:4106342293,8,2
ab3ff362-85a8-11ea-ac51-b88a60e194fb,crmid:2313618826,4,10
ab413f90-85a8-11ea-adfa-b88a60e194fb,crmid:9466008752,8,4
ab428a80-85a8-11ea-bc2a-b88a60e194fb,crmid:5484155888,5,9
ab441124-85a8-11ea-9b33-b88a60e194fb,crmid:2826352530,5,8
ab460cf6-85a8-11ea-83f7-b88a60e194fb,crmid:8521482827,4,8
ab47bab6-85a8-11ea-9757-b88a60e194fb,crmid:6118350481,8,5
ab491a54-85a8-11ea-8cb2-b88a60e194fb,crmid:4662348944,4,10
ab4a8dfe-85a8-11ea-bfe7-b88a60e194fb,crmid:1142937844,4,10
ab4c28e4-85a8-11ea-b3ea-b88a60e194fb,crmid:8716245677,7,3
ab4d750a-85a8-11ea-958c-b88a60e194fb,crmid:7359959387,6,8
ab4efb28-85a8-11ea-80df-b88a60e194fb,crmid:5865737740,7,3
ab509548-85a8-11ea-87dd-b88a60e194fb,crmid:9949442032,4,9
ab521af4-85a8-11ea-9f07-b88a60e194fb,crmid:4378611333,3,7
ab53dd82-85a8-11ea-8969-b88a60e194fb,crmid:5913735497,5,8
ab551602-85a8-11ea-a657-b88a60e194fb,crmid:3134264489,8,5
ab564e26-85a8-11ea-b7db-b88a60e194fb,crmid:7180486373,8,4
ab57994a-85a8-11ea-87ac-b88a60e194fb,crmid:2000481187,4,9
ab5920c6-85a8-11ea-b5e6-b88a60e194fb,crmid:9049435863,4,8
ab5a7f6e-85a8-11ea-b4be-b88a60e194fb,crmid:9860357975,7,3
ab5bdff4-85a8-11ea-9f17-b88a60e194fb,crmid:9014260517,6,3
ab5d3f78-85a8-11ea-91ea-b88a60e194fb,crmid:7001411158,3,8
ab5f134a-85a8-11ea-ac93-b88a60e194fb,crmid:8516658047,4,8
ab60c0ee-85a8-11ea-b21f-b88a60e194fb,crmid:8715328912,9,5
ab624798-85a8-11ea-9df1-b88a60e194fb,crmid:8850929243,9,4
ab642fe2-85a8-11ea-a5d7-b88a60e194fb,crmid:2132610805,7,4
ab65f100-85a8-11ea-b939-b88a60e194fb,crmid:7418446726,9,2
ab67c5be-85a8-11ea-85a5-b88a60e194fb,crmid:1656404642,8,2
ab6938e2-85a8-11ea-96f3-b88a60e194fb,crmid:4930669958,10,5
ab6ad30c-85a8-11ea-9471-b88a60e194fb,crmid:3977524266,9,4
ab6c328c-85a8-11ea-8227-b88a60e194fb,crmid:6068008347,10,4
ab6db92e-85a8-11ea-b1f6-b88a60e194fb,crmid:8290797514,7,5
ab6f5358-85a8-11ea-92c2-b88a60e194fb,crmid:2104992228,9,5
ab713b9c-85a8-11ea-9ad2-b88a60e194fb,crmid:4679295522,8,5
ab7385fe-85a8-11ea-97f0-b88a60e194fb,crmid:4554654798,4,8
ab75cf86-85a8-11ea-ab1d-b88a60e194fb,crmid:5631812485,4,8
ab77a44a-85a8-11ea-8de7-b88a60e194fb,crmid:8312566837,4,9
ab7903d4-85a8-11ea-b29c-b88a60e194fb,crmid:3240553027,3,10
ab7aec1e-85a8-11ea-94de-b88a60e194fb,crmid:8671639606,3,9
ab7cc0cc-85a8-11ea-b294-b88a60e194fb,crmid:5678280560,3,8
ab7e4780-85a8-11ea-aea9-b88a60e194fb,crmid:2651915164,5,6
ab7fe192-85a8-11ea-a638-b88a60e194fb,crmid:9511016569,10,3
ab81411e-85a8-11ea-8326-b88a60e194fb,crmid:1157062810,4,9
ab82ef4a-85a8-11ea-bc26-b88a60e194fb,crmid:6259406171,4,8
ab8461f8-85a8-11ea-9612-b88a60e194fb,crmid:3671844055,8,6
