crmid,email,first_name,last_name,gender,mobile telephone,city,country,zip,state,street address,birthday,creditrating
crmid:3693205453,crane1971@gmail.com,Clifton,Morgan,male,594-144-2957,Boise City,United States,10937,Kentucky,137 Shoup,1940-02-21,625
crmid:7382008701,streamliner1892@yahoo.com,Jean,Gaines,,287-805-5536,Queen Creek,United States,97650,Washington,642 Lake Merced,1998-12-22,1280
crmid:3665568497,delightingly2059@outlook.com,Katheleen,Salas,female,031-464-1308,South Jordan,United States,17550,Massachusetts,1068 Cuba,1946-05-26,2064
crmid:2341967189,bottlefeed1983@gmail.com,Lazaro,Workman,male,677-342-2543,Anoka,United States,39394,Texas,702 Van Keuren,1933-06-02,2743
crmid:3883140224,anticontagion1811@yahoo.com,Buddy,Savage,,573-176-7162,Glassboro,United States,03072,Ohio,757 Oceanview,1966-02-24,2419
crmid:7340833971,buckling2043@live.com,Val,Smith,male,888-814-0651,Ada,United States,65447,Indiana,317 Menoher,1930-11-21,693
crmid:4449302375,bluecollar1910@yandex.com,Mike,Leblanc,male,608-630-7891,North Ridgeville,United States,14152,Mississippi,75 Bancroft,1999-02-21,2151
crmid:8703368541,trochozoa2069@yahoo.com,Maryln,Wall,female,726-804-8249,Santee,United States,23736,Wisconsin,828 Lansdale,1959-06-30,1572
crmid:4715098264,tmeses1866@yahoo.com,Theo,Valdez,male,415-328-0509,Waterbury,United States,56813,Idaho,1105 Wyton,1998-02-20,1036
crmid:9693186047,arrowy1996@outlook.com,Tommie,Reynolds,,805-994-7366,Massillon,United States,78577,Pennsylvania,335 Olmstead,1988-12-21,799
crmid:2946820031,mistermed2021@yandex.com,Yong,Edwards,male,002-347-4212,Barnstable Town,United States,92723,Kansas,1350 Harlem,1936-10-09,2670
crmid:3663106532,earth1863@live.com,Wes,Pace,male,648-630-3257,Battle Creek,United States,53279,Michigan,1233 Red Rock,1936-10-22,1906
crmid:5727179812,yammering1837@yandex.com,Stan,Wells,,860-509-7199,Hampton,United States,89456,Utah,150 Williams,1969-03-31,1289
crmid:8148444470,candida1800@outlook.com,Grady,Flowers,male,139-147-7920,Nashua,United States,58268,Minnesota,725 Crown,1995-09-04,641
crmid:5131889796,ballers1987@gmail.com,Rolando,Holman,male,367-481-8652,Anoka,United States,49629,Nevada,163 Millwright Cottage Access,1933-08-14,2412
crmid:6222784961,cardia2063@outlook.com,Arnoldo,Rowland,,550-181-4578,Pharr,United States,98349,Wyoming,700 Thornton,1981-07-03,1719
crmid:7226207194,bucerotidae1807@yahoo.com,Emile,Higgins,,470-202-1903,Matthews,United States,37184,Texas,262 Anson,1988-06-30,645
crmid:2030472820,butcheress2016@yandex.com,Anthony,Campbell,,673-505-6067,Lexington,United States,51813,Alaska,708 Indiana,1982-10-11,2860
crmid:5868286856,scimitar1871@yandex.com,Prince,George,male,255-320-6593,Broadview Heights,United States,73124,Vermont,1330 Sylvan,1941-12-15,1411
crmid:8116979502,alkyds1950@yandex.com,Antonina,Blackwell,female,250-630-8346,West Valley City,United States,10192,Kansas,1039 Alabama,1948-01-03,1981
crmid:9459293115,experimentally1950@gmail.com,Heike,Bonner,female,584-631-4991,Coconut Creek,United States,10258,New Jersey,1297 Nobles,1949-04-03,1652
crmid:9731283604,disappearance2041@gmail.com,Richard,Benjamin,male,657-458-3188,Belle Glade,United States,48543,Virginia,911 Forsyth,1937-08-02,1975
crmid:5819762688,scourer1864@outlook.com,Lady,Myers,female,231-400-0088,Clarksville,United States,25123,Connecticut,1058 Perine,1948-05-21,1140
crmid:6635203964,pulsific1802@outlook.com,Neville,Cunningham,male,611-920-3518,Avon,United States,45061,Hawaii,585 Brush,1935-07-07,2704
crmid:6754726407,viking1813@gmail.com,Sebrina,Lambert,female,031-732-3365,Chanhassen,United States,40003,Delaware,694 Hegal,1946-08-17,2624
crmid:8732100931,bouse1964@live.com,Kieth,Lewis,,520-303-1940,Opelika,United States,48436,Nebraska,1269 Uranus,1990-06-27,953
crmid:2749864931,gizzard2067@outlook.com,Lang,Duncan,female,728-095-2365,Portsmouth,United States,72895,North Dakota,1140 Jack Balestreri,1960-05-09,1098
crmid:2988566684,barong1864@yahoo.com,Lazaro,Aguirre,,718-306-5503,Shaker Heights,United States,45536,Arkansas,1313 Cresta Vista,1989-09-14,1812
crmid:7579469909,serval1812@yandex.com,Jenee,O'neill,female,370-890-9572,Detroit,United States,22037,Arizona,43 Cyril Magnin,1954-04-22,578
crmid:7075470692,spurnwater2063@gmail.com,Heath,Kirk,,887-563-6197,Lakewood,United States,40499,Washington,346 Thorne,1980-08-04,2377
crmid:9557915329,absconsa1845@outlook.com,Laurine,Johns,female,845-688-0653,Woodbury,United States,14512,Vermont,471 Francis,1953-05-15,391
crmid:1969653022,fabio1847@gmail.com,Art,Nunez,,954-202-6229,Kingman,United States,61090,Utah,550 Cervantes,1977-11-10,1699
crmid:3797427512,cilice1819@live.com,Catheryn,Anderson,female,751-474-1798,Pearland,United States,71051,Minnesota,466 East Fort Miley,1954-02-01,2717
crmid:8805943203,suedes1894@yandex.com,Grant,Delgado,,001-842-7651,Kyle,United States,13228,South Dakota,401 Central,1978-03-06,976
crmid:3388682348,juking2065@gmail.com,Son,Clark,male,917-741-5671,Bowling Green,United States,51565,Tennessee,987 Converse,1940-09-06,2137
crmid:6106428841,orthognathy1927@outlook.com,Grover,Dillard,,162-754-0574,Pearland,United States,86533,Kansas,1183 Harry,1974-06-09,2270
crmid:8266232031,butting2012@outlook.com,Ernest,Barker,,116-774-8358,Mokena,United States,75315,Nebraska,408 Escolta,1992-12-30,1965
crmid:7638070409,brothier1961@gmail.com,Cortez,Huber,male,545-946-5970,Arcata,United States,14006,Kansas,1085 Sabin,1933-02-15,2439
crmid:2946434549,dentine1954@outlook.com,Merrill,Wall,,023-193-0673,Las Cruces,United States,73353,Alaska,444 Soule,1981-12-14,2432
crmid:7732320887,misenters1883@outlook.com,Rhett,Nieves,male,564-161-7131,Cary,United States,96515,Utah,993 Cora,1945-08-21,504
crmid:3696451233,fastening2070@gmail.com,Dick,Walters,,482-594-8944,Hilliard,United States,88289,Delaware,1284 Uranus,1972-09-09,2534
crmid:1729970023,shortcake1829@gmail.com,Rusty,Spencer,,487-271-1670,Midlothian,United States,37885,Arkansas,170 Salinas,1990-05-23,348
crmid:7113597259,lymph1952@outlook.com,Columbus,Neal,male,844-456-4973,Brookfield,United States,89694,Illinois,1023 Redwood,1941-11-04,942
crmid:3212285135,quetzal1867@yahoo.com,Carl,Herring,male,274-772-7497,Temple City,United States,04502,Idaho,855 Rotteck,1937-02-13,468
crmid:1957266520,delightingly1895@live.com,Alden,Simpson,,516-513-7537,Germantown,United States,62084,Wyoming,992 Fernandez,1966-11-09,1131
crmid:9187666084,diakinetic1834@gmail.com,Joesph,Boyd,male,500-311-0915,Richfield,United States,80368,Connecticut,567 Britton,1936-05-03,872
crmid:6181380000,brevier1877@outlook.com,Rudy,Melendez,male,519-243-8076,Tustin,United States,78174,Rhode Island,304 Valencia,1944-12-23,1690
crmid:4456229733,peacemaker1898@gmail.com,Emery,Goff,,358-366-0691,Fort Collins,United States,09531,Illinois,647 Converse,1963-01-30,2635
crmid:6834850278,cachet1943@outlook.com,Lyle,Alvarez,,599-523-8356,West Springfield,United States,32362,Arizona,191 Transverse,1980-01-07,1022
crmid:6535207748,dewdrop1872@yandex.com,Spencer,Petty,,780-091-4306,Moorhead,United States,70552,Ohio,342 Del Sur,1993-01-26,334
crmid:2082003505,tracing2030@yahoo.com,Kallie,Chen,female,548-801-1617,Chanhassen,United States,23395,Nebraska,1094 Pelton,1946-04-06,2547
crmid:9801521450,cassat1949@yandex.com,Krissy,Hyde,female,224-278-7421,Oklahoma City,United States,29805,Alaska,1023 Halibut,1960-05-15,2842
crmid:6170147851,eggfish2062@yahoo.com,Floyd,Cooper,,728-113-3718,Mountain View,United States,26429,Maryland,1052 Dove,1994-05-06,474
crmid:6522697032,comart1983@outlook.com,Aracelis,Sandoval,female,502-131-1455,Citrus Heights,United States,80535,Alabama,454 Brooks,1947-01-26,2744
crmid:2147938869,squirrel1944@outlook.com,Lurline,Sharpe,female,171-944-4010,Cocoa,United States,36521,Connecticut,88 Decker,1949-06-27,2736
crmid:6137842602,cheapest1928@gmail.com,Rozella,Elliott,female,190-114-1124,Plant City,United States,22221,Virginia,275 Badger,1961-07-09,1823
crmid:2347933078,dryopians1833@gmail.com,Austin,Turner,,164-915-4030,Manhattan Beach,United States,65386,South Carolina,861 Brewster,1986-11-02,1934
crmid:8664677172,pastis1842@outlook.com,Donn,Cervantes,,784-125-0786,Lindenwold,United States,48170,Florida,1354 Alvarado,1983-07-04,1359
crmid:9021009334,narcotization1880@gmail.com,Tobias,Forbes,,067-304-7340,Vernon Hills,United States,38392,Arizona,321 Owens,1976-07-11,377
crmid:2549251361,cytherea1988@live.com,Mitch,Lawrence,male,467-800-4864,Anniston,United States,65434,Rhode Island,89 Bayside Village,1933-10-14,1445
crmid:4416529148,cecon1876@yandex.com,Lionel,Erickson,,862-274-6968,Jacksonville Beach,United States,13317,New Jersey,602 Owen,1975-03-29,2950
crmid:4246468563,beylic1922@yandex.com,Guillermo,Moses,,411-122-3546,Long Beach,United States,33643,Massachusetts,122 Douglass,1984-05-15,2177
crmid:7747325583,alcindor1942@yandex.com,Kristofer,Carpenter,,954-140-6590,Highland,United States,10119,New York,1125 Brady,1971-03-14,2967
crmid:6632855601,dingo1910@outlook.com,Ralph,Chaney,male,461-183-1583,Blue Island,United States,45994,South Dakota,375 Mclea,1939-08-06,2823
crmid:8128897687,adorer1988@yandex.com,Yer,Kelley,female,405-972-8122,De Land,United States,52873,Virginia,261 Shore View,1953-09-16,1726
crmid:1810485780,curupira1895@yahoo.com,Lance,Mckee,,490-704-9019,Winter Park,United States,32159,Idaho,747 Service,1977-05-08,1894
crmid:1318899908,impertinentness2047@outlook.com,Anderson,Mayo,,095-682-1664,Riverside,United States,20406,New Mexico,617 Bridgeview,1965-01-13,1440
crmid:4152124855,postscapular2012@gmail.com,Linwood,Gross,,621-708-4550,Rancho Palos Verdes,United States,22437,Delaware,488 Poppy,1963-10-09,2621
crmid:5565527156,cousins2006@live.com,Darell,Daniels,,893-684-8424,Klamath Falls,United States,33283,Montana,466 San Antonio,1978-06-02,1942
crmid:8685065764,imposts2044@outlook.com,Meg,Baker,female,183-562-5141,Chicago Heights,United States,90512,Georgia,695 Murray,1947-06-01,1227
crmid:9085303511,microlitic1955@gmail.com,Silas,Leach,,875-154-5440,Lumberton,United States,87603,North Dakota,161 Thomas Mellon,1985-11-24,1903
crmid:8608893324,scarabaeus1983@yandex.com,Kristopher,Berry,,882-856-2766,Idaho Falls,United States,66031,Minnesota,108 Clay,1974-10-11,710
crmid:8188083779,naturopathy1802@gmail.com,Daron,Mccray,,513-343-9429,Moreno Valley,United States,90951,Colorado,9 Italy,1993-12-01,1517
crmid:8018756632,carotid1872@live.com,Emelda,Pierce,female,226-290-8676,Palos Hills,United States,62760,North Carolina,1086 Iowa,1960-03-23,1784
crmid:6578635153,flossie1871@outlook.com,Julian,Riley,,796-925-6710,San Carlos,United States,34535,Michigan,762 Deems,1972-10-14,1018
crmid:4720100368,arachnoid1855@yahoo.com,Chasidy,Deleon,female,924-871-6696,Mountlake Terrace,United States,69860,Kentucky,1326 Torney,1994-10-30,1906
crmid:5180485794,demibrassart1895@outlook.com,Christopher,Henson,male,965-250-2449,Amsterdam,United States,64519,South Carolina,1049 Perimeter,1932-11-04,1128
crmid:8689034249,marsileaceae1816@yandex.com,Kandis,Carrillo,female,410-694-5162,Elmira,United States,21088,New Jersey,117 Forest Side,1959-04-05,2201
crmid:7500989191,arcanist2012@yandex.com,Robin,Sargent,,622-965-5245,Oak Lawn,United States,54371,Wisconsin,1235 Pollard,1967-08-12,2883
crmid:8942397938,aromatic1811@gmail.com,Dirk,Rice,male,430-937-5567,Bensenville,United States,87028,South Dakota,726 Ramsel,1938-03-24,892
crmid:3022587770,dramshop2064@gmail.com,Rodney,Maddox,male,927-533-8495,Baton Rouge,United States,84155,Louisiana,1030 Harding,1936-08-18,2295
crmid:9542401960,bombloads2051@yandex.com,Elisha,Butler,,762-098-9842,Kenosha,United States,18117,South Dakota,131 Spring,1977-03-14,1220
crmid:6438042041,brockman1818@outlook.com,Jean,Graham,,009-697-0045,Mineral Wells,United States,78383,Montana,1060 Barcelona,1991-04-27,2698
crmid:4191630083,faceman1994@live.com,Mahalia,Lowery,female,606-665-6290,Chanhassen,United States,39151,Connecticut,1297 Tapia,1946-06-18,684
crmid:1282747788,claimer2011@outlook.com,Bill,Griffith,male,511-018-2379,Burton,United States,05545,Delaware,225 Beacon,1943-01-12,1701
crmid:1329763962,decadactylous1966@live.com,Ardell,Romero,female,642-507-8923,Utica,United States,17683,Utah,949 Armory,1951-01-25,1778
crmid:8029834274,engravers2069@yahoo.com,Hunter,Scott,male,117-517-5524,Atwater,United States,96283,North Dakota,269 Mark Twain,1934-11-21,2595
crmid:2040619356,aletaster1913@outlook.com,Elijah,Noble,male,753-498-0932,St. Joseph,United States,11951,Illinois,1127 Watchman,1943-11-06,2345
crmid:6354908245,tiger1995@yandex.com,Leo,Vincent,male,098-829-8157,Norwich,United States,19830,Illinois,504 Olney,1999-02-12,2231
crmid:4731991480,kudu1954@yahoo.com,Hoyt,Moody,,907-804-3793,Milledgeville,United States,69226,Wisconsin,587 Liberty,1991-11-26,1288
crmid:2167622590,standardbred1814@gmail.com,Nikole,Wheeler,female,199-083-6120,Rome,United States,73980,Delaware,131 Euclid,1956-07-31,1798
crmid:7086824494,litotes1905@yahoo.com,Tianna,Crane,female,176-470-6281,Dearborn,United States,57958,Vermont,273 Gatun,1953-10-26,2099
crmid:2752397273,chimu1852@outlook.com,Guadalupe,Acosta,,541-983-4128,Pittsburgh,United States,53025,Connecticut,1144 Vernon,1997-07-13,704
crmid:4456126566,homeothermic1924@outlook.com,Dennise,Callahan,female,515-910-5577,Everett,United States,17658,Oregon,66 Venard,1960-02-05,2038
crmid:4132580519,ashlie1839@yandex.com,Merrill,Wall,,037-634-5513,Pocatello,United States,31439,West Virginia,160 Ware,1980-12-04,2588
crmid:1302613546,martello1881@gmail.com,Teodoro,Herring,,386-445-4464,Lufkin,United States,70540,Wisconsin,662 East Crystal Cove,1985-12-25,885
crmid:7084668218,blazon1964@gmail.com,Gary,Levine,,099-507-0796,Seal Beach,United States,39521,Colorado,1317 Main,1980-08-17,2310
crmid:6791716752,ephialtes1911@gmail.com,Thomasine,Glass,female,697-934-5394,Eastlake,United States,97939,Texas,407 Golf Course,1957-10-24,613
crmid:6785635731,screechbird2063@live.com,Kristopher,May,,816-589-2035,Jeffersonville,United States,73954,North Carolina,220 Oak Grove,1975-02-12,1630
crmid:4927680622,branchful1930@outlook.com,Lael,Johns,female,226-031-2124,Yukon,United States,24651,Vermont,8 Cordova,1960-05-15,1052
crmid:8696275655,fluyt1839@yahoo.com,Genaro,Burke,male,013-373-8235,Vacaville,United States,01090,Hawaii,632 Seville,1940-04-04,558
crmid:2322652626,alterman2057@outlook.com,Tobias,Bruce,male,658-165-9582,Cambridge,United States,55831,Montana,293 Avenue H,1943-09-04,372
crmid:5504519321,dominium2045@yandex.com,Stephen,Yates,male,873-014-0059,Redlands,United States,70954,Wisconsin,736 Mint,1938-09-05,2901
crmid:3003606824,durovic1915@outlook.com,Phillip,Guthrie,,828-809-4122,St. Louis Park,United States,59950,Oklahoma,921 Monument,1996-05-01,2193
crmid:4550131475,kwashiorkor2056@gmail.com,Sebastian,Bentley,,260-866-6901,Spartanburg,United States,62985,Alabama,1025 Banks,1981-05-06,460
crmid:8775578783,discording2025@live.com,Bobbie,Roth,,726-164-3589,Taylor,United States,89017,Montana,1233 Patton,1979-01-13,756
crmid:4183989630,sandpiper1939@live.com,Randell,Crosby,,177-999-1012,Houston,United States,71794,Louisiana,459 Cunningham,1973-12-29,2082
crmid:6005020624,nonvicarious1982@outlook.com,Elenora,Summers,female,519-836-1761,Renton,United States,28747,Minnesota,1094 Bliss,1955-03-28,1403
crmid:8126630309,redeployed2032@yandex.com,Alfonso,Garner,,669-087-4451,Hagerstown,United States,03325,New Jersey,1341 Marion,1969-01-09,1132
crmid:1894944396,casey1830@live.com,Ethan,Holden,,498-150-3751,Whitehall,United States,32857,Nebraska,110 Shafter,1977-10-08,2943
crmid:9481217357,preinspired1893@gmail.com,Dustin,Riggs,,031-318-9455,Pomona,United States,70278,Texas,1025 Badger,1980-01-16,1291
crmid:5894849609,basco2059@live.com,Dorsey,Rogers,,504-258-8881,Maricopa,United States,75714,North Carolina,1129 Merrill,1987-06-18,1139
crmid:4502323645,biedermeier1832@yahoo.com,Dale,Reed,,118-145-0430,Trussville,United States,47113,California,258 Cyrus,1982-11-24,2544
crmid:9403931094,quebrachos1969@outlook.com,Allan,Bowers,,648-324-8127,Pueblo,United States,98160,Colorado,679 Sydney,1981-03-24,1110
crmid:1182277926,thoughtfree1851@yahoo.com,Stanton,Mejia,,319-492-6655,Holyoke,United States,83531,Michigan,899 Congdon,1972-03-11,2870
crmid:1508533511,simoom1945@gmail.com,Ivory,Rios,male,611-067-3106,Bethlehem,United States,20628,Michigan,439 D,1938-05-25,2576
crmid:6448171950,beefsteak1830@gmail.com,Marcus,Cook,,381-154-3885,Roseburg,United States,33330,Arkansas,655 General Kennedy,1974-10-10,1671
crmid:9281987462,cambridge1862@live.com,Chuck,Fleming,male,678-980-9494,Winter Garden,United States,02496,Virginia,1234 Gladstone,1932-02-10,625
crmid:4021852586,assorted1844@gmail.com,Trey,Leonard,,171-533-2415,Melrose Park,United States,76606,Virginia,1061 Welsh,1989-05-20,829
crmid:1822355628,arienzo1812@live.com,Robt,Evans,,539-807-3417,Newton,United States,37991,Louisiana,1313 Sotelo,1997-07-26,1148
crmid:9183094328,cutesy1954@yahoo.com,Gwyn,Duffy,female,245-557-3694,Port Angeles,United States,21261,Kansas,1326 Pierce,1959-04-08,2418
crmid:5709267028,cocobolos1876@yandex.com,Gavin,Fulton,male,838-557-9138,Bellingham,United States,93560,Florida,1227 Mateo,1937-04-10,2851
crmid:5560490201,walies2068@yahoo.com,Emilio,Ingram,male,606-512-4100,Antioch,United States,17400,Illinois,1082 Bryn Mahr,1933-03-15,1302
crmid:3494492466,expresso1924@live.com,Noel,Gamble,,170-776-3805,Lynbrook,United States,98249,Alabama,1298 Hicks,1985-06-28,1921
crmid:8627982910,preorganize2051@gmail.com,Kermit,Figueroa,,744-194-0236,McKinney,United States,25309,New York,1010 Andrew,1988-05-18,667
crmid:8765872476,saltboxes2007@yahoo.com,Mervin,Alford,,472-236-3198,Rowlett,United States,45118,Montana,1371 Alpine,1985-11-17,1016
crmid:3883956580,porkpie1971@yandex.com,Raymundo,Sweeney,male,359-061-1062,West Valley City,United States,08004,Oregon,77 Miles,1936-08-28,556
crmid:6919407104,hellion1814@outlook.com,Lance,May,,782-629-4726,Suffolk,United States,23755,Wisconsin,654 Avalon,1966-08-11,2117
crmid:7303803972,chaperone1974@yahoo.com,Ayako,Green,female,511-575-1384,Coppell,United States,73123,Illinois,1117 Drumm,1950-01-12,496
crmid:1161805843,beverly2048@yahoo.com,Lawana,Villarreal,female,923-500-1692,Salisbury,United States,19949,Iowa,786 Northpoint,1953-05-30,1101
crmid:8681179856,silanes1864@gmail.com,Jewel,Bright,,817-517-8603,Riviera Beach,United States,44817,Wisconsin,234 Crescent,1990-09-13,2223
crmid:8729849156,entach1826@gmail.com,Elly,Eaton,female,904-590-0414,Roselle,United States,22964,Arkansas,934 Avenue I,1959-03-09,1782
crmid:7558711196,sgraffito2069@yahoo.com,Edgar,Lancaster,,028-485-1047,Grand Island,United States,92713,North Dakota,65 Arelious Walker,1967-07-09,329
crmid:3448291814,hymenium2002@gmail.com,Walker,Whitaker,male,699-534-5141,Burlingame,United States,99907,Ohio,809 Palace Of Fine Arts,1943-10-31,2737
crmid:9228567337,adapa1830@gmail.com,Gordon,Bradford,male,251-582-6199,Rancho Cordova,United States,00102,North Dakota,271 Willie B Kennedy,1939-04-03,2574
crmid:7086686154,pseudovum2040@gmail.com,Antoine,Hopkins,,932-569-3258,South Jordan,United States,73280,Nevada,961 Brice,1999-06-19,323
crmid:5258458534,alvine1937@outlook.com,Chang,Wright,male,853-118-7338,Belleville,United States,06285,Missouri,281 Delta,1937-02-20,744
crmid:2756460292,dipietro1805@live.com,Brian,Ryan,male,280-621-3879,Southaven,United States,60378,Illinois,630 Brookhaven,1931-02-26,2363
crmid:7537918542,durovic2002@yahoo.com,Wilber,Hewitt,,189-837-6976,Nacogdoches,United States,77909,Nebraska,744 Kiska,1995-12-09,346
crmid:8957273480,fairy1818@gmail.com,Issac,Moses,,023-242-9159,Highland,United States,12210,California,506 Cayuga,1971-03-27,999
crmid:7482407549,coir1808@outlook.com,Lester,Dodson,male,756-274-2849,Brockton,United States,35075,Texas,1338 Hiliritas,1941-06-08,2201
crmid:3661987483,enterocoele1893@gmail.com,Leon,Golden,,087-908-2550,Garden Grove,United States,29578,Minnesota,193 Mcnair,1965-05-31,503
crmid:6099992970,wyling1979@live.com,Jeremiah,Solis,male,465-298-0507,Beckley,United States,68278,Minnesota,896 Spruce,1937-10-10,2789
crmid:7591154213,tumion1904@yahoo.com,Theodore,Alford,,562-539-6538,Matteson,United States,98053,Indiana,1186 Wentworth,1988-08-28,1816
crmid:1923304526,ch1818@gmail.com,Nickolas,Weber,,523-261-2799,Winter Garden,United States,29749,Wyoming,465 Banneker,1965-02-24,1718
crmid:8878576094,nonoccurrence1953@gmail.com,Diego,Bernard,,326-047-4349,Loveland,United States,80510,Maryland,754 Decatur,1984-01-21,1304
crmid:7829086312,preacquiring2038@yahoo.com,Alfredo,Fitzpatrick,,302-893-1599,Oak Harbor,United States,92103,New Jersey,640 Lurline,1982-04-27,1027
crmid:4290116416,cruche1975@yandex.com,Garrett,Mccall,male,752-768-9763,Benicia,United States,21375,Iowa,1358 Natoma,1938-04-19,2156
crmid:7498952846,armadillo2058@gmail.com,Raymundo,Acosta,,332-899-6526,Vicksburg,United States,55140,North Carolina,1376 Lopez,1977-10-12,2114
crmid:5975989378,cobwebs1994@yandex.com,Fernando,Richmond,,749-982-9283,Topeka,United States,66321,Florida,1215 Nueva,1987-10-16,2464
crmid:4459705669,awaken1935@outlook.com,Louanne,Price,female,679-602-7553,Dinuba,United States,35267,Illinois,175 Berry Extension,1955-06-24,1513
crmid:4480599211,batster1802@yahoo.com,Carmen,Gillespie,,144-964-4435,North Canton,United States,39503,Wisconsin,38 Al Scoma,1998-07-30,752
crmid:5622052031,antirepublican1938@outlook.com,Jim,Terrell,male,864-149-2070,Petersburg,United States,83845,Texas,1393 John,1939-05-28,2117
crmid:5159321901,cherries1848@yahoo.com,Angle,Barton,female,824-640-2789,Elgin,United States,08553,Maine,1336 Santiago,1958-01-02,1339
crmid:2971017555,facecloth1872@outlook.com,German,Holden,,396-167-1138,Wilkes-Barre,United States,65273,Texas,863 Harbor,1995-11-10,2964
crmid:4238007450,intervallum1965@yandex.com,Lewis,Hess,,298-489-5494,West Sacramento,United States,55264,Massachusetts,609 Industrial,1985-09-24,882
crmid:3128970894,unsearchable2060@outlook.com,Palmira,Benson,female,677-010-3097,Statesboro,United States,52455,Vermont,1309 Mcdonald,1961-07-02,1974
crmid:5738974915,darrin1901@yahoo.com,Carson,Vang,,972-636-9911,Frisco,United States,22839,Georgia,192 Healy,1964-05-11,1326
crmid:7959223664,endeavours2020@gmail.com,Arthur,Slater,male,685-796-2218,Tifton,United States,80704,Rhode Island,1088 Willow,1941-01-27,402
crmid:6465890210,aspidium1862@yandex.com,Marvin,Pollard,,466-513-2812,Watsonville,United States,74607,Georgia,717 Cotter,1989-01-23,1330
crmid:4793637882,pneumatotactic1949@yahoo.com,Damian,Collins,,853-468-7475,Pascagoula,United States,35763,Wisconsin,380 Cordova,1975-11-17,1604
crmid:8910107001,bourreau1979@gmail.com,Delbert,Combs,,992-883-5343,Highland Park,United States,86071,West Virginia,365 Miraloma,1971-12-20,2798
crmid:1260453167,acanthurus1978@live.com,Frank,Murphy,,045-348-9488,Newton,United States,87298,Indiana,666 San Leandro,1997-07-23,1043
crmid:9220610551,clevie1923@yandex.com,Deangelo,Barry,male,097-097-4911,Buffalo Grove,United States,98164,Alaska,516 Carmel,1942-03-02,426
crmid:6244670062,balletomane1891@yahoo.com,Gerry,Mack,,008-129-2441,San Diego,United States,47541,Iowa,673 Vista Verde,1992-12-18,664
crmid:8560686085,sorest1845@outlook.com,Reid,O'neil,male,028-526-9462,Papillion,United States,94550,Nebraska,821 Golf Course,1938-08-22,1782
crmid:2616710768,osmols1998@live.com,Wilburn,Lloyd,male,569-014-5662,Alice,United States,97546,Texas,1291 Venard,1931-12-19,756
crmid:3094716048,heathrman1951@yahoo.com,Nolan,Johnson,male,235-321-0794,Bethlehem,United States,84297,Maine,1038 Hoff,1938-07-15,2962
crmid:8029049777,coyote1990@live.com,Heriberto,Olson,male,069-472-2496,Bell,United States,26379,Kentucky,880 Roosevelt,1937-05-22,1584
crmid:1680855900,balcom1821@yahoo.com,Darrel,Head,,787-331-9262,Myrtle Beach,United States,46312,Wisconsin,520 Bay View,1995-08-04,1539
crmid:1306415974,cupholder1851@yandex.com,Ellyn,Gillespie,female,742-711-4198,Eastlake,United States,12914,Indiana,218 Conkling,1957-03-11,2742
crmid:6677838765,sarcophilous1937@yandex.com,Forrest,Jefferson,male,905-236-1995,North Las Vegas,United States,96432,Utah,149 Candyland,1998-01-23,1162
crmid:6297222900,croups1919@yandex.com,Noel,Davis,,082-882-7797,Montclair,United States,82741,Iowa,1374 Cesar Chavez On,1992-05-03,1278
crmid:7536517817,malik1873@yahoo.com,Brendon,Flowers,male,980-029-1672,South Jordan,United States,90319,Vermont,1370 Amatista,1930-02-10,2682
crmid:8457369042,doglike1985@yahoo.com,Bob,Castillo,,814-775-0467,Perrysburg,United States,47281,Mississippi,305 Mount,1993-06-26,2754
crmid:3271983041,bubales2026@outlook.com,Carlie,Wells,female,409-434-0137,Elmwood Park,United States,70956,Massachusetts,742 Severn,1959-12-31,1983
crmid:4601264296,criminologist1893@yandex.com,Isaura,Potts,female,273-229-8483,College Park,United States,21963,Vermont,584 Mccarthy,1949-04-23,337
crmid:6124739286,scapulopexy2032@yahoo.com,Danial,Cook,,846-418-8767,Pittsburg,United States,90417,New Jersey,834 Onondaga,1990-01-13,2246
crmid:3580239330,adhesive1853@live.com,Carlo,Roth,,448-678-1066,Lake Elsinore,United States,17876,Alabama,234 Clarion,1980-03-26,2781
crmid:2557624499,sanatorium2011@yandex.com,Orlando,Sweet,,974-450-7640,McHenry,United States,04885,Nebraska,475 Morgan,1988-01-30,1059
crmid:7041423072,wiggeries2017@live.com,Filiberto,Mccoy,,996-923-5731,Waukesha,United States,48962,Nebraska,1163 Weldon,1984-04-28,2283
crmid:3751317367,divergence2059@gmail.com,Allan,Newton,,006-167-2796,Hopkins,United States,89190,Alaska,1039 Fredson,1973-04-30,2451
crmid:5415854718,sorts1911@yahoo.com,Raphael,Dean,,468-416-0037,Miami Gardens,United States,34282,New Hampshire,1306 Portola,1990-07-05,2550
crmid:4043698254,moralistic1917@yandex.com,Quinn,Garcia,,862-673-2035,Waynesboro,United States,63936,Washington,652 Saddleback,1973-09-30,1347
crmid:9365527662,bottlefeed2064@yahoo.com,Arlette,Hart,female,618-645-8437,Colleyville,United States,07956,Illinois,653 Morris,1949-01-13,623
crmid:7025762989,clarance1972@yahoo.com,Cary,Mercado,,966-910-7724,Lynn,United States,81869,Indiana,1001 Mcdowell,1985-06-06,813
crmid:1998249256,buckman1994@yandex.com,Robena,Holloway,female,659-275-2267,Collinsville,United States,94687,Wyoming,1075 Rawles,1949-07-14,509
crmid:9001907315,dhoul1920@yandex.com,Karma,Gardner,female,785-077-0881,Shakopee,United States,23875,Oregon,1333 Storey,1957-05-11,2373
crmid:1720273024,raven2014@outlook.com,Jean,Dillon,male,019-736-6509,San Marcos,United States,02679,Colorado,809 Eastwood,1940-05-08,1294
crmid:4881489041,nozi1844@yandex.com,Victor,Mercer,female,016-976-9477,Chelsea,United States,51760,Hawaii,1235 Baywood,1946-09-20,1323
crmid:1012263269,adoree2055@yahoo.com,Eugenio,House,male,446-097-2592,Pampa,United States,01364,Wisconsin,1266 Princeton,1942-04-14,2980
crmid:2732884783,corker1822@yandex.com,Elliott,Brown,male,372-696-3376,Paragould,United States,01799,Washington,335 Beaver,1932-03-04,1857
crmid:9516607285,forgotten1941@outlook.com,Alberto,Melton,,941-998-9092,Fort Smith,United States,73680,Oklahoma,945 Juniper,1963-06-12,1817
crmid:6892524741,arundo1850@yandex.com,Jeffery,Garcia,,431-205-1298,Goshen,United States,76773,Indiana,204 Esquina,1967-12-13,1861
crmid:7907353962,transistors2064@outlook.com,Laticia,Freeman,female,333-071-8166,Texas City,United States,23969,Minnesota,636 Palace Of Fine Arts,1956-05-10,1433
crmid:7296901373,stingray1862@gmail.com,Brandon,Scott,,545-329-6458,Matthews,United States,60008,Kansas,233 Varela,1988-11-02,1462
crmid:7277403578,outwept1824@yahoo.com,Leonard,Hampton,,989-638-1825,Lake Havasu City,United States,26737,Ohio,21 Belles,1980-05-18,941
crmid:4585047634,reaper2023@yahoo.com,Marquis,Bruce,,061-752-0570,Marina,United States,15336,South Dakota,505 Brush,1987-03-21,2467
crmid:1919404211,couplet1875@live.com,Chae,Hahn,female,529-725-5255,St. Paul,United States,88040,Georgia,901 Union,1947-02-12,2099
crmid:7623093141,tracking1861@outlook.com,Rich,Skinner,male,161-695-7741,North Augusta,United States,61825,Connecticut,1388 Francisco,1998-10-24,2708
