{"_id": "orderid:330322", "timestamp": "2020-02-11T17:11:10.000Z", "eventType": "transaction", "_adobeamericaspot3": {"CRMID": "crmid:6489522818", "orderDetails": {"orderID": "orderid:330322", "reservationid": "1XP-16RX", "orderType": "kiosk", "hotelSKU": "prd1122", "hotelCheckInUnix": "1581527470", "hotelCheckOutUnix": "1581873070", "hotelCheckInTS": "2020-02-12T17:11:10+00:00", "hotelCheckOutTS": "2020-02-16T17:11:10+00:00", "hotelChain": "Restful Nights", "hotelName": "Restful Nights: Valencia", "hotelLocation": "Valencia", "hotelRoomType": "standard", "hotelRoomCount": "1", "hotelGuestAdultCount": "1", "hotelGuestChildCount": "0", "hotelNightCount": "4", "hotelRoomPrice": "117.38", "hotelFinalPrice": "469.52"}}}
{"_id": "orderid:621637", "timestamp": "2020-02-10T09:58:06.000Z", "eventType": "transaction", "_adobeamericaspot3": {"CRMID": "crmid:4233069979", "orderDetails": {"orderID": "orderid:621637", "reservationid": "XYS-BYWQ", "orderType": "call center", "hotelSKU": "prd1164", "hotelCheckInUnix": "1581415086", "hotelCheckOutUnix": "1581501486", "hotelCheckInTS": "2020-02-11T09:58:06+00:00", "hotelCheckOutTS": "2020-02-12T09:58:06+00:00", "hotelChain": "Repose Resort", "hotelName": "Repose Resort: Las Vegas", "hotelLocation": "Las Vegas", "hotelRoomType": "standard", "hotelRoomCount": "1", "hotelGuestAdultCount": "1", "hotelGuestChildCount": "0", "hotelNightCount": "1", "hotelRoomPrice": "103.77", "hotelFinalPrice": "103.77"}}}
{"_id": "orderid:942907", "timestamp": "2019-12-07T13:57:55.000Z", "eventType": "transaction", "_adobeamericaspot3": {"CRMID": "crmid:9926087674", "orderDetails": {"orderID": "orderid:942907", "reservationid": "AS4-T44Z", "orderType": "mobile", "hotelSKU": "prd1093", "hotelCheckInUnix": "1575813475", "hotelCheckOutUnix": "1576072675", "hotelCheckInTS": "2019-12-08T13:57:55+00:00", "hotelCheckOutTS": "2019-12-11T13:57:55+00:00", "hotelChain": "Admiralty Plaza", "hotelName": "Admiralty Plaza: Yokohama", "hotelLocation": "Yokohama", "hotelRoomType": "premium", "hotelRoomCount": "1", "hotelGuestAdultCount": "1", "hotelGuestChildCount": "0", "hotelNightCount": "3", "hotelRoomPrice": "139.78", "hotelFinalPrice": "419.34"}}}
{"_id": "orderid:527271", "timestamp": "2019-12-12T00:00:00.000Z", "eventType": "transaction", "_adobeamericaspot3": {"CRMID": "crmid:9926087674", "orderDetails": {"orderID": "orderid:527271", "reservationid": "EQK-GHLH", "orderType": "call center", "hotelSKU": "prd1183", "hotelCheckInUnix": "1576195200", "hotelCheckOutUnix": "1576454400", "hotelCheckInTS": "2019-12-13T00:00:00+00:00", "hotelCheckOutTS": "2019-12-16T00:00:00+00:00", "hotelChain": "Family Fun Hotels", "hotelName": "Family Fun Hotels: Tulsa", "hotelLocation": "Tulsa", "hotelRoomType": "standard", "hotelRoomCount": "1", "hotelGuestAdultCount": "1", "hotelGuestChildCount": "0", "hotelNightCount": "3", "hotelRoomPrice": "169.45", "hotelFinalPrice": "508.35"}}}
{"_id": "orderid:705335", "timestamp": "2020-01-03T22:09:20.000Z", "eventType": "transaction", "_adobeamericaspot3": {"CRMID": "crmid:6316533082", "orderDetails": {"orderID": "orderid:705335", "reservationid": "LEW-TJCU", "orderType": "mobile", "hotelSKU": "prd1083", "hotelCheckInUnix": "1578521360", "hotelCheckOutUnix": "1578694160", "hotelCheckInTS": "2020-01-08T22:09:20+00:00", "hotelCheckOutTS": "2020-01-10T22:09:20+00:00", "hotelChain": "Hospitality Inn", "hotelName": "Hospitality Inn: Bangkok", "hotelLocation": "Bangkok", "hotelRoomType": "standard", "hotelRoomCount": "1", "hotelGuestAdultCount": "1", "hotelGuestChildCount": "0", "hotelNightCount": "2", "hotelRoomPrice": "134.04", "hotelFinalPrice": "268.08"}}}
{"_id": "orderid:686310", "timestamp": "2020-02-15T19:22:36.000Z", "eventType": "transaction", "_adobeamericaspot3": {"CRMID": "crmid:3480251744", "orderDetails": {"orderID": "orderid:686310", "reservationid": "KAU-K8ME", "orderType": "kiosk", "hotelSKU": "prd1143", "hotelCheckInUnix": "1583436156", "hotelCheckOutUnix": "1584645756", "hotelCheckInTS": "2020-03-05T19:22:36+00:00", "hotelCheckOutTS": "2020-03-19T19:22:36+00:00", "hotelChain": "Hospitality Inn", "hotelName": "Hospitality Inn: San Antonio", "hotelLocation": "San Antonio", "hotelRoomType": "premium", "hotelRoomCount": "1", "hotelGuestAdultCount": "1", "hotelGuestChildCount": "2", "hotelNightCount": "14", "hotelRoomPrice": "158.38", "hotelFinalPrice": "2217.32"}}}
{"_id": "orderid:931296", "timestamp": "2020-01-02T14:53:04.000Z", "eventType": "transaction", "_adobeamericaspot3": {"CRMID": "crmid:6193711729", "orderDetails": {"orderID": "orderid:931296", "reservationid": "UPX-O5SS", "orderType": "kiosk", "hotelSKU": "prd1112", "hotelCheckInUnix": "1578581584", "hotelCheckOutUnix": "1579013584", "hotelCheckInTS": "2020-01-09T14:53:04+00:00", "hotelCheckOutTS": "2020-01-14T14:53:04+00:00", "hotelChain": "Aspen Heights", "hotelName": "Aspen Heights: Birmingham", "hotelLocation": "Birmingham", "hotelRoomType": "premium", "hotelRoomCount": "1", "hotelGuestAdultCount": "1", "hotelGuestChildCount": "0", "hotelNightCount": "5", "hotelRoomPrice": "203.84", "hotelFinalPrice": "1019.2"}}}
{"_id": "orderid:776333", "timestamp": "2019-12-07T22:57:44.000Z", "eventType": "transaction", "_adobeamericaspot3": {"CRMID": "crmid:1987918796", "orderDetails": {"orderID": "orderid:776333", "reservationid": "NDA-GBXJ", "orderType": "call center", "hotelSKU": "prd1160", "hotelCheckInUnix": "1576364264", "hotelCheckOutUnix": "1577055464", "hotelCheckInTS": "2019-12-14T22:57:44+00:00", "hotelCheckOutTS": "2019-12-22T22:57:44+00:00", "hotelChain": "Aspen Heights", "hotelName": "Aspen Heights: Nashville", "hotelLocation": "Nashville", "hotelRoomType": "standard", "hotelRoomCount": "1", "hotelGuestAdultCount": "1", "hotelGuestChildCount": "4", "hotelNightCount": "8", "hotelRoomPrice": "142.25", "hotelFinalPrice": "1138.0"}}}
{"_id": "orderid:948185", "timestamp": "2019-12-17T09:25:24.000Z", "eventType": "transaction", "_adobeamericaspot3": {"CRMID": "crmid:4368737493", "orderDetails": {"orderID": "orderid:948185", "reservationid": "KYH-6F1M", "orderType": "mobile", "hotelSKU": "prd1171", "hotelCheckInUnix": "1576661124", "hotelCheckOutUnix": "1576833924", "hotelCheckInTS": "2019-12-18T09:25:24+00:00", "hotelCheckOutTS": "2019-12-20T09:25:24+00:00", "hotelChain": "Family Fun Hotels", "hotelName": "Family Fun Hotels: Sacramento", "hotelLocation": "Sacramento", "hotelRoomType": "standard", "hotelRoomCount": "1", "hotelGuestAdultCount": "1", "hotelGuestChildCount": "0", "hotelNightCount": "2", "hotelRoomPrice": "165.97", "hotelFinalPrice": "331.94"}}}
{"_id": "orderid:463768", "timestamp": "2020-01-25T12:39:07.000Z", "eventType": "transaction", "_adobeamericaspot3": {"CRMID": "crmid:4848086509", "orderDetails": {"orderID": "orderid:463768", "reservationid": "GL3-LZQW", "orderType": "kiosk", "hotelSKU": "prd1189", "hotelCheckInUnix": "1582288747", "hotelCheckOutUnix": "1582547947", "hotelCheckInTS": "2020-02-21T12:39:07+00:00", "hotelCheckOutTS": "2020-02-24T12:39:07+00:00", "hotelChain": "Admiralty Plaza", "hotelName": "Admiralty Plaza: Bakersfield", "hotelLocation": "Bakersfield", "hotelRoomType": "standard", "hotelRoomCount": "1", "hotelGuestAdultCount": "1", "hotelGuestChildCount": "0", "hotelNightCount": "3", "hotelRoomPrice": "139.26", "hotelFinalPrice": "417.78"}}}
{"_id": "orderid:572248", "timestamp": "2020-01-19T11:23:31.000Z", "eventType": "transaction", "_adobeamericaspot3": {"CRMID": "crmid:1017078223", "orderDetails": {"orderID": "orderid:572248", "reservationid": "GW8-NTME", "orderType": "website", "hotelSKU": "prd1016", "hotelCheckInUnix": "1580729011", "hotelCheckOutUnix": "1582111411", "hotelCheckInTS": "2020-02-03T11:23:31+00:00", "hotelCheckOutTS": "2020-02-19T11:23:31+00:00", "hotelChain": "Aspen Heights", "hotelName": "Aspen Heights: Columbus", "hotelLocation": "Columbus", "hotelRoomType": "premium", "hotelRoomCount": "1", "hotelGuestAdultCount": "1", "hotelGuestChildCount": "0", "hotelNightCount": "16", "hotelRoomPrice": "102.87", "hotelFinalPrice": "1645.92"}}}
{"_id": "orderid:691401", "timestamp": "2020-01-02T23:23:18.000Z", "eventType": "transaction", "_adobeamericaspot3": {"CRMID": "crmid:2238081425", "orderDetails": {"orderID": "orderid:691401", "reservationid": "CYB-NLIS", "orderType": "call center", "hotelSKU": "prd1189", "hotelCheckInUnix": "1578093798", "hotelCheckOutUnix": "1578180198", "hotelCheckInTS": "2020-01-03T23:23:18+00:00", "hotelCheckOutTS": "2020-01-04T23:23:18+00:00", "hotelChain": "Admiralty Plaza", "hotelName": "Admiralty Plaza: Bakersfield", "hotelLocation": "Bakersfield", "hotelRoomType": "standard", "hotelRoomCount": "1", "hotelGuestAdultCount": "1", "hotelGuestChildCount": "0", "hotelNightCount": "1", "hotelRoomPrice": "149.76", "hotelFinalPrice": "149.76"}}}
{"_id": "orderid:463410", "timestamp": "2019-12-16T02:50:54.000Z", "eventType": "transaction", "_adobeamericaspot3": {"CRMID": "crmid:6869417139", "orderDetails": {"orderID": "orderid:463410", "reservationid": "6SM-EUCU", "orderType": "mobile", "hotelSKU": "prd1148", "hotelCheckInUnix": "1578711054", "hotelCheckOutUnix": "1579488654", "hotelCheckInTS": "2020-01-11T02:50:54+00:00", "hotelCheckOutTS": "2020-01-20T02:50:54+00:00", "hotelChain": "Aspen Heights", "hotelName": "Aspen Heights: Jacksonville", "hotelLocation": "Jacksonville", "hotelRoomType": "standard", "hotelRoomCount": "1", "hotelGuestAdultCount": "1", "hotelGuestChildCount": "0", "hotelNightCount": "9", "hotelRoomPrice": "132.52", "hotelFinalPrice": "1192.68"}}}
{"_id": "orderid:172800", "timestamp": "2019-12-21T02:09:02.000Z", "eventType": "transaction", "_adobeamericaspot3": {"CRMID": "crmid:3148596642", "orderDetails": {"orderID": "orderid:172800", "reservationid": "URJ-FC6Q", "orderType": "website", "hotelSKU": "prd1182", "hotelCheckInUnix": "1577066942", "hotelCheckOutUnix": "1577498942", "hotelCheckInTS": "2019-12-23T02:09:02+00:00", "hotelCheckOutTS": "2019-12-28T02:09:02+00:00", "hotelChain": "Restful Nights", "hotelName": "Restful Nights: Minneapolis", "hotelLocation": "Minneapolis", "hotelRoomType": "standard", "hotelRoomCount": "1", "hotelGuestAdultCount": "1", "hotelGuestChildCount": "0", "hotelNightCount": "5", "hotelRoomPrice": "122.44", "hotelFinalPrice": "612.2"}}}
{"_id": "orderid:537764", "timestamp": "2020-01-02T17:17:49.000Z", "eventType": "transaction", "_adobeamericaspot3": {"CRMID": "crmid:3579702453", "orderDetails": {"orderID": "orderid:537764", "reservationid": "TWL-GWRP", "orderType": "call center", "hotelSKU": "prd1061", "hotelCheckInUnix": "1579540669", "hotelCheckOutUnix": "1581182269", "hotelCheckInTS": "2020-01-20T17:17:49+00:00", "hotelCheckOutTS": "2020-02-08T17:17:49+00:00", "hotelChain": "Grandeur Hotels", "hotelName": "Grandeur Hotels: Lahore", "hotelLocation": "Lahore", "hotelRoomType": "premium", "hotelRoomCount": "1", "hotelGuestAdultCount": "1", "hotelGuestChildCount": "2", "hotelNightCount": "19", "hotelRoomPrice": "118.01", "hotelFinalPrice": "2242.19"}}}
{"_id": "orderid:676851", "timestamp": "2019-12-04T00:57:10.000Z", "eventType": "transaction", "_adobeamericaspot3": {"CRMID": "crmid:4365413365", "orderDetails": {"orderID": "orderid:676851", "reservationid": "VD3-5O1Q", "orderType": "mobile", "hotelSKU": "prd1136", "hotelCheckInUnix": "1576717030", "hotelCheckOutUnix": "1577321830", "hotelCheckInTS": "2019-12-19T00:57:10+00:00", "hotelCheckOutTS": "2019-12-26T00:57:10+00:00", "hotelChain": "Aspen Heights", "hotelName": "Aspen Heights: Osaka", "hotelLocation": "Osaka", "hotelRoomType": "standard", "hotelRoomCount": "1", "hotelGuestAdultCount": "1", "hotelGuestChildCount": "0", "hotelNightCount": "7", "hotelRoomPrice": "130.63", "hotelFinalPrice": "914.41"}}}
{"_id": "orderid:575215", "timestamp": "2020-02-08T16:00:07.000Z", "eventType": "transaction", "_adobeamericaspot3": {"CRMID": "crmid:8942623710", "orderDetails": {"orderID": "orderid:575215", "reservationid": "PIQ-RQ24", "orderType": "call center", "hotelSKU": "prd1076", "hotelCheckInUnix": "1581436807", "hotelCheckOutUnix": "1581782407", "hotelCheckInTS": "2020-02-11T16:00:07+00:00", "hotelCheckOutTS": "2020-02-15T16:00:07+00:00", "hotelChain": "Aspen Heights", "hotelName": "Aspen Heights: Bogota", "hotelLocation": "Bogota", "hotelRoomType": "standard", "hotelRoomCount": "1", "hotelGuestAdultCount": "1", "hotelGuestChildCount": "0", "hotelNightCount": "4", "hotelRoomPrice": "147.65", "hotelFinalPrice": "590.6"}}}
{"_id": "orderid:195184", "timestamp": "2020-01-02T13:54:56.000Z", "eventType": "transaction", "_adobeamericaspot3": {"CRMID": "crmid:7069178460", "orderDetails": {"orderID": "orderid:195184", "reservationid": "OWG-Q0NU", "orderType": "website", "hotelSKU": "prd1094", "hotelCheckInUnix": "1579182896", "hotelCheckOutUnix": "1579874096", "hotelCheckInTS": "2020-01-16T13:54:56+00:00", "hotelCheckOutTS": "2020-01-24T13:54:56+00:00", "hotelChain": "Blue Reef Resort", "hotelName": "Blue Reef Resort: Berlin", "hotelLocation": "Berlin", "hotelRoomType": "standard", "hotelRoomCount": "1", "hotelGuestAdultCount": "1", "hotelGuestChildCount": "0", "hotelNightCount": "8", "hotelRoomPrice": "147.18", "hotelFinalPrice": "1177.44"}}}
{"_id": "orderid:447748", "timestamp": "2019-12-20T19:20:14.000Z", "eventType": "transaction", "_adobeamericaspot3": {"CRMID": "crmid:1668552019", "orderDetails": {"orderID": "orderid:447748", "reservationid": "DOT-UPAL", "orderType": "service desk", "hotelSKU": "prd1040", "hotelCheckInUnix": "1578684014", "hotelCheckOutUnix": "1579116014", "hotelCheckInTS": "2020-01-10T19:20:14+00:00", "hotelCheckOutTS": "2020-01-15T19:20:14+00:00", "hotelChain": "Aspen Heights", "hotelName": "Aspen Heights: Atlanta", "hotelLocation": "Atlanta", "hotelRoomType": "standard", "hotelRoomCount": "1", "hotelGuestAdultCount": "1", "hotelGuestChildCount": "0", "hotelNightCount": "5", "hotelRoomPrice": "91.36", "hotelFinalPrice": "456.8"}}}
{"_id": "orderid:223408", "timestamp": "2019-12-27T10:20:51.000Z", "eventType": "transaction", "_adobeamericaspot3": {"CRMID": "crmid:7252034122", "orderDetails": {"orderID": "orderid:223408", "reservationid": "VWL-E06C", "orderType": "mobile", "hotelSKU": "prd1093", "hotelCheckInUnix": "1578997251", "hotelCheckOutUnix": "1579602051", "hotelCheckInTS": "2020-01-14T10:20:51+00:00", "hotelCheckOutTS": "2020-01-21T10:20:51+00:00", "hotelChain": "Admiralty Plaza", "hotelName": "Admiralty Plaza: Yokohama", "hotelLocation": "Yokohama", "hotelRoomType": "standard", "hotelRoomCount": "1", "hotelGuestAdultCount": "1", "hotelGuestChildCount": "0", "hotelNightCount": "7", "hotelRoomPrice": "134.54", "hotelFinalPrice": "941.78"}}}
{"_id": "orderid:614866", "timestamp": "2019-12-13T20:00:42.000Z", "eventType": "transaction", "_adobeamericaspot3": {"CRMID": "crmid:5161549532", "orderDetails": {"orderID": "orderid:614866", "reservationid": "LUJ-V6BI", "orderType": "kiosk", "hotelSKU": "prd1156", "hotelCheckInUnix": "1576353642", "hotelCheckOutUnix": "1576612842", "hotelCheckInTS": "2019-12-14T20:00:42+00:00", "hotelCheckOutTS": "2019-12-17T20:00:42+00:00", "hotelChain": "Sandhill", "hotelName": "Sandhill: Washington DC", "hotelLocation": "Washington DC", "hotelRoomType": "standard", "hotelRoomCount": "1", "hotelGuestAdultCount": "1", "hotelGuestChildCount": "0", "hotelNightCount": "3", "hotelRoomPrice": "147.77", "hotelFinalPrice": "443.31"}}}
{"_id": "orderid:197075", "timestamp": "2020-01-17T08:05:18.000Z", "eventType": "transaction", "_adobeamericaspot3": {"CRMID": "crmid:9867577806", "orderDetails": {"orderID": "orderid:197075", "reservationid": "LQZ-GZ4K", "orderType": "kiosk", "hotelSKU": "prd1148", "hotelCheckInUnix": "1581321918", "hotelCheckOutUnix": "1581581118", "hotelCheckInTS": "2020-02-10T08:05:18+00:00", "hotelCheckOutTS": "2020-02-13T08:05:18+00:00", "hotelChain": "Aspen Heights", "hotelName": "Aspen Heights: Jacksonville", "hotelLocation": "Jacksonville", "hotelRoomType": "standard", "hotelRoomCount": "1", "hotelGuestAdultCount": "1", "hotelGuestChildCount": "4", "hotelNightCount": "3", "hotelRoomPrice": "153.35", "hotelFinalPrice": "460.05"}}}
{"_id": "orderid:340047", "timestamp": "2019-12-18T15:36:21.000Z", "eventType": "transaction", "_adobeamericaspot3": {"CRMID": "crmid:7718800972", "orderDetails": {"orderID": "orderid:340047", "reservationid": "IAL-9MWK", "orderType": "website", "hotelSKU": "prd1004", "hotelCheckInUnix": "1576856181", "hotelCheckOutUnix": "1577028981", "hotelCheckInTS": "2019-12-20T15:36:21+00:00", "hotelCheckOutTS": "2019-12-22T15:36:21+00:00", "hotelChain": "Aspen Heights", "hotelName": "Aspen Heights: Boulder", "hotelLocation": "Boulder", "hotelRoomType": "standard", "hotelRoomCount": "1", "hotelGuestAdultCount": "1", "hotelGuestChildCount": "0", "hotelNightCount": "2", "hotelRoomPrice": "154.46", "hotelFinalPrice": "308.92"}}}
{"_id": "orderid:154252", "timestamp": "2019-12-24T00:00:00.000Z", "eventType": "transaction", "_adobeamericaspot3": {"CRMID": "crmid:7718800972", "orderDetails": {"orderID": "orderid:154252", "reservationid": "HAA-OXZ5", "orderType": "website", "hotelSKU": "prd1158", "hotelCheckInUnix": "1577318400", "hotelCheckOutUnix": "1577577600", "hotelCheckInTS": "2019-12-26T00:00:00+00:00", "hotelCheckOutTS": "2019-12-29T00:00:00+00:00", "hotelChain": "Restful Nights", "hotelName": "Restful Nights: El Paso", "hotelLocation": "El Paso", "hotelRoomType": "standard", "hotelRoomCount": "1", "hotelGuestAdultCount": "1", "hotelGuestChildCount": "0", "hotelNightCount": "3", "hotelRoomPrice": "163.1", "hotelFinalPrice": "489.3"}}}
{"_id": "orderid:888678", "timestamp": "2020-01-26T15:29:53.000Z", "eventType": "transaction", "_adobeamericaspot3": {"CRMID": "crmid:1941742752", "orderDetails": {"orderID": "orderid:888678", "reservationid": "J5O-TR1N", "orderType": "kiosk", "hotelSKU": "prd1081", "hotelCheckInUnix": "1580138993", "hotelCheckOutUnix": "1580311793", "hotelCheckInTS": "2020-01-27T15:29:53+00:00", "hotelCheckOutTS": "2020-01-29T15:29:53+00:00", "hotelChain": "Admiralty Plaza", "hotelName": "Admiralty Plaza: Rod de Janeiro", "hotelLocation": "Rod de Janeiro", "hotelRoomType": "ultra-luxury", "hotelRoomCount": "1", "hotelGuestAdultCount": "1", "hotelGuestChildCount": "0", "hotelNightCount": "2", "hotelRoomPrice": "297.0", "hotelFinalPrice": "594.0"}}}
{"_id": "orderid:543751", "timestamp": "2020-02-16T18:28:56.000Z", "eventType": "transaction", "_adobeamericaspot3": {"CRMID": "crmid:7172145619", "orderDetails": {"orderID": "orderid:543751", "reservationid": "FPP-ODYB", "orderType": "kiosk", "hotelSKU": "prd1172", "hotelCheckInUnix": "1584124136", "hotelCheckOutUnix": "1585420136", "hotelCheckInTS": "2020-03-13T18:28:56+00:00", "hotelCheckOutTS": "2020-03-28T18:28:56+00:00", "hotelChain": "Aspen Heights", "hotelName": "Aspen Heights: Mesa", "hotelLocation": "Mesa", "hotelRoomType": "standard", "hotelRoomCount": "1", "hotelGuestAdultCount": "1", "hotelGuestChildCount": "1", "hotelNightCount": "15", "hotelRoomPrice": "133.92", "hotelFinalPrice": "2008.8"}}}
{"_id": "orderid:325945", "timestamp": "2020-01-26T21:05:02.000Z", "eventType": "transaction", "_adobeamericaspot3": {"CRMID": "crmid:9759306136", "orderDetails": {"orderID": "orderid:325945", "reservationid": "GRJ-MGHK", "orderType": "call center", "hotelSKU": "prd1161", "hotelCheckInUnix": "1582319102", "hotelCheckOutUnix": "1583010302", "hotelCheckInTS": "2020-02-21T21:05:02+00:00", "hotelCheckOutTS": "2020-02-29T21:05:02+00:00", "hotelChain": "Sapphire Suites", "hotelName": "Sapphire Suites: Memphis", "hotelLocation": "Memphis", "hotelRoomType": "standard", "hotelRoomCount": "1", "hotelGuestAdultCount": "1", "hotelGuestChildCount": "0", "hotelNightCount": "8", "hotelRoomPrice": "122.38", "hotelFinalPrice": "979.04"}}}
{"_id": "orderid:174468", "timestamp": "2020-01-15T12:23:51.000Z", "eventType": "transaction", "_adobeamericaspot3": {"CRMID": "crmid:7990332969", "orderDetails": {"orderID": "orderid:174468", "reservationid": "TXZ-7PBU", "orderType": "service desk", "hotelSKU": "prd1016", "hotelCheckInUnix": "1580473431", "hotelCheckOutUnix": "1581164631", "hotelCheckInTS": "2020-01-31T12:23:51+00:00", "hotelCheckOutTS": "2020-02-08T12:23:51+00:00", "hotelChain": "Aspen Heights", "hotelName": "Aspen Heights: Columbus", "hotelLocation": "Columbus", "hotelRoomType": "standard", "hotelRoomCount": "1", "hotelGuestAdultCount": "1", "hotelGuestChildCount": "1", "hotelNightCount": "8", "hotelRoomPrice": "155.59", "hotelFinalPrice": "1244.72"}}}
{"_id": "orderid:804760", "timestamp": "2020-01-17T08:55:33.000Z", "eventType": "transaction", "_adobeamericaspot3": {"CRMID": "crmid:1239283116", "orderDetails": {"orderID": "orderid:804760", "reservationid": "LCY-KWVR", "orderType": "call center", "hotelSKU": "prd1182", "hotelCheckInUnix": "1581152133", "hotelCheckOutUnix": "1581411333", "hotelCheckInTS": "2020-02-08T08:55:33+00:00", "hotelCheckOutTS": "2020-02-11T08:55:33+00:00", "hotelChain": "Restful Nights", "hotelName": "Restful Nights: Minneapolis", "hotelLocation": "Minneapolis", "hotelRoomType": "luxury", "hotelRoomCount": "1", "hotelGuestAdultCount": "1", "hotelGuestChildCount": "0", "hotelNightCount": "3", "hotelRoomPrice": "395.71", "hotelFinalPrice": "1187.13"}}}
{"_id": "orderid:719600", "timestamp": "2020-02-16T08:43:25.000Z", "eventType": "transaction", "_adobeamericaspot3": {"CRMID": "crmid:1115639965", "orderDetails": {"orderID": "orderid:719600", "reservationid": "3OK-QFLQ", "orderType": "kiosk", "hotelSKU": "prd1057", "hotelCheckInUnix": "1583570605", "hotelCheckOutUnix": "1584434605", "hotelCheckInTS": "2020-03-07T08:43:25+00:00", "hotelCheckOutTS": "2020-03-17T08:43:25+00:00", "hotelChain": "Admiralty Plaza", "hotelName": "Admiralty Plaza: Mumbai", "hotelLocation": "Mumbai", "hotelRoomType": "standard", "hotelRoomCount": "1", "hotelGuestAdultCount": "1", "hotelGuestChildCount": "0", "hotelNightCount": "10", "hotelRoomPrice": "133.33", "hotelFinalPrice": "1333.3"}}}
{"_id": "orderid:361867", "timestamp": "2020-01-26T00:22:43.000Z", "eventType": "transaction", "_adobeamericaspot3": {"CRMID": "crmid:7587384028", "orderDetails": {"orderID": "orderid:361867", "reservationid": "L6T-LPTY", "orderType": "kiosk", "hotelSKU": "prd1077", "hotelCheckInUnix": "1582417363", "hotelCheckOutUnix": "1583022163", "hotelCheckInTS": "2020-02-23T00:22:43+00:00", "hotelCheckOutTS": "2020-03-01T00:22:43+00:00", "hotelChain": "Sapphire Suites", "hotelName": "Sapphire Suites: Cairo", "hotelLocation": "Cairo", "hotelRoomType": "standard", "hotelRoomCount": "1", "hotelGuestAdultCount": "1", "hotelGuestChildCount": "0", "hotelNightCount": "7", "hotelRoomPrice": "152.12", "hotelFinalPrice": "1064.84"}}}
{"_id": "orderid:100857", "timestamp": "2019-12-24T00:31:52.000Z", "eventType": "transaction", "_adobeamericaspot3": {"CRMID": "crmid:4470800686", "orderDetails": {"orderID": "orderid:100857", "reservationid": "LWX-XKZJ", "orderType": "mobile", "hotelSKU": "prd1043", "hotelCheckInUnix": "1577233912", "hotelCheckOutUnix": "1577406712", "hotelCheckInTS": "2019-12-25T00:31:52+00:00", "hotelCheckOutTS": "2019-12-27T00:31:52+00:00", "hotelChain": "Nesting Box Inn", "hotelName": "Nesting Box Inn: Raleigh", "hotelLocation": "Raleigh", "hotelRoomType": "premium", "hotelRoomCount": "1", "hotelGuestAdultCount": "1", "hotelGuestChildCount": "0", "hotelNightCount": "2", "hotelRoomPrice": "169.91", "hotelFinalPrice": "339.82"}}}
{"_id": "orderid:167710", "timestamp": "2019-12-13T01:31:49.000Z", "eventType": "transaction", "_adobeamericaspot3": {"CRMID": "crmid:2595616440", "orderDetails": {"orderID": "orderid:167710", "reservationid": "TMZ-X45C", "orderType": "call center", "hotelSKU": "prd1107", "hotelCheckInUnix": "1576287109", "hotelCheckOutUnix": "1576373509", "hotelCheckInTS": "2019-12-14T01:31:49+00:00", "hotelCheckOutTS": "2019-12-15T01:31:49+00:00", "hotelChain": "Hospitality Inn", "hotelName": "Hospitality Inn: Kharkiv", "hotelLocation": "Kharkiv", "hotelRoomType": "standard", "hotelRoomCount": "1", "hotelGuestAdultCount": "1", "hotelGuestChildCount": "0", "hotelNightCount": "1", "hotelRoomPrice": "118.06", "hotelFinalPrice": "118.06"}}}
{"_id": "orderid:586613", "timestamp": "2019-12-16T00:00:00.000Z", "eventType": "transaction", "_adobeamericaspot3": {"CRMID": "crmid:2595616440", "orderDetails": {"orderID": "orderid:586613", "reservationid": "VPP-CBLL", "orderType": "call center", "hotelSKU": "prd1196", "hotelCheckInUnix": "1576800000", "hotelCheckOutUnix": "1576886400", "hotelCheckInTS": "2019-12-20T00:00:00+00:00", "hotelCheckOutTS": "2019-12-21T00:00:00+00:00", "hotelChain": "Aspen Heights", "hotelName": "Aspen Heights: Moscow", "hotelLocation": "Moscow", "hotelRoomType": "standard", "hotelRoomCount": "1", "hotelGuestAdultCount": "1", "hotelGuestChildCount": "0", "hotelNightCount": "1", "hotelRoomPrice": "135.51", "hotelFinalPrice": "135.51"}}}
{"_id": "orderid:998983", "timestamp": "2020-02-07T21:18:56.000Z", "eventType": "transaction", "_adobeamericaspot3": {"CRMID": "crmid:7850975754", "orderDetails": {"orderID": "orderid:998983", "reservationid": "63R-GK4Z", "orderType": "website", "hotelSKU": "prd1094", "hotelCheckInUnix": "1583183936", "hotelCheckOutUnix": "1583443136", "hotelCheckInTS": "2020-03-02T21:18:56+00:00", "hotelCheckOutTS": "2020-03-05T21:18:56+00:00", "hotelChain": "Blue Reef Resort", "hotelName": "Blue Reef Resort: Berlin", "hotelLocation": "Berlin", "hotelRoomType": "premium", "hotelRoomCount": "1", "hotelGuestAdultCount": "1", "hotelGuestChildCount": "1", "hotelNightCount": "3", "hotelRoomPrice": "179.91", "hotelFinalPrice": "539.73"}}}
{"_id": "orderid:625885", "timestamp": "2019-12-10T16:25:25.000Z", "eventType": "transaction", "_adobeamericaspot3": {"CRMID": "crmid:6872463690", "orderDetails": {"orderID": "orderid:625885", "reservationid": "L1M-ZIYF", "orderType": "call center", "hotelSKU": "prd1049", "hotelCheckInUnix": "1576081525", "hotelCheckOutUnix": "1576513525", "hotelCheckInTS": "2019-12-11T16:25:25+00:00", "hotelCheckOutTS": "2019-12-16T16:25:25+00:00", "hotelChain": "Grandeur Hotels", "hotelName": "Grandeur Hotels: Tulsa", "hotelLocation": "Tulsa", "hotelRoomType": "standard", "hotelRoomCount": "1", "hotelGuestAdultCount": "1", "hotelGuestChildCount": "0", "hotelNightCount": "5", "hotelRoomPrice": "131.34", "hotelFinalPrice": "656.7"}}}
{"_id": "orderid:527040", "timestamp": "2020-01-04T16:34:34.000Z", "eventType": "transaction", "_adobeamericaspot3": {"CRMID": "crmid:7887654255", "orderDetails": {"orderID": "orderid:527040", "reservationid": "AB6-8BNF", "orderType": "kiosk", "hotelSKU": "prd1167", "hotelCheckInUnix": "1578674074", "hotelCheckOutUnix": "1579365274", "hotelCheckInTS": "2020-01-10T16:34:34+00:00", "hotelCheckOutTS": "2020-01-18T16:34:34+00:00", "hotelChain": "Hospitality Inn", "hotelName": "Hospitality Inn: Milwaukee", "hotelLocation": "Milwaukee", "hotelRoomType": "presidential-suite", "hotelRoomCount": "1", "hotelGuestAdultCount": "1", "hotelGuestChildCount": "0", "hotelNightCount": "8", "hotelRoomPrice": "958.54", "hotelFinalPrice": "7668.32"}}}
{"_id": "orderid:945624", "timestamp": "2019-12-13T04:57:20.000Z", "eventType": "transaction", "_adobeamericaspot3": {"CRMID": "crmid:6361286802", "orderDetails": {"orderID": "orderid:945624", "reservationid": "VLQ-MHGE", "orderType": "service desk", "hotelSKU": "prd1099", "hotelCheckInUnix": "1577941040", "hotelCheckOutUnix": "1578632240", "hotelCheckInTS": "2020-01-02T04:57:20+00:00", "hotelCheckOutTS": "2020-01-10T04:57:20+00:00", "hotelChain": "Family Fun Hotels", "hotelName": "Family Fun Hotels: Bucharest", "hotelLocation": "Bucharest", "hotelRoomType": "standard", "hotelRoomCount": "1", "hotelGuestAdultCount": "1", "hotelGuestChildCount": "0", "hotelNightCount": "8", "hotelRoomPrice": "93.2", "hotelFinalPrice": "745.6"}}}
{"_id": "orderid:549338", "timestamp": "2020-01-11T19:39:16.000Z", "eventType": "transaction", "_adobeamericaspot3": {"CRMID": "crmid:7671551795", "orderDetails": {"orderID": "orderid:549338", "reservationid": "OFD-7NNG", "orderType": "website", "hotelSKU": "prd1013", "hotelCheckInUnix": "1579289956", "hotelCheckOutUnix": "1579376356", "hotelCheckInTS": "2020-01-17T19:39:16+00:00", "hotelCheckOutTS": "2020-01-18T19:39:16+00:00", "hotelChain": "Grandeur Hotels", "hotelName": "Grandeur Hotels: Austin", "hotelLocation": "Austin", "hotelRoomType": "standard", "hotelRoomCount": "1", "hotelGuestAdultCount": "1", "hotelGuestChildCount": "0", "hotelNightCount": "1", "hotelRoomPrice": "91.8", "hotelFinalPrice": "91.8"}}}
{"_id": "orderid:983828", "timestamp": "2020-01-03T18:40:20.000Z", "eventType": "transaction", "_adobeamericaspot3": {"CRMID": "crmid:8345968475", "orderDetails": {"orderID": "orderid:983828", "reservationid": "2M1-AHVD", "orderType": "kiosk", "hotelSKU": "prd1029", "hotelCheckInUnix": "1580496020", "hotelCheckOutUnix": "1580582420", "hotelCheckInTS": "2020-01-31T18:40:20+00:00", "hotelCheckOutTS": "2020-02-01T18:40:20+00:00", "hotelChain": "Sapphire Suites", "hotelName": "Sapphire Suites: Oklahoma City", "hotelLocation": "Oklahoma City", "hotelRoomType": "standard", "hotelRoomCount": "1", "hotelGuestAdultCount": "1", "hotelGuestChildCount": "0", "hotelNightCount": "1", "hotelRoomPrice": "149.44", "hotelFinalPrice": "149.44"}}}
{"_id": "orderid:214930", "timestamp": "2020-01-30T11:45:08.000Z", "eventType": "transaction", "_adobeamericaspot3": {"CRMID": "crmid:7833589319", "orderDetails": {"orderID": "orderid:214930", "reservationid": "SVH-7M2L", "orderType": "website", "hotelSKU": "prd1109", "hotelCheckInUnix": "1581939908", "hotelCheckOutUnix": "1583149508", "hotelCheckInTS": "2020-02-17T11:45:08+00:00", "hotelCheckOutTS": "2020-03-02T11:45:08+00:00", "hotelChain": "Grandeur Hotels", "hotelName": "Grandeur Hotels: Belgrade", "hotelLocation": "Belgrade", "hotelRoomType": "standard", "hotelRoomCount": "1", "hotelGuestAdultCount": "1", "hotelGuestChildCount": "0", "hotelNightCount": "14", "hotelRoomPrice": "181.19", "hotelFinalPrice": "2536.66"}}}
{"_id": "orderid:552569", "timestamp": "2020-02-04T00:54:45.000Z", "eventType": "transaction", "_adobeamericaspot3": {"CRMID": "crmid:9215473472", "orderDetails": {"orderID": "orderid:552569", "reservationid": "GHX-UFFT", "orderType": "kiosk", "hotelSKU": "prd1176", "hotelCheckInUnix": "1582937685", "hotelCheckOutUnix": "1583888085", "hotelCheckInTS": "2020-02-29T00:54:45+00:00", "hotelCheckOutTS": "2020-03-11T00:54:45+00:00", "hotelChain": "Repose Resort", "hotelName": "Repose Resort: Omaha", "hotelLocation": "Omaha", "hotelRoomType": "standard", "hotelRoomCount": "1", "hotelGuestAdultCount": "1", "hotelGuestChildCount": "0", "hotelNightCount": "11", "hotelRoomPrice": "115.79", "hotelFinalPrice": "1273.69"}}}
{"_id": "orderid:887552", "timestamp": "2019-12-01T00:46:05.000Z", "eventType": "transaction", "_adobeamericaspot3": {"CRMID": "crmid:7355564330", "orderDetails": {"orderID": "orderid:887552", "reservationid": "4CA-DN9S", "orderType": "call center", "hotelSKU": "prd1189", "hotelCheckInUnix": "1577580365", "hotelCheckOutUnix": "1578271565", "hotelCheckInTS": "2019-12-29T00:46:05+00:00", "hotelCheckOutTS": "2020-01-06T00:46:05+00:00", "hotelChain": "Admiralty Plaza", "hotelName": "Admiralty Plaza: Bakersfield", "hotelLocation": "Bakersfield", "hotelRoomType": "standard", "hotelRoomCount": "1", "hotelGuestAdultCount": "1", "hotelGuestChildCount": "0", "hotelNightCount": "8", "hotelRoomPrice": "150.4", "hotelFinalPrice": "1203.2"}}}
{"_id": "orderid:145687", "timestamp": "2019-12-05T10:07:12.000Z", "eventType": "transaction", "_adobeamericaspot3": {"CRMID": "crmid:4787904015", "orderDetails": {"orderID": "orderid:145687", "reservationid": "SVW-XZZR", "orderType": "mobile", "hotelSKU": "prd1074", "hotelCheckInUnix": "1577095632", "hotelCheckOutUnix": "1577527632", "hotelCheckInTS": "2019-12-23T10:07:12+00:00", "hotelCheckOutTS": "2019-12-28T10:07:12+00:00", "hotelChain": "Restful Nights", "hotelName": "Restful Nights: Mexico City", "hotelLocation": "Mexico City", "hotelRoomType": "premium", "hotelRoomCount": "1", "hotelGuestAdultCount": "1", "hotelGuestChildCount": "0", "hotelNightCount": "5", "hotelRoomPrice": "158.83", "hotelFinalPrice": "794.15"}}}
{"_id": "orderid:418522", "timestamp": "2020-01-07T05:38:50.000Z", "eventType": "transaction", "_adobeamericaspot3": {"CRMID": "crmid:8908107989", "orderDetails": {"orderID": "orderid:418522", "reservationid": "EAN-F6C5", "orderType": "call center", "hotelSKU": "prd1046", "hotelCheckInUnix": "1578807530", "hotelCheckOutUnix": "1578893930", "hotelCheckInTS": "2020-01-12T05:38:50+00:00", "hotelCheckOutTS": "2020-01-13T05:38:50+00:00", "hotelChain": "Blue Reef Resort", "hotelName": "Blue Reef Resort: Virginia Beach", "hotelLocation": "Virginia Beach", "hotelRoomType": "standard", "hotelRoomCount": "1", "hotelGuestAdultCount": "1", "hotelGuestChildCount": "0", "hotelNightCount": "1", "hotelRoomPrice": "153.13", "hotelFinalPrice": "153.13"}}}
{"_id": "orderid:833007", "timestamp": "2020-01-06T15:17:06.000Z", "eventType": "transaction", "_adobeamericaspot3": {"CRMID": "crmid:9567728894", "orderDetails": {"orderID": "orderid:833007", "reservationid": "GTE-ZYWR", "orderType": "kiosk", "hotelSKU": "prd1043", "hotelCheckInUnix": "1580051826", "hotelCheckOutUnix": "1580570226", "hotelCheckInTS": "2020-01-26T15:17:06+00:00", "hotelCheckOutTS": "2020-02-01T15:17:06+00:00", "hotelChain": "Nesting Box Inn", "hotelName": "Nesting Box Inn: Raleigh", "hotelLocation": "Raleigh", "hotelRoomType": "standard", "hotelRoomCount": "1", "hotelGuestAdultCount": "1", "hotelGuestChildCount": "0", "hotelNightCount": "6", "hotelRoomPrice": "119.7", "hotelFinalPrice": "718.2"}}}
{"_id": "orderid:702205", "timestamp": "2020-01-21T19:29:24.000Z", "eventType": "transaction", "_adobeamericaspot3": {"CRMID": "crmid:3011538468", "orderDetails": {"orderID": "orderid:702205", "reservationid": "U4K-JSUL", "orderType": "mobile", "hotelSKU": "prd1110", "hotelCheckInUnix": "1579980564", "hotelCheckOutUnix": "1580585364", "hotelCheckInTS": "2020-01-25T19:29:24+00:00", "hotelCheckOutTS": "2020-02-01T19:29:24+00:00", "hotelChain": "Restful Nights", "hotelName": "Restful Nights: Sofia", "hotelLocation": "Sofia", "hotelRoomType": "standard", "hotelRoomCount": "1", "hotelGuestAdultCount": "1", "hotelGuestChildCount": "2", "hotelNightCount": "7", "hotelRoomPrice": "143.5", "hotelFinalPrice": "1004.5"}}}
{"_id": "orderid:435236", "timestamp": "2020-01-09T00:37:52.000Z", "eventType": "transaction", "_adobeamericaspot3": {"CRMID": "crmid:4081585263", "orderDetails": {"orderID": "orderid:435236", "reservationid": "YVS-GEZC", "orderType": "mobile", "hotelSKU": "prd1011", "hotelCheckInUnix": "1578875872", "hotelCheckOutUnix": "1578962272", "hotelCheckInTS": "2020-01-13T00:37:52+00:00", "hotelCheckOutTS": "2020-01-14T00:37:52+00:00", "hotelChain": "Hospitality Inn", "hotelName": "Hospitality Inn: Dallas", "hotelLocation": "Dallas", "hotelRoomType": "standard", "hotelRoomCount": "1", "hotelGuestAdultCount": "1", "hotelGuestChildCount": "0", "hotelNightCount": "1", "hotelRoomPrice": "117.85", "hotelFinalPrice": "117.85"}}}
{"_id": "orderid:742359", "timestamp": "2019-12-08T03:23:30.000Z", "eventType": "transaction", "_adobeamericaspot3": {"CRMID": "crmid:8913061136", "orderDetails": {"orderID": "orderid:742359", "reservationid": "FXV-3O2H", "orderType": "kiosk", "hotelSKU": "prd1118", "hotelCheckInUnix": "1578194610", "hotelCheckOutUnix": "1579231410", "hotelCheckInTS": "2020-01-05T03:23:30+00:00", "hotelCheckOutTS": "2020-01-17T03:23:30+00:00", "hotelChain": "Blue Reef Resort", "hotelName": "Blue Reef Resort: Cologne", "hotelLocation": "Cologne", "hotelRoomType": "premium", "hotelRoomCount": "1", "hotelGuestAdultCount": "1", "hotelGuestChildCount": "0", "hotelNightCount": "12", "hotelRoomPrice": "152.05", "hotelFinalPrice": "1824.6"}}}
{"_id": "orderid:225783", "timestamp": "2019-12-22T19:13:15.000Z", "eventType": "transaction", "_adobeamericaspot3": {"CRMID": "crmid:9347392873", "orderDetails": {"orderID": "orderid:225783", "reservationid": "YWD-VU5J", "orderType": "service desk", "hotelSKU": "prd1082", "hotelCheckInUnix": "1577128395", "hotelCheckOutUnix": "1577301195", "hotelCheckInTS": "2019-12-23T19:13:15+00:00", "hotelCheckOutTS": "2019-12-25T19:13:15+00:00", "hotelChain": "Blue Reef Resort", "hotelName": "Blue Reef Resort: Surat", "hotelLocation": "Surat", "hotelRoomType": "standard", "hotelRoomCount": "1", "hotelGuestAdultCount": "1", "hotelGuestChildCount": "0", "hotelNightCount": "2", "hotelRoomPrice": "168.1", "hotelFinalPrice": "336.2"}}}
{"_id": "orderid:215685", "timestamp": "2020-02-14T20:32:43.000Z", "eventType": "transaction", "_adobeamericaspot3": {"CRMID": "crmid:2841288607", "orderDetails": {"orderID": "orderid:215685", "reservationid": "NRA-ESCT", "orderType": "website", "hotelSKU": "prd1005", "hotelCheckInUnix": "1582057963", "hotelCheckOutUnix": "1582403563", "hotelCheckInTS": "2020-02-18T20:32:43+00:00", "hotelCheckOutTS": "2020-02-22T20:32:43+00:00", "hotelChain": "Sapphire Suites", "hotelName": "Sapphire Suites: Los Angeles", "hotelLocation": "Los Angeles", "hotelRoomType": "standard", "hotelRoomCount": "1", "hotelGuestAdultCount": "1", "hotelGuestChildCount": "0", "hotelNightCount": "4", "hotelRoomPrice": "87.83", "hotelFinalPrice": "351.32"}}}
{"_id": "orderid:151960", "timestamp": "2020-01-02T07:10:42.000Z", "eventType": "transaction", "_adobeamericaspot3": {"CRMID": "crmid:9845330606", "orderDetails": {"orderID": "orderid:151960", "reservationid": "NH2-ZDYP", "orderType": "mobile", "hotelSKU": "prd1045", "hotelCheckInUnix": "1579849842", "hotelCheckOutUnix": "1580195442", "hotelCheckInTS": "2020-01-24T07:10:42+00:00", "hotelCheckOutTS": "2020-01-28T07:10:42+00:00", "hotelChain": "Admiralty Plaza", "hotelName": "Admiralty Plaza: Miami", "hotelLocation": "Miami", "hotelRoomType": "standard", "hotelRoomCount": "1", "hotelGuestAdultCount": "1", "hotelGuestChildCount": "1", "hotelNightCount": "4", "hotelRoomPrice": "104.31", "hotelFinalPrice": "417.24"}}}
{"_id": "orderid:340496", "timestamp": "2020-01-12T20:30:54.000Z", "eventType": "transaction", "_adobeamericaspot3": {"CRMID": "crmid:1211780826", "orderDetails": {"orderID": "orderid:340496", "reservationid": "0MM-MLML", "orderType": "website", "hotelSKU": "prd1146", "hotelCheckInUnix": "1578947454", "hotelCheckOutUnix": "1579120254", "hotelCheckInTS": "2020-01-13T20:30:54+00:00", "hotelCheckOutTS": "2020-01-15T20:30:54+00:00", "hotelChain": "Restful Nights", "hotelName": "Restful Nights: San Jose", "hotelLocation": "San Jose", "hotelRoomType": "standard", "hotelRoomCount": "1", "hotelGuestAdultCount": "1", "hotelGuestChildCount": "0", "hotelNightCount": "2", "hotelRoomPrice": "81.94", "hotelFinalPrice": "163.88"}}}
{"_id": "orderid:290824", "timestamp": "2019-12-19T23:44:10.000Z", "eventType": "transaction", "_adobeamericaspot3": {"CRMID": "crmid:1117323495", "orderDetails": {"orderID": "orderid:290824", "reservationid": "NE8-P0GX", "orderType": "mobile", "hotelSKU": "prd1179", "hotelCheckInUnix": "1576885450", "hotelCheckOutUnix": "1577403850", "hotelCheckInTS": "2019-12-20T23:44:10+00:00", "hotelCheckOutTS": "2019-12-26T23:44:10+00:00", "hotelChain": "Hospitality Inn", "hotelName": "Hospitality Inn: Miami", "hotelLocation": "Miami", "hotelRoomType": "standard", "hotelRoomCount": "1", "hotelGuestAdultCount": "1", "hotelGuestChildCount": "0", "hotelNightCount": "6", "hotelRoomPrice": "147.76", "hotelFinalPrice": "886.56"}}}
{"_id": "orderid:148455", "timestamp": "2020-01-12T03:29:10.000Z", "eventType": "transaction", "_adobeamericaspot3": {"CRMID": "crmid:4446268563", "orderDetails": {"orderID": "orderid:148455", "reservationid": "MEL-HGJH", "orderType": "mobile", "hotelSKU": "prd1043", "hotelCheckInUnix": "1580441350", "hotelCheckOutUnix": "1581305350", "hotelCheckInTS": "2020-01-31T03:29:10+00:00", "hotelCheckOutTS": "2020-02-10T03:29:10+00:00", "hotelChain": "Nesting Box Inn", "hotelName": "Nesting Box Inn: Raleigh", "hotelLocation": "Raleigh", "hotelRoomType": "standard", "hotelRoomCount": "1", "hotelGuestAdultCount": "1", "hotelGuestChildCount": "3", "hotelNightCount": "10", "hotelRoomPrice": "150.82", "hotelFinalPrice": "1508.2"}}}
{"_id": "orderid:691987", "timestamp": "2020-02-05T15:12:51.000Z", "eventType": "transaction", "_adobeamericaspot3": {"CRMID": "crmid:7160460553", "orderDetails": {"orderID": "orderid:691987", "reservationid": "1QW-XY5D", "orderType": "call center", "hotelSKU": "prd1035", "hotelCheckInUnix": "1581174771", "hotelCheckOutUnix": "1581347571", "hotelCheckInTS": "2020-02-08T15:12:51+00:00", "hotelCheckOutTS": "2020-02-10T15:12:51+00:00", "hotelChain": "Hospitality Inn", "hotelName": "Hospitality Inn: Tucson", "hotelLocation": "Tucson", "hotelRoomType": "standard", "hotelRoomCount": "1", "hotelGuestAdultCount": "1", "hotelGuestChildCount": "0", "hotelNightCount": "2", "hotelRoomPrice": "158.93", "hotelFinalPrice": "317.86"}}}
{"_id": "orderid:194097", "timestamp": "2020-02-16T08:47:48.000Z", "eventType": "transaction", "_adobeamericaspot3": {"CRMID": "crmid:4660285094", "orderDetails": {"orderID": "orderid:194097", "reservationid": "AZC-OFX6", "orderType": "website", "hotelSKU": "prd1155", "hotelCheckInUnix": "1583743668", "hotelCheckOutUnix": "1584175668", "hotelCheckInTS": "2020-03-09T08:47:48+00:00", "hotelCheckOutTS": "2020-03-14T08:47:48+00:00", "hotelChain": "Hospitality Inn", "hotelName": "Hospitality Inn: Denver", "hotelLocation": "Denver", "hotelRoomType": "standard", "hotelRoomCount": "1", "hotelGuestAdultCount": "1", "hotelGuestChildCount": "0", "hotelNightCount": "5", "hotelRoomPrice": "103.36", "hotelFinalPrice": "516.8"}}}
{"_id": "orderid:945733", "timestamp": "2019-12-24T04:40:29.000Z", "eventType": "transaction", "_adobeamericaspot3": {"CRMID": "crmid:1528062256", "orderDetails": {"orderID": "orderid:945733", "reservationid": "FXH-WR3A", "orderType": "website", "hotelSKU": "prd1061", "hotelCheckInUnix": "1578199229", "hotelCheckOutUnix": "1578717629", "hotelCheckInTS": "2020-01-05T04:40:29+00:00", "hotelCheckOutTS": "2020-01-11T04:40:29+00:00", "hotelChain": "Grandeur Hotels", "hotelName": "Grandeur Hotels: Lahore", "hotelLocation": "Lahore", "hotelRoomType": "standard", "hotelRoomCount": "1", "hotelGuestAdultCount": "1", "hotelGuestChildCount": "0", "hotelNightCount": "6", "hotelRoomPrice": "139.12", "hotelFinalPrice": "834.72"}}}
{"_id": "orderid:780906", "timestamp": "2020-02-06T12:18:34.000Z", "eventType": "transaction", "_adobeamericaspot3": {"CRMID": "crmid:2493333459", "orderDetails": {"orderID": "orderid:780906", "reservationid": "ZL7-QH8K", "orderType": "kiosk", "hotelSKU": "prd1068", "hotelCheckInUnix": "1581077914", "hotelCheckOutUnix": "1581337114", "hotelCheckInTS": "2020-02-07T12:18:34+00:00", "hotelCheckOutTS": "2020-02-10T12:18:34+00:00", "hotelChain": "Repose Resort", "hotelName": "Repose Resort: Dhaka", "hotelLocation": "Dhaka", "hotelRoomType": "standard", "hotelRoomCount": "1", "hotelGuestAdultCount": "1", "hotelGuestChildCount": "0", "hotelNightCount": "3", "hotelRoomPrice": "155.75", "hotelFinalPrice": "467.25"}}}
{"_id": "orderid:374929", "timestamp": "2019-12-11T16:59:05.000Z", "eventType": "transaction", "_adobeamericaspot3": {"CRMID": "crmid:4375647898", "orderDetails": {"orderID": "orderid:374929", "reservationid": "HPV-4CFL", "orderType": "website", "hotelSKU": "prd1070", "hotelCheckInUnix": "1576342745", "hotelCheckOutUnix": "1576601945", "hotelCheckInTS": "2019-12-14T16:59:05+00:00", "hotelCheckOutTS": "2019-12-17T16:59:05+00:00", "hotelChain": "Blue Reef Resort", "hotelName": "Blue Reef Resort: Jakarta", "hotelLocation": "Jakarta", "hotelRoomType": "premium", "hotelRoomCount": "1", "hotelGuestAdultCount": "1", "hotelGuestChildCount": "0", "hotelNightCount": "3", "hotelRoomPrice": "174.88", "hotelFinalPrice": "524.64"}}}
{"_id": "orderid:531468", "timestamp": "2020-01-25T11:56:34.000Z", "eventType": "transaction", "_adobeamericaspot3": {"CRMID": "crmid:2665991340", "orderDetails": {"orderID": "orderid:531468", "reservationid": "1R5-3YFH", "orderType": "call center", "hotelSKU": "prd1059", "hotelCheckInUnix": "1582286194", "hotelCheckOutUnix": "1582804594", "hotelCheckInTS": "2020-02-21T11:56:34+00:00", "hotelCheckOutTS": "2020-02-27T11:56:34+00:00", "hotelChain": "Hospitality Inn", "hotelName": "Hospitality Inn: Kinshasa", "hotelLocation": "Kinshasa", "hotelRoomType": "standard", "hotelRoomCount": "1", "hotelGuestAdultCount": "1", "hotelGuestChildCount": "0", "hotelNightCount": "6", "hotelRoomPrice": "102.59", "hotelFinalPrice": "615.54"}}}
{"_id": "orderid:690284", "timestamp": "2020-01-06T10:08:27.000Z", "eventType": "transaction", "_adobeamericaspot3": {"CRMID": "crmid:5168972103", "orderDetails": {"orderID": "orderid:690284", "reservationid": "RZO-DJQR", "orderType": "call center", "hotelSKU": "prd1105", "hotelCheckInUnix": "1580292507", "hotelCheckOutUnix": "1580983707", "hotelCheckInTS": "2020-01-29T10:08:27+00:00", "hotelCheckOutTS": "2020-02-06T10:08:27+00:00", "hotelChain": "Admiralty Plaza", "hotelName": "Admiralty Plaza: Barcelona", "hotelLocation": "Barcelona", "hotelRoomType": "standard", "hotelRoomCount": "1", "hotelGuestAdultCount": "1", "hotelGuestChildCount": "0", "hotelNightCount": "8", "hotelRoomPrice": "142.88", "hotelFinalPrice": "1143.04"}}}
{"_id": "orderid:923412", "timestamp": "2019-12-17T16:08:48.000Z", "eventType": "transaction", "_adobeamericaspot3": {"CRMID": "crmid:5937507649", "orderDetails": {"orderID": "orderid:923412", "reservationid": "1AG-EY2M", "orderType": "call center", "hotelSKU": "prd1002", "hotelCheckInUnix": "1578499728", "hotelCheckOutUnix": "1579536528", "hotelCheckInTS": "2020-01-08T16:08:48+00:00", "hotelCheckOutTS": "2020-01-20T16:08:48+00:00", "hotelChain": "Restful Nights", "hotelName": "Restful Nights: Chicago", "hotelLocation": "Chicago", "hotelRoomType": "premium", "hotelRoomCount": "1", "hotelGuestAdultCount": "1", "hotelGuestChildCount": "0", "hotelNightCount": "12", "hotelRoomPrice": "159.85", "hotelFinalPrice": "1918.2"}}}
{"_id": "orderid:249257", "timestamp": "2020-02-10T11:25:58.000Z", "eventType": "transaction", "_adobeamericaspot3": {"CRMID": "crmid:6032355445", "orderDetails": {"orderID": "orderid:249257", "reservationid": "TVX-ZISV", "orderType": "call center", "hotelSKU": "prd1149", "hotelCheckInUnix": "1581420358", "hotelCheckOutUnix": "1581593158", "hotelCheckInTS": "2020-02-11T11:25:58+00:00", "hotelCheckOutTS": "2020-02-13T11:25:58+00:00", "hotelChain": "Sapphire Suites", "hotelName": "Sapphire Suites: San Francisco", "hotelLocation": "San Francisco", "hotelRoomType": "luxury", "hotelRoomCount": "1", "hotelGuestAdultCount": "1", "hotelGuestChildCount": "0", "hotelNightCount": "2", "hotelRoomPrice": "314.75", "hotelFinalPrice": "629.5"}}}
{"_id": "orderid:116277", "timestamp": "2020-02-12T22:16:12.000Z", "eventType": "transaction", "_adobeamericaspot3": {"CRMID": "crmid:9667439664", "orderDetails": {"orderID": "orderid:116277", "reservationid": "HSJ-FPQD", "orderType": "call center", "hotelSKU": "prd1074", "hotelCheckInUnix": "1583792172", "hotelCheckOutUnix": "1584569772", "hotelCheckInTS": "2020-03-09T22:16:12+00:00", "hotelCheckOutTS": "2020-03-18T22:16:12+00:00", "hotelChain": "Restful Nights", "hotelName": "Restful Nights: Mexico City", "hotelLocation": "Mexico City", "hotelRoomType": "standard", "hotelRoomCount": "1", "hotelGuestAdultCount": "1", "hotelGuestChildCount": "1", "hotelNightCount": "9", "hotelRoomPrice": "163.94", "hotelFinalPrice": "1475.46"}}}
{"_id": "orderid:670162", "timestamp": "2019-12-02T01:04:02.000Z", "eventType": "transaction", "_adobeamericaspot3": {"CRMID": "crmid:2485294571", "orderDetails": {"orderID": "orderid:670162", "reservationid": "VXW-6AFO", "orderType": "call center", "hotelSKU": "prd1100", "hotelCheckInUnix": "1577495042", "hotelCheckOutUnix": "1578013442", "hotelCheckInTS": "2019-12-28T01:04:02+00:00", "hotelCheckOutTS": "2020-01-03T01:04:02+00:00", "hotelChain": "Aspen Heights", "hotelName": "Aspen Heights: Misk", "hotelLocation": "Misk", "hotelRoomType": "premium", "hotelRoomCount": "1", "hotelGuestAdultCount": "1", "hotelGuestChildCount": "0", "hotelNightCount": "6", "hotelRoomPrice": "139.68", "hotelFinalPrice": "838.08"}}}
{"_id": "orderid:857520", "timestamp": "2020-02-05T14:23:52.000Z", "eventType": "transaction", "_adobeamericaspot3": {"CRMID": "crmid:9625732639", "orderDetails": {"orderID": "orderid:857520", "reservationid": "1RO-IXRE", "orderType": "website", "hotelSKU": "prd1058", "hotelCheckInUnix": "1581431032", "hotelCheckOutUnix": "1581603832", "hotelCheckInTS": "2020-02-11T14:23:52+00:00", "hotelCheckOutTS": "2020-02-13T14:23:52+00:00", "hotelChain": "Blue Reef Resort", "hotelName": "Blue Reef Resort: Delhi", "hotelLocation": "Delhi", "hotelRoomType": "standard", "hotelRoomCount": "1", "hotelGuestAdultCount": "1", "hotelGuestChildCount": "0", "hotelNightCount": "2", "hotelRoomPrice": "139.16", "hotelFinalPrice": "278.32"}}}
{"_id": "orderid:929970", "timestamp": "2019-12-09T10:56:14.000Z", "eventType": "transaction", "_adobeamericaspot3": {"CRMID": "crmid:5832114207", "orderDetails": {"orderID": "orderid:929970", "reservationid": "KGG-DRXZ", "orderType": "mobile", "hotelSKU": "prd1196", "hotelCheckInUnix": "1577962574", "hotelCheckOutUnix": "1578221774", "hotelCheckInTS": "2020-01-02T10:56:14+00:00", "hotelCheckOutTS": "2020-01-05T10:56:14+00:00", "hotelChain": "Aspen Heights", "hotelName": "Aspen Heights: Moscow", "hotelLocation": "Moscow", "hotelRoomType": "standard", "hotelRoomCount": "1", "hotelGuestAdultCount": "1", "hotelGuestChildCount": "1", "hotelNightCount": "3", "hotelRoomPrice": "153.79", "hotelFinalPrice": "461.37"}}}
{"_id": "orderid:231136", "timestamp": "2020-01-04T05:00:07.000Z", "eventType": "transaction", "_adobeamericaspot3": {"CRMID": "crmid:3656569736", "orderDetails": {"orderID": "orderid:231136", "reservationid": "JPD-ERFW", "orderType": "website", "hotelSKU": "prd1088", "hotelCheckInUnix": "1579842007", "hotelCheckOutUnix": "1580533207", "hotelCheckInTS": "2020-01-24T05:00:07+00:00", "hotelCheckOutTS": "2020-02-01T05:00:07+00:00", "hotelChain": "Aspen Heights", "hotelName": "Aspen Heights: Ankara", "hotelLocation": "Ankara", "hotelRoomType": "standard", "hotelRoomCount": "1", "hotelGuestAdultCount": "1", "hotelGuestChildCount": "3", "hotelNightCount": "8", "hotelRoomPrice": "151.48", "hotelFinalPrice": "1211.84"}}}
{"_id": "orderid:769893", "timestamp": "2019-12-13T06:40:25.000Z", "eventType": "transaction", "_adobeamericaspot3": {"CRMID": "crmid:6525547280", "orderDetails": {"orderID": "orderid:769893", "reservationid": "CY7-PRGH", "orderType": "website", "hotelSKU": "prd1155", "hotelCheckInUnix": "1576910425", "hotelCheckOutUnix": "1577342425", "hotelCheckInTS": "2019-12-21T06:40:25+00:00", "hotelCheckOutTS": "2019-12-26T06:40:25+00:00", "hotelChain": "Hospitality Inn", "hotelName": "Hospitality Inn: Denver", "hotelLocation": "Denver", "hotelRoomType": "standard", "hotelRoomCount": "1", "hotelGuestAdultCount": "1", "hotelGuestChildCount": "2", "hotelNightCount": "5", "hotelRoomPrice": "151.42", "hotelFinalPrice": "757.1"}}}
{"_id": "orderid:935177", "timestamp": "2020-01-23T04:57:13.000Z", "eventType": "transaction", "_adobeamericaspot3": {"CRMID": "crmid:9360900404", "orderDetails": {"orderID": "orderid:935177", "reservationid": "LZR-ZJAE", "orderType": "service desk", "hotelSKU": "prd1195", "hotelCheckInUnix": "1579841833", "hotelCheckOutUnix": "1580014633", "hotelCheckInTS": "2020-01-24T04:57:13+00:00", "hotelCheckOutTS": "2020-01-26T04:57:13+00:00", "hotelChain": "Family Fun Hotels", "hotelName": "Family Fun Hotels: Lahore", "hotelLocation": "Lahore", "hotelRoomType": "standard", "hotelRoomCount": "1", "hotelGuestAdultCount": "1", "hotelGuestChildCount": "0", "hotelNightCount": "2", "hotelRoomPrice": "131.76", "hotelFinalPrice": "263.52"}}}
{"_id": "orderid:417882", "timestamp": "2020-01-27T00:00:00.000Z", "eventType": "transaction", "_adobeamericaspot3": {"CRMID": "crmid:9360900404", "orderDetails": {"orderID": "orderid:417882", "reservationid": "8ER-49QO", "orderType": "website", "hotelSKU": "prd1087", "hotelCheckInUnix": "1580169600", "hotelCheckOutUnix": "1580428800", "hotelCheckInTS": "2020-01-28T00:00:00+00:00", "hotelCheckOutTS": "2020-01-31T00:00:00+00:00", "hotelChain": "Family Fun Hotels", "hotelName": "Family Fun Hotels: Kolkata", "hotelLocation": "Kolkata", "hotelRoomType": "premium", "hotelRoomCount": "1", "hotelGuestAdultCount": "1", "hotelGuestChildCount": "0", "hotelNightCount": "3", "hotelRoomPrice": "149.64", "hotelFinalPrice": "448.92"}}}
{"_id": "orderid:285288", "timestamp": "2020-01-22T04:05:46.000Z", "eventType": "transaction", "_adobeamericaspot3": {"CRMID": "crmid:7897263081", "orderDetails": {"orderID": "orderid:285288", "reservationid": "6XK-WOCX", "orderType": "website", "hotelSKU": "prd1104", "hotelCheckInUnix": "1580443546", "hotelCheckOutUnix": "1581825946", "hotelCheckInTS": "2020-01-31T04:05:46+00:00", "hotelCheckOutTS": "2020-02-16T04:05:46+00:00", "hotelChain": "Repose Resort", "hotelName": "Repose Resort: Warsaw", "hotelLocation": "Warsaw", "hotelRoomType": "standard", "hotelRoomCount": "1", "hotelGuestAdultCount": "1", "hotelGuestChildCount": "2", "hotelNightCount": "16", "hotelRoomPrice": "139.05", "hotelFinalPrice": "2224.8"}}}
{"_id": "orderid:481181", "timestamp": "2019-12-12T05:50:57.000Z", "eventType": "transaction", "_adobeamericaspot3": {"CRMID": "crmid:4343590306", "orderDetails": {"orderID": "orderid:481181", "reservationid": "RFE-HK4B", "orderType": "call center", "hotelSKU": "prd1181", "hotelCheckInUnix": "1578203457", "hotelCheckOutUnix": "1579499457", "hotelCheckInTS": "2020-01-05T05:50:57+00:00", "hotelCheckOutTS": "2020-01-20T05:50:57+00:00", "hotelChain": "Grandeur Hotels", "hotelName": "Grandeur Hotels: Oakland", "hotelLocation": "Oakland", "hotelRoomType": "standard", "hotelRoomCount": "1", "hotelGuestAdultCount": "1", "hotelGuestChildCount": "0", "hotelNightCount": "15", "hotelRoomPrice": "166.73", "hotelFinalPrice": "2500.95"}}}
{"_id": "orderid:735926", "timestamp": "2020-01-17T10:28:47.000Z", "eventType": "transaction", "_adobeamericaspot3": {"CRMID": "crmid:4175083185", "orderDetails": {"orderID": "orderid:735926", "reservationid": "J0V-MGCE", "orderType": "call center", "hotelSKU": "prd1135", "hotelCheckInUnix": "1580034527", "hotelCheckOutUnix": "1580725727", "hotelCheckInTS": "2020-01-26T10:28:47+00:00", "hotelCheckOutTS": "2020-02-03T10:28:47+00:00", "hotelChain": "Family Fun Hotels", "hotelName": "Family Fun Hotels: Vancouver", "hotelLocation": "Vancouver", "hotelRoomType": "luxury", "hotelRoomCount": "1", "hotelGuestAdultCount": "1", "hotelGuestChildCount": "2", "hotelNightCount": "8", "hotelRoomPrice": "257.08", "hotelFinalPrice": "2056.64"}}}
{"_id": "orderid:549368", "timestamp": "2020-02-16T06:28:51.000Z", "eventType": "transaction", "_adobeamericaspot3": {"CRMID": "crmid:2462745215", "orderDetails": {"orderID": "orderid:549368", "reservationid": "R8E-ADTQ", "orderType": "website", "hotelSKU": "prd1190", "hotelCheckInUnix": "1583303331", "hotelCheckOutUnix": "1583648931", "hotelCheckInTS": "2020-03-04T06:28:51+00:00", "hotelCheckOutTS": "2020-03-08T06:28:51+00:00", "hotelChain": "Blue Reef Resort", "hotelName": "Blue Reef Resort: Aurora", "hotelLocation": "Aurora", "hotelRoomType": "standard", "hotelRoomCount": "1", "hotelGuestAdultCount": "1", "hotelGuestChildCount": "0", "hotelNightCount": "4", "hotelRoomPrice": "150.42", "hotelFinalPrice": "601.68"}}}
{"_id": "orderid:456773", "timestamp": "2019-12-07T05:48:26.000Z", "eventType": "transaction", "_adobeamericaspot3": {"CRMID": "crmid:2139096304", "orderDetails": {"orderID": "orderid:456773", "reservationid": "WN7-BQ7N", "orderType": "mobile", "hotelSKU": "prd1033", "hotelCheckInUnix": "1577771306", "hotelCheckOutUnix": "1578462506", "hotelCheckInTS": "2019-12-31T05:48:26+00:00", "hotelCheckOutTS": "2020-01-08T05:48:26+00:00", "hotelChain": "Admiralty Plaza", "hotelName": "Admiralty Plaza: Milwaukee", "hotelLocation": "Milwaukee", "hotelRoomType": "premium", "hotelRoomCount": "1", "hotelGuestAdultCount": "1", "hotelGuestChildCount": "1", "hotelNightCount": "8", "hotelRoomPrice": "124.42", "hotelFinalPrice": "995.36"}}}
{"_id": "orderid:988831", "timestamp": "2020-01-27T07:54:53.000Z", "eventType": "transaction", "_adobeamericaspot3": {"CRMID": "crmid:6161477145", "orderDetails": {"orderID": "orderid:988831", "reservationid": "OYI-ZKRY", "orderType": "website", "hotelSKU": "prd1083", "hotelCheckInUnix": "1580198093", "hotelCheckOutUnix": "1580284493", "hotelCheckInTS": "2020-01-28T07:54:53+00:00", "hotelCheckOutTS": "2020-01-29T07:54:53+00:00", "hotelChain": "Hospitality Inn", "hotelName": "Hospitality Inn: Bangkok", "hotelLocation": "Bangkok", "hotelRoomType": "premium", "hotelRoomCount": "1", "hotelGuestAdultCount": "1", "hotelGuestChildCount": "0", "hotelNightCount": "1", "hotelRoomPrice": "128.16", "hotelFinalPrice": "128.16"}}}
{"_id": "orderid:359448", "timestamp": "2019-12-15T05:07:53.000Z", "eventType": "transaction", "_adobeamericaspot3": {"CRMID": "crmid:8651191525", "orderDetails": {"orderID": "orderid:359448", "reservationid": "5MA-AGFK", "orderType": "website", "hotelSKU": "prd1089", "hotelCheckInUnix": "1577077673", "hotelCheckOutUnix": "1577682473", "hotelCheckInTS": "2019-12-23T05:07:53+00:00", "hotelCheckOutTS": "2019-12-30T05:07:53+00:00", "hotelChain": "Sapphire Suites", "hotelName": "Sapphire Suites: Rome", "hotelLocation": "Rome", "hotelRoomType": "premium", "hotelRoomCount": "1", "hotelGuestAdultCount": "1", "hotelGuestChildCount": "0", "hotelNightCount": "7", "hotelRoomPrice": "155.76", "hotelFinalPrice": "1090.32"}}}
{"_id": "orderid:256799", "timestamp": "2019-12-27T23:14:28.000Z", "eventType": "transaction", "_adobeamericaspot3": {"CRMID": "crmid:5150112729", "orderDetails": {"orderID": "orderid:256799", "reservationid": "UI8-AS60", "orderType": "kiosk", "hotelSKU": "prd1179", "hotelCheckInUnix": "1577574868", "hotelCheckOutUnix": "1578006868", "hotelCheckInTS": "2019-12-28T23:14:28+00:00", "hotelCheckOutTS": "2020-01-02T23:14:28+00:00", "hotelChain": "Hospitality Inn", "hotelName": "Hospitality Inn: Miami", "hotelLocation": "Miami", "hotelRoomType": "premium", "hotelRoomCount": "1", "hotelGuestAdultCount": "1", "hotelGuestChildCount": "0", "hotelNightCount": "5", "hotelRoomPrice": "82.84", "hotelFinalPrice": "414.2"}}}
{"_id": "orderid:110430", "timestamp": "2020-01-13T04:21:23.000Z", "eventType": "transaction", "_adobeamericaspot3": {"CRMID": "crmid:1959414726", "orderDetails": {"orderID": "orderid:110430", "reservationid": "DEW-CXAF", "orderType": "website", "hotelSKU": "prd1187", "hotelCheckInUnix": "1579580483", "hotelCheckOutUnix": "1580617283", "hotelCheckInTS": "2020-01-21T04:21:23+00:00", "hotelCheckOutTS": "2020-02-02T04:21:23+00:00", "hotelChain": "Nesting Box Inn", "hotelName": "Nesting Box Inn: Cleveland", "hotelLocation": "Cleveland", "hotelRoomType": "standard", "hotelRoomCount": "1", "hotelGuestAdultCount": "1", "hotelGuestChildCount": "0", "hotelNightCount": "12", "hotelRoomPrice": "153.15", "hotelFinalPrice": "1837.8"}}}
{"_id": "orderid:539492", "timestamp": "2020-02-07T14:30:55.000Z", "eventType": "transaction", "_adobeamericaspot3": {"CRMID": "crmid:5586310762", "orderDetails": {"orderID": "orderid:539492", "reservationid": "PZF-EJIU", "orderType": "kiosk", "hotelSKU": "prd1196", "hotelCheckInUnix": "1581345055", "hotelCheckOutUnix": "1581517855", "hotelCheckInTS": "2020-02-10T14:30:55+00:00", "hotelCheckOutTS": "2020-02-12T14:30:55+00:00", "hotelChain": "Aspen Heights", "hotelName": "Aspen Heights: Moscow", "hotelLocation": "Moscow", "hotelRoomType": "standard", "hotelRoomCount": "1", "hotelGuestAdultCount": "1", "hotelGuestChildCount": "0", "hotelNightCount": "2", "hotelRoomPrice": "142.96", "hotelFinalPrice": "285.92"}}}
{"_id": "orderid:612003", "timestamp": "2019-12-01T04:53:27.000Z", "eventType": "transaction", "_adobeamericaspot3": {"CRMID": "crmid:4101829263", "orderDetails": {"orderID": "orderid:612003", "reservationid": "R0M-FATF", "orderType": "call center", "hotelSKU": "prd1077", "hotelCheckInUnix": "1576731207", "hotelCheckOutUnix": "1578027207", "hotelCheckInTS": "2019-12-19T04:53:27+00:00", "hotelCheckOutTS": "2020-01-03T04:53:27+00:00", "hotelChain": "Sapphire Suites", "hotelName": "Sapphire Suites: Cairo", "hotelLocation": "Cairo", "hotelRoomType": "luxury", "hotelRoomCount": "1", "hotelGuestAdultCount": "1", "hotelGuestChildCount": "0", "hotelNightCount": "15", "hotelRoomPrice": "373.19", "hotelFinalPrice": "5597.85"}}}
{"_id": "orderid:996701", "timestamp": "2019-12-18T20:32:36.000Z", "eventType": "transaction", "_adobeamericaspot3": {"CRMID": "crmid:7700173095", "orderDetails": {"orderID": "orderid:996701", "reservationid": "QCJ-HO8K", "orderType": "kiosk", "hotelSKU": "prd1071", "hotelCheckInUnix": "1579206756", "hotelCheckOutUnix": "1579811556", "hotelCheckInTS": "2020-01-16T20:32:36+00:00", "hotelCheckOutTS": "2020-01-23T20:32:36+00:00", "hotelChain": "Hospitality Inn", "hotelName": "Hospitality Inn: Seoul", "hotelLocation": "Seoul", "hotelRoomType": "standard", "hotelRoomCount": "1", "hotelGuestAdultCount": "1", "hotelGuestChildCount": "0", "hotelNightCount": "7", "hotelRoomPrice": "146.3", "hotelFinalPrice": "1024.1"}}}
{"_id": "orderid:341592", "timestamp": "2020-01-04T03:55:20.000Z", "eventType": "transaction", "_adobeamericaspot3": {"CRMID": "crmid:8908629115", "orderDetails": {"orderID": "orderid:341592", "reservationid": "0MR-8MOF", "orderType": "service desk", "hotelSKU": "prd1157", "hotelCheckInUnix": "1578196520", "hotelCheckOutUnix": "1578628520", "hotelCheckInTS": "2020-01-05T03:55:20+00:00", "hotelCheckOutTS": "2020-01-10T03:55:20+00:00", "hotelChain": "Grandeur Hotels", "hotelName": "Grandeur Hotels: Boston", "hotelLocation": "Boston", "hotelRoomType": "standard", "hotelRoomCount": "1", "hotelGuestAdultCount": "1", "hotelGuestChildCount": "0", "hotelNightCount": "5", "hotelRoomPrice": "127.35", "hotelFinalPrice": "636.75"}}}
{"_id": "orderid:355134", "timestamp": "2019-12-17T10:09:41.000Z", "eventType": "transaction", "_adobeamericaspot3": {"CRMID": "crmid:8843756206", "orderDetails": {"orderID": "orderid:355134", "reservationid": "UK5-8EN0", "orderType": "kiosk", "hotelSKU": "prd1099", "hotelCheckInUnix": "1578478181", "hotelCheckOutUnix": "1579169381", "hotelCheckInTS": "2020-01-08T10:09:41+00:00", "hotelCheckOutTS": "2020-01-16T10:09:41+00:00", "hotelChain": "Family Fun Hotels", "hotelName": "Family Fun Hotels: Bucharest", "hotelLocation": "Bucharest", "hotelRoomType": "standard", "hotelRoomCount": "1", "hotelGuestAdultCount": "1", "hotelGuestChildCount": "2", "hotelNightCount": "8", "hotelRoomPrice": "177.23", "hotelFinalPrice": "1417.84"}}}
{"_id": "orderid:401799", "timestamp": "2020-02-14T02:10:32.000Z", "eventType": "transaction", "_adobeamericaspot3": {"CRMID": "crmid:7838235723", "orderDetails": {"orderID": "orderid:401799", "reservationid": "XX2-UBQL", "orderType": "kiosk", "hotelSKU": "prd1025", "hotelCheckInUnix": "1583719832", "hotelCheckOutUnix": "1585188632", "hotelCheckInTS": "2020-03-09T02:10:32+00:00", "hotelCheckOutTS": "2020-03-26T02:10:32+00:00", "hotelChain": "Grandeur Hotels", "hotelName": "Grandeur Hotels: Detroit", "hotelLocation": "Detroit", "hotelRoomType": "luxury", "hotelRoomCount": "1", "hotelGuestAdultCount": "1", "hotelGuestChildCount": "0", "hotelNightCount": "17", "hotelRoomPrice": "404.4", "hotelFinalPrice": "6874.8"}}}
{"_id": "orderid:581903", "timestamp": "2020-01-23T18:19:30.000Z", "eventType": "transaction", "_adobeamericaspot3": {"CRMID": "crmid:2974288335", "orderDetails": {"orderID": "orderid:581903", "reservationid": "DH7-E8UN", "orderType": "mobile", "hotelSKU": "prd1160", "hotelCheckInUnix": "1579976370", "hotelCheckOutUnix": "1580235570", "hotelCheckInTS": "2020-01-25T18:19:30+00:00", "hotelCheckOutTS": "2020-01-28T18:19:30+00:00", "hotelChain": "Aspen Heights", "hotelName": "Aspen Heights: Nashville", "hotelLocation": "Nashville", "hotelRoomType": "premium", "hotelRoomCount": "1", "hotelGuestAdultCount": "1", "hotelGuestChildCount": "0", "hotelNightCount": "3", "hotelRoomPrice": "142.9", "hotelFinalPrice": "428.7"}}}
{"_id": "orderid:211577", "timestamp": "2020-02-11T23:42:23.000Z", "eventType": "transaction", "_adobeamericaspot3": {"CRMID": "crmid:9188437207", "orderDetails": {"orderID": "orderid:211577", "reservationid": "EJ8-VOWI", "orderType": "mobile", "hotelSKU": "prd1161", "hotelCheckInUnix": "1581982943", "hotelCheckOutUnix": "1583192543", "hotelCheckInTS": "2020-02-17T23:42:23+00:00", "hotelCheckOutTS": "2020-03-02T23:42:23+00:00", "hotelChain": "Sapphire Suites", "hotelName": "Sapphire Suites: Memphis", "hotelLocation": "Memphis", "hotelRoomType": "standard", "hotelRoomCount": "1", "hotelGuestAdultCount": "1", "hotelGuestChildCount": "0", "hotelNightCount": "14", "hotelRoomPrice": "116.16", "hotelFinalPrice": "1626.24"}}}
{"_id": "orderid:693993", "timestamp": "2019-12-29T15:50:16.000Z", "eventType": "transaction", "_adobeamericaspot3": {"CRMID": "crmid:1579091162", "orderDetails": {"orderID": "orderid:693993", "reservationid": "CAJ-OVL4", "orderType": "service desk", "hotelSKU": "prd1141", "hotelCheckInUnix": "1579449016", "hotelCheckOutUnix": "1580140216", "hotelCheckInTS": "2020-01-19T15:50:16+00:00", "hotelCheckOutTS": "2020-01-27T15:50:16+00:00", "hotelChain": "Admiralty Plaza", "hotelName": "Admiralty Plaza: Phoenix", "hotelLocation": "Phoenix", "hotelRoomType": "luxury", "hotelRoomCount": "1", "hotelGuestAdultCount": "1", "hotelGuestChildCount": "0", "hotelNightCount": "8", "hotelRoomPrice": "400.4", "hotelFinalPrice": "3203.2"}}}
{"_id": "orderid:531180", "timestamp": "2020-01-12T03:37:39.000Z", "eventType": "transaction", "_adobeamericaspot3": {"CRMID": "crmid:2100026219", "orderDetails": {"orderID": "orderid:531180", "reservationid": "9ZR-FDF7", "orderType": "website", "hotelSKU": "prd1143", "hotelCheckInUnix": "1578886659", "hotelCheckOutUnix": "1578973059", "hotelCheckInTS": "2020-01-13T03:37:39+00:00", "hotelCheckOutTS": "2020-01-14T03:37:39+00:00", "hotelChain": "Hospitality Inn", "hotelName": "Hospitality Inn: San Antonio", "hotelLocation": "San Antonio", "hotelRoomType": "standard", "hotelRoomCount": "1", "hotelGuestAdultCount": "1", "hotelGuestChildCount": "0", "hotelNightCount": "1", "hotelRoomPrice": "123.07", "hotelFinalPrice": "123.07"}}}
{"_id": "orderid:478660", "timestamp": "2020-01-07T09:03:29.000Z", "eventType": "transaction", "_adobeamericaspot3": {"CRMID": "crmid:8116293911", "orderDetails": {"orderID": "orderid:478660", "reservationid": "1CP-FMD0", "orderType": "mobile", "hotelSKU": "prd1103", "hotelCheckInUnix": "1578819809", "hotelCheckOutUnix": "1579079009", "hotelCheckInTS": "2020-01-12T09:03:29+00:00", "hotelCheckOutTS": "2020-01-15T09:03:29+00:00", "hotelChain": "Nesting Box Inn", "hotelName": "Nesting Box Inn: Hamburg", "hotelLocation": "Hamburg", "hotelRoomType": "standard", "hotelRoomCount": "1", "hotelGuestAdultCount": "1", "hotelGuestChildCount": "0", "hotelNightCount": "3", "hotelRoomPrice": "76.82", "hotelFinalPrice": "230.46"}}}
{"_id": "orderid:773969", "timestamp": "2020-01-14T05:16:13.000Z", "eventType": "transaction", "_adobeamericaspot3": {"CRMID": "crmid:5362545260", "orderDetails": {"orderID": "orderid:773969", "reservationid": "M46-JJ9V", "orderType": "website", "hotelSKU": "prd1031", "hotelCheckInUnix": "1580966173", "hotelCheckOutUnix": "1581484573", "hotelCheckInTS": "2020-02-06T05:16:13+00:00", "hotelCheckOutTS": "2020-02-12T05:16:13+00:00", "hotelChain": "Nesting Box Inn", "hotelName": "Nesting Box Inn: Louisville", "hotelLocation": "Louisville", "hotelRoomType": "standard", "hotelRoomCount": "1", "hotelGuestAdultCount": "1", "hotelGuestChildCount": "3", "hotelNightCount": "6", "hotelRoomPrice": "133.67", "hotelFinalPrice": "802.02"}}}
{"_id": "orderid:512679", "timestamp": "2019-12-03T18:04:51.000Z", "eventType": "transaction", "_adobeamericaspot3": {"CRMID": "crmid:8476212177", "orderDetails": {"orderID": "orderid:512679", "reservationid": "WP5-BMDR", "orderType": "mobile", "hotelSKU": "prd1177", "hotelCheckInUnix": "1577901891", "hotelCheckOutUnix": "1578074691", "hotelCheckInTS": "2020-01-01T18:04:51+00:00", "hotelCheckOutTS": "2020-01-03T18:04:51+00:00", "hotelChain": "Admiralty Plaza", "hotelName": "Admiralty Plaza: Raleigh", "hotelLocation": "Raleigh", "hotelRoomType": "standard", "hotelRoomCount": "1", "hotelGuestAdultCount": "1", "hotelGuestChildCount": "0", "hotelNightCount": "2", "hotelRoomPrice": "152.4", "hotelFinalPrice": "304.8"}}}
{"_id": "orderid:752930", "timestamp": "2020-01-01T17:42:57.000Z", "eventType": "transaction", "_adobeamericaspot3": {"CRMID": "crmid:8652547749", "orderDetails": {"orderID": "orderid:752930", "reservationid": "2XW-DHHQ", "orderType": "kiosk", "hotelSKU": "prd1152", "hotelCheckInUnix": "1579714977", "hotelCheckOutUnix": "1580233377", "hotelCheckInTS": "2020-01-22T17:42:57+00:00", "hotelCheckOutTS": "2020-01-28T17:42:57+00:00", "hotelChain": "Repose Resort", "hotelName": "Repose Resort: Indianapolis", "hotelLocation": "Indianapolis", "hotelRoomType": "standard", "hotelRoomCount": "1", "hotelGuestAdultCount": "1", "hotelGuestChildCount": "0", "hotelNightCount": "6", "hotelRoomPrice": "162.18", "hotelFinalPrice": "973.08"}}}
{"_id": "orderid:269124", "timestamp": "2020-01-26T11:31:35.000Z", "eventType": "transaction", "_adobeamericaspot3": {"CRMID": "crmid:9820245534", "orderDetails": {"orderID": "orderid:269124", "reservationid": "WRZ-B1RF", "orderType": "website", "hotelSKU": "prd1021", "hotelCheckInUnix": "1581075095", "hotelCheckOutUnix": "1581766295", "hotelCheckInTS": "2020-02-07T11:31:35+00:00", "hotelCheckOutTS": "2020-02-15T11:31:35+00:00", "hotelChain": "Admiralty Plaza", "hotelName": "Admiralty Plaza: Denver", "hotelLocation": "Denver", "hotelRoomType": "standard", "hotelRoomCount": "1", "hotelGuestAdultCount": "1", "hotelGuestChildCount": "3", "hotelNightCount": "8", "hotelRoomPrice": "142.0", "hotelFinalPrice": "1136.0"}}}
{"_id": "orderid:595421", "timestamp": "2020-01-04T03:03:43.000Z", "eventType": "transaction", "_adobeamericaspot3": {"CRMID": "crmid:7944068803", "orderDetails": {"orderID": "orderid:595421", "reservationid": "LAR-EW1C", "orderType": "kiosk", "hotelSKU": "prd1122", "hotelCheckInUnix": "1580612623", "hotelCheckOutUnix": "1582167823", "hotelCheckInTS": "2020-02-02T03:03:43+00:00", "hotelCheckOutTS": "2020-02-20T03:03:43+00:00", "hotelChain": "Restful Nights", "hotelName": "Restful Nights: Valencia", "hotelLocation": "Valencia", "hotelRoomType": "standard", "hotelRoomCount": "1", "hotelGuestAdultCount": "1", "hotelGuestChildCount": "0", "hotelNightCount": "18", "hotelRoomPrice": "141.52", "hotelFinalPrice": "2547.36"}}}
{"_id": "orderid:521599", "timestamp": "2019-12-02T08:16:41.000Z", "eventType": "transaction", "_adobeamericaspot3": {"CRMID": "crmid:4767472442", "orderDetails": {"orderID": "orderid:521599", "reservationid": "DUQ-QDP8", "orderType": "mobile", "hotelSKU": "prd1123", "hotelCheckInUnix": "1577089001", "hotelCheckOutUnix": "1577521001", "hotelCheckInTS": "2019-12-23T08:16:41+00:00", "hotelCheckOutTS": "2019-12-28T08:16:41+00:00", "hotelChain": "Family Fun Hotels", "hotelName": "Family Fun Hotels: Amsterdam", "hotelLocation": "Amsterdam", "hotelRoomType": "standard", "hotelRoomCount": "1", "hotelGuestAdultCount": "1", "hotelGuestChildCount": "0", "hotelNightCount": "5", "hotelRoomPrice": "132.15", "hotelFinalPrice": "660.75"}}}
{"_id": "orderid:609850", "timestamp": "2020-01-26T16:13:18.000Z", "eventType": "transaction", "_adobeamericaspot3": {"CRMID": "crmid:4523303050", "orderDetails": {"orderID": "orderid:609850", "reservationid": "3MQ-KDAY", "orderType": "kiosk", "hotelSKU": "prd1028", "hotelCheckInUnix": "1580487198", "hotelCheckOutUnix": "1580746398", "hotelCheckInTS": "2020-01-31T16:13:18+00:00", "hotelCheckOutTS": "2020-02-03T16:13:18+00:00", "hotelChain": "Aspen Heights", "hotelName": "Aspen Heights: Portland", "hotelLocation": "Portland", "hotelRoomType": "standard", "hotelRoomCount": "1", "hotelGuestAdultCount": "1", "hotelGuestChildCount": "0", "hotelNightCount": "3", "hotelRoomPrice": "120.16", "hotelFinalPrice": "360.48"}}}
{"_id": "orderid:705395", "timestamp": "2020-01-11T12:51:25.000Z", "eventType": "transaction", "_adobeamericaspot3": {"CRMID": "crmid:5154374688", "orderDetails": {"orderID": "orderid:705395", "reservationid": "KPD-PKQB", "orderType": "website", "hotelSKU": "prd1093", "hotelCheckInUnix": "1578833485", "hotelCheckOutUnix": "1579092685", "hotelCheckInTS": "2020-01-12T12:51:25+00:00", "hotelCheckOutTS": "2020-01-15T12:51:25+00:00", "hotelChain": "Admiralty Plaza", "hotelName": "Admiralty Plaza: Yokohama", "hotelLocation": "Yokohama", "hotelRoomType": "standard", "hotelRoomCount": "1", "hotelGuestAdultCount": "1", "hotelGuestChildCount": "0", "hotelNightCount": "3", "hotelRoomPrice": "158.93", "hotelFinalPrice": "476.79"}}}
{"_id": "orderid:125087", "timestamp": "2019-12-22T23:08:52.000Z", "eventType": "transaction", "_adobeamericaspot3": {"CRMID": "crmid:8493354900", "orderDetails": {"orderID": "orderid:125087", "reservationid": "LUW-MFS5", "orderType": "website", "hotelSKU": "prd1075", "hotelCheckInUnix": "1578092932", "hotelCheckOutUnix": "1578956932", "hotelCheckInTS": "2020-01-03T23:08:52+00:00", "hotelCheckOutTS": "2020-01-13T23:08:52+00:00", "hotelChain": "Family Fun Hotels", "hotelName": "Family Fun Hotels: Bangalore", "hotelLocation": "Bangalore", "hotelRoomType": "standard", "hotelRoomCount": "1", "hotelGuestAdultCount": "1", "hotelGuestChildCount": "0", "hotelNightCount": "10", "hotelRoomPrice": "144.38", "hotelFinalPrice": "1443.8"}}}
{"_id": "orderid:422740", "timestamp": "2020-01-24T07:13:01.000Z", "eventType": "transaction", "_adobeamericaspot3": {"CRMID": "crmid:6129765828", "orderDetails": {"orderID": "orderid:422740", "reservationid": "AL3-TE9F", "orderType": "mobile", "hotelSKU": "prd1021", "hotelCheckInUnix": "1581405181", "hotelCheckOutUnix": "1582009981", "hotelCheckInTS": "2020-02-11T07:13:01+00:00", "hotelCheckOutTS": "2020-02-18T07:13:01+00:00", "hotelChain": "Admiralty Plaza", "hotelName": "Admiralty Plaza: Denver", "hotelLocation": "Denver", "hotelRoomType": "premium", "hotelRoomCount": "1", "hotelGuestAdultCount": "1", "hotelGuestChildCount": "1", "hotelNightCount": "7", "hotelRoomPrice": "188.18", "hotelFinalPrice": "1317.26"}}}
{"_id": "orderid:492783", "timestamp": "2019-12-23T05:12:11.000Z", "eventType": "transaction", "_adobeamericaspot3": {"CRMID": "crmid:9422928395", "orderDetails": {"orderID": "orderid:492783", "reservationid": "1CZ-52PP", "orderType": "website", "hotelSKU": "prd1094", "hotelCheckInUnix": "1578978731", "hotelCheckOutUnix": "1579324331", "hotelCheckInTS": "2020-01-14T05:12:11+00:00", "hotelCheckOutTS": "2020-01-18T05:12:11+00:00", "hotelChain": "Blue Reef Resort", "hotelName": "Blue Reef Resort: Berlin", "hotelLocation": "Berlin", "hotelRoomType": "standard", "hotelRoomCount": "1", "hotelGuestAdultCount": "1", "hotelGuestChildCount": "0", "hotelNightCount": "4", "hotelRoomPrice": "163.88", "hotelFinalPrice": "655.52"}}}
{"_id": "orderid:460646", "timestamp": "2019-12-28T01:02:54.000Z", "eventType": "transaction", "_adobeamericaspot3": {"CRMID": "crmid:1292443785", "orderDetails": {"orderID": "orderid:460646", "reservationid": "PMG-AWEB", "orderType": "website", "hotelSKU": "prd1021", "hotelCheckInUnix": "1579309374", "hotelCheckOutUnix": "1580000574", "hotelCheckInTS": "2020-01-18T01:02:54+00:00", "hotelCheckOutTS": "2020-01-26T01:02:54+00:00", "hotelChain": "Admiralty Plaza", "hotelName": "Admiralty Plaza: Denver", "hotelLocation": "Denver", "hotelRoomType": "premium", "hotelRoomCount": "1", "hotelGuestAdultCount": "1", "hotelGuestChildCount": "0", "hotelNightCount": "8", "hotelRoomPrice": "130.59", "hotelFinalPrice": "1044.72"}}}
