id,reservationid,orderid,crmid,timestamp,orderType,productsku,hotelCheckInUnix,hotelCheckOutUnix,hotelCheckInTS,hotelCheckOutTS,hotelName,hotelChain,hotelLocation,hotelRoomType,hotelRoomCount,hotelGuestAdultCount,hotelGuestChildCount,hotelNightCount,hotelRoomPrice,hotelFinalPrice
fe57b552-53c8-11ea-883e-b88a60e194fb,IRJ-OMPZ,orderid:262584,crmid:1619508572,2020-01-04T19:49:54.000Z,website,prd1094,1578253794,1578512994,2020-01-05T19:49:54+00:00,2020-01-08T19:49:54+00:00,Blue Reef Resort: Berlin,Blue Reef Resort,Berlin,ultra-luxury,1,1,0,3,246.09,738.27
fe589ff6-53c8-11ea-b76a-b88a60e194fb,MTK-TSJX,orderid:592361,crmid:6674091737,2020-02-13T01:56:56.000Z,kiosk,prd1117,1582855016,1583459816,2020-02-28T01:56:56+00:00,2020-03-06T01:56:56+00:00,Admiralty Plaza: Dublin,Admiralty Plaza,Dublin,standard,1,1,0,7,192.51,1347.57
fe59b148-53c8-11ea-bf09-b88a60e194fb,VSG-FYSV,orderid:767544,crmid:7020895134,2020-02-01T16:47:25.000Z,mobile,prd1070,1580662045,1580834845,2020-02-02T16:47:25+00:00,2020-02-04T16:47:25+00:00,Blue Reef Resort: Jakarta,Blue Reef Resort,Jakarta,standard,1,1,0,2,147.79,295.58
fe5a9b9e-53c8-11ea-868c-b88a60e194fb,JTY-HZKQ,orderid:715386,crmid:5883148617,2020-01-14T18:50:02.000Z,mobile,prd1073,1580410202,1580842202,2020-01-30T18:50:02+00:00,2020-02-04T18:50:02+00:00,Grandeur Hotels: Lima,Grandeur Hotels,Lima,standard,1,1,0,5,139.88,699.4
fe5b8600-53c8-11ea-b27a-b88a60e194fb,LKA-QERI,orderid:199857,crmid:3379047463,2020-02-01T16:55:58.000Z,kiosk,prd1142,1583081758,1583427358,2020-03-01T16:55:58+00:00,2020-03-05T16:55:58+00:00,Blue Reef Resort: Philadelphia,Blue Reef Resort,Philadelphia,standard,1,1,0,4,125.75,503.0
fe5c7022-53c8-11ea-b79d-b88a60e194fb,MSP-EKNE,orderid:659906,crmid:1565412104,2020-01-26T02:09:17.000Z,mobile,prd1189,1580522957,1580868557,2020-02-01T02:09:17+00:00,2020-02-05T02:09:17+00:00,Admiralty Plaza: Bakersfield,Admiralty Plaza,Bakersfield,standard,1,1,0,4,126.89,507.56
fe5d5aa8-53c8-11ea-a060-b88a60e194fb,2DF-RDCG,orderid:375549,crmid:4670687088,2020-02-05T17:16:28.000Z,call center,prd1121,1582478188,1583860588,2020-02-23T17:16:28+00:00,2020-03-10T17:16:28+00:00,Grandeur Hotels: Stockholm,Grandeur Hotels,Stockholm,standard,1,1,3,16,90.93,1454.88
fe5e6c02-53c8-11ea-a512-b88a60e194fb,W5X-YC7I,orderid:669544,crmid:6976884581,2019-12-23T07:04:49.000Z,website,prd1189,1579244689,1579849489,2020-01-17T07:04:49+00:00,2020-01-24T07:04:49+00:00,Admiralty Plaza: Bakersfield,Admiralty Plaza,Bakersfield,standard,1,1,0,7,159.59,1117.13
fe5f2f70-53c8-11ea-907f-b88a60e194fb,LOV-EFPO,orderid:779206,crmid:7934707512,2020-01-28T05:18:41.000Z,mobile,prd1052,1582175921,1582780721,2020-02-20T05:18:41+00:00,2020-02-27T05:18:41+00:00,Aspen Heights: Wichita,Aspen Heights,Wichita,luxury,1,1,0,7,402.98,2820.86
fe6019c0-53c8-11ea-a1fd-b88a60e194fb,X0C-W002,orderid:978525,crmid:2725768635,2019-12-20T03:18:51.000Z,kiosk,prd1075,1578885531,1579749531,2020-01-13T03:18:51+00:00,2020-01-23T03:18:51+00:00,Family Fun Hotels: Bangalore,Family Fun Hotels,Bangalore,standard,1,1,0,10,178.08,1780.8
fe610410-53c8-11ea-9bb4-b88a60e194fb,QBZ-DLYT,orderid:802803,crmid:1973915442,2020-01-24T10:31:11.000Z,kiosk,prd1191,1582108271,1582713071,2020-02-19T10:31:11+00:00,2020-02-26T10:31:11+00:00,Hospitality Inn: Mumbai,Hospitality Inn,Mumbai,standard,1,1,0,7,110.32,772.24
fe61eed0-53c8-11ea-8c58-b88a60e194fb,MNA-BGIH,orderid:563685,crmid:7770532958,2019-12-08T22:28:03.000Z,service desk,prd1165,1577572083,1578004083,2019-12-28T22:28:03+00:00,2020-01-02T22:28:03+00:00,Admiralty Plaza: Louisville,Admiralty Plaza,Louisville,standard,1,1,0,5,142.51,712.55
fe6326fa-53c8-11ea-9b73-b88a60e194fb,ITW-XSF4,orderid:473809,crmid:1602753867,2020-01-12T15:35:01.000Z,call center,prd1137,1579102501,1579275301,2020-01-15T15:35:01+00:00,2020-01-17T15:35:01+00:00,Sapphire Suites: Manila,Sapphire Suites,Manila,standard,1,1,0,2,155.31,310.62
fe641182-53c8-11ea-9c09-b88a60e194fb,9ZT-J318,orderid:701136,crmid:1129199262,2020-02-03T04:31:26.000Z,call center,prd1124,1583123486,1583814686,2020-03-02T04:31:26+00:00,2020-03-10T04:31:26+00:00,Aspen Heights: Leeds,Aspen Heights,Leeds,standard,1,1,0,8,135.0,1080.0
fe64fbbe-53c8-11ea-878a-b88a60e194fb,WPF-BEEN,orderid:136055,crmid:2261546842,2020-01-29T19:24:31.000Z,service desk,prd1093,1582313071,1582658671,2020-02-21T19:24:31+00:00,2020-02-25T19:24:31+00:00,Admiralty Plaza: Yokohama,Admiralty Plaza,Yokohama,standard,1,1,0,4,152.58,610.32
fe660dde-53c8-11ea-a9f7-b88a60e194fb,SHS-RZFE,orderid:131190,crmid:4017704171,2020-01-26T19:49:36.000Z,website,prd1112,1581709776,1582228176,2020-02-14T19:49:36+00:00,2020-02-20T19:49:36+00:00,Aspen Heights: Birmingham,Aspen Heights,Birmingham,standard,1,1,2,6,116.57,699.42
fe66f81a-53c8-11ea-946f-b88a60e194fb,EOS-8X0T,orderid:578649,crmid:1088238097,2020-01-27T08:22:54.000Z,website,prd1086,1580286174,1580372574,2020-01-29T08:22:54+00:00,2020-01-30T08:22:54+00:00,Restful Nights: Johannesburg,Restful Nights,Johannesburg,standard,1,1,0,1,103.62,103.62
fe67e206-53c8-11ea-b52c-b88a60e194fb,140-KHO5,orderid:308126,crmid:7025933284,2020-01-04T06:03:46.000Z,website,prd1073,1578895426,1579413826,2020-01-13T06:03:46+00:00,2020-01-19T06:03:46+00:00,Grandeur Hotels: Lima,Grandeur Hotels,Lima,standard,1,1,0,6,131.52,789.12
fe68cc4c-53c8-11ea-a16e-b88a60e194fb,RGV-YRRO,orderid:265278,crmid:7880028543,2019-12-20T07:58:22.000Z,kiosk,prd1154,1578815902,1579334302,2020-01-12T07:58:22+00:00,2020-01-18T07:58:22+00:00,Blue Reef Resort: Seattle,Blue Reef Resort,Seattle,standard,1,1,3,6,141.37,848.22
fe69b6be-53c8-11ea-aa4c-b88a60e194fb,GZE-V3AT,orderid:353609,crmid:7383855953,2020-01-16T06:04:00.000Z,website,prd1189,1581055440,1581487440,2020-02-07T06:04:00+00:00,2020-02-12T06:04:00+00:00,Admiralty Plaza: Bakersfield,Admiralty Plaza,Bakersfield,standard,1,1,0,5,157.58,787.9
fe6aa118-53c8-11ea-8b84-b88a60e194fb,1HC-AC2U,orderid:956158,crmid:4929551326,2020-02-02T19:25:26.000Z,kiosk,prd1136,1581103526,1581189926,2020-02-07T19:25:26+00:00,2020-02-08T19:25:26+00:00,Aspen Heights: Osaka,Aspen Heights,Osaka,premium,1,1,0,1,156.71,156.71
fe6b8b62-53c8-11ea-9ece-b88a60e194fb,3VG-LB3O,orderid:110236,crmid:2417217859,2019-12-10T10:21:28.000Z,website,prd1105,1576146088,1576318888,2019-12-12T10:21:28+00:00,2019-12-14T10:21:28+00:00,Admiralty Plaza: Barcelona,Admiralty Plaza,Barcelona,standard,1,1,0,2,129.46,258.92
fe6b8b63-53c8-11ea-af20-b88a60e194fb,2ZI-JD4B,orderid:129743,crmid:2417217859,2019-12-16T00:00:00.000Z,kiosk,prd1009,1576540800,1576627200,2019-12-17T00:00:00+00:00,2019-12-18T00:00:00+00:00,Admiralty Plaza: San Antonio,Admiralty Plaza,San Antonio,standard,1,1,0,1,144.06,144.06
fe6c9cd8-53c8-11ea-bcfe-b88a60e194fb,CJX-LR5R,orderid:948440,crmid:9979896160,2020-02-09T11:46:11.000Z,website,prd1190,1581421571,1581680771,2020-02-11T11:46:11+00:00,2020-02-14T11:46:11+00:00,Blue Reef Resort: Aurora,Blue Reef Resort,Aurora,standard,1,1,0,3,97.21,291.63
fe6dd576-53c8-11ea-8c6a-b88a60e194fb,XCZ-XUWZ,orderid:165420,crmid:7426700527,2020-01-01T03:28:02.000Z,website,prd1101,1577935682,1578022082,2020-01-02T03:28:02+00:00,2020-01-03T03:28:02+00:00,Sapphire Suites: Vienna,Sapphire Suites,Vienna,standard,1,1,0,1,169.79,169.79
fe6ebfba-53c8-11ea-a285-b88a60e194fb,FA2-YBZM,orderid:768127,crmid:3857998694,2019-12-16T10:01:02.000Z,call center,prd1095,1576576862,1576663262,2019-12-17T10:01:02+00:00,2019-12-18T10:01:02+00:00,Hospitality Inn: Casablanca,Hospitality Inn,Casablanca,standard,1,1,0,1,169.66,169.66
fe6faa46-53c8-11ea-aab5-b88a60e194fb,T1T-NUXK,orderid:542279,crmid:1723508699,2020-02-14T18:24:44.000Z,kiosk,prd1081,1583864684,1584469484,2020-03-10T18:24:44+00:00,2020-03-17T18:24:44+00:00,Admiralty Plaza: Rod de Janeiro,Admiralty Plaza,Rod de Janeiro,standard,1,1,4,7,114.59,802.13
fe709486-53c8-11ea-9153-b88a60e194fb,OQR-QBB1,orderid:841050,crmid:9256563759,2020-02-10T14:12:22.000Z,call center,prd1122,1581430342,1581516742,2020-02-11T14:12:22+00:00,2020-02-12T14:12:22+00:00,Restful Nights: Valencia,Restful Nights,Valencia,premium,1,1,0,1,148.31,148.31
fe717ee4-53c8-11ea-9592-b88a60e194fb,LT3-FIHW,orderid:478693,crmid:3124708718,2020-01-08T00:47:01.000Z,kiosk,prd1161,1580345221,1580950021,2020-01-30T00:47:01+00:00,2020-02-06T00:47:01+00:00,Sapphire Suites: Memphis,Sapphire Suites,Memphis,premium,1,1,0,7,152.79,1069.53
fe726926-53c8-11ea-9714-b88a60e194fb,W5V-LSSK,orderid:358124,crmid:3942691033,2019-12-09T13:44:19.000Z,website,prd1166,1577713459,1579009459,2019-12-30T13:44:19+00:00,2020-01-14T13:44:19+00:00,Blue Reef Resort: Baltimore,Blue Reef Resort,Baltimore,standard,1,1,0,15,168.13,2521.95
fe73539c-53c8-11ea-81d9-b88a60e194fb,T5A-ZOAR,orderid:861925,crmid:8450413273,2020-02-12T16:58:13.000Z,mobile,prd1129,1583773093,1585241893,2020-03-09T16:58:13+00:00,2020-03-26T16:58:13+00:00,Admiralty Plaza: Helsinki,Admiralty Plaza,Helsinki,standard,1,1,0,17,96.14,1634.38
fe743e08-53c8-11ea-9244-b88a60e194fb,EJC-HQYP,orderid:630782,crmid:6924640388,2020-02-07T21:31:43.000Z,website,prd1130,1581888703,1582234303,2020-02-16T21:31:43+00:00,2020-02-20T21:31:43+00:00,Blue Reef Resort: Bremen,Blue Reef Resort,Bremen,presidential-suite,1,1,0,4,922.12,3688.48
fe75274c-53c8-11ea-98b7-b88a60e194fb,T6J-WPHQ,orderid:549932,crmid:9634160097,2019-12-12T03:41:48.000Z,call center,prd1189,1576294908,1576899708,2019-12-14T03:41:48+00:00,2019-12-21T03:41:48+00:00,Admiralty Plaza: Bakersfield,Admiralty Plaza,Bakersfield,standard,1,1,0,7,100.44,703.08
fe763898-53c8-11ea-946b-b88a60e194fb,AGZ-3PB6,orderid:658301,crmid:7295383663,2019-12-24T22:49:29.000Z,call center,prd1170,1577314169,1577400569,2019-12-25T22:49:29+00:00,2019-12-26T22:49:29+00:00,Restful Nights: Fresno,Restful Nights,Fresno,luxury,1,1,0,1,294.0,294.0
fe77e6ca-53c8-11ea-abef-b88a60e194fb,DDX-M1SB,orderid:968377,crmid:2678127942,2019-12-16T23:55:41.000Z,call center,prd1016,1578354941,1578873341,2020-01-06T23:55:41+00:00,2020-01-12T23:55:41+00:00,Aspen Heights: Columbus,Aspen Heights,Columbus,standard,1,1,1,6,145.96,875.76
fe794648-53c8-11ea-b2d6-b88a60e194fb,WEX-7ZX5,orderid:130767,crmid:2814629125,2019-12-12T07:30:07.000Z,call center,prd1088,1576740607,1577518207,2019-12-19T07:30:07+00:00,2019-12-28T07:30:07+00:00,Aspen Heights: Ankara,Aspen Heights,Ankara,standard,1,1,0,9,159.57,1436.13
fe7aa53a-53c8-11ea-b585-b88a60e194fb,1H9-YZB9,orderid:993434,crmid:9123911269,2019-12-01T06:48:04.000Z,call center,prd1183,1576997284,1577688484,2019-12-22T06:48:04+00:00,2019-12-30T06:48:04+00:00,Family Fun Hotels: Tulsa,Family Fun Hotels,Tulsa,standard,1,1,1,8,177.69,1421.52
fe7bb72c-53c8-11ea-9fb4-b88a60e194fb,ZK5-29H1,orderid:947159,crmid:5963560344,2019-12-06T17:41:15.000Z,website,prd1100,1578159675,1579714875,2020-01-04T17:41:15+00:00,2020-01-22T17:41:15+00:00,Aspen Heights: Misk,Aspen Heights,Misk,standard,1,1,0,18,121.25,2182.5
fe7cc85c-53c8-11ea-b827-b88a60e194fb,ZIZ-FWHJ,orderid:936107,crmid:8128347942,2019-12-26T13:54:17.000Z,kiosk,prd1134,1577454857,1577714057,2019-12-27T13:54:17+00:00,2019-12-30T13:54:17+00:00,Restful Nights: Montreal,Restful Nights,Montreal,standard,1,1,0,3,144.25,432.75
fe7dd9c6-53c8-11ea-936c-b88a60e194fb,PW3-IPPK,orderid:934841,crmid:5567940233,2019-12-14T23:30:47.000Z,kiosk,prd1196,1576539047,1576798247,2019-12-16T23:30:47+00:00,2019-12-19T23:30:47+00:00,Aspen Heights: Moscow,Aspen Heights,Moscow,premium,1,1,0,3,146.61,439.83
fe7e00d8-53c8-11ea-808a-b88a60e194fb,GBU-OEUU,orderid:571548,crmid:5567940233,2019-12-20T00:00:00.000Z,website,prd1099,1576886400,1576972800,2019-12-21T00:00:00+00:00,2019-12-22T00:00:00+00:00,Family Fun Hotels: Bucharest,Family Fun Hotels,Bucharest,standard,1,1,0,1,172.41,172.41
fe7f1246-53c8-11ea-a2c3-b88a60e194fb,ZV1-3VEM,orderid:300263,crmid:1229314630,2020-02-13T03:53:56.000Z,kiosk,prd1086,1581825236,1581998036,2020-02-16T03:53:56+00:00,2020-02-18T03:53:56+00:00,Restful Nights: Johannesburg,Restful Nights,Johannesburg,standard,1,1,0,2,151.73,303.46
fe7ffcb0-53c8-11ea-9c70-b88a60e194fb,UFQ-BYHR,orderid:599124,crmid:2516251311,2020-01-22T21:23:11.000Z,website,prd1080,1579987391,1580332991,2020-01-25T21:23:11+00:00,2020-01-29T21:23:11+00:00,Repose Resort: Hyderabad,Repose Resort,Hyderabad,premium,1,1,0,4,132.02,528.08
fe810e18-53c8-11ea-bb24-b88a60e194fb,XBM-EDJN,orderid:336651,crmid:8089930916,2020-01-30T16:06:46.000Z,website,prd1172,1580486806,1580659606,2020-01-31T16:06:46+00:00,2020-02-02T16:06:46+00:00,Aspen Heights: Mesa,Aspen Heights,Mesa,premium,1,1,0,2,129.48,258.96
fe813524-53c8-11ea-ac66-b88a60e194fb,MT4-NPXP,orderid:981625,crmid:8089930916,2020-02-04T00:00:00.000Z,call center,prd1040,1581292800,1581552000,2020-02-10T00:00:00+00:00,2020-02-13T00:00:00+00:00,Aspen Heights: Atlanta,Aspen Heights,Atlanta,standard,1,1,0,3,144.11,432.33
fe826da4-53c8-11ea-a67e-b88a60e194fb,MTP-YJGQ,orderid:176537,crmid:6478011112,2019-12-01T19:19:36.000Z,kiosk,prd1160,1575314376,1575400776,2019-12-02T19:19:36+00:00,2019-12-03T19:19:36+00:00,Aspen Heights: Nashville,Aspen Heights,Nashville,premium,1,1,0,1,156.87,156.87
fe835814-53c8-11ea-9ba3-b88a60e194fb,ROY-WK4Q,orderid:328604,crmid:2109722924,2020-01-17T12:49:50.000Z,website,prd1059,1581079790,1582030190,2020-02-07T12:49:50+00:00,2020-02-18T12:49:50+00:00,Hospitality Inn: Kinshasa,Hospitality Inn,Kinshasa,premium,1,1,0,11,162.14,1783.54
fe84b79a-53c8-11ea-bb27-b88a60e194fb,A0A-84OQ,orderid:467244,crmid:2078074281,2020-01-21T13:57:56.000Z,website,prd1016,1580047076,1580738276,2020-01-26T13:57:56+00:00,2020-02-03T13:57:56+00:00,Aspen Heights: Columbus,Aspen Heights,Columbus,luxury,1,1,0,8,330.85,2646.8
fe861852-53c8-11ea-8063-b88a60e194fb,DE9-RREJ,orderid:211679,crmid:4252278039,2019-12-28T01:04:17.000Z,website,prd1196,1579741457,1580259857,2020-01-23T01:04:17+00:00,2020-01-29T01:04:17+00:00,Aspen Heights: Moscow,Aspen Heights,Moscow,standard,1,1,1,6,132.25,793.5
fe87c4ca-53c8-11ea-9b6d-b88a60e194fb,MSE-KVKM,orderid:832559,crmid:7675592780,2020-02-06T18:42:09.000Z,kiosk,prd1106,1581187329,1581532929,2020-02-08T18:42:09+00:00,2020-02-12T18:42:09+00:00,Blue Reef Resort: Munich,Blue Reef Resort,Munich,standard,1,1,0,4,101.69,406.76
fe88d776-53c8-11ea-adf4-b88a60e194fb,SPM-A10B,orderid:435992,crmid:7032450535,2020-01-29T08:20:40.000Z,call center,prd1006,1582359640,1582878040,2020-02-22T08:20:40+00:00,2020-02-28T08:20:40+00:00,Sego Lily Suites: Salt Lake City,Sego Lily Suites,Salt Lake City,standard,1,1,0,6,105.48,632.88
fe89c1e2-53c8-11ea-add6-b88a60e194fb,CYB-045F,orderid:440225,crmid:5543020136,2019-12-29T14:47:28.000Z,website,prd1130,1578840448,1579445248,2020-01-12T14:47:28+00:00,2020-01-19T14:47:28+00:00,Blue Reef Resort: Bremen,Blue Reef Resort,Bremen,premium,1,1,0,7,117.42,821.94
fe8aac24-53c8-11ea-b178-b88a60e194fb,M9U-DMH2,orderid:111954,crmid:5765718335,2019-12-15T00:52:44.000Z,website,prd1069,1576457564,1576803164,2019-12-16T00:52:44+00:00,2019-12-20T00:52:44+00:00,Admiralty Plaza: Singapore,Admiralty Plaza,Singapore,standard,1,1,0,4,195.37,781.48
fe8b9562-53c8-11ea-b43e-b88a60e194fb,QJJ-TW0F,orderid:424073,crmid:5999347347,2020-01-18T10:41:17.000Z,call center,prd1106,1579516877,1579862477,2020-01-20T10:41:17+00:00,2020-01-24T10:41:17+00:00,Blue Reef Resort: Munich,Blue Reef Resort,Munich,standard,1,1,0,4,159.99,639.96
fe8ccdca-53c8-11ea-8350-b88a60e194fb,TQY-TVUR,orderid:573233,crmid:2248914947,2020-02-07T07:59:41.000Z,website,prd1004,1583481581,1584863981,2020-03-06T07:59:41+00:00,2020-03-22T07:59:41+00:00,Aspen Heights: Boulder,Aspen Heights,Boulder,luxury,1,1,3,16,291.59,4665.44
fe8db96c-53c8-11ea-b79a-b88a60e194fb,AVO-XGLQ,orderid:402742,crmid:8184187723,2020-02-13T09:52:21.000Z,kiosk,prd1058,1582105941,1582710741,2020-02-19T09:52:21+00:00,2020-02-26T09:52:21+00:00,Blue Reef Resort: Delhi,Blue Reef Resort,Delhi,premium,1,1,0,7,175.76,1230.32
fe8ea3e4-53c8-11ea-b30b-b88a60e194fb,LGF-IOOU,orderid:556099,crmid:9856695390,2020-01-31T07:14:03.000Z,service desk,prd1088,1582960443,1583651643,2020-02-29T07:14:03+00:00,2020-03-08T07:14:03+00:00,Aspen Heights: Ankara,Aspen Heights,Ankara,premium,1,1,3,8,94.2,753.6
fe91d812-53c8-11ea-a777-b88a60e194fb,4WC-MWNJ,orderid:652319,crmid:5266681012,2019-12-26T15:35:06.000Z,website,prd1196,1577720106,1577806506,2019-12-30T15:35:06+00:00,2019-12-31T15:35:06+00:00,Aspen Heights: Moscow,Aspen Heights,Moscow,premium,1,1,0,1,153.9,153.9
fe92c27e-53c8-11ea-babc-b88a60e194fb,JLO-N2XN,orderid:473521,crmid:9253074147,2020-01-16T19:02:20.000Z,kiosk,prd1181,1580756540,1581274940,2020-02-03T19:02:20+00:00,2020-02-09T19:02:20+00:00,Grandeur Hotels: Oakland,Grandeur Hotels,Oakland,luxury,1,1,0,6,376.38,2258.28
fe93d3f0-53c8-11ea-aec2-b88a60e194fb,8DN-78EX,orderid:190440,crmid:7847239913,2019-12-30T02:29:28.000Z,website,prd1057,1579573768,1579919368,2020-01-21T02:29:28+00:00,2020-01-25T02:29:28+00:00,Admiralty Plaza: Mumbai,Admiralty Plaza,Mumbai,premium,1,1,0,4,183.68,734.72
fe949728-53c8-11ea-920d-b88a60e194fb,2RR-EK7A,orderid:205939,crmid:9474877549,2019-12-04T19:20:15.000Z,website,prd1075,1575573615,1575832815,2019-12-05T19:20:15+00:00,2019-12-08T19:20:15+00:00,Family Fun Hotels: Bangalore,Family Fun Hotels,Bangalore,standard,1,1,0,3,162.02,486.06
fe95a88c-53c8-11ea-859b-b88a60e194fb,NGV-B80W,orderid:520737,crmid:2234516451,2020-01-25T15:53:41.000Z,website,prd1196,1581954821,1582300421,2020-02-17T15:53:41+00:00,2020-02-21T15:53:41+00:00,Aspen Heights: Moscow,Aspen Heights,Moscow,premium,1,1,0,4,139.95,559.8
fe96b8cc-53c8-11ea-b7bc-b88a60e194fb,P9X-3WH9,orderid:995104,crmid:5608113115,2020-01-25T20:56:36.000Z,website,prd1191,1580244996,1580331396,2020-01-28T20:56:36+00:00,2020-01-29T20:56:36+00:00,Hospitality Inn: Mumbai,Hospitality Inn,Mumbai,standard,1,1,0,1,143.13,143.13
fe977d76-53c8-11ea-8dce-b88a60e194fb,PKY-VZ6T,orderid:914418,crmid:7619473999,2020-02-15T03:08:50.000Z,website,prd1065,1582340930,1583896130,2020-02-22T03:08:50+00:00,2020-03-11T03:08:50+00:00,Sapphire Suites: Beijing,Sapphire Suites,Beijing,premium,1,1,0,18,108.94,1960.92
fe9867ec-53c8-11ea-a562-b88a60e194fb,LG9-ZHJR,orderid:172616,crmid:7001838791,2020-02-06T10:52:22.000Z,mobile,prd1191,1582800742,1583491942,2020-02-27T10:52:22+00:00,2020-03-06T10:52:22+00:00,Hospitality Inn: Mumbai,Hospitality Inn,Mumbai,presidential-suite,1,1,0,8,854.35,6834.8
fe99c608-53c8-11ea-804c-b88a60e194fb,AVD-J3SP,orderid:657286,crmid:7682251877,2020-02-15T07:29:05.000Z,website,prd1101,1584343745,1585034945,2020-03-16T07:29:05+00:00,2020-03-24T07:29:05+00:00,Sapphire Suites: Vienna,Sapphire Suites,Vienna,standard,1,1,0,8,144.92,1159.36
fe9bc1e8-53c8-11ea-9fca-b88a60e194fb,OCT-G7J9,orderid:951155,crmid:6883309242,2020-02-15T02:03:25.000Z,call center,prd1156,1583978605,1584583405,2020-03-12T02:03:25+00:00,2020-03-19T02:03:25+00:00,Sandhill: Washington DC,Sandhill,Washington DC,premium,1,1,0,7,124.38,870.66
fe9d6f7a-53c8-11ea-8196-b88a60e194fb,FYE-Y9Y6,orderid:631069,crmid:4310000095,2019-12-15T12:27:43.000Z,mobile,prd1193,1576758463,1577363263,2019-12-19T12:27:43+00:00,2019-12-26T12:27:43+00:00,Grandeur Hotels: Kinshasa,Grandeur Hotels,Kinshasa,standard,1,1,4,7,117.37,821.59
fe9ef610-53c8-11ea-afe3-b88a60e194fb,FFS-PM9A,orderid:115507,crmid:5116072337,2020-02-03T09:59:42.000Z,call center,prd1028,1581328782,1582365582,2020-02-10T09:59:42+00:00,2020-02-22T09:59:42+00:00,Aspen Heights: Portland,Aspen Heights,Portland,premium,1,1,2,12,138.12,1657.44
fea00782-53c8-11ea-adf6-b88a60e194fb,AJF-IMCH,orderid:754709,crmid:6556812715,2020-02-01T07:12:03.000Z,website,prd1009,1582960323,1583997123,2020-02-29T07:12:03+00:00,2020-03-12T07:12:03+00:00,Admiralty Plaza: San Antonio,Admiralty Plaza,San Antonio,standard,1,1,0,12,117.8,1413.6
fea0f1e4-53c8-11ea-bc27-b88a60e194fb,9WC-N9QT,orderid:562812,crmid:6087791285,2020-01-05T01:52:24.000Z,call center,prd1016,1578275544,1578361944,2020-01-06T01:52:24+00:00,2020-01-07T01:52:24+00:00,Aspen Heights: Columbus,Aspen Heights,Columbus,premium,1,1,0,1,177.72,177.72
fea1dc46-53c8-11ea-8ab4-b88a60e194fb,GFK-OGRP,orderid:560153,crmid:9981440377,2019-12-15T09:22:03.000Z,call center,prd1070,1576574523,1577265723,2019-12-17T09:22:03+00:00,2019-12-25T09:22:03+00:00,Blue Reef Resort: Jakarta,Blue Reef Resort,Jakarta,standard,1,1,1,8,154.93,1239.44
fea2c6ae-53c8-11ea-89b8-b88a60e194fb,DQM-4WYG,orderid:875649,crmid:2439359572,2019-12-02T20:08:46.000Z,mobile,prd1117,1577390926,1577822926,2019-12-26T20:08:46+00:00,2019-12-31T20:08:46+00:00,Admiralty Plaza: Dublin,Admiralty Plaza,Dublin,standard,1,1,0,5,130.34,651.7
fea3d81a-53c8-11ea-b23f-b88a60e194fb,G9X-RQ42,orderid:964823,crmid:7566673002,2019-12-11T16:06:44.000Z,website,prd1047,1576253204,1576339604,2019-12-13T16:06:44+00:00,2019-12-14T16:06:44+00:00,Hospitality Inn: Oakland,Hospitality Inn,Oakland,standard,1,1,0,1,177.09,177.09
fea4c336-53c8-11ea-82aa-b88a60e194fb,AMO-O22I,orderid:224883,crmid:2849259859,2019-12-12T08:29:19.000Z,call center,prd1082,1577953759,1578299359,2020-01-02T08:29:19+00:00,2020-01-06T08:29:19+00:00,Blue Reef Resort: Surat,Blue Reef Resort,Surat,presidential-suite,1,1,0,4,928.61,3714.44
fea5acd8-53c8-11ea-a4d7-b88a60e194fb,TXW-VSY8,orderid:630349,crmid:6730271653,2019-12-21T11:45:33.000Z,website,prd1123,1577187933,1577360733,2019-12-24T11:45:33+00:00,2019-12-26T11:45:33+00:00,Family Fun Hotels: Amsterdam,Family Fun Hotels,Amsterdam,premium,1,1,0,2,137.0,274.0
fea6973a-53c8-11ea-bbf0-b88a60e194fb,HXB-DSIY,orderid:979211,crmid:9555953177,2019-12-12T15:55:26.000Z,mobile,prd1059,1578671726,1579190126,2020-01-10T15:55:26+00:00,2020-01-16T15:55:26+00:00,Hospitality Inn: Kinshasa,Hospitality Inn,Kinshasa,standard,1,1,0,6,132.11,792.66
fea75a8a-53c8-11ea-a3a1-b88a60e194fb,7E6-T9PP,orderid:950499,crmid:9138377483,2020-01-01T09:13:51.000Z,kiosk,prd1186,1579770831,1580289231,2020-01-23T09:13:51+00:00,2020-01-29T09:13:51+00:00,Sego Lily Suites: Wichita,Sego Lily Suites,Wichita,standard,1,1,0,6,142.13,852.78
fea8930c-53c8-11ea-b38e-b88a60e194fb,3LL-E1PU,orderid:165424,crmid:9894711895,2019-12-28T03:43:03.000Z,kiosk,prd1029,1580010183,1580528583,2020-01-26T03:43:03+00:00,2020-02-01T03:43:03+00:00,Sapphire Suites: Oklahoma City,Sapphire Suites,Oklahoma City,premium,1,1,3,6,113.26,679.56
fea9a498-53c8-11ea-910b-b88a60e194fb,MHE-M9BE,orderid:742291,crmid:7867122069,2020-01-02T10:34:31.000Z,service desk,prd1159,1578047671,1578134071,2020-01-03T10:34:31+00:00,2020-01-04T10:34:31+00:00,Family Fun Hotels: Detroit,Family Fun Hotels,Detroit,premium,1,1,0,1,122.85,122.85
feaa8edc-53c8-11ea-9b13-b88a60e194fb,BGJ-TXSL,orderid:445649,crmid:8986046344,2020-02-02T11:42:34.000Z,kiosk,prd1014,1583149354,1583840554,2020-03-02T11:42:34+00:00,2020-03-10T11:42:34+00:00,Restful Nights: Jacksonville,Restful Nights,Jacksonville,standard,1,1,0,8,109.39,875.12
feab522c-53c8-11ea-a2ff-b88a60e194fb,PK3-ERBY,orderid:436451,crmid:5045339652,2020-01-05T07:43:57.000Z,website,prd1141,1580024637,1580715837,2020-01-26T07:43:57+00:00,2020-02-03T07:43:57+00:00,Admiralty Plaza: Phoenix,Admiralty Plaza,Phoenix,premium,1,1,2,8,159.34,1274.72
feac3c8a-53c8-11ea-82ee-b88a60e194fb,LFQ-BCA4,orderid:653989,crmid:7914935794,2019-12-27T21:20:34.000Z,kiosk,prd1034,1577568034,1577654434,2019-12-28T21:20:34+00:00,2019-12-29T21:20:34+00:00,Blue Reef Resort: Albuquerque,Blue Reef Resort,Albuquerque,standard,1,1,0,1,118.25,118.25
feac6398-53c8-11ea-8a55-b88a60e194fb,OYH-5SWN,orderid:865732,crmid:7914935794,2019-12-31T00:00:00.000Z,call center,prd1177,1577836800,1577923200,2020-01-01T00:00:00+00:00,2020-01-02T00:00:00+00:00,Admiralty Plaza: Raleigh,Admiralty Plaza,Raleigh,luxury,1,1,0,1,250.23,250.23
fead7524-53c8-11ea-80db-b88a60e194fb,4EU-URLY,orderid:383584,crmid:5943769373,2019-12-21T19:21:39.000Z,website,prd1189,1577388099,1577906499,2019-12-26T19:21:39+00:00,2020-01-01T19:21:39+00:00,Admiralty Plaza: Bakersfield,Admiralty Plaza,Bakersfield,luxury,1,1,0,6,379.64,2277.84
feae5f68-53c8-11ea-9e24-b88a60e194fb,J4N-HHLR,orderid:830563,crmid:8986953342,2019-12-11T05:49:40.000Z,mobile,prd1024,1578376180,1578808180,2020-01-07T05:49:40+00:00,2020-01-12T05:49:40+00:00,Sandhill: El Paso,Sandhill,El Paso,standard,1,1,0,5,142.35,711.75
feaf49c8-53c8-11ea-a919-b88a60e194fb,ANL-YFPS,orderid:567704,crmid:3610715898,2019-12-15T18:04:45.000Z,website,prd1142,1576692285,1576778685,2019-12-18T18:04:45+00:00,2019-12-19T18:04:45+00:00,Blue Reef Resort: Philadelphia,Blue Reef Resort,Philadelphia,luxury,1,1,0,1,342.74,342.74
feb05b3e-53c8-11ea-8e33-b88a60e194fb,SKD-4ZYP,orderid:626757,crmid:7395096009,2019-12-06T06:53:54.000Z,kiosk,prd1121,1575874434,1576047234,2019-12-09T06:53:54+00:00,2019-12-11T06:53:54+00:00,Grandeur Hotels: Stockholm,Grandeur Hotels,Stockholm,standard,1,1,0,2,100.97,201.94
feb1459c-53c8-11ea-b5b4-b88a60e194fb,GNZ-XEDN,orderid:162903,crmid:1651536577,2020-02-11T13:51:19.000Z,kiosk,prd1021,1581515479,1581601879,2020-02-12T13:51:19+00:00,2020-02-13T13:51:19+00:00,Admiralty Plaza: Denver,Admiralty Plaza,Denver,standard,1,1,0,1,128.55,128.55
feb25708-53c8-11ea-a19c-b88a60e194fb,3MW-LBD7,orderid:606401,crmid:4249176053,2020-01-10T06:53:59.000Z,call center,prd1147,1580799239,1582008839,2020-02-04T06:53:59+00:00,2020-02-18T06:53:59+00:00,Family Fun Hotels: Austin,Family Fun Hotels,Austin,standard,1,1,2,14,157.5,2205.0
feb38f8a-53c8-11ea-8abb-b88a60e194fb,P3C-CKHH,orderid:587982,crmid:5055386169,2019-12-06T17:18:17.000Z,website,prd1184,1575911897,1576171097,2019-12-09T17:18:17+00:00,2019-12-12T17:18:17+00:00,Aspen Heights: Arlington,Aspen Heights,Arlington,standard,1,1,0,3,135.27,405.81
feb4c80c-53c8-11ea-8e2d-b88a60e194fb,PHO-HVQR,orderid:338314,crmid:8703262474,2019-12-24T08:13:24.000Z,call center,prd1130,1579162404,1579767204,2020-01-16T08:13:24+00:00,2020-01-23T08:13:24+00:00,Blue Reef Resort: Bremen,Blue Reef Resort,Bremen,premium,1,1,0,7,136.45,955.15
feb5d970-53c8-11ea-b965-b88a60e194fb,EGU-4B4A,orderid:313526,crmid:9311881638,2020-02-07T16:02:47.000Z,kiosk,prd1071,1581177767,1581350567,2020-02-08T16:02:47+00:00,2020-02-10T16:02:47+00:00,Hospitality Inn: Seoul,Hospitality Inn,Seoul,premium,1,1,0,2,127.01,254.02
feb6eade-53c8-11ea-9528-b88a60e194fb,SKU-6FNV,orderid:413905,crmid:8098436520,2020-01-17T19:02:44.000Z,service desk,prd1184,1579546964,1579719764,2020-01-20T19:02:44+00:00,2020-01-22T19:02:44+00:00,Aspen Heights: Arlington,Aspen Heights,Arlington,standard,1,1,0,2,130.89,261.78
feb7fc54-53c8-11ea-84ca-b88a60e194fb,V7O-ZECB,orderid:389657,crmid:4488189400,2020-01-17T19:43:59.000Z,mobile,prd1172,1581104639,1581623039,2020-02-07T19:43:59+00:00,2020-02-13T19:43:59+00:00,Aspen Heights: Mesa,Aspen Heights,Mesa,ultra-luxury,1,1,4,6,282.66,1695.96
feb90dca-53c8-11ea-a060-b88a60e194fb,AKT-IEBQ,orderid:794326,crmid:6492762347,2019-12-14T10:07:19.000Z,service desk,prd1155,1578650839,1579082839,2020-01-10T10:07:19+00:00,2020-01-15T10:07:19+00:00,Hospitality Inn: Denver,Hospitality Inn,Denver,standard,1,1,0,5,114.91,574.55
feba4646-53c8-11ea-b340-b88a60e194fb,UMW-F9JR,orderid:661861,crmid:8791258093,2019-12-29T20:09:31.000Z,website,prd1039,1579896571,1580328571,2020-01-24T20:09:31+00:00,2020-01-29T20:09:31+00:00,Family Fun Hotels: Kansas City,Family Fun Hotels,Kansas City,premium,1,1,0,5,102.92,514.6
febb57ba-53c8-11ea-ad4e-b88a60e194fb,DQT-WIHO,orderid:970499,crmid:3923935402,2020-01-02T20:10:33.000Z,call center,prd1121,1579205433,1579723833,2020-01-16T20:10:33+00:00,2020-01-22T20:10:33+00:00,Grandeur Hotels: Stockholm,Grandeur Hotels,Stockholm,premium,1,1,0,6,133.56,801.36
febc6926-53c8-11ea-96d6-b88a60e194fb,AYZ-ONMJ,orderid:404821,crmid:1136087679,2020-02-16T04:04:56.000Z,mobile,prd1188,1583553896,1584331496,2020-03-07T04:04:56+00:00,2020-03-16T04:04:56+00:00,Repose Resort: Tampa,Repose Resort,Tampa,standard,1,1,0,9,197.46,1777.14
febda1a8-53c8-11ea-bb6b-b88a60e194fb,HZP-OQM7,orderid:316978,crmid:6163103723,2020-01-20T09:18:27.000Z,mobile,prd1112,1579684707,1579943907,2020-01-22T09:18:27+00:00,2020-01-25T09:18:27+00:00,Aspen Heights: Birmingham,Aspen Heights,Birmingham,standard,1,1,0,3,151.89,455.67
febeb318-53c8-11ea-a8e8-b88a60e194fb,BPX-ACKU,orderid:353643,crmid:8526680626,2019-12-06T21:42:41.000Z,service desk,prd1130,1575927761,1576014161,2019-12-09T21:42:41+00:00,2019-12-10T21:42:41+00:00,Blue Reef Resort: Bremen,Blue Reef Resort,Bremen,standard,1,1,0,1,130.25,130.25
febfc486-53c8-11ea-80b2-b88a60e194fb,E6Y-WEDI,orderid:506691,crmid:1084892211,2019-12-09T20:01:06.000Z,call center,prd1119,1578513666,1579723266,2020-01-08T20:01:06+00:00,2020-01-22T20:01:06+00:00,Hospitality Inn: Turin,Hospitality Inn,Turin,standard,1,1,0,14,130.12,1821.68
fec0fd08-53c8-11ea-a4d3-b88a60e194fb,WZV-SJB2,orderid:984843,crmid:5185888552,2019-12-30T10:18:04.000Z,call center,prd1047,1579861084,1580465884,2020-01-24T10:18:04+00:00,2020-01-31T10:18:04+00:00,Hospitality Inn: Oakland,Hospitality Inn,Oakland,standard,1,1,1,7,152.22,1065.54
fec1e768-53c8-11ea-aacb-b88a60e194fb,HII-IAE0,orderid:137438,crmid:1295665357,2019-12-25T21:21:33.000Z,kiosk,prd1059,1578000093,1578259293,2020-01-02T21:21:33+00:00,2020-01-05T21:21:33+00:00,Hospitality Inn: Kinshasa,Hospitality Inn,Kinshasa,standard,1,1,0,3,115.17,345.51
fec2d1cc-53c8-11ea-8d5f-b88a60e194fb,HPA-XEVU,orderid:232171,crmid:3551329046,2019-12-06T21:35:44.000Z,service desk,prd1149,1576100144,1576359344,2019-12-11T21:35:44+00:00,2019-12-14T21:35:44+00:00,Sapphire Suites: San Francisco,Sapphire Suites,San Francisco,standard,1,1,0,3,142.23,426.69
fec40a46-53c8-11ea-9003-b88a60e194fb,YY1-MPMB,orderid:424923,crmid:5127981283,2020-02-09T17:46:59.000Z,website,prd1133,1581356819,1581702419,2020-02-10T17:46:59+00:00,2020-02-14T17:46:59+00:00,Grandeur Hotels: Toronto,Grandeur Hotels,Toronto,ultra-luxury,1,1,0,4,382.64,1530.56
fec51bb6-53c8-11ea-881c-b88a60e194fb,H4V-6OTT,orderid:776176,crmid:7453633463,2020-02-08T08:01:21.000Z,website,prd1091,1581321681,1581494481,2020-02-10T08:01:21+00:00,2020-02-12T08:01:21+00:00,Nesting Box Inn: New Taipei,Nesting Box Inn,New Taipei,premium,1,1,0,2,128.31,256.62
fec6065e-53c8-11ea-8d5f-b88a60e194fb,EEG-VJFH,orderid:908273,crmid:6773157430,2019-12-24T09:09:21.000Z,service desk,prd1045,1579338561,1580375361,2020-01-18T09:09:21+00:00,2020-01-30T09:09:21+00:00,Admiralty Plaza: Miami,Admiralty Plaza,Miami,premium,1,1,0,12,143.62,1723.44
fec7178c-53c8-11ea-8ec0-b88a60e194fb,4CY-ZWKG,orderid:429161,crmid:9318429356,2020-01-28T11:43:02.000Z,website,prd1189,1580470982,1580557382,2020-01-31T11:43:02+00:00,2020-02-01T11:43:02+00:00,Admiralty Plaza: Bakersfield,Admiralty Plaza,Bakersfield,standard,1,1,0,1,128.44,128.44
fec828fe-53c8-11ea-b4b4-b88a60e194fb,3DZ-PMFK,orderid:796074,crmid:6831765473,2019-12-23T03:57:04.000Z,kiosk,prd1045,1577159824,1577332624,2019-12-24T03:57:04+00:00,2019-12-26T03:57:04+00:00,Admiralty Plaza: Miami,Admiralty Plaza,Miami,standard,1,1,0,2,110.88,221.76
fec96178-53c8-11ea-8633-b88a60e194fb,DBW-AM0M,orderid:151037,crmid:3472258501,2020-02-12T13:52:27.000Z,service desk,prd1171,1581861147,1582206747,2020-02-16T13:52:27+00:00,2020-02-20T13:52:27+00:00,Family Fun Hotels: Sacramento,Family Fun Hotels,Sacramento,standard,1,1,0,4,101.35,405.4
fecae95e-53c8-11ea-b62f-b88a60e194fb,UTY-L3JA,orderid:191235,crmid:7937321826,2019-12-11T06:24:35.000Z,kiosk,prd1197,1576650275,1577255075,2019-12-18T06:24:35+00:00,2019-12-25T06:24:35+00:00,Sapphire Suites: London,Sapphire Suites,London,standard,1,1,0,7,165.71,1159.97
fecbfade-53c8-11ea-aa19-b88a60e194fb,6ZR-UMEY,orderid:799060,crmid:2770063131,2020-01-26T12:19:52.000Z,mobile,prd1136,1580127592,1580213992,2020-01-27T12:19:52+00:00,2020-01-28T12:19:52+00:00,Aspen Heights: Osaka,Aspen Heights,Osaka,premium,1,1,0,1,154.87,154.87
feccbe0c-53c8-11ea-83fc-b88a60e194fb,FGX-YB1S,orderid:415723,crmid:9561926649,2020-01-14T16:56:54.000Z,website,prd1173,1580921814,1581353814,2020-02-05T16:56:54+00:00,2020-02-10T16:56:54+00:00,Sapphire Suites: Kansas City,Sapphire Suites,Kansas City,standard,1,1,2,5,131.92,659.6
fecdf6a6-53c8-11ea-86ae-b88a60e194fb,A7I-9JAE,orderid:926510,crmid:2043103335,2020-02-07T06:45:49.000Z,website,prd1136,1581144349,1581230749,2020-02-08T06:45:49+00:00,2020-02-09T06:45:49+00:00,Aspen Heights: Osaka,Aspen Heights,Osaka,standard,1,1,0,1,92.77,92.77
fecee126-53c8-11ea-8d05-b88a60e194fb,Z5O-2UTG,orderid:812641,crmid:5644663730,2020-02-06T18:21:45.000Z,website,prd1180,1583086905,1583691705,2020-03-01T18:21:45+00:00,2020-03-08T18:21:45+00:00,Sandhill: Virginia Beach,Sandhill,Virginia Beach,premium,1,1,0,7,154.66,1082.62
fecff280-53c8-11ea-b834-b88a60e194fb,VZ3-QCNY,orderid:635154,crmid:2347342885,2020-01-12T10:13:30.000Z,call center,prd1041,1579342410,1579428810,2020-01-18T10:13:30+00:00,2020-01-19T10:13:30+00:00,Sapphire Suites: Long Beach,Sapphire Suites,Long Beach,luxury,1,1,0,1,241.55,241.55
fed129ac-53c8-11ea-828c-b88a60e194fb,B9P-EVQZ,orderid:896857,crmid:7473274660,2019-12-17T01:11:54.000Z,service desk,prd1031,1577063514,1577581914,2019-12-23T01:11:54+00:00,2019-12-29T01:11:54+00:00,Nesting Box Inn: Louisville,Nesting Box Inn,Louisville,luxury,1,1,0,6,337.64,2025.84
fed21400-53c8-11ea-8294-b88a60e194fb,A6P-YFUB,orderid:704913,crmid:5550814886,2020-02-07T21:29:44.000Z,service desk,prd1023,1581370184,1581456584,2020-02-10T21:29:44+00:00,2020-02-11T21:29:44+00:00,Hospitality Inn: Boston,Hospitality Inn,Boston,standard,1,1,0,1,139.37,139.37
fed2fe6e-53c8-11ea-a69c-b88a60e194fb,FSH-DL8E,orderid:126127,crmid:1746990638,2020-01-12T23:52:45.000Z,kiosk,prd1106,1581205965,1581897165,2020-02-08T23:52:45+00:00,2020-02-16T23:52:45+00:00,Blue Reef Resort: Munich,Blue Reef Resort,Munich,standard,1,1,0,8,159.98,1279.84
fed45e1c-53c8-11ea-9ccc-b88a60e194fb,P15-Y19K,orderid:903077,crmid:1065269342,2020-01-26T13:09:02.000Z,call center,prd1069,1582376942,1583586542,2020-02-22T13:09:02+00:00,2020-03-07T13:09:02+00:00,Admiralty Plaza: Singapore,Admiralty Plaza,Singapore,premium,1,1,1,14,109.96,1539.44
fed596be-53c8-11ea-89ab-b88a60e194fb,5EH-5XLH,orderid:446692,crmid:7982507355,2020-01-15T23:48:38.000Z,kiosk,prd1142,1579736918,1580082518,2020-01-22T23:48:38+00:00,2020-01-26T23:48:38+00:00,Blue Reef Resort: Philadelphia,Blue Reef Resort,Philadelphia,standard,1,1,0,4,156.83,627.32
fed6cf24-53c8-11ea-98d8-b88a60e194fb,BUI-QP0G,orderid:959464,crmid:5621103204,2019-12-13T16:04:35.000Z,mobile,prd1161,1578240275,1578672275,2020-01-05T16:04:35+00:00,2020-01-10T16:04:35+00:00,Sapphire Suites: Memphis,Sapphire Suites,Memphis,premium,1,1,0,5,163.16,815.8
fed82ea4-53c8-11ea-97fb-b88a60e194fb,SPY-FZQA,orderid:216752,crmid:6647977014,2020-01-07T21:51:53.000Z,website,prd1145,1580334713,1580593913,2020-01-29T21:51:53+00:00,2020-02-01T21:51:53+00:00,Grandeur Hotels: Dallas,Grandeur Hotels,Dallas,luxury,1,1,0,3,306.67,920.01
fed9672e-53c8-11ea-8ead-b88a60e194fb,W6R-SYUS,orderid:305225,crmid:8440417433,2020-01-14T10:23:39.000Z,mobile,prd1145,1580984619,1582107819,2020-02-06T10:23:39+00:00,2020-02-19T10:23:39+00:00,Grandeur Hotels: Dallas,Grandeur Hotels,Dallas,premium,1,1,0,13,142.58,1853.54
feda7870-53c8-11ea-9ece-b88a60e194fb,LEG-YYVW,orderid:657533,crmid:3071858680,2020-02-09T20:09:22.000Z,mobile,prd1109,1583093362,1584216562,2020-03-01T20:09:22+00:00,2020-03-14T20:09:22+00:00,Grandeur Hotels: Belgrade,Grandeur Hotels,Belgrade,premium,1,1,0,13,138.52,1800.76
fedb8b5c-53c8-11ea-8b2a-b88a60e194fb,EZB-ZB6D,orderid:968338,crmid:1518032669,2019-12-10T21:10:51.000Z,mobile,prd1089,1577913051,1578345051,2020-01-01T21:10:51+00:00,2020-01-06T21:10:51+00:00,Sapphire Suites: Rome,Sapphire Suites,Rome,standard,1,1,2,5,107.7,538.5
fedcc400-53c8-11ea-9db6-b88a60e194fb,4Q0-KFZK,orderid:308792,crmid:9417742415,2020-01-06T05:10:19.000Z,website,prd1060,1580015419,1580274619,2020-01-26T05:10:19+00:00,2020-01-29T05:10:19+00:00,Sandhill: Tianjin,Sandhill,Tianjin,standard,1,1,2,3,105.68,317.04
feddd554-53c8-11ea-9f03-b88a60e194fb,ME0-CHL2,orderid:626987,crmid:4941751617,2020-02-16T17:10:07.000Z,call center,prd1160,1583860207,1584551407,2020-03-10T17:10:07+00:00,2020-03-18T17:10:07+00:00,Aspen Heights: Nashville,Aspen Heights,Nashville,standard,1,1,0,8,113.4,907.2
fedf0dca-53c8-11ea-90ba-b88a60e194fb,MFI-IL1Y,orderid:775773,crmid:1924724634,2019-12-05T17:58:18.000Z,website,prd1029,1577555898,1578247098,2019-12-28T17:58:18+00:00,2020-01-05T17:58:18+00:00,Sapphire Suites: Oklahoma City,Sapphire Suites,Oklahoma City,standard,1,1,0,8,186.18,1489.44
fedff818-53c8-11ea-8d29-b88a60e194fb,TY1-NMER,orderid:955441,crmid:4917982803,2020-01-14T00:23:34.000Z,call center,prd1033,1580603014,1581467014,2020-02-02T00:23:34+00:00,2020-02-12T00:23:34+00:00,Admiralty Plaza: Milwaukee,Admiralty Plaza,Milwaukee,standard,1,1,3,10,162.74,1627.4
fee12fca-53c8-11ea-a64f-b88a60e194fb,CO3-TPZK,orderid:480523,crmid:5845247695,2019-12-07T03:30:18.000Z,call center,prd1088,1575948618,1576121418,2019-12-10T03:30:18+00:00,2019-12-12T03:30:18+00:00,Aspen Heights: Ankara,Aspen Heights,Ankara,standard,1,1,0,2,130.76,261.52
fee2690c-53c8-11ea-8338-b88a60e194fb,RVA-UL5S,orderid:971294,crmid:4139222987,2019-12-20T20:35:09.000Z,kiosk,prd1019,1577565309,1578342909,2019-12-28T20:35:09+00:00,2020-01-06T20:35:09+00:00,Nesting Box Inn: Charlotte,Nesting Box Inn,Charlotte,standard,1,1,1,9,81.89,737.01
fee3a1cc-53c8-11ea-ad9d-b88a60e194fb,0N1-2ZMX,orderid:627349,crmid:6767477403,2020-01-05T08:54:53.000Z,website,prd1087,1578300893,1578387293,2020-01-06T08:54:53+00:00,2020-01-07T08:54:53+00:00,Family Fun Hotels: Kolkata,Family Fun Hotels,Kolkata,standard,1,1,0,1,154.86,154.86
fee4da48-53c8-11ea-97da-b88a60e194fb,QNN-OLTH,orderid:536803,crmid:6071599951,2020-01-12T15:01:02.000Z,call center,prd1119,1580914862,1581519662,2020-02-05T15:01:02+00:00,2020-02-12T15:01:02+00:00,Hospitality Inn: Turin,Hospitality Inn,Turin,premium,1,1,0,7,88.73,621.11
fee611f4-53c8-11ea-b289-b88a60e194fb,DSE-XTA7,orderid:895911,crmid:2535967249,2019-12-04T02:11:45.000Z,kiosk,prd1155,1577499105,1578017505,2019-12-28T02:11:45+00:00,2020-01-03T02:11:45+00:00,Hospitality Inn: Denver,Hospitality Inn,Denver,standard,1,1,2,6,130.49,782.94
fee7240a-53c8-11ea-8ace-b88a60e194fb,ERQ-OA19,orderid:403331,crmid:2751136215,2020-01-06T20:38:23.000Z,website,prd1005,1580589503,1580762303,2020-02-01T20:38:23+00:00,2020-02-03T20:38:23+00:00,Sapphire Suites: Los Angeles,Sapphire Suites,Los Angeles,standard,1,1,1,2,132.25,264.5
fee83540-53c8-11ea-b2dc-b88a60e194fb,FVV-GAXV,orderid:570667,crmid:8854034081,2020-01-11T17:50:03.000Z,website,prd1022,1580320203,1580579403,2020-01-29T17:50:03+00:00,2020-02-01T17:50:03+00:00,Blue Reef Resort: Washington DC,Blue Reef Resort,Washington DC,standard,1,1,0,3,136.2,408.6
fee9e1e6-53c8-11ea-b42b-b88a60e194fb,GAM-HISM,orderid:929213,crmid:2583628638,2019-12-18T00:35:10.000Z,mobile,prd1016,1576888510,1576974910,2019-12-21T00:35:10+00:00,2019-12-22T00:35:10+00:00,Aspen Heights: Columbus,Aspen Heights,Columbus,standard,1,1,0,1,153.8,153.8
feeaf362-53c8-11ea-ad32-b88a60e194fb,L1W-GXIT,orderid:220894,crmid:8509940998,2020-02-07T02:38:15.000Z,website,prd1119,1581302295,1581388695,2020-02-10T02:38:15+00:00,2020-02-11T02:38:15+00:00,Hospitality Inn: Turin,Hospitality Inn,Turin,premium,1,1,0,1,148.55,148.55
feec2bcc-53c8-11ea-aeb4-b88a60e194fb,AHC-I0XX,orderid:604595,crmid:2394347765,2020-01-31T05:55:15.000Z,mobile,prd1136,1581054915,1582350915,2020-02-07T05:55:15+00:00,2020-02-22T05:55:15+00:00,Aspen Heights: Osaka,Aspen Heights,Osaka,standard,1,1,2,15,134.31,2014.65
feed177e-53c8-11ea-a0cd-b88a60e194fb,765-OTT1,orderid:420811,crmid:2489436235,2019-12-24T16:50:26.000Z,call center,prd1089,1579279826,1580921426,2020-01-17T16:50:26+00:00,2020-02-05T16:50:26+00:00,Sapphire Suites: Rome,Sapphire Suites,Rome,premium,1,1,0,19,124.87,2372.53
feee2934-53c8-11ea-b800-b88a60e194fb,OUZ-FZZB,orderid:589533,crmid:1652394894,2020-01-28T20:09:37.000Z,call center,prd1011,1582488577,1582834177,2020-02-23T20:09:37+00:00,2020-02-27T20:09:37+00:00,Hospitality Inn: Dallas,Hospitality Inn,Dallas,standard,1,1,3,4,157.83,631.32
feef8876-53c8-11ea-9e58-b88a60e194fb,AE7-EZDD,orderid:826146,crmid:4139845462,2019-12-04T18:27:38.000Z,kiosk,prd1092,1575570458,1575743258,2019-12-05T18:27:38+00:00,2019-12-07T18:27:38+00:00,Repose Resort: Cape Town,Repose Resort,Cape Town,standard,1,1,0,2,145.71,291.42
feefafb6-53c8-11ea-9196-b88a60e194fb,9C8-TFAY,orderid:292490,crmid:4139845462,2019-12-09T00:00:00.000Z,mobile,prd1011,1576022400,1576108800,2019-12-11T00:00:00+00:00,2019-12-12T00:00:00+00:00,Hospitality Inn: Dallas,Hospitality Inn,Dallas,standard,1,1,0,1,163.51,163.51
feefafb7-53c8-11ea-8efd-b88a60e194fb,RXN-2PIR,orderid:535421,crmid:4139845462,2019-12-14T00:00:00.000Z,mobile,prd1193,1576368000,1576540800,2019-12-15T00:00:00+00:00,2019-12-17T00:00:00+00:00,Grandeur Hotels: Kinshasa,Grandeur Hotels,Kinshasa,standard,1,1,0,2,135.84,271.68
fef10dba-53c8-11ea-95ad-b88a60e194fb,R2G-YDUN,orderid:171964,crmid:9042402436,2019-12-28T13:54:33.000Z,website,prd1163,1577800473,1578232473,2019-12-31T13:54:33+00:00,2020-01-05T13:54:33+00:00,Nesting Box Inn: Oklahoma City,Nesting Box Inn,Oklahoma City,standard,1,1,0,5,175.56,877.8
fef1f822-53c8-11ea-8159-b88a60e194fb,NGF-Y2LW,orderid:283587,crmid:5406681230,2019-12-18T18:02:26.000Z,mobile,prd1130,1578765746,1579111346,2020-01-11T18:02:26+00:00,2020-01-15T18:02:26+00:00,Blue Reef Resort: Bremen,Blue Reef Resort,Bremen,standard,1,1,2,4,139.9,559.6
fef357a4-53c8-11ea-a609-b88a60e194fb,WXR-NH6S,orderid:134240,crmid:4790733874,2020-01-17T18:19:56.000Z,mobile,prd1064,1579371596,1579544396,2020-01-18T18:19:56+00:00,2020-01-20T18:19:56+00:00,Aspen Heights: Paris,Aspen Heights,Paris,premium,1,1,0,2,131.31,262.62
fef4691a-53c8-11ea-b3e3-b88a60e194fb,OK5-SYJL,orderid:971792,crmid:7490184760,2020-02-01T05:54:33.000Z,website,prd1187,1580709273,1580795673,2020-02-03T05:54:33+00:00,2020-02-04T05:54:33+00:00,Nesting Box Inn: Cleveland,Nesting Box Inn,Cleveland,standard,1,1,0,1,147.74,147.74
fef57a92-53c8-11ea-afa6-b88a60e194fb,N20-ZDKW,orderid:365735,crmid:5247720049,2020-01-15T14:44:20.000Z,website,prd1105,1579185860,1579617860,2020-01-16T14:44:20+00:00,2020-01-21T14:44:20+00:00,Admiralty Plaza: Barcelona,Admiralty Plaza,Barcelona,standard,1,1,0,5,152.78,763.9
fef6b30c-53c8-11ea-8751-b88a60e194fb,5CM-ZJAN,orderid:307116,crmid:6240350424,2020-01-15T21:30:11.000Z,call center,prd1101,1580765411,1581283811,2020-02-03T21:30:11+00:00,2020-02-09T21:30:11+00:00,Sapphire Suites: Vienna,Sapphire Suites,Vienna,standard,1,1,0,6,172.94,1037.64
fef7c5dc-53c8-11ea-9c7c-b88a60e194fb,ZI9-8MY7,orderid:656865,crmid:7827739215,2020-02-02T14:54:09.000Z,call center,prd1099,1581173649,1581346449,2020-02-08T14:54:09+00:00,2020-02-10T14:54:09+00:00,Family Fun Hotels: Bucharest,Family Fun Hotels,Bucharest,standard,1,1,0,2,139.47,278.94
fef8d74c-53c8-11ea-9242-b88a60e194fb,NIW-JLQG,orderid:977683,crmid:7561043496,2019-12-02T17:48:36.000Z,call center,prd1165,1575913716,1576518516,2019-12-09T17:48:36+00:00,2019-12-16T17:48:36+00:00,Admiralty Plaza: Louisville,Admiralty Plaza,Louisville,standard,1,1,0,7,143.39,1003.73
fef9e8b4-53c8-11ea-a794-b88a60e194fb,HCD-G7EL,orderid:277135,crmid:4025907297,2020-01-23T23:00:04.000Z,website,prd1069,1581634804,1582239604,2020-02-13T23:00:04+00:00,2020-02-20T23:00:04+00:00,Admiralty Plaza: Singapore,Admiralty Plaza,Singapore,standard,1,1,0,7,110.57,773.99
fefb6f70-53c8-11ea-96d2-b88a60e194fb,GGG-GQRL,orderid:629728,crmid:4771314285,2020-01-29T15:05:39.000Z,kiosk,prd1143,1580396739,1580569539,2020-01-30T15:05:39+00:00,2020-02-01T15:05:39+00:00,Hospitality Inn: San Antonio,Hospitality Inn,San Antonio,standard,1,1,0,2,133.22,266.44
fefc80dc-53c8-11ea-9c85-b88a60e194fb,O13-WN5W,orderid:329399,crmid:4077563536,2020-02-08T04:21:57.000Z,kiosk,prd1035,1583036517,1583468517,2020-03-01T04:21:57+00:00,2020-03-06T04:21:57+00:00,Hospitality Inn: Tucson,Hospitality Inn,Tucson,standard,1,1,0,5,109.85,549.25
fefd925c-53c8-11ea-ba44-b88a60e194fb,TL5-FIO0,orderid:299081,crmid:5232186561,2020-01-24T07:26:06.000Z,mobile,prd1013,1580801166,1581578766,2020-02-04T07:26:06+00:00,2020-02-13T07:26:06+00:00,Grandeur Hotels: Austin,Grandeur Hotels,Austin,standard,1,1,0,9,173.63,1562.67
fefea38c-53c8-11ea-844d-b88a60e194fb,OH7-VFJG,orderid:646290,crmid:2507065836,2019-12-03T23:38:13.000Z,kiosk,prd1159,1575502693,1575848293,2019-12-04T23:38:13+00:00,2019-12-08T23:38:13+00:00,Family Fun Hotels: Detroit,Family Fun Hotels,Detroit,premium,1,1,0,4,126.59,506.36
feffdadc-53c8-11ea-9036-b88a60e194fb,OXA-K9L2,orderid:278577,crmid:1675309500,2019-12-08T10:59:40.000Z,kiosk,prd1069,1575889180,1575975580,2019-12-09T10:59:40+00:00,2019-12-10T10:59:40+00:00,Admiralty Plaza: Singapore,Admiralty Plaza,Singapore,standard,1,1,0,1,131.4,131.4
ff00eda4-53c8-11ea-bd5c-b88a60e194fb,ZNJ-FCZI,orderid:756877,crmid:6827073817,2019-12-03T06:58:31.000Z,website,prd1112,1575615511,1575701911,2019-12-06T06:58:31+00:00,2019-12-07T06:58:31+00:00,Aspen Heights: Birmingham,Aspen Heights,Birmingham,premium,1,1,0,1,136.16,136.16
ff01ff14-53c8-11ea-b29c-b88a60e194fb,ADV-GQEZ,orderid:879577,crmid:3022025935,2019-12-12T18:47:04.000Z,website,prd1009,1578336424,1579114024,2020-01-06T18:47:04+00:00,2020-01-15T18:47:04+00:00,Admiralty Plaza: San Antonio,Admiralty Plaza,San Antonio,standard,1,1,0,9,140.79,1267.11
ff03379e-53c8-11ea-89b0-b88a60e194fb,HFF-1WX6,orderid:766832,crmid:4032403846,2019-12-12T03:51:56.000Z,kiosk,prd1117,1576209116,1576381916,2019-12-13T03:51:56+00:00,2019-12-15T03:51:56+00:00,Admiralty Plaza: Dublin,Admiralty Plaza,Dublin,standard,1,1,0,2,110.26,220.52
ff0421fe-53c8-11ea-994b-b88a60e194fb,VQV-3AV2,orderid:298857,crmid:9528497877,2020-02-03T20:29:35.000Z,kiosk,prd1034,1582316975,1582835375,2020-02-21T20:29:35+00:00,2020-02-27T20:29:35+00:00,Blue Reef Resort: Albuquerque,Blue Reef Resort,Albuquerque,standard,1,1,3,6,147.29,883.74
ff055a6e-53c8-11ea-be58-b88a60e194fb,WCI-1NZA,orderid:527621,crmid:5449130204,2020-01-27T06:04:05.000Z,service desk,prd1127,1580191445,1580364245,2020-01-28T06:04:05+00:00,2020-01-30T06:04:05+00:00,Nesting Box Inn: Glasgow,Nesting Box Inn,Glasgow,standard,1,1,0,2,182.0,364.0
ff06df9e-53c8-11ea-b8ff-b88a60e194fb,ROL-GZ9J,orderid:659253,crmid:7184586042,2020-01-11T01:28:43.000Z,mobile,prd1105,1580693323,1581298123,2020-02-03T01:28:43+00:00,2020-02-10T01:28:43+00:00,Admiralty Plaza: Barcelona,Admiralty Plaza,Barcelona,ultra-luxury,1,1,0,7,340.3,2382.1
ff083f2e-53c8-11ea-8fa2-b88a60e194fb,2DV-TXK1,orderid:857188,crmid:1683602177,2020-01-10T03:29:46.000Z,kiosk,prd1141,1580354986,1580959786,2020-01-30T03:29:46+00:00,2020-02-06T03:29:46+00:00,Admiralty Plaza: Phoenix,Admiralty Plaza,Phoenix,standard,1,1,0,7,127.19,890.33
ff0977b4-53c8-11ea-ae38-b88a60e194fb,COZ-SSCR,orderid:263724,crmid:5669038582,2019-12-23T01:59:17.000Z,call center,prd1154,1579485557,1580781557,2020-01-20T01:59:17+00:00,2020-02-04T01:59:17+00:00,Blue Reef Resort: Seattle,Blue Reef Resort,Seattle,standard,1,1,1,15,125.36,1880.4
ff0ab040-53c8-11ea-ace9-b88a60e194fb,JEB-4S14,orderid:959058,crmid:6166001625,2020-02-13T14:16:00.000Z,kiosk,prd1190,1583504160,1584022560,2020-03-06T14:16:00+00:00,2020-03-12T14:16:00+00:00,Blue Reef Resort: Aurora,Blue Reef Resort,Aurora,standard,1,1,0,6,145.09,870.54
ff0c0fc0-53c8-11ea-8993-b88a60e194fb,M3M-MVYM,orderid:162350,crmid:3064314109,2020-01-14T09:18:26.000Z,mobile,prd1002,1579166306,1579339106,2020-01-16T09:18:26+00:00,2020-01-18T09:18:26+00:00,Restful Nights: Chicago,Restful Nights,Chicago,standard,1,1,0,2,114.62,229.24
ff0d213a-53c8-11ea-b30e-b88a60e194fb,ZMI-RQAV,orderid:953895,crmid:9838366758,2019-12-11T06:58:14.000Z,call center,prd1177,1576133894,1576306694,2019-12-12T06:58:14+00:00,2019-12-14T06:58:14+00:00,Admiralty Plaza: Raleigh,Admiralty Plaza,Raleigh,standard,1,1,0,2,165.48,330.96
ff0e59be-53c8-11ea-89a9-b88a60e194fb,LC1-PU59,orderid:425248,crmid:7842031874,2020-01-16T13:11:00.000Z,call center,prd1099,1581081060,1581685860,2020-02-07T13:11:00+00:00,2020-02-14T13:11:00+00:00,Family Fun Hotels: Bucharest,Family Fun Hotels,Bucharest,luxury,1,1,0,7,401.46,2810.22
ff0f6b2c-53c8-11ea-a881-b88a60e194fb,RTJ-6RJV,orderid:242851,crmid:3715008720,2020-02-06T04:17:54.000Z,website,prd1161,1582085874,1582863474,2020-02-19T04:17:54+00:00,2020-02-28T04:17:54+00:00,Sapphire Suites: Memphis,Sapphire Suites,Memphis,standard,1,1,0,9,94.28,848.52
ff10cae2-53c8-11ea-bf43-b88a60e194fb,QZ0-JFBO,orderid:673918,crmid:9683246989,2020-02-05T23:24:32.000Z,call center,prd1136,1582500272,1583018672,2020-02-23T23:24:32+00:00,2020-02-29T23:24:32+00:00,Aspen Heights: Osaka,Aspen Heights,Osaka,premium,1,1,0,6,116.88,701.28
ff120358-53c8-11ea-a223-b88a60e194fb,ZAW-6QC3,orderid:176351,crmid:7572632999,2019-12-23T23:27:01.000Z,call center,prd1179,1579476421,1579908421,2020-01-19T23:27:01+00:00,2020-01-24T23:27:01+00:00,Hospitality Inn: Miami,Hospitality Inn,Miami,standard,1,1,0,5,130.48,652.4
ff138ba4-53c8-11ea-9b79-b88a60e194fb,VJO-CKSY,orderid:439031,crmid:3658608056,2020-01-11T18:44:05.000Z,call center,prd1165,1581014645,1582397045,2020-02-06T18:44:05+00:00,2020-02-22T18:44:05+00:00,Admiralty Plaza: Louisville,Admiralty Plaza,Louisville,standard,1,1,0,16,131.61,2105.76
ff14eadc-53c8-11ea-a196-b88a60e194fb,HBS-TADV,orderid:374331,crmid:1040786075,2019-12-27T00:17:54.000Z,kiosk,prd1128,1579393074,1579911474,2020-01-19T00:17:54+00:00,2020-01-25T00:17:54+00:00,Repose Resort: Rotterdam,Repose Resort,Rotterdam,premium,1,1,0,6,133.65,801.9
ff162208-53c8-11ea-8fa6-b88a60e194fb,OVM-VQPV,orderid:279293,crmid:1729134100,2019-12-30T08:08:26.000Z,website,prd1025,1579939706,1580112506,2020-01-25T08:08:26+00:00,2020-01-27T08:08:26+00:00,Grandeur Hotels: Detroit,Grandeur Hotels,Detroit,standard,1,1,0,2,173.8,347.6
ff17cfd4-53c8-11ea-8033-b88a60e194fb,DVW-MBB6,orderid:755483,crmid:6989818867,2020-01-04T10:12:11.000Z,kiosk,prd1077,1578305531,1578478331,2020-01-06T10:12:11+00:00,2020-01-08T10:12:11+00:00,Sapphire Suites: Cairo,Sapphire Suites,Cairo,standard,1,1,0,2,174.73,349.46
ff192f28-53c8-11ea-a743-b88a60e194fb,GVI-SFL2,orderid:354662,crmid:1918658210,2020-01-22T06:08:20.000Z,kiosk,prd1157,1579759700,1580018900,2020-01-23T06:08:20+00:00,2020-01-26T06:08:20+00:00,Grandeur Hotels: Boston,Grandeur Hotels,Boston,standard,1,1,0,3,103.89,311.67
ff1ab5c2-53c8-11ea-b718-b88a60e194fb,5C9-YFSW,orderid:316131,crmid:4190841005,2019-12-26T04:18:02.000Z,kiosk,prd1100,1577420282,1577506682,2019-12-27T04:18:02+00:00,2019-12-28T04:18:02+00:00,Aspen Heights: Misk,Aspen Heights,Misk,standard,1,1,0,1,127.1,127.1
ff1beeae-53c8-11ea-b794-b88a60e194fb,G4M-F0ST,orderid:350505,crmid:6122938477,2020-02-11T09:53:17.000Z,call center,prd1035,1583833997,1585389197,2020-03-10T09:53:17+00:00,2020-03-28T09:53:17+00:00,Hospitality Inn: Tucson,Hospitality Inn,Tucson,premium,1,1,0,18,119.5,2151.0
ff1d26f0-53c8-11ea-8b5a-b88a60e194fb,HCY-ZKVU,orderid:291661,crmid:1453529769,2020-02-16T21:38:25.000Z,kiosk,prd1154,1584049105,1584826705,2020-03-12T21:38:25+00:00,2020-03-21T21:38:25+00:00,Blue Reef Resort: Seattle,Blue Reef Resort,Seattle,standard,1,1,0,9,168.23,1514.07
ff1e3866-53c8-11ea-b459-b88a60e194fb,ZKS-G5CI,orderid:331100,crmid:1775448310,2020-01-15T01:23:00.000Z,website,prd1047,1579137780,1579224180,2020-01-16T01:23:00+00:00,2020-01-17T01:23:00+00:00,Hospitality Inn: Oakland,Hospitality Inn,Oakland,standard,1,1,0,1,89.84,89.84
ff1f70ae-53c8-11ea-a93f-b88a60e194fb,FZG-GVIH,orderid:496891,crmid:3401760887,2020-01-23T13:29:06.000Z,kiosk,prd1169,1581859746,1582550946,2020-02-16T13:29:06+00:00,2020-02-24T13:29:06+00:00,Grandeur Hotels: Tucson,Grandeur Hotels,Tucson,premium,1,1,3,8,198.83,1590.64
ff20a92e-53c8-11ea-9f29-b88a60e194fb,NDS-60Y2,orderid:593877,crmid:9377624850,2020-01-28T18:08:08.000Z,website,prd1145,1582394888,1583172488,2020-02-22T18:08:08+00:00,2020-03-02T18:08:08+00:00,Grandeur Hotels: Dallas,Grandeur Hotels,Dallas,premium,1,1,0,9,109.79,988.11
ff21e1b0-53c8-11ea-acb8-b88a60e194fb,KAV-8AXT,orderid:855555,crmid:9394982124,2020-01-10T16:20:29.000Z,kiosk,prd1124,1579191629,1579278029,2020-01-16T16:20:29+00:00,2020-01-17T16:20:29+00:00,Aspen Heights: Leeds,Aspen Heights,Leeds,standard,1,1,0,1,140.43,140.43
ff21e1b1-53c8-11ea-9b93-b88a60e194fb,NXZ-UFHD,orderid:950361,crmid:9394982124,2020-01-18T00:00:00.000Z,website,prd1165,1579392000,1579651200,2020-01-19T00:00:00+00:00,2020-01-22T00:00:00+00:00,Admiralty Plaza: Louisville,Admiralty Plaza,Louisville,premium,1,1,0,3,187.91,563.73
ff2600f8-53c8-11ea-af8d-b88a60e194fb,ZEA-EB80,orderid:811525,crmid:7962928935,2020-01-02T12:18:22.000Z,kiosk,prd1052,1578053902,1578140302,2020-01-03T12:18:22+00:00,2020-01-04T12:18:22+00:00,Aspen Heights: Wichita,Aspen Heights,Wichita,standard,1,1,0,1,93.29,93.29
ff2738ee-53c8-11ea-b5f6-b88a60e194fb,GO3-OMFO,orderid:146112,crmid:6604397789,2020-01-30T05:56:51.000Z,mobile,prd1009,1580450211,1580536611,2020-01-31T05:56:51+00:00,2020-02-01T05:56:51+00:00,Admiralty Plaza: San Antonio,Admiralty Plaza,San Antonio,premium,1,1,0,1,191.21,191.21
ff28716e-53c8-11ea-ac26-b88a60e194fb,IK8-JSES,orderid:759257,crmid:6592346241,2020-01-04T19:30:04.000Z,call center,prd1016,1578339004,1578425404,2020-01-06T19:30:04+00:00,2020-01-07T19:30:04+00:00,Aspen Heights: Columbus,Aspen Heights,Columbus,standard,1,1,0,1,136.86,136.86
ff29a9dc-53c8-11ea-a89c-b88a60e194fb,SAV-DZDZ,orderid:404336,crmid:3906969817,2020-01-23T10:53:42.000Z,service desk,prd1028,1581764022,1583232822,2020-02-15T10:53:42+00:00,2020-03-03T10:53:42+00:00,Aspen Heights: Portland,Aspen Heights,Portland,standard,1,1,0,17,150.04,2550.68
ff2abb46-53c8-11ea-b200-b88a60e194fb,WGP-MHQU,orderid:150219,crmid:9195922084,2020-02-14T06:16:33.000Z,mobile,prd1143,1581920193,1582438593,2020-02-17T06:16:33+00:00,2020-02-23T06:16:33+00:00,Hospitality Inn: San Antonio,Hospitality Inn,San Antonio,standard,1,1,0,6,157.5,945.0
ff2bf406-53c8-11ea-a206-b88a60e194fb,QH2-LBWD,orderid:103061,crmid:9430893320,2019-12-24T00:20:47.000Z,call center,prd1076,1577406047,1577578847,2019-12-27T00:20:47+00:00,2019-12-29T00:20:47+00:00,Aspen Heights: Bogota,Aspen Heights,Bogota,standard,1,1,0,2,175.32,350.64
ff2c1adc-53c8-11ea-a456-b88a60e194fb,H2Z-BQ92,orderid:295319,crmid:9430893320,2019-12-30T00:00:00.000Z,call center,prd1105,1577750400,1577836800,2019-12-31T00:00:00+00:00,2020-01-01T00:00:00+00:00,Admiralty Plaza: Barcelona,Admiralty Plaza,Barcelona,standard,1,1,0,1,156.88,156.88
ff2d5352-53c8-11ea-8358-b88a60e194fb,I5P-O8UB,orderid:395818,crmid:4086055250,2020-02-04T09:27:24.000Z,call center,prd1055,1580981244,1581067644,2020-02-06T09:27:24+00:00,2020-02-07T09:27:24+00:00,Nesting Box Inn: Bakersfield,Nesting Box Inn,Bakersfield,premium,1,1,0,1,141.86,141.86
ff2e64ca-53c8-11ea-9257-b88a60e194fb,6MP-NMGV,orderid:539032,crmid:6945835589,2019-12-17T18:57:19.000Z,website,prd1125,1576781839,1577041039,2019-12-19T18:57:19+00:00,2019-12-22T18:57:19+00:00,Sapphire Suites: Palermo,Sapphire Suites,Palermo,standard,1,1,0,3,145.48,436.44
ff2f9d4c-53c8-11ea-b99e-b88a60e194fb,K1H-WQNU,orderid:326721,crmid:1806628330,2019-12-12T08:21:11.000Z,call center,prd1126,1578385271,1578730871,2020-01-07T08:21:11+00:00,2020-01-11T08:21:11+00:00,Sego Lily Suites: Genova,Sego Lily Suites,Genova,premium,1,1,0,4,130.05,520.2
ff30aebe-53c8-11ea-8fa9-b88a60e194fb,GSN-3VCN,orderid:188373,crmid:1128852504,2020-02-06T19:54:54.000Z,mobile,prd1005,1583178894,1583783694,2020-03-02T19:54:54+00:00,2020-03-09T19:54:54+00:00,Sapphire Suites: Los Angeles,Sapphire Suites,Los Angeles,premium,1,1,4,7,114.41,800.87
ff336df6-53c8-11ea-b780-b88a60e194fb,R6E-3PUO,orderid:768858,crmid:9926416261,2019-12-30T04:42:45.000Z,mobile,prd1025,1579927365,1580100165,2020-01-25T04:42:45+00:00,2020-01-27T04:42:45+00:00,Grandeur Hotels: Detroit,Grandeur Hotels,Detroit,premium,1,1,0,2,135.45,270.9
ff35b7e8-53c8-11ea-a5a2-b88a60e194fb,05O-ARGN,orderid:673084,crmid:8593120807,2020-01-10T19:41:55.000Z,call center,prd1043,1578944515,1579030915,2020-01-13T19:41:55+00:00,2020-01-14T19:41:55+00:00,Nesting Box Inn: Raleigh,Nesting Box Inn,Raleigh,standard,1,1,0,1,131.16,131.16
ff37dac0-53c8-11ea-9550-b88a60e194fb,CQ2-TZUB,orderid:971506,crmid:2893364251,2020-02-13T19:43:10.000Z,website,prd1009,1581882190,1582746190,2020-02-16T19:43:10+00:00,2020-02-26T19:43:10+00:00,Admiralty Plaza: San Antonio,Admiralty Plaza,San Antonio,standard,1,1,0,10,129.69,1296.9
ff398876-53c8-11ea-a246-b88a60e194fb,HG8-NJXO,orderid:973227,crmid:5968058648,2019-12-22T13:35:56.000Z,website,prd1005,1578663356,1579095356,2020-01-10T13:35:56+00:00,2020-01-15T13:35:56+00:00,Sapphire Suites: Los Angeles,Sapphire Suites,Los Angeles,premium,1,1,0,5,118.94,594.7
ff3b361c-53c8-11ea-aed2-b88a60e194fb,SXF-ZIYZ,orderid:138348,crmid:4044913317,2019-12-13T23:36:56.000Z,kiosk,prd1187,1576366616,1576539416,2019-12-14T23:36:56+00:00,2019-12-16T23:36:56+00:00,Nesting Box Inn: Cleveland,Nesting Box Inn,Cleveland,ultra-luxury,1,1,0,2,225.19,450.38
ff3b5d30-53c8-11ea-adac-b88a60e194fb,2DQ-MNTU,orderid:179034,crmid:4044913317,2019-12-17T00:00:00.000Z,call center,prd1148,1576627200,1577059200,2019-12-18T00:00:00+00:00,2019-12-23T00:00:00+00:00,Aspen Heights: Jacksonville,Aspen Heights,Jacksonville,standard,1,1,0,5,136.48,682.4
ff3c95b4-53c8-11ea-80c8-b88a60e194fb,TGO-AXZT,orderid:476110,crmid:1036628392,2020-02-12T16:53:54.000Z,kiosk,prd1034,1582304034,1583168034,2020-02-21T16:53:54+00:00,2020-03-02T16:53:54+00:00,Blue Reef Resort: Albuquerque,Blue Reef Resort,Albuquerque,standard,1,1,0,10,156.48,1564.8
ff3dce1c-53c8-11ea-822e-b88a60e194fb,3YL-N3DR,orderid:910003,crmid:4916147295,2020-01-25T22:06:57.000Z,website,prd1085,1580076417,1580162817,2020-01-26T22:06:57+00:00,2020-01-27T22:06:57+00:00,Grandeur Hotels: Saint Petersburg,Grandeur Hotels,Saint Petersburg,premium,1,1,0,1,96.95,96.95
ff3f54be-53c8-11ea-baf2-b88a60e194fb,PLL-XW9T,orderid:459048,crmid:7494606613,2019-12-15T15:02:14.000Z,website,prd1160,1578495734,1579618934,2020-01-08T15:02:14+00:00,2020-01-21T15:02:14+00:00,Aspen Heights: Nashville,Aspen Heights,Nashville,standard,1,1,3,13,130.24,1693.12
ff408d3a-53c8-11ea-ba44-b88a60e194fb,WON-F6H1,orderid:665543,crmid:7632474808,2019-12-26T18:52:44.000Z,website,prd1022,1579200764,1579719164,2020-01-16T18:52:44+00:00,2020-01-22T18:52:44+00:00,Blue Reef Resort: Washington DC,Blue Reef Resort,Washington DC,standard,1,1,0,6,163.46,980.76
