id,reservationid,orderid,crmid,timestamporderType,productsku,hotelCheckInUnix,hotelCheckOutUnix,hotelCheckInTS,hotelCheckOutTS,hotelName,hotelChain,hotelLocation,hotelRoomType,hotelRoomCount,hotelGuestAdultCount,hotelGuestChildCount,hotelNightCount,hotelRoomPrice,hotelFinalPrice
orderid:330322,1XP-16RX,orderid:330322,crmid:6489522818,2020-02-11T17:11:10.000Z,kiosk,prd1122,1581527470,1581873070,2020-02-12T17:11:10+00:00,2020-02-16T17:11:10+00:00,Restful Nights: Valencia,Restful Nights,Valencia,standard,1,1,0,4,117.38,469.52
orderid:621637,XYS-BYWQ,orderid:621637,crmid:4233069979,2020-02-10T09:58:06.000Z,call center,prd1164,1581415086,1581501486,2020-02-11T09:58:06+00:00,2020-02-12T09:58:06+00:00,Repose Resort: Las Vegas,Repose Resort,Las Vegas,standard,1,1,0,1,103.77,103.77
orderid:942907,AS4-T44Z,orderid:942907,crmid:9926087674,2019-12-07T13:57:55.000Z,mobile,prd1093,1575813475,1576072675,2019-12-08T13:57:55+00:00,2019-12-11T13:57:55+00:00,Admiralty Plaza: Yokohama,Admiralty Plaza,Yokohama,premium,1,1,0,3,139.78,419.34
orderid:527271,EQK-GHLH,orderid:527271,crmid:9926087674,2019-12-12T00:00:00.000Z,call center,prd1183,1576195200,1576454400,2019-12-13T00:00:00+00:00,2019-12-16T00:00:00+00:00,Family Fun Hotels: Tulsa,Family Fun Hotels,Tulsa,standard,1,1,0,3,169.45,508.35
orderid:705335,LEW-TJCU,orderid:705335,crmid:6316533082,2020-01-03T22:09:20.000Z,mobile,prd1083,1578521360,1578694160,2020-01-08T22:09:20+00:00,2020-01-10T22:09:20+00:00,Hospitality Inn: Bangkok,Hospitality Inn,Bangkok,standard,1,1,0,2,134.04,268.08
orderid:686310,KAU-K8ME,orderid:686310,crmid:3480251744,2020-02-15T19:22:36.000Z,kiosk,prd1143,1583436156,1584645756,2020-03-05T19:22:36+00:00,2020-03-19T19:22:36+00:00,Hospitality Inn: San Antonio,Hospitality Inn,San Antonio,premium,1,1,2,14,158.38,2217.32
orderid:931296,UPX-O5SS,orderid:931296,crmid:6193711729,2020-01-02T14:53:04.000Z,kiosk,prd1112,1578581584,1579013584,2020-01-09T14:53:04+00:00,2020-01-14T14:53:04+00:00,Aspen Heights: Birmingham,Aspen Heights,Birmingham,premium,1,1,0,5,203.84,1019.2
orderid:776333,NDA-GBXJ,orderid:776333,crmid:1987918796,2019-12-07T22:57:44.000Z,call center,prd1160,1576364264,1577055464,2019-12-14T22:57:44+00:00,2019-12-22T22:57:44+00:00,Aspen Heights: Nashville,Aspen Heights,Nashville,standard,1,1,4,8,142.25,1138.0
orderid:948185,KYH-6F1M,orderid:948185,crmid:4368737493,2019-12-17T09:25:24.000Z,mobile,prd1171,1576661124,1576833924,2019-12-18T09:25:24+00:00,2019-12-20T09:25:24+00:00,Family Fun Hotels: Sacramento,Family Fun Hotels,Sacramento,standard,1,1,0,2,165.97,331.94
orderid:463768,GL3-LZQW,orderid:463768,crmid:4848086509,2020-01-25T12:39:07.000Z,kiosk,prd1189,1582288747,1582547947,2020-02-21T12:39:07+00:00,2020-02-24T12:39:07+00:00,Admiralty Plaza: Bakersfield,Admiralty Plaza,Bakersfield,standard,1,1,0,3,139.26,417.78
orderid:572248,GW8-NTME,orderid:572248,crmid:1017078223,2020-01-19T11:23:31.000Z,website,prd1016,1580729011,1582111411,2020-02-03T11:23:31+00:00,2020-02-19T11:23:31+00:00,Aspen Heights: Columbus,Aspen Heights,Columbus,premium,1,1,0,16,102.87,1645.92
orderid:691401,CYB-NLIS,orderid:691401,crmid:2238081425,2020-01-02T23:23:18.000Z,call center,prd1189,1578093798,1578180198,2020-01-03T23:23:18+00:00,2020-01-04T23:23:18+00:00,Admiralty Plaza: Bakersfield,Admiralty Plaza,Bakersfield,standard,1,1,0,1,149.76,149.76
orderid:463410,6SM-EUCU,orderid:463410,crmid:6869417139,2019-12-16T02:50:54.000Z,mobile,prd1148,1578711054,1579488654,2020-01-11T02:50:54+00:00,2020-01-20T02:50:54+00:00,Aspen Heights: Jacksonville,Aspen Heights,Jacksonville,standard,1,1,0,9,132.52,1192.68
orderid:172800,URJ-FC6Q,orderid:172800,crmid:3148596642,2019-12-21T02:09:02.000Z,website,prd1182,1577066942,1577498942,2019-12-23T02:09:02+00:00,2019-12-28T02:09:02+00:00,Restful Nights: Minneapolis,Restful Nights,Minneapolis,standard,1,1,0,5,122.44,612.2
orderid:537764,TWL-GWRP,orderid:537764,crmid:3579702453,2020-01-02T17:17:49.000Z,call center,prd1061,1579540669,1581182269,2020-01-20T17:17:49+00:00,2020-02-08T17:17:49+00:00,Grandeur Hotels: Lahore,Grandeur Hotels,Lahore,premium,1,1,2,19,118.01,2242.19
orderid:676851,VD3-5O1Q,orderid:676851,crmid:4365413365,2019-12-04T00:57:10.000Z,mobile,prd1136,1576717030,1577321830,2019-12-19T00:57:10+00:00,2019-12-26T00:57:10+00:00,Aspen Heights: Osaka,Aspen Heights,Osaka,standard,1,1,0,7,130.63,914.41
orderid:575215,PIQ-RQ24,orderid:575215,crmid:8942623710,2020-02-08T16:00:07.000Z,call center,prd1076,1581436807,1581782407,2020-02-11T16:00:07+00:00,2020-02-15T16:00:07+00:00,Aspen Heights: Bogota,Aspen Heights,Bogota,standard,1,1,0,4,147.65,590.6
orderid:195184,OWG-Q0NU,orderid:195184,crmid:7069178460,2020-01-02T13:54:56.000Z,website,prd1094,1579182896,1579874096,2020-01-16T13:54:56+00:00,2020-01-24T13:54:56+00:00,Blue Reef Resort: Berlin,Blue Reef Resort,Berlin,standard,1,1,0,8,147.18,1177.44
orderid:447748,DOT-UPAL,orderid:447748,crmid:1668552019,2019-12-20T19:20:14.000Z,service desk,prd1040,1578684014,1579116014,2020-01-10T19:20:14+00:00,2020-01-15T19:20:14+00:00,Aspen Heights: Atlanta,Aspen Heights,Atlanta,standard,1,1,0,5,91.36,456.8
orderid:223408,VWL-E06C,orderid:223408,crmid:7252034122,2019-12-27T10:20:51.000Z,mobile,prd1093,1578997251,1579602051,2020-01-14T10:20:51+00:00,2020-01-21T10:20:51+00:00,Admiralty Plaza: Yokohama,Admiralty Plaza,Yokohama,standard,1,1,0,7,134.54,941.78
orderid:614866,LUJ-V6BI,orderid:614866,crmid:5161549532,2019-12-13T20:00:42.000Z,kiosk,prd1156,1576353642,1576612842,2019-12-14T20:00:42+00:00,2019-12-17T20:00:42+00:00,Sandhill: Washington DC,Sandhill,Washington DC,standard,1,1,0,3,147.77,443.31
orderid:197075,LQZ-GZ4K,orderid:197075,crmid:9867577806,2020-01-17T08:05:18.000Z,kiosk,prd1148,1581321918,1581581118,2020-02-10T08:05:18+00:00,2020-02-13T08:05:18+00:00,Aspen Heights: Jacksonville,Aspen Heights,Jacksonville,standard,1,1,4,3,153.35,460.05
orderid:340047,IAL-9MWK,orderid:340047,crmid:7718800972,2019-12-18T15:36:21.000Z,website,prd1004,1576856181,1577028981,2019-12-20T15:36:21+00:00,2019-12-22T15:36:21+00:00,Aspen Heights: Boulder,Aspen Heights,Boulder,standard,1,1,0,2,154.46,308.92
orderid:154252,HAA-OXZ5,orderid:154252,crmid:7718800972,2019-12-24T00:00:00.000Z,website,prd1158,1577318400,1577577600,2019-12-26T00:00:00+00:00,2019-12-29T00:00:00+00:00,Restful Nights: El Paso,Restful Nights,El Paso,standard,1,1,0,3,163.1,489.3
orderid:888678,J5O-TR1N,orderid:888678,crmid:1941742752,2020-01-26T15:29:53.000Z,kiosk,prd1081,1580138993,1580311793,2020-01-27T15:29:53+00:00,2020-01-29T15:29:53+00:00,Admiralty Plaza: Rod de Janeiro,Admiralty Plaza,Rod de Janeiro,ultra-luxury,1,1,0,2,297.0,594.0
orderid:543751,FPP-ODYB,orderid:543751,crmid:7172145619,2020-02-16T18:28:56.000Z,kiosk,prd1172,1584124136,1585420136,2020-03-13T18:28:56+00:00,2020-03-28T18:28:56+00:00,Aspen Heights: Mesa,Aspen Heights,Mesa,standard,1,1,1,15,133.92,2008.8
orderid:325945,GRJ-MGHK,orderid:325945,crmid:9759306136,2020-01-26T21:05:02.000Z,call center,prd1161,1582319102,1583010302,2020-02-21T21:05:02+00:00,2020-02-29T21:05:02+00:00,Sapphire Suites: Memphis,Sapphire Suites,Memphis,standard,1,1,0,8,122.38,979.04
orderid:174468,TXZ-7PBU,orderid:174468,crmid:7990332969,2020-01-15T12:23:51.000Z,service desk,prd1016,1580473431,1581164631,2020-01-31T12:23:51+00:00,2020-02-08T12:23:51+00:00,Aspen Heights: Columbus,Aspen Heights,Columbus,standard,1,1,1,8,155.59,1244.72
orderid:804760,LCY-KWVR,orderid:804760,crmid:1239283116,2020-01-17T08:55:33.000Z,call center,prd1182,1581152133,1581411333,2020-02-08T08:55:33+00:00,2020-02-11T08:55:33+00:00,Restful Nights: Minneapolis,Restful Nights,Minneapolis,luxury,1,1,0,3,395.71,1187.13
orderid:719600,3OK-QFLQ,orderid:719600,crmid:1115639965,2020-02-16T08:43:25.000Z,kiosk,prd1057,1583570605,1584434605,2020-03-07T08:43:25+00:00,2020-03-17T08:43:25+00:00,Admiralty Plaza: Mumbai,Admiralty Plaza,Mumbai,standard,1,1,0,10,133.33,1333.3
orderid:361867,L6T-LPTY,orderid:361867,crmid:7587384028,2020-01-26T00:22:43.000Z,kiosk,prd1077,1582417363,1583022163,2020-02-23T00:22:43+00:00,2020-03-01T00:22:43+00:00,Sapphire Suites: Cairo,Sapphire Suites,Cairo,standard,1,1,0,7,152.12,1064.84
orderid:100857,LWX-XKZJ,orderid:100857,crmid:4470800686,2019-12-24T00:31:52.000Z,mobile,prd1043,1577233912,1577406712,2019-12-25T00:31:52+00:00,2019-12-27T00:31:52+00:00,Nesting Box Inn: Raleigh,Nesting Box Inn,Raleigh,premium,1,1,0,2,169.91,339.82
orderid:167710,TMZ-X45C,orderid:167710,crmid:2595616440,2019-12-13T01:31:49.000Z,call center,prd1107,1576287109,1576373509,2019-12-14T01:31:49+00:00,2019-12-15T01:31:49+00:00,Hospitality Inn: Kharkiv,Hospitality Inn,Kharkiv,standard,1,1,0,1,118.06,118.06
orderid:586613,VPP-CBLL,orderid:586613,crmid:2595616440,2019-12-16T00:00:00.000Z,call center,prd1196,1576800000,1576886400,2019-12-20T00:00:00+00:00,2019-12-21T00:00:00+00:00,Aspen Heights: Moscow,Aspen Heights,Moscow,standard,1,1,0,1,135.51,135.51
orderid:998983,63R-GK4Z,orderid:998983,crmid:7850975754,2020-02-07T21:18:56.000Z,website,prd1094,1583183936,1583443136,2020-03-02T21:18:56+00:00,2020-03-05T21:18:56+00:00,Blue Reef Resort: Berlin,Blue Reef Resort,Berlin,premium,1,1,1,3,179.91,539.73
orderid:625885,L1M-ZIYF,orderid:625885,crmid:6872463690,2019-12-10T16:25:25.000Z,call center,prd1049,1576081525,1576513525,2019-12-11T16:25:25+00:00,2019-12-16T16:25:25+00:00,Grandeur Hotels: Tulsa,Grandeur Hotels,Tulsa,standard,1,1,0,5,131.34,656.7
orderid:527040,AB6-8BNF,orderid:527040,crmid:7887654255,2020-01-04T16:34:34.000Z,kiosk,prd1167,1578674074,1579365274,2020-01-10T16:34:34+00:00,2020-01-18T16:34:34+00:00,Hospitality Inn: Milwaukee,Hospitality Inn,Milwaukee,presidential-suite,1,1,0,8,958.54,7668.32
orderid:945624,VLQ-MHGE,orderid:945624,crmid:6361286802,2019-12-13T04:57:20.000Z,service desk,prd1099,1577941040,1578632240,2020-01-02T04:57:20+00:00,2020-01-10T04:57:20+00:00,Family Fun Hotels: Bucharest,Family Fun Hotels,Bucharest,standard,1,1,0,8,93.2,745.6
orderid:549338,OFD-7NNG,orderid:549338,crmid:7671551795,2020-01-11T19:39:16.000Z,website,prd1013,1579289956,1579376356,2020-01-17T19:39:16+00:00,2020-01-18T19:39:16+00:00,Grandeur Hotels: Austin,Grandeur Hotels,Austin,standard,1,1,0,1,91.8,91.8
orderid:983828,2M1-AHVD,orderid:983828,crmid:8345968475,2020-01-03T18:40:20.000Z,kiosk,prd1029,1580496020,1580582420,2020-01-31T18:40:20+00:00,2020-02-01T18:40:20+00:00,Sapphire Suites: Oklahoma City,Sapphire Suites,Oklahoma City,standard,1,1,0,1,149.44,149.44
orderid:214930,SVH-7M2L,orderid:214930,crmid:7833589319,2020-01-30T11:45:08.000Z,website,prd1109,1581939908,1583149508,2020-02-17T11:45:08+00:00,2020-03-02T11:45:08+00:00,Grandeur Hotels: Belgrade,Grandeur Hotels,Belgrade,standard,1,1,0,14,181.19,2536.66
orderid:552569,GHX-UFFT,orderid:552569,crmid:9215473472,2020-02-04T00:54:45.000Z,kiosk,prd1176,1582937685,1583888085,2020-02-29T00:54:45+00:00,2020-03-11T00:54:45+00:00,Repose Resort: Omaha,Repose Resort,Omaha,standard,1,1,0,11,115.79,1273.69
orderid:887552,4CA-DN9S,orderid:887552,crmid:7355564330,2019-12-01T00:46:05.000Z,call center,prd1189,1577580365,1578271565,2019-12-29T00:46:05+00:00,2020-01-06T00:46:05+00:00,Admiralty Plaza: Bakersfield,Admiralty Plaza,Bakersfield,standard,1,1,0,8,150.4,1203.2
orderid:145687,SVW-XZZR,orderid:145687,crmid:4787904015,2019-12-05T10:07:12.000Z,mobile,prd1074,1577095632,1577527632,2019-12-23T10:07:12+00:00,2019-12-28T10:07:12+00:00,Restful Nights: Mexico City,Restful Nights,Mexico City,premium,1,1,0,5,158.83,794.15
orderid:418522,EAN-F6C5,orderid:418522,crmid:8908107989,2020-01-07T05:38:50.000Z,call center,prd1046,1578807530,1578893930,2020-01-12T05:38:50+00:00,2020-01-13T05:38:50+00:00,Blue Reef Resort: Virginia Beach,Blue Reef Resort,Virginia Beach,standard,1,1,0,1,153.13,153.13
orderid:833007,GTE-ZYWR,orderid:833007,crmid:9567728894,2020-01-06T15:17:06.000Z,kiosk,prd1043,1580051826,1580570226,2020-01-26T15:17:06+00:00,2020-02-01T15:17:06+00:00,Nesting Box Inn: Raleigh,Nesting Box Inn,Raleigh,standard,1,1,0,6,119.7,718.2
orderid:702205,U4K-JSUL,orderid:702205,crmid:3011538468,2020-01-21T19:29:24.000Z,mobile,prd1110,1579980564,1580585364,2020-01-25T19:29:24+00:00,2020-02-01T19:29:24+00:00,Restful Nights: Sofia,Restful Nights,Sofia,standard,1,1,2,7,143.5,1004.5
orderid:435236,YVS-GEZC,orderid:435236,crmid:4081585263,2020-01-09T00:37:52.000Z,mobile,prd1011,1578875872,1578962272,2020-01-13T00:37:52+00:00,2020-01-14T00:37:52+00:00,Hospitality Inn: Dallas,Hospitality Inn,Dallas,standard,1,1,0,1,117.85,117.85
orderid:742359,FXV-3O2H,orderid:742359,crmid:8913061136,2019-12-08T03:23:30.000Z,kiosk,prd1118,1578194610,1579231410,2020-01-05T03:23:30+00:00,2020-01-17T03:23:30+00:00,Blue Reef Resort: Cologne,Blue Reef Resort,Cologne,premium,1,1,0,12,152.05,1824.6
orderid:225783,YWD-VU5J,orderid:225783,crmid:9347392873,2019-12-22T19:13:15.000Z,service desk,prd1082,1577128395,1577301195,2019-12-23T19:13:15+00:00,2019-12-25T19:13:15+00:00,Blue Reef Resort: Surat,Blue Reef Resort,Surat,standard,1,1,0,2,168.1,336.2
orderid:215685,NRA-ESCT,orderid:215685,crmid:2841288607,2020-02-14T20:32:43.000Z,website,prd1005,1582057963,1582403563,2020-02-18T20:32:43+00:00,2020-02-22T20:32:43+00:00,Sapphire Suites: Los Angeles,Sapphire Suites,Los Angeles,standard,1,1,0,4,87.83,351.32
orderid:151960,NH2-ZDYP,orderid:151960,crmid:9845330606,2020-01-02T07:10:42.000Z,mobile,prd1045,1579849842,1580195442,2020-01-24T07:10:42+00:00,2020-01-28T07:10:42+00:00,Admiralty Plaza: Miami,Admiralty Plaza,Miami,standard,1,1,1,4,104.31,417.24
orderid:340496,0MM-MLML,orderid:340496,crmid:1211780826,2020-01-12T20:30:54.000Z,website,prd1146,1578947454,1579120254,2020-01-13T20:30:54+00:00,2020-01-15T20:30:54+00:00,Restful Nights: San Jose,Restful Nights,San Jose,standard,1,1,0,2,81.94,163.88
orderid:290824,NE8-P0GX,orderid:290824,crmid:1117323495,2019-12-19T23:44:10.000Z,mobile,prd1179,1576885450,1577403850,2019-12-20T23:44:10+00:00,2019-12-26T23:44:10+00:00,Hospitality Inn: Miami,Hospitality Inn,Miami,standard,1,1,0,6,147.76,886.56
orderid:148455,MEL-HGJH,orderid:148455,crmid:4446268563,2020-01-12T03:29:10.000Z,mobile,prd1043,1580441350,1581305350,2020-01-31T03:29:10+00:00,2020-02-10T03:29:10+00:00,Nesting Box Inn: Raleigh,Nesting Box Inn,Raleigh,standard,1,1,3,10,150.82,1508.2
orderid:691987,1QW-XY5D,orderid:691987,crmid:7160460553,2020-02-05T15:12:51.000Z,call center,prd1035,1581174771,1581347571,2020-02-08T15:12:51+00:00,2020-02-10T15:12:51+00:00,Hospitality Inn: Tucson,Hospitality Inn,Tucson,standard,1,1,0,2,158.93,317.86
orderid:194097,AZC-OFX6,orderid:194097,crmid:4660285094,2020-02-16T08:47:48.000Z,website,prd1155,1583743668,1584175668,2020-03-09T08:47:48+00:00,2020-03-14T08:47:48+00:00,Hospitality Inn: Denver,Hospitality Inn,Denver,standard,1,1,0,5,103.36,516.8
orderid:945733,FXH-WR3A,orderid:945733,crmid:1528062256,2019-12-24T04:40:29.000Z,website,prd1061,1578199229,1578717629,2020-01-05T04:40:29+00:00,2020-01-11T04:40:29+00:00,Grandeur Hotels: Lahore,Grandeur Hotels,Lahore,standard,1,1,0,6,139.12,834.72
orderid:780906,ZL7-QH8K,orderid:780906,crmid:2493333459,2020-02-06T12:18:34.000Z,kiosk,prd1068,1581077914,1581337114,2020-02-07T12:18:34+00:00,2020-02-10T12:18:34+00:00,Repose Resort: Dhaka,Repose Resort,Dhaka,standard,1,1,0,3,155.75,467.25
orderid:374929,HPV-4CFL,orderid:374929,crmid:4375647898,2019-12-11T16:59:05.000Z,website,prd1070,1576342745,1576601945,2019-12-14T16:59:05+00:00,2019-12-17T16:59:05+00:00,Blue Reef Resort: Jakarta,Blue Reef Resort,Jakarta,premium,1,1,0,3,174.88,524.64
orderid:531468,1R5-3YFH,orderid:531468,crmid:2665991340,2020-01-25T11:56:34.000Z,call center,prd1059,1582286194,1582804594,2020-02-21T11:56:34+00:00,2020-02-27T11:56:34+00:00,Hospitality Inn: Kinshasa,Hospitality Inn,Kinshasa,standard,1,1,0,6,102.59,615.54
orderid:690284,RZO-DJQR,orderid:690284,crmid:5168972103,2020-01-06T10:08:27.000Z,call center,prd1105,1580292507,1580983707,2020-01-29T10:08:27+00:00,2020-02-06T10:08:27+00:00,Admiralty Plaza: Barcelona,Admiralty Plaza,Barcelona,standard,1,1,0,8,142.88,1143.04
orderid:923412,1AG-EY2M,orderid:923412,crmid:5937507649,2019-12-17T16:08:48.000Z,call center,prd1002,1578499728,1579536528,2020-01-08T16:08:48+00:00,2020-01-20T16:08:48+00:00,Restful Nights: Chicago,Restful Nights,Chicago,premium,1,1,0,12,159.85,1918.2
orderid:249257,TVX-ZISV,orderid:249257,crmid:6032355445,2020-02-10T11:25:58.000Z,call center,prd1149,1581420358,1581593158,2020-02-11T11:25:58+00:00,2020-02-13T11:25:58+00:00,Sapphire Suites: San Francisco,Sapphire Suites,San Francisco,luxury,1,1,0,2,314.75,629.5
orderid:116277,HSJ-FPQD,orderid:116277,crmid:9667439664,2020-02-12T22:16:12.000Z,call center,prd1074,1583792172,1584569772,2020-03-09T22:16:12+00:00,2020-03-18T22:16:12+00:00,Restful Nights: Mexico City,Restful Nights,Mexico City,standard,1,1,1,9,163.94,1475.46
orderid:670162,VXW-6AFO,orderid:670162,crmid:2485294571,2019-12-02T01:04:02.000Z,call center,prd1100,1577495042,1578013442,2019-12-28T01:04:02+00:00,2020-01-03T01:04:02+00:00,Aspen Heights: Misk,Aspen Heights,Misk,premium,1,1,0,6,139.68,838.08
orderid:857520,1RO-IXRE,orderid:857520,crmid:9625732639,2020-02-05T14:23:52.000Z,website,prd1058,1581431032,1581603832,2020-02-11T14:23:52+00:00,2020-02-13T14:23:52+00:00,Blue Reef Resort: Delhi,Blue Reef Resort,Delhi,standard,1,1,0,2,139.16,278.32
orderid:929970,KGG-DRXZ,orderid:929970,crmid:5832114207,2019-12-09T10:56:14.000Z,mobile,prd1196,1577962574,1578221774,2020-01-02T10:56:14+00:00,2020-01-05T10:56:14+00:00,Aspen Heights: Moscow,Aspen Heights,Moscow,standard,1,1,1,3,153.79,461.37
orderid:231136,JPD-ERFW,orderid:231136,crmid:3656569736,2020-01-04T05:00:07.000Z,website,prd1088,1579842007,1580533207,2020-01-24T05:00:07+00:00,2020-02-01T05:00:07+00:00,Aspen Heights: Ankara,Aspen Heights,Ankara,standard,1,1,3,8,151.48,1211.84
orderid:769893,CY7-PRGH,orderid:769893,crmid:6525547280,2019-12-13T06:40:25.000Z,website,prd1155,1576910425,1577342425,2019-12-21T06:40:25+00:00,2019-12-26T06:40:25+00:00,Hospitality Inn: Denver,Hospitality Inn,Denver,standard,1,1,2,5,151.42,757.1
orderid:935177,LZR-ZJAE,orderid:935177,crmid:9360900404,2020-01-23T04:57:13.000Z,service desk,prd1195,1579841833,1580014633,2020-01-24T04:57:13+00:00,2020-01-26T04:57:13+00:00,Family Fun Hotels: Lahore,Family Fun Hotels,Lahore,standard,1,1,0,2,131.76,263.52
orderid:417882,8ER-49QO,orderid:417882,crmid:9360900404,2020-01-27T00:00:00.000Z,website,prd1087,1580169600,1580428800,2020-01-28T00:00:00+00:00,2020-01-31T00:00:00+00:00,Family Fun Hotels: Kolkata,Family Fun Hotels,Kolkata,premium,1,1,0,3,149.64,448.92
orderid:285288,6XK-WOCX,orderid:285288,crmid:7897263081,2020-01-22T04:05:46.000Z,website,prd1104,1580443546,1581825946,2020-01-31T04:05:46+00:00,2020-02-16T04:05:46+00:00,Repose Resort: Warsaw,Repose Resort,Warsaw,standard,1,1,2,16,139.05,2224.8
orderid:481181,RFE-HK4B,orderid:481181,crmid:4343590306,2019-12-12T05:50:57.000Z,call center,prd1181,1578203457,1579499457,2020-01-05T05:50:57+00:00,2020-01-20T05:50:57+00:00,Grandeur Hotels: Oakland,Grandeur Hotels,Oakland,standard,1,1,0,15,166.73,2500.95
orderid:735926,J0V-MGCE,orderid:735926,crmid:4175083185,2020-01-17T10:28:47.000Z,call center,prd1135,1580034527,1580725727,2020-01-26T10:28:47+00:00,2020-02-03T10:28:47+00:00,Family Fun Hotels: Vancouver,Family Fun Hotels,Vancouver,luxury,1,1,2,8,257.08,2056.64
orderid:549368,R8E-ADTQ,orderid:549368,crmid:2462745215,2020-02-16T06:28:51.000Z,website,prd1190,1583303331,1583648931,2020-03-04T06:28:51+00:00,2020-03-08T06:28:51+00:00,Blue Reef Resort: Aurora,Blue Reef Resort,Aurora,standard,1,1,0,4,150.42,601.68
orderid:456773,WN7-BQ7N,orderid:456773,crmid:2139096304,2019-12-07T05:48:26.000Z,mobile,prd1033,1577771306,1578462506,2019-12-31T05:48:26+00:00,2020-01-08T05:48:26+00:00,Admiralty Plaza: Milwaukee,Admiralty Plaza,Milwaukee,premium,1,1,1,8,124.42,995.36
orderid:988831,OYI-ZKRY,orderid:988831,crmid:6161477145,2020-01-27T07:54:53.000Z,website,prd1083,1580198093,1580284493,2020-01-28T07:54:53+00:00,2020-01-29T07:54:53+00:00,Hospitality Inn: Bangkok,Hospitality Inn,Bangkok,premium,1,1,0,1,128.16,128.16
orderid:359448,5MA-AGFK,orderid:359448,crmid:8651191525,2019-12-15T05:07:53.000Z,website,prd1089,1577077673,1577682473,2019-12-23T05:07:53+00:00,2019-12-30T05:07:53+00:00,Sapphire Suites: Rome,Sapphire Suites,Rome,premium,1,1,0,7,155.76,1090.32
orderid:256799,UI8-AS60,orderid:256799,crmid:5150112729,2019-12-27T23:14:28.000Z,kiosk,prd1179,1577574868,1578006868,2019-12-28T23:14:28+00:00,2020-01-02T23:14:28+00:00,Hospitality Inn: Miami,Hospitality Inn,Miami,premium,1,1,0,5,82.84,414.2
orderid:110430,DEW-CXAF,orderid:110430,crmid:1959414726,2020-01-13T04:21:23.000Z,website,prd1187,1579580483,1580617283,2020-01-21T04:21:23+00:00,2020-02-02T04:21:23+00:00,Nesting Box Inn: Cleveland,Nesting Box Inn,Cleveland,standard,1,1,0,12,153.15,1837.8
orderid:539492,PZF-EJIU,orderid:539492,crmid:5586310762,2020-02-07T14:30:55.000Z,kiosk,prd1196,1581345055,1581517855,2020-02-10T14:30:55+00:00,2020-02-12T14:30:55+00:00,Aspen Heights: Moscow,Aspen Heights,Moscow,standard,1,1,0,2,142.96,285.92
orderid:612003,R0M-FATF,orderid:612003,crmid:4101829263,2019-12-01T04:53:27.000Z,call center,prd1077,1576731207,1578027207,2019-12-19T04:53:27+00:00,2020-01-03T04:53:27+00:00,Sapphire Suites: Cairo,Sapphire Suites,Cairo,luxury,1,1,0,15,373.19,5597.85
orderid:996701,QCJ-HO8K,orderid:996701,crmid:7700173095,2019-12-18T20:32:36.000Z,kiosk,prd1071,1579206756,1579811556,2020-01-16T20:32:36+00:00,2020-01-23T20:32:36+00:00,Hospitality Inn: Seoul,Hospitality Inn,Seoul,standard,1,1,0,7,146.3,1024.1
orderid:341592,0MR-8MOF,orderid:341592,crmid:8908629115,2020-01-04T03:55:20.000Z,service desk,prd1157,1578196520,1578628520,2020-01-05T03:55:20+00:00,2020-01-10T03:55:20+00:00,Grandeur Hotels: Boston,Grandeur Hotels,Boston,standard,1,1,0,5,127.35,636.75
orderid:355134,UK5-8EN0,orderid:355134,crmid:8843756206,2019-12-17T10:09:41.000Z,kiosk,prd1099,1578478181,1579169381,2020-01-08T10:09:41+00:00,2020-01-16T10:09:41+00:00,Family Fun Hotels: Bucharest,Family Fun Hotels,Bucharest,standard,1,1,2,8,177.23,1417.84
orderid:401799,XX2-UBQL,orderid:401799,crmid:7838235723,2020-02-14T02:10:32.000Z,kiosk,prd1025,1583719832,1585188632,2020-03-09T02:10:32+00:00,2020-03-26T02:10:32+00:00,Grandeur Hotels: Detroit,Grandeur Hotels,Detroit,luxury,1,1,0,17,404.4,6874.8
orderid:581903,DH7-E8UN,orderid:581903,crmid:2974288335,2020-01-23T18:19:30.000Z,mobile,prd1160,1579976370,1580235570,2020-01-25T18:19:30+00:00,2020-01-28T18:19:30+00:00,Aspen Heights: Nashville,Aspen Heights,Nashville,premium,1,1,0,3,142.9,428.7
orderid:211577,EJ8-VOWI,orderid:211577,crmid:9188437207,2020-02-11T23:42:23.000Z,mobile,prd1161,1581982943,1583192543,2020-02-17T23:42:23+00:00,2020-03-02T23:42:23+00:00,Sapphire Suites: Memphis,Sapphire Suites,Memphis,standard,1,1,0,14,116.16,1626.24
orderid:693993,CAJ-OVL4,orderid:693993,crmid:1579091162,2019-12-29T15:50:16.000Z,service desk,prd1141,1579449016,1580140216,2020-01-19T15:50:16+00:00,2020-01-27T15:50:16+00:00,Admiralty Plaza: Phoenix,Admiralty Plaza,Phoenix,luxury,1,1,0,8,400.4,3203.2
orderid:531180,9ZR-FDF7,orderid:531180,crmid:2100026219,2020-01-12T03:37:39.000Z,website,prd1143,1578886659,1578973059,2020-01-13T03:37:39+00:00,2020-01-14T03:37:39+00:00,Hospitality Inn: San Antonio,Hospitality Inn,San Antonio,standard,1,1,0,1,123.07,123.07
orderid:478660,1CP-FMD0,orderid:478660,crmid:8116293911,2020-01-07T09:03:29.000Z,mobile,prd1103,1578819809,1579079009,2020-01-12T09:03:29+00:00,2020-01-15T09:03:29+00:00,Nesting Box Inn: Hamburg,Nesting Box Inn,Hamburg,standard,1,1,0,3,76.82,230.46
orderid:773969,M46-JJ9V,orderid:773969,crmid:5362545260,2020-01-14T05:16:13.000Z,website,prd1031,1580966173,1581484573,2020-02-06T05:16:13+00:00,2020-02-12T05:16:13+00:00,Nesting Box Inn: Louisville,Nesting Box Inn,Louisville,standard,1,1,3,6,133.67,802.02
orderid:512679,WP5-BMDR,orderid:512679,crmid:8476212177,2019-12-03T18:04:51.000Z,mobile,prd1177,1577901891,1578074691,2020-01-01T18:04:51+00:00,2020-01-03T18:04:51+00:00,Admiralty Plaza: Raleigh,Admiralty Plaza,Raleigh,standard,1,1,0,2,152.4,304.8
orderid:752930,2XW-DHHQ,orderid:752930,crmid:8652547749,2020-01-01T17:42:57.000Z,kiosk,prd1152,1579714977,1580233377,2020-01-22T17:42:57+00:00,2020-01-28T17:42:57+00:00,Repose Resort: Indianapolis,Repose Resort,Indianapolis,standard,1,1,0,6,162.18,973.08
orderid:269124,WRZ-B1RF,orderid:269124,crmid:9820245534,2020-01-26T11:31:35.000Z,website,prd1021,1581075095,1581766295,2020-02-07T11:31:35+00:00,2020-02-15T11:31:35+00:00,Admiralty Plaza: Denver,Admiralty Plaza,Denver,standard,1,1,3,8,142.0,1136.0
orderid:595421,LAR-EW1C,orderid:595421,crmid:7944068803,2020-01-04T03:03:43.000Z,kiosk,prd1122,1580612623,1582167823,2020-02-02T03:03:43+00:00,2020-02-20T03:03:43+00:00,Restful Nights: Valencia,Restful Nights,Valencia,standard,1,1,0,18,141.52,2547.36
orderid:521599,DUQ-QDP8,orderid:521599,crmid:4767472442,2019-12-02T08:16:41.000Z,mobile,prd1123,1577089001,1577521001,2019-12-23T08:16:41+00:00,2019-12-28T08:16:41+00:00,Family Fun Hotels: Amsterdam,Family Fun Hotels,Amsterdam,standard,1,1,0,5,132.15,660.75
orderid:609850,3MQ-KDAY,orderid:609850,crmid:4523303050,2020-01-26T16:13:18.000Z,kiosk,prd1028,1580487198,1580746398,2020-01-31T16:13:18+00:00,2020-02-03T16:13:18+00:00,Aspen Heights: Portland,Aspen Heights,Portland,standard,1,1,0,3,120.16,360.48
orderid:705395,KPD-PKQB,orderid:705395,crmid:5154374688,2020-01-11T12:51:25.000Z,website,prd1093,1578833485,1579092685,2020-01-12T12:51:25+00:00,2020-01-15T12:51:25+00:00,Admiralty Plaza: Yokohama,Admiralty Plaza,Yokohama,standard,1,1,0,3,158.93,476.79
orderid:125087,LUW-MFS5,orderid:125087,crmid:8493354900,2019-12-22T23:08:52.000Z,website,prd1075,1578092932,1578956932,2020-01-03T23:08:52+00:00,2020-01-13T23:08:52+00:00,Family Fun Hotels: Bangalore,Family Fun Hotels,Bangalore,standard,1,1,0,10,144.38,1443.8
orderid:422740,AL3-TE9F,orderid:422740,crmid:6129765828,2020-01-24T07:13:01.000Z,mobile,prd1021,1581405181,1582009981,2020-02-11T07:13:01+00:00,2020-02-18T07:13:01+00:00,Admiralty Plaza: Denver,Admiralty Plaza,Denver,premium,1,1,1,7,188.18,1317.26
orderid:492783,1CZ-52PP,orderid:492783,crmid:9422928395,2019-12-23T05:12:11.000Z,website,prd1094,1578978731,1579324331,2020-01-14T05:12:11+00:00,2020-01-18T05:12:11+00:00,Blue Reef Resort: Berlin,Blue Reef Resort,Berlin,standard,1,1,0,4,163.88,655.52
orderid:460646,PMG-AWEB,orderid:460646,crmid:1292443785,2019-12-28T01:02:54.000Z,website,prd1021,1579309374,1580000574,2020-01-18T01:02:54+00:00,2020-01-26T01:02:54+00:00,Admiralty Plaza: Denver,Admiralty Plaza,Denver,premium,1,1,0,8,130.59,1044.72
