id,reservationid,orderid,crmid,timestamp,orderType,productsku,hotelCheckInUnix,hotelCheckOutUnix,hotelCheckInTS,hotelCheckOutTS,hotelName,hotelChain,hotelLocation,hotelRoomType,hotelRoomCount,hotelGuestAdultCount,hotelGuestChildCount,hotelNightCount,hotelRoomPrice,hotelFinalPrice
f40e39e2-7dd9-11ea-9490-b88a60e194fb,JYC-PWQI,orderid:384733,crmid:3562848828,2020-03-11T02:19:06.000Z,mobile,prd1046,1584757146,1585707546,2020-03-21T02:19:06.000Z,2020-04-01T02:19:06.000Z,Blue Reef Resort: Virginia Beach,Blue Reef Resort,Virginia Beach,standard,1,1,0,11,181.11,1992.21
f40fc08a-7dd9-11ea-a4bb-b88a60e194fb,5WF-133E,orderid:884691,crmid:4632273090,2020-03-17T20:31:40.000Z,call center,prd1005,1584995500,1585168300,2020-03-23T20:31:40.000Z,2020-03-25T20:31:40.000Z,Sapphire Suites: Los Angeles,Sapphire Suites,Los Angeles,premium,1,1,0,2,174.38,348.76
f40fe79c-7dd9-11ea-9767-b88a60e194fb,SYD-GRXC,orderid:490341,crmid:4632273090,2020-03-26T00:00:00.000Z,call center,prd1158,1585440000,1585526400,2020-03-29T00:00:00.000Z,2020-03-30T00:00:00.000Z,Restful Nights: El Paso,Restful Nights,El Paso,standard,1,1,0,1,152.39,152.39
f4120a7e-7dd9-11ea-af57-b88a60e194fb,OOS-VGMT,orderid:105527,crmid:4857307468,2020-03-18T20:09:04.000Z,kiosk,prd1141,1586981344,1587586144,2020-04-15T20:09:04.000Z,2020-04-22T20:09:04.000Z,Admiralty Plaza: Phoenix,Admiralty Plaza,Phoenix,premium,1,1,3,7,148.32,1038.24
f4147b70-7dd9-11ea-a434-b88a60e194fb,DIN-U4PY,orderid:936682,crmid:4882937504,2020-03-25T04:50:48.000Z,kiosk,prd1069,1587617448,1588395048,2020-04-23T04:50:48.000Z,2020-05-02T04:50:48.000Z,Admiralty Plaza: Singapore,Admiralty Plaza,Singapore,standard,1,1,1,9,141.96,1277.64
f416ec7a-7dd9-11ea-8057-b88a60e194fb,AC0-RIYN,orderid:752578,crmid:5630654180,2020-03-13T23:07:42.000Z,call center,prd1107,1585868862,1586387262,2020-04-02T23:07:42.000Z,2020-04-08T23:07:42.000Z,Hospitality Inn: Kharkiv,Hospitality Inn,Kharkiv,ultra-luxury,1,1,0,6,315.97,1895.82
f4198474-7dd9-11ea-9fba-b88a60e194fb,QZD-SSSB,orderid:818002,crmid:1595683014,2020-03-06T18:05:16.000Z,call center,prd1108,1583604316,1583777116,2020-03-07T18:05:16.000Z,2020-03-09T18:05:16.000Z,Sandhill: Milan,Sandhill,Milan,standard,1,1,0,2,81.08,162.16
f419d28a-7dd9-11ea-900a-b88a60e194fb,DYJ-S6ZV,orderid:518465,crmid:1595683014,2020-03-10T00:00:00.000Z,kiosk,prd1022,1584144000,1584403200,2020-03-14T00:00:00.000Z,2020-03-17T00:00:00.000Z,Blue Reef Resort: Washington DC,Blue Reef Resort,Washington DC,luxury,1,1,0,3,345.98,1037.94
f41c6a9c-7dd9-11ea-b070-b88a60e194fb,8RC-JDF7,orderid:825615,crmid:8659957058,2020-03-29T02:52:26.000Z,mobile,prd1155,1585536746,1585795946,2020-03-30T02:52:26.000Z,2020-04-02T02:52:26.000Z,Hospitality Inn: Denver,Hospitality Inn,Denver,standard,1,1,0,3,117.2,351.6
f41cb8ca-7dd9-11ea-a1ca-b88a60e194fb,I3R-WZMV,orderid:818177,crmid:8659957058,2020-04-03T00:00:00.000Z,kiosk,prd1040,1586304000,1586390400,2020-04-08T00:00:00.000Z,2020-04-09T00:00:00.000Z,Aspen Heights: Atlanta,Aspen Heights,Atlanta,premium,1,1,0,1,85.65,85.65
f41edb98-7dd9-11ea-95fd-b88a60e194fb,H3O-CX19,orderid:697185,crmid:3621046425,2020-03-23T12:18:36.000Z,call center,prd1062,1585052316,1585138716,2020-03-24T12:18:36.000Z,2020-03-25T12:18:36.000Z,Restful Nights: Moscow,Restful Nights,Moscow,standard,1,1,0,1,119.14,119.14
f4214cc8-7dd9-11ea-b5ca-b88a60e194fb,LI5-WNWG,orderid:339811,crmid:2614211728,2020-03-04T10:44:28.000Z,kiosk,prd1142,1585046668,1585565068,2020-03-24T10:44:28.000Z,2020-03-30T10:44:28.000Z,Blue Reef Resort: Philadelphia,Blue Reef Resort,Philadelphia,premium,1,1,0,6,133.38,800.28
f423969a-7dd9-11ea-acdb-b88a60e194fb,VUN-DR7X,orderid:626208,crmid:4571461835,2020-03-21T01:16:28.000Z,call center,prd1045,1586481388,1586654188,2020-04-10T01:16:28.000Z,2020-04-12T01:16:28.000Z,Admiralty Plaza: Miami,Admiralty Plaza,Miami,luxury,1,1,0,2,234.82,469.64
f425e070-7dd9-11ea-9f89-b88a60e194fb,MYZ-XHYX,orderid:370026,crmid:9792471742,2020-03-12T02:10:55.000Z,kiosk,prd1005,1585966255,1587003055,2020-04-04T02:10:55.000Z,2020-04-16T02:10:55.000Z,Sapphire Suites: Los Angeles,Sapphire Suites,Los Angeles,standard,1,1,1,12,128.44,1541.28
f428517a-7dd9-11ea-b485-b88a60e194fb,PQS-9ZO8,orderid:189067,crmid:6892799544,2020-03-04T23:52:13.000Z,service desk,prd1004,1583970733,1584489133,2020-03-11T23:52:13.000Z,2020-03-17T23:52:13.000Z,Aspen Heights: Boulder,Aspen Heights,Boulder,premium,1,1,0,6,91.68,550.08
f42b5ed2-7dd9-11ea-a9b3-b88a60e194fb,TXC-SXFG,orderid:436707,crmid:4746711151,2020-03-02T06:57:33.000Z,kiosk,prd1057,1583391453,1583564253,2020-03-05T06:57:33.000Z,2020-03-07T06:57:33.000Z,Admiralty Plaza: Mumbai,Admiralty Plaza,Mumbai,premium,1,1,0,2,131.97,263.94
f42dcfb4-7dd9-11ea-b6a3-b88a60e194fb,MEW-QLKR,orderid:205375,crmid:6385801628,2020-03-27T11:49:24.000Z,mobile,prd1071,1587383364,1588852164,2020-04-20T11:49:24.000Z,2020-05-07T11:49:24.000Z,Hospitality Inn: Seoul,Hospitality Inn,Seoul,standard,1,1,0,17,146.6,2492.2
f43067d4-7dd9-11ea-a71b-b88a60e194fb,TQB-XDMJ,orderid:854292,crmid:6342952956,2020-03-30T21:05:26.000Z,call center,prd1100,1587935126,1588626326,2020-04-26T21:05:26.000Z,2020-05-04T21:05:26.000Z,Aspen Heights: Misk,Aspen Heights,Misk,premium,1,1,0,8,145.35,1162.8
f4328a9e-7dd9-11ea-be1f-b88a60e194fb,L3T-WTLR,orderid:383864,crmid:8127255497,2020-03-14T02:16:57.000Z,call center,prd1017,1584238617,1584411417,2020-03-15T02:16:57.000Z,2020-03-17T02:16:57.000Z,Sapphire Suites: Fort Worth,Sapphire Suites,Fort Worth,premium,1,1,0,2,162.92,325.84
f434fba6-7dd9-11ea-ac51-b88a60e194fb,JDJ-PTES,orderid:727897,crmid:6879448429,2020-03-02T10:48:45.000Z,kiosk,prd1063,1583232525,1583318925,2020-03-03T10:48:45.000Z,2020-03-04T10:48:45.000Z,Family Fun Hotels: London,Family Fun Hotels,London,standard,1,1,0,1,166.92,166.92
f4382ffa-7dd9-11ea-afe7-b88a60e194fb,4TZ-ZKGI,orderid:186281,crmid:1280061570,2020-03-21T01:41:42.000Z,call center,prd1092,1585446102,1586569302,2020-03-29T01:41:42.000Z,2020-04-11T01:41:42.000Z,Repose Resort: Cape Town,Repose Resort,Cape Town,standard,1,1,0,13,142.62,1854.06
f43aa0f6-7dd9-11ea-a993-b88a60e194fb,I0N-LYKQ,orderid:817176,crmid:4714465765,2020-03-29T15:02:20.000Z,call center,prd1004,1585580540,1585839740,2020-03-30T15:02:20.000Z,2020-04-02T15:02:20.000Z,Aspen Heights: Boulder,Aspen Heights,Boulder,standard,1,1,0,3,168.2,504.6
f43ac7f4-7dd9-11ea-8d09-b88a60e194fb,ZHZ-OIZ7,orderid:301467,crmid:4714465765,2020-04-03T00:00:00.000Z,kiosk,prd1143,1586044800,1586304000,2020-04-05T00:00:00.000Z,2020-04-08T00:00:00.000Z,Hospitality Inn: San Antonio,Hospitality Inn,San Antonio,standard,1,1,0,3,82.83,248.49
f43b161e-7dd9-11ea-9f19-b88a60e194fb,FVX-MYKJ,orderid:238226,crmid:4714465765,2020-04-10T00:00:00.000Z,kiosk,prd1178,1586563200,1586649600,2020-04-11T00:00:00.000Z,2020-04-12T00:00:00.000Z,Blue Reef Resort: Colorado Springs,Blue Reef Resort,Colorado Springs,standard,1,1,0,1,147.52,147.52
f43d8712-7dd9-11ea-8e96-b88a60e194fb,HJN-MJYY,orderid:269486,crmid:3725078774,2020-03-16T14:33:31.000Z,mobile,prd1023,1584455611,1584542011,2020-03-17T14:33:31.000Z,2020-03-18T14:33:31.000Z,Hospitality Inn: Boston,Hospitality Inn,Boston,standard,1,1,0,1,136.06,136.06
f43fd124-7dd9-11ea-b364-b88a60e194fb,HKM-M2J4,orderid:126982,crmid:2684401041,2020-03-31T08:04:22.000Z,call center,prd1052,1587715462,1588320262,2020-04-24T08:04:22.000Z,2020-05-01T08:04:22.000Z,Aspen Heights: Wichita,Aspen Heights,Wichita,luxury,1,1,2,7,385.71,2699.97
f442420c-7dd9-11ea-9b59-b88a60e194fb,RKF-ETAH,orderid:229337,crmid:5406705248,2020-03-29T00:50:54.000Z,kiosk,prd1154,1585961454,1586739054,2020-04-04T00:50:54.000Z,2020-04-13T00:50:54.000Z,Blue Reef Resort: Seattle,Blue Reef Resort,Seattle,standard,1,1,4,9,113.3,1019.7
f444da34-7dd9-11ea-83b8-b88a60e194fb,QXE-8J4Z,orderid:446166,crmid:8729545358,2020-03-01T11:47:32.000Z,call center,prd1131,1584618452,1585136852,2020-03-19T11:47:32.000Z,2020-03-25T11:47:32.000Z,Hospitality Inn: Sheffield,Hospitality Inn,Sheffield,standard,1,1,1,6,176.29,1057.74
f447c052-7dd9-11ea-97f4-b88a60e194fb,Z7G-GERL,orderid:114619,crmid:4804233761,2020-03-22T07:58:40.000Z,kiosk,prd1079,1584950320,1585209520,2020-03-23T07:58:40.000Z,2020-03-26T07:58:40.000Z,Nesting Box Inn: Chennai,Nesting Box Inn,Chennai,standard,1,1,0,3,118.96,356.88
f449bc14-7dd9-11ea-86e4-b88a60e194fb,8AW-WEGN,orderid:268057,crmid:6275331348,2020-03-23T08:29:17.000Z,call center,prd1142,1585902557,1585988957,2020-04-03T08:29:17.000Z,2020-04-04T08:29:17.000Z,Blue Reef Resort: Philadelphia,Blue Reef Resort,Philadelphia,presidential-suite,1,1,0,1,808.9,808.9
f44bdf0a-7dd9-11ea-87be-b88a60e194fb,PXD-VIYY,orderid:203069,crmid:6646600314,2020-03-12T10:55:58.000Z,kiosk,prd1191,1584096958,1584528958,2020-03-13T10:55:58.000Z,2020-03-18T10:55:58.000Z,Hospitality Inn: Mumbai,Hospitality Inn,Mumbai,luxury,1,1,0,5,284.61,1423.05
f44c2d0c-7dd9-11ea-85f9-b88a60e194fb,WIU-BPVB,orderid:565765,crmid:6646600314,2020-03-20T00:00:00.000Z,kiosk,prd1073,1584748800,1584835200,2020-03-21T00:00:00.000Z,2020-03-22T00:00:00.000Z,Grandeur Hotels: Lima,Grandeur Hotels,Lima,standard,1,1,0,1,134.42,134.42
f44e9e00-7dd9-11ea-9bcf-b88a60e194fb,I8T-QLBI,orderid:403335,crmid:9478076171,2020-03-01T18:31:39.000Z,kiosk,prd1010,1585593099,1586975499,2020-03-30T18:31:39.000Z,2020-04-15T18:31:39.000Z,Blue Reef Resort: San Diego,Blue Reef Resort,San Diego,standard,1,1,4,16,152.7,2443.2
f4509a64-7dd9-11ea-928f-b88a60e194fb,REJ-YJVJ,orderid:330000,crmid:6158284203,2020-03-29T05:10:08.000Z,mobile,prd1053,1587445808,1587705008,2020-04-21T05:10:08.000Z,2020-04-24T05:10:08.000Z,Sapphire Suites: Cleveland,Sapphire Suites,Cleveland,standard,1,1,0,3,182.91,548.73
f45295b6-7dd9-11ea-98d9-b88a60e194fb,IAG-4LN8,orderid:698642,crmid:5753264027,2020-03-23T14:51:29.000Z,mobile,prd1119,1586789489,1587221489,2020-04-13T14:51:29.000Z,2020-04-18T14:51:29.000Z,Hospitality Inn: Turin,Hospitality Inn,Turin,standard,1,1,0,5,163.0,815.0
f454dfcc-7dd9-11ea-a140-b88a60e194fb,BLJ-LFTG,orderid:317177,crmid:8448579210,2020-03-10T07:37:02.000Z,call center,prd1160,1584862622,1585035422,2020-03-22T07:37:02.000Z,2020-03-24T07:37:02.000Z,Aspen Heights: Nashville,Aspen Heights,Nashville,standard,1,1,0,2,118.22,236.44
f4570288-7dd9-11ea-bb8c-b88a60e194fb,NCL-XS9L,orderid:312839,crmid:4633181565,2020-03-17T01:46:00.000Z,call center,prd1129,1586310360,1586655960,2020-04-08T01:46:00.000Z,2020-04-12T01:46:00.000Z,Admiralty Plaza: Helsinki,Admiralty Plaza,Helsinki,standard,1,1,0,4,119.83,479.32
f4594c68-7dd9-11ea-9e8b-b88a60e194fb,UIU-RREH,orderid:933998,crmid:1509701695,2020-03-12T22:03:54.000Z,mobile,prd1135,1584569034,1584741834,2020-03-18T22:03:54.000Z,2020-03-20T22:03:54.000Z,Family Fun Hotels: Vancouver,Family Fun Hotels,Vancouver,standard,1,1,0,2,120.66,241.32
f45be492-7dd9-11ea-bf63-b88a60e194fb,CUY-LOSN,orderid:991867,crmid:3678419013,2020-03-28T22:55:32.000Z,call center,prd1107,1587509732,1587682532,2020-04-21T22:55:32.000Z,2020-04-23T22:55:32.000Z,Hospitality Inn: Kharkiv,Hospitality Inn,Kharkiv,standard,1,1,0,2,163.75,327.5
f45e5574-7dd9-11ea-a14a-b88a60e194fb,UBC-QRSW,orderid:182263,crmid:9439542670,2020-03-28T23:24:18.000Z,service desk,prd1167,1585956258,1586561058,2020-04-03T23:24:18.000Z,2020-04-10T23:24:18.000Z,Hospitality Inn: Milwaukee,Hospitality Inn,Milwaukee,standard,1,1,0,7,144.87,1014.09
f4607868-7dd9-11ea-b53b-b88a60e194fb,S4V-QRKR,orderid:317304,crmid:2224549076,2020-03-02T01:46:47.000Z,kiosk,prd1010,1583200007,1583286407,2020-03-03T01:46:47.000Z,2020-03-04T01:46:47.000Z,Blue Reef Resort: San Diego,Blue Reef Resort,San Diego,luxury,1,1,0,1,339.02,339.02
f4629b3a-7dd9-11ea-bbf2-b88a60e194fb,TBA-WBJB,orderid:718144,crmid:7451920790,2020-03-20T00:55:01.000Z,mobile,prd1142,1584752101,1584838501,2020-03-21T00:55:01.000Z,2020-03-22T00:55:01.000Z,Blue Reef Resort: Philadelphia,Blue Reef Resort,Philadelphia,standard,1,1,0,1,135.78,135.78
f464bea4-7dd9-11ea-8715-b88a60e194fb,UIJ-2BXM,orderid:380560,crmid:1434574390,2020-03-20T17:29:53.000Z,kiosk,prd1013,1585157393,1586194193,2020-03-25T17:29:53.000Z,2020-04-06T17:29:53.000Z,Grandeur Hotels: Austin,Grandeur Hotels,Austin,standard,1,1,3,12,141.64,1699.68
f4672f06-7dd9-11ea-ad05-b88a60e194fb,AMM-8MUK,orderid:488350,crmid:6124389193,2020-03-30T14:12:20.000Z,service desk,prd1026,1585663940,1585836740,2020-03-31T14:12:20.000Z,2020-04-02T14:12:20.000Z,Restful Nights: Nashville,Restful Nights,Nashville,standard,1,1,0,2,141.67,283.34
f46951ec-7dd9-11ea-aea0-b88a60e194fb,E5U-EXEL,orderid:580537,crmid:7712877607,2020-03-31T06:46:05.000Z,call center,prd1130,1586328365,1586846765,2020-04-08T06:46:05.000Z,2020-04-14T06:46:05.000Z,Blue Reef Resort: Bremen,Blue Reef Resort,Bremen,standard,1,1,0,6,85.08,510.48
f46bc2e8-7dd9-11ea-a905-b88a60e194fb,UFX-LETN,orderid:944204,crmid:2606788218,2020-03-16T01:41:51.000Z,kiosk,prd1055,1584582111,1584927711,2020-03-19T01:41:51.000Z,2020-03-23T01:41:51.000Z,Nesting Box Inn: Bakersfield,Nesting Box Inn,Bakersfield,standard,1,1,0,4,146.62,586.48
f46be9f0-7dd9-11ea-9406-b88a60e194fb,ZNH-WFB6,orderid:638907,crmid:2606788218,2020-03-24T00:00:00.000Z,call center,prd1047,1585094400,1585180800,2020-03-25T00:00:00.000Z,2020-03-26T00:00:00.000Z,Hospitality Inn: Oakland,Hospitality Inn,Oakland,luxury,1,1,0,1,304.09,304.09
f46e0cd0-7dd9-11ea-966e-b88a60e194fb,TZF-VW9E,orderid:781811,crmid:2357311433,2020-03-26T22:01:52.000Z,mobile,prd1038,1587160912,1587679312,2020-04-17T22:01:52.000Z,2020-04-23T22:01:52.000Z,Restful Nights: Mesa,Restful Nights,Mesa,standard,1,1,0,6,127.3,763.8
f47056c2-7dd9-11ea-8c88-b88a60e194fb,YND-UQT8,orderid:169421,crmid:9574089318,2020-03-14T17:30:40.000Z,call center,prd1002,1584293440,1584639040,2020-03-15T17:30:40.000Z,2020-03-19T17:30:40.000Z,Restful Nights: Chicago,Restful Nights,Chicago,standard,1,1,0,4,118.34,473.36
f4727998-7dd9-11ea-b08b-b88a60e194fb,YH2-I5WF,orderid:753719,crmid:2991551064,2020-03-01T00:41:11.000Z,call center,prd1009,1583109671,1583196071,2020-03-02T00:41:11.000Z,2020-03-03T00:41:11.000Z,Admiralty Plaza: San Antonio,Admiralty Plaza,San Antonio,premium,1,1,0,1,162.21,162.21
f4749c8c-7dd9-11ea-991b-b88a60e194fb,ES6-VMAI,orderid:169711,crmid:2774469826,2020-03-09T03:26:05.000Z,kiosk,prd1173,1585365965,1586057165,2020-03-28T03:26:05.000Z,2020-04-05T03:26:05.000Z,Sapphire Suites: Kansas City,Sapphire Suites,Kansas City,presidential-suite,1,1,0,8,802.34,6418.72
f476e682-7dd9-11ea-883d-b88a60e194fb,BU6-JBUW,orderid:786951,crmid:9035548804,2020-03-10T04:01:03.000Z,call center,prd1035,1583899263,1584072063,2020-03-11T04:01:03.000Z,2020-03-13T04:01:03.000Z,Hospitality Inn: Tucson,Hospitality Inn,Tucson,standard,1,1,0,2,156.31,312.62
f47a1aba-7dd9-11ea-a671-b88a60e194fb,TZQ-C8UG,orderid:513162,crmid:3964172177,2020-03-18T23:30:36.000Z,mobile,prd1109,1586734236,1587252636,2020-04-12T23:30:36.000Z,2020-04-18T23:30:36.000Z,Grandeur Hotels: Belgrade,Grandeur Hotels,Belgrade,ultra-luxury,1,1,0,6,272.6,1635.6
f47c64ae-7dd9-11ea-a87a-b88a60e194fb,UXT-IQU2,orderid:279723,crmid:8488426323,2020-03-06T20:46:25.000Z,kiosk,prd1172,1584218785,1584823585,2020-03-14T20:46:25.000Z,2020-03-21T20:46:25.000Z,Aspen Heights: Mesa,Aspen Heights,Mesa,standard,1,1,0,7,133.29,933.03
f485655c-7dd9-11ea-b39b-b88a60e194fb,LFQ-EQO4,orderid:509903,crmid:8197572781,2020-03-31T06:12:32.000Z,mobile,prd1023,1585807952,1585894352,2020-04-02T06:12:32.000Z,2020-04-03T06:12:32.000Z,Hospitality Inn: Boston,Hospitality Inn,Boston,premium,1,1,0,1,113.79,113.79
f48a6e74-7dd9-11ea-8aa9-b88a60e194fb,CCY-LNGQ,orderid:520518,crmid:2557629839,2020-03-03T02:12:11.000Z,call center,prd1053,1584670331,1584929531,2020-03-20T02:12:11.000Z,2020-03-23T02:12:11.000Z,Sapphire Suites: Cleveland,Sapphire Suites,Cleveland,standard,1,1,0,3,134.03,402.09
f48d067e-7dd9-11ea-96f1-b88a60e194fb,RX7-AQBG,orderid:609657,crmid:6604329089,2020-03-02T18:37:40.000Z,call center,prd1165,1585507060,1586198260,2020-03-29T18:37:40.000Z,2020-04-06T18:37:40.000Z,Admiralty Plaza: Louisville,Admiralty Plaza,Louisville,premium,1,1,0,8,130.08,1040.64
f4912550-7dd9-11ea-9c47-b88a60e194fb,4NI-FE7U,orderid:923740,crmid:6527613932,2020-03-17T10:15:11.000Z,kiosk,prd1088,1586081711,1586859311,2020-04-05T10:15:11.000Z,2020-04-14T10:15:11.000Z,Aspen Heights: Ankara,Aspen Heights,Ankara,standard,1,1,0,9,105.45,949.05
f4945988-7dd9-11ea-838f-b88a60e194fb,Q8N-LLPM,orderid:848921,crmid:9724990463,2020-03-12T10:00:04.000Z,mobile,prd1104,1584093604,1584180004,2020-03-13T10:00:04.000Z,2020-03-14T10:00:04.000Z,Repose Resort: Warsaw,Repose Resort,Warsaw,standard,1,1,0,1,169.81,169.81
f496a35a-7dd9-11ea-a9ee-b88a60e194fb,FJE-B4PE,orderid:191216,crmid:4873671331,2020-03-22T01:12:24.000Z,service desk,prd1157,1585012344,1585703544,2020-03-24T01:12:24.000Z,2020-04-01T01:12:24.000Z,Grandeur Hotels: Boston,Grandeur Hotels,Boston,premium,1,1,0,8,157.9,1263.2
f4996288-7dd9-11ea-a16d-b88a60e194fb,NI6-TDAZ,orderid:190535,crmid:9796676444,2020-03-02T04:03:49.000Z,kiosk,prd1004,1584590629,1585022629,2020-03-19T04:03:49.000Z,2020-03-24T04:03:49.000Z,Aspen Heights: Boulder,Aspen Heights,Boulder,standard,1,1,0,5,156.95,784.75
f49b8552-7dd9-11ea-951b-b88a60e194fb,FVG-KJVQ,orderid:413994,crmid:3343354364,2020-03-18T07:20:30.000Z,call center,prd1172,1584602430,1584948030,2020-03-19T07:20:30.000Z,2020-03-23T07:20:30.000Z,Aspen Heights: Mesa,Aspen Heights,Mesa,premium,1,1,0,4,137.19,548.76
f49bd386-7dd9-11ea-8ade-b88a60e194fb,I5H-RWTN,orderid:515931,crmid:3343354364,2020-03-25T00:00:00.000Z,call center,prd1127,1585180800,1585353600,2020-03-26T00:00:00.000Z,2020-03-28T00:00:00.000Z,Nesting Box Inn: Glasgow,Nesting Box Inn,Glasgow,premium,1,1,0,2,163.72,327.44
f49df64c-7dd9-11ea-b790-b88a60e194fb,4PH-TE6B,orderid:880861,crmid:4976831325,2020-03-15T19:12:21.000Z,kiosk,prd1028,1586373141,1587409941,2020-04-08T19:12:21.000Z,2020-04-20T19:12:21.000Z,Aspen Heights: Portland,Aspen Heights,Portland,premium,1,1,0,12,167.34,2008.08
f4a0b58c-7dd9-11ea-a851-b88a60e194fb,ZNL-RVDB,orderid:152136,crmid:3521245682,2020-03-31T14:11:22.000Z,call center,prd1105,1586441482,1586700682,2020-04-09T14:11:22.000Z,2020-04-12T14:11:22.000Z,Admiralty Plaza: Barcelona,Admiralty Plaza,Barcelona,luxury,1,1,0,3,284.69,854.07
f4a2ff68-7dd9-11ea-a1f4-b88a60e194fb,6WE-R9IX,orderid:638737,crmid:2974098607,2020-03-20T03:50:40.000Z,kiosk,prd1177,1584762640,1585021840,2020-03-21T03:50:40.000Z,2020-03-24T03:50:40.000Z,Admiralty Plaza: Raleigh,Admiralty Plaza,Raleigh,premium,1,1,0,3,94.81,284.43
f4a52234-7dd9-11ea-8c71-b88a60e194fb,W1B-JXQW,orderid:584177,crmid:6104111250,2020-03-12T22:31:45.000Z,kiosk,prd1141,1585866705,1586557905,2020-04-02T22:31:45.000Z,2020-04-10T22:31:45.000Z,Admiralty Plaza: Phoenix,Admiralty Plaza,Phoenix,standard,1,1,3,8,144.51,1156.08
f4a71e0a-7dd9-11ea-86e9-b88a60e194fb,3HN-GLTF,orderid:257733,crmid:1291262566,2020-03-09T01:04:22.000Z,mobile,prd1107,1583802262,1584320662,2020-03-10T01:04:22.000Z,2020-03-16T01:04:22.000Z,Hospitality Inn: Kharkiv,Hospitality Inn,Kharkiv,luxury,1,1,0,6,294.69,1768.14
f4a8cbbe-7dd9-11ea-9c63-b88a60e194fb,LNM-BPNO,orderid:928713,crmid:8370314676,2020-03-13T01:06:21.000Z,call center,prd1130,1584579981,1584839181,2020-03-19T01:06:21.000Z,2020-03-22T01:06:21.000Z,Blue Reef Resort: Bremen,Blue Reef Resort,Bremen,standard,1,1,0,3,188.62,565.86
f4aa2b3a-7dd9-11ea-8b67-b88a60e194fb,4WC-CIRT,orderid:594222,crmid:1131497584,2020-03-12T01:16:04.000Z,kiosk,prd1046,1584580564,1585703764,2020-03-19T01:16:04.000Z,2020-04-01T01:16:04.000Z,Blue Reef Resort: Virginia Beach,Blue Reef Resort,Virginia Beach,standard,1,1,0,13,82.92,1077.96
f4abb1ee-7dd9-11ea-b0ec-b88a60e194fb,QSU-D3FT,orderid:491306,crmid:3177677850,2020-03-31T21:36:19.000Z,call center,prd1010,1587850579,1588973779,2020-04-25T21:36:19.000Z,2020-05-08T21:36:19.000Z,Blue Reef Resort: San Diego,Blue Reef Resort,San Diego,ultra-luxury,1,1,3,13,185.04,2405.52
f4acea6e-7dd9-11ea-b371-b88a60e194fb,IOY-FNWU,orderid:867394,crmid:5590390848,2020-03-07T22:03:59.000Z,call center,prd1009,1583877839,1583964239,2020-03-10T22:03:59.000Z,2020-03-11T22:03:59.000Z,Admiralty Plaza: San Antonio,Admiralty Plaza,San Antonio,standard,1,1,0,1,162.35,162.35
f4ae7118-7dd9-11ea-abb5-b88a60e194fb,KA4-E4ZO,orderid:231531,crmid:4124543949,2020-03-19T03:03:15.000Z,call center,prd1181,1586401395,1586660595,2020-04-09T03:03:15.000Z,2020-04-12T03:03:15.000Z,Grandeur Hotels: Oakland,Grandeur Hotels,Oakland,standard,1,1,0,3,174.25,522.75
f4afd092-7dd9-11ea-a8f3-b88a60e194fb,LLR-08HG,orderid:645691,crmid:2513487287,2020-03-14T20:33:44.000Z,call center,prd1182,1585946024,1586118824,2020-04-03T20:33:44.000Z,2020-04-05T20:33:44.000Z,Restful Nights: Minneapolis,Restful Nights,Minneapolis,standard,1,1,0,2,126.58,253.16
f4b17e88-7dd9-11ea-8a79-b88a60e194fb,KEM-MWUK,orderid:591636,crmid:2149264850,2020-03-05T05:16:50.000Z,call center,prd1038,1583471810,1583817410,2020-03-06T05:16:50.000Z,2020-03-10T05:16:50.000Z,Restful Nights: Mesa,Restful Nights,Mesa,standard,1,1,0,4,104.34,417.36
f4b304ec-7dd9-11ea-8053-b88a60e194fb,EBP-HPYN,orderid:217710,crmid:2190445641,2020-03-02T15:48:46.000Z,call center,prd1178,1585496926,1586274526,2020-03-29T15:48:46.000Z,2020-04-07T15:48:46.000Z,Blue Reef Resort: Colorado Springs,Blue Reef Resort,Colorado Springs,standard,1,1,0,9,87.28,785.52
f4b48b7a-7dd9-11ea-8b45-b88a60e194fb,JAT-8FWJ,orderid:182743,crmid:2289309147,2020-03-03T09:33:44.000Z,call center,prd1007,1583314424,1583400824,2020-03-04T09:33:44.000Z,2020-03-05T09:33:44.000Z,Nesting Box Inn: Phoenix,Nesting Box Inn,Phoenix,standard,1,1,0,1,161.52,161.52
f4b6121c-7dd9-11ea-92a6-b88a60e194fb,HJT-VYRT,orderid:722903,crmid:1467290628,2020-03-13T13:49:37.000Z,mobile,prd1142,1585662577,1587304177,2020-03-31T13:49:37.000Z,2020-04-19T13:49:37.000Z,Blue Reef Resort: Philadelphia,Blue Reef Resort,Philadelphia,luxury,1,1,0,19,347.37,6600.03
f4b74a9a-7dd9-11ea-9677-b88a60e194fb,XZD-IRDZ,orderid:351007,crmid:4449675417,2020-03-12T05:33:35.000Z,kiosk,prd1170,1584336815,1584768815,2020-03-16T05:33:35.000Z,2020-03-21T05:33:35.000Z,Restful Nights: Fresno,Restful Nights,Fresno,standard,1,1,0,5,146.29,731.45
f4b8f87e-7dd9-11ea-86ca-b88a60e194fb,3TK-PDIA,orderid:660427,crmid:9267270902,2020-03-25T01:11:49.000Z,kiosk,prd1160,1585876309,1586999509,2020-04-03T01:11:49.000Z,2020-04-16T01:11:49.000Z,Aspen Heights: Nashville,Aspen Heights,Nashville,premium,1,1,0,13,109.64,1425.32
f4ba30e8-7dd9-11ea-a091-b88a60e194fb,TM8-KCNX,orderid:931230,crmid:7545341460,2020-03-14T17:27:06.000Z,kiosk,prd1178,1586366826,1586798826,2020-04-08T17:27:06.000Z,2020-04-13T17:27:06.000Z,Blue Reef Resort: Colorado Springs,Blue Reef Resort,Colorado Springs,standard,1,1,0,5,166.97,834.85
f4bb9078-7dd9-11ea-a471-b88a60e194fb,SM9-K3YI,orderid:443313,crmid:8685699276,2020-03-27T06:47:41.000Z,kiosk,prd1010,1585378061,1585464461,2020-03-28T06:47:41.000Z,2020-03-29T06:47:41.000Z,Blue Reef Resort: San Diego,Blue Reef Resort,San Diego,ultra-luxury,1,1,0,1,324.34,324.34
f4bcc8ee-7dd9-11ea-bd91-b88a60e194fb,F0J-CPEU,orderid:145916,crmid:9052670234,2020-03-31T04:24:08.000Z,call center,prd1166,1585715048,1586060648,2020-04-01T04:24:08.000Z,2020-04-05T04:24:08.000Z,Blue Reef Resort: Baltimore,Blue Reef Resort,Baltimore,standard,1,1,0,4,102.07,408.28
f4be4f86-7dd9-11ea-9db5-b88a60e194fb,V6E-9V3Z,orderid:211633,crmid:8222905971,2020-03-01T22:45:58.000Z,call center,prd1116,1583707558,1585089958,2020-03-08T22:45:58.000Z,2020-03-24T22:45:58.000Z,Repose Resort: Naples,Repose Resort,Naples,standard,1,1,0,16,135.17,2162.72
f4bf6268-7dd9-11ea-8557-b88a60e194fb,MGQ-7OZ8,orderid:615185,crmid:3830934673,2020-03-15T12:10:03.000Z,mobile,prd1133,1586607003,1587039003,2020-04-11T12:10:03.000Z,2020-04-16T12:10:03.000Z,Grandeur Hotels: Toronto,Grandeur Hotels,Toronto,standard,1,1,3,5,155.06,775.3
f4c09ad0-7dd9-11ea-a1c9-b88a60e194fb,4LU-P9EO,orderid:471933,crmid:3980351039,2020-03-23T01:44:58.000Z,call center,prd1135,1585446298,1585791898,2020-03-29T01:44:58.000Z,2020-04-02T01:44:58.000Z,Family Fun Hotels: Vancouver,Family Fun Hotels,Vancouver,premium,1,1,0,4,179.86,719.44
f4c1f90c-7dd9-11ea-915b-b88a60e194fb,IAJ-VACV,orderid:837340,crmid:7738829624,2020-03-12T00:07:16.000Z,kiosk,prd1124,1586218036,1586822836,2020-04-07T00:07:16.000Z,2020-04-14T00:07:16.000Z,Aspen Heights: Leeds,Aspen Heights,Leeds,standard,1,1,4,7,97.96,685.72
f4c38128-7dd9-11ea-8658-b88a60e194fb,BQL-X4IW,orderid:968835,crmid:9880834783,2020-03-30T22:09:11.000Z,service desk,prd1069,1587506951,1588025351,2020-04-21T22:09:11.000Z,2020-04-27T22:09:11.000Z,Admiralty Plaza: Singapore,Admiralty Plaza,Singapore,standard,1,1,0,6,138.62,831.72
f4c4df46-7dd9-11ea-b192-b88a60e194fb,9V3-XQF5,orderid:134444,crmid:4950599862,2020-03-19T21:17:56.000Z,kiosk,prd1107,1586380676,1586985476,2020-04-08T21:17:56.000Z,2020-04-15T21:17:56.000Z,Hospitality Inn: Kharkiv,Hospitality Inn,Kharkiv,premium,1,1,0,7,169.36,1185.52
f4c6b3e4-7dd9-11ea-aacd-b88a60e194fb,AXS-QXZ7,orderid:461729,crmid:2693325211,2020-03-05T03:25:59.000Z,kiosk,prd1063,1585884359,1586489159,2020-04-03T03:25:59.000Z,2020-04-10T03:25:59.000Z,Family Fun Hotels: London,Family Fun Hotels,London,premium,1,1,0,7,163.25,1142.75
f4c814f4-7dd9-11ea-a026-b88a60e194fb,RRK-2HXA,orderid:110976,crmid:3143357401,2020-03-04T16:33:27.000Z,call center,prd1063,1585499607,1585931607,2020-03-29T16:33:27.000Z,2020-04-03T16:33:27.000Z,Family Fun Hotels: London,Family Fun Hotels,London,presidential-suite,1,1,0,5,822.28,4111.4
f4c92658-7dd9-11ea-9c90-b88a60e194fb,TZI-DDFU,orderid:732535,crmid:6034786012,2020-03-05T21:08:05.000Z,mobile,prd1142,1585343285,1586466485,2020-03-27T21:08:05.000Z,2020-04-09T21:08:05.000Z,Blue Reef Resort: Philadelphia,Blue Reef Resort,Philadelphia,premium,1,1,0,13,185.66,2413.58
f4ca5f1e-7dd9-11ea-98e9-b88a60e194fb,ECQ-YUOD,orderid:434947,crmid:1992954721,2020-03-08T00:49:45.000Z,mobile,prd1071,1585961385,1586738985,2020-04-04T00:49:45.000Z,2020-04-13T00:49:45.000Z,Hospitality Inn: Seoul,Hospitality Inn,Seoul,standard,1,1,0,9,116.31,1046.79
f4cbbe82-7dd9-11ea-a745-b88a60e194fb,BJQ-YOA0,orderid:265803,crmid:5881306259,2020-03-14T13:36:03.000Z,kiosk,prd1057,1584279363,1584365763,2020-03-15T13:36:03.000Z,2020-03-16T13:36:03.000Z,Admiralty Plaza: Mumbai,Admiralty Plaza,Mumbai,standard,1,1,0,1,153.35,153.35
f4ccf718-7dd9-11ea-9a96-b88a60e194fb,FYX-6TMK,orderid:221356,crmid:5752484865,2020-03-31T02:13:17.000Z,kiosk,prd1047,1587089597,1587694397,2020-04-17T02:13:17.000Z,2020-04-24T02:13:17.000Z,Hospitality Inn: Oakland,Hospitality Inn,Oakland,premium,1,1,0,7,134.69,942.83
f4ce2f50-7dd9-11ea-9e34-b88a60e194fb,V7E-RFOY,orderid:315081,crmid:5152326001,2020-03-26T12:26:25.000Z,kiosk,prd1041,1585311985,1585398385,2020-03-27T12:26:25.000Z,2020-03-28T12:26:25.000Z,Sapphire Suites: Long Beach,Sapphire Suites,Long Beach,standard,1,1,0,1,165.6,165.6
f4cf8ee4-7dd9-11ea-ade8-b88a60e194fb,W5I-2FQJ,orderid:777230,crmid:8168133980,2020-03-29T14:50:02.000Z,call center,prd1178,1585752602,1585925402,2020-04-01T14:50:02.000Z,2020-04-03T14:50:02.000Z,Blue Reef Resort: Colorado Springs,Blue Reef Resort,Colorado Springs,standard,1,1,0,2,118.0,236.0
f4cfb5ee-7dd9-11ea-b944-b88a60e194fb,4LG-IAXT,orderid:970796,crmid:8168133980,2020-04-04T00:00:00.000Z,kiosk,prd1159,1586044800,1586131200,2020-04-05T00:00:00.000Z,2020-04-06T00:00:00.000Z,Family Fun Hotels: Detroit,Family Fun Hotels,Detroit,standard,1,1,0,1,156.03,156.03
f4d0ef3a-7dd9-11ea-abb9-b88a60e194fb,TNS-YBWG,orderid:897125,crmid:4682687656,2020-03-13T03:53:02.000Z,kiosk,prd1172,1584503582,1584676382,2020-03-18T03:53:02.000Z,2020-03-20T03:53:02.000Z,Aspen Heights: Mesa,Aspen Heights,Mesa,premium,1,1,0,2,171.46,342.92
f4d24e0a-7dd9-11ea-aff3-b88a60e194fb,XUR-8QWO,orderid:916418,crmid:5986414101,2020-03-17T16:26:39.000Z,kiosk,prd1184,1586449599,1587140799,2020-04-09T16:26:39.000Z,2020-04-17T16:26:39.000Z,Aspen Heights: Arlington,Aspen Heights,Arlington,premium,1,1,0,8,153.93,1231.44
f4d3ace4-7dd9-11ea-9662-b88a60e194fb,ZJ2-3ZSJ,orderid:972323,crmid:4928459065,2020-03-03T16:51:18.000Z,call center,prd1148,1585500678,1586105478,2020-03-29T16:51:18.000Z,2020-04-05T16:51:18.000Z,Aspen Heights: Jacksonville,Aspen Heights,Jacksonville,ultra-luxury,1,1,0,7,321.7,2251.9
f4d50bfe-7dd9-11ea-8c8b-b88a60e194fb,YQV-UECW,orderid:762644,crmid:5648714999,2020-03-30T00:33:14.000Z,call center,prd1184,1585701194,1585873994,2020-04-01T00:33:14.000Z,2020-04-03T00:33:14.000Z,Aspen Heights: Arlington,Aspen Heights,Arlington,standard,1,1,0,2,172.4,344.8
f4d645cc-7dd9-11ea-a113-b88a60e194fb,HM4-D01B,orderid:541402,crmid:3878008909,2020-03-16T08:25:55.000Z,mobile,prd1184,1584606355,1585643155,2020-03-19T08:25:55.000Z,2020-03-31T08:25:55.000Z,Aspen Heights: Arlington,Aspen Heights,Arlington,standard,1,1,0,12,123.41,1480.92
f4d7a474-7dd9-11ea-bb49-b88a60e194fb,KNH-4ZMU,orderid:844977,crmid:8072447147,2020-03-02T18:03:41.000Z,mobile,prd1103,1583345021,1583431421,2020-03-04T18:03:41.000Z,2020-03-05T18:03:41.000Z,Nesting Box Inn: Hamburg,Nesting Box Inn,Hamburg,premium,1,1,0,1,131.29,131.29
f4d904f0-7dd9-11ea-8de7-b88a60e194fb,SPK-BLN0,orderid:693126,crmid:7116523841,2020-03-18T20:32:07.000Z,call center,prd1058,1584909127,1586464327,2020-03-22T20:32:07.000Z,2020-04-09T20:32:07.000Z,Blue Reef Resort: Delhi,Blue Reef Resort,Delhi,standard,1,1,0,18,149.93,2698.74
f4da6452-7dd9-11ea-80f5-b88a60e194fb,JQX-PECU,orderid:905152,crmid:1983368666,2020-03-08T01:32:15.000Z,call center,prd1047,1583803935,1583976735,2020-03-10T01:32:15.000Z,2020-03-12T01:32:15.000Z,Hospitality Inn: Oakland,Hospitality Inn,Oakland,standard,1,1,0,2,143.05,286.1
f4db75b4-7dd9-11ea-bf32-b88a60e194fb,IQE-BQTF,orderid:884829,crmid:9032066606,2020-03-07T18:55:33.000Z,call center,prd1057,1583693733,1583780133,2020-03-08T18:55:33.000Z,2020-03-09T18:55:33.000Z,Admiralty Plaza: Mumbai,Admiralty Plaza,Mumbai,standard,1,1,0,1,95.4,95.4
f4dd7208-7dd9-11ea-be94-b88a60e194fb,75E-Y5AV,orderid:543590,crmid:7316233452,2020-03-09T11:07:27.000Z,kiosk,prd1191,1584529647,1585566447,2020-03-18T11:07:27.000Z,2020-03-30T11:07:27.000Z,Hospitality Inn: Mumbai,Hospitality Inn,Mumbai,standard,1,1,0,12,201.34,2416.08
f4de8306-7dd9-11ea-8e81-b88a60e194fb,SLT-QUSZ,orderid:567169,crmid:5932590199,2020-03-06T05:28:11.000Z,kiosk,prd1170,1583818091,1584336491,2020-03-10T05:28:11.000Z,2020-03-16T05:28:11.000Z,Restful Nights: Fresno,Restful Nights,Fresno,luxury,1,1,0,6,358.45,2150.7
f4e00998-7dd9-11ea-8606-b88a60e194fb,G7D-PEJB,orderid:365589,crmid:3072206776,2020-03-02T11:11:39.000Z,kiosk,prd1073,1585307499,1585825899,2020-03-27T11:11:39.000Z,2020-04-02T11:11:39.000Z,Grandeur Hotels: Lima,Grandeur Hotels,Lima,standard,1,1,0,6,108.5,651.0
f4e19042-7dd9-11ea-be5f-b88a60e194fb,B3M-G7KP,orderid:240980,crmid:6839501004,2020-03-30T23:05:56.000Z,kiosk,prd1189,1585695956,1585782356,2020-03-31T23:05:56.000Z,2020-04-01T23:05:56.000Z,Admiralty Plaza: Bakersfield,Admiralty Plaza,Bakersfield,premium,1,1,0,1,118.28,118.28
f4e2a1ca-7dd9-11ea-aae4-b88a60e194fb,RAX-MX4S,orderid:718779,crmid:3888438500,2020-03-25T04:55:19.000Z,call center,prd1105,1585198519,1585371319,2020-03-26T04:55:19.000Z,2020-03-28T04:55:19.000Z,Admiralty Plaza: Barcelona,Admiralty Plaza,Barcelona,premium,1,1,0,2,119.48,238.96
f4e3da1c-7dd9-11ea-aa4d-b88a60e194fb,1LZ-PUV7,orderid:419095,crmid:4077268952,2020-03-06T19:13:14.000Z,kiosk,prd1035,1583608394,1583694794,2020-03-07T19:13:14.000Z,2020-03-08T19:13:14.000Z,Hospitality Inn: Tucson,Hospitality Inn,Tucson,standard,1,1,0,1,168.12,168.12
f4e539ac-7dd9-11ea-9428-b88a60e194fb,U7B-8Y4A,orderid:542006,crmid:8541822123,2020-03-04T02:42:16.000Z,kiosk,prd1154,1583980936,1584412936,2020-03-12T02:42:16.000Z,2020-03-17T02:42:16.000Z,Blue Reef Resort: Seattle,Blue Reef Resort,Seattle,premium,1,1,0,5,126.79,633.95
f4e6e5f8-7dd9-11ea-ac12-b88a60e194fb,JEN-51LC,orderid:477120,crmid:4356725975,2020-03-21T00:54:02.000Z,call center,prd1117,1586912042,1587171242,2020-04-15T00:54:02.000Z,2020-04-18T00:54:02.000Z,Admiralty Plaza: Dublin,Admiralty Plaza,Dublin,luxury,1,1,0,3,354.98,1064.94
f4e86cd8-7dd9-11ea-abdb-b88a60e194fb,Z97-ALJX,orderid:309210,crmid:4613254024,2020-03-06T00:59:06.000Z,kiosk,prd1154,1584579546,1585357146,2020-03-19T00:59:06.000Z,2020-03-28T00:59:06.000Z,Blue Reef Resort: Seattle,Blue Reef Resort,Seattle,standard,1,1,0,9,165.51,1489.59
f4e9f378-7dd9-11ea-bf6f-b88a60e194fb,UHQ-TJQX,orderid:489396,crmid:8723234320,2020-03-17T20:32:24.000Z,kiosk,prd1153,1584563544,1585081944,2020-03-18T20:32:24.000Z,2020-03-24T20:32:24.000Z,Admiralty Plaza: Charlotte,Admiralty Plaza,Charlotte,standard,1,1,0,6,192.42,1154.52
f4ebefb6-7dd9-11ea-aac9-b88a60e194fb,3IH-KETA,orderid:889256,crmid:8505865294,2020-03-28T07:21:06.000Z,kiosk,prd1015,1585466466,1585552866,2020-03-29T07:21:06.000Z,2020-03-30T07:21:06.000Z,Family Fun Hotels: San Francisco,Family Fun Hotels,San Francisco,premium,1,1,0,1,159.64,159.64
f4ed9cb4-7dd9-11ea-9758-b88a60e194fb,0ZD-KNZE,orderid:807855,crmid:1518525761,2020-03-14T14:22:51.000Z,call center,prd1182,1584282171,1584454971,2020-03-15T14:22:51.000Z,2020-03-17T14:22:51.000Z,Restful Nights: Minneapolis,Restful Nights,Minneapolis,standard,1,1,0,2,149.31,298.62
f4ef9880-7dd9-11ea-b4aa-b88a60e194fb,JWO-AM32,orderid:321218,crmid:5666066332,2020-03-07T14:20:21.000Z,call center,prd1041,1585750821,1586269221,2020-04-01T14:20:21.000Z,2020-04-07T14:20:21.000Z,Sapphire Suites: Long Beach,Sapphire Suites,Long Beach,premium,1,1,0,6,134.58,807.48
f4f1946c-7dd9-11ea-a8ce-b88a60e194fb,KTO-ZAKJ,orderid:478098,crmid:1073890675,2020-03-09T08:50:11.000Z,kiosk,prd1196,1583830211,1583916611,2020-03-10T08:50:11.000Z,2020-03-11T08:50:11.000Z,Aspen Heights: Moscow,Aspen Heights,Moscow,premium,1,1,0,1,150.76,150.76
f4f36912-7dd9-11ea-8337-b88a60e194fb,IHU-4KDB,orderid:172848,crmid:9140825900,2020-03-03T21:09:36.000Z,mobile,prd1127,1584652176,1585170576,2020-03-19T21:09:36.000Z,2020-03-25T21:09:36.000Z,Nesting Box Inn: Glasgow,Nesting Box Inn,Glasgow,standard,1,1,0,6,128.43,770.58
f4f516fa-7dd9-11ea-ae38-b88a60e194fb,EGG-UCPL,orderid:555645,crmid:5814143162,2020-03-04T01:03:58.000Z,mobile,prd1177,1585789438,1586480638,2020-04-02T01:03:58.000Z,2020-04-10T01:03:58.000Z,Admiralty Plaza: Raleigh,Admiralty Plaza,Raleigh,standard,1,1,0,8,173.98,1391.84
f4f6c476-7dd9-11ea-8f0c-b88a60e194fb,KDK-HVDN,orderid:988214,crmid:7752010574,2020-03-02T00:21:21.000Z,call center,prd1081,1585182081,1585614081,2020-03-26T00:21:21.000Z,2020-03-31T00:21:21.000Z,Admiralty Plaza: Rod de Janeiro,Admiralty Plaza,Rod de Janeiro,standard,1,1,0,5,174.23,871.15
f4f90e9a-7dd9-11ea-93c8-b88a60e194fb,ZOZ-V6KF,orderid:945034,crmid:5222748334,2020-03-22T14:10:06.000Z,mobile,prd1087,1587132606,1587391806,2020-04-17T14:10:06.000Z,2020-04-20T14:10:06.000Z,Family Fun Hotels: Kolkata,Family Fun Hotels,Kolkata,premium,1,1,0,3,161.96,485.88
f4fd2d0c-7dd9-11ea-be4c-b88a60e194fb,T5K-U4RA,orderid:978772,crmid:8716383875,2020-03-30T21:51:13.000Z,kiosk,prd1173,1587765073,1588110673,2020-04-24T21:51:13.000Z,2020-04-28T21:51:13.000Z,Sapphire Suites: Kansas City,Sapphire Suites,Kansas City,standard,1,1,4,4,124.68,498.72
f4ff9e18-7dd9-11ea-84ec-b88a60e194fb,AT2-YVOI,orderid:316671,crmid:9263185119,2020-03-27T09:49:05.000Z,kiosk,prd1184,1587635345,1588499345,2020-04-23T09:49:05.000Z,2020-05-03T09:49:05.000Z,Aspen Heights: Arlington,Aspen Heights,Arlington,premium,1,1,0,10,129.31,1293.1
f501c0e4-7dd9-11ea-a871-b88a60e194fb,QZU-0EYR,orderid:943623,crmid:6980187968,2020-03-01T09:07:02.000Z,call center,prd1076,1583485622,1583572022,2020-03-06T09:07:02.000Z,2020-03-07T09:07:02.000Z,Aspen Heights: Bogota,Aspen Heights,Bogota,premium,1,1,0,1,132.93,132.93
f5043202-7dd9-11ea-820e-b88a60e194fb,56L-MBRG,orderid:208471,crmid:4427618687,2020-03-08T16:53:06.000Z,call center,prd1137,1583859186,1584550386,2020-03-10T16:53:06.000Z,2020-03-18T16:53:06.000Z,Sapphire Suites: Manila,Sapphire Suites,Manila,standard,1,1,0,8,170.52,1364.16
f50654d8-7dd9-11ea-9be9-b88a60e194fb,7VW-27ZW,orderid:814615,crmid:3981016436,2020-03-14T11:01:34.000Z,kiosk,prd1172,1586430094,1587121294,2020-04-09T11:01:34.000Z,2020-04-17T11:01:34.000Z,Aspen Heights: Mesa,Aspen Heights,Mesa,standard,1,1,0,8,140.99,1127.92
f508779e-7dd9-11ea-93ea-b88a60e194fb,4E5-VNXV,orderid:477839,crmid:7365041404,2020-03-05T19:30:59.000Z,call center,prd1010,1585078259,1585337459,2020-03-24T19:30:59.000Z,2020-03-27T19:30:59.000Z,Blue Reef Resort: San Diego,Blue Reef Resort,San Diego,standard,1,1,2,3,148.59,445.77
f50a9a86-7dd9-11ea-849d-b88a60e194fb,JXI-4CLK,orderid:878529,crmid:1731910906,2020-03-10T16:36:53.000Z,call center,prd1177,1584117413,1584290213,2020-03-13T16:36:53.000Z,2020-03-15T16:36:53.000Z,Admiralty Plaza: Raleigh,Admiralty Plaza,Raleigh,standard,1,1,0,2,144.02,288.04
f50c4842-7dd9-11ea-ba75-b88a60e194fb,JVR-FIC2,orderid:449213,crmid:4485889586,2020-03-24T08:45:57.000Z,service desk,prd1142,1585125957,1585298757,2020-03-25T08:45:57.000Z,2020-03-27T08:45:57.000Z,Blue Reef Resort: Philadelphia,Blue Reef Resort,Philadelphia,standard,1,1,0,2,185.08,370.16
f50e43fe-7dd9-11ea-984f-b88a60e194fb,K6G-AKRB,orderid:742937,crmid:2823236226,2020-03-22T11:28:56.000Z,kiosk,prd1088,1585567736,1585999736,2020-03-30T11:28:56.000Z,2020-04-04T11:28:56.000Z,Aspen Heights: Ankara,Aspen Heights,Ankara,premium,1,1,0,5,129.2,646.0
f51018b0-7dd9-11ea-8263-b88a60e194fb,BNT-F2YE,orderid:555363,crmid:5377366131,2020-03-21T22:56:19.000Z,kiosk,prd1111,1586991379,1587509779,2020-04-15T22:56:19.000Z,2020-04-21T22:56:19.000Z,Family Fun Hotels: Prague,Family Fun Hotels,Prague,standard,1,1,0,6,104.3,625.8
f5123b9c-7dd9-11ea-abdc-b88a60e194fb,CBO-TIDH,orderid:684720,crmid:8631849082,2020-03-27T14:28:41.000Z,call center,prd1176,1586960921,1587565721,2020-04-15T14:28:41.000Z,2020-04-22T14:28:41.000Z,Repose Resort: Omaha,Repose Resort,Omaha,standard,1,1,4,7,179.2,1254.4
f5145e8a-7dd9-11ea-a9bf-b88a60e194fb,UDK-SPJY,orderid:280152,crmid:6798157870,2020-03-09T03:56:37.000Z,kiosk,prd1091,1585540597,1585886197,2020-03-30T03:56:37.000Z,2020-04-03T03:56:37.000Z,Nesting Box Inn: New Taipei,Nesting Box Inn,New Taipei,standard,1,1,0,4,131.55,526.2
f515e518-7dd9-11ea-b8f4-b88a60e194fb,QVX-IYIX,orderid:463951,crmid:3053815488,2020-03-11T02:33:00.000Z,kiosk,prd1101,1586053980,1586572380,2020-04-05T02:33:00.000Z,2020-04-11T02:33:00.000Z,Sapphire Suites: Vienna,Sapphire Suites,Vienna,standard,1,1,0,6,109.21,655.26
f5174494-7dd9-11ea-86d1-b88a60e194fb,MRX-TT04,orderid:359826,crmid:4686041142,2020-03-23T09:16:13.000Z,kiosk,prd1115,1586250973,1587028573,2020-04-07T09:16:13.000Z,2020-04-16T09:16:13.000Z,Nesting Box Inn: Cologne,Nesting Box Inn,Cologne,standard,1,1,0,9,108.18,973.62
f518a42e-7dd9-11ea-883c-b88a60e194fb,L5Z-RBBP,orderid:600852,crmid:4579561111,2020-03-27T00:51:21.000Z,call center,prd1160,1586652681,1587257481,2020-04-12T00:51:21.000Z,2020-04-19T00:51:21.000Z,Aspen Heights: Nashville,Aspen Heights,Nashville,premium,1,1,2,7,151.65,1061.55
f51a03c0-7dd9-11ea-ade4-b88a60e194fb,WPJ-3VBJ,orderid:485545,crmid:9768379147,2020-03-11T15:04:51.000Z,mobile,prd1159,1584889491,1585407891,2020-03-22T15:04:51.000Z,2020-03-28T15:04:51.000Z,Family Fun Hotels: Detroit,Family Fun Hotels,Detroit,standard,1,1,1,6,141.07,846.42
f51bd88a-7dd9-11ea-9840-b88a60e194fb,JL3-GSLY,orderid:775014,crmid:1765699138,2020-03-01T11:19:42.000Z,kiosk,prd1166,1583320782,1583493582,2020-03-04T11:19:42.000Z,2020-03-06T11:19:42.000Z,Blue Reef Resort: Baltimore,Blue Reef Resort,Baltimore,premium,1,1,0,2,113.64,227.28
f51bff9c-7dd9-11ea-ada8-b88a60e194fb,0OY-UFO1,orderid:762974,crmid:1765699138,2020-03-07T00:00:00.000Z,service desk,prd1050,1583625600,1583712000,2020-03-08T00:00:00.000Z,2020-03-09T00:00:00.000Z,Restful Nights: Arlington,Restful Nights,Arlington,standard,1,1,0,1,132.65,132.65
f51d3818-7dd9-11ea-95a6-b88a60e194fb,RPM-34CO,orderid:881994,crmid:2009496754,2020-03-19T13:08:15.000Z,service desk,prd1009,1585573695,1586264895,2020-03-30T13:08:15.000Z,2020-04-07T13:08:15.000Z,Admiralty Plaza: San Antonio,Admiralty Plaza,San Antonio,standard,1,1,0,8,159.21,1273.68
f51e708c-7dd9-11ea-9692-b88a60e194fb,KJS-GH2J,orderid:568744,crmid:3539888746,2020-03-28T14:02:25.000Z,call center,prd1165,1587736945,1588341745,2020-04-24T14:02:25.000Z,2020-05-01T14:02:25.000Z,Admiralty Plaza: Louisville,Admiralty Plaza,Louisville,premium,1,1,3,7,172.27,1205.89
f51fa910-7dd9-11ea-9d7e-b88a60e194fb,7DA-TZ8K,orderid:555341,crmid:4148911703,2020-03-24T21:38:01.000Z,call center,prd1057,1587159481,1587332281,2020-04-17T21:38:01.000Z,2020-04-19T21:38:01.000Z,Admiralty Plaza: Mumbai,Admiralty Plaza,Mumbai,standard,1,1,0,2,99.19,198.38
f521089e-7dd9-11ea-ba05-b88a60e194fb,GPO-WFDH,orderid:212653,crmid:6040294001,2020-03-30T10:05:29.000Z,mobile,prd1092,1587204329,1587636329,2020-04-18T10:05:29.000Z,2020-04-23T10:05:29.000Z,Repose Resort: Cape Town,Repose Resort,Cape Town,standard,1,1,1,5,146.44,732.2
f52304a6-7dd9-11ea-b6f4-b88a60e194fb,3UM-Q2BU,orderid:640604,crmid:2779286429,2020-03-09T02:42:16.000Z,service desk,prd1148,1583980936,1584067336,2020-03-12T02:42:16.000Z,2020-03-13T02:42:16.000Z,Aspen Heights: Jacksonville,Aspen Heights,Jacksonville,standard,1,1,0,1,179.34,179.34
f5248b1c-7dd9-11ea-ac8d-b88a60e194fb,7RM-RRRI,orderid:813061,crmid:1755241054,2020-03-31T19:02:10.000Z,mobile,prd1136,1585767730,1585940530,2020-04-01T19:02:10.000Z,2020-04-03T19:02:10.000Z,Aspen Heights: Osaka,Aspen Heights,Osaka,standard,1,1,0,2,93.12,186.24
f525eab6-7dd9-11ea-ada2-b88a60e194fb,ARX-JAX8,orderid:600192,crmid:1099896446,2020-03-11T09:50:07.000Z,kiosk,prd1106,1586339407,1586944207,2020-04-08T09:50:07.000Z,2020-04-15T09:50:07.000Z,Blue Reef Resort: Munich,Blue Reef Resort,Munich,standard,1,1,0,7,143.9,1007.3
f5274a52-7dd9-11ea-a9f8-b88a60e194fb,NEZ-NNL0,orderid:687425,crmid:8989369323,2020-03-08T04:28:45.000Z,service desk,prd1016,1586060925,1586752125,2020-04-05T04:28:45.000Z,2020-04-13T04:28:45.000Z,Aspen Heights: Columbus,Aspen Heights,Columbus,standard,1,1,2,8,126.85,1014.8
f52882a6-7dd9-11ea-9760-b88a60e194fb,BSX-YDJV,orderid:877842,crmid:5678024336,2020-03-11T13:21:16.000Z,call center,prd1093,1586352076,1586697676,2020-04-08T13:21:16.000Z,2020-04-12T13:21:16.000Z,Admiralty Plaza: Yokohama,Admiralty Plaza,Yokohama,premium,1,1,0,4,113.81,455.24
f529e258-7dd9-11ea-8017-b88a60e194fb,ORI-7T8D,orderid:458763,crmid:5015027049,2020-03-24T13:22:28.000Z,mobile,prd1077,1585747348,1586179348,2020-04-01T13:22:28.000Z,2020-04-06T13:22:28.000Z,Sapphire Suites: Cairo,Sapphire Suites,Cairo,premium,1,1,1,5,145.73,728.65
f52b9000-7dd9-11ea-8b2f-b88a60e194fb,VKA-NC38,orderid:671665,crmid:1979154097,2020-03-16T11:58:05.000Z,mobile,prd1136,1586347085,1586951885,2020-04-08T11:58:05.000Z,2020-04-15T11:58:05.000Z,Aspen Heights: Osaka,Aspen Heights,Osaka,standard,1,1,2,7,145.42,1017.94
f52cc880-7dd9-11ea-95f9-b88a60e194fb,AZI-GG0Z,orderid:515715,crmid:4929064675,2020-03-14T13:43:33.000Z,mobile,prd1034,1586612613,1586871813,2020-04-11T13:43:33.000Z,2020-04-14T13:43:33.000Z,Blue Reef Resort: Albuquerque,Blue Reef Resort,Albuquerque,premium,1,1,0,3,109.79,329.37
f52e4f2e-7dd9-11ea-8ecd-b88a60e194fb,AAC-BL7A,orderid:621583,crmid:3625434113,2020-03-02T13:56:47.000Z,kiosk,prd1013,1583416607,1583589407,2020-03-05T13:56:47.000Z,2020-03-07T13:56:47.000Z,Grandeur Hotels: Austin,Grandeur Hotels,Austin,standard,1,1,0,2,148.93,297.86
f52ffcfa-7dd9-11ea-bcc5-b88a60e194fb,TGT-OZZR,orderid:286930,crmid:2605044309,2020-03-26T01:34:36.000Z,call center,prd1148,1586223276,1586482476,2020-04-07T01:34:36.000Z,2020-04-10T01:34:36.000Z,Aspen Heights: Jacksonville,Aspen Heights,Jacksonville,standard,1,1,0,3,156.39,469.17
f531366c-7dd9-11ea-98ea-b88a60e194fb,N5W-ZNGQ,orderid:170717,crmid:1225354723,2020-03-04T14:23:00.000Z,call center,prd1081,1584022980,1584714180,2020-03-12T14:23:00.000Z,2020-03-20T14:23:00.000Z,Admiralty Plaza: Rod de Janeiro,Admiralty Plaza,Rod de Janeiro,standard,1,1,0,8,130.75,1046.0
f5326ef6-7dd9-11ea-b161-b88a60e194fb,I3R-6NCM,orderid:509367,crmid:5364501751,2020-03-13T10:53:42.000Z,kiosk,prd1165,1586516022,1587898422,2020-04-10T10:53:42.000Z,2020-04-26T10:53:42.000Z,Admiralty Plaza: Louisville,Admiralty Plaza,Louisville,standard,1,1,0,16,68.12,1089.92
f533809c-7dd9-11ea-84f4-b88a60e194fb,1UW-MNWL,orderid:601950,crmid:8445952064,2020-03-09T14:18:08.000Z,kiosk,prd1143,1584195488,1584627488,2020-03-14T14:18:08.000Z,2020-03-19T14:18:08.000Z,Hospitality Inn: San Antonio,Hospitality Inn,San Antonio,standard,1,1,0,5,136.16,680.8
f534b7c2-7dd9-11ea-b569-b88a60e194fb,MYF-TJVC,orderid:414278,crmid:8856016290,2020-03-26T15:27:51.000Z,kiosk,prd1166,1587137271,1587569271,2020-04-17T15:27:51.000Z,2020-04-22T15:27:51.000Z,Blue Reef Resort: Baltimore,Blue Reef Resort,Baltimore,premium,1,1,0,5,157.67,788.35
f535c934-7dd9-11ea-9c2f-b88a60e194fb,6CQ-R40U,orderid:927690,crmid:5969009274,2020-03-09T21:19:49.000Z,kiosk,prd1028,1584047989,1584220789,2020-03-12T21:19:49.000Z,2020-03-14T21:19:49.000Z,Aspen Heights: Portland,Aspen Heights,Portland,standard,1,1,0,2,149.21,298.42
f535f1b8-7dd9-11ea-8f1a-b88a60e194fb,0PH-WNB3,orderid:890502,crmid:5969009274,2020-03-15T00:00:00.000Z,mobile,prd1098,1584403200,1584576000,2020-03-17T00:00:00.000Z,2020-03-19T00:00:00.000Z,Restful Nights: Kiev,Restful Nights,Kiev,standard,1,1,0,2,143.51,287.02
f5374fae-7dd9-11ea-b62c-b88a60e194fb,BIS-WR7X,orderid:937513,crmid:1815789432,2020-03-27T17:50:20.000Z,kiosk,prd1057,1587837020,1588528220,2020-04-25T17:50:20.000Z,2020-05-03T17:50:20.000Z,Admiralty Plaza: Mumbai,Admiralty Plaza,Mumbai,premium,1,1,0,8,117.86,942.88
f538af3e-7dd9-11ea-a32d-b88a60e194fb,4MP-JZOH,orderid:755800,crmid:5836910930,2020-03-11T03:15:41.000Z,mobile,prd1087,1586056541,1586315741,2020-04-05T03:15:41.000Z,2020-04-08T03:15:41.000Z,Family Fun Hotels: Kolkata,Family Fun Hotels,Kolkata,standard,1,1,3,3,153.58,460.74
f539c218-7dd9-11ea-8d70-b88a60e194fb,3NO-MQNM,orderid:470568,crmid:6543486946,2020-03-29T11:35:52.000Z,kiosk,prd1172,1585568152,1585827352,2020-03-30T11:35:52.000Z,2020-04-02T11:35:52.000Z,Aspen Heights: Mesa,Aspen Heights,Mesa,standard,1,1,0,3,120.94,362.82
f53ad39a-7dd9-11ea-80b3-b88a60e194fb,XP7-AXZM,orderid:408743,crmid:6718391177,2020-03-08T14:09:55.000Z,call center,prd1167,1583762995,1583935795,2020-03-09T14:09:55.000Z,2020-03-11T14:09:55.000Z,Hospitality Inn: Milwaukee,Hospitality Inn,Milwaukee,standard,1,1,0,2,157.76,315.52
f53be392-7dd9-11ea-af87-b88a60e194fb,R27-GSLA,orderid:751227,crmid:4928084914,2020-03-31T13:50:49.000Z,kiosk,prd1073,1587390649,1588081849,2020-04-20T13:50:49.000Z,2020-04-28T13:50:49.000Z,Grandeur Hotels: Lima,Grandeur Hotels,Lima,standard,1,1,1,8,156.29,1250.32
f53d1c2e-7dd9-11ea-867e-b88a60e194fb,OLX-ZFXW,orderid:588206,crmid:2207603639,2020-03-18T06:39:54.000Z,call center,prd1106,1584599994,1584686394,2020-03-19T06:39:54.000Z,2020-03-20T06:39:54.000Z,Blue Reef Resort: Munich,Blue Reef Resort,Munich,standard,1,1,0,1,108.2,108.2
f53e5554-7dd9-11ea-95c4-b88a60e194fb,QBU-GOVS,orderid:997000,crmid:1820816659,2020-03-13T22:41:07.000Z,service desk,prd1011,1586731267,1588027267,2020-04-12T22:41:07.000Z,2020-04-27T22:41:07.000Z,Hospitality Inn: Dallas,Hospitality Inn,Dallas,standard,1,1,0,15,141.99,2129.85
f53f8eb0-7dd9-11ea-99ab-b88a60e194fb,HMD-PCBK,orderid:206195,crmid:7803558251,2020-03-21T07:25:21.000Z,mobile,prd1160,1586849121,1587453921,2020-04-14T07:25:21.000Z,2020-04-21T07:25:21.000Z,Aspen Heights: Nashville,Aspen Heights,Nashville,standard,1,1,0,7,180.0,1260.0
f5409fe4-7dd9-11ea-b7e2-b88a60e194fb,IX1-CPHE,orderid:825509,crmid:7557594736,2020-03-18T12:37:58.000Z,call center,prd1197,1586695078,1587386278,2020-04-12T12:37:58.000Z,2020-04-20T12:37:58.000Z,Sapphire Suites: London,Sapphire Suites,London,standard,1,1,0,8,105.61,844.88
f541d880-7dd9-11ea-b61b-b88a60e194fb,9FK-UJRH,orderid:584012,crmid:6618255213,2020-03-08T04:52:26.000Z,call center,prd1016,1585284746,1585543946,2020-03-27T04:52:26.000Z,2020-03-30T04:52:26.000Z,Aspen Heights: Columbus,Aspen Heights,Columbus,premium,1,1,2,3,137.33,411.99
f5430f92-7dd9-11ea-9265-b88a60e194fb,GKK-JO0D,orderid:419968,crmid:7300217368,2020-03-25T02:10:59.000Z,call center,prd1009,1587003059,1587607859,2020-04-16T02:10:59.000Z,2020-04-23T02:10:59.000Z,Admiralty Plaza: San Antonio,Admiralty Plaza,San Antonio,premium,1,1,0,7,130.35,912.45
f5449634-7dd9-11ea-9a40-b88a60e194fb,M28-TNKJ,orderid:834678,crmid:3697086993,2020-03-31T23:36:36.000Z,mobile,prd1020,1585784196,1585870596,2020-04-01T23:36:36.000Z,2020-04-02T23:36:36.000Z,Repose Resort: Seattle,Repose Resort,Seattle,standard,1,1,0,1,155.69,155.69
f545a7a8-7dd9-11ea-a705-b88a60e194fb,WID-ZLM1,orderid:761967,crmid:1125638402,2020-03-07T08:01:57.000Z,kiosk,prd1076,1584086517,1584604917,2020-03-13T08:01:57.000Z,2020-03-19T08:01:57.000Z,Aspen Heights: Bogota,Aspen Heights,Bogota,premium,1,1,0,6,97.61,585.66
f5470730-7dd9-11ea-9ccb-b88a60e194fb,FTN-GLW1,orderid:495070,crmid:7160315670,2020-03-29T04:40:18.000Z,call center,prd1100,1586234418,1586839218,2020-04-07T04:40:18.000Z,2020-04-14T04:40:18.000Z,Aspen Heights: Misk,Aspen Heights,Misk,standard,1,1,0,7,154.59,1082.13
f5486800-7dd9-11ea-a968-b88a60e194fb,JZQ-YSUE,orderid:622480,crmid:4524044019,2020-03-31T21:26:42.000Z,call center,prd1196,1587763602,1588109202,2020-04-24T21:26:42.000Z,2020-04-28T21:26:42.000Z,Aspen Heights: Moscow,Aspen Heights,Moscow,standard,1,1,0,4,121.7,486.8
f549c79e-7dd9-11ea-b156-b88a60e194fb,1EA-4TV8,orderid:277976,crmid:3712689348,2020-03-20T14:41:51.000Z,kiosk,prd1046,1587220911,1587566511,2020-04-18T14:41:51.000Z,2020-04-22T14:41:51.000Z,Blue Reef Resort: Virginia Beach,Blue Reef Resort,Virginia Beach,standard,1,1,4,4,173.85,695.4
f54b267e-7dd9-11ea-9833-b88a60e194fb,NTR-VPWW,orderid:817331,crmid:6884616737,2020-03-28T14:27:01.000Z,call center,prd1135,1587306421,1587997621,2020-04-19T14:27:01.000Z,2020-04-27T14:27:01.000Z,Family Fun Hotels: Vancouver,Family Fun Hotels,Vancouver,standard,1,1,0,8,128.57,1028.56
f54cd378-7dd9-11ea-8671-b88a60e194fb,RE5-PEKN,orderid:780281,crmid:2898112666,2020-03-30T00:25:00.000Z,call center,prd1004,1585700700,1586046300,2020-04-01T00:25:00.000Z,2020-04-05T00:25:00.000Z,Aspen Heights: Boulder,Aspen Heights,Boulder,standard,1,1,0,4,123.56,494.24
f54de4ec-7dd9-11ea-be01-b88a60e194fb,KYF-CQCV,orderid:755806,crmid:4499371476,2020-03-12T04:09:25.000Z,mobile,prd1142,1584072565,1584158965,2020-03-13T04:09:25.000Z,2020-03-14T04:09:25.000Z,Blue Reef Resort: Philadelphia,Blue Reef Resort,Philadelphia,standard,1,1,0,1,131.3,131.3
f54f1e86-7dd9-11ea-a763-b88a60e194fb,BI9-WCSX,orderid:596001,crmid:3622078006,2020-03-03T02:17:04.000Z,call center,prd1009,1585189024,1585880224,2020-03-26T02:17:04.000Z,2020-04-03T02:17:04.000Z,Admiralty Plaza: San Antonio,Admiralty Plaza,San Antonio,standard,1,1,0,8,180.03,1440.24
f550560c-7dd9-11ea-912e-b88a60e194fb,CWN-OUYK,orderid:491589,crmid:2544371317,2020-03-17T22:49:50.000Z,service desk,prd1082,1584744590,1584917390,2020-03-20T22:49:50.000Z,2020-03-22T22:49:50.000Z,Blue Reef Resort: Surat,Blue Reef Resort,Surat,premium,1,1,0,2,110.56,221.12
f5518f74-7dd9-11ea-86cf-b88a60e194fb,PWN-DULG,orderid:763411,crmid:8688643025,2020-03-28T15:19:04.000Z,kiosk,prd1177,1587655144,1588173544,2020-04-23T15:19:04.000Z,2020-04-29T15:19:04.000Z,Admiralty Plaza: Raleigh,Admiralty Plaza,Raleigh,premium,1,1,0,6,168.05,1008.3
f5555ef0-7dd9-11ea-83ef-b88a60e194fb,BIR-MJQ4,orderid:208914,crmid:1703029622,2020-03-17T02:05:34.000Z,call center,prd1039,1584756334,1585361134,2020-03-21T02:05:34.000Z,2020-03-28T02:05:34.000Z,Family Fun Hotels: Kansas City,Family Fun Hotels,Kansas City,standard,1,1,3,7,153.08,1071.56
f5570ca8-7dd9-11ea-848d-b88a60e194fb,IYI-YVM7,orderid:284882,crmid:2412210802,2020-03-13T11:51:38.000Z,service desk,prd1115,1586001098,1586865098,2020-04-04T11:51:38.000Z,2020-04-14T11:51:38.000Z,Nesting Box Inn: Cologne,Nesting Box Inn,Cologne,standard,1,1,2,10,170.57,1705.7
f5584688-7dd9-11ea-9764-b88a60e194fb,NND-6IPV,orderid:522073,crmid:2822554797,2020-03-16T18:33:06.000Z,service desk,prd1010,1584469986,1584729186,2020-03-17T18:33:06.000Z,2020-03-20T18:33:06.000Z,Blue Reef Resort: San Diego,Blue Reef Resort,San Diego,standard,1,1,0,3,188.5,565.5
f5595812-7dd9-11ea-8c46-b88a60e194fb,IDU-YSSN,orderid:704337,crmid:5923620206,2020-03-19T02:45:44.000Z,call center,prd1181,1586486744,1587177944,2020-04-10T02:45:44.000Z,2020-04-18T02:45:44.000Z,Grandeur Hotels: Oakland,Grandeur Hotels,Oakland,presidential-suite,1,1,0,8,1057.21,8457.68
f55ab780-7dd9-11ea-96db-b88a60e194fb,RIU-SMIM,orderid:796024,crmid:3018995002,2020-03-28T15:36:11.000Z,mobile,prd1148,1587569771,1588088171,2020-04-22T15:36:11.000Z,2020-04-28T15:36:11.000Z,Aspen Heights: Jacksonville,Aspen Heights,Jacksonville,standard,1,1,4,6,108.7,652.2
f55dc364-7dd9-11ea-b849-b88a60e194fb,NY8-S1LB,orderid:263666,crmid:5820840425,2020-03-25T11:52:39.000Z,kiosk,prd1059,1585396359,1585482759,2020-03-28T11:52:39.000Z,2020-03-29T11:52:39.000Z,Hospitality Inn: Kinshasa,Hospitality Inn,Kinshasa,standard,1,1,0,1,132.14,132.14
f55f982c-7dd9-11ea-8cc5-b88a60e194fb,5X5-8AUF,orderid:605865,crmid:8236639232,2020-03-31T09:25:33.000Z,call center,prd1022,1587893133,1588325133,2020-04-26T09:25:33.000Z,2020-05-01T09:25:33.000Z,Blue Reef Resort: Washington DC,Blue Reef Resort,Washington DC,standard,1,1,0,5,197.79,988.95
f560f7cc-7dd9-11ea-a7b9-b88a60e194fb,3SF-57J3,orderid:555231,crmid:3415263657,2020-03-09T08:05:05.000Z,kiosk,prd1165,1585555505,1586419505,2020-03-30T08:05:05.000Z,2020-04-09T08:05:05.000Z,Admiralty Plaza: Louisville,Admiralty Plaza,Louisville,standard,1,1,0,10,177.06,1770.6
f5620950-7dd9-11ea-b14d-b88a60e194fb,KEJ-BPR3,orderid:719933,crmid:4383237330,2020-03-30T03:38:37.000Z,mobile,prd1033,1587267517,1588304317,2020-04-19T03:38:37.000Z,2020-05-01T03:38:37.000Z,Admiralty Plaza: Milwaukee,Admiralty Plaza,Milwaukee,standard,1,1,0,12,149.65,1795.8
f56368ba-7dd9-11ea-a216-b88a60e194fb,Y3D-0O94,orderid:831793,crmid:8113543231,2020-03-11T05:31:07.000Z,call center,prd1009,1585805467,1586410267,2020-04-02T05:31:07.000Z,2020-04-09T05:31:07.000Z,Admiralty Plaza: San Antonio,Admiralty Plaza,San Antonio,premium,1,1,4,7,195.4,1367.8
f564c87e-7dd9-11ea-a91a-b88a60e194fb,LCM-UYK8,orderid:240260,crmid:3944465434,2020-03-08T09:25:03.000Z,kiosk,prd1179,1585819503,1586510703,2020-04-02T09:25:03.000Z,2020-04-10T09:25:03.000Z,Hospitality Inn: Miami,Hospitality Inn,Miami,premium,1,1,0,8,150.29,1202.32
f56627dc-7dd9-11ea-936b-b88a60e194fb,OYL-B2DF,orderid:286502,crmid:2005670835,2020-03-26T20:31:20.000Z,call center,prd1160,1587414680,1588105880,2020-04-20T20:31:20.000Z,2020-04-28T20:31:20.000Z,Aspen Heights: Nashville,Aspen Heights,Nashville,standard,1,1,0,8,106.97,855.76
f5676082-7dd9-11ea-a2fe-b88a60e194fb,WLY-IGT8,orderid:666786,crmid:5220808521,2020-03-24T18:12:54.000Z,call center,prd1009,1585159974,1585332774,2020-03-25T18:12:54.000Z,2020-03-27T18:12:54.000Z,Admiralty Plaza: San Antonio,Admiralty Plaza,San Antonio,premium,1,1,0,2,119.57,239.14
f5678786-7dd9-11ea-8ad9-b88a60e194fb,5FE-94NW,orderid:455590,crmid:5220808521,2020-03-29T00:00:00.000Z,service desk,prd1017,1585699200,1585872000,2020-04-01T00:00:00.000Z,2020-04-03T00:00:00.000Z,Sapphire Suites: Fort Worth,Sapphire Suites,Fort Worth,standard,1,1,0,2,126.93,253.86
f568bfd8-7dd9-11ea-b759-b88a60e194fb,YTL-BV2W,orderid:751048,crmid:8641319838,2020-03-27T03:22:56.000Z,mobile,prd1165,1587093776,1587612176,2020-04-17T03:22:56.000Z,2020-04-23T03:22:56.000Z,Admiralty Plaza: Louisville,Admiralty Plaza,Louisville,standard,1,1,3,6,152.07,912.42
f56a20be-7dd9-11ea-bb27-b88a60e194fb,GMY-VIUD,orderid:415537,crmid:4941278685,2020-03-07T20:00:26.000Z,mobile,prd1165,1583697626,1583784026,2020-03-08T20:00:26.000Z,2020-03-09T20:00:26.000Z,Admiralty Plaza: Louisville,Admiralty Plaza,Louisville,standard,1,1,0,1,178.98,178.98
f56b323a-7dd9-11ea-bcb3-b88a60e194fb,3EI-R1NO,orderid:413761,crmid:3272247760,2020-03-21T00:00:33.000Z,kiosk,prd1005,1586390433,1586649633,2020-04-09T00:00:33.000Z,2020-04-12T00:00:33.000Z,Sapphire Suites: Los Angeles,Sapphire Suites,Los Angeles,standard,1,1,0,3,135.5,406.5
f56c6ac2-7dd9-11ea-83e0-b88a60e194fb,SJA-CFE7,orderid:794882,crmid:2422443931,2020-03-02T15:37:54.000Z,service desk,prd1146,1584027474,1585064274,2020-03-12T15:37:54.000Z,2020-03-24T15:37:54.000Z,Restful Nights: San Jose,Restful Nights,San Jose,standard,1,1,1,12,141.59,1699.08
f56da348-7dd9-11ea-bb3b-b88a60e194fb,QAT-BL8L,orderid:967566,crmid:6972312613,2020-03-29T00:22:31.000Z,mobile,prd1043,1586910151,1587774151,2020-04-15T00:22:31.000Z,2020-04-25T00:22:31.000Z,Nesting Box Inn: Raleigh,Nesting Box Inn,Raleigh,standard,1,1,0,10,167.76,1677.6
f56f77f8-7dd9-11ea-bb4d-b88a60e194fb,L9V-RIUK,orderid:433707,crmid:1066951271,2020-03-05T21:39:32.000Z,call center,prd1153,1585863572,1586554772,2020-04-02T21:39:32.000Z,2020-04-10T21:39:32.000Z,Admiralty Plaza: Charlotte,Admiralty Plaza,Charlotte,standard,1,1,0,8,115.0,920.0
f570d628-7dd9-11ea-b6ef-b88a60e194fb,PVX-22N4,orderid:257034,crmid:6872924443,2020-03-17T14:57:34.000Z,kiosk,prd1034,1586271454,1586703454,2020-04-07T14:57:34.000Z,2020-04-12T14:57:34.000Z,Blue Reef Resort: Albuquerque,Blue Reef Resort,Albuquerque,standard,1,1,0,5,114.12,570.6
f572370c-7dd9-11ea-b1f5-b88a60e194fb,K3U-VOLG,orderid:372463,crmid:8741683506,2020-03-05T11:23:53.000Z,call center,prd1012,1585135433,1585740233,2020-03-25T11:23:53.000Z,2020-04-01T11:23:53.000Z,Sandhill: San Jose,Sandhill,San Jose,standard,1,1,1,7,108.12,756.84
f5739698-7dd9-11ea-8300-b88a60e194fb,IC6-HQDZ,orderid:189388,crmid:8269689186,2020-03-14T19:42:14.000Z,call center,prd1059,1584387734,1584474134,2020-03-16T19:42:14.000Z,2020-03-17T19:42:14.000Z,Hospitality Inn: Kinshasa,Hospitality Inn,Kinshasa,standard,1,1,0,1,153.13,153.13
f574f664-7dd9-11ea-bbd6-b88a60e194fb,EYR-KNLB,orderid:498885,crmid:6320291307,2020-03-04T12:45:57.000Z,call center,prd1190,1583585157,1583671557,2020-03-07T12:45:57.000Z,2020-03-08T12:45:57.000Z,Blue Reef Resort: Aurora,Blue Reef Resort,Aurora,standard,1,1,0,1,122.42,122.42
f5762e8c-7dd9-11ea-80e8-b88a60e194fb,CGY-M0GV,orderid:182522,crmid:2823643740,2020-03-21T23:25:05.000Z,call center,prd1098,1586733905,1587597905,2020-04-12T23:25:05.000Z,2020-04-22T23:25:05.000Z,Restful Nights: Kiev,Restful Nights,Kiev,premium,1,1,3,10,139.92,1399.2
f5773ed8-7dd9-11ea-8d27-b88a60e194fb,5LM-UA9Q,orderid:728717,crmid:7989822556,2020-03-22T20:05:13.000Z,service desk,prd1033,1585425913,1586894713,2020-03-28T20:05:13.000Z,2020-04-14T20:05:13.000Z,Admiralty Plaza: Milwaukee,Admiralty Plaza,Milwaukee,standard,1,1,1,17,108.84,1850.28
f57878d0-7dd9-11ea-b5a8-b88a60e194fb,RWD-FQMC,orderid:266509,crmid:2649250158,2020-03-31T22:22:18.000Z,kiosk,prd1193,1585779738,1586211738,2020-04-01T22:22:18.000Z,2020-04-06T22:22:18.000Z,Grandeur Hotels: Kinshasa,Grandeur Hotels,Kinshasa,luxury,1,1,0,5,307.6,1538.0
