{"_id": "fe57b552-53c8-11ea-883e-b88a60e194fb", "timestamp": "2020-01-04T19:49:54.000Z", "eventType": "transaction", "_adobeamericaspot3": {"CRMID": "crmid:1619508572", "orderDetails": {"orderID": "orderid:262584", "reservationid": "IRJ-OMPZ", "orderType": "website"}}}
{"_id": "fe589ff6-53c8-11ea-b76a-b88a60e194fb", "timestamp": "2020-02-13T01:56:56.000Z", "eventType": "transaction", "_adobeamericaspot3": {"CRMID": "crmid:6674091737", "orderDetails": {"orderID": "orderid:592361", "reservationid": "MTK-TSJX", "orderType": "kiosk"}}}
{"_id": "fe59b148-53c8-11ea-bf09-b88a60e194fb", "timestamp": "2020-02-01T16:47:25.000Z", "eventType": "transaction", "_adobeamericaspot3": {"CRMID": "crmid:7020895134", "orderDetails": {"orderID": "orderid:767544", "reservationid": "VSG-FYSV", "orderType": "mobile"}}}
{"_id": "fe5a9b9e-53c8-11ea-868c-b88a60e194fb", "timestamp": "2020-01-14T18:50:02.000Z", "eventType": "transaction", "_adobeamericaspot3": {"CRMID": "crmid:5883148617", "orderDetails": {"orderID": "orderid:715386", "reservationid": "JTY-HZKQ", "orderType": "mobile"}}}
{"_id": "fe5b8600-53c8-11ea-b27a-b88a60e194fb", "timestamp": "2020-02-01T16:55:58.000Z", "eventType": "transaction", "_adobeamericaspot3": {"CRMID": "crmid:3379047463", "orderDetails": {"orderID": "orderid:199857", "reservationid": "LKA-QERI", "orderType": "kiosk"}}}
{"_id": "fe5c7022-53c8-11ea-b79d-b88a60e194fb", "timestamp": "2020-01-26T02:09:17.000Z", "eventType": "transaction", "_adobeamericaspot3": {"CRMID": "crmid:1565412104", "orderDetails": {"orderID": "orderid:659906", "reservationid": "MSP-EKNE", "orderType": "mobile"}}}
{"_id": "fe5d5aa8-53c8-11ea-a060-b88a60e194fb", "timestamp": "2020-02-05T17:16:28.000Z", "eventType": "transaction", "_adobeamericaspot3": {"CRMID": "crmid:4670687088", "orderDetails": {"orderID": "orderid:375549", "reservationid": "2DF-RDCG", "orderType": "call center"}}}
{"_id": "fe5e6c02-53c8-11ea-a512-b88a60e194fb", "timestamp": "2019-12-23T07:04:49.000Z", "eventType": "transaction", "_adobeamericaspot3": {"CRMID": "crmid:6976884581", "orderDetails": {"orderID": "orderid:669544", "reservationid": "W5X-YC7I", "orderType": "website"}}}
{"_id": "fe5f2f70-53c8-11ea-907f-b88a60e194fb", "timestamp": "2020-01-28T05:18:41.000Z", "eventType": "transaction", "_adobeamericaspot3": {"CRMID": "crmid:7934707512", "orderDetails": {"orderID": "orderid:779206", "reservationid": "LOV-EFPO", "orderType": "mobile"}}}
{"_id": "fe6019c0-53c8-11ea-a1fd-b88a60e194fb", "timestamp": "2019-12-20T03:18:51.000Z", "eventType": "transaction", "_adobeamericaspot3": {"CRMID": "crmid:2725768635", "orderDetails": {"orderID": "orderid:978525", "reservationid": "X0C-W002", "orderType": "kiosk"}}}
{"_id": "fe610410-53c8-11ea-9bb4-b88a60e194fb", "timestamp": "2020-01-24T10:31:11.000Z", "eventType": "transaction", "_adobeamericaspot3": {"CRMID": "crmid:1973915442", "orderDetails": {"orderID": "orderid:802803", "reservationid": "QBZ-DLYT", "orderType": "kiosk"}}}
{"_id": "fe61eed0-53c8-11ea-8c58-b88a60e194fb", "timestamp": "2019-12-08T22:28:03.000Z", "eventType": "transaction", "_adobeamericaspot3": {"CRMID": "crmid:7770532958", "orderDetails": {"orderID": "orderid:563685", "reservationid": "MNA-BGIH", "orderType": "service desk"}}}
{"_id": "fe6326fa-53c8-11ea-9b73-b88a60e194fb", "timestamp": "2020-01-12T15:35:01.000Z", "eventType": "transaction", "_adobeamericaspot3": {"CRMID": "crmid:1602753867", "orderDetails": {"orderID": "orderid:473809", "reservationid": "ITW-XSF4", "orderType": "call center"}}}
{"_id": "fe641182-53c8-11ea-9c09-b88a60e194fb", "timestamp": "2020-02-03T04:31:26.000Z", "eventType": "transaction", "_adobeamericaspot3": {"CRMID": "crmid:1129199262", "orderDetails": {"orderID": "orderid:701136", "reservationid": "9ZT-J318", "orderType": "call center"}}}
{"_id": "fe64fbbe-53c8-11ea-878a-b88a60e194fb", "timestamp": "2020-01-29T19:24:31.000Z", "eventType": "transaction", "_adobeamericaspot3": {"CRMID": "crmid:2261546842", "orderDetails": {"orderID": "orderid:136055", "reservationid": "WPF-BEEN", "orderType": "service desk"}}}
{"_id": "fe660dde-53c8-11ea-a9f7-b88a60e194fb", "timestamp": "2020-01-26T19:49:36.000Z", "eventType": "transaction", "_adobeamericaspot3": {"CRMID": "crmid:4017704171", "orderDetails": {"orderID": "orderid:131190", "reservationid": "SHS-RZFE", "orderType": "website"}}}
{"_id": "fe66f81a-53c8-11ea-946f-b88a60e194fb", "timestamp": "2020-01-27T08:22:54.000Z", "eventType": "transaction", "_adobeamericaspot3": {"CRMID": "crmid:1088238097", "orderDetails": {"orderID": "orderid:578649", "reservationid": "EOS-8X0T", "orderType": "website"}}}
{"_id": "fe67e206-53c8-11ea-b52c-b88a60e194fb", "timestamp": "2020-01-04T06:03:46.000Z", "eventType": "transaction", "_adobeamericaspot3": {"CRMID": "crmid:7025933284", "orderDetails": {"orderID": "orderid:308126", "reservationid": "140-KHO5", "orderType": "website"}}}
{"_id": "fe68cc4c-53c8-11ea-a16e-b88a60e194fb", "timestamp": "2019-12-20T07:58:22.000Z", "eventType": "transaction", "_adobeamericaspot3": {"CRMID": "crmid:7880028543", "orderDetails": {"orderID": "orderid:265278", "reservationid": "RGV-YRRO", "orderType": "kiosk"}}}
{"_id": "fe69b6be-53c8-11ea-aa4c-b88a60e194fb", "timestamp": "2020-01-16T06:04:00.000Z", "eventType": "transaction", "_adobeamericaspot3": {"CRMID": "crmid:7383855953", "orderDetails": {"orderID": "orderid:353609", "reservationid": "GZE-V3AT", "orderType": "website"}}}
{"_id": "fe6aa118-53c8-11ea-8b84-b88a60e194fb", "timestamp": "2020-02-02T19:25:26.000Z", "eventType": "transaction", "_adobeamericaspot3": {"CRMID": "crmid:4929551326", "orderDetails": {"orderID": "orderid:956158", "reservationid": "1HC-AC2U", "orderType": "kiosk"}}}
{"_id": "fe6b8b62-53c8-11ea-9ece-b88a60e194fb", "timestamp": "2019-12-10T10:21:28.000Z", "eventType": "transaction", "_adobeamericaspot3": {"CRMID": "crmid:2417217859", "orderDetails": {"orderID": "orderid:110236", "reservationid": "3VG-LB3O", "orderType": "website"}}}
{"_id": "fe6b8b63-53c8-11ea-af20-b88a60e194fb", "timestamp": "2019-12-16T00:00:00.000Z", "eventType": "transaction", "_adobeamericaspot3": {"CRMID": "crmid:2417217859", "orderDetails": {"orderID": "orderid:129743", "reservationid": "2ZI-JD4B", "orderType": "kiosk"}}}
{"_id": "fe6c9cd8-53c8-11ea-bcfe-b88a60e194fb", "timestamp": "2020-02-09T11:46:11.000Z", "eventType": "transaction", "_adobeamericaspot3": {"CRMID": "crmid:9979896160", "orderDetails": {"orderID": "orderid:948440", "reservationid": "CJX-LR5R", "orderType": "website"}}}
{"_id": "fe6dd576-53c8-11ea-8c6a-b88a60e194fb", "timestamp": "2020-01-01T03:28:02.000Z", "eventType": "transaction", "_adobeamericaspot3": {"CRMID": "crmid:7426700527", "orderDetails": {"orderID": "orderid:165420", "reservationid": "XCZ-XUWZ", "orderType": "website"}}}
{"_id": "fe6ebfba-53c8-11ea-a285-b88a60e194fb", "timestamp": "2019-12-16T10:01:02.000Z", "eventType": "transaction", "_adobeamericaspot3": {"CRMID": "crmid:3857998694", "orderDetails": {"orderID": "orderid:768127", "reservationid": "FA2-YBZM", "orderType": "call center"}}}
{"_id": "fe6faa46-53c8-11ea-aab5-b88a60e194fb", "timestamp": "2020-02-14T18:24:44.000Z", "eventType": "transaction", "_adobeamericaspot3": {"CRMID": "crmid:1723508699", "orderDetails": {"orderID": "orderid:542279", "reservationid": "T1T-NUXK", "orderType": "kiosk"}}}
{"_id": "fe709486-53c8-11ea-9153-b88a60e194fb", "timestamp": "2020-02-10T14:12:22.000Z", "eventType": "transaction", "_adobeamericaspot3": {"CRMID": "crmid:9256563759", "orderDetails": {"orderID": "orderid:841050", "reservationid": "OQR-QBB1", "orderType": "call center"}}}
{"_id": "fe717ee4-53c8-11ea-9592-b88a60e194fb", "timestamp": "2020-01-08T00:47:01.000Z", "eventType": "transaction", "_adobeamericaspot3": {"CRMID": "crmid:3124708718", "orderDetails": {"orderID": "orderid:478693", "reservationid": "LT3-FIHW", "orderType": "kiosk"}}}
{"_id": "fe726926-53c8-11ea-9714-b88a60e194fb", "timestamp": "2019-12-09T13:44:19.000Z", "eventType": "transaction", "_adobeamericaspot3": {"CRMID": "crmid:3942691033", "orderDetails": {"orderID": "orderid:358124", "reservationid": "W5V-LSSK", "orderType": "website"}}}
{"_id": "fe73539c-53c8-11ea-81d9-b88a60e194fb", "timestamp": "2020-02-12T16:58:13.000Z", "eventType": "transaction", "_adobeamericaspot3": {"CRMID": "crmid:8450413273", "orderDetails": {"orderID": "orderid:861925", "reservationid": "T5A-ZOAR", "orderType": "mobile"}}}
{"_id": "fe743e08-53c8-11ea-9244-b88a60e194fb", "timestamp": "2020-02-07T21:31:43.000Z", "eventType": "transaction", "_adobeamericaspot3": {"CRMID": "crmid:6924640388", "orderDetails": {"orderID": "orderid:630782", "reservationid": "EJC-HQYP", "orderType": "website"}}}
{"_id": "fe75274c-53c8-11ea-98b7-b88a60e194fb", "timestamp": "2019-12-12T03:41:48.000Z", "eventType": "transaction", "_adobeamericaspot3": {"CRMID": "crmid:9634160097", "orderDetails": {"orderID": "orderid:549932", "reservationid": "T6J-WPHQ", "orderType": "call center"}}}
{"_id": "fe763898-53c8-11ea-946b-b88a60e194fb", "timestamp": "2019-12-24T22:49:29.000Z", "eventType": "transaction", "_adobeamericaspot3": {"CRMID": "crmid:7295383663", "orderDetails": {"orderID": "orderid:658301", "reservationid": "AGZ-3PB6", "orderType": "call center"}}}
{"_id": "fe77e6ca-53c8-11ea-abef-b88a60e194fb", "timestamp": "2019-12-16T23:55:41.000Z", "eventType": "transaction", "_adobeamericaspot3": {"CRMID": "crmid:2678127942", "orderDetails": {"orderID": "orderid:968377", "reservationid": "DDX-M1SB", "orderType": "call center"}}}
{"_id": "fe794648-53c8-11ea-b2d6-b88a60e194fb", "timestamp": "2019-12-12T07:30:07.000Z", "eventType": "transaction", "_adobeamericaspot3": {"CRMID": "crmid:2814629125", "orderDetails": {"orderID": "orderid:130767", "reservationid": "WEX-7ZX5", "orderType": "call center"}}}
{"_id": "fe7aa53a-53c8-11ea-b585-b88a60e194fb", "timestamp": "2019-12-01T06:48:04.000Z", "eventType": "transaction", "_adobeamericaspot3": {"CRMID": "crmid:9123911269", "orderDetails": {"orderID": "orderid:993434", "reservationid": "1H9-YZB9", "orderType": "call center"}}}
{"_id": "fe7bb72c-53c8-11ea-9fb4-b88a60e194fb", "timestamp": "2019-12-06T17:41:15.000Z", "eventType": "transaction", "_adobeamericaspot3": {"CRMID": "crmid:5963560344", "orderDetails": {"orderID": "orderid:947159", "reservationid": "ZK5-29H1", "orderType": "website"}}}
{"_id": "fe7cc85c-53c8-11ea-b827-b88a60e194fb", "timestamp": "2019-12-26T13:54:17.000Z", "eventType": "transaction", "_adobeamericaspot3": {"CRMID": "crmid:8128347942", "orderDetails": {"orderID": "orderid:936107", "reservationid": "ZIZ-FWHJ", "orderType": "kiosk"}}}
{"_id": "fe7dd9c6-53c8-11ea-936c-b88a60e194fb", "timestamp": "2019-12-14T23:30:47.000Z", "eventType": "transaction", "_adobeamericaspot3": {"CRMID": "crmid:5567940233", "orderDetails": {"orderID": "orderid:934841", "reservationid": "PW3-IPPK", "orderType": "kiosk"}}}
{"_id": "fe7e00d8-53c8-11ea-808a-b88a60e194fb", "timestamp": "2019-12-20T00:00:00.000Z", "eventType": "transaction", "_adobeamericaspot3": {"CRMID": "crmid:5567940233", "orderDetails": {"orderID": "orderid:571548", "reservationid": "GBU-OEUU", "orderType": "website"}}}
{"_id": "fe7f1246-53c8-11ea-a2c3-b88a60e194fb", "timestamp": "2020-02-13T03:53:56.000Z", "eventType": "transaction", "_adobeamericaspot3": {"CRMID": "crmid:1229314630", "orderDetails": {"orderID": "orderid:300263", "reservationid": "ZV1-3VEM", "orderType": "kiosk"}}}
{"_id": "fe7ffcb0-53c8-11ea-9c70-b88a60e194fb", "timestamp": "2020-01-22T21:23:11.000Z", "eventType": "transaction", "_adobeamericaspot3": {"CRMID": "crmid:2516251311", "orderDetails": {"orderID": "orderid:599124", "reservationid": "UFQ-BYHR", "orderType": "website"}}}
{"_id": "fe810e18-53c8-11ea-bb24-b88a60e194fb", "timestamp": "2020-01-30T16:06:46.000Z", "eventType": "transaction", "_adobeamericaspot3": {"CRMID": "crmid:8089930916", "orderDetails": {"orderID": "orderid:336651", "reservationid": "XBM-EDJN", "orderType": "website"}}}
{"_id": "fe813524-53c8-11ea-ac66-b88a60e194fb", "timestamp": "2020-02-04T00:00:00.000Z", "eventType": "transaction", "_adobeamericaspot3": {"CRMID": "crmid:8089930916", "orderDetails": {"orderID": "orderid:981625", "reservationid": "MT4-NPXP", "orderType": "call center"}}}
{"_id": "fe826da4-53c8-11ea-a67e-b88a60e194fb", "timestamp": "2019-12-01T19:19:36.000Z", "eventType": "transaction", "_adobeamericaspot3": {"CRMID": "crmid:6478011112", "orderDetails": {"orderID": "orderid:176537", "reservationid": "MTP-YJGQ", "orderType": "kiosk"}}}
{"_id": "fe835814-53c8-11ea-9ba3-b88a60e194fb", "timestamp": "2020-01-17T12:49:50.000Z", "eventType": "transaction", "_adobeamericaspot3": {"CRMID": "crmid:2109722924", "orderDetails": {"orderID": "orderid:328604", "reservationid": "ROY-WK4Q", "orderType": "website"}}}
{"_id": "fe84b79a-53c8-11ea-bb27-b88a60e194fb", "timestamp": "2020-01-21T13:57:56.000Z", "eventType": "transaction", "_adobeamericaspot3": {"CRMID": "crmid:2078074281", "orderDetails": {"orderID": "orderid:467244", "reservationid": "A0A-84OQ", "orderType": "website"}}}
{"_id": "fe861852-53c8-11ea-8063-b88a60e194fb", "timestamp": "2019-12-28T01:04:17.000Z", "eventType": "transaction", "_adobeamericaspot3": {"CRMID": "crmid:4252278039", "orderDetails": {"orderID": "orderid:211679", "reservationid": "DE9-RREJ", "orderType": "website"}}}
{"_id": "fe87c4ca-53c8-11ea-9b6d-b88a60e194fb", "timestamp": "2020-02-06T18:42:09.000Z", "eventType": "transaction", "_adobeamericaspot3": {"CRMID": "crmid:7675592780", "orderDetails": {"orderID": "orderid:832559", "reservationid": "MSE-KVKM", "orderType": "kiosk"}}}
{"_id": "fe88d776-53c8-11ea-adf4-b88a60e194fb", "timestamp": "2020-01-29T08:20:40.000Z", "eventType": "transaction", "_adobeamericaspot3": {"CRMID": "crmid:7032450535", "orderDetails": {"orderID": "orderid:435992", "reservationid": "SPM-A10B", "orderType": "call center"}}}
{"_id": "fe89c1e2-53c8-11ea-add6-b88a60e194fb", "timestamp": "2019-12-29T14:47:28.000Z", "eventType": "transaction", "_adobeamericaspot3": {"CRMID": "crmid:5543020136", "orderDetails": {"orderID": "orderid:440225", "reservationid": "CYB-045F", "orderType": "website"}}}
{"_id": "fe8aac24-53c8-11ea-b178-b88a60e194fb", "timestamp": "2019-12-15T00:52:44.000Z", "eventType": "transaction", "_adobeamericaspot3": {"CRMID": "crmid:5765718335", "orderDetails": {"orderID": "orderid:111954", "reservationid": "M9U-DMH2", "orderType": "website"}}}
{"_id": "fe8b9562-53c8-11ea-b43e-b88a60e194fb", "timestamp": "2020-01-18T10:41:17.000Z", "eventType": "transaction", "_adobeamericaspot3": {"CRMID": "crmid:5999347347", "orderDetails": {"orderID": "orderid:424073", "reservationid": "QJJ-TW0F", "orderType": "call center"}}}
{"_id": "fe8ccdca-53c8-11ea-8350-b88a60e194fb", "timestamp": "2020-02-07T07:59:41.000Z", "eventType": "transaction", "_adobeamericaspot3": {"CRMID": "crmid:2248914947", "orderDetails": {"orderID": "orderid:573233", "reservationid": "TQY-TVUR", "orderType": "website"}}}
{"_id": "fe8db96c-53c8-11ea-b79a-b88a60e194fb", "timestamp": "2020-02-13T09:52:21.000Z", "eventType": "transaction", "_adobeamericaspot3": {"CRMID": "crmid:8184187723", "orderDetails": {"orderID": "orderid:402742", "reservationid": "AVO-XGLQ", "orderType": "kiosk"}}}
{"_id": "fe8ea3e4-53c8-11ea-b30b-b88a60e194fb", "timestamp": "2020-01-31T07:14:03.000Z", "eventType": "transaction", "_adobeamericaspot3": {"CRMID": "crmid:9856695390", "orderDetails": {"orderID": "orderid:556099", "reservationid": "LGF-IOOU", "orderType": "service desk"}}}
{"_id": "fe91d812-53c8-11ea-a777-b88a60e194fb", "timestamp": "2019-12-26T15:35:06.000Z", "eventType": "transaction", "_adobeamericaspot3": {"CRMID": "crmid:5266681012", "orderDetails": {"orderID": "orderid:652319", "reservationid": "4WC-MWNJ", "orderType": "website"}}}
{"_id": "fe92c27e-53c8-11ea-babc-b88a60e194fb", "timestamp": "2020-01-16T19:02:20.000Z", "eventType": "transaction", "_adobeamericaspot3": {"CRMID": "crmid:9253074147", "orderDetails": {"orderID": "orderid:473521", "reservationid": "JLO-N2XN", "orderType": "kiosk"}}}
{"_id": "fe93d3f0-53c8-11ea-aec2-b88a60e194fb", "timestamp": "2019-12-30T02:29:28.000Z", "eventType": "transaction", "_adobeamericaspot3": {"CRMID": "crmid:7847239913", "orderDetails": {"orderID": "orderid:190440", "reservationid": "8DN-78EX", "orderType": "website"}}}
{"_id": "fe949728-53c8-11ea-920d-b88a60e194fb", "timestamp": "2019-12-04T19:20:15.000Z", "eventType": "transaction", "_adobeamericaspot3": {"CRMID": "crmid:9474877549", "orderDetails": {"orderID": "orderid:205939", "reservationid": "2RR-EK7A", "orderType": "website"}}}
{"_id": "fe95a88c-53c8-11ea-859b-b88a60e194fb", "timestamp": "2020-01-25T15:53:41.000Z", "eventType": "transaction", "_adobeamericaspot3": {"CRMID": "crmid:2234516451", "orderDetails": {"orderID": "orderid:520737", "reservationid": "NGV-B80W", "orderType": "website"}}}
{"_id": "fe96b8cc-53c8-11ea-b7bc-b88a60e194fb", "timestamp": "2020-01-25T20:56:36.000Z", "eventType": "transaction", "_adobeamericaspot3": {"CRMID": "crmid:5608113115", "orderDetails": {"orderID": "orderid:995104", "reservationid": "P9X-3WH9", "orderType": "website"}}}
{"_id": "fe977d76-53c8-11ea-8dce-b88a60e194fb", "timestamp": "2020-02-15T03:08:50.000Z", "eventType": "transaction", "_adobeamericaspot3": {"CRMID": "crmid:7619473999", "orderDetails": {"orderID": "orderid:914418", "reservationid": "PKY-VZ6T", "orderType": "website"}}}
{"_id": "fe9867ec-53c8-11ea-a562-b88a60e194fb", "timestamp": "2020-02-06T10:52:22.000Z", "eventType": "transaction", "_adobeamericaspot3": {"CRMID": "crmid:7001838791", "orderDetails": {"orderID": "orderid:172616", "reservationid": "LG9-ZHJR", "orderType": "mobile"}}}
{"_id": "fe99c608-53c8-11ea-804c-b88a60e194fb", "timestamp": "2020-02-15T07:29:05.000Z", "eventType": "transaction", "_adobeamericaspot3": {"CRMID": "crmid:7682251877", "orderDetails": {"orderID": "orderid:657286", "reservationid": "AVD-J3SP", "orderType": "website"}}}
{"_id": "fe9bc1e8-53c8-11ea-9fca-b88a60e194fb", "timestamp": "2020-02-15T02:03:25.000Z", "eventType": "transaction", "_adobeamericaspot3": {"CRMID": "crmid:6883309242", "orderDetails": {"orderID": "orderid:951155", "reservationid": "OCT-G7J9", "orderType": "call center"}}}
{"_id": "fe9d6f7a-53c8-11ea-8196-b88a60e194fb", "timestamp": "2019-12-15T12:27:43.000Z", "eventType": "transaction", "_adobeamericaspot3": {"CRMID": "crmid:4310000095", "orderDetails": {"orderID": "orderid:631069", "reservationid": "FYE-Y9Y6", "orderType": "mobile"}}}
{"_id": "fe9ef610-53c8-11ea-afe3-b88a60e194fb", "timestamp": "2020-02-03T09:59:42.000Z", "eventType": "transaction", "_adobeamericaspot3": {"CRMID": "crmid:5116072337", "orderDetails": {"orderID": "orderid:115507", "reservationid": "FFS-PM9A", "orderType": "call center"}}}
{"_id": "fea00782-53c8-11ea-adf6-b88a60e194fb", "timestamp": "2020-02-01T07:12:03.000Z", "eventType": "transaction", "_adobeamericaspot3": {"CRMID": "crmid:6556812715", "orderDetails": {"orderID": "orderid:754709", "reservationid": "AJF-IMCH", "orderType": "website"}}}
{"_id": "fea0f1e4-53c8-11ea-bc27-b88a60e194fb", "timestamp": "2020-01-05T01:52:24.000Z", "eventType": "transaction", "_adobeamericaspot3": {"CRMID": "crmid:6087791285", "orderDetails": {"orderID": "orderid:562812", "reservationid": "9WC-N9QT", "orderType": "call center"}}}
{"_id": "fea1dc46-53c8-11ea-8ab4-b88a60e194fb", "timestamp": "2019-12-15T09:22:03.000Z", "eventType": "transaction", "_adobeamericaspot3": {"CRMID": "crmid:9981440377", "orderDetails": {"orderID": "orderid:560153", "reservationid": "GFK-OGRP", "orderType": "call center"}}}
{"_id": "fea2c6ae-53c8-11ea-89b8-b88a60e194fb", "timestamp": "2019-12-02T20:08:46.000Z", "eventType": "transaction", "_adobeamericaspot3": {"CRMID": "crmid:2439359572", "orderDetails": {"orderID": "orderid:875649", "reservationid": "DQM-4WYG", "orderType": "mobile"}}}
{"_id": "fea3d81a-53c8-11ea-b23f-b88a60e194fb", "timestamp": "2019-12-11T16:06:44.000Z", "eventType": "transaction", "_adobeamericaspot3": {"CRMID": "crmid:7566673002", "orderDetails": {"orderID": "orderid:964823", "reservationid": "G9X-RQ42", "orderType": "website"}}}
{"_id": "fea4c336-53c8-11ea-82aa-b88a60e194fb", "timestamp": "2019-12-12T08:29:19.000Z", "eventType": "transaction", "_adobeamericaspot3": {"CRMID": "crmid:2849259859", "orderDetails": {"orderID": "orderid:224883", "reservationid": "AMO-O22I", "orderType": "call center"}}}
{"_id": "fea5acd8-53c8-11ea-a4d7-b88a60e194fb", "timestamp": "2019-12-21T11:45:33.000Z", "eventType": "transaction", "_adobeamericaspot3": {"CRMID": "crmid:6730271653", "orderDetails": {"orderID": "orderid:630349", "reservationid": "TXW-VSY8", "orderType": "website"}}}
{"_id": "fea6973a-53c8-11ea-bbf0-b88a60e194fb", "timestamp": "2019-12-12T15:55:26.000Z", "eventType": "transaction", "_adobeamericaspot3": {"CRMID": "crmid:9555953177", "orderDetails": {"orderID": "orderid:979211", "reservationid": "HXB-DSIY", "orderType": "mobile"}}}
{"_id": "fea75a8a-53c8-11ea-a3a1-b88a60e194fb", "timestamp": "2020-01-01T09:13:51.000Z", "eventType": "transaction", "_adobeamericaspot3": {"CRMID": "crmid:9138377483", "orderDetails": {"orderID": "orderid:950499", "reservationid": "7E6-T9PP", "orderType": "kiosk"}}}
{"_id": "fea8930c-53c8-11ea-b38e-b88a60e194fb", "timestamp": "2019-12-28T03:43:03.000Z", "eventType": "transaction", "_adobeamericaspot3": {"CRMID": "crmid:9894711895", "orderDetails": {"orderID": "orderid:165424", "reservationid": "3LL-E1PU", "orderType": "kiosk"}}}
{"_id": "fea9a498-53c8-11ea-910b-b88a60e194fb", "timestamp": "2020-01-02T10:34:31.000Z", "eventType": "transaction", "_adobeamericaspot3": {"CRMID": "crmid:7867122069", "orderDetails": {"orderID": "orderid:742291", "reservationid": "MHE-M9BE", "orderType": "service desk"}}}
{"_id": "feaa8edc-53c8-11ea-9b13-b88a60e194fb", "timestamp": "2020-02-02T11:42:34.000Z", "eventType": "transaction", "_adobeamericaspot3": {"CRMID": "crmid:8986046344", "orderDetails": {"orderID": "orderid:445649", "reservationid": "BGJ-TXSL", "orderType": "kiosk"}}}
{"_id": "feab522c-53c8-11ea-a2ff-b88a60e194fb", "timestamp": "2020-01-05T07:43:57.000Z", "eventType": "transaction", "_adobeamericaspot3": {"CRMID": "crmid:5045339652", "orderDetails": {"orderID": "orderid:436451", "reservationid": "PK3-ERBY", "orderType": "website"}}}
{"_id": "feac3c8a-53c8-11ea-82ee-b88a60e194fb", "timestamp": "2019-12-27T21:20:34.000Z", "eventType": "transaction", "_adobeamericaspot3": {"CRMID": "crmid:7914935794", "orderDetails": {"orderID": "orderid:653989", "reservationid": "LFQ-BCA4", "orderType": "kiosk"}}}
{"_id": "feac6398-53c8-11ea-8a55-b88a60e194fb", "timestamp": "2019-12-31T00:00:00.000Z", "eventType": "transaction", "_adobeamericaspot3": {"CRMID": "crmid:7914935794", "orderDetails": {"orderID": "orderid:865732", "reservationid": "OYH-5SWN", "orderType": "call center"}}}
{"_id": "fead7524-53c8-11ea-80db-b88a60e194fb", "timestamp": "2019-12-21T19:21:39.000Z", "eventType": "transaction", "_adobeamericaspot3": {"CRMID": "crmid:5943769373", "orderDetails": {"orderID": "orderid:383584", "reservationid": "4EU-URLY", "orderType": "website"}}}
{"_id": "feae5f68-53c8-11ea-9e24-b88a60e194fb", "timestamp": "2019-12-11T05:49:40.000Z", "eventType": "transaction", "_adobeamericaspot3": {"CRMID": "crmid:8986953342", "orderDetails": {"orderID": "orderid:830563", "reservationid": "J4N-HHLR", "orderType": "mobile"}}}
{"_id": "feaf49c8-53c8-11ea-a919-b88a60e194fb", "timestamp": "2019-12-15T18:04:45.000Z", "eventType": "transaction", "_adobeamericaspot3": {"CRMID": "crmid:3610715898", "orderDetails": {"orderID": "orderid:567704", "reservationid": "ANL-YFPS", "orderType": "website"}}}
{"_id": "feb05b3e-53c8-11ea-8e33-b88a60e194fb", "timestamp": "2019-12-06T06:53:54.000Z", "eventType": "transaction", "_adobeamericaspot3": {"CRMID": "crmid:7395096009", "orderDetails": {"orderID": "orderid:626757", "reservationid": "SKD-4ZYP", "orderType": "kiosk"}}}
{"_id": "feb1459c-53c8-11ea-b5b4-b88a60e194fb", "timestamp": "2020-02-11T13:51:19.000Z", "eventType": "transaction", "_adobeamericaspot3": {"CRMID": "crmid:1651536577", "orderDetails": {"orderID": "orderid:162903", "reservationid": "GNZ-XEDN", "orderType": "kiosk"}}}
{"_id": "feb25708-53c8-11ea-a19c-b88a60e194fb", "timestamp": "2020-01-10T06:53:59.000Z", "eventType": "transaction", "_adobeamericaspot3": {"CRMID": "crmid:4249176053", "orderDetails": {"orderID": "orderid:606401", "reservationid": "3MW-LBD7", "orderType": "call center"}}}
{"_id": "feb38f8a-53c8-11ea-8abb-b88a60e194fb", "timestamp": "2019-12-06T17:18:17.000Z", "eventType": "transaction", "_adobeamericaspot3": {"CRMID": "crmid:5055386169", "orderDetails": {"orderID": "orderid:587982", "reservationid": "P3C-CKHH", "orderType": "website"}}}
{"_id": "feb4c80c-53c8-11ea-8e2d-b88a60e194fb", "timestamp": "2019-12-24T08:13:24.000Z", "eventType": "transaction", "_adobeamericaspot3": {"CRMID": "crmid:8703262474", "orderDetails": {"orderID": "orderid:338314", "reservationid": "PHO-HVQR", "orderType": "call center"}}}
{"_id": "feb5d970-53c8-11ea-b965-b88a60e194fb", "timestamp": "2020-02-07T16:02:47.000Z", "eventType": "transaction", "_adobeamericaspot3": {"CRMID": "crmid:9311881638", "orderDetails": {"orderID": "orderid:313526", "reservationid": "EGU-4B4A", "orderType": "kiosk"}}}
{"_id": "feb6eade-53c8-11ea-9528-b88a60e194fb", "timestamp": "2020-01-17T19:02:44.000Z", "eventType": "transaction", "_adobeamericaspot3": {"CRMID": "crmid:8098436520", "orderDetails": {"orderID": "orderid:413905", "reservationid": "SKU-6FNV", "orderType": "service desk"}}}
{"_id": "feb7fc54-53c8-11ea-84ca-b88a60e194fb", "timestamp": "2020-01-17T19:43:59.000Z", "eventType": "transaction", "_adobeamericaspot3": {"CRMID": "crmid:4488189400", "orderDetails": {"orderID": "orderid:389657", "reservationid": "V7O-ZECB", "orderType": "mobile"}}}
{"_id": "feb90dca-53c8-11ea-a060-b88a60e194fb", "timestamp": "2019-12-14T10:07:19.000Z", "eventType": "transaction", "_adobeamericaspot3": {"CRMID": "crmid:6492762347", "orderDetails": {"orderID": "orderid:794326", "reservationid": "AKT-IEBQ", "orderType": "service desk"}}}
{"_id": "feba4646-53c8-11ea-b340-b88a60e194fb", "timestamp": "2019-12-29T20:09:31.000Z", "eventType": "transaction", "_adobeamericaspot3": {"CRMID": "crmid:8791258093", "orderDetails": {"orderID": "orderid:661861", "reservationid": "UMW-F9JR", "orderType": "website"}}}
{"_id": "febb57ba-53c8-11ea-ad4e-b88a60e194fb", "timestamp": "2020-01-02T20:10:33.000Z", "eventType": "transaction", "_adobeamericaspot3": {"CRMID": "crmid:3923935402", "orderDetails": {"orderID": "orderid:970499", "reservationid": "DQT-WIHO", "orderType": "call center"}}}
{"_id": "febc6926-53c8-11ea-96d6-b88a60e194fb", "timestamp": "2020-02-16T04:04:56.000Z", "eventType": "transaction", "_adobeamericaspot3": {"CRMID": "crmid:1136087679", "orderDetails": {"orderID": "orderid:404821", "reservationid": "AYZ-ONMJ", "orderType": "mobile"}}}
{"_id": "febda1a8-53c8-11ea-bb6b-b88a60e194fb", "timestamp": "2020-01-20T09:18:27.000Z", "eventType": "transaction", "_adobeamericaspot3": {"CRMID": "crmid:6163103723", "orderDetails": {"orderID": "orderid:316978", "reservationid": "HZP-OQM7", "orderType": "mobile"}}}
{"_id": "febeb318-53c8-11ea-a8e8-b88a60e194fb", "timestamp": "2019-12-06T21:42:41.000Z", "eventType": "transaction", "_adobeamericaspot3": {"CRMID": "crmid:8526680626", "orderDetails": {"orderID": "orderid:353643", "reservationid": "BPX-ACKU", "orderType": "service desk"}}}
{"_id": "febfc486-53c8-11ea-80b2-b88a60e194fb", "timestamp": "2019-12-09T20:01:06.000Z", "eventType": "transaction", "_adobeamericaspot3": {"CRMID": "crmid:1084892211", "orderDetails": {"orderID": "orderid:506691", "reservationid": "E6Y-WEDI", "orderType": "call center"}}}
{"_id": "fec0fd08-53c8-11ea-a4d3-b88a60e194fb", "timestamp": "2019-12-30T10:18:04.000Z", "eventType": "transaction", "_adobeamericaspot3": {"CRMID": "crmid:5185888552", "orderDetails": {"orderID": "orderid:984843", "reservationid": "WZV-SJB2", "orderType": "call center"}}}
{"_id": "fec1e768-53c8-11ea-aacb-b88a60e194fb", "timestamp": "2019-12-25T21:21:33.000Z", "eventType": "transaction", "_adobeamericaspot3": {"CRMID": "crmid:1295665357", "orderDetails": {"orderID": "orderid:137438", "reservationid": "HII-IAE0", "orderType": "kiosk"}}}
{"_id": "fec2d1cc-53c8-11ea-8d5f-b88a60e194fb", "timestamp": "2019-12-06T21:35:44.000Z", "eventType": "transaction", "_adobeamericaspot3": {"CRMID": "crmid:3551329046", "orderDetails": {"orderID": "orderid:232171", "reservationid": "HPA-XEVU", "orderType": "service desk"}}}
{"_id": "fec40a46-53c8-11ea-9003-b88a60e194fb", "timestamp": "2020-02-09T17:46:59.000Z", "eventType": "transaction", "_adobeamericaspot3": {"CRMID": "crmid:5127981283", "orderDetails": {"orderID": "orderid:424923", "reservationid": "YY1-MPMB", "orderType": "website"}}}
{"_id": "fec51bb6-53c8-11ea-881c-b88a60e194fb", "timestamp": "2020-02-08T08:01:21.000Z", "eventType": "transaction", "_adobeamericaspot3": {"CRMID": "crmid:7453633463", "orderDetails": {"orderID": "orderid:776176", "reservationid": "H4V-6OTT", "orderType": "website"}}}
{"_id": "fec6065e-53c8-11ea-8d5f-b88a60e194fb", "timestamp": "2019-12-24T09:09:21.000Z", "eventType": "transaction", "_adobeamericaspot3": {"CRMID": "crmid:6773157430", "orderDetails": {"orderID": "orderid:908273", "reservationid": "EEG-VJFH", "orderType": "service desk"}}}
{"_id": "fec7178c-53c8-11ea-8ec0-b88a60e194fb", "timestamp": "2020-01-28T11:43:02.000Z", "eventType": "transaction", "_adobeamericaspot3": {"CRMID": "crmid:9318429356", "orderDetails": {"orderID": "orderid:429161", "reservationid": "4CY-ZWKG", "orderType": "website"}}}
{"_id": "fec828fe-53c8-11ea-b4b4-b88a60e194fb", "timestamp": "2019-12-23T03:57:04.000Z", "eventType": "transaction", "_adobeamericaspot3": {"CRMID": "crmid:6831765473", "orderDetails": {"orderID": "orderid:796074", "reservationid": "3DZ-PMFK", "orderType": "kiosk"}}}
{"_id": "fec96178-53c8-11ea-8633-b88a60e194fb", "timestamp": "2020-02-12T13:52:27.000Z", "eventType": "transaction", "_adobeamericaspot3": {"CRMID": "crmid:3472258501", "orderDetails": {"orderID": "orderid:151037", "reservationid": "DBW-AM0M", "orderType": "service desk"}}}
{"_id": "fecae95e-53c8-11ea-b62f-b88a60e194fb", "timestamp": "2019-12-11T06:24:35.000Z", "eventType": "transaction", "_adobeamericaspot3": {"CRMID": "crmid:7937321826", "orderDetails": {"orderID": "orderid:191235", "reservationid": "UTY-L3JA", "orderType": "kiosk"}}}
{"_id": "fecbfade-53c8-11ea-aa19-b88a60e194fb", "timestamp": "2020-01-26T12:19:52.000Z", "eventType": "transaction", "_adobeamericaspot3": {"CRMID": "crmid:2770063131", "orderDetails": {"orderID": "orderid:799060", "reservationid": "6ZR-UMEY", "orderType": "mobile"}}}
{"_id": "feccbe0c-53c8-11ea-83fc-b88a60e194fb", "timestamp": "2020-01-14T16:56:54.000Z", "eventType": "transaction", "_adobeamericaspot3": {"CRMID": "crmid:9561926649", "orderDetails": {"orderID": "orderid:415723", "reservationid": "FGX-YB1S", "orderType": "website"}}}
{"_id": "fecdf6a6-53c8-11ea-86ae-b88a60e194fb", "timestamp": "2020-02-07T06:45:49.000Z", "eventType": "transaction", "_adobeamericaspot3": {"CRMID": "crmid:2043103335", "orderDetails": {"orderID": "orderid:926510", "reservationid": "A7I-9JAE", "orderType": "website"}}}
{"_id": "fecee126-53c8-11ea-8d05-b88a60e194fb", "timestamp": "2020-02-06T18:21:45.000Z", "eventType": "transaction", "_adobeamericaspot3": {"CRMID": "crmid:5644663730", "orderDetails": {"orderID": "orderid:812641", "reservationid": "Z5O-2UTG", "orderType": "website"}}}
{"_id": "fecff280-53c8-11ea-b834-b88a60e194fb", "timestamp": "2020-01-12T10:13:30.000Z", "eventType": "transaction", "_adobeamericaspot3": {"CRMID": "crmid:2347342885", "orderDetails": {"orderID": "orderid:635154", "reservationid": "VZ3-QCNY", "orderType": "call center"}}}
{"_id": "fed129ac-53c8-11ea-828c-b88a60e194fb", "timestamp": "2019-12-17T01:11:54.000Z", "eventType": "transaction", "_adobeamericaspot3": {"CRMID": "crmid:7473274660", "orderDetails": {"orderID": "orderid:896857", "reservationid": "B9P-EVQZ", "orderType": "service desk"}}}
{"_id": "fed21400-53c8-11ea-8294-b88a60e194fb", "timestamp": "2020-02-07T21:29:44.000Z", "eventType": "transaction", "_adobeamericaspot3": {"CRMID": "crmid:5550814886", "orderDetails": {"orderID": "orderid:704913", "reservationid": "A6P-YFUB", "orderType": "service desk"}}}
{"_id": "fed2fe6e-53c8-11ea-a69c-b88a60e194fb", "timestamp": "2020-01-12T23:52:45.000Z", "eventType": "transaction", "_adobeamericaspot3": {"CRMID": "crmid:1746990638", "orderDetails": {"orderID": "orderid:126127", "reservationid": "FSH-DL8E", "orderType": "kiosk"}}}
{"_id": "fed45e1c-53c8-11ea-9ccc-b88a60e194fb", "timestamp": "2020-01-26T13:09:02.000Z", "eventType": "transaction", "_adobeamericaspot3": {"CRMID": "crmid:1065269342", "orderDetails": {"orderID": "orderid:903077", "reservationid": "P15-Y19K", "orderType": "call center"}}}
{"_id": "fed596be-53c8-11ea-89ab-b88a60e194fb", "timestamp": "2020-01-15T23:48:38.000Z", "eventType": "transaction", "_adobeamericaspot3": {"CRMID": "crmid:7982507355", "orderDetails": {"orderID": "orderid:446692", "reservationid": "5EH-5XLH", "orderType": "kiosk"}}}
{"_id": "fed6cf24-53c8-11ea-98d8-b88a60e194fb", "timestamp": "2019-12-13T16:04:35.000Z", "eventType": "transaction", "_adobeamericaspot3": {"CRMID": "crmid:5621103204", "orderDetails": {"orderID": "orderid:959464", "reservationid": "BUI-QP0G", "orderType": "mobile"}}}
{"_id": "fed82ea4-53c8-11ea-97fb-b88a60e194fb", "timestamp": "2020-01-07T21:51:53.000Z", "eventType": "transaction", "_adobeamericaspot3": {"CRMID": "crmid:6647977014", "orderDetails": {"orderID": "orderid:216752", "reservationid": "SPY-FZQA", "orderType": "website"}}}
{"_id": "fed9672e-53c8-11ea-8ead-b88a60e194fb", "timestamp": "2020-01-14T10:23:39.000Z", "eventType": "transaction", "_adobeamericaspot3": {"CRMID": "crmid:8440417433", "orderDetails": {"orderID": "orderid:305225", "reservationid": "W6R-SYUS", "orderType": "mobile"}}}
{"_id": "feda7870-53c8-11ea-9ece-b88a60e194fb", "timestamp": "2020-02-09T20:09:22.000Z", "eventType": "transaction", "_adobeamericaspot3": {"CRMID": "crmid:3071858680", "orderDetails": {"orderID": "orderid:657533", "reservationid": "LEG-YYVW", "orderType": "mobile"}}}
{"_id": "fedb8b5c-53c8-11ea-8b2a-b88a60e194fb", "timestamp": "2019-12-10T21:10:51.000Z", "eventType": "transaction", "_adobeamericaspot3": {"CRMID": "crmid:1518032669", "orderDetails": {"orderID": "orderid:968338", "reservationid": "EZB-ZB6D", "orderType": "mobile"}}}
{"_id": "fedcc400-53c8-11ea-9db6-b88a60e194fb", "timestamp": "2020-01-06T05:10:19.000Z", "eventType": "transaction", "_adobeamericaspot3": {"CRMID": "crmid:9417742415", "orderDetails": {"orderID": "orderid:308792", "reservationid": "4Q0-KFZK", "orderType": "website"}}}
{"_id": "feddd554-53c8-11ea-9f03-b88a60e194fb", "timestamp": "2020-02-16T17:10:07.000Z", "eventType": "transaction", "_adobeamericaspot3": {"CRMID": "crmid:4941751617", "orderDetails": {"orderID": "orderid:626987", "reservationid": "ME0-CHL2", "orderType": "call center"}}}
{"_id": "fedf0dca-53c8-11ea-90ba-b88a60e194fb", "timestamp": "2019-12-05T17:58:18.000Z", "eventType": "transaction", "_adobeamericaspot3": {"CRMID": "crmid:1924724634", "orderDetails": {"orderID": "orderid:775773", "reservationid": "MFI-IL1Y", "orderType": "website"}}}
{"_id": "fedff818-53c8-11ea-8d29-b88a60e194fb", "timestamp": "2020-01-14T00:23:34.000Z", "eventType": "transaction", "_adobeamericaspot3": {"CRMID": "crmid:4917982803", "orderDetails": {"orderID": "orderid:955441", "reservationid": "TY1-NMER", "orderType": "call center"}}}
{"_id": "fee12fca-53c8-11ea-a64f-b88a60e194fb", "timestamp": "2019-12-07T03:30:18.000Z", "eventType": "transaction", "_adobeamericaspot3": {"CRMID": "crmid:5845247695", "orderDetails": {"orderID": "orderid:480523", "reservationid": "CO3-TPZK", "orderType": "call center"}}}
{"_id": "fee2690c-53c8-11ea-8338-b88a60e194fb", "timestamp": "2019-12-20T20:35:09.000Z", "eventType": "transaction", "_adobeamericaspot3": {"CRMID": "crmid:4139222987", "orderDetails": {"orderID": "orderid:971294", "reservationid": "RVA-UL5S", "orderType": "kiosk"}}}
{"_id": "fee3a1cc-53c8-11ea-ad9d-b88a60e194fb", "timestamp": "2020-01-05T08:54:53.000Z", "eventType": "transaction", "_adobeamericaspot3": {"CRMID": "crmid:6767477403", "orderDetails": {"orderID": "orderid:627349", "reservationid": "0N1-2ZMX", "orderType": "website"}}}
{"_id": "fee4da48-53c8-11ea-97da-b88a60e194fb", "timestamp": "2020-01-12T15:01:02.000Z", "eventType": "transaction", "_adobeamericaspot3": {"CRMID": "crmid:6071599951", "orderDetails": {"orderID": "orderid:536803", "reservationid": "QNN-OLTH", "orderType": "call center"}}}
{"_id": "fee611f4-53c8-11ea-b289-b88a60e194fb", "timestamp": "2019-12-04T02:11:45.000Z", "eventType": "transaction", "_adobeamericaspot3": {"CRMID": "crmid:2535967249", "orderDetails": {"orderID": "orderid:895911", "reservationid": "DSE-XTA7", "orderType": "kiosk"}}}
{"_id": "fee7240a-53c8-11ea-8ace-b88a60e194fb", "timestamp": "2020-01-06T20:38:23.000Z", "eventType": "transaction", "_adobeamericaspot3": {"CRMID": "crmid:2751136215", "orderDetails": {"orderID": "orderid:403331", "reservationid": "ERQ-OA19", "orderType": "website"}}}
{"_id": "fee83540-53c8-11ea-b2dc-b88a60e194fb", "timestamp": "2020-01-11T17:50:03.000Z", "eventType": "transaction", "_adobeamericaspot3": {"CRMID": "crmid:8854034081", "orderDetails": {"orderID": "orderid:570667", "reservationid": "FVV-GAXV", "orderType": "website"}}}
{"_id": "fee9e1e6-53c8-11ea-b42b-b88a60e194fb", "timestamp": "2019-12-18T00:35:10.000Z", "eventType": "transaction", "_adobeamericaspot3": {"CRMID": "crmid:2583628638", "orderDetails": {"orderID": "orderid:929213", "reservationid": "GAM-HISM", "orderType": "mobile"}}}
{"_id": "feeaf362-53c8-11ea-ad32-b88a60e194fb", "timestamp": "2020-02-07T02:38:15.000Z", "eventType": "transaction", "_adobeamericaspot3": {"CRMID": "crmid:8509940998", "orderDetails": {"orderID": "orderid:220894", "reservationid": "L1W-GXIT", "orderType": "website"}}}
{"_id": "feec2bcc-53c8-11ea-aeb4-b88a60e194fb", "timestamp": "2020-01-31T05:55:15.000Z", "eventType": "transaction", "_adobeamericaspot3": {"CRMID": "crmid:2394347765", "orderDetails": {"orderID": "orderid:604595", "reservationid": "AHC-I0XX", "orderType": "mobile"}}}
{"_id": "feed177e-53c8-11ea-a0cd-b88a60e194fb", "timestamp": "2019-12-24T16:50:26.000Z", "eventType": "transaction", "_adobeamericaspot3": {"CRMID": "crmid:2489436235", "orderDetails": {"orderID": "orderid:420811", "reservationid": "765-OTT1", "orderType": "call center"}}}
{"_id": "feee2934-53c8-11ea-b800-b88a60e194fb", "timestamp": "2020-01-28T20:09:37.000Z", "eventType": "transaction", "_adobeamericaspot3": {"CRMID": "crmid:1652394894", "orderDetails": {"orderID": "orderid:589533", "reservationid": "OUZ-FZZB", "orderType": "call center"}}}
{"_id": "feef8876-53c8-11ea-9e58-b88a60e194fb", "timestamp": "2019-12-04T18:27:38.000Z", "eventType": "transaction", "_adobeamericaspot3": {"CRMID": "crmid:4139845462", "orderDetails": {"orderID": "orderid:826146", "reservationid": "AE7-EZDD", "orderType": "kiosk"}}}
{"_id": "feefafb6-53c8-11ea-9196-b88a60e194fb", "timestamp": "2019-12-09T00:00:00.000Z", "eventType": "transaction", "_adobeamericaspot3": {"CRMID": "crmid:4139845462", "orderDetails": {"orderID": "orderid:292490", "reservationid": "9C8-TFAY", "orderType": "mobile"}}}
{"_id": "feefafb7-53c8-11ea-8efd-b88a60e194fb", "timestamp": "2019-12-14T00:00:00.000Z", "eventType": "transaction", "_adobeamericaspot3": {"CRMID": "crmid:4139845462", "orderDetails": {"orderID": "orderid:535421", "reservationid": "RXN-2PIR", "orderType": "mobile"}}}
{"_id": "fef10dba-53c8-11ea-95ad-b88a60e194fb", "timestamp": "2019-12-28T13:54:33.000Z", "eventType": "transaction", "_adobeamericaspot3": {"CRMID": "crmid:9042402436", "orderDetails": {"orderID": "orderid:171964", "reservationid": "R2G-YDUN", "orderType": "website"}}}
{"_id": "fef1f822-53c8-11ea-8159-b88a60e194fb", "timestamp": "2019-12-18T18:02:26.000Z", "eventType": "transaction", "_adobeamericaspot3": {"CRMID": "crmid:5406681230", "orderDetails": {"orderID": "orderid:283587", "reservationid": "NGF-Y2LW", "orderType": "mobile"}}}
{"_id": "fef357a4-53c8-11ea-a609-b88a60e194fb", "timestamp": "2020-01-17T18:19:56.000Z", "eventType": "transaction", "_adobeamericaspot3": {"CRMID": "crmid:4790733874", "orderDetails": {"orderID": "orderid:134240", "reservationid": "WXR-NH6S", "orderType": "mobile"}}}
{"_id": "fef4691a-53c8-11ea-b3e3-b88a60e194fb", "timestamp": "2020-02-01T05:54:33.000Z", "eventType": "transaction", "_adobeamericaspot3": {"CRMID": "crmid:7490184760", "orderDetails": {"orderID": "orderid:971792", "reservationid": "OK5-SYJL", "orderType": "website"}}}
{"_id": "fef57a92-53c8-11ea-afa6-b88a60e194fb", "timestamp": "2020-01-15T14:44:20.000Z", "eventType": "transaction", "_adobeamericaspot3": {"CRMID": "crmid:5247720049", "orderDetails": {"orderID": "orderid:365735", "reservationid": "N20-ZDKW", "orderType": "website"}}}
{"_id": "fef6b30c-53c8-11ea-8751-b88a60e194fb", "timestamp": "2020-01-15T21:30:11.000Z", "eventType": "transaction", "_adobeamericaspot3": {"CRMID": "crmid:6240350424", "orderDetails": {"orderID": "orderid:307116", "reservationid": "5CM-ZJAN", "orderType": "call center"}}}
{"_id": "fef7c5dc-53c8-11ea-9c7c-b88a60e194fb", "timestamp": "2020-02-02T14:54:09.000Z", "eventType": "transaction", "_adobeamericaspot3": {"CRMID": "crmid:7827739215", "orderDetails": {"orderID": "orderid:656865", "reservationid": "ZI9-8MY7", "orderType": "call center"}}}
{"_id": "fef8d74c-53c8-11ea-9242-b88a60e194fb", "timestamp": "2019-12-02T17:48:36.000Z", "eventType": "transaction", "_adobeamericaspot3": {"CRMID": "crmid:7561043496", "orderDetails": {"orderID": "orderid:977683", "reservationid": "NIW-JLQG", "orderType": "call center"}}}
{"_id": "fef9e8b4-53c8-11ea-a794-b88a60e194fb", "timestamp": "2020-01-23T23:00:04.000Z", "eventType": "transaction", "_adobeamericaspot3": {"CRMID": "crmid:4025907297", "orderDetails": {"orderID": "orderid:277135", "reservationid": "HCD-G7EL", "orderType": "website"}}}
{"_id": "fefb6f70-53c8-11ea-96d2-b88a60e194fb", "timestamp": "2020-01-29T15:05:39.000Z", "eventType": "transaction", "_adobeamericaspot3": {"CRMID": "crmid:4771314285", "orderDetails": {"orderID": "orderid:629728", "reservationid": "GGG-GQRL", "orderType": "kiosk"}}}
{"_id": "fefc80dc-53c8-11ea-9c85-b88a60e194fb", "timestamp": "2020-02-08T04:21:57.000Z", "eventType": "transaction", "_adobeamericaspot3": {"CRMID": "crmid:4077563536", "orderDetails": {"orderID": "orderid:329399", "reservationid": "O13-WN5W", "orderType": "kiosk"}}}
{"_id": "fefd925c-53c8-11ea-ba44-b88a60e194fb", "timestamp": "2020-01-24T07:26:06.000Z", "eventType": "transaction", "_adobeamericaspot3": {"CRMID": "crmid:5232186561", "orderDetails": {"orderID": "orderid:299081", "reservationid": "TL5-FIO0", "orderType": "mobile"}}}
{"_id": "fefea38c-53c8-11ea-844d-b88a60e194fb", "timestamp": "2019-12-03T23:38:13.000Z", "eventType": "transaction", "_adobeamericaspot3": {"CRMID": "crmid:2507065836", "orderDetails": {"orderID": "orderid:646290", "reservationid": "OH7-VFJG", "orderType": "kiosk"}}}
{"_id": "feffdadc-53c8-11ea-9036-b88a60e194fb", "timestamp": "2019-12-08T10:59:40.000Z", "eventType": "transaction", "_adobeamericaspot3": {"CRMID": "crmid:1675309500", "orderDetails": {"orderID": "orderid:278577", "reservationid": "OXA-K9L2", "orderType": "kiosk"}}}
{"_id": "ff00eda4-53c8-11ea-bd5c-b88a60e194fb", "timestamp": "2019-12-03T06:58:31.000Z", "eventType": "transaction", "_adobeamericaspot3": {"CRMID": "crmid:6827073817", "orderDetails": {"orderID": "orderid:756877", "reservationid": "ZNJ-FCZI", "orderType": "website"}}}
{"_id": "ff01ff14-53c8-11ea-b29c-b88a60e194fb", "timestamp": "2019-12-12T18:47:04.000Z", "eventType": "transaction", "_adobeamericaspot3": {"CRMID": "crmid:3022025935", "orderDetails": {"orderID": "orderid:879577", "reservationid": "ADV-GQEZ", "orderType": "website"}}}
{"_id": "ff03379e-53c8-11ea-89b0-b88a60e194fb", "timestamp": "2019-12-12T03:51:56.000Z", "eventType": "transaction", "_adobeamericaspot3": {"CRMID": "crmid:4032403846", "orderDetails": {"orderID": "orderid:766832", "reservationid": "HFF-1WX6", "orderType": "kiosk"}}}
{"_id": "ff0421fe-53c8-11ea-994b-b88a60e194fb", "timestamp": "2020-02-03T20:29:35.000Z", "eventType": "transaction", "_adobeamericaspot3": {"CRMID": "crmid:9528497877", "orderDetails": {"orderID": "orderid:298857", "reservationid": "VQV-3AV2", "orderType": "kiosk"}}}
{"_id": "ff055a6e-53c8-11ea-be58-b88a60e194fb", "timestamp": "2020-01-27T06:04:05.000Z", "eventType": "transaction", "_adobeamericaspot3": {"CRMID": "crmid:5449130204", "orderDetails": {"orderID": "orderid:527621", "reservationid": "WCI-1NZA", "orderType": "service desk"}}}
{"_id": "ff06df9e-53c8-11ea-b8ff-b88a60e194fb", "timestamp": "2020-01-11T01:28:43.000Z", "eventType": "transaction", "_adobeamericaspot3": {"CRMID": "crmid:7184586042", "orderDetails": {"orderID": "orderid:659253", "reservationid": "ROL-GZ9J", "orderType": "mobile"}}}
{"_id": "ff083f2e-53c8-11ea-8fa2-b88a60e194fb", "timestamp": "2020-01-10T03:29:46.000Z", "eventType": "transaction", "_adobeamericaspot3": {"CRMID": "crmid:1683602177", "orderDetails": {"orderID": "orderid:857188", "reservationid": "2DV-TXK1", "orderType": "kiosk"}}}
{"_id": "ff0977b4-53c8-11ea-ae38-b88a60e194fb", "timestamp": "2019-12-23T01:59:17.000Z", "eventType": "transaction", "_adobeamericaspot3": {"CRMID": "crmid:5669038582", "orderDetails": {"orderID": "orderid:263724", "reservationid": "COZ-SSCR", "orderType": "call center"}}}
{"_id": "ff0ab040-53c8-11ea-ace9-b88a60e194fb", "timestamp": "2020-02-13T14:16:00.000Z", "eventType": "transaction", "_adobeamericaspot3": {"CRMID": "crmid:6166001625", "orderDetails": {"orderID": "orderid:959058", "reservationid": "JEB-4S14", "orderType": "kiosk"}}}
{"_id": "ff0c0fc0-53c8-11ea-8993-b88a60e194fb", "timestamp": "2020-01-14T09:18:26.000Z", "eventType": "transaction", "_adobeamericaspot3": {"CRMID": "crmid:3064314109", "orderDetails": {"orderID": "orderid:162350", "reservationid": "M3M-MVYM", "orderType": "mobile"}}}
{"_id": "ff0d213a-53c8-11ea-b30e-b88a60e194fb", "timestamp": "2019-12-11T06:58:14.000Z", "eventType": "transaction", "_adobeamericaspot3": {"CRMID": "crmid:9838366758", "orderDetails": {"orderID": "orderid:953895", "reservationid": "ZMI-RQAV", "orderType": "call center"}}}
{"_id": "ff0e59be-53c8-11ea-89a9-b88a60e194fb", "timestamp": "2020-01-16T13:11:00.000Z", "eventType": "transaction", "_adobeamericaspot3": {"CRMID": "crmid:7842031874", "orderDetails": {"orderID": "orderid:425248", "reservationid": "LC1-PU59", "orderType": "call center"}}}
{"_id": "ff0f6b2c-53c8-11ea-a881-b88a60e194fb", "timestamp": "2020-02-06T04:17:54.000Z", "eventType": "transaction", "_adobeamericaspot3": {"CRMID": "crmid:3715008720", "orderDetails": {"orderID": "orderid:242851", "reservationid": "RTJ-6RJV", "orderType": "website"}}}
{"_id": "ff10cae2-53c8-11ea-bf43-b88a60e194fb", "timestamp": "2020-02-05T23:24:32.000Z", "eventType": "transaction", "_adobeamericaspot3": {"CRMID": "crmid:9683246989", "orderDetails": {"orderID": "orderid:673918", "reservationid": "QZ0-JFBO", "orderType": "call center"}}}
{"_id": "ff120358-53c8-11ea-a223-b88a60e194fb", "timestamp": "2019-12-23T23:27:01.000Z", "eventType": "transaction", "_adobeamericaspot3": {"CRMID": "crmid:7572632999", "orderDetails": {"orderID": "orderid:176351", "reservationid": "ZAW-6QC3", "orderType": "call center"}}}
{"_id": "ff138ba4-53c8-11ea-9b79-b88a60e194fb", "timestamp": "2020-01-11T18:44:05.000Z", "eventType": "transaction", "_adobeamericaspot3": {"CRMID": "crmid:3658608056", "orderDetails": {"orderID": "orderid:439031", "reservationid": "VJO-CKSY", "orderType": "call center"}}}
{"_id": "ff14eadc-53c8-11ea-a196-b88a60e194fb", "timestamp": "2019-12-27T00:17:54.000Z", "eventType": "transaction", "_adobeamericaspot3": {"CRMID": "crmid:1040786075", "orderDetails": {"orderID": "orderid:374331", "reservationid": "HBS-TADV", "orderType": "kiosk"}}}
{"_id": "ff162208-53c8-11ea-8fa6-b88a60e194fb", "timestamp": "2019-12-30T08:08:26.000Z", "eventType": "transaction", "_adobeamericaspot3": {"CRMID": "crmid:1729134100", "orderDetails": {"orderID": "orderid:279293", "reservationid": "OVM-VQPV", "orderType": "website"}}}
{"_id": "ff17cfd4-53c8-11ea-8033-b88a60e194fb", "timestamp": "2020-01-04T10:12:11.000Z", "eventType": "transaction", "_adobeamericaspot3": {"CRMID": "crmid:6989818867", "orderDetails": {"orderID": "orderid:755483", "reservationid": "DVW-MBB6", "orderType": "kiosk"}}}
{"_id": "ff192f28-53c8-11ea-a743-b88a60e194fb", "timestamp": "2020-01-22T06:08:20.000Z", "eventType": "transaction", "_adobeamericaspot3": {"CRMID": "crmid:1918658210", "orderDetails": {"orderID": "orderid:354662", "reservationid": "GVI-SFL2", "orderType": "kiosk"}}}
{"_id": "ff1ab5c2-53c8-11ea-b718-b88a60e194fb", "timestamp": "2019-12-26T04:18:02.000Z", "eventType": "transaction", "_adobeamericaspot3": {"CRMID": "crmid:4190841005", "orderDetails": {"orderID": "orderid:316131", "reservationid": "5C9-YFSW", "orderType": "kiosk"}}}
{"_id": "ff1beeae-53c8-11ea-b794-b88a60e194fb", "timestamp": "2020-02-11T09:53:17.000Z", "eventType": "transaction", "_adobeamericaspot3": {"CRMID": "crmid:6122938477", "orderDetails": {"orderID": "orderid:350505", "reservationid": "G4M-F0ST", "orderType": "call center"}}}
{"_id": "ff1d26f0-53c8-11ea-8b5a-b88a60e194fb", "timestamp": "2020-02-16T21:38:25.000Z", "eventType": "transaction", "_adobeamericaspot3": {"CRMID": "crmid:1453529769", "orderDetails": {"orderID": "orderid:291661", "reservationid": "HCY-ZKVU", "orderType": "kiosk"}}}
{"_id": "ff1e3866-53c8-11ea-b459-b88a60e194fb", "timestamp": "2020-01-15T01:23:00.000Z", "eventType": "transaction", "_adobeamericaspot3": {"CRMID": "crmid:1775448310", "orderDetails": {"orderID": "orderid:331100", "reservationid": "ZKS-G5CI", "orderType": "website"}}}
{"_id": "ff1f70ae-53c8-11ea-a93f-b88a60e194fb", "timestamp": "2020-01-23T13:29:06.000Z", "eventType": "transaction", "_adobeamericaspot3": {"CRMID": "crmid:3401760887", "orderDetails": {"orderID": "orderid:496891", "reservationid": "FZG-GVIH", "orderType": "kiosk"}}}
{"_id": "ff20a92e-53c8-11ea-9f29-b88a60e194fb", "timestamp": "2020-01-28T18:08:08.000Z", "eventType": "transaction", "_adobeamericaspot3": {"CRMID": "crmid:9377624850", "orderDetails": {"orderID": "orderid:593877", "reservationid": "NDS-60Y2", "orderType": "website"}}}
{"_id": "ff21e1b0-53c8-11ea-acb8-b88a60e194fb", "timestamp": "2020-01-10T16:20:29.000Z", "eventType": "transaction", "_adobeamericaspot3": {"CRMID": "crmid:9394982124", "orderDetails": {"orderID": "orderid:855555", "reservationid": "KAV-8AXT", "orderType": "kiosk"}}}
{"_id": "ff21e1b1-53c8-11ea-9b93-b88a60e194fb", "timestamp": "2020-01-18T00:00:00.000Z", "eventType": "transaction", "_adobeamericaspot3": {"CRMID": "crmid:9394982124", "orderDetails": {"orderID": "orderid:950361", "reservationid": "NXZ-UFHD", "orderType": "website"}}}
{"_id": "ff2600f8-53c8-11ea-af8d-b88a60e194fb", "timestamp": "2020-01-02T12:18:22.000Z", "eventType": "transaction", "_adobeamericaspot3": {"CRMID": "crmid:7962928935", "orderDetails": {"orderID": "orderid:811525", "reservationid": "ZEA-EB80", "orderType": "kiosk"}}}
{"_id": "ff2738ee-53c8-11ea-b5f6-b88a60e194fb", "timestamp": "2020-01-30T05:56:51.000Z", "eventType": "transaction", "_adobeamericaspot3": {"CRMID": "crmid:6604397789", "orderDetails": {"orderID": "orderid:146112", "reservationid": "GO3-OMFO", "orderType": "mobile"}}}
{"_id": "ff28716e-53c8-11ea-ac26-b88a60e194fb", "timestamp": "2020-01-04T19:30:04.000Z", "eventType": "transaction", "_adobeamericaspot3": {"CRMID": "crmid:6592346241", "orderDetails": {"orderID": "orderid:759257", "reservationid": "IK8-JSES", "orderType": "call center"}}}
{"_id": "ff29a9dc-53c8-11ea-a89c-b88a60e194fb", "timestamp": "2020-01-23T10:53:42.000Z", "eventType": "transaction", "_adobeamericaspot3": {"CRMID": "crmid:3906969817", "orderDetails": {"orderID": "orderid:404336", "reservationid": "SAV-DZDZ", "orderType": "service desk"}}}
{"_id": "ff2abb46-53c8-11ea-b200-b88a60e194fb", "timestamp": "2020-02-14T06:16:33.000Z", "eventType": "transaction", "_adobeamericaspot3": {"CRMID": "crmid:9195922084", "orderDetails": {"orderID": "orderid:150219", "reservationid": "WGP-MHQU", "orderType": "mobile"}}}
{"_id": "ff2bf406-53c8-11ea-a206-b88a60e194fb", "timestamp": "2019-12-24T00:20:47.000Z", "eventType": "transaction", "_adobeamericaspot3": {"CRMID": "crmid:9430893320", "orderDetails": {"orderID": "orderid:103061", "reservationid": "QH2-LBWD", "orderType": "call center"}}}
{"_id": "ff2c1adc-53c8-11ea-a456-b88a60e194fb", "timestamp": "2019-12-30T00:00:00.000Z", "eventType": "transaction", "_adobeamericaspot3": {"CRMID": "crmid:9430893320", "orderDetails": {"orderID": "orderid:295319", "reservationid": "H2Z-BQ92", "orderType": "call center"}}}
{"_id": "ff2d5352-53c8-11ea-8358-b88a60e194fb", "timestamp": "2020-02-04T09:27:24.000Z", "eventType": "transaction", "_adobeamericaspot3": {"CRMID": "crmid:4086055250", "orderDetails": {"orderID": "orderid:395818", "reservationid": "I5P-O8UB", "orderType": "call center"}}}
{"_id": "ff2e64ca-53c8-11ea-9257-b88a60e194fb", "timestamp": "2019-12-17T18:57:19.000Z", "eventType": "transaction", "_adobeamericaspot3": {"CRMID": "crmid:6945835589", "orderDetails": {"orderID": "orderid:539032", "reservationid": "6MP-NMGV", "orderType": "website"}}}
{"_id": "ff2f9d4c-53c8-11ea-b99e-b88a60e194fb", "timestamp": "2019-12-12T08:21:11.000Z", "eventType": "transaction", "_adobeamericaspot3": {"CRMID": "crmid:1806628330", "orderDetails": {"orderID": "orderid:326721", "reservationid": "K1H-WQNU", "orderType": "call center"}}}
{"_id": "ff30aebe-53c8-11ea-8fa9-b88a60e194fb", "timestamp": "2020-02-06T19:54:54.000Z", "eventType": "transaction", "_adobeamericaspot3": {"CRMID": "crmid:1128852504", "orderDetails": {"orderID": "orderid:188373", "reservationid": "GSN-3VCN", "orderType": "mobile"}}}
{"_id": "ff336df6-53c8-11ea-b780-b88a60e194fb", "timestamp": "2019-12-30T04:42:45.000Z", "eventType": "transaction", "_adobeamericaspot3": {"CRMID": "crmid:9926416261", "orderDetails": {"orderID": "orderid:768858", "reservationid": "R6E-3PUO", "orderType": "mobile"}}}
{"_id": "ff35b7e8-53c8-11ea-a5a2-b88a60e194fb", "timestamp": "2020-01-10T19:41:55.000Z", "eventType": "transaction", "_adobeamericaspot3": {"CRMID": "crmid:8593120807", "orderDetails": {"orderID": "orderid:673084", "reservationid": "05O-ARGN", "orderType": "call center"}}}
{"_id": "ff37dac0-53c8-11ea-9550-b88a60e194fb", "timestamp": "2020-02-13T19:43:10.000Z", "eventType": "transaction", "_adobeamericaspot3": {"CRMID": "crmid:2893364251", "orderDetails": {"orderID": "orderid:971506", "reservationid": "CQ2-TZUB", "orderType": "website"}}}
{"_id": "ff398876-53c8-11ea-a246-b88a60e194fb", "timestamp": "2019-12-22T13:35:56.000Z", "eventType": "transaction", "_adobeamericaspot3": {"CRMID": "crmid:5968058648", "orderDetails": {"orderID": "orderid:973227", "reservationid": "HG8-NJXO", "orderType": "website"}}}
{"_id": "ff3b361c-53c8-11ea-aed2-b88a60e194fb", "timestamp": "2019-12-13T23:36:56.000Z", "eventType": "transaction", "_adobeamericaspot3": {"CRMID": "crmid:4044913317", "orderDetails": {"orderID": "orderid:138348", "reservationid": "SXF-ZIYZ", "orderType": "kiosk"}}}
{"_id": "ff3b5d30-53c8-11ea-adac-b88a60e194fb", "timestamp": "2019-12-17T00:00:00.000Z", "eventType": "transaction", "_adobeamericaspot3": {"CRMID": "crmid:4044913317", "orderDetails": {"orderID": "orderid:179034", "reservationid": "2DQ-MNTU", "orderType": "call center"}}}
{"_id": "ff3c95b4-53c8-11ea-80c8-b88a60e194fb", "timestamp": "2020-02-12T16:53:54.000Z", "eventType": "transaction", "_adobeamericaspot3": {"CRMID": "crmid:1036628392", "orderDetails": {"orderID": "orderid:476110", "reservationid": "TGO-AXZT", "orderType": "kiosk"}}}
{"_id": "ff3dce1c-53c8-11ea-822e-b88a60e194fb", "timestamp": "2020-01-25T22:06:57.000Z", "eventType": "transaction", "_adobeamericaspot3": {"CRMID": "crmid:4916147295", "orderDetails": {"orderID": "orderid:910003", "reservationid": "3YL-N3DR", "orderType": "website"}}}
{"_id": "ff3f54be-53c8-11ea-baf2-b88a60e194fb", "timestamp": "2019-12-15T15:02:14.000Z", "eventType": "transaction", "_adobeamericaspot3": {"CRMID": "crmid:7494606613", "orderDetails": {"orderID": "orderid:459048", "reservationid": "PLL-XW9T", "orderType": "website"}}}
{"_id": "ff408d3a-53c8-11ea-ba44-b88a60e194fb", "timestamp": "2019-12-26T18:52:44.000Z", "eventType": "transaction", "_adobeamericaspot3": {"CRMID": "crmid:7632474808", "orderDetails": {"orderID": "orderid:665543", "reservationid": "WON-F6H1", "orderType": "website"}}}
