crmid,email,first_name,last_name,gender,mobile telephone,city,country,zip,state,street address,birthday,historicalpoints
crmid:3562848828,compulsed1925@yahoo.com,Dorsey,Hunter,male,882-660-9394,Brockton,United States,19528,Kentucky,819 Johnstone,1941-03-15,676
crmid:4632273090,sidebones1941@outlook.com,Mauricio,Foley,male,419-304-0348,Barstow,United States,89252,New Jersey,46 De Haro,1936-07-10,1658
crmid:4857307468,condom1888@yandex.com,Asa,Crawford,,353-257-4949,Hopkins,United States,53370,Indiana,355 Mckinnon,1973-09-19,1364
crmid:4882937504,inexplicit1912@yahoo.com,Sheldon,Allen,,209-397-3842,Inglewood,United States,87456,Louisiana,799 Gordon,1974-06-24,1760
crmid:5630654180,woofs1934@gmail.com,Louie,Le,,175-019-6108,Goodlettsville,United States,66053,Alabama,537 Shields,1967-11-18,2981
crmid:1595683014,bahama1814@live.com,Reyes,Wise,,571-171-8285,South St. Paul,United States,30699,New York,875 Avenue F,1970-09-03,1809
crmid:8659957058,indecency1878@outlook.com,Andy,Maldonado,,077-344-3568,Kingman,United States,69645,Kansas,48 Crescio,1977-11-19,815
crmid:3621046425,calefacient1950@live.com,Alton,Pacheco,,180-547-7106,Lehi,United States,87007,New Mexico,635 Larkin,1982-02-26,2047
crmid:2614211728,chiseler1837@live.com,Rubin,Ruiz,male,519-000-7694,Ballwin,United States,49633,New Mexico,155 Devonshire,1935-08-26,2529
crmid:4571461835,abscess1996@gmail.com,Lanita,Buckner,female,851-777-7259,Douglas,United States,82703,California,241 Ruger,1955-05-04,936
crmid:9792471742,oyster2034@yahoo.com,Jarred,Simpson,,024-378-6126,Walnut,United States,63032,Maine,940 Cushman,1968-02-08,1256
crmid:6892799544,hoising1815@live.com,Patrick,Hatfield,,556-915-7786,Fond du Lac,United States,46930,Alaska,1096 Nido,1962-08-25,1825
crmid:4746711151,publicness1898@yahoo.com,Jimmie,Gentry,male,200-877-5499,Orem,United States,03338,Texas,1254 Boardman,1931-05-11,1884
crmid:6385801628,lectures1935@outlook.com,Hoyt,Gardner,,747-306-2575,Marion,United States,62430,Kentucky,853 Standish,1987-11-24,1261
crmid:6342952956,terrorized1835@yandex.com,Kermit,Sims,,174-480-2911,Melrose Park,United States,82397,Hawaii,131 Brookhaven,1989-06-10,2548
crmid:8127255497,gameness2047@live.com,Oneida,Fletcher,female,273-474-9422,Corinth,United States,39064,Arizona,1103 Mccormick,1950-07-10,381
crmid:6879448429,smoldering2007@outlook.com,Jonas,Ayers,,587-207-1383,Lansing,United States,33769,Massachusetts,1230 Automobile,1980-06-20,2664
crmid:1280061570,abusers1901@live.com,Sal,Gallagher,,968-130-7773,Lawrence,United States,25495,Nevada,405 Oakdale,1981-04-26,2075
crmid:4714465765,butterfly1814@live.com,Modesto,Mercado,,495-914-6658,Kingsport,United States,03617,Connecticut,1218 Kirkwood,1977-01-10,731
crmid:3725078774,fanmaker1896@yahoo.com,Pa,Navarro,female,035-244-8153,Emporia,United States,99687,Connecticut,1196 Byxbee,1959-12-31,2609
crmid:2684401041,cringingly1809@outlook.com,Rodolfo,Figueroa,,495-838-1335,Tamarac,United States,52919,Louisiana,1023 Thorne,1965-03-07,1842
crmid:5406705248,photogenous1818@outlook.com,Berna,Sheppard,female,286-059-1249,Schaumburg,United States,25858,Maine,1400 Barnard,1956-10-23,2877
crmid:8729545358,piranha2037@yahoo.com,Andreas,Williams,,643-003-1108,Macon,United States,14933,Kansas,890 Nido,1985-02-03,2431
crmid:4804233761,superdistention1916@yahoo.com,Ervin,Ellison,male,778-474-0024,Camarillo,United States,61227,Wisconsin,489 Campus,1943-11-26,598
crmid:6275331348,sphenoidal1956@gmail.com,Johnie,Decker,male,651-390-7691,Bridgeport,United States,30554,Minnesota,1129 Valparaiso,1941-05-08,1866
crmid:6646600314,ergane1838@outlook.com,Cecil,Alvarado,,457-494-7720,Ferguson,United States,51705,Tennessee,958 Butte,1962-09-16,2534
crmid:9478076171,industry2020@yahoo.com,Zachery,Hall,,759-878-8913,Mayfield Heights,United States,01953,North Dakota,882 Wyman,1988-01-06,2072
crmid:6158284203,chetan1977@yandex.com,Russell,Chan,,877-893-7773,Schererville,United States,37591,Alabama,82 Michigan,1974-10-25,399
crmid:5753264027,noncompetitively1856@yandex.com,Rex,Sears,male,001-347-6528,Blaine,United States,42100,Illinois,27 Ney,1939-08-26,1109
crmid:8448579210,reabandoned1903@yahoo.com,Dinorah,Roberson,female,560-137-4160,Winter Springs,United States,17997,Delaware,843 Beale,1948-03-25,2490
crmid:4633181565,addressee1923@outlook.com,Floyd,Moss,male,485-579-9544,Queen Creek,United States,72578,Texas,901 Henry,1930-04-21,408
crmid:1509701695,unsacrificial1992@live.com,Dan,Knight,female,826-316-5052,Coeur d'Alene,United States,64432,Texas,638 Houston,1949-10-04,1839
crmid:3678419013,noncircularly2007@yahoo.com,Divina,Blackburn,female,601-308-3809,Coon Rapids,United States,12460,Idaho,797 Smith,1950-03-03,491
crmid:9439542670,overview1803@gmail.com,Israel,David,,618-443-4488,Hopkinsville,United States,94021,Alabama,1391 Blatchford,1973-07-24,1239
crmid:2224549076,sphenoidal2026@outlook.com,Erwin,Leon,,530-358-1338,Niles,United States,51456,North Carolina,1341 Yosemite,1997-09-12,1818
crmid:7451920790,propenes1844@yahoo.com,Carter,Larsen,,605-909-4208,St. Louis Park,United States,46716,Colorado,620 Taylor,1984-02-22,2904
crmid:1434574390,trillet2010@yahoo.com,Antony,Allen,male,327-027-1817,Ashtabula,United States,00343,Louisiana,205 Seventh,1934-01-01,1965
crmid:6124389193,poohing2027@live.com,Dana,Alford,male,182-856-8518,Blue Springs,United States,14941,North Dakota,1223 Lane,1939-02-01,2558
crmid:7712877607,darker2014@yandex.com,Bobbie,Curry,male,108-488-1393,Baldwin,United States,09042,Nebraska,892 Garlington,1935-01-07,2105
crmid:2606788218,postfire1808@yahoo.com,Leonard,Clemons,,650-588-2821,McAlester,United States,65681,Nebraska,940 Anthony,1988-11-26,1923
crmid:2357311433,chuckies2061@gmail.com,Leandro,Lara,,265-161-8443,Marquette,United States,87355,West Virginia,884 Temple,1987-10-24,1965
crmid:9574089318,dulcea1804@outlook.com,Johnathon,Hartman,,437-506-9397,Fredericksburg,United States,78803,Georgia,1024 Alpha,1964-12-27,304
crmid:2991551064,kingliest2038@outlook.com,Sal,Ballard,,435-505-0895,Nixa,United States,28402,New Jersey,864 Ashburton,1997-05-02,965
crmid:2774469826,cheirospasm2055@live.com,Gerard,Horton,,013-190-0741,West Fargo,United States,77527,Alabama,1376 Stillman,1984-12-08,1084
crmid:9035548804,eland2024@gmail.com,Serafina,Maldonado,female,357-905-5097,Painesville,United States,76594,Massachusetts,1231 San Ramon,1958-12-15,688
crmid:3964172177,beechy1945@yandex.com,Brock,Brock,,134-894-0907,Hudson,United States,72711,South Carolina,376 Knollview,1973-12-28,2829
crmid:8488426323,tarmacadam2006@yahoo.com,Lesia,Baldwin,female,859-521-1438,West New York,United States,17909,Montana,1101 Greely,1951-10-23,1320
crmid:8197572781,aubert1911@yahoo.com,Elias,Rowe,male,534-916-9839,Alhambra,United States,67269,Indiana,1165 Milan,1931-10-06,1589
crmid:2557629839,clifton1986@yahoo.com,Darrin,Stokes,male,077-621-3238,San Diego,United States,18130,Wisconsin,917 Rausch,1944-03-28,2219
crmid:6604329089,merchants2051@gmail.com,Porsha,Carlson,female,454-414-7222,Patterson,United States,17139,North Carolina,459 Stanton,1955-11-24,1346
crmid:6527613932,mankilling1839@yahoo.com,Delmar,Mcbride,male,138-423-4340,Camden,United States,85501,Massachusetts,983 Scott,1943-03-19,2479
crmid:9724990463,prefacers2004@yahoo.com,Dwight,Michael,,119-862-1885,Indianapolis,United States,85091,Virginia,725 May,1974-01-19,1305
crmid:4873671331,rubrication1992@yandex.com,Georgine,Dean,female,535-066-5339,Corinth,United States,11353,North Dakota,139 Wisconsin,1950-03-08,1848
crmid:9796676444,tonic1943@yandex.com,Darius,Lynn,,783-269-5806,Marana,United States,07385,Tennessee,1354 Egbert,1986-01-29,1974
crmid:3343354364,criminol1865@gmail.com,Roman,Quinn,,475-365-8119,Lenexa,United States,99647,Washington,1277 Colby,1982-06-22,1070
crmid:4976831325,afraid2002@outlook.com,Rex,Martinez,,449-843-3974,Grand Prairie,United States,71164,North Dakota,809 Mammon,1967-12-06,498
crmid:3521245682,irremissibleness1832@gmail.com,Oren,Acevedo,,502-658-7379,Manhattan Beach,United States,96241,California,1080 Division,1986-10-22,569
crmid:2974098607,antdom1872@yandex.com,Alfonso,Wallace,male,936-567-8517,Payson,United States,09305,Illinois,1193 Illinois,1939-01-30,2612
crmid:6104111250,athrocyte1812@live.com,Marcellus,Gray,,107-100-2293,Huntley,United States,15382,Alaska,48 Clarkson,1974-03-29,2616
crmid:1291262566,pitahauerat1901@yandex.com,Carroll,Terrell,male,173-166-4237,Allen Park,United States,08217,New York,645 Battery Chamberlin,1931-02-28,1843
crmid:8370314676,forzando1859@outlook.com,Claudio,Higgins,,467-585-9796,Jacksonville,United States,35061,New York,1372 Battery,1975-06-21,421
crmid:1131497584,swan2020@live.com,Malcolm,Sykes,male,540-227-8977,Round Lake,United States,03445,New Jersey,186 Clifford,1934-07-28,911
crmid:3177677850,curvilinear1910@yandex.com,Lesia,Estrada,female,128-334-4283,Wellington,United States,12221,Kentucky,787 Josepha,1949-05-09,1762
crmid:5590390848,cephalotripsy1863@gmail.com,Fredrick,Johns,,199-556-8193,Skokie,United States,48421,Pennsylvania,176 Crags,1982-07-27,588
crmid:4124543949,lyrebird1934@outlook.com,Dagmar,Pennington,female,698-481-7689,Cleveland Heights,United States,19123,Hawaii,907 Tocoloma,1948-02-23,979
crmid:2513487287,scurfiness1955@outlook.com,Pa,Workman,female,932-064-7231,Vacaville,United States,19478,Nebraska,316 Mangels,1948-07-31,846
crmid:2149264850,precisionize2015@live.com,Bradly,Clemons,,853-585-9266,Houma,United States,44938,Florida,1077 Espanola,1973-08-05,539
crmid:2190445641,braggers2006@live.com,Latarsha,Bauer,female,026-594-6852,Ridgeland,United States,82454,Arizona,48 Kiska,1946-05-02,1094
crmid:2289309147,mole1850@outlook.com,Neil,Clements,,998-065-1449,St. Charles,United States,86561,South Dakota,358 Prosper,1981-03-08,1632
crmid:1467290628,balmy1896@outlook.com,Tyler,Rodgers,,819-596-6074,Missouri City,United States,03874,Illinois,631 Darien,1992-01-17,677
crmid:4449675417,hardline2016@yandex.com,Brooks,Hansen,male,061-244-1391,Palos Hills,United States,90123,Missouri,342 Boardman,1938-02-12,2415
crmid:9267270902,ruthlessness1920@yandex.com,Torri,Silva,female,410-501-9392,Faribault,United States,65126,Georgia,190 Stag Trail,1961-11-26,1749
crmid:7545341460,suprachorioidal1952@gmail.com,Jamison,Cox,,893-756-8871,Greenfield,United States,61627,Delaware,610 Marsily,1968-11-18,1567
crmid:8685699276,woodlouse2065@outlook.com,Aubrey,Steele,,392-426-9810,Marshall,United States,87888,Rhode Island,623 Topaz,1987-08-24,2779
crmid:9052670234,eggfish2006@yandex.com,Otto,Hampton,,477-534-4018,Las Cruces,United States,99995,Virginia,583 Dewey,1981-09-29,1014
crmid:8222905971,rat1922@yandex.com,Elliot,Kramer,,364-793-4355,Hutchinson,United States,88175,Missouri,810 Heather,1974-12-29,2546
crmid:3830934673,pug1902@outlook.com,Mikel,Herrera,,191-866-3431,Lynchburg,United States,63046,Illinois,333 Gellert,1985-10-21,1528
crmid:3980351039,hysterodynia1834@live.com,Jess,Dickson,,086-349-5333,Sugar Land,United States,36960,Maryland,862 Harris,1970-10-16,2689
crmid:7738829624,indignity1906@gmail.com,Larry,Mullins,,879-423-9426,Fort Walton Beach,United States,26976,Delaware,426 West Crystal Cove,1963-04-25,1581
crmid:9880834783,balthasar1856@outlook.com,Dacia,Macias,female,888-310-7553,Cornelius,United States,18218,Tennessee,94 Mclaren Lodge Access,1950-02-18,2277
crmid:4950599862,defoliant1983@gmail.com,Maisie,Shields,female,031-612-9295,East Palo Alto,United States,30330,Mississippi,360 Avery,1957-06-27,840
crmid:2693325211,megaloenteron2047@outlook.com,Elenora,Skinner,female,970-508-2609,Palatine,United States,15156,Ohio,1215 Bannock,1952-11-19,1385
crmid:3143357401,tattooage1974@gmail.com,Kasey,Washington,,907-886-0935,Pacifica,United States,82569,Arizona,414 Meade,1963-05-23,2946
crmid:6034786012,laryngismal2025@outlook.com,Herbert,Berger,,049-353-9197,Leawood,United States,70906,Maine,278 Rivera,1981-12-06,951
crmid:1992954721,euphonism2043@live.com,Russ,Barr,male,198-724-7845,Allen,United States,70854,Florida,832 Paradise,1931-08-02,2659
crmid:5881306259,carlock1906@yandex.com,Jeni,Simon,female,682-736-8183,DeKalb,United States,58198,Kentucky,455 Colusa,1953-10-08,2587
crmid:5752484865,didine2016@outlook.com,Jospeh,Kidd,male,985-323-2507,Cathedral City,United States,38559,Vermont,1187 Swiss,1945-06-16,2070
crmid:5152326001,bandits1816@live.com,Jay,Shaffer,,630-676-2815,Huntley,United States,48848,Arizona,1303 Thorp,1974-08-10,2571
crmid:8168133980,sphenoidal1907@outlook.com,Shon,West,,213-123-5908,Millville,United States,54552,Louisiana,339 Ord,1991-09-09,752
crmid:4682687656,monikers1958@gmail.com,Hai,Howe,male,146-972-1921,Ruston,United States,02034,Arkansas,406 Scenic,1936-12-08,1691
crmid:5986414101,soldierwood1857@live.com,Lisbeth,Holman,female,631-546-7837,Elmwood Park,United States,74716,Montana,1205 Fella,1959-05-14,1825
crmid:4928459065,balas1944@live.com,Williams,Lester,,511-884-1118,Gallatin,United States,64560,New York,635 Tucker,1965-12-07,1787
crmid:5648714999,dominate2046@outlook.com,Mallie,Fitzpatrick,female,574-092-2584,Douglasville,United States,72440,Maine,1090 Sharp,1955-12-11,2038
crmid:3878008909,widegap1858@live.com,Adolph,Swanson,,283-214-3489,Hastings,United States,70041,Kentucky,647 Farview,1970-04-01,2524
crmid:8072447147,airtight1904@yahoo.com,August,Brown,,368-020-0774,Philadelphia,United States,48010,South Dakota,1325 Morningside,1992-01-22,1970
crmid:7116523841,militaristic2020@outlook.com,Carol,Austin,male,029-305-8636,Cape Girardeau,United States,06611,Nevada,759 Balboa,1944-02-01,2815
crmid:1983368666,noncorrelating1954@yahoo.com,Louis,Burton,,670-923-3549,Prescott Valley,United States,93353,Kentucky,25 Letterman Hospital Access,1997-07-25,1358
crmid:9032066606,heidi1975@live.com,Jaime,Sloan,,850-350-5008,Goleta,United States,79683,Michigan,279 Ashbury,1967-07-30,2108
crmid:7316233452,nympholept1972@live.com,Joe,Harrington,male,103-484-9614,Sulphur,United States,03741,Louisiana,209 Liggett,1937-05-13,1642
crmid:5932590199,antibiotic1809@outlook.com,Jonathan,Knight,male,585-990-7159,Bothell,United States,36905,Texas,393 Bayview,1940-06-16,1616
crmid:3072206776,bencher1983@yandex.com,Israel,Garrison,,122-874-2861,LaGrange,United States,66353,Idaho,120 Moraga,1979-11-24,1325
crmid:6839501004,aluminosis1915@live.com,Sunday,Noble,female,217-043-3694,Springfield,United States,69442,Iowa,533 Dashiell Hammett,1947-08-21,1544
crmid:3888438500,overfallen2062@outlook.com,Doug,Gates,male,735-590-7337,Palm Bay,United States,13732,Massachusetts,1153 Verna,1944-03-11,374
crmid:4077268952,drumlin1890@gmail.com,Clarence,Mclean,,181-700-9372,Rancho Cordova,United States,96206,Connecticut,1301 Banneker,1994-10-11,422
crmid:8541822123,archimedes1856@outlook.com,Dario,Willis,,330-591-4032,Steubenville,United States,34199,Delaware,382 Margaret,1979-06-14,1080
crmid:4356725975,bromid1960@yahoo.com,Ian,Zimmerman,male,347-517-8838,Berwyn,United States,69532,Alabama,1319 Rome,1938-11-09,348
crmid:4613254024,arithmogram1873@yahoo.com,Buck,Bradley,male,943-646-5173,Zanesville,United States,75608,Texas,1047 Delta,1933-11-03,884
crmid:8723234320,cocker1908@gmail.com,Raymundo,Miller,,336-520-0261,San Dimas,United States,27548,Missouri,661 Gibson,1967-06-24,2583
crmid:8505865294,completing1830@outlook.com,Renaldo,Daniels,,763-137-4090,Gallup,United States,19824,Pennsylvania,1156 Chattanooga,1965-02-19,779
crmid:1518525761,unreliable1932@gmail.com,Lesley,Franco,male,539-383-5852,Antioch,United States,38225,Michigan,653 Sagamore,1933-06-10,1529
crmid:5666066332,michelangelo1869@gmail.com,Demetrius,Cain,male,336-661-7579,Barberton,United States,16438,Wisconsin,216 Farnum,1936-03-05,399
crmid:1073890675,customer1877@outlook.com,Many,Tyler,female,375-321-6424,Muscatine,United States,53941,Michigan,1152 Ogden,1994-10-07,1905
crmid:9140825900,bibiri1877@yahoo.com,Kelly,Chan,,092-324-6737,Gahanna,United States,05188,Georgia,1185 Broadmoor,1964-01-12,1780
crmid:5814143162,stereology1827@live.com,Marlon,Santos,,863-080-7033,Maple Heights,United States,80874,Nevada,1166 Birch,1986-10-01,1339
crmid:7752010574,detail1838@yandex.com,Lawrence,Dunlap,,828-809-8751,Round Lake,United States,30729,New Jersey,153 Watchman,1971-03-02,672
crmid:5222748334,osmanthus1815@live.com,Juan,Stewart,,112-713-4961,Jeffersonville,United States,39346,Ohio,502 Exeter,1975-05-18,2275
crmid:8716383875,hooklike1888@outlook.com,Philip,Valdez,,926-670-6886,Miramar,United States,28483,South Carolina,426 Jack Micheline,1991-04-22,2984
crmid:9263185119,telephoto1958@yandex.com,Terrell,Taylor,male,717-110-8932,New Britain,United States,05283,Washington,245 Rayburn,1996-02-18,1727
crmid:6980187968,cascarilla1914@yandex.com,Inger,Andrews,female,914-509-7706,Citrus Heights,United States,21291,New York,1246 Woolsey,1947-04-01,738
crmid:4427618687,nodes1974@gmail.com,Les,Osborn,,984-565-0440,Honolulu,United States,17431,Michigan,881 Graystone,1973-03-22,550
crmid:3981016436,deutzia1908@live.com,Angel,Moran,,863-535-2075,Parkland,United States,87176,South Dakota,866 Science,1972-03-20,1998
crmid:7365041404,daimen1892@yahoo.com,Isiah,Wilson,male,641-102-3057,Norwood,United States,19236,Idaho,1291 Seminole,1945-12-09,2545
crmid:1731910906,encenter1999@outlook.com,Evan,Mccall,,858-272-0958,Joplin,United States,72868,Illinois,1314 Woolsey,1976-12-16,926
crmid:4485889586,brassard2025@outlook.com,Alfred,Summers,male,307-665-9414,Cathedral City,United States,05802,Arkansas,1283 Normandie,1945-01-28,2305
crmid:2823236226,deforestation2064@live.com,Stanford,Sloan,,929-627-1385,Garfield,United States,10819,Arizona,1298 Lansdale,1965-03-11,1311
crmid:5377366131,fastuousness1952@yandex.com,Yuonne,Parrish,female,969-537-5511,Racine,United States,16499,Rhode Island,1085 Eugenia,1948-09-23,2529
crmid:8631849082,incinerating1870@yandex.com,Mammie,Barnes,female,379-895-8030,SeaTac,United States,13983,Virginia,570 De Long,1950-06-02,2619
crmid:6798157870,unthumped1857@gmail.com,Divina,Ochoa,female,095-284-0554,Sherman,United States,51605,Florida,335 Belvedere,1947-03-22,2450
crmid:3053815488,nesty2001@yahoo.com,Bryant,Whitney,,800-140-5349,Trussville,United States,94889,Vermont,400 Oxford,1984-07-27,2830
crmid:4686041142,bison2031@yahoo.com,Conrad,Hoffman,,318-646-8032,Oak Harbor,United States,77258,Connecticut,226 Ewing,1999-05-21,2971
crmid:4579561111,anatolic1994@outlook.com,Otha,Avila,,794-854-4582,Maple Grove,United States,00606,Oklahoma,1014 Junior,1986-01-24,2837
crmid:9768379147,rumshop2019@gmail.com,Fletcher,Johnson,,285-229-2813,Oak Harbor,United States,91626,California,1244 Blanken,1990-03-06,2718
crmid:1765699138,contrabandista1881@gmail.com,Eugene,Bender,,080-652-8541,Foster City,United States,49091,Alaska,476 Crescio,1963-08-04,2923
crmid:2009496754,correal1812@gmail.com,Jefferey,Sweet,,395-766-9015,Worcester,United States,45260,Alaska,744 London,1986-06-17,2769
crmid:3539888746,amelina1999@live.com,Rasheeda,Yang,female,858-191-1248,Willoughby,United States,52844,Missouri,1262 Cook,1958-10-28,1925
crmid:4148911703,alyre2070@gmail.com,Tuan,Albert,,274-582-4572,Temple City,United States,74180,Alabama,1083 Modoc,1993-08-27,2648
crmid:6040294001,aluminosis1978@yahoo.com,Claudio,Solomon,male,635-705-9952,Brunswick,United States,68578,North Carolina,1207 Saroyan,1942-11-04,431
crmid:2779286429,electrotechnics1941@live.com,Herbert,Ross,male,279-240-9620,Brook Park,United States,26684,Virginia,953 Rosemont,1941-05-25,2518
crmid:1755241054,bilbo2061@yandex.com,Rolland,Price,male,996-409-4453,Camarillo,United States,41959,Delaware,883 Halyburton,1943-08-24,330
crmid:1099896446,paludrin1962@gmail.com,Jermaine,Townsend,,998-427-1133,Rutherford,United States,64228,Hawaii,197 Lynch,1993-01-10,2931
crmid:8989369323,donohue1863@outlook.com,Josh,Mcgee,,598-551-3810,La Puente,United States,37535,Delaware,1041 Noe,1979-06-21,2004
crmid:5678024336,humiliation1809@yandex.com,Louetta,Duke,female,038-651-5178,Oak Ridge,United States,57202,Colorado,316 Loomis,1951-12-11,1961
crmid:5015027049,bethel1870@yahoo.com,Marion,Powers,male,526-302-1768,Brockton,United States,32956,Missouri,1332 Hardie,1941-07-24,396
crmid:1979154097,rec2019@outlook.com,Earl,Burks,male,442-699-8559,Baton Rouge,United States,91854,Nebraska,985 Jennifer,1936-03-04,2024
crmid:4929064675,toughie1843@yahoo.com,Ming,Velez,female,339-613-9294,Farmington,United States,37840,Mississippi,203 Mammon,1961-06-29,1532
crmid:3625434113,burley1935@gmail.com,Shin,Mcknight,female,949-738-3149,Faribault,United States,74072,New Jersey,34 Scenic,1961-12-20,958
crmid:2605044309,scillipicrin1990@live.com,Franklyn,Bowen,,154-740-3752,Watauga,United States,93629,West Virginia,296 Oakwood,1965-06-08,1300
crmid:1225354723,aucan1877@yahoo.com,Kris,Frazier,,273-624-6462,Tigard,United States,59168,Maryland,445 Liberty,1966-06-05,2198
crmid:5364501751,assailants2012@outlook.com,Freddy,Boyle,male,706-495-5450,Augusta,United States,25618,Rhode Island,447 Santa Fe,1935-04-03,1768
crmid:8445952064,poephaga1832@yahoo.com,Boyce,Key,,758-465-8389,Fort Pierce,United States,55903,California,956 Vara,1963-10-06,1372
crmid:8856016290,unirritableness1839@outlook.com,Geoffrey,Wilcox,,558-729-5953,Kirkland,United States,30982,Pennsylvania,158 Chinook,1978-07-21,1721
crmid:5969009274,toad1806@yandex.com,Judson,Whitfield,,300-225-2165,Yonkers,United States,32589,Indiana,25 Chatham,1972-04-08,992
crmid:1815789432,redips2022@outlook.com,Pat,Neal,,849-626-5272,Olympia,United States,41079,New Hampshire,1098 Revello,1988-03-16,1389
crmid:5836910930,redpanda2020@outlook.com,Tanner,Roy,male,857-449-3870,Blaine,United States,58073,New Jersey,871 Saint Louis,1939-09-26,355
crmid:6543486946,quartern1809@gmail.com,Loida,Carrillo,female,546-120-1580,Rockford,United States,27616,Kansas,898 Summit,1961-10-10,2459
crmid:6718391177,idiosyncrasy2068@outlook.com,Henriette,Osborne,female,567-894-2410,Dodge City,United States,16355,Vermont,1186 Spofford,1955-04-22,1409
crmid:4928084914,telegrams1930@gmail.com,Marianela,Hodge,female,644-446-7808,Woodbury,United States,86346,Iowa,894 Hutchins,1957-06-14,874
crmid:2207603639,rauwolfia1883@live.com,Rey,Miles,,901-160-4556,Walnut,United States,30447,New York,335 Sickles,1980-09-02,2884
crmid:1820816659,documentaries1941@outlook.com,Rich,Hubbard,male,916-480-3155,Ashland,United States,49623,North Dakota,925 Stone,1934-08-15,2476
crmid:7803558251,irrelevantly1870@yandex.com,Kurtis,Martin,,753-456-7303,Gainesville,United States,46585,Idaho,282 Berwick,1964-07-21,1369
crmid:7557594736,assuming1915@yahoo.com,Alex,Horn,male,253-665-0407,Wheaton,United States,90394,Kansas,993 West Halleck,1940-01-14,599
crmid:6618255213,precognition1822@outlook.com,Kirby,Bishop,male,517-246-4514,Alice,United States,37055,Colorado,919 Goethe,1931-06-03,1299
crmid:7300217368,unstocking1959@yahoo.com,Robbie,Calhoun,,884-888-6626,Greensboro,United States,28716,Michigan,702 Lottie Bennett,1968-05-24,996
crmid:3697086993,cantalas1997@live.com,Robert,Rodriquez,,630-496-8483,Scottsdale,United States,89267,Tennessee,1350 Sharp,1981-07-08,1515
crmid:1125638402,camel1912@yandex.com,Nicky,Pearson,,646-582-3892,Marana,United States,89662,Texas,990 Mcnair,1986-04-13,2377
crmid:7160315670,sebasic1836@yahoo.com,Micah,Fuller,male,751-587-2051,Barberton,United States,46307,North Carolina,425 Deming,1936-07-10,2336
crmid:4524044019,aphelandra2068@outlook.com,Dino,Poole,male,230-708-1815,Arcadia,United States,15929,Alabama,918 Adolph Sutro,1933-03-23,2712
crmid:3712689348,antagonizing1881@yahoo.com,Brigid,Witt,female,959-013-1747,Dothan,United States,89496,South Carolina,516 Walter U Lum,1955-01-31,2874
crmid:6884616737,ellie1841@gmail.com,Arnette,Macdonald,female,275-189-4772,Duncanville,United States,08090,Maine,1135 Blanken,1956-01-18,1244
crmid:2898112666,consecrator1963@live.com,Georgene,Abbott,female,166-570-1193,White Bear Lake,United States,21913,Colorado,784 El Mirasol,1957-11-06,2424
crmid:4499371476,consul1846@live.com,Moshe,Cantu,,124-418-1005,Palmdale,United States,75954,Florida,45 Sansome,1982-09-04,2365
crmid:3622078006,phies2029@live.com,Stacey,Neal,,337-371-9099,Mattoon,United States,30575,New Hampshire,795 Jessie East,1988-07-27,430
crmid:2544371317,dispatching1953@live.com,Denver,Nelson,male,940-325-6517,Shoreline,United States,71426,Maryland,789 South,1942-03-21,979
crmid:8688643025,cathedrals1948@live.com,Fritz,Wyatt,,762-350-9225,Littleton,United States,98119,New York,595 Balhi,1983-11-05,1489
crmid:1703029622,tromometric2049@yahoo.com,Joeann,Huffman,female,635-811-5044,Santa Clarita,United States,24346,Missouri,105 Alton,1959-04-15,2471
crmid:2412210802,wryest1946@yahoo.com,Simona,Silva,female,407-354-2757,Columbia Heights,United States,42112,Texas,694 Urbano,1949-08-27,2363
crmid:2822554797,zelkova1864@yahoo.com,Fritz,Livingston,,649-235-9266,Meridian,United States,42272,Florida,1366 Parker,1989-08-22,1467
crmid:5923620206,pluguglies1958@yandex.com,Graig,Montgomery,,142-247-2713,New Braunfels,United States,66266,South Carolina,1308 Dwight,1996-11-30,1912
crmid:3018995002,dramas2022@yandex.com,Anibal,Massey,,668-421-7436,Marlborough,United States,43579,Nevada,1366 Thornburg,1987-07-09,2258
crmid:5820840425,braggers1859@live.com,Mack,Foley,male,379-577-4411,Avondale,United States,39841,Oregon,345 Lulu,1935-07-10,2757
crmid:8236639232,shaly1956@yandex.com,Merrill,Lopez,,156-957-8361,North Royalton,United States,54664,Virginia,1085 Parkridge,1999-09-23,888
crmid:3415263657,afterimage2001@gmail.com,Jackson,Roy,,575-454-3872,South Jordan,United States,61070,Montana,1296 Waldo,1981-03-02,2112
crmid:4383237330,solatia1807@live.com,Orville,Cannon,male,770-680-7270,Ardmore,United States,84477,Washington,1342 Argonaut,1933-08-05,2727
crmid:8113543231,koala2030@live.com,Rosendo,Crosby,,083-426-6112,Lake Elsinore,United States,77819,Indiana,923 Sabin,1980-12-17,1236
crmid:3944465434,contradistinctive1951@gmail.com,Dannielle,Marsh,female,243-122-6577,Oregon,United States,55165,Oklahoma,474 Almaden,1995-12-07,2380
crmid:2005670835,pocketful1844@yandex.com,Demetrius,Maynard,,550-842-6344,North Chicago,United States,83561,Florida,179 Fell,1998-06-10,372
crmid:5220808521,camata1946@live.com,Eloy,Garrett,,743-656-6304,Hilliard,United States,77663,Massachusetts,994 South Hill,1972-11-24,2227
crmid:8641319838,creamier2003@yahoo.com,Al,Bonner,,525-108-8265,North Charleston,United States,46740,Alabama,1157 Paradise,1998-07-09,2705
crmid:4941278685,documentary1908@yahoo.com,Alfred,Walter,,972-387-0431,Kokomo,United States,52379,New Jersey,51 Gibb,1978-09-21,2094
crmid:3272247760,weld2001@yandex.com,Kendall,Copeland,,689-705-2821,Greeley,United States,56810,Idaho,61 Burritt,1968-09-13,1557
crmid:2422443931,yaird1984@outlook.com,Gustavo,Whitaker,,014-835-6023,Waterbury,United States,36998,Rhode Island,738 Capitol,1968-11-12,1779
crmid:6972312613,buffoonish1992@yandex.com,Delmer,Underwood,male,079-382-1484,Campbell,United States,19863,Alabama,653 Burgoyne,1944-03-29,1195
crmid:1066951271,fewer1822@outlook.com,Lyman,Schneider,,523-207-3812,Harvey,United States,75387,Pennsylvania,520 Beacon,1970-12-14,1469
crmid:6872924443,crow1879@gmail.com,Tashina,Duncan,female,260-439-1776,Pembroke Pines,United States,78409,Louisiana,1096 Duncan,1997-03-16,916
crmid:8741683506,flattop1897@live.com,Roy,Lyons,male,555-315-6442,Bethel Park,United States,67574,Vermont,1154 Flower,1938-11-25,1168
crmid:8269689186,arctoidean1833@yahoo.com,Donald,Wheeler,,992-164-7981,Pekin,United States,35461,Michigan,136 Nellie,1971-09-14,2051
crmid:6320291307,bepimpling1869@yandex.com,Roland,Shannon,,490-846-7952,Gainesville,United States,42869,New Hampshire,180 Sunbeam,1964-08-05,2032
crmid:2823643740,vigors2041@yahoo.com,Damian,Fry,male,019-354-7089,Oxford,United States,78789,Maryland,1127 Lake Merced Hill,1943-02-10,2822
crmid:7989822556,refectioner2027@yahoo.com,Jim,Bush,,977-719-9117,Goose Creek,United States,94712,Ohio,113 Marne,1967-08-19,588
crmid:2649250158,quelea2048@live.com,Donald,Clayton,female,114-285-1981,Orland Park,United States,67516,Florida,609 Cloud,1997-12-06,1946
