crmid,email,first_name,last_name,gender,mobile telephone,city,country,zip,state,street address,birthday,historicalpoints
crmid:4499314220,lengthen1991@gmail.com,Omar,Sharp,male,660-268-9960,Berkeley,United States,40317,Ohio,800 Alton,1938-07-27,575
crmid:6475073414,lacrosse1801@gmail.com,Bertram,Mercer,,853-461-7606,Lynn,United States,05900,Texas,828 Adolph Sutro,1985-01-06,2788
crmid:7350179235,borderless1985@yandex.com,Rosario,Rodgers,,463-079-2877,Grandville,United States,35715,South Dakota,720 Raleigh,1967-07-17,2090
crmid:1530390098,chanteuse2019@live.com,Len,Warren,male,284-491-6746,Bellingham,United States,68902,Alabama,882 Vienna,1937-11-25,2695
crmid:3934907476,bootlessness1863@yandex.com,Zachary,Hayden,,808-972-8047,Takoma Park,United States,96914,Missouri,1393 Gatun,1991-12-25,1616
crmid:1884519436,rabboni1947@gmail.com,Shin,Cash,female,280-718-4880,New Braunfels,United States,77917,South Carolina,983 Ivy,1996-03-25,1027
crmid:6879386567,ashamed2052@live.com,Camellia,Buckner,female,751-914-1482,Pleasantville,United States,19871,Utah,897 St. Paul Street-Calvert,1948-12-26,728
crmid:1644824410,footcandle1946@yahoo.com,Jeramy,Townsend,,111-764-1135,Rancho Palos Verdes,United States,27086,Florida,1338 Delancey,1964-02-23,1878
crmid:7083201250,messor1927@yandex.com,Efren,Duffy,,289-834-8471,Waynesboro,United States,27582,Texas,919 Hollister,1966-01-25,1527
crmid:7333228230,cooling2005@live.com,Chadwick,Hunter,,861-154-2524,Nixa,United States,90043,Washington,822 Winston,1997-06-03,381
crmid:4114547232,eightsman1925@gmail.com,Tiera,King,female,686-525-7186,Richland,United States,14179,Kansas,1385 Perry,1953-09-16,1897
crmid:5914816501,defloration1875@live.com,Vanesa,Wooten,female,182-101-8006,Romeoville,United States,61790,North Dakota,1019 Chula,1995-03-30,332
crmid:8018016834,delat2048@yahoo.com,Neta,Camacho,female,619-464-0773,Chandler,United States,81347,South Carolina,941 Avoca,1946-07-05,877
crmid:3887499224,carpetbag1938@gmail.com,Dwayne,Harris,male,523-119-8460,Norco,United States,67760,Missouri,1248 Arellano,1998-11-30,728
crmid:7091861122,benjamite1830@gmail.com,Mathilde,Hale,female,055-712-6699,Ennis,United States,93870,Michigan,1400 Teddy,1960-06-12,1666
crmid:8207984115,built1846@live.com,Stan,Duran,male,221-903-0255,Banning,United States,56402,Kansas,227 Golding,1936-09-09,2854
crmid:4828644395,cellule1998@live.com,Shawana,Barron,female,884-492-9371,Redondo Beach,United States,94897,Connecticut,149 Sacramento,1960-08-02,2974
crmid:8158071093,alleluia1880@gmail.com,Jeffry,Vincent,,040-329-9065,Florence,United States,19920,Florida,410 Dwight,1962-03-01,422
crmid:8251948982,enchanter1883@yahoo.com,Nichol,Reyes,female,331-863-0533,Doral,United States,32133,Florida,1311 Alhambra,1955-07-24,1803
crmid:5467203197,borak1910@yahoo.com,Micah,Buck,,985-201-1018,Holly Springs,United States,53271,New Hampshire,1082 Gloria,1972-09-25,1551
crmid:4432391085,stork1987@yahoo.com,Jolyn,Bryan,female,150-866-0940,Smyrna,United States,82365,Vermont,1310 Waterville,1952-04-04,2832
crmid:9284446478,tarantas1891@gmail.com,Fabian,Ingram,male,700-876-6752,South Jordan,United States,04087,Oklahoma,176 Bradford,1934-04-15,2974
crmid:6777923140,sander1939@yandex.com,Dong,Snyder,female,677-762-5278,Elk Grove,United States,68708,Rhode Island,311 Ludlow,1959-10-05,747
crmid:2274413972,cristina1889@outlook.com,Lasonya,Chen,female,542-728-8159,Springville,United States,59292,Idaho,1110 Paris,1997-03-31,2938
crmid:6166309672,dogman1883@outlook.com,Sherman,Horne,,397-668-8255,Frisco,United States,03586,South Carolina,1185 Aspen,1964-02-10,458
crmid:2193682028,rebrace2051@yahoo.com,Malcolm,Weiss,male,777-314-9542,Raymore,United States,09004,Virginia,661 Napier,1930-07-30,535
crmid:3733319598,curate1986@yandex.com,Becki,Morales,female,413-601-6403,Commerce City,United States,08695,Massachusetts,1225 Santos,1949-01-20,1276
crmid:3769475852,birthmark1830@yahoo.com,Roy,Nolan,,765-871-7812,Sand Springs,United States,59208,South Carolina,1347 Standish,1996-06-30,889
crmid:9944143089,exposition1829@outlook.com,Arnoldo,Cline,male,005-148-0091,Camden,United States,05090,California,1155 Garcia,1943-01-06,1885
crmid:9505202174,strifes1993@live.com,Chin,Combs,female,077-126-7435,El Monte,United States,70683,Colorado,237 Keyes,1958-12-26,1455
crmid:7654556472,bouto2003@yahoo.com,Lashawna,Clemons,female,481-798-1525,Colleyville,United States,26234,Wisconsin,1158 Donner,1949-05-06,832
crmid:3919445603,hysterodynia1870@live.com,Logan,Henderson,,655-644-1939,Laurel,United States,54837,Florida,1251 Guerrero,1981-10-19,2427
crmid:9748652814,wakerife1946@yahoo.com,Michale,Marks,,471-644-3450,Imperial Beach,United States,63650,Maine,924 Mendell,1974-10-28,1044
crmid:7108221020,lease2008@outlook.com,Arron,Pugh,,262-176-1109,Sacramento,United States,27275,Massachusetts,1169 Petrarch,1967-01-24,2201
crmid:4251574229,humiliation2036@yandex.com,Alane,Sanders,female,909-725-8247,South Milwaukee,United States,91907,Alabama,59 San Juan,1947-10-30,956
crmid:6226007020,affiliate1860@live.com,Elliot,Perry,,048-203-0006,Hopkinsville,United States,91179,California,829 Coralino,1973-08-04,475
crmid:5511582281,aromatic2043@outlook.com,Drew,Parks,female,717-517-7327,Elkhart,United States,96221,Wyoming,1169 Teresita,1959-03-22,1517
crmid:4640926438,bluestones1827@live.com,Shon,Wooten,male,002-055-9426,Andover,United States,54000,Indiana,143 Manseau,1932-09-13,2161
crmid:8109155004,conquered1966@outlook.com,Octavio,Preston,male,083-354-8896,Wasco,United States,09767,Alabama,172 Atoll,1939-07-24,2640
crmid:9630359675,arriba1862@yandex.com,Jacinto,Burch,male,462-255-0623,Wichita Falls,United States,02712,Rhode Island,608 Nautilus,1937-05-04,2982
crmid:7400805367,piscators2065@yahoo.com,Marybelle,Ramsey,female,532-008-3319,South El Monte,United States,27775,North Dakota,1285 Nebraska,1958-06-24,1877
crmid:5044461659,application1963@outlook.com,Renaldo,Hanson,,792-463-5701,Miami Beach,United States,37935,Texas,598 Jarboe,1990-07-11,1412
crmid:6382913570,adriena1937@outlook.com,Doloris,Farmer,female,119-262-3438,Clarksburg,United States,15691,Georgia,527 Hallam,1948-03-09,1994
crmid:1237154074,notifying1857@gmail.com,Edgardo,Blackburn,male,624-197-7944,Alliance,United States,66179,Wyoming,167 Collingwood,1931-11-29,1785
crmid:1699519546,belowdecks1835@gmail.com,Fausto,Harding,,230-908-7369,La Mirada,United States,03934,Montana,628 Hawkins,1978-01-20,604
crmid:2743587951,enforces1967@gmail.com,Donella,Hutchinson,female,455-155-8459,Naperville,United States,14657,Ohio,375 Touchard,1995-04-05,1122
crmid:3659908546,nuzzles1935@yandex.com,Bev,Mcfarland,female,851-713-4658,Dolton,United States,02588,Pennsylvania,866 Doric,1955-01-19,643
crmid:8897558225,mithraize1938@outlook.com,Eddy,Erickson,,854-305-9659,Rocklin,United States,37215,Louisiana,1028 Gateview 3,1971-03-24,920
crmid:8401812041,affenpinscher1876@gmail.com,Caleb,Gentry,male,552-667-9283,Americus,United States,93015,North Dakota,80 Goldberg,1932-02-11,2378
crmid:2623040701,aptly2068@live.com,Todd,Barton,,267-831-3850,Monrovia,United States,11535,Maine,36 Mountain Spring,1992-02-11,1938
crmid:6024658040,expansible1820@yahoo.com,Alec,Dotson,,633-749-4455,Hickory,United States,10280,South Dakota,665 Macalla,1971-03-10,1291
crmid:6605325447,biomagnetic1837@yandex.com,Solomon,Benson,,952-967-8590,Melrose Park,United States,58351,California,630 Wildwood,1989-09-10,665
crmid:6093765708,engrave2059@outlook.com,Lupe,Weaver,,263-634-7943,Gadsden,United States,30356,Oklahoma,795 Sycamore,1964-06-29,1489
crmid:6637591798,unfavourably1941@yahoo.com,Lynn,Acevedo,male,307-283-8374,Aberdeen,United States,38492,Missouri,451 Boalt,1930-07-01,1961
crmid:4161780481,choluteca1859@yahoo.com,Eugenio,Potter,,962-038-0782,Santa Barbara,United States,86397,Vermont,237 Vienna,1976-06-04,1999
crmid:2540364493,saleps2031@yahoo.com,Karry,Dickerson,female,268-083-4497,Coachella,United States,92563,New York,1327 Ceres,1948-05-08,1563
crmid:5136696283,macrophage1806@gmail.com,Jarod,O'donnell,male,693-373-3742,Paradise,United States,16106,Michigan,52 Mahan,1945-05-22,1635
crmid:3762738908,balunda1932@live.com,Ian,Nguyen,,755-275-8146,West Springfield,United States,38124,Oregon,761 Ingalls,1979-08-26,2419
crmid:4021090161,outspanning1805@yandex.com,Irwin,Chandler,,917-343-5174,Sachse,United States,31029,West Virginia,73 Alton,1979-11-04,2055
crmid:8687378488,centrarchidae1928@gmail.com,Royce,Ross,,519-981-1087,Haverhill,United States,99744,Delaware,1341 Eagle,1970-05-26,2304
crmid:9228097014,tiptoppishness1862@live.com,Major,Tillman,,111-696-0989,Warwick,United States,77334,Delaware,125 Donahue,1971-12-06,1279
crmid:8631183938,musician1884@live.com,Chad,Maynard,male,068-160-1699,Beavercreek,United States,07287,Vermont,264 Zoe,1937-02-18,2418
crmid:8226785252,undog1986@gmail.com,Kathern,Soto,female,597-854-7991,Riverside,United States,62803,Montana,1061 School,1950-05-27,585
crmid:4148294042,amril1854@gmail.com,Andy,Little,,543-341-3366,Windsor,United States,31008,Maryland,823 Bromley,1971-05-06,1772
crmid:6759679234,ineradicability1874@yandex.com,Jeromy,Banks,,847-652-8090,Hialeah,United States,86101,Wisconsin,915 Diamond Heights,1971-05-20,1833
crmid:3823416143,doused2062@yahoo.com,Shantelle,Fitzpatrick,female,907-579-0221,Coconut Creek,United States,43590,Indiana,592 Thor,1949-08-10,455
crmid:8502948956,copious1972@live.com,Lavera,Hunter,female,620-544-6275,Waukesha,United States,24336,Kentucky,236 Angelos,1961-05-15,697
crmid:7983364337,habilimented1973@yahoo.com,Emory,Snider,male,617-251-8811,Rocklin,United States,08238,South Dakota,1129 Dickinson,1939-04-27,2610
crmid:2464730107,handbasket1999@yandex.com,Quincy,Sutton,male,770-594-3820,Rowlett,United States,14193,Washington,129 Dunshee,1944-11-15,2800
crmid:8856574151,ebenezer1876@live.com,Alex,Day,,916-563-3297,Kirkland,United States,03752,Illinois,726 Dolores,1978-01-07,1356
crmid:7514672172,anilinophilous1844@yandex.com,Alessandra,Sargent,female,473-101-4978,Pickerington,United States,27184,Hawaii,914 Madison,1959-01-26,1714
crmid:8790303192,scriptures1949@gmail.com,Lashandra,Woods,female,539-187-2205,Elk River,United States,69766,Colorado,831 Drumm,1959-11-10,1839
crmid:7629638719,dunder2018@gmail.com,Tory,Marsh,male,188-434-5082,Atwater,United States,59041,West Virginia,923 Hawthorne,1934-09-18,2997
crmid:5928390895,prodissolution1818@yahoo.com,Garfield,Wright,,840-794-0847,Woodburn,United States,46859,New Mexico,1178 Barcelona,1992-10-02,2882
crmid:3780462294,quott1822@yandex.com,Gregorio,Solomon,,644-304-1153,Great Falls,United States,80982,Arizona,1308 Brentwood,1968-01-16,1665
crmid:7258189696,bashalick1802@yahoo.com,Elden,Hammond,male,268-517-5706,West Haven,United States,71960,Indiana,1190 Rae,1935-03-12,2504
crmid:3169296614,gull1963@yahoo.com,Aron,Britt,male,577-969-7949,Ansonia,United States,09935,Vermont,1017 Eugenia,1933-01-04,708
crmid:1988973470,catie1846@live.com,Sal,Kemp,male,288-942-9624,Bedford,United States,59802,Louisiana,1070 Safira,1937-09-16,945
crmid:4426274623,trioxide2016@outlook.com,Granville,Padilla,male,625-988-0769,Webster Groves,United States,02694,South Dakota,464 Russell,1934-04-22,2489
crmid:3530235160,deemphasize1850@yahoo.com,Jeff,Bell,,788-665-6974,Massapequa Park,United States,46039,Indiana,328 Sherman,1988-08-13,1971
crmid:7720166423,vulture1835@gmail.com,Freeda,Sweeney,female,102-791-8499,Terrell,United States,61912,Wisconsin,589 Battery Wagner,1960-03-28,2324
crmid:5035902262,cigua1884@yahoo.com,Dee,Trujillo,,464-025-7086,Weirton,United States,54512,Hawaii,880 Monticello,1983-04-17,2126
crmid:8981129371,kooks1858@yahoo.com,Adam,Robles,,332-764-7758,Paso Robles,United States,69207,Alabama,138 Long,1998-05-22,543
crmid:5614111603,thorpes1839@yandex.com,Edmundo,Petersen,,063-827-5863,Madison,United States,57011,California,44 Massachusetts,1985-09-17,351
crmid:5631652495,apritif1852@live.com,Clayton,Monroe,,983-846-4908,Rio Rancho,United States,49856,Nevada,1128 Vesta,1983-07-29,2585
crmid:8739799228,religion1885@yahoo.com,Glen,Workman,,065-163-4056,Olympia,United States,57228,Maryland,520 Ellington,1973-03-09,1689
crmid:5379215219,trination2060@outlook.com,Cary,Edwards,male,688-706-5346,Stephenville,United States,02197,Utah,1201 Cedar,1939-02-09,2464
crmid:5329774269,cudgeled1990@gmail.com,Lawrence,Barry,,082-927-9600,Santa Monica,United States,73339,California,184 Niantic,1968-07-10,2646
crmid:4122223125,bolometric1981@yahoo.com,Jule,Pratt,female,789-019-7547,Cranston,United States,92967,Wyoming,242 Lamson,1951-10-08,1431
crmid:9217474320,cormac1875@outlook.com,Cleveland,Jones,male,530-327-4905,Alpharetta,United States,71808,Kentucky,1196 Sunview,1931-02-16,459
crmid:9751584745,takeaway2036@outlook.com,Natisha,Edwards,female,566-795-0156,Chambersburg,United States,38875,Vermont,322 Stoneman,1946-07-09,1856
crmid:9581326582,jophiel1929@yahoo.com,Tequila,Blankenship,female,789-047-7605,Covington,United States,70927,Idaho,108 Vara,1951-12-17,482
crmid:2677139209,erudition1943@live.com,Kris,Snow,,006-166-1665,Oak Park,United States,45877,New Mexico,378 La Playa,1990-10-19,400
crmid:5393379814,mouse1858@outlook.com,Dusty,Chen,,922-380-6947,Rochester Hills,United States,96514,Hawaii,1306 Elim,1992-10-18,646
crmid:1379860507,disbelief1890@live.com,Orville,Shaw,male,662-774-0340,Bergenfield,United States,44166,Indiana,859 Northern,1938-08-27,970
crmid:7551134709,weasel2001@yahoo.com,Isidro,Goodman,,024-607-3469,Lackawanna,United States,96992,Minnesota,808 Healy,1979-07-22,2521
crmid:1846473087,sardine1906@outlook.com,Marhta,Moran,female,304-443-5886,Petaluma,United States,55939,Delaware,105 General Kennedy,1999-09-28,1577
crmid:4130949030,iridescent1937@gmail.com,Elwanda,Fitzpatrick,female,556-297-0474,Troy,United States,71860,Florida,1287 Ware,1961-03-10,499
crmid:4771019460,polioencephalomyelitis1973@gmail.com,Lynwood,Dunlap,,489-841-0501,Oxford,United States,45856,Kentucky,381 Addison,1981-10-03,2078
crmid:3893798451,einkorn1953@gmail.com,Kerstin,Sweet,female,346-157-5389,Suisun City,United States,22121,Texas,1243 Stone,1959-10-09,1571
crmid:3347759499,highbrows1919@yahoo.com,Andree,Flowers,female,891-518-6638,Denison,United States,03827,California,1339 De Montfort,1954-01-10,1112
crmid:5660837769,dogman1836@live.com,Berry,Swanson,,000-690-7689,Walnut Creek,United States,33686,Alaska,1365 Varney,1977-06-12,1127
crmid:9820573360,erroneously2020@yahoo.com,Rodrigo,Bradshaw,male,705-310-5336,Pleasant Hill,United States,10849,Washington,63 Bass,1942-08-03,1901
crmid:1444859001,abiezer1817@yahoo.com,Zane,Andrews,,445-530-2168,Revere,United States,87372,Alaska,652 Margrave,1997-06-02,1630
crmid:3787803649,belissa2000@yandex.com,Lindsay,Chapman,,544-983-4153,Mequon,United States,19212,Texas,1231 Ottawa,1989-03-30,2325
crmid:3448569991,malgrado2046@gmail.com,Basil,Valentine,,246-910-0873,Suffolk,United States,65300,New Mexico,589 Pinar,1964-10-11,2721
crmid:8754797311,biostatistic1917@outlook.com,Ian,Poole,,925-010-9532,Pawtucket,United States,23981,Louisiana,471 Upland,1965-06-29,660
crmid:8682089677,sylvan1987@yandex.com,Cedrick,Gonzalez,,454-592-1242,New Haven,United States,88582,Montana,371 El Verano,1996-10-28,1139
crmid:6614967097,dodie2019@outlook.com,Jamison,Hughes,,455-051-3007,Montclair,United States,60255,Nevada,1005 Stanford Heights,1992-11-15,2883
crmid:6509348787,deuterogenesis2038@gmail.com,Peter,Ferrell,female,506-857-7262,Wadsworth,United States,92925,Vermont,1355 Santa Monica,1961-07-09,534
crmid:8703211360,perplexed1968@gmail.com,Brock,Baird,,671-685-4862,Hallandale Beach,United States,78270,Georgia,1067 Mariposa,1969-06-27,2338
crmid:3934068624,annonce1875@outlook.com,Loria,Cohen,female,377-070-5314,Covina,United States,36137,West Virginia,14 Farnsworth,1951-06-06,2601
crmid:9281665955,overfragmented2056@outlook.com,Bertram,Dotson,male,963-028-5498,Casselberry,United States,82655,North Carolina,577 Meadowbrook,1945-01-08,1861
crmid:4388054397,gaffe1918@live.com,Charlie,Allison,male,758-113-9338,Caledonia,United States,04277,Missouri,206 Donahue,1943-02-01,1832
crmid:3840003553,michelangelo2048@live.com,Hiram,Massey,,048-860-9674,Golden Valley,United States,51639,Oklahoma,834 Roosevelt,1966-10-25,1316
crmid:8072165915,huddlingly1890@outlook.com,Oswaldo,Torres,,021-980-7238,Napa,United States,88524,Rhode Island,171 Evergreen,1995-06-28,2018
crmid:9568973824,resolutionist2011@yahoo.com,Damien,Parks,,680-677-9852,Sherwood,United States,63619,Utah,1380 Merced,1971-05-20,2144
crmid:3713410688,semiticism1935@gmail.com,Fernando,Dodson,,017-446-1396,Watertown,United States,89602,Georgia,1313 Jack Micheline,1991-04-22,1935
crmid:3187616256,costumes1819@yandex.com,Brendon,Stark,male,093-071-3546,Oxnard,United States,08150,Delaware,1124 Letterman Hospital Access,1941-02-28,2094
crmid:8069020363,mirth1925@yandex.com,Bok,Patrick,female,622-136-9953,Daly City,United States,06126,Louisiana,387 Garden,1952-01-23,702
crmid:3887972504,molluscans2060@outlook.com,Sage,Navarro,female,036-356-7787,Collinsville,United States,45859,Massachusetts,1028 Acacia,1949-08-21,2892
crmid:7732472779,lemonweed1960@outlook.com,Odell,Scott,,833-376-4828,Fishers,United States,89603,Nevada,670 Westbrook,1962-10-30,540
crmid:5650680880,reobtains1987@outlook.com,Gilberto,Holmes,,598-918-8581,Hurst,United States,49728,Nevada,500 Naglee,1974-08-22,821
crmid:4395940543,indignity1802@outlook.com,Vaughn,Castaneda,,266-415-6920,Joliet,United States,46488,Georgia,9 West Crystal Cove,1976-08-22,2131
crmid:9813309320,cessna2052@gmail.com,Gerry,Peck,male,225-924-3302,Beavercreek,United States,76767,Alabama,430 Stag Trail,1937-12-08,985
crmid:6969180955,albus2008@yahoo.com,Fausto,Hahn,male,130-275-2979,Brookings,United States,93941,Mississippi,1104 Avenue C,1942-04-12,2360
crmid:3068690484,couple1906@live.com,Arron,Chapman,,996-884-9036,Michigan City,United States,12719,Indiana,587 Duncombe,1990-02-09,2785
crmid:3650357464,appellations1836@gmail.com,Elroy,Gamble,,516-098-1749,Morgan Hill,United States,11386,West Virginia,786 Bryn Mahr,1993-02-14,2004
crmid:6353491008,aptly1839@outlook.com,Carson,Cobb,,870-897-4193,Morgan Hill,United States,60805,New Mexico,936 Cabrillo,1993-10-04,1108
crmid:7499703888,elaterist2069@outlook.com,Jefferson,Blackwell,,938-619-3287,Riviera Beach,United States,65273,Maine,1237 Buena Vista,1997-07-07,2756
crmid:8263901917,lease1845@gmail.com,Albert,Kane,,593-414-4233,Northfield,United States,92843,Colorado,1029 Iowa,1999-05-09,1322
crmid:1454884423,acclimatise2019@gmail.com,Linwood,Alexander,,362-331-1897,Oakley,United States,30937,South Dakota,343 Ravenwood,1972-09-01,1929
crmid:5568036805,emilee1830@yandex.com,Carlton,Simmons,,022-325-8836,Joliet,United States,51808,Nevada,626 Bonifacio,1976-09-20,1311
crmid:6905418978,brandie1874@outlook.com,Christoper,Conway,male,945-274-1285,Alamo,United States,80519,New Mexico,73 Iowa,1930-02-07,2582
crmid:5894909521,dogfish1868@gmail.com,Adolph,Drake,male,482-816-1282,Benbrook,United States,08058,Tennessee,986 Rod,1938-01-08,2132
crmid:4408764007,decency1907@live.com,Antone,Moreno,,116-148-7891,Lorain,United States,82032,Hawaii,238 Colby,1984-06-08,1555
crmid:6796133540,bathed2045@live.com,Ta,Ellis,female,384-314-6721,Chanhassen,United States,62474,Montana,866 Fanning,1946-11-16,1340
crmid:8699759008,rec1823@yahoo.com,Valentin,Odom,male,555-734-2684,Tulsa,United States,55927,Virginia,1183 Beideman,1999-01-18,1150
crmid:2807135240,pastorale1991@live.com,Bobby,Macdonald,,248-549-5326,Mount Juliet,United States,60859,Ohio,879 Norfolk,1993-11-14,1467
crmid:5365786896,resubmitted1954@yandex.com,Vennie,Finch,female,642-327-0772,Easton,United States,92596,New Mexico,414 Gladeview,1957-09-09,550
crmid:6588497623,jeopardise1973@live.com,Marco,Dickson,male,615-122-8882,Albertville,United States,34669,Alabama,139 Wilder,1931-07-08,1796
crmid:9405808569,british1913@yandex.com,Lisha,Fischer,female,426-380-3684,Rocky River,United States,59322,New York,592 Hamilton,1948-05-10,1683
crmid:1369550353,eladio1872@gmail.com,Harley,Moss,,330-382-1065,Goodyear,United States,36620,Georgia,732 Rawles,1967-06-05,876
crmid:7786521316,glasses2038@live.com,Enoch,Huber,male,191-431-9446,Adrian,United States,14419,Hawaii,967 Madison,1930-04-15,1001
crmid:4937954512,pteridium1947@outlook.com,Freddie,Haynes,male,751-723-7423,Perth Amboy,United States,19362,Washington,35 Stow Lake,1944-12-07,423
crmid:9478159232,allegri2068@yahoo.com,Troy,Frank,male,453-418-3487,Beaverton,United States,59288,New Hampshire,667 Lakewood,1937-09-10,435
crmid:3587655564,blacktongue1895@yahoo.com,Martin,Hopper,male,345-015-4357,Quincy,United States,80407,Oregon,815 Fernandez,1930-07-14,1650
crmid:3472269458,clairvoyants1889@gmail.com,Alla,Velez,female,536-123-2059,Dodge City,United States,00652,Maine,1232 Morgan,1955-01-29,1044
crmid:4115914382,barrelfuls2011@gmail.com,Lenard,Strickland,,578-380-0474,Laconia,United States,54304,Ohio,405 Lansdale,1979-09-10,644
crmid:4355851927,amalie1837@live.com,Aldo,Riddle,,774-937-3343,Hays,United States,93078,New York,150 Ripley,1970-10-13,2395
crmid:7813734629,lynx1812@yandex.com,Loreta,Espinoza,female,649-712-6062,Santa Monica,United States,15215,South Dakota,625 Spruce,1949-12-18,415
crmid:3375408629,ayoup1958@live.com,Leida,Walker,female,178-772-9100,Crown Point,United States,24317,New York,606 Standish,1952-05-30,1370
crmid:4966220110,crumblier1854@outlook.com,Guillermo,Rice,male,871-847-1124,Palmdale,United States,07512,Washington,1260 Fella,1939-04-24,1184
crmid:1982134433,zootaxy2041@yahoo.com,Kalyn,Fletcher,female,412-305-9366,Delray Beach,United States,52758,Oregon,443 Howard,1954-10-08,469
crmid:7728302981,tribromophenol1875@yandex.com,Laverna,Cannon,female,470-498-5772,Superior,United States,22641,Arkansas,133 South Hill,1957-05-05,1361
crmid:1212346119,chameleon1901@yandex.com,Daryl,Ayers,,721-208-4431,Saratoga Springs,United States,42605,West Virginia,1099 Fredson,1983-09-08,2952
crmid:3199308462,scarlet1924@gmail.com,Cecil,Lindsey,,399-519-0203,Lodi,United States,47706,Vermont,513 Highland,1983-08-31,2794
crmid:4789078829,overbrush1842@live.com,Ailene,Hall,female,971-607-9359,Fairhope,United States,63289,West Virginia,547 Edie,1961-11-01,565
crmid:1947691945,ambitions1937@yandex.com,Blake,Koch,,280-198-7308,Moline,United States,28940,Wyoming,594 Jersey,1992-05-25,2745
crmid:7132881986,didie2012@outlook.com,Burt,Buchanan,,860-453-2677,Kokomo,United States,85774,Texas,224 Burnett,1978-11-19,1735
crmid:6947332070,camacho2007@live.com,Marquitta,Craft,female,758-972-4996,Fayetteville,United States,34772,New Hampshire,109 Santa Barbara,1961-06-07,1448
crmid:1937856628,epical2013@yahoo.com,Darby,Salazar,female,314-999-4636,Seaside,United States,82734,Massachusetts,381 Fowler,1997-04-04,495
crmid:1386708676,consciousness2067@live.com,Wayne,Snyder,male,848-244-4365,Algonquin,United States,53930,Virginia,687 George,1931-10-27,2481
crmid:8667938928,anaesthetic1929@yandex.com,Porter,Hendricks,,994-816-0175,Skokie,United States,63673,Montana,119 Hulbert,1979-01-21,1276
crmid:8167539025,beylic1911@live.com,Numbers,Pearson,,173-488-3928,Roswell,United States,98806,New York,1115 Rondel,1976-06-26,981
crmid:5793622587,eamonn1943@live.com,Robbie,Ware,,915-077-3342,Kissimmee,United States,82991,Louisiana,1182 Dr Carlton B Goodlett,1978-01-09,2474
crmid:7192734439,escalader1952@yandex.com,Ian,Pittman,,600-597-1327,Fond du Lac,United States,56877,Hawaii,149 Hutchins,1962-10-08,2862
crmid:1806401853,peachen2043@yandex.com,Milo,Morgan,male,854-780-9596,Sevierville,United States,14167,Washington,807 Sergeant John V Young,1944-12-14,1735
crmid:5502587505,agamic2041@live.com,Cythia,Knox,female,774-617-3489,Ossining,United States,14366,New Mexico,89 De Haro,1946-02-16,1796
crmid:1334405720,acanth1856@gmail.com,Deon,Jacobson,,232-172-6366,South Portland,United States,69738,Georgia,154 San Benito,1978-06-13,2604
crmid:9631228841,subopercle2045@yandex.com,Cristopher,Sweeney,,176-125-3828,Socorro,United States,30012,Ohio,1130 Sheridan,1977-10-02,2614
crmid:3106413973,erykah2026@live.com,Francis,Harrington,,913-222-2058,Nashua,United States,94413,New Hampshire,243 Rockdale,1995-07-30,1304
crmid:2416413167,discussant1836@yahoo.com,Nga,Hughes,female,264-951-4389,Salina,United States,81446,South Dakota,981 Rebecca,1949-07-15,1350
crmid:7665756489,bibiri2042@outlook.com,Kristel,Ramirez,female,855-581-0534,Smyrna,United States,27874,Utah,1061 Mullen,1958-05-24,1319
crmid:6206112404,cyclothyme1872@yahoo.com,Victor,Ward,,629-078-5303,Neenah,United States,41698,Georgia,1330 Huron,1995-08-25,1327
crmid:4513988879,toelike1905@live.com,Carter,Davidson,,562-512-4013,Twentynine Palms,United States,86771,Idaho,451 Capra,1988-03-31,1032
crmid:6587341888,charmian1951@yandex.com,Lacy,Griffith,,001-220-6595,Noblesville,United States,97143,Florida,701 Laurel,1997-06-26,1140
crmid:6187018530,cimex1866@outlook.com,Ramon,Hill,,779-557-2210,North Olmsted,United States,47945,Rhode Island,866 Crystal,1999-07-13,2469
crmid:3865376899,aphotic1824@live.com,Boyce,Copeland,male,783-426-1807,Bethel Park,United States,04478,Oklahoma,806 Belles,1938-01-07,2116
crmid:3028602958,burker1839@gmail.com,Orlando,Simpson,,563-736-4983,Oviedo,United States,50647,Delaware,160 Panama,1998-05-01,824
crmid:1930071819,culinary1807@live.com,Ezra,Mccarty,,493-766-8087,Sulphur,United States,33824,Alabama,534 Radio,1968-07-13,2682
crmid:9576717741,antinome1988@outlook.com,Rosamaria,Powers,female,404-287-8779,Deerfield,United States,45394,Alaska,838 San Andreas,1954-07-24,2511
crmid:4256606078,moguls2056@live.com,Earle,Mclaughlin,,512-050-5674,Mattoon,United States,26583,North Carolina,506 Zoe,1988-05-09,1679
crmid:7713341218,hippopotamus1802@gmail.com,Elmer,Cannon,,453-207-2331,Fountain Valley,United States,99091,New Hampshire,353 Albatross,1963-05-21,2664
crmid:8633722213,semiliquidity1837@gmail.com,Yaeko,Benjamin,female,754-331-6611,Chula Vista,United States,50075,New York,394 Monument,1947-09-02,2479
crmid:1365939318,hypoiodous2001@yandex.com,Margarito,Mills,male,965-247-6694,Algonquin,United States,76123,Vermont,437 Thomas More,1931-07-20,1269
crmid:8839814245,imbellic1927@yahoo.com,Jamey,Reid,male,584-477-1835,Athens,United States,28312,Georgia,989 China Basin,1934-05-24,597
crmid:1268554552,nesty2065@live.com,Jeffery,Nichols,,316-324-2108,Gilbert,United States,03660,Florida,5 Cragmont,1966-02-02,1568
crmid:3336860669,fores2010@live.com,Raina,Morrison,female,493-867-0327,Chesapeake,United States,67748,Connecticut,841 Wilmot,1946-11-29,564
crmid:8696170685,altruistic1978@outlook.com,Ervin,Hunt,male,845-955-3088,Angleton,United States,74698,Minnesota,992 Pioche,1932-12-07,1987
crmid:3286594046,semitropic2049@gmail.com,Genaro,Schwartz,male,810-525-2403,Reno,United States,78804,Rhode Island,202 Colton,1941-04-26,1600
crmid:6853550242,kibbutz1820@outlook.com,Stevie,Navarro,,453-958-8623,Riverside,United States,45569,North Carolina,84 Belgrave,1982-02-18,1214
crmid:7924527138,speer2044@gmail.com,Gonzalo,Bentley,,152-051-0228,Gurnee,United States,53907,Wisconsin,737 D,1969-09-01,2763
crmid:9214396306,funambulatory1841@outlook.com,Michelina,Terry,female,659-449-2188,Euless,United States,68701,Oregon,1263 Roosevelt,1960-11-12,1070
crmid:5997351051,dondaine1996@outlook.com,Patrick,Best,,253-807-0564,Flint,United States,60546,South Dakota,211 Old Mason,1962-11-28,2427
crmid:9621512761,beleaguering1921@live.com,Luke,Tyler,,877-860-8268,High Point,United States,00884,Kansas,1163 Ames,1971-01-13,1567
crmid:3097383247,cointer2066@outlook.com,Shanelle,Estes,female,470-891-2637,Dolton,United States,45586,Arizona,1044 Avocet,1955-08-09,350
crmid:5788089413,sensated1943@live.com,Stuart,Battle,,032-317-8920,Peabody,United States,20565,New York,576 Pierpoint,1964-10-01,1723
crmid:9193494997,documentary2006@gmail.com,Mickey,Waller,,472-932-4469,Millbrae,United States,88147,New Jersey,1312 Peninsula,1990-03-06,581
crmid:8150362111,equalling1953@yahoo.com,Randal,Franks,male,994-220-3779,Alexandria,United States,43399,Nevada,432 Ahern,1931-08-10,1716
