id,crmid,propensity_room_upgrade,propensity_extended_nights
f40e39e2-7dd9-11ea-9490-b88a60e194fb,crmid:3562848828,5,4
f40fe79c-7dd9-11ea-9767-b88a60e194fb,crmid:4632273090,8,3
f4120a7e-7dd9-11ea-af57-b88a60e194fb,crmid:4857307468,4,4
f4147b70-7dd9-11ea-a434-b88a60e194fb,crmid:4882937504,4,4
f416ec7a-7dd9-11ea-8057-b88a60e194fb,crmid:5630654180,5,4
f419d28a-7dd9-11ea-900a-b88a60e194fb,crmid:1595683014,5,2
f41cb8ca-7dd9-11ea-a1ca-b88a60e194fb,crmid:8659957058,4,2
f41edb98-7dd9-11ea-95fd-b88a60e194fb,crmid:3621046425,9,5
f4214cc8-7dd9-11ea-b5ca-b88a60e194fb,crmid:2614211728,2,5
f423969a-7dd9-11ea-acdb-b88a60e194fb,crmid:4571461835,2,5
f425e070-7dd9-11ea-9f89-b88a60e194fb,crmid:9792471742,4,8
f428517a-7dd9-11ea-b485-b88a60e194fb,crmid:6892799544,4,4
f42b5ed2-7dd9-11ea-a9b3-b88a60e194fb,crmid:4746711151,3,4
f42dcfb4-7dd9-11ea-b6a3-b88a60e194fb,crmid:6385801628,3,5
f43067d4-7dd9-11ea-a71b-b88a60e194fb,crmid:6342952956,5,5
f4328a9e-7dd9-11ea-be1f-b88a60e194fb,crmid:8127255497,3,6
f434fba6-7dd9-11ea-ac51-b88a60e194fb,crmid:6879448429,4,5
f4382ffa-7dd9-11ea-afe7-b88a60e194fb,crmid:1280061570,9,5
f43b161e-7dd9-11ea-9f19-b88a60e194fb,crmid:4714465765,5,5
f43d8712-7dd9-11ea-8e96-b88a60e194fb,crmid:3725078774,4,4
f43fd124-7dd9-11ea-b364-b88a60e194fb,crmid:2684401041,4,4
f442420c-7dd9-11ea-9b59-b88a60e194fb,crmid:5406705248,3,3
f444da34-7dd9-11ea-83b8-b88a60e194fb,crmid:8729545358,6,2
f447c052-7dd9-11ea-97f4-b88a60e194fb,crmid:4804233761,5,5
f449bc14-7dd9-11ea-86e4-b88a60e194fb,crmid:6275331348,3,6
f44c2d0c-7dd9-11ea-85f9-b88a60e194fb,crmid:6646600314,5,4
f44e9e00-7dd9-11ea-9bcf-b88a60e194fb,crmid:9478076171,5,3
f4509a64-7dd9-11ea-928f-b88a60e194fb,crmid:6158284203,3,7
f45295b6-7dd9-11ea-98d9-b88a60e194fb,crmid:5753264027,4,3
f454dfcc-7dd9-11ea-a140-b88a60e194fb,crmid:8448579210,3,5
f4570288-7dd9-11ea-bb8c-b88a60e194fb,crmid:4633181565,4,5
f4594c68-7dd9-11ea-9e8b-b88a60e194fb,crmid:1509701695,6,3
f45be492-7dd9-11ea-bf63-b88a60e194fb,crmid:3678419013,4,3
f45e5574-7dd9-11ea-a14a-b88a60e194fb,crmid:9439542670,6,5
f4607868-7dd9-11ea-b53b-b88a60e194fb,crmid:2224549076,5,5
f4629b3a-7dd9-11ea-bbf2-b88a60e194fb,crmid:7451920790,6,4
f464bea4-7dd9-11ea-8715-b88a60e194fb,crmid:1434574390,5,4
f4672f06-7dd9-11ea-ad05-b88a60e194fb,crmid:6124389193,7,3
f46951ec-7dd9-11ea-aea0-b88a60e194fb,crmid:7712877607,3,5
f46be9f0-7dd9-11ea-9406-b88a60e194fb,crmid:2606788218,3,4
f46e0cd0-7dd9-11ea-966e-b88a60e194fb,crmid:2357311433,8,4
f47056c2-7dd9-11ea-8c88-b88a60e194fb,crmid:9574089318,9,5
f4727998-7dd9-11ea-b08b-b88a60e194fb,crmid:2991551064,5,5
f4749c8c-7dd9-11ea-991b-b88a60e194fb,crmid:2774469826,4,9
f476e682-7dd9-11ea-883d-b88a60e194fb,crmid:9035548804,4,4
f47a1aba-7dd9-11ea-a671-b88a60e194fb,crmid:3964172177,4,5
f47c64ae-7dd9-11ea-a87a-b88a60e194fb,crmid:8488426323,4,3
f485655c-7dd9-11ea-b39b-b88a60e194fb,crmid:8197572781,3,4
f48a6e74-7dd9-11ea-8aa9-b88a60e194fb,crmid:2557629839,3,6
f48d067e-7dd9-11ea-96f1-b88a60e194fb,crmid:6604329089,2,4
f4912550-7dd9-11ea-9c47-b88a60e194fb,crmid:6527613932,3,5
f4945988-7dd9-11ea-838f-b88a60e194fb,crmid:9724990463,9,3
f496a35a-7dd9-11ea-a9ee-b88a60e194fb,crmid:4873671331,7,3
f4996288-7dd9-11ea-a16d-b88a60e194fb,crmid:9796676444,3,3
f49bd386-7dd9-11ea-8ade-b88a60e194fb,crmid:3343354364,3,4
f49df64c-7dd9-11ea-b790-b88a60e194fb,crmid:4976831325,3,4
f4a0b58c-7dd9-11ea-a851-b88a60e194fb,crmid:3521245682,3,3
f4a2ff68-7dd9-11ea-a1f4-b88a60e194fb,crmid:2974098607,5,2
f4a52234-7dd9-11ea-8c71-b88a60e194fb,crmid:6104111250,5,6
f4a71e0a-7dd9-11ea-86e9-b88a60e194fb,crmid:1291262566,4,5
f4a8cbbe-7dd9-11ea-9c63-b88a60e194fb,crmid:8370314676,4,3
f4aa2b3a-7dd9-11ea-8b67-b88a60e194fb,crmid:1131497584,4,3
f4abb1ee-7dd9-11ea-b0ec-b88a60e194fb,crmid:3177677850,4,4
f4acea6e-7dd9-11ea-b371-b88a60e194fb,crmid:5590390848,5,5
f4ae7118-7dd9-11ea-abb5-b88a60e194fb,crmid:4124543949,4,4
f4afd092-7dd9-11ea-a8f3-b88a60e194fb,crmid:2513487287,8,6
f4b17e88-7dd9-11ea-8a79-b88a60e194fb,crmid:2149264850,7,3
f4b304ec-7dd9-11ea-8053-b88a60e194fb,crmid:2190445641,3,2
f4b48b7a-7dd9-11ea-8b45-b88a60e194fb,crmid:2289309147,5,4
f4b6121c-7dd9-11ea-92a6-b88a60e194fb,crmid:1467290628,4,4
f4b74a9a-7dd9-11ea-9677-b88a60e194fb,crmid:4449675417,8,5
f4b8f87e-7dd9-11ea-86ca-b88a60e194fb,crmid:9267270902,5,4
f4ba30e8-7dd9-11ea-a091-b88a60e194fb,crmid:7545341460,6,4
f4bb9078-7dd9-11ea-a471-b88a60e194fb,crmid:8685699276,4,4
f4bcc8ee-7dd9-11ea-bd91-b88a60e194fb,crmid:9052670234,5,5
f4be4f86-7dd9-11ea-9db5-b88a60e194fb,crmid:8222905971,8,4
f4bf6268-7dd9-11ea-8557-b88a60e194fb,crmid:3830934673,5,4
f4c09ad0-7dd9-11ea-a1c9-b88a60e194fb,crmid:3980351039,2,5
f4c1f90c-7dd9-11ea-915b-b88a60e194fb,crmid:7738829624,3,4
f4c38128-7dd9-11ea-8658-b88a60e194fb,crmid:9880834783,3,4
f4c4df46-7dd9-11ea-b192-b88a60e194fb,crmid:4950599862,4,3
f4c6b3e4-7dd9-11ea-aacd-b88a60e194fb,crmid:2693325211,5,4
f4c814f4-7dd9-11ea-a026-b88a60e194fb,crmid:3143357401,4,5
f4c92658-7dd9-11ea-9c90-b88a60e194fb,crmid:6034786012,4,1
f4ca5f1e-7dd9-11ea-98e9-b88a60e194fb,crmid:1992954721,3,5
f4cbbe82-7dd9-11ea-a745-b88a60e194fb,crmid:5881306259,4,2
f4ccf718-7dd9-11ea-9a96-b88a60e194fb,crmid:5752484865,5,4
f4ce2f50-7dd9-11ea-9e34-b88a60e194fb,crmid:5152326001,3,9
f4cfb5ee-7dd9-11ea-b944-b88a60e194fb,crmid:8168133980,3,4
f4d0ef3a-7dd9-11ea-abb9-b88a60e194fb,crmid:4682687656,5,3
f4d24e0a-7dd9-11ea-aff3-b88a60e194fb,crmid:5986414101,4,3
f4d3ace4-7dd9-11ea-9662-b88a60e194fb,crmid:4928459065,3,3
f4d50bfe-7dd9-11ea-8c8b-b88a60e194fb,crmid:5648714999,4,3
f4d645cc-7dd9-11ea-a113-b88a60e194fb,crmid:3878008909,4,5
f4d7a474-7dd9-11ea-bb49-b88a60e194fb,crmid:8072447147,6,4
f4d904f0-7dd9-11ea-8de7-b88a60e194fb,crmid:7116523841,5,4
f4da6452-7dd9-11ea-80f5-b88a60e194fb,crmid:1983368666,4,4
f4db75b4-7dd9-11ea-bf32-b88a60e194fb,crmid:9032066606,5,3
f4dd7208-7dd9-11ea-be94-b88a60e194fb,crmid:7316233452,6,2
f4de8306-7dd9-11ea-8e81-b88a60e194fb,crmid:5932590199,8,4
f4e00998-7dd9-11ea-8606-b88a60e194fb,crmid:3072206776,4,5
f4e19042-7dd9-11ea-be5f-b88a60e194fb,crmid:6839501004,2,3
f4e2a1ca-7dd9-11ea-aae4-b88a60e194fb,crmid:3888438500,4,6
f4e3da1c-7dd9-11ea-aa4d-b88a60e194fb,crmid:4077268952,4,4
f4e539ac-7dd9-11ea-9428-b88a60e194fb,crmid:8541822123,4,3
f4e6e5f8-7dd9-11ea-ac12-b88a60e194fb,crmid:4356725975,3,5
f4e86cd8-7dd9-11ea-abdb-b88a60e194fb,crmid:4613254024,6,5
f4e9f378-7dd9-11ea-bf6f-b88a60e194fb,crmid:8723234320,4,6
f4ebefb6-7dd9-11ea-aac9-b88a60e194fb,crmid:8505865294,2,4
f4ed9cb4-7dd9-11ea-9758-b88a60e194fb,crmid:1518525761,9,3
f4ef9880-7dd9-11ea-b4aa-b88a60e194fb,crmid:5666066332,4,10
f4f1946c-7dd9-11ea-a8ce-b88a60e194fb,crmid:1073890675,3,4
f4f36912-7dd9-11ea-8337-b88a60e194fb,crmid:9140825900,3,3
f4f516fa-7dd9-11ea-ae38-b88a60e194fb,crmid:5814143162,3,3
f4f6c476-7dd9-11ea-8f0c-b88a60e194fb,crmid:7752010574,5,5
f4f90e9a-7dd9-11ea-93c8-b88a60e194fb,crmid:5222748334,6,4
f4fd2d0c-7dd9-11ea-be4c-b88a60e194fb,crmid:8716383875,4,8
f4ff9e18-7dd9-11ea-84ec-b88a60e194fb,crmid:9263185119,4,4
f501c0e4-7dd9-11ea-a871-b88a60e194fb,crmid:6980187968,5,2
f5043202-7dd9-11ea-820e-b88a60e194fb,crmid:4427618687,4,8
f50654d8-7dd9-11ea-9be9-b88a60e194fb,crmid:3981016436,3,5
f508779e-7dd9-11ea-93ea-b88a60e194fb,crmid:7365041404,4,4
f50a9a86-7dd9-11ea-849d-b88a60e194fb,crmid:1731910906,5,2
f50c4842-7dd9-11ea-ba75-b88a60e194fb,crmid:4485889586,5,5
f50e43fe-7dd9-11ea-984f-b88a60e194fb,crmid:2823236226,5,5
f51018b0-7dd9-11ea-8263-b88a60e194fb,crmid:5377366131,3,5
f5123b9c-7dd9-11ea-abdc-b88a60e194fb,crmid:8631849082,9,4
f5145e8a-7dd9-11ea-a9bf-b88a60e194fb,crmid:6798157870,3,4
f515e518-7dd9-11ea-b8f4-b88a60e194fb,crmid:3053815488,5,7
f5174494-7dd9-11ea-86d1-b88a60e194fb,crmid:4686041142,4,3
f518a42e-7dd9-11ea-883c-b88a60e194fb,crmid:4579561111,4,2
f51a03c0-7dd9-11ea-ade4-b88a60e194fb,crmid:9768379147,4,4
f51bff9c-7dd9-11ea-ada8-b88a60e194fb,crmid:1765699138,7,5
f51d3818-7dd9-11ea-95a6-b88a60e194fb,crmid:2009496754,4,7
f51e708c-7dd9-11ea-9692-b88a60e194fb,crmid:3539888746,4,4
f51fa910-7dd9-11ea-9d7e-b88a60e194fb,crmid:4148911703,2,3
f521089e-7dd9-11ea-ba05-b88a60e194fb,crmid:6040294001,8,5
f52304a6-7dd9-11ea-b6f4-b88a60e194fb,crmid:2779286429,5,2
f5248b1c-7dd9-11ea-ac8d-b88a60e194fb,crmid:1755241054,3,4
f525eab6-7dd9-11ea-ada2-b88a60e194fb,crmid:1099896446,4,4
f5274a52-7dd9-11ea-a9f8-b88a60e194fb,crmid:8989369323,4,4
f52882a6-7dd9-11ea-9760-b88a60e194fb,crmid:5678024336,6,5
f529e258-7dd9-11ea-8017-b88a60e194fb,crmid:5015027049,6,9
f52b9000-7dd9-11ea-8b2f-b88a60e194fb,crmid:1979154097,7,3
f52cc880-7dd9-11ea-95f9-b88a60e194fb,crmid:4929064675,3,4
f52e4f2e-7dd9-11ea-8ecd-b88a60e194fb,crmid:3625434113,5,4
f52ffcfa-7dd9-11ea-bcc5-b88a60e194fb,crmid:2605044309,4,4
f531366c-7dd9-11ea-98ea-b88a60e194fb,crmid:1225354723,5,1
f5326ef6-7dd9-11ea-b161-b88a60e194fb,crmid:5364501751,5,6
f533809c-7dd9-11ea-84f4-b88a60e194fb,crmid:8445952064,4,4
f534b7c2-7dd9-11ea-b569-b88a60e194fb,crmid:8856016290,4,5
f535f1b8-7dd9-11ea-8f1a-b88a60e194fb,crmid:5969009274,9,4
f5374fae-7dd9-11ea-b62c-b88a60e194fb,crmid:1815789432,1,5
f538af3e-7dd9-11ea-a32d-b88a60e194fb,crmid:5836910930,3,3
f539c218-7dd9-11ea-8d70-b88a60e194fb,crmid:6543486946,4,3
f53ad39a-7dd9-11ea-80b3-b88a60e194fb,crmid:6718391177,5,5
f53be392-7dd9-11ea-af87-b88a60e194fb,crmid:4928084914,6,3
f53d1c2e-7dd9-11ea-867e-b88a60e194fb,crmid:2207603639,6,3
f53e5554-7dd9-11ea-95c4-b88a60e194fb,crmid:1820816659,3,4
f53f8eb0-7dd9-11ea-99ab-b88a60e194fb,crmid:7803558251,4,5
f5409fe4-7dd9-11ea-b7e2-b88a60e194fb,crmid:7557594736,5,9
f541d880-7dd9-11ea-b61b-b88a60e194fb,crmid:6618255213,4,4
f5430f92-7dd9-11ea-9265-b88a60e194fb,crmid:7300217368,4,3
f5449634-7dd9-11ea-9a40-b88a60e194fb,crmid:3697086993,9,3
f545a7a8-7dd9-11ea-a705-b88a60e194fb,crmid:1125638402,3,4
f5470730-7dd9-11ea-9ccb-b88a60e194fb,crmid:7160315670,5,4
f5486800-7dd9-11ea-a968-b88a60e194fb,crmid:4524044019,5,3
f549c79e-7dd9-11ea-b156-b88a60e194fb,crmid:3712689348,3,5
f54b267e-7dd9-11ea-9833-b88a60e194fb,crmid:6884616737,5,3
f54cd378-7dd9-11ea-8671-b88a60e194fb,crmid:2898112666,2,5
f54de4ec-7dd9-11ea-be01-b88a60e194fb,crmid:4499371476,4,3
f54f1e86-7dd9-11ea-a763-b88a60e194fb,crmid:3622078006,3,4
f550560c-7dd9-11ea-912e-b88a60e194fb,crmid:2544371317,4,4
f5518f74-7dd9-11ea-86cf-b88a60e194fb,crmid:8688643025,4,3
f5555ef0-7dd9-11ea-83ef-b88a60e194fb,crmid:1703029622,5,6
f5570ca8-7dd9-11ea-848d-b88a60e194fb,crmid:2412210802,4,4
f5584688-7dd9-11ea-9764-b88a60e194fb,crmid:2822554797,2,6
f5595812-7dd9-11ea-8c46-b88a60e194fb,crmid:5923620206,4,1
f55ab780-7dd9-11ea-96db-b88a60e194fb,crmid:3018995002,2,5
f55dc364-7dd9-11ea-b849-b88a60e194fb,crmid:5820840425,3,3
f55f982c-7dd9-11ea-8cc5-b88a60e194fb,crmid:8236639232,3,4
f560f7cc-7dd9-11ea-a7b9-b88a60e194fb,crmid:3415263657,4,3
f5620950-7dd9-11ea-b14d-b88a60e194fb,crmid:4383237330,5,3
f56368ba-7dd9-11ea-a216-b88a60e194fb,crmid:8113543231,4,2
f564c87e-7dd9-11ea-a91a-b88a60e194fb,crmid:3944465434,4,4
f56627dc-7dd9-11ea-936b-b88a60e194fb,crmid:2005670835,5,4
f5678786-7dd9-11ea-8ad9-b88a60e194fb,crmid:5220808521,5,8
f568bfd8-7dd9-11ea-b759-b88a60e194fb,crmid:8641319838,4,3
f56a20be-7dd9-11ea-bb27-b88a60e194fb,crmid:4941278685,4,3
f56b323a-7dd9-11ea-bcb3-b88a60e194fb,crmid:3272247760,5,9
f56c6ac2-7dd9-11ea-83e0-b88a60e194fb,crmid:2422443931,8,4
f56da348-7dd9-11ea-bb3b-b88a60e194fb,crmid:6972312613,5,6
f56f77f8-7dd9-11ea-bb4d-b88a60e194fb,crmid:1066951271,4,5
f570d628-7dd9-11ea-b6ef-b88a60e194fb,crmid:6872924443,3,3
f572370c-7dd9-11ea-b1f5-b88a60e194fb,crmid:8741683506,6,4
f5739698-7dd9-11ea-8300-b88a60e194fb,crmid:8269689186,4,4
f574f664-7dd9-11ea-bbd6-b88a60e194fb,crmid:6320291307,5,4
f5762e8c-7dd9-11ea-80e8-b88a60e194fb,crmid:2823643740,6,2
f5773ed8-7dd9-11ea-8d27-b88a60e194fb,crmid:7989822556,4,4
f57878d0-7dd9-11ea-b5a8-b88a60e194fb,crmid:2649250158,6,5
