id,crmid,propensity_room_upgrade,propensity_extended_nights
c2983694-53cb-11ea-883e-b88a60e194fb,crmid:1619508572,4,3
c2999612-53cb-11ea-b76a-b88a60e194fb,crmid:6674091737,6,5
c29aa7c8-53cb-11ea-bf09-b88a60e194fb,crmid:7020895134,5,4
c29c2cd2-53cb-11ea-868c-b88a60e194fb,crmid:5883148617,6,4
c29d3f86-53cb-11ea-b27a-b88a60e194fb,crmid:3379047463,3,5
c29e76be-53cb-11ea-b79d-b88a60e194fb,crmid:1565412104,6,4
c29fd7a6-53cb-11ea-a060-b88a60e194fb,crmid:4670687088,5,5
c2a0e90c-53cb-11ea-a512-b88a60e194fb,crmid:6976884581,4,5
c2a24878-53cb-11ea-907f-b88a60e194fb,crmid:7934707512,4,3
c2a358ba-53cb-11ea-a1fd-b88a60e194fb,crmid:2725768635,3,6
c2a4b9e6-53cb-11ea-9bb4-b88a60e194fb,crmid:1973915442,5,6
c2a5f0a8-53cb-11ea-8c58-b88a60e194fb,crmid:7770532958,5,3
c2a7519a-53cb-11ea-9b73-b88a60e194fb,crmid:1602753867,3,8
c2a861e4-53cb-11ea-9c09-b88a60e194fb,crmid:1129199262,5,4
c2a9e9c6-53cb-11ea-878a-b88a60e194fb,crmid:2261546842,4,6
c2aafb36-53cb-11ea-a9f7-b88a60e194fb,crmid:4017704171,4,2
c2ac5946-53cb-11ea-946f-b88a60e194fb,crmid:1088238097,6,3
c2ad91d2-53cb-11ea-b52c-b88a60e194fb,crmid:7025933284,4,4
c2aecbc6-53cb-11ea-a16e-b88a60e194fb,crmid:7880028543,4,4
c2afdd38-53cb-11ea-aa4c-b88a60e194fb,crmid:7383855953,4,3
c2b114f0-53cb-11ea-8b84-b88a60e194fb,crmid:4929551326,5,3
c2b27526-53cb-11ea-af20-b88a60e194fb,crmid:2417217859,4,4
c2b38554-53cb-11ea-bcfe-b88a60e194fb,crmid:9979896160,4,5
c2b49806-53cb-11ea-8c6a-b88a60e194fb,crmid:7426700527,6,9
c2b6b9b6-53cb-11ea-a285-b88a60e194fb,crmid:3857998694,2,3
c2b88e76-53cb-11ea-aab5-b88a60e194fb,crmid:1723508699,4,2
c2b9c6f4-53cb-11ea-9153-b88a60e194fb,crmid:9256563759,8,4
c2baff74-53cb-11ea-9592-b88a60e194fb,crmid:3124708718,2,9
c2bc37f8-53cb-11ea-9714-b88a60e194fb,crmid:3942691033,5,3
c2be0de8-53cb-11ea-81d9-b88a60e194fb,crmid:8450413273,3,3
c2bf6d86-53cb-11ea-9244-b88a60e194fb,crmid:6924640388,6,5
c2c0a610-53cb-11ea-98b7-b88a60e194fb,crmid:9634160097,3,2
c2c22b3a-53cb-11ea-946b-b88a60e194fb,crmid:7295383663,8,6
c2c3d994-53cb-11ea-abef-b88a60e194fb,crmid:2678127942,4,4
c2c55f9a-53cb-11ea-b2d6-b88a60e194fb,crmid:2814629125,4,4
c2c6e630-53cb-11ea-b585-b88a60e194fb,crmid:9123911269,4,6
c2c84734-53cb-11ea-9fb4-b88a60e194fb,crmid:5963560344,3,4
c2c97e7a-53cb-11ea-b827-b88a60e194fb,crmid:8128347942,9,3
c2cab828-53cb-11ea-808a-b88a60e194fb,crmid:5567940233,3,6
c2cd27c6-53cb-11ea-a2c3-b88a60e194fb,crmid:1229314630,8,4
c2cefc88-53cb-11ea-9c70-b88a60e194fb,crmid:2516251311,8,4
c2d0f84a-53cb-11ea-ac66-b88a60e194fb,crmid:8089930916,5,5
c2d2f428-53cb-11ea-a67e-b88a60e194fb,crmid:6478011112,5,3
c2d4c8ec-53cb-11ea-9ba3-b88a60e194fb,crmid:2109722924,6,4
c2d62894-53cb-11ea-bb27-b88a60e194fb,crmid:2078074281,4,5
c2d84b74-53cb-11ea-8063-b88a60e194fb,crmid:4252278039,3,5
c2d9aafa-53cb-11ea-9b6d-b88a60e194fb,crmid:7675592780,3,4
c2db58ca-53cb-11ea-adf4-b88a60e194fb,crmid:7032450535,4,8
c2dd063e-53cb-11ea-add6-b88a60e194fb,crmid:5543020136,4,6
c2deb3ec-53cb-11ea-b178-b88a60e194fb,crmid:5765718335,4,4
c2e03aae-53cb-11ea-b43e-b88a60e194fb,crmid:5999347347,6,4
c2e2366c-53cb-11ea-8350-b88a60e194fb,crmid:2248914947,4,5
c2e3bd02-53cb-11ea-b79a-b88a60e194fb,crmid:8184187723,3,4
c2e54392-53cb-11ea-b30b-b88a60e194fb,crmid:9856695390,3,4
c2e6ca4a-53cb-11ea-a777-b88a60e194fb,crmid:5266681012,4,4
c2e8519c-53cb-11ea-babc-b88a60e194fb,crmid:9253074147,4,4
c2ed0bca-53cb-11ea-aec2-b88a60e194fb,crmid:7847239913,5,4
c2ee445c-53cb-11ea-920d-b88a60e194fb,crmid:9474877549,3,5
c2efa3e8-53cb-11ea-859b-b88a60e194fb,crmid:2234516451,2,7
c2f178a2-53cb-11ea-b7bc-b88a60e194fb,crmid:5608113115,6,3
c2f3263a-53cb-11ea-8dce-b88a60e194fb,crmid:7619473999,4,7
c2f4acdc-53cb-11ea-a562-b88a60e194fb,crmid:7001838791,4,5
c2f65a9c-53cb-11ea-804c-b88a60e194fb,crmid:7682251877,5,7
c2f7ba24-53cb-11ea-9fca-b88a60e194fb,crmid:6883309242,9,3
c2f919c0-53cb-11ea-8196-b88a60e194fb,crmid:4310000095,5,4
c2faa06e-53cb-11ea-afe3-b88a60e194fb,crmid:5116072337,4,2
c2fc4e0a-53cb-11ea-adf6-b88a60e194fb,crmid:6556812715,5,6
c2fdfbb4-53cb-11ea-bc27-b88a60e194fb,crmid:6087791285,4,5
c2ff5b4a-53cb-11ea-8ab4-b88a60e194fb,crmid:9981440377,4,4
c300e200-53cb-11ea-89b8-b88a60e194fb,crmid:2439359572,2,2
c30268cc-53cb-11ea-b23f-b88a60e194fb,crmid:7566673002,4,3
c303a110-53cb-11ea-82aa-b88a60e194fb,crmid:2849259859,5,5
c3052798-53cb-11ea-a4d7-b88a60e194fb,crmid:6730271653,3,4
c3074a8a-53cb-11ea-bbf0-b88a60e194fb,crmid:9555953177,7,4
c308d128-53cb-11ea-a3a1-b88a60e194fb,crmid:9138377483,3,8
c30acd18-53cb-11ea-b38e-b88a60e194fb,crmid:9894711895,4,6
c30f12b6-53cb-11ea-910b-b88a60e194fb,crmid:7867122069,4,4
c3110e86-53cb-11ea-9b13-b88a60e194fb,crmid:8986046344,6,2
c312e352-53cb-11ea-a2ff-b88a60e194fb,crmid:5045339652,5,4
c31442c6-53cb-11ea-8a55-b88a60e194fb,crmid:7914935794,4,6
c315f0a2-53cb-11ea-80db-b88a60e194fb,crmid:5943769373,6,5
c317290a-53cb-11ea-9e24-b88a60e194fb,crmid:8986953342,6,2
c318afa8-53cb-11ea-a919-b88a60e194fb,crmid:3610715898,3,4
c31a0f40-53cb-11ea-8e33-b88a60e194fb,crmid:7395096009,5,6
c31b95d0-53cb-11ea-b5b4-b88a60e194fb,crmid:1651536577,4,5
c31d1c82-53cb-11ea-a19c-b88a60e194fb,crmid:4249176053,4,4
c31e7c24-53cb-11ea-8abb-b88a60e194fb,crmid:5055386169,5,5
c32002a8-53cb-11ea-8e2d-b88a60e194fb,crmid:8703262474,3,6
c321894a-53cb-11ea-b965-b88a60e194fb,crmid:9311881638,4,3
c322e8d4-53cb-11ea-9528-b88a60e194fb,crmid:8098436520,4,4
c324486c-53cb-11ea-84ca-b88a60e194fb,crmid:4488189400,3,5
c325f628-53cb-11ea-a060-b88a60e194fb,crmid:6492762347,5,3
c3277cc0-53cb-11ea-b340-b88a60e194fb,crmid:8791258093,6,3
c328dc4a-53cb-11ea-ad4e-b88a60e194fb,crmid:3923935402,5,3
c32a8a02-53cb-11ea-96d6-b88a60e194fb,crmid:1136087679,8,5
c32b9b58-53cb-11ea-bb6b-b88a60e194fb,crmid:6163103723,3,3
c32cd3e2-53cb-11ea-a8e8-b88a60e194fb,crmid:8526680626,5,4
c32e5a86-53cb-11ea-80b2-b88a60e194fb,crmid:1084892211,6,4
c330084a-53cb-11ea-a4d3-b88a60e194fb,crmid:5185888552,4,3
c3318eca-53cb-11ea-aacb-b88a60e194fb,crmid:1295665357,4,5
c332ee78-53cb-11ea-8d5f-b88a60e194fb,crmid:3551329046,4,7
c3344e02-53cb-11ea-9003-b88a60e194fb,crmid:5127981283,4,4
c335d49e-53cb-11ea-881c-b88a60e194fb,crmid:7453633463,4,3
c337341a-53cb-11ea-8d5f-b88a60e194fb,crmid:6773157430,4,3
c33893c6-53cb-11ea-8ec0-b88a60e194fb,crmid:9318429356,5,5
c339f35a-53cb-11ea-b4b4-b88a60e194fb,crmid:6831765473,4,5
c33ba10c-53cb-11ea-8633-b88a60e194fb,crmid:3472258501,5,4
c33d0082-53cb-11ea-b62f-b88a60e194fb,crmid:7937321826,4,9
c33e601c-53cb-11ea-aa19-b88a60e194fb,crmid:2770063131,5,5
c34034de-53cb-11ea-83fc-b88a60e194fb,crmid:9561926649,2,9
c341bb78-53cb-11ea-86ae-b88a60e194fb,crmid:2043103335,4,4
c342f3fa-53cb-11ea-8d05-b88a60e194fb,crmid:5644663730,8,4
c3447a94-53cb-11ea-b834-b88a60e194fb,crmid:2347342885,5,8
c345b310-53cb-11ea-828c-b88a60e194fb,crmid:7473274660,5,4
c34760c0-53cb-11ea-8294-b88a60e194fb,crmid:5550814886,4,3
c3489962-53cb-11ea-a69c-b88a60e194fb,crmid:1746990638,3,4
c34a1ff4-53cb-11ea-9ccc-b88a60e194fb,crmid:1065269342,2,3
c34ba708-53cb-11ea-89ab-b88a60e194fb,crmid:7982507355,4,5
c34d2d12-53cb-11ea-98d8-b88a60e194fb,crmid:5621103204,4,8
c3520f24-53cb-11ea-97fb-b88a60e194fb,crmid:6647977014,4,4
c353bce2-53cb-11ea-8ead-b88a60e194fb,crmid:8440417433,5,4
c3556a9c-53cb-11ea-9ece-b88a60e194fb,crmid:3071858680,3,6
c3573f4c-53cb-11ea-8b2a-b88a60e194fb,crmid:1518032669,1,6
c3593b22-53cb-11ea-9db6-b88a60e194fb,crmid:9417742415,8,4
c35a9ab8-53cb-11ea-9f03-b88a60e194fb,crmid:4941751617,3,3
c35bfa4c-53cb-11ea-90ba-b88a60e194fb,crmid:1924724634,6,8
c35da7f6-53cb-11ea-8d29-b88a60e194fb,crmid:4917982803,3,4
c35f079a-53cb-11ea-a64f-b88a60e194fb,crmid:5845247695,3,4
c361034a-53cb-11ea-8338-b88a60e194fb,crmid:4139222987,5,3
c362b100-53cb-11ea-ad9d-b88a60e194fb,crmid:6767477403,2,5
c364d3e2-53cb-11ea-97da-b88a60e194fb,crmid:6071599951,2,4
c3665a78-53cb-11ea-b289-b88a60e194fb,crmid:2535967249,4,5
c3680824-53cb-11ea-8ace-b88a60e194fb,crmid:2751136215,5,7
c3698ed8-53cb-11ea-b2dc-b88a60e194fb,crmid:8854034081,2,4
c36b3c76-53cb-11ea-b42b-b88a60e194fb,crmid:2583628638,4,3
c36cc31c-53cb-11ea-ad32-b88a60e194fb,crmid:8509940998,4,5
c36e22ae-53cb-11ea-aeb4-b88a60e194fb,crmid:2394347765,4,3
c3701ea6-53cb-11ea-a0cd-b88a60e194fb,crmid:2489436235,2,8
c371a514-53cb-11ea-b800-b88a60e194fb,crmid:1652394894,6,4
c373c802-53cb-11ea-8efd-b88a60e194fb,crmid:4139845462,4,1
c3759cb6-53cb-11ea-95ad-b88a60e194fb,crmid:9042402436,3,4
c3774aae-53cb-11ea-8159-b88a60e194fb,crmid:5406681230,5,2
c378d112-53cb-11ea-a609-b88a60e194fb,crmid:4790733874,4,4
c37a57ac-53cb-11ea-b3e3-b88a60e194fb,crmid:7490184760,4,3
c37bde38-53cb-11ea-afa6-b88a60e194fb,crmid:5247720049,4,4
c37d64f6-53cb-11ea-8751-b88a60e194fb,crmid:6240350424,6,7
c37eeb8a-53cb-11ea-9c7c-b88a60e194fb,crmid:7827739215,3,5
c380c03a-53cb-11ea-9242-b88a60e194fb,crmid:7561043496,4,4
c38246f4-53cb-11ea-a794-b88a60e194fb,crmid:4025907297,3,3
c383cd88-53cb-11ea-96d2-b88a60e194fb,crmid:4771314285,3,3
c385c964-53cb-11ea-9c85-b88a60e194fb,crmid:4077563536,3,4
c387c51e-53cb-11ea-ba44-b88a60e194fb,crmid:5232186561,3,4
c3894bdc-53cb-11ea-844d-b88a60e194fb,crmid:2507065836,3,3
c38ad262-53cb-11ea-9036-b88a60e194fb,crmid:1675309500,4,4
c38c590a-53cb-11ea-bd5c-b88a60e194fb,crmid:6827073817,5,3
c38ddfa8-53cb-11ea-b29c-b88a60e194fb,crmid:3022025935,5,5
c38f6662-53cb-11ea-89b0-b88a60e194fb,crmid:4032403846,2,5
c390ece2-53cb-11ea-994b-b88a60e194fb,crmid:9528497877,4,5
c3927388-53cb-11ea-be58-b88a60e194fb,crmid:5449130204,5,3
c39421ee-53cb-11ea-b8ff-b88a60e194fb,crmid:7184586042,3,3
c395a886-53cb-11ea-8fa2-b88a60e194fb,crmid:1683602177,2,6
c397cab8-53cb-11ea-ae38-b88a60e194fb,crmid:5669038582,4,6
c3998740-53cb-11ea-ace9-b88a60e194fb,crmid:6166001625,4,4
c39aff36-53cb-11ea-8993-b88a60e194fb,crmid:3064314109,8,6
c39c5eb4-53cb-11ea-b30e-b88a60e194fb,crmid:9838366758,4,4
c39d7022-53cb-11ea-89a9-b88a60e194fb,crmid:7842031874,4,5
c39ecfa4-53cb-11ea-a881-b88a60e194fb,crmid:3715008720,4,8
c39fe118-53cb-11ea-bf43-b88a60e194fb,crmid:9683246989,4,4
c3a0f27e-53cb-11ea-a223-b88a60e194fb,crmid:7572632999,4,5
c3a27924-53cb-11ea-9b79-b88a60e194fb,crmid:3658608056,3,4
c3a42798-53cb-11ea-a196-b88a60e194fb,crmid:1040786075,8,4
c3a5d47e-53cb-11ea-8fa6-b88a60e194fb,crmid:1729134100,3,3
c3a7d052-53cb-11ea-8033-b88a60e194fb,crmid:6989818867,4,8
c3a956ec-53cb-11ea-a743-b88a60e194fb,crmid:1918658210,4,7
c3aa687e-53cb-11ea-b718-b88a60e194fb,crmid:4190841005,3,3
c3ab79d4-53cb-11ea-b794-b88a60e194fb,crmid:6122938477,3,4
c3acb278-53cb-11ea-8b5a-b88a60e194fb,crmid:1453529769,4,6
c3adc3b8-53cb-11ea-b459-b88a60e194fb,crmid:1775448310,4,2
c3aefc5a-53cb-11ea-a93f-b88a60e194fb,crmid:3401760887,5,7
c3b00dae-53cb-11ea-9f29-b88a60e194fb,crmid:9377624850,3,5
c3b16d3a-53cb-11ea-9b93-b88a60e194fb,crmid:9394982124,4,3
c3b27eb6-53cb-11ea-af8d-b88a60e194fb,crmid:7962928935,5,2
c3b6c47e-53cb-11ea-b5f6-b88a60e194fb,crmid:6604397789,3,2
c3b7fcfa-53cb-11ea-ac26-b88a60e194fb,crmid:6592346241,4,5
c3b936cc-53cb-11ea-a89c-b88a60e194fb,crmid:3906969817,2,3
c3babc18-53cb-11ea-b200-b88a60e194fb,crmid:9195922084,3,2
c3bc1ba9-53cb-11ea-a456-b88a60e194fb,crmid:9430893320,4,4
c3bda252-53cb-11ea-8358-b88a60e194fb,crmid:4086055250,6,2
c3bedadc-53cb-11ea-9257-b88a60e194fb,crmid:6945835589,5,9
c3c03a54-53cb-11ea-b99e-b88a60e194fb,crmid:1806628330,3,8
c3c172cc-53cb-11ea-8fa9-b88a60e194fb,crmid:1128852504,4,8
c3c2d27e-53cb-11ea-b780-b88a60e194fb,crmid:9926416261,4,4
c3c45958-53cb-11ea-a5a2-b88a60e194fb,crmid:8593120807,4,3
c3c5e006-53cb-11ea-9550-b88a60e194fb,crmid:2893364251,4,3
c3c74076-53cb-11ea-a246-b88a60e194fb,crmid:5968058648,3,8
c3c913f6-53cb-11ea-adac-b88a60e194fb,crmid:4044913317,5,4
c3ca7392-53cb-11ea-80c8-b88a60e194fb,crmid:1036628392,4,2
c3cbac1a-53cb-11ea-822e-b88a60e194fb,crmid:4916147295,4,5
c3cce5f4-53cb-11ea-baf2-b88a60e194fb,crmid:7494606613,4,4
c3ce925c-53cb-11ea-ba44-b88a60e194fb,crmid:7632474808,4,4
