id,transactionID,crmid,timestamp,orderType,transactionSKU,transactionName,transactionType,transactionOwnership,transactionAction,transactionMethod,transactionAmount,transactionFlag
f77e2634-914c-11ea-8fa2-b88a60e194fb,transactionid:868778,crmid:7670311871,2020-03-26T03:16:57.000Z,transaction - broker,prd1150,Money Market,Investment,Personal,credit,call center,2850.57,1
f7800e8c-914c-11ea-b94d-b88a60e194fb,transactionid:467757,crmid:6062677399,2020-03-18T01:07:57.000Z,transaction - broker,prd1032,Home Equity Loan,Mortgage,Personal,credit,ATM,3197.71,1
f781cfd8-914c-11ea-a420-b88a60e194fb,transactionid:766874,crmid:7751041582,2020-03-28T21:39:23.000Z,transaction - broker,prd1162,High Interest Savings,Savings,Personal,credit,mobile,3367.23,1
f7840622-914c-11ea-9d8c-b88a60e194fb,transactionid:661165,crmid:5184547026,2020-03-18T13:24:10.000Z,transaction - broker,prd1169,Business Loan,Loan,Personal,credit,call center,3384.42,1
f785b3be-914c-11ea-a7bf-b88a60e194fb,transactionid:763501,crmid:1253803498,2020-03-31T17:19:24.000Z,transaction - broker,prd1014,CDs: 3 month,Investment,Personal,close,mobile,3653.16,1
f787887a-914c-11ea-a5ed-b88a60e194fb,transactionid:788481,crmid:9600409279,2020-03-19T15:14:22.000Z,transaction - broker,prd1067,Everyday Checking,Checking,Personal,credit,mobile,2379.74,1
f78936c6-914c-11ea-99a4-b88a60e194fb,transactionid:823497,crmid:5964949561,2020-03-19T05:29:09.000Z,transaction - broker,prd1135,Student Loan,Loan,Personal,credit,mobile,3971.76,1
f78ae3d4-914c-11ea-a66d-b88a60e194fb,transactionid:147528,crmid:8003153181,2020-03-24T15:37:28.000Z,transaction - broker,prd1022,Auto Loan,Loan,Personal,credit,call center,3660.4,1
f78cdfd2-914c-11ea-b72c-b88a60e194fb,transactionid:663078,crmid:2582466735,2020-03-15T16:17:59.000Z,transaction - broker,prd1110,Traditional IRA,Retirement,Personal,credit,mobile,2636.04,1
f78e8d78-914c-11ea-a66f-b88a60e194fb,transactionid:130607,crmid:3276566352,2020-03-24T02:31:41.000Z,transaction - broker,prd1171,Personal Loan,Loan,Personal,credit,call center,3899.14,1
f7903c66-914c-11ea-aa2d-b88a60e194fb,transactionid:481468,crmid:7179157939,2020-03-25T02:07:40.000Z,transaction - broker,prd1127,Rewards Card,Credit Card,Personal,close,call center,4200.76,1
f791c300-914c-11ea-a40d-b88a60e194fb,transactionid:642020,crmid:7792847364,2020-03-17T20:23:59.000Z,transaction - broker,prd1160,Platinum Card,Credit Card,Personal,credit,call center,3266.58,1
f793705a-914c-11ea-a2fd-b88a60e194fb,transactionid:361814,crmid:2294620918,2020-03-16T05:22:28.000Z,transaction - broker,prd1127,Rewards Card,Credit Card,Personal,credit,broker,3390.04,1
f7962e62-914c-11ea-ab5e-b88a60e194fb,transactionid:999649,crmid:4164788311,2020-03-22T22:14:22.000Z,transaction - broker,prd1161,Business Checking,Checking,Business,credit,call center,2718.07,1
f797f0ba-914c-11ea-8816-b88a60e194fb,transactionid:890690,crmid:8971720207,2020-03-24T20:05:36.000Z,transaction - broker,prd1093,Money Market Savings,Savings,Personal,credit,mobile,3191.58,1
f799ec88-914c-11ea-9ff7-b88a60e194fb,transactionid:239116,crmid:2911249220,2020-03-18T19:57:05.000Z,transaction - broker,prd1132,Rewards Savings,Savings,Personal,credit,branch,365135.68,1
f79b5e98-914c-11ea-a645-b88a60e194fb,transactionid:522285,crmid:7421234700,2020-03-16T07:12:56.000Z,transaction - broker,prd1009,Everyday Checking,Checking,Personal,credit,mobile,2387.97,1
f79ce536-914c-11ea-93e6-b88a60e194fb,transactionid:111909,crmid:2163199584,2020-03-25T22:53:36.000Z,transaction - broker,prd1039,Dividend Card,Credit Card,Personal,credit,broker,3397.17,1
f7a0c946-914c-11ea-abc5-b88a60e194fb,transactionid:596388,crmid:2862405717,2020-03-22T02:34:03.000Z,transaction - broker,prd1130,Money Market Savings,Savings,Personal,credit,mobile,2817.82,1
f7a2b1cc-914c-11ea-a1a7-b88a60e194fb,transactionid:832886,crmid:5690835621,2020-03-29T09:59:52.000Z,transaction - broker,prd1152,Health Savings,Savings,Personal,credit,mobile,3652.33,1
f7a4d44c-914c-11ea-ad32-b88a60e194fb,transactionid:740582,crmid:6003391978,2020-03-27T04:37:38.000Z,transaction - broker,prd1162,High Interest Savings,Savings,Personal,credit,mobile,4733.42,1
f7a68212-914c-11ea-8d00-b88a60e194fb,transactionid:656566,crmid:6743291201,2020-03-27T13:38:45.000Z,transaction - broker,prd1071,Critical Illness Insurance,Insurance,Personal,credit,broker,3835.65,1
f7a7f636-914c-11ea-a452-b88a60e194fb,transactionid:761670,crmid:2750226277,2020-03-20T04:46:57.000Z,transaction - broker,prd1007,Health Savings,Savings,Personal,debt,call center,2434.48,1
f7a9b762-914c-11ea-bb13-b88a60e194fb,transactionid:850773,crmid:1845452456,2020-03-17T02:59:07.000Z,transaction - broker,prd1133,High Interest Savings,Savings,Personal,close,mobile,3250.33,1
f7ab5168-914c-11ea-b8f3-b88a60e194fb,transactionid:981000,crmid:3984873021,2020-03-30T12:30:08.000Z,transaction - broker,prd1099,High Interest Savings,Savings,Personal,credit,branch,3092.66,1
f7acfe34-914c-11ea-95fa-b88a60e194fb,transactionid:689747,crmid:5539528206,2020-03-15T22:14:25.000Z,transaction - broker,prd1017,Merchant Services Account,Merchant Services,Business,credit,broker,411898.59,1
f7ae85c2-914c-11ea-aeff-b88a60e194fb,transactionid:174884,crmid:7542498867,2020-03-30T00:37:09.000Z,transaction - broker,prd1008,Traditional IRA,Retirement,Personal,credit,mobile,2861.2,1
f7b06cf4-914c-11ea-8cf9-b88a60e194fb,transactionid:466901,crmid:7629691975,2020-03-19T17:33:04.000Z,transaction - broker,prd1094,Preferred Checking,Checking,Personal,credit,call center,2090.9,1
f7b21b36-914c-11ea-b0e9-b88a60e194fb,transactionid:853061,crmid:9016263448,2020-03-17T11:06:11.000Z,transaction - broker,prd1187,Business Savings,Savings,Business,credit,mobile,2234.24,1
f7b41692-914c-11ea-83fd-b88a60e194fb,transactionid:397650,crmid:9718771160,2020-03-28T04:19:56.000Z,transaction - broker,prd1084,Student Savings,Savings,Personal,credit,call center,539618.94,1
f7b6398c-914c-11ea-a3b4-b88a60e194fb,transactionid:252746,crmid:3937242716,2020-03-30T07:43:12.000Z,transaction - broker,prd1180,529 College Savings,College Savings,Personal,credit,broker,3655.77,1
f7b7e724-914c-11ea-a379-b88a60e194fb,transactionid:711853,crmid:9429277872,2020-03-16T23:13:28.000Z,transaction - broker,prd1185,Mortgage: FHA,Mortgage,Personal,credit,ATM,2424.31,1
f7b995ca-914c-11ea-89b0-b88a60e194fb,transactionid:603275,crmid:1796236283,2020-03-30T18:19:37.000Z,transaction - broker,prd1033,Fixed Deposit,Investment,Personal,credit,broker,2816.95,1
f7bb2ef6-914c-11ea-8650-b88a60e194fb,transactionid:812303,crmid:6334614470,2020-03-22T12:10:36.000Z,transaction - broker,prd1130,Money Market Savings,Savings,Personal,credit,call center,3532.66,1
f7bcdcc0-914c-11ea-ad61-b88a60e194fb,transactionid:542354,crmid:5091199781,2020-03-15T07:23:59.000Z,transaction - broker,prd1037,Home Equity Loan,Mortgage,Personal,credit,call center,2604.07,1
f7bf3a06-914c-11ea-9b5d-b88a60e194fb,transactionid:339395,crmid:1395593771,2020-03-24T15:18:47.000Z,transaction - broker,prd1178,Everyday Savings,Savings,Personal,credit,call center,2916.16,1
f7c0ad26-914c-11ea-8cb8-b88a60e194fb,transactionid:351613,crmid:8567456564,2020-03-15T11:30:49.000Z,transaction - broker,prd1026,Mortgage: 5/1 ARM,Mortgage,Personal,credit,ATM,3671.61,1
f7c26e74-914c-11ea-84a0-b88a60e194fb,transactionid:211018,crmid:7593170207,2020-03-18T03:25:28.000Z,transaction - broker,prd1005,Everyday Savings,Savings,Personal,debt,mobile,4124.49,1
f7c4088a-914c-11ea-aabd-b88a60e194fb,transactionid:876781,crmid:8031138132,2020-03-26T11:55:56.000Z,transaction - broker,prd1137,Business Checking,Checking,Business,credit,mobile,2305.18,1
f7c6043a-914c-11ea-9f5f-b88a60e194fb,transactionid:511963,crmid:4162671799,2020-03-15T16:57:21.000Z,transaction - broker,prd1052,Preferred Checking,Checking,Personal,credit,broker,2569.35,1
f7c7b1e8-914c-11ea-8e04-b88a60e194fb,transactionid:149017,crmid:7857777495,2020-03-28T16:27:45.000Z,transaction - broker,prd1083,Pension Account,Retirement,Personal,credit,call center,3259.86,1
f7c98690-914c-11ea-91a3-b88a60e194fb,transactionid:684970,crmid:4721544584,2020-03-20T18:38:40.000Z,transaction - broker,prd1054,Personal Loan,Loan,Personal,credit,call center,3844.34,1
f7cb8270-914c-11ea-b7d0-b88a60e194fb,transactionid:188925,crmid:6288663529,2020-03-21T10:04:47.000Z,transaction - broker,prd1078,Mortgage: 7/1 ARM,Mortgage,Personal,credit,call center,3684.83,1
f7cd7f9c-914c-11ea-af16-b88a60e194fb,transactionid:317250,crmid:7960226450,2020-03-15T08:56:15.000Z,transaction - broker,prd1008,Traditional IRA,Retirement,Personal,credit,ATM,4371.56,1
f7cf79f8-914c-11ea-a773-b88a60e194fb,transactionid:283523,crmid:2931629672,2020-03-19T17:05:35.000Z,transaction - broker,prd1069,Homeowner's Insurance,Insurance,Personal,credit,broker,2157.6,1
f7d1ec58-914c-11ea-b5cc-b88a60e194fb,transactionid:457396,crmid:4699216888,2020-03-24T13:43:38.000Z,transaction - broker,prd1163,Rewards Savings,Savings,Personal,credit,mobile,2687.79,1
f7d39a10-914c-11ea-8127-b88a60e194fb,transactionid:435531,crmid:4590943922,2020-03-27T02:47:28.000Z,transaction - broker,prd1113,Personal Loan,Loan,Personal,credit,ATM,2434.01,1
f7d56d6c-914c-11ea-94c0-b88a60e194fb,transactionid:738842,crmid:3115100133,2020-03-17T16:48:22.000Z,transaction - broker,prd1046,Mortgage: VA,Mortgage,Personal,credit,call center,3569.88,1
f7d7424c-914c-11ea-a6d6-b88a60e194fb,transactionid:533394,crmid:4960713526,2020-03-27T14:45:36.000Z,transaction - broker,prd1075,Student Savings,Savings,Personal,credit,call center,2631.3,1
f7d8dc6c-914c-11ea-b0ea-b88a60e194fb,transactionid:735759,crmid:2219702142,2020-03-28T14:04:11.000Z,transaction - broker,prd1166,Business Checking,Checking,Business,credit,call center,2664.99,1
f7dac48a-914c-11ea-be16-b88a60e194fb,transactionid:175653,crmid:6008419544,2020-03-15T21:10:24.000Z,transaction - broker,prd1191,Merchant Services Account,Merchant Services,Business,credit,call center,3452.54,1
f7dc85ba-914c-11ea-9620-b88a60e194fb,transactionid:231543,crmid:7840051499,2020-03-22T03:52:16.000Z,transaction - broker,prd1142,Rewards Savings,Savings,Personal,credit,call center,2502.07,1
f7de1fe6-914c-11ea-9ae5-b88a60e194fb,transactionid:506274,crmid:2621991310,2020-03-27T19:27:03.000Z,transaction - broker,prd1169,Business Loan,Loan,Personal,credit,call center,3615.42,1
f7e01d34-914c-11ea-af60-b88a60e194fb,transactionid:372422,crmid:4846405225,2020-03-28T20:32:30.000Z,transaction - broker,prd1158,Preferred Checking,Checking,Personal,credit,mobile,444454.63,1
f7e1a3ae-914c-11ea-8d56-b88a60e194fb,transactionid:215831,crmid:7187098910,2020-03-23T18:14:17.000Z,transaction - broker,prd1023,Health Savings,Savings,Personal,debt,mobile,2235.24,1
f7e33c70-914c-11ea-a3be-b88a60e194fb,transactionid:774710,crmid:1631731117,2020-03-21T17:51:48.000Z,transaction - broker,prd1180,529 College Savings,College Savings,Personal,credit,ATM,2566.19,1
f7e4d800-914c-11ea-bb9d-b88a60e194fb,transactionid:723315,crmid:5619472683,2020-03-28T14:18:07.000Z,transaction - broker,prd1095,529 College Savings,College Savings,Personal,close,call center,2230.18,1
f7e65e8a-914c-11ea-a129-b88a60e194fb,transactionid:553516,crmid:9482505441,2020-03-20T12:24:47.000Z,transaction - broker,prd1055,Rewards Card,Credit Card,Personal,credit,mobile,3022.82,1
f7e80ae6-914c-11ea-ab2a-b88a60e194fb,transactionid:939487,crmid:6139198989,2020-03-20T02:14:39.000Z,transaction - broker,prd1162,High Interest Savings,Savings,Personal,credit,ATM,2149.18,1
f7e9b91c-914c-11ea-ba86-b88a60e194fb,transactionid:732339,crmid:5621540622,2020-03-30T23:32:29.000Z,transaction - broker,prd1017,Merchant Services Account,Merchant Services,Business,credit,call center,3308.95,1
f7ec8b46-914c-11ea-a8bd-b88a60e194fb,transactionid:110291,crmid:7234968845,2020-03-30T23:26:26.000Z,transaction - broker,prd1042,Roth IRA,Retirement,Personal,credit,broker,2178.2,1
f7ef23b4-914c-11ea-9bd7-b88a60e194fb,transactionid:464088,crmid:8007017173,2020-03-15T07:54:52.000Z,transaction - broker,prd1110,Traditional IRA,Retirement,Personal,credit,mobile,3102.71,1
f7f11f80-914c-11ea-a908-b88a60e194fb,transactionid:657329,crmid:4503835555,2020-03-29T08:08:54.000Z,transaction - broker,prd1041,Mortgage: 7/1 ARM,Mortgage,Personal,credit,ATM,2472.17,1
f7f355a2-914c-11ea-a58b-b88a60e194fb,transactionid:133817,crmid:5691254296,2020-03-30T14:30:11.000Z,transaction - broker,prd1033,Fixed Deposit,Investment,Personal,credit,call center,3483.67,1
f7f565cc-914c-11ea-b333-b88a60e194fb,transactionid:872251,crmid:6438603131,2020-03-17T23:21:50.000Z,transaction - broker,prd1130,Money Market Savings,Savings,Personal,credit,call center,2554.79,1
f7f7aede-914c-11ea-b019-b88a60e194fb,transactionid:709861,crmid:6839564853,2020-03-26T04:15:20.000Z,transaction - broker,prd1128,High Interest Savings,Savings,Personal,debt,call center,3701.03,1
f7f97164-914c-11ea-87e1-b88a60e194fb,transactionid:779064,crmid:1661677127,2020-03-25T09:27:05.000Z,transaction - broker,prd1066,Homeowner's Insurance,Insurance,Personal,credit,branch,298948.95,1
f7fb0b78-914c-11ea-bffd-b88a60e194fb,transactionid:307240,crmid:7285415389,2020-03-25T00:33:07.000Z,transaction - broker,prd1084,Student Savings,Savings,Personal,credit,mobile,3118.74,1
f7fccb76-914c-11ea-989f-b88a60e194fb,transactionid:773455,crmid:2291957741,2020-03-29T15:07:04.000Z,transaction - broker,prd1147,Business Savings,Savings,Business,debt,broker,4558.17,1
f7ff64be-914c-11ea-a894-b88a60e194fb,transactionid:514526,crmid:9645741029,2020-03-21T04:57:41.000Z,transaction - broker,prd1110,Traditional IRA,Retirement,Personal,credit,mobile,3619.51,1
f801397a-914c-11ea-be84-b88a60e194fb,transactionid:925023,crmid:1069803126,2020-03-27T08:42:08.000Z,transaction - broker,prd1132,Rewards Savings,Savings,Personal,debt,mobile,4414.94,1
f8030e50-914c-11ea-8b78-b88a60e194fb,transactionid:602121,crmid:3785780813,2020-03-27T10:12:15.000Z,transaction - broker,prd1187,Business Savings,Savings,Business,credit,mobile,2645.94,1
f8046dac-914c-11ea-8650-b88a60e194fb,transactionid:576256,crmid:4348045830,2020-03-29T17:44:59.000Z,transaction - broker,prd1163,Rewards Savings,Savings,Personal,credit,call center,3412.5,1
f8062f00-914c-11ea-91c8-b88a60e194fb,transactionid:645695,crmid:3497690158,2020-03-31T01:14:32.000Z,transaction - broker,prd1077,Roth IRA,Retirement,Personal,credit,call center,3594.79,1
f8081746-914c-11ea-91e4-b88a60e194fb,transactionid:423798,crmid:6044231380,2020-03-20T20:36:59.000Z,transaction - broker,prd1029,401k,Retirement,Personal,credit,call center,3209.35,1
f80a11de-914c-11ea-b600-b88a60e194fb,transactionid:405285,crmid:5546670132,2020-03-16T10:44:08.000Z,transaction - broker,prd1145,Everyday Checking,Checking,Personal,credit,call center,1554.05,1
f80ca9d2-914c-11ea-ae81-b88a60e194fb,transactionid:856592,crmid:4802857159,2020-03-18T18:47:39.000Z,transaction - broker,prd1020,Everyday Savings,Savings,Personal,credit,call center,2768.51,1
f80f2e6e-914c-11ea-9ce5-b88a60e194fb,transactionid:565807,crmid:6666817779,2020-03-24T09:52:18.000Z,transaction - broker,prd1005,Everyday Savings,Savings,Personal,credit,ATM,3554.7,1
f81164b6-914c-11ea-8055-b88a60e194fb,transactionid:980649,crmid:3843467719,2020-03-21T16:57:20.000Z,transaction - broker,prd1187,Business Savings,Savings,Business,credit,call center,2525.99,1
f81325f4-914c-11ea-9cec-b88a60e194fb,transactionid:756452,crmid:4510264314,2020-03-19T03:20:10.000Z,transaction - broker,prd1182,Brokerage Account,Investment,Personal,credit,call center,2336.12,1
f8153534-914c-11ea-acf1-b88a60e194fb,transactionid:888467,crmid:4930491585,2020-03-24T22:18:15.000Z,transaction - broker,prd1077,Roth IRA,Retirement,Personal,credit,branch,2536.72,1
f817cd54-914c-11ea-bd4b-b88a60e194fb,transactionid:454785,crmid:5719991607,2020-03-21T23:49:28.000Z,transaction - broker,prd1094,Preferred Checking,Checking,Personal,credit,call center,3775.62,1
f81a3e5e-914c-11ea-a947-b88a60e194fb,transactionid:533719,crmid:3154304551,2020-03-15T23:44:13.000Z,transaction - broker,prd1057,Student Card,Credit Card,Personal,credit,branch,3258.82,1
f81c7490-914c-11ea-899a-b88a60e194fb,transactionid:969863,crmid:2202164245,2020-03-16T23:30:24.000Z,transaction - broker,prd1065,High Interest Savings,Savings,Personal,credit,mobile,3690.25,1
f81e35ba-914c-11ea-8725-b88a60e194fb,transactionid:295672,crmid:6876399367,2020-03-23T01:30:31.000Z,transaction - broker,prd1020,Everyday Savings,Savings,Personal,credit,mobile,3562.66,1
f8204534-914c-11ea-b27b-b88a60e194fb,transactionid:974104,crmid:7137415514,2020-03-21T10:28:09.000Z,transaction - broker,prd1116,Everyday Checking,Checking,Personal,credit,call center,4149.84,1
f8228f10-914c-11ea-a1b7-b88a60e194fb,transactionid:874216,crmid:1390120846,2020-03-25T19:08:07.000Z,transaction - broker,prd1192,Money Market Savings,Savings,Personal,debt,ATM,5231.07,1
f8248ade-914c-11ea-a789-b88a60e194fb,transactionid:947238,crmid:4144420208,2020-03-30T08:22:07.000Z,transaction - broker,prd1089,Business Card,Credit Card,Business,credit,mobile,4453.14,1
f8264c12-914c-11ea-8e12-b88a60e194fb,transactionid:392027,crmid:5862635602,2020-03-23T10:59:04.000Z,transaction - broker,prd1180,529 College Savings,College Savings,Personal,credit,mobile,2850.69,1
f82847d4-914c-11ea-9ea0-b88a60e194fb,transactionid:188965,crmid:6512598685,2020-03-23T19:58:44.000Z,transaction - broker,prd1014,CDs: 3 month,Investment,Personal,credit,mobile,1473.13,1
f82a3012-914c-11ea-9965-b88a60e194fb,transactionid:294503,crmid:4035030768,2020-03-16T21:14:23.000Z,transaction - broker,prd1161,Business Checking,Checking,Business,credit,ATM,2900.85,1
f82c5310-914c-11ea-bc2f-b88a60e194fb,transactionid:654074,crmid:8742567834,2020-03-15T10:41:10.000Z,transaction - broker,prd1180,529 College Savings,College Savings,Personal,credit,call center,3239.82,1
f82ed792-914c-11ea-8198-b88a60e194fb,transactionid:845743,crmid:5521700631,2020-03-26T12:17:24.000Z,transaction - broker,prd1072,Student Loan,Loan,Personal,credit,ATM,3307.38,1
f830ac3a-914c-11ea-a891-b88a60e194fb,transactionid:385358,crmid:9633213362,2020-03-15T23:04:21.000Z,transaction - broker,prd1156,Student Card,Credit Card,Personal,credit,mobile,2861.1,1
f83259d4-914c-11ea-82da-b88a60e194fb,transactionid:338059,crmid:6162870148,2020-03-24T09:47:30.000Z,transaction - broker,prd1011,Rewards Savings,Savings,Personal,debt,branch,2721.95,1
f833f408-914c-11ea-9f53-b88a60e194fb,transactionid:815594,crmid:1766617926,2020-03-21T14:40:00.000Z,transaction - broker,prd1184,Fixed Deposit,Investment,Personal,credit,ATM,2887.59,1
f835b6d8-914c-11ea-aeb8-b88a60e194fb,transactionid:558648,crmid:4732371156,2020-03-27T15:57:05.000Z,transaction - broker,prd1103,Business Card,Credit Card,Business,debt,broker,3160.03,1
f837d9de-914c-11ea-98f3-b88a60e194fb,transactionid:697761,crmid:9700627145,2020-03-23T06:34:36.000Z,transaction - broker,prd1059,Platinum Card,Credit Card,Personal,credit,broker,2674.77,1
f839e778-914c-11ea-bb50-b88a60e194fb,transactionid:434714,crmid:4744439378,2020-03-29T01:47:50.000Z,transaction - broker,prd1004,Business Card,Credit Card,Business,credit,mobile,3171.85,1
f83be36e-914c-11ea-b206-b88a60e194fb,transactionid:807082,crmid:8830358005,2020-03-27T13:23:57.000Z,transaction - broker,prd1085,Auto Loan,Loan,Personal,credit,call center,3125.56,1
f83ddf42-914c-11ea-94a0-b88a60e194fb,transactionid:780604,crmid:4030779669,2020-03-16T14:23:22.000Z,transaction - broker,prd1017,Merchant Services Account,Merchant Services,Business,debt,broker,3635.0,1
f83fee5a-914c-11ea-8729-b88a60e194fb,transactionid:643320,crmid:2136826673,2020-03-17T14:45:51.000Z,transaction - broker,prd1071,Critical Illness Insurance,Insurance,Personal,credit,call center,2441.14,1
f84238e8-914c-11ea-9994-b88a60e194fb,transactionid:410441,crmid:4164494755,2020-03-28T09:06:55.000Z,transaction - broker,prd1142,Rewards Savings,Savings,Personal,credit,call center,2855.91,1
f84420b4-914c-11ea-9d02-b88a60e194fb,transactionid:232365,crmid:3291042312,2020-03-23T14:56:49.000Z,transaction - broker,prd1038,Dividend Card,Credit Card,Personal,credit,call center,1955.33,1
f84608ca-914c-11ea-9c0b-b88a60e194fb,transactionid:940964,crmid:9881046477,2020-03-20T04:54:40.000Z,transaction - broker,prd1015,Auto Loan,Loan,Personal,debt,broker,3814.03,1
f847a2f8-914c-11ea-aa81-b88a60e194fb,transactionid:547375,crmid:8030589721,2020-03-24T16:15:00.000Z,transaction - broker,prd1113,Personal Loan,Loan,Personal,credit,mobile,2718.64,1
f849b278-914c-11ea-b18a-b88a60e194fb,transactionid:639935,crmid:4776107373,2020-03-17T12:49:40.000Z,transaction - broker,prd1012,Renter's Insurance,Insurance,Personal,credit,ATM,2411.31,1
f84be9e6-914c-11ea-9426-b88a60e194fb,transactionid:417583,crmid:6241499010,2020-03-27T02:20:53.000Z,transaction - broker,prd1040,High Interest Savings,Savings,Personal,credit,mobile,1569.18,1
f84dd0f4-914c-11ea-b33f-b88a60e194fb,transactionid:723772,crmid:5822556424,2020-03-17T00:33:59.000Z,transaction - broker,prd1102,Everyday Savings,Savings,Personal,credit,broker,4411.89,1
f84fe080-914c-11ea-b2ac-b88a60e194fb,transactionid:800305,crmid:3073405172,2020-03-18T06:26:17.000Z,transaction - broker,prd1109,Dividend Card,Credit Card,Personal,credit,call center,3571.99,1
f851dd54-914c-11ea-90a3-b88a60e194fb,transactionid:757295,crmid:4910147893,2020-03-17T10:22:29.000Z,transaction - broker,prd1155,CDs: 5 year,Investment,Personal,close,call center,2276.13,1
f8537640-914c-11ea-9d12-b88a60e194fb,transactionid:766058,crmid:2541807921,2020-03-22T08:54:12.000Z,transaction - broker,prd1195,Student Card,Credit Card,Personal,credit,ATM,2768.93,1
f855ad76-914c-11ea-a8e9-b88a60e194fb,transactionid:771990,crmid:1901016446,2020-03-16T11:14:02.000Z,transaction - broker,prd1055,Rewards Card,Credit Card,Personal,credit,call center,2499.79,1
f8585852-914c-11ea-b267-b88a60e194fb,transactionid:442289,crmid:5558768388,2020-03-29T07:34:09.000Z,transaction - broker,prd1095,529 College Savings,College Savings,Personal,credit,mobile,3053.69,1
f85ab748-914c-11ea-a609-b88a60e194fb,transactionid:261520,crmid:8362442687,2020-03-20T11:58:15.000Z,transaction - broker,prd1098,Platinum Card,Credit Card,Personal,credit,call center,2557.59,1
f85cda30-914c-11ea-828b-b88a60e194fb,transactionid:666805,crmid:5594746158,2020-03-29T20:34:57.000Z,transaction - broker,prd1090,Business Checking,Checking,Business,credit,call center,1801.53,1
f85f0f0c-914c-11ea-96bb-b88a60e194fb,transactionid:782486,crmid:9110302439,2020-03-31T02:58:53.000Z,transaction - broker,prd1126,Merchant Services Account,Merchant Services,Business,credit,call center,3888.51,1
f860f738-914c-11ea-8564-b88a60e194fb,transactionid:835692,crmid:2072142308,2020-03-19T00:01:32.000Z,transaction - broker,prd1010,529 College Savings,College Savings,Personal,credit,broker,3509.7,1
f8631a1e-914c-11ea-9ec4-b88a60e194fb,transactionid:739825,crmid:4247360547,2020-03-31T10:11:10.000Z,transaction - broker,prd1143,Travel Card,Credit Card,Personal,credit,call center,3908.61,1
f86550c6-914c-11ea-a9fd-b88a60e194fb,transactionid:582175,crmid:7524568328,2020-03-22T05:58:10.000Z,transaction - broker,prd1014,CDs: 3 month,Investment,Personal,credit,mobile,2487.97,1
f8675fd8-914c-11ea-9e90-b88a60e194fb,transactionid:504268,crmid:4910496363,2020-03-18T22:37:33.000Z,transaction - broker,prd1097,Employee Stock Purchase Plans,Investment,Personal,credit,ATM,2296.27,1
f869bd34-914c-11ea-a898-b88a60e194fb,transactionid:105699,crmid:2962691980,2020-03-31T23:44:45.000Z,transaction - broker,prd1009,Everyday Checking,Checking,Personal,credit,broker,3039.64,1
f86c430c-914c-11ea-a624-b88a60e194fb,transactionid:402690,crmid:4937565207,2020-03-24T22:10:18.000Z,transaction - broker,prd1090,Business Checking,Checking,Business,credit,mobile,3984.86,1
f86eb3ee-914c-11ea-bf7e-b88a60e194fb,transactionid:517508,crmid:6904103511,2020-03-20T02:35:13.000Z,transaction - broker,prd1023,Health Savings,Savings,Personal,credit,call center,2671.62,1
f870fe00-914c-11ea-8fe2-b88a60e194fb,transactionid:409724,crmid:3103211403,2020-03-25T09:54:50.000Z,transaction - broker,prd1016,Homeowner's Insurance,Insurance,Personal,credit,branch,4907.33,1
f872aa66-914c-11ea-a971-b88a60e194fb,transactionid:624860,crmid:7658858526,2020-03-19T03:06:52.000Z,transaction - broker,prd1107,Auto Insurance,Insurance,Personal,credit,mobile,2654.03,1
f874e0c0-914c-11ea-9370-b88a60e194fb,transactionid:565066,crmid:3412885871,2020-03-20T06:42:03.000Z,transaction - broker,prd1062,Mortgage: VA,Mortgage,Personal,close,mobile,1488.49,1
f876a1ee-914c-11ea-94ec-b88a60e194fb,transactionid:901779,crmid:9351658637,2020-03-27T10:27:10.000Z,transaction - broker,prd1018,Auto Insurance,Insurance,Personal,debt,mobile,2913.94,1
f878c4c6-914c-11ea-8b4c-b88a60e194fb,transactionid:363043,crmid:4977059576,2020-03-19T21:56:39.000Z,transaction - broker,prd1100,Personal Loan,Loan,Personal,credit,call center,3391.36,1
f87b23b8-914c-11ea-b112-b88a60e194fb,transactionid:797167,crmid:6514338603,2020-03-18T10:57:44.000Z,transaction - broker,prd1027,Mortgage: 30-yr Fixed,Mortgage,Personal,credit,branch,2386.58,1
f87cbdb0-914c-11ea-9528-b88a60e194fb,transactionid:654202,crmid:3665435324,2020-03-15T21:44:32.000Z,transaction - broker,prd1191,Merchant Services Account,Merchant Services,Business,credit,call center,2987.28,1
f87f065e-914c-11ea-a058-b88a60e194fb,transactionid:407509,crmid:2281486298,2020-03-28T06:41:05.000Z,transaction - broker,prd1020,Everyday Savings,Savings,Personal,credit,ATM,3324.15,1
f8810224-914c-11ea-beb0-b88a60e194fb,transactionid:971118,crmid:2520005370,2020-03-17T05:48:50.000Z,transaction - broker,prd1062,Mortgage: VA,Mortgage,Personal,credit,broker,3205.87,1
f882c362-914c-11ea-b13d-b88a60e194fb,transactionid:784641,crmid:4494867434,2020-03-30T01:21:59.000Z,transaction - broker,prd1075,Student Savings,Savings,Personal,credit,call center,2797.94,1
f885a97e-914c-11ea-b65f-b88a60e194fb,transactionid:630712,crmid:5874290519,2020-03-15T17:07:57.000Z,transaction - broker,prd1137,Business Checking,Checking,Business,credit,mobile,2595.02,1
f8885526-914c-11ea-bfc9-b88a60e194fb,transactionid:179721,crmid:9116167290,2020-03-20T15:46:21.000Z,transaction - broker,prd1004,Business Card,Credit Card,Business,credit,ATM,2575.48,1
f88ad9a8-914c-11ea-83ce-b88a60e194fb,transactionid:998858,crmid:7207063493,2020-03-22T14:17:28.000Z,transaction - broker,prd1082,Mortgage Insurance,Insurance,Personal,credit,mobile,3753.96,1
f88d71c6-914c-11ea-84f9-b88a60e194fb,transactionid:466016,crmid:7768293740,2020-03-26T20:46:01.000Z,transaction - broker,prd1140,Travel Card,Credit Card,Personal,close,call center,3413.56,1
f88f5a0a-914c-11ea-b5b8-b88a60e194fb,transactionid:796488,crmid:8510235781,2020-03-23T18:30:47.000Z,transaction - broker,prd1003,Premium Checking,Checking,Personal,credit,call center,3166.86,1
f891a3e4-914c-11ea-aaec-b88a60e194fb,transactionid:209439,crmid:4602392660,2020-03-24T03:55:12.000Z,transaction - broker,prd1010,529 College Savings,College Savings,Personal,close,broker,3426.82,1
f893788a-914c-11ea-9789-b88a60e194fb,transactionid:971995,crmid:7738827527,2020-03-21T17:56:28.000Z,transaction - broker,prd1087,Overseas Equity Fund,Investment,Personal,credit,branch,2962.66,1
f89560e4-914c-11ea-9363-b88a60e194fb,transactionid:736974,crmid:8230646186,2020-03-16T05:11:39.000Z,transaction - broker,prd1109,Dividend Card,Credit Card,Personal,credit,ATM,3824.17,1
f896fb26-914c-11ea-90e8-b88a60e194fb,transactionid:719787,crmid:3543900126,2020-03-24T02:30:29.000Z,transaction - broker,prd1180,529 College Savings,College Savings,Personal,debt,call center,2177.03,1
f898cfd4-914c-11ea-b97e-b88a60e194fb,transactionid:539565,crmid:2956227389,2020-03-31T01:39:43.000Z,transaction - broker,prd1146,529 College Savings,College Savings,Personal,debt,mobile,4244.79,1
f89d9f98-914c-11ea-aa70-b88a60e194fb,transactionid:536523,crmid:1651176304,2020-03-19T04:24:33.000Z,transaction - broker,prd1104,Health Savings,Savings,Personal,debt,call center,3707.44,1
f89f86b4-914c-11ea-bcc1-b88a60e194fb,transactionid:919627,crmid:5051220988,2020-03-25T16:55:22.000Z,transaction - broker,prd1138,Money Market Savings,Savings,Personal,credit,call center,1475.3,1
f8a183b8-914c-11ea-896e-b88a60e194fb,transactionid:950269,crmid:4207968551,2020-03-30T10:29:47.000Z,transaction - broker,prd1180,529 College Savings,College Savings,Personal,credit,ATM,432195.35,1
f8a47d6e-914c-11ea-844a-b88a60e194fb,transactionid:653318,crmid:8105935667,2020-03-27T12:10:19.000Z,transaction - broker,prd1161,Business Checking,Checking,Business,credit,call center,1894.65,1
f8a71418-914c-11ea-9718-b88a60e194fb,transactionid:397954,crmid:7767854906,2020-03-30T07:47:27.000Z,transaction - broker,prd1178,Everyday Savings,Savings,Personal,credit,broker,2769.89,1
f8aa485e-914c-11ea-8561-b88a60e194fb,transactionid:635976,crmid:4476908431,2020-03-20T18:45:57.000Z,transaction - broker,prd1019,Personal Loan,Loan,Personal,credit,ATM,1675.87,1
f8acb958-914c-11ea-a481-b88a60e194fb,transactionid:487668,crmid:5876222162,2020-03-30T22:17:32.000Z,transaction - broker,prd1070,High Interest Savings,Savings,Personal,credit,mobile,3214.23,1
f8af3dd8-914c-11ea-947e-b88a60e194fb,transactionid:965831,crmid:6929871151,2020-03-25T20:15:49.000Z,transaction - broker,prd1152,Health Savings,Savings,Personal,credit,mobile,416652.11,1
f8b1d5dc-914c-11ea-b290-b88a60e194fb,transactionid:260648,crmid:5747031627,2020-03-19T05:56:54.000Z,transaction - broker,prd1084,Student Savings,Savings,Personal,credit,mobile,2530.45,1
f8b45a58-914c-11ea-afb1-b88a60e194fb,transactionid:220383,crmid:3122814182,2020-03-26T00:57:52.000Z,transaction - broker,prd1142,Rewards Savings,Savings,Personal,credit,ATM,3377.3,1
f8b6df80-914c-11ea-913f-b88a60e194fb,transactionid:560991,crmid:8933397918,2020-03-28T00:08:53.000Z,transaction - broker,prd1153,CDs: 1 year,Investment,Personal,credit,call center,2911.4,1
f8b9b186-914c-11ea-8be1-b88a60e194fb,transactionid:909648,crmid:4946601316,2020-03-25T10:19:56.000Z,transaction - broker,prd1113,Personal Loan,Loan,Personal,credit,mobile,2191.69,1
f8bbad48-914c-11ea-ab29-b88a60e194fb,transactionid:698376,crmid:9137098514,2020-03-22T00:52:14.000Z,transaction - broker,prd1161,Business Checking,Checking,Business,credit,call center,2123.71,1
f8bd5afe-914c-11ea-ba58-b88a60e194fb,transactionid:685447,crmid:4833462616,2020-03-24T00:20:03.000Z,transaction - broker,prd1137,Business Checking,Checking,Business,credit,ATM,3303.71,1
f8bef51e-914c-11ea-b8c3-b88a60e194fb,transactionid:641506,crmid:9963155901,2020-03-29T10:28:29.000Z,transaction - broker,prd1159,CDs: 3 month,Investment,Personal,credit,mobile,2214.3,1
f8c0b664-914c-11ea-8801-b88a60e194fb,transactionid:661533,crmid:2620335134,2020-03-30T16:22:39.000Z,transaction - broker,prd1003,Premium Checking,Checking,Personal,credit,mobile,2044.99,1
f8c2c59a-914c-11ea-9426-b88a60e194fb,transactionid:726924,crmid:1828953080,2020-03-25T08:25:07.000Z,transaction - broker,prd1181,Mortgage: 5/1 ARM,Mortgage,Personal,debt,call center,1964.54,1
f8c45fb8-914c-11ea-8fc3-b88a60e194fb,transactionid:211422,crmid:8805533313,2020-03-26T05:42:32.000Z,transaction - broker,prd1038,Dividend Card,Credit Card,Personal,credit,mobile,4057.76,1
f8c60d68-914c-11ea-8baa-b88a60e194fb,transactionid:192620,crmid:9855822988,2020-03-19T07:29:11.000Z,transaction - broker,prd1140,Travel Card,Credit Card,Personal,credit,call center,2280.18,1
f8c7bb26-914c-11ea-a0a4-b88a60e194fb,transactionid:251051,crmid:9931137774,2020-03-16T19:05:21.000Z,transaction - broker,prd1137,Business Checking,Checking,Business,credit,call center,3030.02,1
f8c968c6-914c-11ea-8d0a-b88a60e194fb,transactionid:690246,crmid:1628819947,2020-03-30T03:03:55.000Z,transaction - broker,prd1146,529 College Savings,College Savings,Personal,debt,branch,3163.9,1
f8cb02fa-914c-11ea-9c8b-b88a60e194fb,transactionid:838506,crmid:4375077461,2020-03-23T03:17:10.000Z,transaction - broker,prd1016,Homeowner's Insurance,Insurance,Personal,credit,broker,1823.58,1
f8ccd7b8-914c-11ea-917e-b88a60e194fb,transactionid:275735,crmid:6797597198,2020-03-24T02:27:54.000Z,transaction - broker,prd1011,Rewards Savings,Savings,Personal,credit,broker,4450.39,1
f8cee6fa-914c-11ea-bec8-b88a60e194fb,transactionid:833893,crmid:1515551526,2020-03-29T21:17:00.000Z,transaction - broker,prd1122,Merchant Services Account,Merchant Services,Business,credit,branch,3928.73,1
f8d0965a-914c-11ea-9d8d-b88a60e194fb,transactionid:217217,crmid:7527204352,2020-03-29T10:01:59.000Z,transaction - broker,prd1108,401k,Retirement,Personal,credit,call center,2068.65,1
f8d2426c-914c-11ea-abda-b88a60e194fb,transactionid:620112,crmid:1500104385,2020-03-17T12:09:46.000Z,transaction - broker,prd1159,CDs: 3 month,Investment,Personal,credit,mobile,2287.08,1
f8d42ab4-914c-11ea-bbba-b88a60e194fb,transactionid:324066,crmid:5590058621,2020-03-21T05:39:44.000Z,transaction - broker,prd1076,Student Savings,Savings,Personal,credit,broker,3425.37,1
f8d5dc00-914c-11ea-94b5-b88a60e194fb,transactionid:719425,crmid:9375332063,2020-03-16T08:09:44.000Z,transaction - broker,prd1023,Health Savings,Savings,Personal,credit,call center,1929.31,1
f8d823ee-914c-11ea-af5e-b88a60e194fb,transactionid:838781,crmid:5805060917,2020-03-21T10:20:24.000Z,transaction - broker,prd1078,Mortgage: 7/1 ARM,Mortgage,Personal,credit,mobile,2966.02,1
f8da6c46-914c-11ea-acd0-b88a60e194fb,transactionid:702629,crmid:1241636076,2020-03-31T12:46:34.000Z,transaction - broker,prd1002,Platinum Card,Credit Card,Personal,debt,mobile,2564.38,1
f8dcf0ae-914c-11ea-b1ba-b88a60e194fb,transactionid:302544,crmid:9596968017,2020-03-30T05:51:29.000Z,transaction - broker,prd1067,Everyday Checking,Checking,Personal,credit,call center,3170.61,1
f8df4e1e-914c-11ea-8092-b88a60e194fb,transactionid:313369,crmid:6621898518,2020-03-29T05:52:29.000Z,transaction - broker,prd1091,Critical Illness Insurance,Insurance,Personal,credit,mobile,2869.34,1
f8e1848c-914c-11ea-9e3b-b88a60e194fb,transactionid:555990,crmid:1932832689,2020-03-29T07:11:38.000Z,transaction - broker,prd1192,Money Market Savings,Savings,Personal,debt,call center,3534.77,1
f8e38054-914c-11ea-9a4b-b88a60e194fb,transactionid:855424,crmid:2140313617,2020-03-20T05:27:11.000Z,transaction - broker,prd1064,CDs: 3 month,Investment,Personal,credit,broker,2902.34,1
f8e54190-914c-11ea-b50f-b88a60e194fb,transactionid:180151,crmid:7159141133,2020-03-20T09:01:51.000Z,transaction - broker,prd1109,Dividend Card,Credit Card,Personal,credit,call center,4667.5,1
f8e6ef5a-914c-11ea-844b-b88a60e194fb,transactionid:909348,crmid:2930936954,2020-03-18T13:51:20.000Z,transaction - broker,prd1094,Preferred Checking,Checking,Personal,debt,call center,4166.18,1
f8e8c414-914c-11ea-b687-b88a60e194fb,transactionid:439690,crmid:9633893914,2020-03-15T06:38:24.000Z,transaction - broker,prd1192,Money Market Savings,Savings,Personal,credit,call center,3975.72,1
f8eabfcc-914c-11ea-8590-b88a60e194fb,transactionid:103034,crmid:5119531983,2020-03-23T19:59:30.000Z,transaction - broker,prd1066,Homeowner's Insurance,Insurance,Personal,credit,mobile,2923.28,1
f8ec6d74-914c-11ea-930d-b88a60e194fb,transactionid:491357,crmid:7977297411,2020-03-21T16:55:00.000Z,transaction - broker,prd1152,Health Savings,Savings,Personal,credit,mobile,2364.6,1
f8eecb00-914c-11ea-aefc-b88a60e194fb,transactionid:371620,crmid:5683322576,2020-03-25T08:20:57.000Z,transaction - broker,prd1161,Business Checking,Checking,Business,close,mobile,2993.18,1
f8f0edc0-914c-11ea-a588-b88a60e194fb,transactionid:676502,crmid:2733151409,2020-03-18T14:26:27.000Z,transaction - broker,prd1132,Rewards Savings,Savings,Personal,debt,call center,2479.73,1
f8f29b6c-914c-11ea-be68-b88a60e194fb,transactionid:122977,crmid:5980256818,2020-03-27T06:34:43.000Z,transaction - broker,prd1116,Everyday Checking,Checking,Personal,credit,mobile,2892.49,1
f8f4f9b6-914c-11ea-8934-b88a60e194fb,transactionid:379727,crmid:2183686545,2020-03-31T17:47:34.000Z,transaction - broker,prd1110,Traditional IRA,Retirement,Personal,credit,branch,2804.85,1
f8f70a14-914c-11ea-ac1f-b88a60e194fb,transactionid:271492,crmid:6514086655,2020-03-30T14:16:44.000Z,transaction - broker,prd1053,Mortgage: VA,Mortgage,Personal,debt,mobile,3930.92,1
f8f90546-914c-11ea-ac98-b88a60e194fb,transactionid:142992,crmid:5739695861,2020-03-16T22:49:17.000Z,transaction - broker,prd1192,Money Market Savings,Savings,Personal,credit,mobile,3481.93,1
f8fb28ac-914c-11ea-8adf-b88a60e194fb,transactionid:584760,crmid:9120815462,2020-03-23T14:03:04.000Z,transaction - broker,prd1087,Overseas Equity Fund,Investment,Personal,debt,call center,3238.22,1
f8fd845c-914c-11ea-a2af-b88a60e194fb,transactionid:661700,crmid:5036767700,2020-03-17T17:50:18.000Z,transaction - broker,prd1172,Employee Stock Purchase Plans,Investment,Personal,debt,branch,1264.72,1
f8ffbab0-914c-11ea-aa48-b88a60e194fb,transactionid:924914,crmid:1067891950,2020-03-28T01:16:18.000Z,transaction - broker,prd1175,401k,Retirement,Personal,credit,mobile,4398.69,1
f901ddd4-914c-11ea-bf1a-b88a60e194fb,transactionid:469348,crmid:6012948536,2020-03-31T01:46:23.000Z,transaction - broker,prd1162,High Interest Savings,Savings,Personal,credit,call center,2582.39,1
f903b254-914c-11ea-a229-b88a60e194fb,transactionid:641483,crmid:2197052035,2020-03-27T00:49:59.000Z,transaction - broker,prd1038,Dividend Card,Credit Card,Personal,credit,call center,2616.83,1
f905ae28-914c-11ea-8cae-b88a60e194fb,transactionid:127579,crmid:6403936357,2020-03-22T01:57:10.000Z,transaction - broker,prd1003,Premium Checking,Checking,Personal,close,broker,349933.64,1
f9076f58-914c-11ea-a309-b88a60e194fb,transactionid:627207,crmid:8606505732,2020-03-26T09:12:56.000Z,transaction - broker,prd1020,Everyday Savings,Savings,Personal,debt,mobile,4112.39,1
f9094418-914c-11ea-825d-b88a60e194fb,transactionid:869221,crmid:3910789676,2020-03-25T11:29:20.000Z,transaction - broker,prd1146,529 College Savings,College Savings,Personal,credit,call center,3415.05,1
f90b536c-914c-11ea-9ecb-b88a60e194fb,transactionid:548731,crmid:5994529693,2020-03-20T14:30:03.000Z,transaction - broker,prd1055,Rewards Card,Credit Card,Personal,credit,mobile,1874.13,1
f90d89d2-914c-11ea-a92e-b88a60e194fb,transactionid:307219,crmid:5757381726,2020-03-19T04:43:30.000Z,transaction - broker,prd1013,Mortgage: FHA,Mortgage,Personal,close,branch,445163.81,1
f90fac9a-914c-11ea-8d60-b88a60e194fb,transactionid:995018,crmid:4285336398,2020-03-24T17:20:40.000Z,transaction - broker,prd1046,Mortgage: VA,Mortgage,Personal,credit,call center,3679.5,1
