crmid,email,first_name,last_name,gender,mobile telephone,city,country,zip,state,street address,birthday
crmid:4857891596,burps1904@outlook.com,Sang,Kemp,,221-211-4501,McMinnville,United States,08552,Louisiana,609 Cityview,1988-02-03
crmid:5412105585,bernelle2006@yandex.com,Mike,Dorsey,male,931-399-7182,Bridgeton,United States,82644,Minnesota,784 Clarkson,1941-07-08
crmid:6828016263,gustavus2015@outlook.com,Garry,Leon,,073-090-1915,Merced,United States,60095,Oregon,1294 Vicente,1989-11-17
crmid:6724845212,scions2039@gmail.com,Joaquina,Grimes,female,276-120-1582,Copperas Cove,United States,27969,Indiana,293 Clipper Cove,1950-04-12
crmid:6186823873,syzygetic2060@live.com,Lesley,Huff,,135-516-6953,Murrysville,United States,26241,Massachusetts,573 Colin,1994-05-02
crmid:3541910878,pharm1956@live.com,Clair,Alexander,male,329-278-9984,Cambridge,United States,04332,Michigan,1030 Kent,1943-02-01
crmid:1008989622,longsomely2033@yahoo.com,Leland,Farrell,male,299-422-6713,Sioux Falls,United States,89224,Kansas,327 Woodacre,1933-06-09
crmid:7706254641,montrachet1897@live.com,Porfirio,Eaton,male,181-782-5604,Balch Springs,United States,46111,Delaware,1212 Jack Kerouac,1935-08-09
crmid:2117510416,decoupage2040@live.com,Lawrence,Fox,,960-280-2433,Mason,United States,85126,Vermont,743 Chabot,1987-05-20
crmid:4567012048,grasper1935@live.com,Austin,Rich,male,558-863-4851,Alexandria,United States,06224,Idaho,61 Yosemite,1931-01-24
crmid:2176011688,scissor2058@yahoo.com,Will,Singleton,male,243-918-1157,Bellevue,United States,53863,South Dakota,1206 Sixth,1937-10-27
crmid:5890476335,cat1867@live.com,Doloris,Valdez,female,792-936-5224,St. George,United States,87841,Arizona,203 Gold Mine,1958-03-29
crmid:7050779676,algonquin2045@yahoo.com,Theron,Ellis,male,776-567-3594,Arcata,United States,53774,Washington,1255 Elmira,1933-09-09
crmid:8103108493,orchichorea2040@gmail.com,Hanh,Pope,female,514-967-0551,Niles,United States,17994,Rhode Island,890 Executive Park,1997-03-07
crmid:2132004312,skilling1944@yandex.com,Kacy,Brewer,female,601-037-9590,Fairview Heights,United States,60126,Connecticut,926 Florence,1961-11-08
crmid:7410716670,madames1916@outlook.com,Harley,Burgess,male,963-921-8565,Bangor,United States,71529,Texas,691 Country Club,1936-12-08
crmid:6146883419,bouzouki1968@live.com,Emmett,Trevino,,422-250-5706,Rancho Palos Verdes,United States,39184,Michigan,952 Peabody,1972-07-30
crmid:6925698063,antimachine1870@outlook.com,Ian,Castro,,062-580-3980,San Antonio,United States,82832,Oklahoma,282 Chenery,1974-05-25
crmid:5035935409,malleablize2046@live.com,Emory,Brennan,male,400-307-1989,Pittsfield,United States,00480,New Mexico,1057 Burke,1935-04-04
crmid:7018812382,erlenmeyer2000@yandex.com,Travis,Mayo,,431-184-6873,Spartanburg,United States,45876,South Carolina,892 Monte Vista,1984-09-17
crmid:8702280935,wising1910@yandex.com,Anjelica,Merritt,female,930-113-3218,Oxford,United States,82862,Rhode Island,31 Marlin,1957-01-20
crmid:3983956707,brushy2036@live.com,Shelby,Mathis,,694-382-3932,Santa Rosa,United States,49662,Oklahoma,39 Roosevelt,1989-02-23
crmid:3731648077,sexualized1903@yandex.com,Jake,Stafford,,513-445-0639,Solon,United States,98901,Louisiana,10 Hillcrest,1995-05-31
crmid:7485713605,credendum1964@outlook.com,Sean,Reyes,,099-480-7931,Mokena,United States,16573,Rhode Island,568 Maiden,1992-04-19
crmid:1441553330,deliquescent2008@yandex.com,Craig,Lucas,,699-738-9739,Mountain View,United States,65765,Delaware,326 Velasco,1994-10-19
crmid:2962072734,blazers1966@gmail.com,Raymon,Elliott,,655-591-1001,Mundelein,United States,88812,Arizona,666 Bedford,1994-06-27
crmid:9777704059,nonvicarious1979@gmail.com,Taisha,Larsen,female,019-681-6228,Corpus Christi,United States,75476,Michigan,887 Ohlone,1951-08-17
crmid:4047268181,balser1823@yahoo.com,Jacinto,Chen,,714-079-3336,Plantation,United States,48229,Hawaii,94 Virgil,1987-07-27
crmid:3315443559,evokes1845@outlook.com,Antonia,Lucas,male,077-430-5868,Bonita Springs,United States,99500,West Virginia,909 Appleton,1940-01-18
crmid:3735171523,undergabble2063@outlook.com,Duane,Whitfield,male,102-529-1755,Burleson,United States,19551,Arkansas,478 Marina,1943-03-31
crmid:6363652766,awide1977@yahoo.com,Kathaleen,Cabrera,female,708-846-9137,Vallejo,United States,81159,Wyoming,1311 Bedford,1946-05-05
crmid:4415186783,warthog2000@gmail.com,Jefferey,Middleton,male,259-911-6832,Brooklyn Center,United States,21378,Arizona,313 Edna,1942-05-20
crmid:4758788504,laceration1949@yandex.com,Rene,Petersen,,235-978-5217,Rapid City,United States,97554,Hawaii,629 Lamson,1985-12-23
crmid:9079097426,tunisians1939@live.com,Ranee,Hooper,female,112-915-6096,Southfield,United States,95442,Idaho,214 Brown,1959-10-23
crmid:6921283801,ad1841@live.com,Gabriel,Duffy,,819-881-7428,Laguna Hills,United States,16792,Arkansas,261 Candyland,1979-03-18
crmid:1783171945,sequentializing1860@yahoo.com,Isreal,Henry,,176-344-2289,Ozark,United States,62617,Louisiana,751 Parkridge,1962-05-23
crmid:6978728705,patrist1820@yahoo.com,Lewis,Lopez,,386-769-8466,Rochester,United States,54433,South Dakota,271 Bay Shore,1998-09-15
crmid:5632016954,addendum2002@yandex.com,Van,Figueroa,,218-630-5887,Wilmette,United States,90326,South Carolina,153 Palos,1983-02-12
crmid:6543973009,bitter1939@gmail.com,Anisha,Anderson,female,970-381-5331,Coon Rapids,United States,50027,Nebraska,44 Capp,1950-10-01
crmid:1665648937,bongo1828@yandex.com,Candra,Rojas,female,794-548-6017,DeSoto,United States,77807,Rhode Island,906 Precita,1953-02-25
crmid:6734165146,drive2018@yahoo.com,Faustino,Vargas,,881-369-3031,Mason,United States,72626,Pennsylvania,11 Rainey,1987-04-15
crmid:5031768222,habenaria2055@gmail.com,Hassan,Irwin,,226-088-5872,Kirkland,United States,51208,Washington,414 Hunters Point,1978-10-16
crmid:5754522718,amarvel1884@live.com,Chas,Mcneil,,118-838-5404,Glendora,United States,52204,Connecticut,220 El Sereno,1966-10-08
crmid:1065934344,snowdrops2040@live.com,Rex,Roth,,325-068-3756,North Las Vegas,United States,34847,New York,559 School,1998-07-19
crmid:1251890695,myographs1973@gmail.com,Deon,Pugh,male,596-997-6339,Port Angeles,United States,71093,Arizona,1332 Ingalls,1937-03-24
crmid:9753253989,clamber1865@live.com,Guadalupe,Vincent,,917-905-9212,Maple Grove,United States,12937,Florida,327 Vandewater,1986-03-09
crmid:7855555276,pseudosquamate1900@live.com,Rosendo,Norton,,526-410-7226,Point Pleasant,United States,39144,Illinois,1106 Peters,1973-03-30
crmid:8045834450,bopeep1897@yahoo.com,Jewel,French,,834-221-7288,Freeport,United States,11346,Kentucky,696 Rossmoor,1964-03-15
crmid:9045400314,esson2040@gmail.com,Claude,Holden,,111-381-4082,Winter Garden,United States,64185,Nebraska,642 Cole,1990-11-05
crmid:3607637055,coogan2065@outlook.com,Jewel,Porter,male,954-611-9156,Radcliff,United States,17766,Hawaii,1318 Sandpiper Cove,1942-05-23
crmid:3499671546,badly2010@gmail.com,Esteban,Dixon,,168-377-8708,Havelock,United States,92104,Florida,1277 Hearst,1970-03-09
crmid:3019987933,allay2044@live.com,Dan,Pacheco,,868-733-4045,West Sacramento,United States,20464,New Mexico,609 La Playa,1966-01-07
crmid:2249451086,basiophthalmite1972@yandex.com,Santos,Boyd,male,612-165-0356,Buckeye,United States,50939,Tennessee,768 Elsie,1942-09-03
crmid:9930515602,fox1931@yahoo.com,Jewel,Schmidt,male,966-281-7812,Ann Arbor,United States,33829,Rhode Island,756 Gladiolus,1932-05-26
crmid:4221285755,orthognathy2017@gmail.com,Valentin,Schroeder,,074-697-1271,New Port Richey,United States,20592,Wyoming,713 Auto,1996-05-11
crmid:9971062601,analyst1982@live.com,Samuel,Dunlap,,910-033-0100,Parker,United States,42657,Arkansas,1211 Monterey,1992-05-11
crmid:1799658725,halites1940@gmail.com,Jolyn,Branch,female,946-665-4671,Chico,United States,20759,Utah,1182 Eighth,1947-04-04
crmid:4293965273,afternight1969@yandex.com,Ela,Dudley,female,105-022-3511,Fairborn,United States,11731,Connecticut,1147 Horace,1961-03-08
crmid:3941560535,thermoplastics1969@outlook.com,Cortez,Wiggins,,286-420-7515,Mokena,United States,30993,Kansas,123 Fuente,1992-06-08
crmid:3263914704,decayed1838@gmail.com,Odelia,Mcdaniel,female,871-926-7031,South Portland,United States,15970,California,281 Edith,1947-07-19
crmid:7765503331,magpie1970@yahoo.com,Ed,Myers,,905-473-6154,Morgantown,United States,36166,Texas,126 Gilman,1993-06-20
crmid:4980674837,dreaminess1861@yandex.com,Jeffrey,Hawkins,,548-563-1912,Harrisburg,United States,51211,Ohio,957 Pine,1970-09-14
crmid:4820385772,caviling1816@live.com,Tyree,Gaines,,702-232-0727,Sidney,United States,97839,Massachusetts,848 Palou,1977-06-28
crmid:7226325817,apathies2054@outlook.com,Cyrus,Hester,,535-811-7678,Hialeah,United States,41815,North Carolina,326 Steveloe,1971-07-24
crmid:8516487285,dovetailed1840@outlook.com,Ned,Bauer,,142-502-4813,Lynbrook,United States,42706,Colorado,390 Macalla,1985-08-03
crmid:2422299550,optoelectronic1975@live.com,Manual,Hurst,,677-647-1149,Henderson,United States,82348,Utah,617 Otter Cove,1971-01-08
crmid:1978378825,scissor2011@gmail.com,Rick,Montgomery,male,086-964-0010,Revere,United States,55579,Connecticut,846 Amherst,1994-10-19
crmid:5705572126,biasing1862@gmail.com,Erin,Walters,,230-185-3677,Perris,United States,35992,Idaho,79 Kobbe,1975-07-19
crmid:7247662302,neuter1821@gmail.com,Les,Guerrero,male,275-842-3644,Sapulpa,United States,03508,Alaska,929 Tiffany,1936-06-12
crmid:9859564217,huddlingly2069@yahoo.com,Tonisha,Gibson,female,667-416-1491,Post Falls,United States,51375,Vermont,872 Anza,1950-09-11
crmid:5703974854,ballsy2003@yandex.com,Vasiliki,Berger,female,460-398-9287,Evans,United States,90134,Utah,154 Montalvo,1960-09-03
crmid:8672663266,vituperatory1802@yahoo.com,Eugenio,Hewitt,,549-233-7978,Fuquay-Varina,United States,43649,North Dakota,1137 Winston,1964-08-24
crmid:3578275616,refectioner2013@yandex.com,Dania,Hoffman,female,863-809-3175,Corcoran,United States,71148,Tennessee,812 Vale,1950-12-28
crmid:5890476335,davey1819@live.com,Freddy,Mercado,,197-414-2571,Rock Hill,United States,40396,Oregon,253 Bass,1984-01-17
crmid:7083215896,dynamism1837@gmail.com,Rolando,Glover,,412-382-5585,Natchez,United States,31940,California,913 Melrose,1995-06-01
crmid:8200115781,backspace2034@yahoo.com,Kim,Blanchard,,894-560-7391,Miami Beach,United States,48333,New Jersey,210 Standish,1990-07-30
crmid:4171686054,unsolicited2058@yandex.com,Neida,Bond,female,843-709-0025,Clinton,United States,31685,New York,744 Stanton,1948-07-03
crmid:8168510417,devastating1951@live.com,Frederick,Woodard,,181-045-8146,Kankakee,United States,36794,Maine,353 Agua,1976-06-23
crmid:1803621061,jug1955@live.com,Britt,Hooper,,094-835-0671,Westerville,United States,41894,New York,622 Barry,1987-11-05
crmid:7604177065,gritstone2040@outlook.com,Luis,Duke,,742-730-1647,Lewiston,United States,55138,Oklahoma,1107 Saul,1982-09-05
crmid:1212995197,boars1816@yahoo.com,Henry,Burgess,male,482-732-0617,Puyallup,United States,01304,Wisconsin,32 Grote,1935-05-04
crmid:6299386428,aplysia1968@outlook.com,Ariel,Wright,,886-467-9467,Lemoore,United States,51910,North Dakota,1137 August,1982-09-29
crmid:9798551525,bromid1963@yahoo.com,Joshua,Joyce,,144-012-4114,Huntington,United States,14483,Idaho,922 Halleck,1973-02-06
crmid:9546960008,egret1868@live.com,Deloras,Kelley,female,864-439-2742,San Juan,United States,24861,Nebraska,1018 Perasto,1960-02-16
crmid:1121545964,choluteca1939@yahoo.com,Orville,Beck,,731-819-6986,Pittsburg,United States,40048,Louisiana,1325 Toyon,1991-01-20
crmid:9760318881,arcanal2050@live.com,Elizbeth,Montoya,female,079-556-2309,Santa Fe,United States,26879,New York,143 Raymond,1959-03-20
crmid:9030400307,absit2002@gmail.com,Theola,West,female,612-237-8675,Yucaipa,United States,99957,Vermont,413 Cielito,1946-09-30
crmid:7620288485,demised1933@yandex.com,Deangelo,Becker,male,223-165-7433,Wheeling,United States,77896,Arkansas,268 Girard,1931-11-28
crmid:4662867326,stereology1950@gmail.com,Paris,Foley,,654-498-7256,Holladay,United States,68386,New Hampshire,59 Lancaster,1972-12-09
crmid:9985576295,neuter2057@outlook.com,James,Wise,male,469-342-0322,St. Peters,United States,19574,Delaware,799 Heather,1943-05-31
crmid:2552061896,knifelike1866@gmail.com,Olin,Merrill,,655-592-9290,Lincoln,United States,73549,California,267 Sequoia,1982-06-11
crmid:7624448867,cointer2045@outlook.com,Caroll,Kerr,female,150-263-9011,Dolton,United States,06158,Ohio,439 Belcher,1955-02-16
crmid:2424641137,algerine1946@gmail.com,Leslie,Carrillo,,901-228-0730,Jonesboro,United States,14118,Ohio,755 Carrie,1976-02-02
crmid:4396696300,chunkier1998@yandex.com,Obdulia,Sanchez,female,320-481-3096,Mustang,United States,23875,Delaware,466 Olney,1995-04-24
crmid:3111896274,cashbox1850@yandex.com,Raymundo,Rosa,male,555-696-6695,Banning,United States,77911,Michigan,1195 Valerton,1936-12-15
crmid:2617027889,cannikin2043@outlook.com,Raphael,Rodriguez,male,521-841-0214,Rolla,United States,60465,Kentucky,558 Harlem,1933-11-15
crmid:3500485600,noncorrelating1806@yandex.com,Larraine,Molina,female,553-987-1316,Sumter,United States,22175,Texas,283 Troy,1955-05-20
crmid:7076704939,churinga1972@yandex.com,Milly,Marsh,female,096-501-7903,Champaign,United States,39130,South Dakota,1085 West Broadway,1946-06-18
crmid:4349623542,devastating1839@yahoo.com,Shelby,Mendez,,377-166-0361,Shelby,United States,93353,Ohio,1101 Calgary,1969-04-12
crmid:4191729726,prolegomenon1868@outlook.com,Florentino,Hendricks,male,298-938-7958,Owensboro,United States,03212,Utah,1276 Lick,1935-04-13
crmid:3118806511,twitty1980@outlook.com,Denese,Hopkins,female,339-694-2749,Draper,United States,15987,Montana,1338 Peek,1955-02-14
crmid:1375969252,cuisse1867@gmail.com,George,Nunez,,702-749-9557,Matteson,United States,40612,Colorado,611 Horace,1988-08-10
crmid:2908692753,viceless2028@outlook.com,Yuko,Noble,female,581-070-4892,North Canton,United States,26304,Hawaii,359 Brown,1998-04-18
crmid:8356342917,batara2045@outlook.com,Donette,Richard,female,956-232-3062,Wilson,United States,92714,Colorado,1003 Waverly,1958-03-24
crmid:2296984468,biker2034@yandex.com,Danny,Rogers,male,256-311-8862,Bakersfield,United States,11425,Rhode Island,211 Ludlow,1935-03-25
crmid:2894673503,dicastic2013@outlook.com,Chance,Miranda,,156-147-8027,Glen Ellyn,United States,21054,Connecticut,1226 Dove,1966-04-06
crmid:1764218016,trichogrammatidae1970@yandex.com,Mikel,Becker,male,634-828-6798,Bellaire,United States,47975,Kansas,961 Merced,1937-07-02
crmid:5018417963,nympholept1899@live.com,Robbie,Forbes,,564-416-5892,Hollister,United States,08241,Ohio,883 Powers,1972-01-06
crmid:2688554728,bobber1870@yahoo.com,Lewis,Griffin,,277-744-0555,Waltham,United States,22335,Florida,565 Jefferson,1965-03-08
crmid:1352897213,rhyolite1978@yahoo.com,Blair,Huff,,887-550-9201,Mill Creek,United States,15023,Arizona,1329 Sturgeon,1990-03-24
crmid:8138141985,brachiopode1846@yandex.com,Long,Cook,male,325-006-6084,Bensenville,United States,38820,Montana,242 Griffith,1938-06-07
crmid:6487038372,erastus2057@yandex.com,Hilton,Mcdaniel,,528-541-3665,Wisconsin Rapids,United States,95696,Massachusetts,136 Polk,1995-11-29
crmid:4917399793,kittenship1828@outlook.com,Gale,Gay,,414-844-1090,Grand Prairie,United States,90136,Arkansas,845 Mistral,1967-02-17
crmid:4125396754,andira1974@live.com,Manual,Dennis,male,105-122-0243,Bethlehem,United States,37831,Arizona,1152 Castro,1938-07-08
crmid:4099107309,minae1979@outlook.com,Phillip,Stokes,,627-479-3491,Lebanon,United States,36817,Arizona,1065 Karen,1981-07-08
crmid:8118379046,scarabs2016@outlook.com,Letisha,Hahn,female,531-901-6980,Tacoma,United States,93594,Iowa,174 Vine,1961-05-12
crmid:9015207828,asteria1953@outlook.com,Milo,Wise,,702-663-9099,Lumberton,United States,99624,North Carolina,615 Mauldin,1985-12-22
crmid:1130611096,fanes2019@yahoo.com,Zulema,Browning,female,078-961-2399,Owensboro,United States,11540,Virginia,23 Brant,1950-09-04
crmid:5137254049,pondering1956@yandex.com,Maxwell,Williamson,,558-330-5869,Harrisonburg,United States,66793,Texas,333 Palou,1970-11-08
crmid:1056596126,repopulated2034@gmail.com,Antone,Guerra,,588-844-0502,Las Cruces,United States,18330,Maryland,1374 Salmon,1981-02-19
crmid:5526521814,evokes2028@yandex.com,Reynaldo,Shannon,,303-176-0635,Lynwood,United States,60142,New Hampshire,644 Fort Mason,1985-10-24
crmid:7951715806,answers2056@gmail.com,Isidro,Hull,,019-124-6892,Matteson,United States,32405,Arizona,822 Elizabeth,1988-06-13
crmid:1806740035,zaffre1995@yahoo.com,Julienne,Wilder,female,094-026-5428,Yorkville,United States,98897,Delaware,1152 Beatrice,1961-12-28
crmid:6546411268,deermeat2030@yahoo.com,Christena,Yang,female,712-780-0972,Eugene,United States,03903,Hawaii,87 Jack Micheline,1960-02-12
crmid:8887854700,abridged1850@gmail.com,Willia,Harvey,female,220-943-6366,Pinole,United States,13862,West Virginia,1283 Issleib,1946-09-13
crmid:1751070351,propositi1991@yandex.com,Denyse,Ball,female,465-100-2559,Winchester,United States,20010,Utah,77 Claremont,1959-02-02
crmid:3700667703,glasses2063@live.com,Rubin,Burns,male,754-103-6505,Vallejo,United States,69115,Virginia,1092 Vicente,1944-08-04
crmid:7481577472,passionometer2069@outlook.com,Jonah,Mcclure,,024-380-0306,Urbana,United States,39903,Ohio,1080 Gibbon,1975-08-30
crmid:4788215842,recalcitrating1947@yandex.com,Casey,Chang,,873-407-7167,Revere,United States,26512,Maine,690 Treasure Island,1965-01-20
crmid:7652575300,convair1929@outlook.com,Maryland,Howe,female,383-687-4231,College Park,United States,74516,Mississippi,1338 Smith,1949-06-15
crmid:8622567617,macroprism1876@yandex.com,Ned,Cote,,146-229-1251,Vallejo,United States,33912,South Dakota,750 Dorantes,1971-03-11
crmid:1711323081,bongo1926@yandex.com,Tyson,Mclaughlin,male,794-399-0046,Wake Forest,United States,67518,Mississippi,989 Hodges,1942-09-19
crmid:2908555304,coulter2062@outlook.com,Morton,Garner,,846-885-9188,Friendswood,United States,58662,Virginia,655 Pollard,1964-09-28
crmid:8688119016,corporeal2061@yandex.com,Hyman,Kinney,male,974-667-0905,Calexico,United States,94775,Colorado,828 Stanford,1943-05-16
crmid:9913687415,scheduler2017@yandex.com,Ricki,Berger,female,058-449-4538,Danbury,United States,41405,New York,999 Santa Ynez,1952-07-03
crmid:2795551723,clairce1867@outlook.com,Martin,Huff,male,380-937-4298,Burbank,United States,38513,Montana,788 Barnard,1942-07-15
crmid:3793938542,selvas1842@gmail.com,Ervin,Drake,male,683-568-5450,New Berlin,United States,01106,Missouri,1072 Potrero,1996-01-31
crmid:3872781910,waftage1963@live.com,Tayna,Whitley,female,800-663-4739,DeSoto,United States,46438,Colorado,366 Cardenas,1953-08-31
crmid:1771817889,neuropathical1835@gmail.com,Emmanuel,Holloway,,164-426-9483,Glassboro,United States,39240,Oklahoma,1204 Brook,1966-07-31
crmid:5296078555,goatroot1875@outlook.com,Alejandro,Richardson,,522-246-6775,Millbrae,United States,21051,North Dakota,526 Horne,1990-05-13
crmid:3756877321,sailable1942@outlook.com,Jerald,Joseph,,817-003-3558,Hampton,United States,78632,South Dakota,354 Kaplan,1969-06-27
crmid:8724674822,anything1838@yandex.com,Marion,Merrill,male,567-736-6622,Calumet City,United States,31065,South Dakota,669 Lagunitas,1943-07-20
crmid:3437904847,castaways1986@yandex.com,Reita,Lindsay,female,310-913-2706,Edinburg,United States,41633,Delaware,59 Bayside,1958-07-17
crmid:4278887473,compulsed1985@outlook.com,Tenesha,Hernandez,female,003-040-6471,El Centro,United States,84538,Colorado,30 Music Concourse Access,1958-09-13
crmid:1044203867,orpheus1993@live.com,Stewart,Santos,,924-804-3378,Hopkinsville,United States,14577,Arkansas,817 Northwood,1973-03-25
crmid:6213108783,blackfeet1963@outlook.com,Carson,Henderson,,709-908-9957,Romulus,United States,49730,Oklahoma,653 Reno,1992-06-30
crmid:9669495513,penciled1887@live.com,Clair,Hinton,,082-679-6732,Madison Heights,United States,81604,Hawaii,44 Keyes,1985-04-06
crmid:9156734888,charging1810@live.com,Cesar,Witt,,047-942-4374,Port Hueneme,United States,43790,Alaska,137 Toyon,1988-03-11
crmid:2128425650,subinterval1937@outlook.com,Carlee,Stanton,female,373-637-0678,North Port,United States,18624,Texas,645 Cottage,1999-04-03
crmid:6737888854,insurgently1876@outlook.com,Leontine,Reeves,female,366-131-4110,Del City,United States,36672,Idaho,703 Church,1954-05-24
crmid:4054334614,alcyone1906@yahoo.com,Lacy,Sears,,603-496-7274,Lynchburg,United States,15755,Michigan,1014 Minnesota,1985-03-27
crmid:3229255321,awesome1894@yandex.com,Jason,Gallagher,male,371-034-5862,Aliso Viejo,United States,73449,Minnesota,22 Christmas Tree Point,1931-05-11
crmid:4595236009,fumigation1868@live.com,Emerson,William,,718-115-1003,Modesto,United States,26737,West Virginia,993 Fella,1992-05-27
crmid:9852434219,shambled1864@yahoo.com,Jason,Flowers,male,355-960-1920,West Chester,United States,02909,Minnesota,1192 San Juan,1932-05-10
crmid:6429187396,groten1976@yandex.com,Joesph,Valencia,,154-909-6145,Rexburg,United States,68199,Maryland,708 Drummond,1965-03-23
crmid:5703559515,ooecium1967@live.com,Olen,Williamson,,129-829-1570,Hilton Head Island,United States,56544,Massachusetts,374 Urbano,1972-09-25
crmid:1657102668,celarent2018@yahoo.com,Shaun,Estrada,,903-691-5488,Homer Glen,United States,70299,Michigan,1087 Gerke,1972-11-02
crmid:2710291500,chazans1810@yandex.com,Monte,Figueroa,,216-593-1751,Round Lake,United States,55609,Louisiana,1284 Easement,1995-11-14
crmid:8593459410,alans1967@live.com,Hilario,Sharpe,male,643-440-0369,Bloomingdale,United States,24664,Arizona,780 Mississippi,1939-05-27
crmid:4483740202,bogland1881@gmail.com,Abel,Joseph,,638-395-7549,New Iberia,United States,49180,New Mexico,932 Corbin,1996-07-19
crmid:4616573663,subclans1983@gmail.com,Dominic,Preston,male,019-656-2791,Bartow,United States,71121,Connecticut,342 Pacific,1936-03-24
crmid:5725470392,tepidity1851@live.com,Arden,Robinson,,304-855-7552,Hilton Head Island,United States,79290,New York,208 Tamalpais,1972-09-08
crmid:5635112555,quelea1864@gmail.com,Delora,Klein,female,742-848-3898,Nashville,United States,91801,Washington,471 Pink,1995-04-04
crmid:4616129720,favela1945@gmail.com,Robert,Parrish,male,173-253-8985,Bettendorf,United States,46622,New Jersey,454 Mountain Spring,1938-08-23
crmid:1289766773,anticyclone1915@gmail.com,Donn,Griffin,,215-215-6583,Grapevine,United States,70538,Alaska,462 Evergreen,1967-12-19
crmid:7476896093,discount2036@outlook.com,Octavio,Malone,male,773-067-7942,Bonita Springs,United States,45477,Mississippi,17 Cameron,1940-07-18
crmid:9032904451,capitation1973@outlook.com,Nathanial,Howell,,324-732-1447,Roanoke Rapids,United States,34748,West Virginia,1014 Mcrae,1973-03-13
crmid:8151753112,burek1969@gmail.com,Logan,Farrell,,698-233-2601,Lafayette,United States,19299,Michigan,1327 Eaton,1979-04-09
crmid:6958695824,polymythic1960@live.com,Nathanael,Anderson,,934-365-6106,Lake Worth,United States,74443,Massachusetts,853 Aerial,1980-03-13
crmid:3693292564,esson2004@outlook.com,Marketta,Mcfarland,female,047-625-8181,Russellville,United States,15337,New York,971 India,1947-06-19
crmid:8237806594,chine1858@live.com,Franklin,Simmons,male,279-600-7543,Apache Junction,United States,88669,Oregon,400 Blanken,1933-04-27
crmid:7114025211,chaffiness1808@live.com,Johnette,Monroe,female,202-430-6975,Reno,United States,16981,Arkansas,936 Lamson,1947-04-20
crmid:6718040819,dropping1812@yahoo.com,Lyndon,Gould,male,380-762-3970,Azusa,United States,87327,Alaska,749 Child,1935-10-24
crmid:1574717067,demiss1999@outlook.com,Jessie,Hurst,male,065-653-5713,Batavia,United States,37119,West Virginia,715 Vermont,1936-05-15
crmid:4798488681,teemless1867@outlook.com,Lindsy,Cantrell,female,591-272-4540,Steubenville,United States,82357,Florida,1067 Estero,1960-12-10
crmid:7275401703,paludrin1887@yahoo.com,Lauren,Dorsey,,785-593-9252,Independence,United States,28229,Vermont,272 Emil,1974-05-16
crmid:5870303019,troutiest1830@outlook.com,Loralee,Walton,female,838-790-7248,Yuma,United States,61990,Kansas,109 Marina,1953-06-30
crmid:2123580141,dorser1907@live.com,Alise,Ramos,female,860-435-1234,Dublin,United States,87517,Colorado,668 Chinook,1956-01-24
crmid:5696810750,vaucheriaceous2018@outlook.com,Charlesetta,Parsons,female,784-351-0554,Clovis,United States,76103,South Carolina,715 Perasto,1948-02-23
crmid:5131924256,reservery1977@gmail.com,Maryrose,Aguilar,female,823-463-4686,Nixa,United States,99303,Iowa,815 H,1997-12-31
crmid:4384557176,colorant2006@yahoo.com,Deadra,Rose,female,405-130-4639,Enterprise,United States,87356,Colorado,1214 Kate,1960-02-25
crmid:4281777995,subcurate1804@live.com,Annabell,Fischer,female,309-312-7956,Deerfield Beach,United States,09403,Alabama,395 Lilac,1954-01-10
crmid:3602219797,cocain2062@live.com,Shandi,Fuentes,female,883-564-7622,Rocky River,United States,28349,North Carolina,906 Mercato,1958-10-29
crmid:6009460781,aspic2037@gmail.com,Ronny,Fuller,male,574-770-7030,Bensenville,United States,40694,Washington,1001 Jefferson,1938-08-10
crmid:9630669533,battlers1861@yandex.com,Young,Francis,male,740-154-8737,Brook Park,United States,52128,Michigan,592 Blanche,1941-10-10
crmid:5238819402,burger1805@outlook.com,Les,Bridges,,959-760-3511,Highland Village,United States,40904,Tennessee,1123 De Forest,1971-08-23
crmid:9723798692,boother2004@yahoo.com,Nakesha,Sampson,female,153-374-0866,Roswell,United States,55382,South Dakota,183 Parsons,1953-07-26
crmid:6324336817,poesy1806@gmail.com,Fausto,Williams,male,726-952-7959,Bridgeport,United States,21707,Iowa,723 Utah,1941-04-04
crmid:8530323543,autobiographal1804@yandex.com,Tuan,Puckett,,630-190-1246,Menlo Park,United States,13566,Arizona,1359 Allston,1989-04-24
crmid:6245310123,swankiness1939@yandex.com,Christene,Jennings,female,704-683-9581,Cleveland,United States,01270,New Jersey,401 North 15Th,1948-02-15
crmid:3232707630,quintefoil1975@outlook.com,Nolan,Weaver,,727-812-4463,Muskogee,United States,30455,Minnesota,1353 Jack Micheline,1994-06-14
crmid:6337751314,noblify1932@yahoo.com,Andres,Love,male,200-941-2922,Apache Junction,United States,06222,Arkansas,83 Chesley,1933-01-18
crmid:3536565543,microphytology1804@yandex.com,Christian,Mcknight,,541-385-2390,Martinez,United States,63957,Oklahoma,999 Virginia,1987-11-05
crmid:4976529364,reelect2021@yandex.com,Weston,Butler,,330-357-3170,Salisbury,United States,46167,Vermont,1213 Fifth,1993-11-21
crmid:1954661186,malpractice1907@gmail.com,Omar,Hopper,,273-439-5196,Manhattan Beach,United States,18740,Indiana,518 South Van Ness,1986-03-22
crmid:9265492226,harborers1815@live.com,Mauro,Aguilar,,671-443-2716,Sandy,United States,75629,Alabama,1286 Santa Barbara,1969-10-02
crmid:8218814495,surahs1884@gmail.com,Valentin,Moran,,286-818-3886,McDonough,United States,25667,Michigan,1398 Dehon,1988-05-06
crmid:9445278042,latipennate1872@live.com,Barry,Joyner,,691-049-4980,Reno,United States,61108,Washington,291 Romolo,1991-03-04
crmid:6023923094,bat1948@gmail.com,Rob,Mullins,,118-654-7698,Fort Pierce,United States,99704,Colorado,1092 Lake Forest,1963-12-31
crmid:6334284144,dartman2054@yandex.com,Melissia,Lopez,female,929-489-3575,College Station,United States,95150,Wisconsin,445 Humboldt,1949-06-17
crmid:9917050762,pylorogastrectomy1936@yahoo.com,Alton,Case,,067-334-0825,Lebanon,United States,04116,Minnesota,653 John F Kennedy,1981-01-01
crmid:4798859595,chrysanthemum1847@yandex.com,Burt,Short,,808-597-5926,New Smyrna Beach,United States,72201,Texas,189 Walbridge,1997-12-13
crmid:8279354016,bobadil1910@yandex.com,Gabriel,Buckner,,627-565-9155,Harvey,United States,33819,Oregon,345 Godeus,1970-06-16
crmid:5285545401,phthalein1904@outlook.com,Eleni,Best,female,872-055-5469,Conroe,United States,61952,Colorado,477 Ceres,1950-11-25
crmid:8064053680,unstupid2051@yandex.com,Ezequiel,Avery,,801-709-8985,San Mateo,United States,54393,Rhode Island,49 Gaiser,1993-06-20
crmid:8053687356,canossa1834@yahoo.com,Lonnie,Armstrong,,696-547-5014,Rochester Hills,United States,39438,Nevada,408 Broadway,1974-05-24
crmid:4860894560,elinor1827@yahoo.com,Lynsey,Morales,female,229-525-7435,Saco,United States,93324,Kentucky,1119 Gould,1959-06-20
crmid:7059524492,waddie1823@live.com,Gregory,Salas,male,219-190-1922,Ansonia,United States,24757,Pennsylvania,385 Elgin,1933-04-26
crmid:4679885688,bogert2056@gmail.com,Bernardo,Burks,male,362-680-4853,Omaha,United States,90105,Michigan,1334 Palos,1934-01-04
crmid:6267811088,camacho1910@gmail.com,Branden,O'neill,male,125-208-9867,Blacksburg,United States,00349,Delaware,1097 Worden,1939-01-22
crmid:7752896278,badger1967@outlook.com,Catherina,Baker,female,517-118-8654,Dixon,United States,90535,Delaware,206 Comerford,1955-02-01
crmid:2066860381,forgeability1984@gmail.com,Maurice,Hardy,male,438-982-2953,Ashwaubenon,United States,31955,Kansas,813 Sixth,1934-07-13
crmid:5700385638,bombings2013@yahoo.com,Ha,Gallegos,female,243-843-6906,Reedley,United States,11394,Louisiana,1006 Isadora Duncan,1949-04-11
crmid:5423967262,anasazi1853@live.com,Demetrius,Osborne,,059-881-3170,San Fernando,United States,75969,Florida,1242 Rincon,1981-09-26
crmid:6104926072,paraphrast2044@live.com,Tari,Pate,female,286-000-5616,Denison,United States,47841,Wyoming,515 Bellair,1954-08-23
crmid:1526650749,anastasia2051@gmail.com,Kaycee,Underwood,female,635-250-0390,Davis,United States,28274,South Carolina,1336 Louisburg,1953-05-29
crmid:8112018270,alcoa2034@live.com,Dion,Cote,,706-847-4028,Oshkosh,United States,94181,Colorado,797 San Benito,1981-01-05
crmid:2832227628,diakinetic2006@outlook.com,Roland,Gates,,340-590-1290,Hastings,United States,50466,Hawaii,298 Myrtle,1970-10-09
crmid:1164962720,cornual2024@live.com,Cristopher,Odom,,523-064-0159,Hampton,United States,58486,West Virginia,763 Ridgewood,1969-10-15
crmid:4932244849,aisling1848@yahoo.com,Raymon,Pennington,,572-867-3550,West Lafayette,United States,78094,Utah,196 Mojave,1982-03-02
crmid:1261797527,thousand1813@outlook.com,Mitch,Everett,,308-041-9563,Jeffersonville,United States,38927,Texas,1254 Austin,1975-05-05
crmid:1996754854,cheirospasm1886@live.com,Shanae,Black,female,534-745-9388,Eureka,United States,70072,New Mexico,623 Rockdale,1960-08-03
crmid:5915802493,cranic1871@yahoo.com,Kermit,Wilkerson,,049-541-0568,Racine,United States,92299,Indiana,491 Dearborn,1984-05-12
crmid:3481726559,boats1881@outlook.com,Yon,Cook,female,026-915-6695,Fairview Heights,United States,71810,Maryland,1273 Guttenberg,1961-09-07
crmid:8700638505,byran1982@outlook.com,Clifton,Cross,male,438-907-1798,Buckeye,United States,91703,New Hampshire,1364 Nantucket,1942-02-07
crmid:5142872833,cabinda1991@yandex.com,Morgan,Tucker,male,341-218-2663,Redlands,United States,08236,Tennessee,228 Reservoir,1940-07-29
crmid:6607802033,babbage1807@gmail.com,Lenard,Bailey,male,828-040-2272,Waterbury,United States,60071,Oregon,904 Anglo,1935-06-01
crmid:4002004497,trillibub2027@yandex.com,Cortez,Green,male,427-563-8063,Pullman,United States,79318,Vermont,1273 Roemer,1936-02-12
crmid:9762980474,crackback2065@live.com,Boyce,Rodriguez,,340-049-6279,Lake Forest,United States,81406,Georgia,1104 Tompkins,1980-11-06
crmid:4776495772,embryon1844@yandex.com,Roy,Riley,female,748-186-7221,Dyersburg,United States,97195,West Virginia,1375 Progress,1956-07-25
crmid:1724789937,necking2034@yandex.com,Kirby,Martinez,,065-202-4568,Rio Rancho,United States,75365,South Carolina,35 Sampson,1974-10-15
crmid:4774341727,annoyed1956@yahoo.com,Elliot,Donovan,male,337-028-2145,Belmont,United States,62937,Virginia,619 Mercato,1937-12-06
crmid:8911075141,chipchap1875@live.com,Jackson,Moran,,683-583-1275,Modesto,United States,33274,Georgia,1288 Staples,1992-05-28
crmid:2669509007,duckies1925@live.com,Hilton,Barrett,male,044-180-7459,West Linn,United States,00482,Colorado,1015 Sharp,1940-05-02
crmid:1429416198,externity2053@live.com,Lane,Mercado,male,274-861-8420,South El Monte,United States,50633,New York,785 Heritage,1995-02-20
crmid:7750426420,dispraiser1972@yahoo.com,Ngan,Frederick,female,105-319-0574,Scranton,United States,52339,Illinois,1202 Anderson,1958-07-10
crmid:3220991791,consonantic1893@yandex.com,Dagny,Fischer,female,708-677-0407,Daly City,United States,11170,Tennessee,84 Perasto,1952-02-10
crmid:4664034357,worker1968@gmail.com,Frankie,Norris,male,654-721-5025,Bergenfield,United States,95678,Hawaii,182 Marion,1938-10-07
crmid:1530509650,contemptible1897@live.com,Ervin,Young,male,900-405-5954,Belleville,United States,14161,Connecticut,118 Apollo,1937-04-14
crmid:9806030317,delawn1938@outlook.com,Providencia,Finch,female,578-038-5539,Vestavia Hills,United States,59827,Nebraska,1344 Kenny,1958-07-09
crmid:2577791403,unhinderingly1831@yahoo.com,Garrett,Byrd,male,899-189-4679,Susanville,United States,01308,Mississippi,385 Boutwell,1931-04-05
crmid:8492124679,avgas1899@gmail.com,Lonnie,Rich,male,683-822-8860,Cape Girardeau,United States,31168,Maryland,561 Fitch,1944-06-24
crmid:2238481042,winters1948@yandex.com,Percy,Beach,,819-891-0990,Urbana,United States,73547,Hawaii,915 Ruger,1974-09-18
crmid:3935132168,eriksson1836@live.com,Kurt,Cline,,176-320-2893,Gurnee,United States,95153,Nevada,147 Canby,1969-10-17
crmid:2102504416,assistency2069@outlook.com,Romaine,West,female,750-664-7129,Winston-Salem,United States,14618,Virginia,554 Treasury,1953-11-14
crmid:4625256478,dreyfuss1877@outlook.com,Tamica,Estrada,female,513-278-8050,East Peoria,United States,45596,Illinois,157 Wentworth,1957-08-09
crmid:9083177440,nympholept1924@live.com,Walker,Dunlap,male,294-506-8196,Big Spring,United States,72870,Ohio,721 Sequoia,1939-10-09
crmid:6995689622,aggregations1879@outlook.com,Luanna,Gamble,female,629-640-1783,Easley,United States,35616,Louisiana,1367 Anzavista,1956-06-11
crmid:8425375215,arrowy1866@outlook.com,Carl,Crawford,male,998-771-1494,Wasco,United States,77096,Alabama,817 Burrows,1939-02-07
crmid:2449904312,reindeer1846@yahoo.com,Walton,Barber,,980-231-4093,Gahanna,United States,15525,Delaware,1311 Avalon,1964-02-22
crmid:4929150387,carlene2065@yahoo.com,Darrin,Watson,,320-391-6742,Mason City,United States,69546,Florida,1064 Lockwood,1987-10-20
crmid:7043393388,raias2050@yahoo.com,Rodger,Reed,,571-371-9259,La Porte,United States,84170,New York,1063 Westmoorland,1979-08-07
crmid:4769298134,tepid1998@yandex.com,Deandre,Townsend,male,020-345-2369,Bayonne,United States,12830,Kentucky,632 Brosnan,1936-03-29
crmid:1906842770,lag2018@yandex.com,Felix,Boyd,,285-690-1920,Stow,United States,24708,Idaho,910 Ramsell,1966-05-16
crmid:9701758210,winkingly1948@yandex.com,Leonard,Blair,male,638-509-3758,Tahlequah,United States,56938,Arizona,1380 Lake,1930-06-03
crmid:5351051163,eikon1992@gmail.com,Bernie,Carter,,145-129-1261,Georgetown,United States,29710,Missouri,382 Emma,1965-04-06
crmid:5520937968,divus1962@live.com,Reid,Ramsey,,830-341-8917,Sulphur,United States,57243,Massachusetts,670 Fifth,1995-06-25
crmid:7981610962,breaker1969@yahoo.com,Theo,Pennington,,991-945-7054,West Allis,United States,33267,Vermont,62 Jessie West,1979-09-11
crmid:9725199917,occurse2026@gmail.com,Benjamin,Hill,,352-642-8681,Liberty,United States,99518,Arizona,35 Plaza,1982-09-02
crmid:8749775371,celesta1817@outlook.com,Modesto,Lancaster,,422-352-4122,Phenix City,United States,80655,Arizona,913 Congo,1990-01-08
crmid:2666899672,monkhood1913@live.com,Zane,Hoffman,,342-022-3756,Maryville,United States,12941,Utah,698 Grattan,1987-04-11
crmid:9071654794,agalloch1842@gmail.com,Dwain,Richmond,male,932-601-1902,Attleboro,United States,18366,Florida,174 Letterman,1934-03-25
crmid:1188290066,derivedness1821@yandex.com,Long,Green,,355-180-7043,Hollywood,United States,98739,New Jersey,1345 Bayside Village,1972-02-29
crmid:5198589514,unrowdy1997@gmail.com,Jame,Underwood,,786-266-6692,Keene,United States,32270,Wyoming,9 Oneida,1976-06-01
crmid:4800020168,christel1922@live.com,Vasiliki,Frye,female,216-930-7486,North Royalton,United States,65482,Kentucky,327 Clarence,1999-11-07
crmid:4228280002,donnie1807@live.com,Edwardo,Vargas,,975-657-9985,Oakley,United States,83414,Alabama,1321 Tiffany,1973-04-15
crmid:9654643168,botanical1976@yandex.com,Duncan,Dyer,male,233-184-5508,Anoka,United States,11323,Missouri,1188 Everglade,1933-03-09
crmid:8865254094,malices2053@gmail.com,Carolin,Floyd,female,498-661-3813,Royal Palm Beach,United States,60044,Alabama,1373 Gould,1956-02-10
crmid:5241315058,webster1815@outlook.com,Joesph,Davenport,,990-189-4484,Kissimmee,United States,17297,Maryland,823 Avon,1978-03-07
crmid:4507629119,adventurous2043@yandex.com,Frank,Slater,,337-295-6416,Marietta,United States,99868,West Virginia,1149 Seward,1987-12-14
crmid:5608392664,semiorb1848@yandex.com,Bret,Dawson,,244-377-7848,Pompano Beach,United States,83302,Connecticut,590 Rhode Island,1977-01-12
crmid:9738107857,knifelike1850@outlook.com,Toney,Jenkins,,402-123-1369,Houston,United States,97883,New York,947 Warren,1973-09-24
crmid:3419729209,disconsolate2053@gmail.com,Jamaal,Levy,,828-771-8108,Troy,United States,23550,New York,539 Shipley,1963-07-09
crmid:3461668796,burlie1968@gmail.com,Ellsworth,Wong,male,789-555-3454,Sanford,United States,81051,North Carolina,395 Vista View,1944-03-31
crmid:3318561257,alcyone1940@yahoo.com,Colby,Mcintosh,male,349-896-2936,Alsip,United States,12234,Oklahoma,389 Patterson,1931-02-19
crmid:1390505375,landshard1848@yandex.com,Sherise,Sharpe,female,725-238-6117,Peekskill,United States,58786,Missouri,315 Chapman,1999-10-29
crmid:8166525452,alert1893@yandex.com,Wei,Simon,female,115-818-2816,Coralville,United States,52168,North Dakota,82 Torrens,1950-09-27
crmid:8234790717,costard1854@yahoo.com,Gilberte,Moses,female,128-293-3338,North Royalton,United States,52137,Alabama,927 Cloud,1999-09-28
crmid:2101440773,apraxia1851@live.com,Chong,Patton,,308-797-4142,New Port Richey,United States,84379,New Mexico,205 Jersey,1996-12-16
crmid:1595389580,enteron1959@gmail.com,Columbus,Callahan,,736-390-2284,Oakland Park,United States,49768,Florida,1214 Alana,1982-01-17
crmid:3512246041,songwriter1924@gmail.com,Daron,Nguyen,male,416-311-2985,Allentown,United States,17226,Vermont,624 Steuben,1931-03-21
crmid:8536168980,pensione1969@yandex.com,Arthur,Curry,male,067-533-8507,Arcadia,United States,72230,South Carolina,1137 Lexington,1933-01-07
crmid:1006422064,broadway2022@live.com,Reid,Peterson,,320-535-1262,Temple Terrace,United States,42247,Kansas,694 Rice,1993-12-08
crmid:4735779556,gingiva2022@gmail.com,Johnathan,Atkinson,male,300-082-1294,Austin,United States,76370,Delaware,1391 Oak Hills,1935-12-20
crmid:6201510935,applejack2029@live.com,Jeanmarie,Navarro,female,378-044-6060,Worcester,United States,26299,New Mexico,1374 Roselyn,1957-11-28
crmid:9164626548,overreached2030@yandex.com,Nick,Fowler,,672-149-5198,Inkster,United States,74964,Nevada,463 Laura,1974-12-27
crmid:2241987911,betassel1990@live.com,Harlan,O'donnell,,782-435-0805,Rohnert Park,United States,95647,New Mexico,1362 Hilton,1966-12-28
crmid:4876511915,pyruloid1817@yandex.com,Sherman,Holmes,,348-824-6163,Round Lake,United States,47185,Florida,69 Lily,1983-08-25
crmid:2875787388,lingering1971@yandex.com,Silva,Rasmussen,female,954-051-7860,Redondo Beach,United States,27139,Oklahoma,829 Sacramento,1959-08-24
crmid:3956342824,epeira1971@yahoo.com,Lesia,Maxwell,female,335-579-6174,Derby,United States,65397,Wyoming,676 Moultrie,1954-11-10
crmid:9353531992,ceruleum1937@gmail.com,Lewis,Franco,,645-106-6970,Kettering,United States,82620,Mississippi,1362 Jessie,1977-04-16
crmid:5732442769,basin2043@yahoo.com,Angel,Grant,,739-069-3774,Lockport,United States,39038,New Jersey,1188 Seventh,1983-06-23
crmid:7281314999,decrowning1937@outlook.com,Cassey,Goff,female,815-767-4040,Euless,United States,93994,Virginia,840 Eucalyptus,1960-02-11
crmid:8507000797,nurls2020@yahoo.com,Samuel,Mann,male,444-459-8442,Quincy,United States,75585,Maryland,1235 Mabini,1999-09-18
crmid:3117924370,adders1920@yandex.com,Brian,Ballard,female,052-859-1206,Davenport,United States,99090,Kansas,140 Tevis,1953-01-02
crmid:3119656682,cerebropedal1957@gmail.com,Frances,Walton,,251-296-3924,San Diego,United States,46969,North Dakota,11 Gibb,1992-11-21
crmid:1780579750,aucan2058@yahoo.com,Eddy,Hill,,323-635-6620,Rome,United States,60798,Arkansas,345 Latona,1972-01-27
crmid:6840632559,beate1965@live.com,Remona,Daniel,female,982-412-4586,Trussville,United States,15200,Kentucky,263 Junior,1949-10-14
crmid:7816528445,accurate1883@live.com,Pinkie,Mcclain,female,384-839-3954,Pinecrest,United States,24419,Michigan,844 Hardie,1959-10-14
crmid:3260706307,mosquito1939@yahoo.com,Leon,Jennings,,083-840-3399,Lowell,United States,85624,Maine,557 Erie,1984-02-19
crmid:2798499676,eel1874@yahoo.com,Walker,Rogers,,744-924-0459,Placentia,United States,46077,Minnesota,554 Dewitt,1993-12-13
crmid:2974547400,erykah1800@gmail.com,Ben,Adams,,428-270-8106,Midlothian,United States,08807,Alabama,906 Pierpoint,1990-01-24
crmid:9006726275,dulcea1902@live.com,Shanti,Frazier,female,218-888-8369,Charlotte,United States,84815,Maine,984 Clay,1946-12-15
crmid:3942644712,dunlin1838@gmail.com,Ilana,Mann,female,766-526-4409,Durango,United States,20500,Oklahoma,1218 Velasco,1956-04-18
crmid:2883333284,premillenarianism2008@yahoo.com,Ernesto,Walters,male,793-248-8733,Bourbonnais,United States,16827,Nebraska,1293 Battery Caulfield,1940-04-30
crmid:7189611178,internship1920@outlook.com,Truman,Shepard,,177-284-8669,Kent,United States,83465,North Dakota,481 Falmouth,1977-06-25
crmid:5635545323,precogitation2021@yahoo.com,Kris,Conway,,949-825-4858,Knoxville,United States,33336,South Carolina,556 Quarry,1978-06-29
crmid:9359578125,anaryan1972@gmail.com,Monroe,Glass,,626-987-2974,Lancaster,United States,63403,Alaska,1180 Golding,1980-11-15
crmid:4955393467,angostura1918@yandex.com,Kurtis,Moon,male,528-953-9630,Phoenix,United States,03265,Oregon,1248 Hayes,1940-06-20
crmid:6085065203,consultive1929@yahoo.com,Charles,Sparks,,510-194-2472,St. Louis Park,United States,67303,Kentucky,1090 Cowell,1963-12-11
crmid:2747654381,compatibilities1984@outlook.com,Deja,Flores,female,697-596-7505,Pinole,United States,85722,New Hampshire,1302 Colonial,1995-03-26
crmid:5880358887,englishmen2059@gmail.com,Anton,David,,605-698-5416,Ottumwa,United States,40098,North Carolina,1275 Mahan,1990-06-02
crmid:3462699122,coventries1850@live.com,Colby,Parker,male,571-834-9546,Broomfield,United States,14970,North Dakota,307 Mammon,1942-02-22
crmid:3388766253,anionics1822@yandex.com,Elwood,Anderson,,696-359-7736,Homestead,United States,44068,Massachusetts,1263 Beeman,1973-08-15
crmid:1590044261,echovirus2027@outlook.com,Kent,Decker,male,758-270-5392,Butte-Silver Bow,United States,92565,Alabama,443 Treat,1943-06-08
crmid:8509307515,aliyos2034@gmail.com,Darin,Rocha,,527-239-9629,Norman,United States,85886,Wisconsin,515 Blanche,1998-09-15
crmid:9828624926,fortepiano1962@yahoo.com,John,Mayo,male,167-354-6700,Camden,United States,33691,Rhode Island,553 Mansell,1943-05-19
crmid:1480097430,chipmunk1958@live.com,Rosamond,Langley,female,109-662-2414,Winter Park,United States,68470,Florida,84 Del Monte,1959-07-17
crmid:2028966031,evolutionism1850@live.com,John,Garner,,111-681-0601,Savage,United States,25913,New Jersey,203 Bigler,1965-09-07
crmid:5333326232,suing1870@yahoo.com,Lynwood,Kennedy,male,328-194-1751,Ballwin,United States,73891,Missouri,473 Avocet,1935-12-13
crmid:9329375386,chuckies1850@yahoo.com,Royal,Ashley,,594-224-1197,Mason,United States,69907,Oklahoma,1163 Chicago,1987-10-04
crmid:3554317157,eliminator1891@yandex.com,Renato,Vincent,,255-277-7428,Kentwood,United States,64895,Maine,1328 Joice,1977-11-14
crmid:7307130568,peddles1943@yahoo.com,Brain,Riggs,,971-307-3334,Wasco,United States,56397,Alaska,1378 Kenwood,1988-11-13
crmid:8900038749,wyling2065@live.com,Mathew,Castro,,789-433-5037,Fullerton,United States,19342,North Dakota,95 Belden,1964-03-02
crmid:6248103854,elding1942@live.com,Angele,Lewis,female,607-096-3903,Stanton,United States,25378,North Carolina,14 Noriega,1961-01-17
crmid:1583101364,furbished1998@live.com,Jorge,Taylor,male,585-886-5365,Waterbury,United States,93483,Connecticut,1054 Java,1940-06-28
crmid:6040422763,chinamen2068@gmail.com,Graham,Alston,,588-108-0989,Vacaville,United States,36609,Kansas,175 Ambrose Bierce,1974-10-22
crmid:1667800646,condurango1934@yandex.com,Tari,Gibbs,female,214-346-1338,Elizabeth,United States,64888,Vermont,393 Gloria,1958-11-25
crmid:5183337878,multirooted1873@yahoo.com,Gerry,Bentley,,278-930-1596,Hoffman Estates,United States,27098,Georgia,598 Lawrence,1972-04-10
crmid:2777721700,blackroot2052@gmail.com,Wilfredo,Stein,,253-254-2687,Garfield,United States,33834,Louisiana,1122 Lathrop,1965-07-15
crmid:4479218944,overbrim1807@yandex.com,Edison,Rocha,male,901-824-4086,Zanesville,United States,98125,Missouri,181 Marsily,1994-01-06
crmid:8516124534,mussitation1837@outlook.com,Stephane,Dunlap,female,608-200-4872,Covington,United States,45906,California,184 Goldberg,1951-08-09
crmid:4016385907,crawthumper2039@yandex.com,Burl,Garner,,020-645-7085,Goshen,United States,50863,Kansas,959 Pierpoint,1967-09-10
crmid:2908249493,deifier1936@outlook.com,Buster,Wolf,,795-696-3444,Hamilton,United States,62489,Oklahoma,546 Cooper,1969-10-29
crmid:9229526538,verbiages1842@live.com,Ailene,Hale,female,058-089-9936,Edgewater,United States,03947,Florida,105 Butte,1958-01-12
crmid:9486162396,sperate1956@yahoo.com,Sandie,Garrett,female,349-237-3546,San Gabriel,United States,98480,Maryland,710 Adele,1961-12-15
crmid:7837128924,skewbacked1976@live.com,Alonso,Swanson,,264-111-6855,San Dimas,United States,52104,Minnesota,528 Mallorca,1997-12-10
crmid:6282477065,serosa1965@gmail.com,Hubert,Henry,,442-809-2828,Moses Lake,United States,08323,New Mexico,1027 Parsons,1993-02-05
crmid:5860463246,antical1988@yandex.com,Nadene,Ward,female,473-164-8292,Cleveland Heights,United States,39686,Wisconsin,557 Nauman,1948-07-30
crmid:5055701922,rhamnohexite2066@yahoo.com,Daren,Gentry,,468-868-9570,Shawnee,United States,45179,Texas,976 Lyell,1985-01-17
crmid:2291616241,unebriate1929@live.com,Marica,Patel,female,089-745-5972,Dunedin,United States,37496,Rhode Island,256 Reddy,1956-06-23
crmid:1067100217,siums1838@gmail.com,Kendrick,Casey,,844-068-1375,Glendale Heights,United States,55231,California,860 Santa Ynez,1966-09-26
crmid:7109199568,blubber2049@yandex.com,Natisha,Aguirre,female,245-078-4637,New York,United States,59055,Nevada,1351 Pico,1997-10-08
crmid:5262800369,mouse1994@yandex.com,Charley,Henson,male,033-152-7882,Adrian,United States,08190,Oregon,258 Melba,1930-02-13
crmid:4221398376,slewer2023@outlook.com,Jeramy,Wilder,male,330-751-0596,Round Rock,United States,09279,Utah,1158 Richland,1939-11-10
crmid:6646359155,ventages1800@yandex.com,Donny,Marshall,,075-528-8490,Fort Walton Beach,United States,98879,Hawaii,368 Webster,1963-02-25
crmid:3120498754,cronet1985@live.com,Jesse,Williams,male,259-822-7628,Mountain Brook,United States,03948,Maine,821 Surrey,1994-01-27
crmid:6805411394,beshear1832@yandex.com,Fausto,Adkins,,515-742-1748,Lincoln Park,United States,64260,Hawaii,1136 Gerard,1983-11-17
crmid:8489272273,auditoria1989@outlook.com,Cheree,Johnson,female,331-067-4292,Ontario,United States,79646,Mississippi,699 Young,1950-11-03
crmid:5732827700,clason2031@yahoo.com,Reanna,Armstrong,female,782-172-9126,Palm Springs,United States,14347,Maine,397 Overlook,1946-07-01
crmid:7740661470,cameo1870@outlook.com,Kenia,Skinner,female,322-910-0077,East Moline,United States,27002,Colorado,208 Hegal,1957-05-27
crmid:6196790976,bloch1806@yahoo.com,Kasha,Goodwin,female,133-052-7594,New Berlin,United States,92381,Massachusetts,569 Newton,1996-03-09
crmid:3462699122,drakes2008@yahoo.com,Tracy,Carr,male,098-922-0646,Casa Grande,United States,75240,Connecticut,492 Mesa,1945-10-18
crmid:1103386061,bromes2067@yandex.com,Scot,Davidson,,581-638-0519,Texarkana,United States,71451,Wyoming,778 Transbay Loop,1978-04-16
crmid:6781243033,intrigued2065@gmail.com,Vince,Shepard,,220-513-7199,Villa Park,United States,73695,Colorado,1062 Bromley,1969-05-21
crmid:1181177525,danie2010@gmail.com,Anthony,Rodgers,male,233-572-4722,Campbell,United States,87758,Nebraska,676 Hotaling,1944-12-26
crmid:8514934438,heathrman2044@outlook.com,Florencio,Snider,male,489-101-0863,Albertville,United States,26634,Montana,1235 Belgrave,1931-04-27
crmid:6934554203,garbs2037@outlook.com,Jaquelyn,Wilkins,female,577-585-1062,Pearl,United States,87726,New Jersey,1106 Allen,1946-04-20
crmid:3481915704,memoir1806@outlook.com,Leeanne,Hurst,female,047-097-0774,Willoughby,United States,77254,Alabama,689 Brown,1956-12-31
crmid:6409822814,enfeeblish1987@yahoo.com,Victorina,Church,female,702-266-2592,Delray Beach,United States,77911,Mississippi,77 Visitacion,1954-12-31
crmid:7919691291,diakinetic1884@gmail.com,Major,O'neal,male,846-506-4154,Brownsburg,United States,66177,Maryland,1296 Pretor,1942-10-13
crmid:3389096653,aspersion1867@yahoo.com,Rosamaria,Rutledge,female,118-326-6500,Fargo,United States,47387,Florida,210 Holland,1961-07-26
crmid:4952183853,trs1979@yandex.com,Izetta,Horn,female,651-147-6146,Yuba City,United States,12197,Minnesota,1129 Margaret,1947-04-14
crmid:8244208640,unfinable1884@outlook.com,Henriette,Holland,female,178-799-1223,Chickasha,United States,15681,Wisconsin,293 Mountain Spring,1947-04-14
crmid:8439367884,balboa1874@yandex.com,Floretta,Wilder,female,681-718-2441,Olathe,United States,87119,Ohio,1224 Diamond Heights,1958-03-31
crmid:3246263250,longlines1861@yahoo.com,Marquetta,Maldonado,female,009-330-6015,San Ramon,United States,15888,Arkansas,38 Lenox,1948-06-18
crmid:2938182220,thob1865@live.com,Tyron,Henry,male,919-536-3799,Caldwell,United States,54177,Louisiana,1123 Stanford,1943-09-13
crmid:7463785187,bufonidae2044@yandex.com,Rosette,Hines,female,749-515-2425,Walnut,United States,14118,Alabama,1164 Ross,1950-07-14
crmid:5207195540,phthalein1973@gmail.com,Emelina,Compton,female,626-385-6210,Saratoga Springs,United States,11241,Utah,405 Lillian,1947-03-07
crmid:2745381484,agreeable2006@yandex.com,Joannie,Berg,female,633-433-7887,Raymore,United States,17069,Texas,685 Mandalay,1949-12-25
crmid:2213385331,embryon1813@gmail.com,Lory,Sanders,female,539-996-4793,Corvallis,United States,77096,Kentucky,750 Sycamore,1951-12-11
crmid:3462699122,canille1816@yahoo.com,Jeanene,Kaufman,female,403-066-1572,Springdale,United States,82259,Arizona,938 Estero,1952-04-16
crmid:8572548685,binman1895@yandex.com,Stacey,Monroe,male,651-570-6587,Asbury Park,United States,57816,Pennsylvania,254 Dalewood,1934-09-20
crmid:6212711121,basilosauridae1812@gmail.com,Williams,Saunders,,653-046-6190,Twin Falls,United States,69691,Alabama,51 Del Sur,1976-11-23
crmid:9914582886,drescher1875@gmail.com,Jamal,Lindsey,,016-694-2804,Hempstead,United States,97022,Arkansas,1223 California,1971-12-25
crmid:8988098320,immun1943@live.com,Luis,Copeland,,451-236-6699,Kannapolis,United States,93137,Maryland,152 Kenny,1976-10-13
crmid:6831845993,muumuu1981@live.com,Sang,Rocha,female,188-923-1970,Del City,United States,44318,Utah,468 Rockland,1954-08-25
crmid:2609893997,artaba2051@outlook.com,Jess,Morin,,211-970-6193,Parma,United States,26436,New York,546 Pacific,1967-09-22
crmid:3189823731,dramas1862@gmail.com,Sharita,Greer,female,429-741-3141,North Ogden,United States,23059,New Jersey,496 Alvarado,1998-04-15
crmid:7535835015,alien1815@outlook.com,Emil,Butler,,929-164-0230,Renton,United States,70111,Virginia,359 Avoca,1976-01-09
crmid:6183073433,earthenware1838@gmail.com,Lavonna,Trujillo,female,631-217-0285,Nacogdoches,United States,82820,Tennessee,489 Macarthur,1995-03-10
crmid:6827178350,article1873@live.com,Jonas,Spence,,250-756-3611,Reading,United States,37083,Missouri,591 Delta,1973-08-25
crmid:9551719353,decafid2008@yahoo.com,Lavelle,Chen,female,170-276-1575,Fairhope,United States,61648,Hawaii,101 Temescal,1961-11-10
crmid:2150053793,dogman1997@live.com,Daniel,Vance,male,638-420-5124,Pompano Beach,United States,11436,Michigan,943 Elk,1943-11-04
crmid:8681711268,cardiff2004@outlook.com,Abraham,Mathis,,336-569-3519,Paramus,United States,43058,Montana,752 Colin,1988-02-11
crmid:5788633091,youse2055@yandex.com,Reyes,Whitfield,,560-885-4033,Goodyear,United States,84719,Idaho,1257 Hawes,1967-08-20
crmid:7909821389,diazoate1817@yahoo.com,Theo,Hernandez,male,179-136-3698,Allentown,United States,74278,Illinois,613 Lenox,1931-12-18
crmid:4974473480,cooling2024@gmail.com,Noble,Kirk,,151-418-4197,Woodland,United States,27174,Connecticut,1278 Whiting,1967-07-26
crmid:7688133515,elizabethan1859@yahoo.com,Teresia,Mitchell,female,441-844-8228,Windsor,United States,82521,Nebraska,987 Overlook,1961-09-20
crmid:9582744330,mycoplana1969@gmail.com,Homer,Lane,,862-207-1549,Greenwood,United States,42561,Oregon,31 Martin Luther King Jr,1968-07-06
crmid:6053973745,prosobranch1999@live.com,Gianna,Hansen,female,346-006-9501,Tinton Falls,United States,13433,New Hampshire,1271 Cuesta,1951-03-12
crmid:4872253545,chavender1997@yahoo.com,Nicolas,Pugh,,156-947-6141,Post Falls,United States,24872,Maryland,46 Oneida,1966-04-16
crmid:1780632013,sourish1966@outlook.com,Jimmie,Norman,,491-862-3670,Garfield,United States,70357,Ohio,874 Manseau,1965-12-08
crmid:4401682691,pronephros2003@live.com,Len,Key,,791-051-5583,Merrillville,United States,97248,Louisiana,381 Exchange,1989-01-25
crmid:3331343839,snuffing1955@yahoo.com,Agustin,Heath,,672-542-3970,Laguna Niguel,United States,00336,Maryland,1233 Eaton,1979-01-02
crmid:3955095636,syphered2069@yahoo.com,Tawny,Carlson,female,977-713-4481,Duncan,United States,47359,Wyoming,348 Hillside,1956-08-05
crmid:8011114662,cremant1909@live.com,Trenton,Rush,male,762-076-3477,Atlantic City,United States,54107,Massachusetts,294 Josepha,1934-09-26
crmid:4769298134,diptera1845@yahoo.com,Rodolfo,Roman,,145-949-9219,Lomita,United States,53343,Colorado,800 Coronado,1984-10-24
crmid:2000990145,demotes2011@live.com,Charles,Clark,,206-892-4511,Rogers,United States,53360,Tennessee,848 Sola,1980-05-12
crmid:3979003814,euonymus1924@gmail.com,Mariano,Byers,male,683-674-5499,Royal Oak,United States,60370,Kansas,1238 Linda,1940-07-04
crmid:3918523388,placebos1990@outlook.com,Roy,Stevens,,371-429-4673,Springboro,United States,33286,Mississippi,616 Rockdale,1974-12-13
crmid:2449706994,cavum2014@live.com,Candie,Booker,female,364-518-3360,Nicholasville,United States,20441,West Virginia,1148 Pinto,1997-04-03
crmid:2788718687,internetwork2032@yahoo.com,Hertha,Carter,female,016-090-3657,Columbia,United States,12401,South Carolina,348 Bernal Heights,1949-04-05
crmid:9206072342,colias1825@outlook.com,Kennith,Smith,,053-908-7344,Lee's Summit,United States,80356,Texas,1079 Bell,1982-04-03
crmid:1992858444,aurore1861@gmail.com,Anthony,Pittman,female,501-065-6831,East St. Louis,United States,00515,Arizona,1220 Fourth,1957-01-23
crmid:8135294470,netlike1802@yandex.com,Art,Lane,,818-387-7818,Wichita Falls,United States,64385,Hawaii,208 Al Scoma,1994-07-19
crmid:4727584383,closterium2060@yahoo.com,Gail,Stanton,,975-935-0332,Findlay,United States,72227,Maine,1122 Acacia,1962-04-08
crmid:1590044261,broddy1946@yandex.com,Jordan,Craft,male,683-109-2368,Springville,United States,02172,Rhode Island,375 Trainor,1941-06-07
crmid:8494423206,dissolubleness1845@yahoo.com,Elias,Crane,,916-864-8619,Weslaco,United States,86211,Maine,1092 Winding,1968-10-08
crmid:6365449428,chicest1953@yahoo.com,Nicolas,Cox,,057-290-9771,Mount Pleasant,United States,71422,Alaska,583 Hardie,1993-05-05
crmid:3933055443,brightly1813@yahoo.com,Daron,Burris,male,727-718-8631,Brooklyn Center,United States,81207,Kentucky,1390 Candlestick Point Sra,1942-03-04
crmid:2315119344,akinesia2051@outlook.com,Hershel,Larsen,,239-561-9940,Homestead,United States,23254,Louisiana,701 Transverse,1973-04-20
crmid:5346584330,polystylar1836@yahoo.com,Alvin,Harper,,456-584-1866,Gainesville,United States,26103,California,911 Thomas Mellon,1964-04-26
crmid:1233868340,ungambolled2041@outlook.com,Elmo,O'brien,,828-045-8199,Topeka,United States,49216,New Mexico,524 Santos,1985-02-08
crmid:5814680990,backpacker1800@gmail.com,Darius,Bates,,865-592-2904,Killeen,United States,59508,Alabama,1220 Montezuma,1977-09-08
crmid:4537836163,nongaseous1848@yahoo.com,Aubrey,Barton,,440-828-6467,Pawtucket,United States,61470,Texas,686 Mandalay,1966-03-25
crmid:6076545209,winterberry2039@gmail.com,Leroy,Reid,,101-618-3176,Fort Lee,United States,02877,Rhode Island,460 Santa Ynez,1963-01-26
crmid:3873994047,illegible1926@gmail.com,Joshua,Gaines,,109-989-3488,Lincoln Park,United States,90603,Colorado,1106 Hoffman,1983-01-20
crmid:3986440307,documentary1946@yandex.com,Abe,Klein,,252-890-0497,Rock Hill,United States,63965,New York,936 Hawthorne,1968-05-24
crmid:3872638373,hoops1998@live.com,Heide,Cooley,female,913-046-8236,Santa Fe Springs,United States,11411,Vermont,621 Corwin,1955-04-07
crmid:3011919728,dislimns1948@outlook.com,Blair,Holcomb,,742-405-1553,Lenexa,United States,08497,Delaware,1100 Rankin,1982-02-18
crmid:7002685632,prodissolution1864@live.com,Graham,Woodard,,478-568-0006,Saco,United States,46429,New Mexico,685 Crespi,1987-01-20
crmid:4282183608,bondholding1874@live.com,Solomon,Roman,,614-305-1795,La Vista,United States,32741,Tennessee,373 Country Club,1979-05-19
crmid:7537065133,preoblige2046@gmail.com,Amiee,Mcfarland,female,536-791-6321,Elkhart,United States,95011,Pennsylvania,448 California,1959-01-19
crmid:9169451014,dingdonging1867@yandex.com,Marvin,Little,male,429-911-0827,Apache Junction,United States,38789,New York,436 Rio,1933-07-17
crmid:9308707850,defloration1952@yahoo.com,Deeanna,Wiggins,female,764-573-3751,Round Rock,United States,19069,North Carolina,872 Mammon,1954-02-10
crmid:7288359124,cimex2067@yahoo.com,Jayson,Rojas,,190-486-4121,Lodi,United States,58762,Massachusetts,754 Treasure Island,1983-10-02
crmid:3488176043,unerroneous1883@yahoo.com,Merlin,O'neill,,613-126-6375,Melrose,United States,53632,Texas,1256 Worcester,1989-09-14
crmid:2929388163,prunitrin1980@yahoo.com,Parker,Puckett,male,875-133-9359,Apache Junction,United States,87596,Nevada,1219 Clarence,1933-08-24
crmid:7072494160,doglike1947@gmail.com,Enrique,Mcdowell,male,422-191-3314,New Bedford,United States,58538,Nevada,527 Evelyn,1995-10-01
crmid:6521574845,retestifying1825@live.com,Milford,Finley,,887-618-1709,Irvine,United States,93782,West Virginia,1014 Bergen,1975-06-13
crmid:5445564341,draughtsman1901@yahoo.com,Kimi,Hart,female,802-930-6231,San Dimas,United States,22333,New Mexico,56 Calgary,1958-05-13
crmid:7770067642,earthenware2016@gmail.com,Connie,Pacheco,,042-794-1216,Stockton,United States,43860,Nevada,57 Palmetto,1988-10-11
crmid:2867834305,splay1875@outlook.com,Hayden,Moses,,783-250-4873,Virginia Beach,United States,70625,Virginia,1122 Dock,1969-02-18
crmid:7566289641,nonscraping1861@yahoo.com,Josiah,William,,424-041-9176,Oro Valley,United States,80797,Michigan,246 Coral,1968-02-15
crmid:4545807833,stirrup2037@yahoo.com,Maryetta,Cash,female,129-518-1185,Claremont,United States,81441,Kentucky,915 Broadway,1947-06-05
crmid:6329503175,camper2038@gmail.com,Everette,Benjamin,,499-227-2040,North Olmsted,United States,62977,Arkansas,745 Bepler,1999-10-09
crmid:3823124553,snakebite1946@yahoo.com,Keven,Hudson,,261-094-9505,Parkland,United States,86423,Texas,1245 Meadowbrook,1982-01-09
crmid:4427121503,qualm1965@yahoo.com,Antonia,Fuller,,703-199-9920,Santa Clarita,United States,41731,South Dakota,83 Ahern,1983-03-05
crmid:6755371851,bellmaker2046@yandex.com,Ramon,Holcomb,male,325-538-3415,Altus,United States,94040,Oregon,1124 Wayland,1932-08-14
crmid:1800156095,staurotide1983@live.com,Carletta,Palmer,female,122-683-7760,Corpus Christi,United States,06080,Alaska,481 Horace,1951-02-22
crmid:7147667210,onomatopoeia1890@outlook.com,Robt,May,,412-744-8650,Oceanside,United States,82890,Missouri,1147 Sheridan,1968-08-29
crmid:3298708609,dendrobatinae1965@outlook.com,Tom,Mosley,,811-651-5787,New Iberia,United States,57435,South Carolina,662 Roscoe,1996-10-15
crmid:2450684620,gouger1904@gmail.com,Isidra,Grimes,female,861-118-4113,Faribault,United States,21531,Texas,279 Flounder,1961-04-12
crmid:5931525361,brekel1970@yandex.com,Deon,Kane,,248-191-6143,New Braunfels,United States,41121,Michigan,470 Sonoma,1996-08-12
crmid:9761033717,dolman2053@yandex.com,Aurelio,Foley,,553-819-5708,Fort Walton Beach,United States,50072,New York,1133 Union,1963-10-07
crmid:2751002778,preacquisition1867@outlook.com,Benito,Hickman,,049-599-6353,Wentzville,United States,40059,Florida,14 Jeopardy,1991-01-01
crmid:2307083150,unchoking1988@yandex.com,Marvin,Parker,,262-506-6082,Lorain,United States,99266,Mississippi,593 Towerside,1984-01-09
crmid:7790620936,unipartite1976@yandex.com,Chi,Berg,female,524-787-2200,Yonkers,United States,80283,North Dakota,766 Holland,1959-02-03
crmid:8054450847,troutflower1962@yandex.com,Efrain,Head,male,008-737-6966,Trenton,United States,96119,Rhode Island,297 Chestnut,1942-03-13
crmid:1177697774,yammering1971@yandex.com,Rayna,Newton,female,645-455-0657,El Dorado,United States,56669,New Mexico,873 Houston,1958-10-14
crmid:5006086857,antifowl2011@outlook.com,Sol,Everett,,334-851-6858,Muskego,United States,53045,South Carolina,846 Pelican Cove,1994-10-22
crmid:6961544274,sphericotetrahedral1887@live.com,Myesha,Bauer,female,947-982-5794,Colton,United States,89941,New Jersey,652 Shakespeare,1949-10-30
crmid:2021053720,curlew1907@yahoo.com,Garland,Schmidt,,538-159-1415,Fridley,United States,10899,Kentucky,430 Oceanview,1964-03-16
crmid:4342299228,aurore1969@yandex.com,Lucius,Mcguire,male,513-833-0535,San Juan,United States,05935,Delaware,738 Somerset,1933-06-19
crmid:2815378785,symphoricarpos1885@gmail.com,German,Gutierrez,,996-951-9504,Glen Cove,United States,97382,Delaware,344 Aptos,1966-05-24
crmid:1481251414,edlin1890@gmail.com,Darnell,Owen,,664-038-9681,Hammond,United States,06985,Mississippi,887 Missouri,1969-01-04
crmid:8351367600,creaks2014@yandex.com,Hong,Vance,,674-647-9597,Hagerstown,United States,68528,Pennsylvania,1213 Precita,1969-11-09
crmid:9732513006,adumbrations1836@live.com,Chia,Foster,female,978-113-0116,Portland,United States,85672,California,104 Bucareli,1994-11-08
crmid:7396364497,labrus1809@yahoo.com,Rupert,Bray,male,088-308-4284,Carlsbad,United States,43008,Idaho,503 Macarthur,1944-08-04
crmid:3973367047,thoughtfree1918@live.com,Gregg,Rocha,,213-902-2452,Monrovia,United States,05926,New York,476 Meadowbrook,1992-02-23
crmid:7247662302,penicilliform1982@yahoo.com,Tyson,Lindsey,male,729-038-7246,Rutland,United States,05339,West Virginia,829 James,1936-11-18
crmid:5586614471,scions1906@gmail.com,Cesar,Payne,,161-168-8110,Miami Lakes,United States,76793,Vermont,1018 Avenue I,1990-12-31
crmid:5502983866,sponge1982@yandex.com,Bud,Mcfadden,,620-657-7952,Laguna Niguel,United States,92953,Minnesota,1317 Lloyd,1979-05-08
crmid:9141757200,bourcier1998@gmail.com,Ivan,Wall,,415-276-3798,Madison Heights,United States,20996,Utah,1260 Robinson,1985-05-21
crmid:5376419198,cardamom2035@outlook.com,Steven,Haney,,882-168-8419,Goshen,United States,78103,Nevada,783 San Diego,1967-03-14
crmid:1918316362,anthuriums1896@live.com,Emerald,Reeves,female,852-644-3883,College Park,United States,13718,Pennsylvania,439 Jasper,1949-03-24
crmid:5602908902,bizen1820@yahoo.com,Corey,Callahan,male,823-246-7170,Oak Creek,United States,16189,South Carolina,227 Bay Shore,1944-11-04
crmid:3878821693,clownery1880@yahoo.com,Clyde,Guerra,,561-179-7774,Pompano Beach,United States,51343,Maine,1121 Mcdonald,1963-02-12
crmid:3943253931,breena1960@outlook.com,Hildred,Baxter,female,962-708-3019,Edina,United States,16676,Delaware,1283 Lapidge,1958-04-02
crmid:4157210440,unindicatively1820@outlook.com,Nathanael,Riddle,,307-808-5763,Marshall,United States,41484,Washington,787 Bay Shore,1987-08-09
crmid:4456791728,adoree1950@yandex.com,Marty,Espinoza,,069-570-2319,Lake Forest,United States,14229,Maine,107 Zeno,1980-03-10
crmid:2071499664,sixteenths2037@live.com,Andres,Garner,male,219-950-1805,Allentown,United States,83486,South Carolina,1203 Greenwood,1931-01-11
crmid:8351254916,cangle1839@yahoo.com,Joan,Decker,,449-788-3737,New Brighton,United States,82218,Virginia,462 Linda Vista,1996-11-09
crmid:2286932680,carapo1814@gmail.com,Rafael,Baird,male,779-126-8589,Berea,United States,40957,Colorado,322 Sutter,1938-08-01
crmid:9788533756,cristina1932@yahoo.com,Mary,Hall,,995-053-8932,Jeffersontown,United States,25933,South Carolina,1070 Ingerson,1975-04-12
crmid:6505001739,aissaoua1948@outlook.com,Alberto,Lane,,959-047-2651,Irving,United States,64008,Washington,1200 Parkridge,1975-11-25
crmid:6682259684,asleep1805@outlook.com,Reuben,Jennings,,908-151-5064,Seymour,United States,75721,New Jersey,1146 San Ramon,1973-09-18
crmid:6413623278,moping1903@yandex.com,Christopher,Hicks,male,245-295-3061,Carbondale,United States,02963,New York,1158 Santa Rita,1944-02-14
crmid:3306444191,dramas1801@live.com,Raymond,Phillips,male,728-539-3864,Albertville,United States,76468,Texas,287 Adolph Sutro,1931-12-19
crmid:6194743248,pullover1914@outlook.com,Gonzalo,Hammond,male,806-077-2376,Birmingham,United States,25288,Connecticut,1396 Grant,1939-04-12
crmid:7727569213,caballero1995@yahoo.com,Gordon,Robles,male,998-482-0464,Boise City,United States,67079,Utah,886 Rosemary,1940-11-08
crmid:6998069912,proclaimed1998@gmail.com,Felton,Sellers,,085-289-2603,Mount Clemens,United States,93203,Colorado,718 Upper Service,1993-04-11
crmid:7265508217,thymol2060@live.com,Carson,Perkins,male,656-553-4014,Naugatuck,United States,07385,Utah,379 Tehama,1995-02-03
crmid:7347959702,checksumming1967@live.com,Palmer,Hebert,,365-729-5942,Sebastian,United States,41493,Massachusetts,425 Merrill,1992-04-06
crmid:2392630163,finalized2043@yandex.com,Wilhemina,Garrett,female,551-944-9045,Des Moines,United States,55245,Oregon,7 Conwell,1954-10-26
crmid:2504663678,assistency1947@outlook.com,Ezequiel,Hensley,,050-315-5251,Logansport,United States,06722,Rhode Island,591 Evelyn,1983-01-26
crmid:6178351135,unaltering1879@yandex.com,Sylvester,Campos,,146-939-2606,Vernon Hills,United States,33519,Nebraska,1 Dukes,1979-03-12
crmid:5460047586,cyclic1892@outlook.com,Avril,Fields,female,986-162-0858,Crestview,United States,60815,Florida,277 Stanton,1951-11-24
crmid:2428006622,circuits2035@outlook.com,Tuan,Harris,,699-199-1420,New York,United States,66155,Alabama,236 San Buenaventura,1997-11-09
crmid:6844570760,blabber1865@gmail.com,Carey,Mcintyre,,270-187-9145,Garden Grove,United States,11866,Virginia,1198 Caledonia,1965-03-24
crmid:6078605526,absurd1975@yahoo.com,Karry,Stanton,female,020-402-7458,Stamford,United States,12271,Rhode Island,564 Goettingen,1950-05-28
crmid:8968864141,oversured1908@gmail.com,Graig,Wilkerson,,158-549-2042,Pawtucket,United States,39669,Delaware,433 Quickstep,1970-01-31
crmid:8361793832,paediatric2056@yahoo.com,Ryan,Gay,,791-553-2887,Woburn,United States,77468,North Carolina,669 Mansell,1991-03-22
crmid:1562299372,coquitlam1836@live.com,Horacio,Mcbride,male,823-128-9954,Americus,United States,28820,Maine,85 Nautilus,1932-05-19
crmid:3234022133,gar2062@gmail.com,Willis,Burch,,659-342-0294,Ormond Beach,United States,66235,Alaska,1050 Old Harford,1965-11-28
crmid:4638561069,thorax1881@outlook.com,Erin,Potter,,790-229-4471,Suffolk,United States,27877,Maine,1267 Walnut,1962-12-24
crmid:2525629194,cherimoya1826@yandex.com,Mallie,Stone,female,169-812-9297,South El Monte,United States,18553,Minnesota,237 Uranus,1949-06-28
crmid:2262498109,hubcaps1897@yahoo.com,Niesha,Salazar,female,044-181-3684,Champaign,United States,67984,Utah,864 Annie,1946-11-13
crmid:6530760641,delphinite1908@yandex.com,Dirk,Porter,male,438-409-6744,Abilene,United States,18337,Missouri,874 West View,1930-03-23
