crmid,email,first_name,last_name,gender,mobile telephone,city,country,zip,state,street address,birthday,creditrating
crmid:7670311871,increaseful1833@outlook.com,Randolph,Shepard,,107-468-1316,Placentia,United States,58288,Washington,323 Bret Harte,1967-09-09,2781
crmid:6062677399,umbrellabird2039@yandex.com,Tyron,Montgomery,,340-769-1345,Kingston,United States,33264,New Hampshire,903 Loraine,1977-06-22,418
crmid:7751041582,alluring2059@yahoo.com,Ethan,Fuller,,519-341-1774,San Clemente,United States,68713,New Jersey,1140 Tampa,1971-05-26,1615
crmid:5184547026,satd1924@yahoo.com,Armando,Craft,,768-874-9682,Mount Pleasant,United States,81077,Iowa,1262 Staples,1993-05-04,1956
crmid:1253803498,cabasset1822@yahoo.com,Darnell,Baker,male,320-482-4844,Abilene,United States,12645,Montana,1209 Battery Wagner,1930-03-01,2485
crmid:9600409279,zoobenthoic1843@live.com,Rosamond,Vance,female,469-358-6644,Crestview,United States,78878,Texas,10 Carl,1951-07-29,612
crmid:5964949561,chisolm1954@gmail.com,Chuck,Santos,,257-460-4049,Fontana,United States,94005,Washington,281 Levant,1962-02-15,728
crmid:8003153181,cichlid1814@yahoo.com,Ruthe,Manning,female,457-004-5026,Downers Grove,United States,43686,Arizona,1176 San Luis,1955-08-18,1058
crmid:2582466735,scattershot2020@yandex.com,Kendrick,Rich,male,972-174-8428,North Chicago,United States,73107,Virginia,476 Malvina,1998-12-03,595
crmid:3276566352,backgammon1852@yandex.com,Shannon,Bridges,,622-330-3887,Issaquah,United States,82556,Tennessee,256 Ellsworth,1975-11-09,770
crmid:7179157939,damnation1994@gmail.com,Keven,Dawson,,572-703-6550,Paramus,United States,30682,Tennessee,1075 Oak Park,1978-03-01,1078
crmid:7792847364,molly1803@gmail.com,Kelley,Lane,,650-474-1015,Haines City,United States,08945,Delaware,16 Amazon,1969-02-26,941
crmid:2294620918,polled1902@live.com,Long,Bass,male,519-929-1844,Blaine,United States,93327,Delaware,243 Dukes,1939-11-12,479
crmid:4164788311,culch1849@yandex.com,Jamar,Pope,,791-949-9339,Lenoir,United States,85122,Kansas,1278 Chaves,1982-09-19,1703
crmid:8971720207,nonflexibleness1857@yahoo.com,Trinidad,Whitaker,male,669-110-2142,Shakopee,United States,09496,Utah,397 Burritt,1932-09-11,1123
crmid:2911249220,developed1969@outlook.com,Johnny,Hood,,051-291-2170,Mayfield Heights,United States,24365,Oklahoma,1255 Bessie,1988-05-17,937
crmid:7421234700,mantoid1817@outlook.com,Carson,Pace,male,518-794-4658,Atlantic City,United States,09759,Pennsylvania,38 Valerton,1934-02-22,663
crmid:2163199584,holoptic1814@outlook.com,Leisha,Hoover,female,247-380-6360,Rock Hill,United States,92640,Hawaii,990 Landers,1959-05-14,611
crmid:2862405717,phaenogamous1823@live.com,Becki,Swanson,female,268-441-2655,Covington,United States,70405,Delaware,1267 Sloan,1951-09-02,369
crmid:5690835621,locust1961@outlook.com,France,Phillips,female,079-096-5192,Clarksville,United States,15561,Alabama,120 Buena Vista,1948-03-23,1916
crmid:6003391978,huddlingly2032@yahoo.com,Nathanial,Allison,male,850-083-9010,Pascagoula,United States,04348,Oklahoma,21 Bradford,1938-12-14,1990
crmid:6743291201,adjuster1975@yahoo.com,Londa,Washington,female,511-501-0931,Derby,United States,79333,Pennsylvania,717 Elwood,1954-11-25,2269
crmid:2750226277,beechy1934@outlook.com,Paris,Velasquez,female,612-783-0343,Chico,United States,45895,Wisconsin,450 Islais,1947-07-29,2293
crmid:1845452456,sailable1809@yahoo.com,Ariel,Suarez,,647-210-3414,Rancho Mirage,United States,58203,Alaska,666 San Gabriel,1994-08-26,2246
crmid:3984873021,touchable2061@yahoo.com,Emile,Rose,,921-782-6786,Grand Rapids,United States,98727,Wyoming,1145 Moreland,1967-12-27,624
crmid:5539528206,blackest1850@outlook.com,Johana,Glenn,female,280-247-1483,Perrysburg,United States,23057,Wisconsin,469 Bowdoin,1958-04-11,339
crmid:7542498867,areopagite1828@live.com,Boris,Shelton,,252-384-6900,Grandville,United States,43983,Missouri,1191 Holland,1967-07-15,1682
crmid:7629691975,refrustrated2020@gmail.com,Jerry,Rose,,392-731-2734,Winter Garden,United States,37627,Maryland,1023 Avocet,1972-10-26,2185
crmid:9016263448,sensationistic1898@gmail.com,Bernard,Richardson,,219-787-3274,Sulphur,United States,54378,Tennessee,704 Forest Side,1973-07-07,1959
crmid:9718771160,hardline1960@yandex.com,Conrad,Santiago,male,750-415-6906,Allentown,United States,11939,New Hampshire,1304 Ambrose Bierce,1931-02-26,2484
crmid:3937242716,broddy2040@yandex.com,Ulysses,Hawkins,,833-693-6915,Laguna Beach,United States,55599,Arkansas,1146 Scotia,1979-09-11,822
crmid:9429277872,hare1878@outlook.com,Elvis,Brewer,,077-476-2323,Rutherford,United States,49718,Kansas,296 Drumm,1988-04-03,1831
crmid:1796236283,bootlessness1845@outlook.com,Fermin,Walter,male,886-853-6438,Yorkville,United States,07250,Arkansas,1304 George,1938-12-07,2662
crmid:6334614470,assistency1924@live.com,Deeanna,Vance,female,185-346-1192,Daly City,United States,51485,Maryland,915 Upper Service,1952-09-30,1797
crmid:5091199781,bureaus2043@live.com,Frank,Wynn,,791-486-9270,Pflugerville,United States,37427,New Mexico,811 Seymour,1978-04-23,2303
crmid:1395593771,replenished1923@live.com,Ron,Cain,,197-571-7743,Horn Lake,United States,10716,Kansas,298 Cleo Rand,1973-03-19,2059
crmid:8567456564,invict1926@yahoo.com,Josh,Ratliff,,575-051-4540,Socorro,United States,35933,Kansas,552 Toll Plaza Tunnel,1979-04-17,1837
crmid:7593170207,amaranthine1915@yahoo.com,Efrain,Mendez,,533-188-5306,Lancaster,United States,69597,Idaho,1029 Koret,1980-12-17,2976
crmid:8031138132,dingo1968@yandex.com,Arminda,Clements,female,934-757-2987,Dana Point,United States,90171,New Hampshire,840 Massasoit,1952-01-06,1792
crmid:4162671799,ryegrasses1812@yahoo.com,Forest,Bryant,,205-573-1932,Pleasanton,United States,40779,Connecticut,1139 Lick,1982-03-02,1522
crmid:7857777495,kwashiorkor2001@yandex.com,Wilton,Camacho,,754-027-0046,Perris,United States,60811,Wyoming,918 Page,1966-01-01,2567
crmid:4721544584,chatting1893@gmail.com,Gilberto,Fernandez,,961-064-8924,Pembroke Pines,United States,89020,Idaho,1390 Conservatory Access,1966-03-02,1228
crmid:6288663529,swinburnesque1813@gmail.com,Theodore,Mclaughlin,,010-534-0711,Hoffman Estates,United States,22507,Alaska,53 Dehon,1972-05-30,1955
crmid:7960226450,darnel1990@yahoo.com,Aleida,Daniel,female,193-314-5177,Oregon,United States,70231,Minnesota,758 Levant,1957-01-07,2372
crmid:2931629672,cyrenaic1809@outlook.com,Garland,Dotson,,004-652-8926,Redwood City,United States,41970,Kansas,1246 Sutter,1986-02-27,915
crmid:4699216888,nonearning1904@live.com,Ji,Johnston,female,013-971-6683,Pembroke Pines,United States,76436,West Virginia,1030 Del Monte,1955-10-08,2460
crmid:4590943922,penstemon1832@live.com,Vicente,Kirk,,835-779-0911,Fresno,United States,84694,Maryland,689 Brady,1964-07-25,1832
crmid:3115100133,ababa1911@live.com,Trey,Juarez,,427-352-6903,Newport News,United States,63554,Indiana,880 Concourse,1997-11-27,2879
crmid:4960713526,dingo1898@gmail.com,Candyce,Solis,female,339-125-8382,Royal Oak,United States,99099,Massachusetts,394 Verdun,1947-02-27,665
crmid:2219702142,dresel1843@yahoo.com,Denny,Daniel,,386-467-5425,Morton Grove,United States,29130,Virginia,445 Northern,1993-04-12,1153
crmid:6008419544,feedbacks2025@outlook.com,Sherman,Mendez,male,861-133-3822,Richmond,United States,06604,Texas,1092 Crystal,1934-12-20,1740
crmid:7840051499,beaux1950@yandex.com,Damon,Bentley,male,042-282-8244,Munster,United States,97802,Maine,866 Child,1994-02-27,1538
crmid:2621991310,listers1920@live.com,Roderick,Shannon,,327-265-3534,Greenfield,United States,45432,Michigan,424 Liggett,1968-07-22,2868
crmid:4846405225,byproducts1884@yandex.com,Duncan,Vazquez,,704-022-3322,Sunnyvale,United States,94577,California,272 Edith,1986-12-17,2656
crmid:7187098910,ergotic1849@outlook.com,Svetlana,Gilbert,female,868-505-7087,Trussville,United States,23977,Florida,1247 Halibut,1960-08-11,1338
crmid:1631731117,overshroud1923@gmail.com,Nathaniel,Boone,,876-506-9323,Morristown,United States,08600,Kansas,595 Carrie,1993-01-03,2057
crmid:5619472683,wakerife1862@gmail.com,Jerrod,Sears,,194-229-5673,Monterey Park,United States,89220,Delaware,354 Brunswick,1992-09-29,583
crmid:9482505441,grundyite1923@outlook.com,Riley,Foster,,944-847-2976,Laguna Hills,United States,97982,Oklahoma,493 Britton,1979-06-25,1228
crmid:6139198989,antiquarian1924@live.com,Dannie,Petty,,417-867-4139,Gardena,United States,56687,Missouri,690 Higuera,1965-10-03,974
crmid:5621540622,britt1850@yandex.com,Keli,Gonzalez,female,243-360-7248,Vineland,United States,23560,Massachusetts,737 Utah,1959-05-11,2078
crmid:7234968845,rondawel2019@outlook.com,Kenneth,Meyers,female,867-978-4665,El Dorado,United States,78995,Nevada,529 Sedgewick,1958-09-29,2536
crmid:8007017173,dragonfly2070@outlook.com,Nolan,Warner,male,743-956-5658,Xenia,United States,87146,North Dakota,56 West,1943-11-14,850
crmid:4503835555,annum1938@yahoo.com,Julene,Guy,female,129-313-7005,Colorado Springs,United States,23621,Indiana,633 Smith,1949-04-12,2980
crmid:5691254296,tochered1874@yandex.com,Margart,Horne,female,002-606-5704,Cookeville,United States,36110,Alabama,883 Galindo,1950-06-14,1924
crmid:6438603131,sauerbraten1844@outlook.com,Wilber,Rush,,301-079-5835,Sparks,United States,45827,Ohio,1392 Fella,1987-09-30,1453
crmid:6839564853,biomechanics1820@outlook.com,Robena,Long,female,983-022-7301,Ridgewood,United States,25150,Nebraska,63 Mcallister,1956-07-17,732
crmid:1661677127,foothill1911@yandex.com,Karl,Hahn,male,405-472-5790,Brockton,United States,37946,Iowa,560 Santa Ana,1941-06-12,1996
crmid:7285415389,vandalic1835@gmail.com,Brendon,Carlson,,822-183-6065,Gardner,United States,98419,Ohio,526 Brosnan,1965-07-26,2127
crmid:2291957741,fabulously2046@yahoo.com,Rocky,Meyers,male,429-479-8437,Apple Valley,United States,96375,Illinois,707 Ils,1933-08-20,813
crmid:9645741029,creaks1989@yahoo.com,Warren,Giles,male,737-381-9051,Westminster,United States,95237,Minnesota,799 Everglade,1933-10-11,2365
crmid:1069803126,rhamnohexite1942@live.com,Millard,Kramer,,047-141-1752,Rancho Santa Margarita,United States,58650,Nebraska,785 Stoneyford,1998-07-28,2794
crmid:3785780813,dolman1908@yandex.com,Dean,Dyer,,332-586-6741,Rogers,United States,57741,Idaho,1258 Imperial,1995-05-26,2344
crmid:4348045830,agnosia1983@outlook.com,Kevin,Middleton,,877-841-3137,Mission Viejo,United States,32962,Oregon,127 Lisbon,1991-06-17,1728
crmid:3497690158,ape1860@live.com,Kerry,Yates,,019-683-0559,Johns Creek,United States,77469,Montana,27 Cooper,1975-12-18,2681
crmid:6044231380,demibrassart1884@gmail.com,Serafina,Walter,female,296-619-1863,Tamarac,United States,19551,Arizona,1320 Helen,1950-08-30,776
crmid:5546670132,highflier1867@yahoo.com,Angelyn,Daniel,female,318-300-7685,El Cajon,United States,70883,Florida,671 Las Villas,1958-01-07,869
crmid:4802857159,opossum1851@yahoo.com,Noah,Mcfadden,,663-720-5093,Vicksburg,United States,34854,Massachusetts,205 Galilee,1972-09-16,440
crmid:6666817779,evacuator1848@outlook.com,Paul,Reilly,,148-489-3990,Haverhill,United States,96904,South Carolina,1379 Chabot,1970-03-20,965
crmid:3843467719,ebbman1978@live.com,Cleveland,Rosales,,336-153-0508,Jamestown,United States,67407,Rhode Island,439 Mill,1975-12-28,1289
crmid:4510264314,baktun1906@yahoo.com,Erin,Mccullough,,353-622-1274,Plainview,United States,62764,Illinois,1165 Meda,1981-05-30,1777
crmid:4930491585,kingdoms2024@outlook.com,Refugio,Whitney,,287-612-4289,New Brighton,United States,68887,Ohio,899 Irwin,1996-12-23,2576
crmid:5719991607,myelopathy2018@yandex.com,Jacob,Graves,,610-682-0995,Norwich,United States,79331,Tennessee,718 Kamille,1999-12-19,2136
crmid:3154304551,thoracic2010@gmail.com,Barton,Wilkinson,,340-280-7327,Hammond,United States,53909,Missouri,212 Pino,1969-10-30,1206
crmid:2202164245,alvine2015@yahoo.com,John,Robinson,,047-373-1958,Lodi,United States,79938,Connecticut,129 Public,1983-12-03,660
crmid:6876399367,holloo2065@live.com,Davis,Allen,,965-145-6906,Oregon,United States,83817,Alabama,174 Southern Heights,1970-09-28,2392
crmid:7137415514,laurvikite2066@live.com,Twana,Powers,female,722-704-4681,Streamwood,United States,68577,North Dakota,635 Gatun,1953-12-17,446
crmid:1390120846,disorganise1960@yandex.com,Kalyn,Hobbs,female,124-686-3566,Sachse,United States,62420,Iowa,483 Felix,1999-04-08,1837
crmid:4144420208,overbrush2001@live.com,Deshawn,Middleton,,499-212-0452,Palmdale,United States,55456,Maryland,249 Pacific,1987-09-30,2349
crmid:5862635602,aboveground1974@yandex.com,Cole,Schroeder,,324-191-5951,Murrieta,United States,39088,Vermont,1081 Escolta,1994-05-28,2175
crmid:6512598685,cherimoya2063@yahoo.com,Douglas,Doyle,,505-394-2330,Hamtramck,United States,84019,Washington,1206 La Salle,1969-08-08,1881
crmid:4035030768,amused1930@yahoo.com,Leonardo,Madden,,473-356-7006,Fontana,United States,88723,Wisconsin,495 Mirando,1962-07-25,1704
crmid:8742567834,disobligatory1922@live.com,Sheba,Parker,female,360-486-8343,Fairmont,United States,94765,Georgia,405 Boardman,1961-08-22,2462
crmid:5521700631,engravers1991@yandex.com,Irmgard,Mack,female,266-099-5864,Owasso,United States,66223,Louisiana,1352 Melrose,1958-04-18,747
crmid:9633213362,duckies2000@yandex.com,Fausto,Hinton,male,697-426-6593,Auburn Hills,United States,62167,Arkansas,1113 Rivera,1934-11-29,1021
crmid:6162870148,ringingly1877@live.com,Epifania,Hensley,female,311-381-4203,Prattville,United States,71914,Georgia,674 Pollard,1948-12-31,1370
crmid:1766617926,elvera2031@yandex.com,Herbert,Dennis,,084-407-4525,Kankakee,United States,76229,South Dakota,295 Fredson,1976-12-01,2368
crmid:4732371156,clarified2047@yandex.com,Gerry,Flores,,867-707-1658,Fort Dodge,United States,83726,Nevada,1373 Mission,1963-06-17,2495
crmid:9700627145,coldish2064@gmail.com,Daryl,Hanson,female,358-284-8809,East St. Louis,United States,17875,Colorado,626 North,1957-02-13,545
crmid:4744439378,ridottos1914@live.com,Darnell,Hoover,,009-444-5686,San Bernardino,United States,23844,Wyoming,1182 Greenview,1967-05-11,982
crmid:8830358005,quebrachos1983@gmail.com,Renaldo,Mcclure,,925-232-5742,Surprise,United States,52657,Pennsylvania,1358 Kingston,1995-05-09,1445
crmid:4030779669,integrate1854@yandex.com,Walter,Pittman,female,768-189-3393,Willoughby,United States,79516,Ohio,436 Forest Knolls,1955-12-21,426
crmid:2136826673,undelusively1873@outlook.com,Leif,Hayes,male,910-408-5392,Prichard,United States,13119,Delaware,39 Striped Bass,1942-06-13,1443
crmid:4164494755,euectic1917@yahoo.com,Donovan,Puckett,,343-729-4472,Hannibal,United States,96072,Iowa,635 Peters,1969-02-23,501
crmid:3291042312,peninsulas2024@gmail.com,Leisha,Brock,female,474-757-8967,Detroit,United States,92088,New York,677 Whitecliff,1954-05-04,715
crmid:9881046477,celesta2020@live.com,Rich,Holcomb,,850-268-3601,Flint,United States,21495,Nevada,723 Highland,1962-05-01,1739
crmid:8030589721,merycism1813@live.com,Winston,Howe,male,871-780-5442,Athens,United States,94771,Nevada,165 Cielito,1934-10-15,2396
crmid:4776107373,wingy2012@gmail.com,Timothy,Waters,,809-268-6917,Garner,United States,77190,Nebraska,170 Anglo,1965-12-07,445
crmid:6241499010,simars2035@yandex.com,Dion,Allison,,687-989-2562,Havelock,United States,53717,Nebraska,704 San Jacinto,1970-09-10,2270
crmid:5822556424,peelings1834@gmail.com,Marion,Fulton,,223-358-0191,Inglewood,United States,35893,Oregon,446 Bromley,1974-06-28,2014
crmid:3073405172,tritoma2055@gmail.com,Fumiko,Colon,female,414-230-0492,North Platte,United States,11244,Georgia,854 Arleta,1999-03-06,2356
crmid:4910147893,backcross1991@yahoo.com,Tyree,Hansen,,896-688-8790,Plano,United States,36552,Alabama,767 Waltham,1973-12-20,2877
crmid:2541807921,lactim1839@outlook.com,Bruno,Davis,male,917-188-3856,Bangor,United States,02550,Idaho,1239 Ellis,1936-02-08,2531
crmid:1901016446,cervid2024@yandex.com,Willene,Preston,female,246-323-4770,Doral,United States,51403,South Dakota,749 Commer,1955-09-24,2549
crmid:5558768388,delage1897@live.com,Rodney,Lowe,male,496-223-9980,Casper,United States,48741,New York,419 Ritch,1945-08-18,2193
crmid:8362442687,chela2012@outlook.com,Kenny,Hudson,,902-123-2685,Laguna Hills,United States,53894,California,190 Pollard,1979-10-24,2765
crmid:5594746158,dungs2032@yandex.com,Adam,Gibson,,799-329-4224,Tulare,United States,63202,New Hampshire,657 Saddleback,1970-07-08,1965
crmid:9110302439,antinome1836@live.com,Kellye,Jensen,female,669-728-3028,Oakdale,United States,81274,West Virginia,671 Brussels,1949-12-09,1513
crmid:2072142308,bibliomane1867@gmail.com,Milton,Cline,,708-132-1285,Lenexa,United States,62401,Washington,23 Jason,1982-10-03,2114
crmid:4247360547,coerced2043@outlook.com,Dannielle,Mclaughlin,female,443-920-9606,Tupelo,United States,15884,Nebraska,19 Public,1949-02-19,674
crmid:7524568328,unmodifiableness1851@gmail.com,Refugio,Swanson,male,560-550-8717,Alsip,United States,48093,Wisconsin,63 Rockridge,1931-08-28,2792
crmid:4910496363,dulcity1994@live.com,Ettie,Jordan,female,400-804-0953,Orinda,United States,51987,New Mexico,1243 Shafter,1950-11-28,1463
crmid:2962691980,brags2059@outlook.com,Brett,Hutchinson,,438-258-1220,Irving,United States,91057,New Mexico,735 Huntington,1975-02-05,1225
crmid:4937565207,unties2042@gmail.com,Curt,Cummings,,757-876-3715,Kansas City,United States,58809,North Dakota,430 Conservatory,1976-10-21,810
crmid:6904103511,anthramin2055@live.com,Geraldo,Callahan,,125-170-9289,Kingsville,United States,11234,Florida,1102 Funston,1978-03-09,1517
crmid:3103211403,dimitra1836@yahoo.com,Mark,Franco,male,913-264-0733,Overland Park,United States,80339,California,533 Ardath,1936-12-13,2287
crmid:7658858526,blisters1821@gmail.com,Devora,Salas,female,350-620-9452,Prairie Village,United States,91670,Arizona,619 West Broadway,1955-12-20,2627
crmid:3412885871,wonders1978@yandex.com,Grant,Higgins,,038-127-0055,Garner,United States,96526,Rhode Island,843 Hazelwood,1965-08-20,2603
crmid:9351658637,colorant1909@outlook.com,Williams,Davenport,,440-499-5175,Santa Cruz,United States,57635,Massachusetts,1191 Dore,1979-12-18,1603
crmid:4977059576,extravert1813@gmail.com,Luis,Pruitt,female,289-406-3967,Northampton,United States,72777,Alaska,195 Isola,1999-12-29,943
crmid:6514338603,cabasset2001@outlook.com,Monet,Thomas,female,343-329-5382,El Centro,United States,88143,Minnesota,699 Osgood,1958-07-29,1510
crmid:3665435324,anoop1831@outlook.com,Henry,Rowe,,697-492-4494,Louisville,United States,07775,Arkansas,1126 Lombard,1984-01-05,1020
crmid:2281486298,dramshop1875@yandex.com,Jules,Zamora,,534-977-3813,Hammond,United States,50369,Indiana,304 Music Concourse Access,1969-10-21,2164
crmid:2520005370,decalage1962@yahoo.com,Loyd,Floyd,,547-273-3813,Kalispell,United States,90182,Oklahoma,1261 Mabel,1976-01-13,861
crmid:4494867434,batch1831@outlook.com,Eldridge,Mcgee,,976-171-5956,Thousand Oaks,United States,83597,Pennsylvania,125 Northern,1967-06-11,2759
crmid:5874290519,archsewer1818@gmail.com,Isela,Hardy,female,686-200-4095,Charleston,United States,20068,Texas,604 Lawrence,1946-04-13,2596
crmid:9116167290,unreluctantly1879@outlook.com,Lyndia,Malone,female,168-120-0802,Cliffside Park,United States,38566,Michigan,348 Nottingham,1948-06-18,1605
crmid:7207063493,mediums1997@yahoo.com,Howard,Wilder,,326-888-8562,Sacramento,United States,43839,Massachusetts,700 Onique,1988-06-21,1242
crmid:7768293740,abroad1939@outlook.com,Arron,Rich,,972-685-5847,Herriman,United States,46782,Wyoming,345 Harrison,1971-07-09,541
crmid:8510235781,phthalein1941@yandex.com,Dorian,Finch,,820-838-8709,Lake Elsinore,United States,66569,Louisiana,600 El Mirasol,1980-10-19,2892
crmid:4602392660,labradoodle1845@gmail.com,Lamar,Newton,,975-606-8216,Hermosa Beach,United States,39601,South Carolina,1094 Kamille,1971-06-17,525
crmid:7738827527,optimacy2026@yahoo.com,Keenan,Keith,male,651-026-0345,Carrboro,United States,64279,Texas,1118 Blatchford,1944-11-11,1222
crmid:8230646186,dolmen2028@outlook.com,Ching,Mcintyre,female,564-659-2031,Coon Rapids,United States,06545,Vermont,910 Gloria,1950-02-19,2983
crmid:3543900126,brownlee2069@gmail.com,Jackson,Carlson,,952-316-0810,Terre Haute,United States,88548,Louisiana,203 Del Sur,1979-10-10,2531
crmid:2956227389,desdemon1894@gmail.com,Santo,Mccray,,124-052-7455,Watertown,United States,48375,Connecticut,339 Faxon,1986-06-10,659
crmid:1651176304,wyson1953@gmail.com,Damian,Small,male,725-160-1703,American Fork,United States,91127,Maine,1214 Clementina,1932-02-27,491
crmid:5051220988,blabber1965@yahoo.com,Diedre,Sanders,female,045-352-2836,East Providence,United States,67363,Massachusetts,1193 Potrero,1957-11-05,2512
crmid:4207968551,santalol1849@gmail.com,Oscar,Orr,,591-000-1085,Honolulu,United States,52065,South Carolina,1197 Chase,1973-10-22,2759
crmid:8105935667,paperweight2065@live.com,Edwin,Stevens,male,090-124-9462,Aliso Viejo,United States,98967,Illinois,205 Andover,1931-03-28,599
crmid:7767854906,instructorless2020@yandex.com,Valene,Jacobson,female,257-657-2246,Fairbanks,United States,51399,Maine,1144 Rosella,1961-09-15,452
crmid:4476908431,michelangelo1942@gmail.com,August,Ballard,male,459-301-5341,Burien,United States,07485,Idaho,208 Turquoise,1942-01-02,1687
crmid:5876222162,cudden1900@live.com,Oren,Chang,,502-781-4797,Haverhill,United States,15244,Illinois,1192 Castle Manor,1970-03-21,1451
crmid:6929871151,alterant1820@outlook.com,Cortez,Merrill,,069-535-8434,Pittsburg,United States,68916,Ohio,1123 Farallones,1980-07-30,2261
crmid:5747031627,falchion1859@yahoo.com,Forrest,Price,male,763-332-1351,San Antonio,United States,69726,Delaware,439 Velasco,1945-04-24,325
crmid:3122814182,damil1954@live.com,Brooks,Palmer,,401-850-7808,Lake Oswego,United States,41764,Maryland,939 Laskie,1980-08-07,2721
crmid:8933397918,chien2054@live.com,Damian,Hood,,095-482-6180,Greeley,United States,05134,Arizona,869 Sternberg,1968-01-17,1187
crmid:4946601316,disbelief1804@yandex.com,Chet,Ayers,male,627-490-0167,Asbury Park,United States,08106,Iowa,282 Costa,1934-02-01,650
crmid:9137098514,adventurer1802@live.com,Kevin,Calhoun,female,928-619-4005,Fairview Heights,United States,61064,Utah,1321 West,1961-11-09,2406
crmid:4833462616,appointment1923@gmail.com,Guy,Dotson,,508-404-5367,Hamtramck,United States,67521,Washington,595 Hermann,1969-10-27,1567
crmid:9963155901,boohoo1984@yandex.com,Whitney,Chen,,354-310-7329,Lockport,United States,74599,Pennsylvania,1253 Moulton,1983-04-15,2713
crmid:2620335134,endeavours1886@outlook.com,Colin,Mclean,,023-265-8494,Layton,United States,38555,Hawaii,40 Hattie,1981-06-15,1218
crmid:1828953080,demur1939@live.com,Scottie,Barnes,male,197-671-2416,Wauwatosa,United States,08857,Missouri,1133 Jordan,1933-12-27,701
crmid:8805533313,diploptera2016@gmail.com,Trent,Dillon,,274-402-2079,Paterson,United States,29350,Nevada,460 Lexington,1963-09-30,1420
crmid:9855822988,donica1943@live.com,Coretta,Singleton,female,892-394-4463,Chesapeake,United States,04289,Louisiana,120 Mangels,1946-02-27,2036
crmid:9931137774,clifton2008@outlook.com,Maria,Gutierrez,,991-761-1386,Green,United States,44318,South Carolina,272 Harvard,1968-07-02,2032
crmid:1628819947,sanded1917@gmail.com,Kory,Slater,male,281-635-7950,White Bear Lake,United States,18980,Iowa,455 Tucker,1942-06-27,1131
crmid:4375077461,lithoclase1846@gmail.com,Kelvin,Dudley,,700-792-4735,Hackensack,United States,29936,South Dakota,153 Castro,1969-04-08,2996
crmid:6797597198,thermostat1879@outlook.com,Garry,Sweeney,,317-807-9851,Lawndale,United States,62676,Rhode Island,1184 Wilde,1981-11-02,2779
crmid:1515551526,axolotl1902@live.com,Kyle,Klein,male,869-140-2046,Shelbyville,United States,04228,Vermont,943 Cosmo,1938-06-16,1144
crmid:7527204352,milliweber1843@yandex.com,Melvin,Taylor,,752-258-5267,Morton Grove,United States,27998,Missouri,1299 Cargo,1993-05-22,1720
crmid:1500104385,adjoining1826@gmail.com,Regenia,Cortez,female,847-385-0730,Sheboygan,United States,21003,South Dakota,455 Ripley,1956-07-07,1827
crmid:5590058621,campo2008@gmail.com,Donte,Bradley,,665-150-3399,Northglenn,United States,64502,Hawaii,20 Cecilia,1999-12-26,2765
crmid:9375332063,sak1833@outlook.com,Audrie,Walls,female,116-961-2803,Oakley,United States,91930,Massachusetts,272 De Wolf,1947-01-30,2133
crmid:5805060917,lehuas1838@outlook.com,Rossana,Hopkins,female,045-556-8497,Farmington,United States,47957,California,1358 Brighton,1961-07-14,2132
crmid:1241636076,copyist2015@live.com,Salley,Sexton,female,004-950-6757,Clifton,United States,46738,Alaska,729 Quincy,1948-08-26,2285
crmid:9596968017,ambitious1937@yandex.com,Winston,Blankenship,,255-449-8205,Salt Lake City,United States,91770,Pennsylvania,211 Jeopardy,1963-03-22,2945
crmid:6621898518,boiko1885@yahoo.com,Willard,Patton,,066-326-8685,Glenview,United States,18864,Pennsylvania,341 Leese,1966-03-20,2566
crmid:1932832689,daimen1882@outlook.com,Long,Nguyen,,027-748-2381,Hanford,United States,22868,Hawaii,189 Connecticut,1969-05-31,2619
crmid:2140313617,beppie1869@yahoo.com,Terence,Patterson,,719-133-2854,Westfield,United States,25694,Wyoming,614 Velasco,1967-09-30,1314
crmid:7159141133,breaded1972@yahoo.com,Vincenzo,Mcintyre,,386-378-6861,Rock Island,United States,27759,Washington,276 Mccann,1964-03-25,723
crmid:2930936954,bouche1900@gmail.com,Chung,Sharp,female,535-239-6187,Rogers,United States,19711,Oklahoma,756 Silver,1951-02-27,1843
crmid:9633893914,tannined2046@live.com,Emory,Harmon,,655-780-8381,Libertyville,United States,26839,Virginia,48 Reuel,1982-04-25,1077
crmid:5119531983,depark1897@yahoo.com,Giovanni,Travis,,099-323-6844,Fresno,United States,26638,Maine,391 Hutchins,1964-05-22,593
crmid:7977297411,scumbag1896@yahoo.com,Alita,Fry,female,563-197-6215,Chesterfield,United States,08220,Tennessee,580 Monument,1946-01-10,715
crmid:5683322576,albata1944@yahoo.com,Jim,Leblanc,,287-457-0901,Hollister,United States,88286,North Carolina,579 Lunado,1972-08-29,561
crmid:2733151409,darkies1896@outlook.com,Marlin,Sparks,male,611-298-7245,Arnold,United States,98616,Florida,397 Sweeny,1933-07-27,1491
crmid:5980256818,beaverish1958@outlook.com,Wilson,Morgan,male,530-885-0881,Sacramento,United States,75535,Montana,924 Cerritos,1945-10-21,1406
crmid:2183686545,aldus2064@yahoo.com,Gavin,Osborn,male,491-113-7794,Niagara Falls,United States,02935,New Mexico,276 Wyman,1997-01-28,724
crmid:6514086655,bigman2050@gmail.com,Jamaal,Bolton,male,083-783-1750,Agoura Hills,United States,82144,Iowa,845 Malta,1930-05-03,2002
crmid:5739695861,painterly1987@live.com,Maren,Henry,female,329-129-9256,Parkland,United States,13403,Mississippi,253 Isadora Duncan,1950-06-13,1531
crmid:9120815462,confused1844@outlook.com,Lashandra,Goodman,female,956-992-2196,Vineland,United States,13560,South Carolina,957 Havelock,1953-05-12,743
crmid:5036767700,befouled1826@yandex.com,Sydney,Bentley,,543-672-5854,Maryland Heights,United States,92551,Pennsylvania,1012 Bertha,1987-05-17,1073
crmid:1067891950,splay2014@yahoo.com,Lowell,Byers,,956-506-0636,Peoria,United States,33033,Indiana,1081 Prado,1975-06-01,1370
crmid:6012948536,emacs1900@yandex.com,Charlyn,Donovan,female,116-226-7007,Sherman,United States,89067,Alabama,291 Clementina,1950-02-08,2251
crmid:2197052035,caved1876@gmail.com,Vi,Weeks,female,399-937-9765,Cottonwood Heights,United States,51671,Maryland,66 Faxon,1951-09-30,2665
crmid:6403936357,projacient2043@outlook.com,Alphonso,Foley,,370-709-5488,Louisville,United States,60095,New Mexico,803 Loyola,1984-11-06,367
crmid:8606505732,derates1839@outlook.com,Dante,Moran,,427-810-0612,Lynbrook,United States,53291,Tennessee,160 West Point,1985-09-23,1920
crmid:3910789676,starlessly2028@outlook.com,Marquis,Mooney,,139-492-2542,Holyoke,United States,91354,Georgia,631 Woodacre,1972-04-06,1526
crmid:5994529693,canuck1809@yahoo.com,Donny,Lane,,451-641-0501,Glen Ellyn,United States,28584,Louisiana,1210 Sagamore,1966-04-01,1207
crmid:5757381726,protrusile1963@live.com,Stewart,Hansen,,552-197-3660,Yakima,United States,88033,New Mexico,719 Madrid,1986-09-02,2231
crmid:4285336398,ragdoll1957@gmail.com,Seth,Bennett,male,810-591-6274,Belvidere,United States,50838,Hawaii,1120 Adam,1938-09-02,1308
