id,crmid,propensity_room_upgrade,propensity_extended_nights
f77e2634-914c-11ea-8fa2-b88a60e194fb,crmid:7670311871,9,3
f7800e8c-914c-11ea-b94d-b88a60e194fb,crmid:6062677399,4,3
f781cfd8-914c-11ea-a420-b88a60e194fb,crmid:7751041582,8,4
f7840622-914c-11ea-9d8c-b88a60e194fb,crmid:5184547026,4,9
f785b3be-914c-11ea-a7bf-b88a60e194fb,crmid:1253803498,8,3
f787887a-914c-11ea-a5ed-b88a60e194fb,crmid:9600409279,10,5
f78936c6-914c-11ea-99a4-b88a60e194fb,crmid:5964949561,3,8
f78ae3d4-914c-11ea-a66d-b88a60e194fb,crmid:8003153181,5,8
f78cdfd2-914c-11ea-b72c-b88a60e194fb,crmid:2582466735,5,1
f78e8d78-914c-11ea-a66f-b88a60e194fb,crmid:3276566352,4,7
f7903c66-914c-11ea-aa2d-b88a60e194fb,crmid:7179157939,5,8
f791c300-914c-11ea-a40d-b88a60e194fb,crmid:7792847364,4,9
f793705a-914c-11ea-a2fd-b88a60e194fb,crmid:2294620918,5,7
f7962e62-914c-11ea-ab5e-b88a60e194fb,crmid:4164788311,8,5
f797f0ba-914c-11ea-8816-b88a60e194fb,crmid:8971720207,8,3
f799ec88-914c-11ea-9ff7-b88a60e194fb,crmid:2911249220,8,5
f79b5e98-914c-11ea-a645-b88a60e194fb,crmid:7421234700,8,4
f79ce536-914c-11ea-93e6-b88a60e194fb,crmid:2163199584,4,8
f7a0c946-914c-11ea-abc5-b88a60e194fb,crmid:2862405717,9,4
f7a2b1cc-914c-11ea-a1a7-b88a60e194fb,crmid:5690835621,7,3
f7a4d44c-914c-11ea-ad32-b88a60e194fb,crmid:6003391978,6,5
f7a68212-914c-11ea-8d00-b88a60e194fb,crmid:6743291201,3,4
f7a7f636-914c-11ea-a452-b88a60e194fb,crmid:2750226277,9,5
f7a9b762-914c-11ea-bb13-b88a60e194fb,crmid:1845452456,7,3
f7ab5168-914c-11ea-b8f3-b88a60e194fb,crmid:3984873021,8,3
f7acfe34-914c-11ea-95fa-b88a60e194fb,crmid:5539528206,4,4
f7ae85c2-914c-11ea-aeff-b88a60e194fb,crmid:7542498867,5,4
f7b06cf4-914c-11ea-8cf9-b88a60e194fb,crmid:7629691975,8,5
f7b21b36-914c-11ea-b0e9-b88a60e194fb,crmid:9016263448,8,6
f7b41692-914c-11ea-83fd-b88a60e194fb,crmid:9718771160,9,4
f7b6398c-914c-11ea-a3b4-b88a60e194fb,crmid:3937242716,3,5
f7b7e724-914c-11ea-a379-b88a60e194fb,crmid:9429277872,3,5
f7b995ca-914c-11ea-89b0-b88a60e194fb,crmid:1796236283,8,6
f7bb2ef6-914c-11ea-8650-b88a60e194fb,crmid:6334614470,8,4
f7bcdcc0-914c-11ea-ad61-b88a60e194fb,crmid:5091199781,4,4
f7bf3a06-914c-11ea-9b5d-b88a60e194fb,crmid:1395593771,6,3
f7c0ad26-914c-11ea-8cb8-b88a60e194fb,crmid:8567456564,3,4
f7c26e74-914c-11ea-84a0-b88a60e194fb,crmid:7593170207,8,4
f7c4088a-914c-11ea-aabd-b88a60e194fb,crmid:8031138132,9,5
f7c6043a-914c-11ea-9f5f-b88a60e194fb,crmid:4162671799,7,3
f7c7b1e8-914c-11ea-8e04-b88a60e194fb,crmid:7857777495,5,3
f7c98690-914c-11ea-91a3-b88a60e194fb,crmid:4721544584,5,8
f7cb8270-914c-11ea-b7d0-b88a60e194fb,crmid:6288663529,4,4
f7cd7f9c-914c-11ea-af16-b88a60e194fb,crmid:7960226450,4,3
f7cf79f8-914c-11ea-a773-b88a60e194fb,crmid:2931629672,6,3
f7d1ec58-914c-11ea-b5cc-b88a60e194fb,crmid:4699216888,9,4
f7d39a10-914c-11ea-8127-b88a60e194fb,crmid:4590943922,5,9
f7d56d6c-914c-11ea-94c0-b88a60e194fb,crmid:3115100133,3,4
f7d7424c-914c-11ea-a6d6-b88a60e194fb,crmid:4960713526,9,4
f7d8dc6c-914c-11ea-b0ea-b88a60e194fb,crmid:2219702142,8,4
f7dac48a-914c-11ea-be16-b88a60e194fb,crmid:6008419544,3,3
f7dc85ba-914c-11ea-9620-b88a60e194fb,crmid:7840051499,8,4
f7de1fe6-914c-11ea-9ae5-b88a60e194fb,crmid:2621991310,4,8
f7e01d34-914c-11ea-af60-b88a60e194fb,crmid:4846405225,9,4
f7e1a3ae-914c-11ea-8d56-b88a60e194fb,crmid:7187098910,9,3
f7e33c70-914c-11ea-a3be-b88a60e194fb,crmid:1631731117,2,6
f7e4d800-914c-11ea-bb9d-b88a60e194fb,crmid:5619472683,4,5
f7e65e8a-914c-11ea-a129-b88a60e194fb,crmid:9482505441,4,7
f7e80ae6-914c-11ea-ab2a-b88a60e194fb,crmid:6139198989,8,4
f7e9b91c-914c-11ea-ba86-b88a60e194fb,crmid:5621540622,3,4
f7ec8b46-914c-11ea-a8bd-b88a60e194fb,crmid:7234968845,4,6
f7ef23b4-914c-11ea-9bd7-b88a60e194fb,crmid:8007017173,4,4
f7f11f80-914c-11ea-a908-b88a60e194fb,crmid:4503835555,3,4
f7f355a2-914c-11ea-a58b-b88a60e194fb,crmid:5691254296,8,5
f7f565cc-914c-11ea-b333-b88a60e194fb,crmid:6438603131,8,5
f7f7aede-914c-11ea-b019-b88a60e194fb,crmid:6839564853,8,4
f7f97164-914c-11ea-87e1-b88a60e194fb,crmid:1661677127,5,3
f7fb0b78-914c-11ea-bffd-b88a60e194fb,crmid:7285415389,9,2
f7fccb76-914c-11ea-989f-b88a60e194fb,crmid:2291957741,9,4
f7ff64be-914c-11ea-a894-b88a60e194fb,crmid:9645741029,3,4
f801397a-914c-11ea-be84-b88a60e194fb,crmid:1069803126,9,4
f8030e50-914c-11ea-8b78-b88a60e194fb,crmid:3785780813,6,3
f8046dac-914c-11ea-8650-b88a60e194fb,crmid:4348045830,9,3
f8062f00-914c-11ea-91c8-b88a60e194fb,crmid:3497690158,3,3
f8081746-914c-11ea-91e4-b88a60e194fb,crmid:6044231380,4,4
f80a11de-914c-11ea-b600-b88a60e194fb,crmid:5546670132,7,3
f80ca9d2-914c-11ea-ae81-b88a60e194fb,crmid:4802857159,8,3
f80f2e6e-914c-11ea-9ce5-b88a60e194fb,crmid:6666817779,6,4
f81164b6-914c-11ea-8055-b88a60e194fb,crmid:3843467719,9,5
f81325f4-914c-11ea-9cec-b88a60e194fb,crmid:4510264314,8,5
f8153534-914c-11ea-acf1-b88a60e194fb,crmid:4930491585,3,5
f817cd54-914c-11ea-bd4b-b88a60e194fb,crmid:5719991607,8,4
f81a3e5e-914c-11ea-a947-b88a60e194fb,crmid:3154304551,4,8
f81c7490-914c-11ea-899a-b88a60e194fb,crmid:2202164245,6,2
f81e35ba-914c-11ea-8725-b88a60e194fb,crmid:6876399367,9,4
f8204534-914c-11ea-b27b-b88a60e194fb,crmid:7137415514,6,4
f8228f10-914c-11ea-a1b7-b88a60e194fb,crmid:1390120846,7,4
f8248ade-914c-11ea-a789-b88a60e194fb,crmid:4144420208,5,8
f8264c12-914c-11ea-8e12-b88a60e194fb,crmid:5862635602,6,5
f82847d4-914c-11ea-9ea0-b88a60e194fb,crmid:6512598685,10,4
f82a3012-914c-11ea-9965-b88a60e194fb,crmid:4035030768,7,4
f82c5310-914c-11ea-bc2f-b88a60e194fb,crmid:8742567834,4,6
f82ed792-914c-11ea-8198-b88a60e194fb,crmid:5521700631,5,9
f830ac3a-914c-11ea-a891-b88a60e194fb,crmid:9633213362,4,9
f83259d4-914c-11ea-82da-b88a60e194fb,crmid:6162870148,8,3
f833f408-914c-11ea-9f53-b88a60e194fb,crmid:1766617926,6,4
f835b6d8-914c-11ea-aeb8-b88a60e194fb,crmid:4732371156,4,9
f837d9de-914c-11ea-98f3-b88a60e194fb,crmid:9700627145,2,6
f839e778-914c-11ea-bb50-b88a60e194fb,crmid:4744439378,3,7
f83be36e-914c-11ea-b206-b88a60e194fb,crmid:8830358005,4,9
f83ddf42-914c-11ea-94a0-b88a60e194fb,crmid:4030779669,3,4
f83fee5a-914c-11ea-8729-b88a60e194fb,crmid:2136826673,4,3
f84238e8-914c-11ea-9994-b88a60e194fb,crmid:4164494755,8,6
f84420b4-914c-11ea-9d02-b88a60e194fb,crmid:3291042312,4,8
f84608ca-914c-11ea-9c0b-b88a60e194fb,crmid:9881046477,3,8
f847a2f8-914c-11ea-aa81-b88a60e194fb,crmid:8030589721,4,7
f849b278-914c-11ea-b18a-b88a60e194fb,crmid:4776107373,4,4
f84be9e6-914c-11ea-9426-b88a60e194fb,crmid:6241499010,8,5
f84dd0f4-914c-11ea-b33f-b88a60e194fb,crmid:5822556424,7,5
f84fe080-914c-11ea-b2ac-b88a60e194fb,crmid:3073405172,5,8
f851dd54-914c-11ea-90a3-b88a60e194fb,crmid:4910147893,8,4
f8537640-914c-11ea-9d12-b88a60e194fb,crmid:2541807921,3,8
f855ad76-914c-11ea-a8e9-b88a60e194fb,crmid:1901016446,4,8
f8585852-914c-11ea-b267-b88a60e194fb,crmid:5558768388,3,4
f85ab748-914c-11ea-a609-b88a60e194fb,crmid:8362442687,3,8
f85cda30-914c-11ea-828b-b88a60e194fb,crmid:5594746158,8,4
f85f0f0c-914c-11ea-96bb-b88a60e194fb,crmid:9110302439,4,3
f860f738-914c-11ea-8564-b88a60e194fb,crmid:2072142308,3,5
f8631a1e-914c-11ea-9ec4-b88a60e194fb,crmid:4247360547,4,9
f86550c6-914c-11ea-a9fd-b88a60e194fb,crmid:7524568328,7,5
f8675fd8-914c-11ea-9e90-b88a60e194fb,crmid:4910496363,7,3
f869bd34-914c-11ea-a898-b88a60e194fb,crmid:2962691980,8,4
f86c430c-914c-11ea-a624-b88a60e194fb,crmid:4937565207,8,5
f86eb3ee-914c-11ea-bf7e-b88a60e194fb,crmid:6904103511,9,4
f870fe00-914c-11ea-8fe2-b88a60e194fb,crmid:3103211403,4,3
f872aa66-914c-11ea-a971-b88a60e194fb,crmid:7658858526,5,3
f874e0c0-914c-11ea-9370-b88a60e194fb,crmid:3412885871,6,6
f876a1ee-914c-11ea-94ec-b88a60e194fb,crmid:9351658637,4,5
f878c4c6-914c-11ea-8b4c-b88a60e194fb,crmid:4977059576,4,9
f87b23b8-914c-11ea-b112-b88a60e194fb,crmid:6514338603,2,3
f87cbdb0-914c-11ea-9528-b88a60e194fb,crmid:3665435324,3,4
f87f065e-914c-11ea-a058-b88a60e194fb,crmid:2281486298,7,4
f8810224-914c-11ea-beb0-b88a60e194fb,crmid:2520005370,3,5
f882c362-914c-11ea-b13d-b88a60e194fb,crmid:4494867434,6,4
f885a97e-914c-11ea-b65f-b88a60e194fb,crmid:5874290519,8,5
f8885526-914c-11ea-bfc9-b88a60e194fb,crmid:9116167290,5,9
f88ad9a8-914c-11ea-83ce-b88a60e194fb,crmid:7207063493,4,5
f88d71c6-914c-11ea-84f9-b88a60e194fb,crmid:7768293740,5,7
f88f5a0a-914c-11ea-b5b8-b88a60e194fb,crmid:8510235781,8,2
f891a3e4-914c-11ea-aaec-b88a60e194fb,crmid:4602392660,5,3
f893788a-914c-11ea-9789-b88a60e194fb,crmid:7738827527,8,4
f89560e4-914c-11ea-9363-b88a60e194fb,crmid:8230646186,5,8
f896fb26-914c-11ea-90e8-b88a60e194fb,crmid:3543900126,5,4
f898cfd4-914c-11ea-b97e-b88a60e194fb,crmid:2956227389,4,3
f89d9f98-914c-11ea-aa70-b88a60e194fb,crmid:1651176304,9,2
f89f86b4-914c-11ea-bcc1-b88a60e194fb,crmid:5051220988,7,6
f8a183b8-914c-11ea-896e-b88a60e194fb,crmid:4207968551,5,4
f8a47d6e-914c-11ea-844a-b88a60e194fb,crmid:8105935667,7,5
f8a71418-914c-11ea-9718-b88a60e194fb,crmid:7767854906,8,5
f8aa485e-914c-11ea-8561-b88a60e194fb,crmid:4476908431,6,9
f8acb958-914c-11ea-a481-b88a60e194fb,crmid:5876222162,8,3
f8af3dd8-914c-11ea-947e-b88a60e194fb,crmid:6929871151,6,5
f8b1d5dc-914c-11ea-b290-b88a60e194fb,crmid:5747031627,7,4
f8b45a58-914c-11ea-afb1-b88a60e194fb,crmid:3122814182,7,4
f8b6df80-914c-11ea-913f-b88a60e194fb,crmid:8933397918,8,5
f8b9b186-914c-11ea-8be1-b88a60e194fb,crmid:4946601316,5,9
f8bbad48-914c-11ea-ab29-b88a60e194fb,crmid:9137098514,6,5
f8bd5afe-914c-11ea-ba58-b88a60e194fb,crmid:4833462616,8,4
f8bef51e-914c-11ea-b8c3-b88a60e194fb,crmid:9963155901,6,4
f8c0b664-914c-11ea-8801-b88a60e194fb,crmid:2620335134,8,3
f8c2c59a-914c-11ea-9426-b88a60e194fb,crmid:1828953080,4,6
f8c45fb8-914c-11ea-8fc3-b88a60e194fb,crmid:8805533313,4,9
f8c60d68-914c-11ea-8baa-b88a60e194fb,crmid:9855822988,4,8
f8c7bb26-914c-11ea-a0a4-b88a60e194fb,crmid:9931137774,8,3
f8c968c6-914c-11ea-8d0a-b88a60e194fb,crmid:1628819947,3,3
f8cb02fa-914c-11ea-9c8b-b88a60e194fb,crmid:4375077461,1,6
f8ccd7b8-914c-11ea-917e-b88a60e194fb,crmid:6797597198,8,4
f8cee6fa-914c-11ea-bec8-b88a60e194fb,crmid:1515551526,4,4
f8d0965a-914c-11ea-9d8d-b88a60e194fb,crmid:7527204352,4,2
f8d2426c-914c-11ea-abda-b88a60e194fb,crmid:1500104385,8,4
f8d42ab4-914c-11ea-bbba-b88a60e194fb,crmid:5590058621,7,2
f8d5dc00-914c-11ea-94b5-b88a60e194fb,crmid:9375332063,7,5
f8d823ee-914c-11ea-af5e-b88a60e194fb,crmid:5805060917,5,4
f8da6c46-914c-11ea-acd0-b88a60e194fb,crmid:1241636076,5,7
f8dcf0ae-914c-11ea-b1ba-b88a60e194fb,crmid:9596968017,9,5
f8df4e1e-914c-11ea-8092-b88a60e194fb,crmid:6621898518,4,5
f8e1848c-914c-11ea-9e3b-b88a60e194fb,crmid:1932832689,9,3
f8e38054-914c-11ea-9a4b-b88a60e194fb,crmid:2140313617,9,5
f8e54190-914c-11ea-b50f-b88a60e194fb,crmid:7159141133,5,7
f8e6ef5a-914c-11ea-844b-b88a60e194fb,crmid:2930936954,9,5
f8e8c414-914c-11ea-b687-b88a60e194fb,crmid:9633893914,10,3
f8eabfcc-914c-11ea-8590-b88a60e194fb,crmid:5119531983,4,5
f8ec6d74-914c-11ea-930d-b88a60e194fb,crmid:7977297411,9,4
f8eecb00-914c-11ea-aefc-b88a60e194fb,crmid:5683322576,9,4
f8f0edc0-914c-11ea-a588-b88a60e194fb,crmid:2733151409,8,4
f8f29b6c-914c-11ea-be68-b88a60e194fb,crmid:5980256818,7,5
f8f4f9b6-914c-11ea-8934-b88a60e194fb,crmid:2183686545,6,5
f8f70a14-914c-11ea-ac1f-b88a60e194fb,crmid:6514086655,4,2
f8f90546-914c-11ea-ac98-b88a60e194fb,crmid:5739695861,10,3
f8fb28ac-914c-11ea-8adf-b88a60e194fb,crmid:9120815462,8,3
f8fd845c-914c-11ea-a2af-b88a60e194fb,crmid:5036767700,8,4
f8ffbab0-914c-11ea-aa48-b88a60e194fb,crmid:1067891950,4,4
f901ddd4-914c-11ea-bf1a-b88a60e194fb,crmid:6012948536,8,5
f903b254-914c-11ea-a229-b88a60e194fb,crmid:2197052035,4,7
f905ae28-914c-11ea-8cae-b88a60e194fb,crmid:6403936357,10,3
f9076f58-914c-11ea-a309-b88a60e194fb,crmid:8606505732,8,4
f9094418-914c-11ea-825d-b88a60e194fb,crmid:3910789676,4,5
f90b536c-914c-11ea-9ecb-b88a60e194fb,crmid:5994529693,4,8
f90d89d2-914c-11ea-a92e-b88a60e194fb,crmid:5757381726,3,5
f90fac9a-914c-11ea-8d60-b88a60e194fb,crmid:4285336398,4,4
