id,crmid,propensity_score_credit_cards,suggested_credit_card,propensity_score_loan,suggested_loan
12939b4a-4934-11ea-be88-b88a60e194fb-1-ps,crmid:4911127787,4,Platinum Card,4,Auto Loan
12ec90ae-4934-11ea-b3c9-b88a60e194fb-1-ps,crmid:8358960496,4,Dividend Card,4,Personal Loan
12ed5552-4934-11ea-950b-b88a60e194fb-1-ps,crmid:3499989660,4,Student Card,4,Business Loan
12ee175c-4934-11ea-af93-b88a60e194fb-1-ps,crmid:2077236858,5,Business Card,3,Personal Loan
12eedbc6-4934-11ea-8a12-b88a60e194fb-1-ps,crmid:2083387379,8,Travel Card,3,Personal Loan
12ef9f0c-4934-11ea-a342-b88a60e194fb-1-ps,crmid:7064029786,4,Dividend Card,2,Auto Loan
12f03b66-4934-11ea-9ce6-b88a60e194fb-1-ps,crmid:2595929101,3,Business Card,4,Student Loan
12f0fd88-4934-11ea-9eaa-b88a60e194fb-1-ps,crmid:9774466647,5,Rewards Card,5,Personal Loan
134ead76-4934-11ea-8860-b88a60e194fb-1-ps,crmid:2174766986,3,Rewards Card,3,Personal Loan
134f97d2-4934-11ea-afcd-b88a60e194fb-1-ps,crmid:1604763574,4,Business Card,6,Personal Loan
13505b22-4934-11ea-b5ca-b88a60e194fb-1-ps,crmid:9952020515,4,Student Card,3,Business Loan
13511e74-4934-11ea-b513-b88a60e194fb-1-ps,crmid:4984357422,6,Travel Card,3,Business Loan
1351e1be-4934-11ea-8dee-b88a60e194fb-1-ps,crmid:2698530447,4,Business Card,5,Auto Loan
1352a50a-4934-11ea-9c2b-b88a60e194fb-1-ps,crmid:2059384320,2,Rewards Card,4,Personal Loan
1353b680-4934-11ea-bc92-b88a60e194fb-1-ps,crmid:5346051512,3,Business Card,10,Personal Loan
13aa62f8-4934-11ea-82d7-b88a60e194fb-1-ps,crmid:6374431714,5,Travel Card,4,Business Loan
13ab4d7a-4934-11ea-a202-b88a60e194fb-1-ps,crmid:3517952022,3,Rewards Card,3,Personal Loan
13ac10e4-4934-11ea-8d11-b88a60e194fb-1-ps,crmid:5183337878,4,Student Card,3,Personal Loan
13acd440-4934-11ea-a651-b88a60e194fb-1-ps,crmid:1553150353,5,Student Card,5,Personal Loan
13ad974a-4934-11ea-bd8f-b88a60e194fb-1-ps,crmid:4761360651,4,Student Card,4,Personal Loan
13ae5aee-4934-11ea-b98d-b88a60e194fb-1-ps,crmid:2489613386,5,Student Card,3,Personal Loan
13af1e52-4934-11ea-bc72-b88a60e194fb-1-ps,crmid:8676631702,3,Dividend Card,5,Auto Loan
13b00830-4934-11ea-8593-b88a60e194fb-1-ps,crmid:4227819398,4,Dividend Card,5,Student Loan
1408d56e-4934-11ea-91d7-b88a60e194fb-1-ps,crmid:5757769262,3,Dividend Card,2,Personal Loan
1409bfcc-4934-11ea-a09e-b88a60e194fb-1-ps,crmid:6145520306,6,Rewards Card,4,Personal Loan
140a8318-4934-11ea-81de-b88a60e194fb-1-ps,crmid:1956552208,3,Travel Card,4,Personal Loan
140b467e-4934-11ea-aa7a-b88a60e194fb-1-ps,crmid:3268151742,4,Travel Card,5,Business Loan
140c09b6-4934-11ea-8f32-b88a60e194fb-1-ps,crmid:7751097658,9,Student Card,5,Personal Loan
140ccd06-4934-11ea-988c-b88a60e194fb-1-ps,crmid:7317467992,3,Simplicity Card,4,Auto Loan
140d9052-4934-11ea-8951-b88a60e194fb-1-ps,crmid:9172980605,4,Simplicity Card,3,Business Loan
1469ba00-4934-11ea-af10-b88a60e194fb-1-ps,crmid:4138561232,3,Business Card,3,Personal Loan
146a7d4a-4934-11ea-aa8c-b88a60e194fb-1-ps,crmid:9389961997,4,Dividend Card,5,Personal Loan
146b67a4-4934-11ea-8db0-b88a60e194fb-1-ps,crmid:9576607590,4,Rewards Card,5,Student Loan
146c2b02-4934-11ea-b6f1-b88a60e194fb-1-ps,crmid:1304158044,6,Rewards Card,5,Personal Loan
146cee42-4934-11ea-a612-b88a60e194fb-1-ps,crmid:1166769509,4,Travel Card,4,Personal Loan
146d8a86-4934-11ea-bd44-b88a60e194fb-1-ps,crmid:6652685975,7,Travel Card,6,Student Loan
146e74ee-4934-11ea-bef0-b88a60e194fb-1-ps,crmid:5868135499,3,Business Card,2,Personal Loan
14c8a434-4934-11ea-8edd-b88a60e194fb-1-ps,crmid:6760349492,5,Simplicity Card,4,Personal Loan
14c98e9e-4934-11ea-98cf-b88a60e194fb-1-ps,crmid:8708399718,3,Travel Card,5,Personal Loan
14ca51de-4934-11ea-b15b-b88a60e194fb-1-ps,crmid:2203314848,4,Travel Card,3,Business Loan
14cb151a-4934-11ea-af48-b88a60e194fb-1-ps,crmid:7756805753,2,Dividend Card,7,Personal Loan
14cbd87e-4934-11ea-ab9c-b88a60e194fb-1-ps,crmid:2510246071,2,Student Card,4,Business Loan
14ccc2ca-4934-11ea-99af-b88a60e194fb-1-ps,crmid:4797854460,4,Student Card,6,Personal Loan
14cd861c-4934-11ea-bb0a-b88a60e194fb-1-ps,crmid:7354264116,3,Platinum Card,6,Personal Loan
152a249e-4934-11ea-9f7d-b88a60e194fb-1-ps,crmid:2055686472,5,Rewards Card,4,Personal Loan
152b0eee-4934-11ea-ae19-b88a60e194fb-1-ps,crmid:8749350085,3,Rewards Card,5,Auto Loan
152bd276-4934-11ea-8109-b88a60e194fb-1-ps,crmid:7738387765,4,Business Card,4,Auto Loan
152c95fa-4934-11ea-8ec4-b88a60e194fb-1-ps,crmid:2917081341,4,Platinum Card,3,Business Loan
152d7fd8-4934-11ea-b01a-b88a60e194fb-1-ps,crmid:5394368891,5,Simplicity Card,4,Student Loan
152e43a4-4934-11ea-a0f8-b88a60e194fb-1-ps,crmid:2023892366,5,Student Card,4,Student Loan
152f076e-4934-11ea-931a-b88a60e194fb-1-ps,crmid:9159043799,2,Platinum Card,4,Student Loan
152ff012-4934-11ea-a052-b88a60e194fb-1-ps,crmid:1056337066,5,Dividend Card,2,Auto Loan
1585d8f6-4934-11ea-8b50-b88a60e194fb-1-ps,crmid:4042709719,5,Rewards Card,4,Auto Loan
15869c4c-4934-11ea-b7ae-b88a60e194fb-1-ps,crmid:1709402751,2,Rewards Card,2,Student Loan
15875fae-4934-11ea-ba5b-b88a60e194fb-1-ps,crmid:5103726787,2,Platinum Card,3,Business Loan
1587fc58-4934-11ea-88ac-b88a60e194fb-1-ps,crmid:3457579279,5,Rewards Card,1,Business Loan
15890c36-4934-11ea-a06b-b88a60e194fb-1-ps,crmid:5548197802,4,Simplicity Card,5,Business Loan
1589d106-4934-11ea-ad1c-b88a60e194fb-1-ps,crmid:5874494320,5,Platinum Card,8,Personal Loan
158aba0c-4934-11ea-9670-b88a60e194fb-1-ps,crmid:3406708477,5,Platinum Card,4,Auto Loan
158ba686-4934-11ea-80bf-b88a60e194fb-1-ps,crmid:1849520298,4,Business Card,5,Business Loan
15e389ca-4934-11ea-813c-b88a60e194fb-1-ps,crmid:9323538829,5,Rewards Card,3,Personal Loan
15e44d26-4934-11ea-818c-b88a60e194fb-1-ps,crmid:7344970590,6,Rewards Card,4,Business Loan
15e55d22-4934-11ea-a78c-b88a60e194fb-1-ps,crmid:7968772780,3,Student Card,3,Auto Loan
15e62054-4934-11ea-9741-b88a60e194fb-1-ps,crmid:2491535715,5,Rewards Card,3,Business Loan
15e6e482-4934-11ea-ab66-b88a60e194fb-1-ps,crmid:3982765482,5,Travel Card,6,Student Loan
15e7a838-4934-11ea-b4ac-b88a60e194fb-1-ps,crmid:8628539381,4,Simplicity Card,3,Student Loan
15e86ba8-4934-11ea-920c-b88a60e194fb-1-ps,crmid:8324475857,5,Simplicity Card,4,Personal Loan
16407678-4934-11ea-b156-b88a60e194fb-1-ps,crmid:1833942556,3,Student Card,4,Business Loan
16413980-4934-11ea-bf5a-b88a60e194fb-1-ps,crmid:3620237640,4,Student Card,6,Business Loan
16422328-4934-11ea-a0f3-b88a60e194fb-1-ps,crmid:6084341660,3,Dividend Card,5,Personal Loan
1642e792-4934-11ea-9811-b88a60e194fb-1-ps,crmid:1856714461,5,Dividend Card,5,Personal Loan
164445d2-4934-11ea-834b-b88a60e194fb-1-ps,crmid:9325435043,3,Simplicity Card,5,Personal Loan
1645570c-4934-11ea-953a-b88a60e194fb-1-ps,crmid:9808088773,4,Dividend Card,5,Business Loan
164641a2-4934-11ea-b6c6-b88a60e194fb-1-ps,crmid:8074958988,4,Rewards Card,4,Personal Loan
164704da-4934-11ea-b3c7-b88a60e194fb-1-ps,crmid:1440933227,4,Simplicity Card,4,Business Loan
169f3800-4934-11ea-84c4-b88a60e194fb-1-ps,crmid:1288192911,8,Simplicity Card,4,Auto Loan
16a0224c-4934-11ea-aa7d-b88a60e194fb-1-ps,crmid:7417414775,3,Travel Card,3,Personal Loan
16a0e58c-4934-11ea-8b21-b88a60e194fb-1-ps,crmid:6130558734,4,Business Card,4,Student Loan
16a1a8fe-4934-11ea-b596-b88a60e194fb-1-ps,crmid:8593431347,7,Student Card,3,Student Loan
16a2934a-4934-11ea-9314-b88a60e194fb-1-ps,crmid:1503366827,5,Business Card,3,Business Loan
16a32f6c-4934-11ea-a20b-b88a60e194fb-1-ps,crmid:5701236554,5,Travel Card,4,Student Loan
16a418c6-4934-11ea-a195-b88a60e194fb-1-ps,crmid:9247316251,4,Student Card,2,Auto Loan
16a4b606-4934-11ea-8496-b88a60e194fb-1-ps,crmid:6739971721,4,Rewards Card,2,Personal Loan
170105ee-4934-11ea-84a4-b88a60e194fb-1-ps,crmid:5738040153,4,Rewards Card,3,Auto Loan
1701f034-4934-11ea-b732-b88a60e194fb-1-ps,crmid:5321235801,2,Platinum Card,5,Personal Loan
1702da90-4934-11ea-aedc-b88a60e194fb-1-ps,crmid:1319113901,5,Business Card,2,Auto Loan
17039dde-4934-11ea-bb19-b88a60e194fb-1-ps,crmid:7766443540,4,Business Card,4,Personal Loan
17046122-4934-11ea-838a-b88a60e194fb-1-ps,crmid:7103518613,4,Platinum Card,4,Business Loan
17052474-4934-11ea-b535-b88a60e194fb-1-ps,crmid:7175796398,3,Business Card,3,Personal Loan
1705c0be-4934-11ea-b339-b88a60e194fb-1-ps,crmid:1782715364,5,Simplicity Card,5,Student Loan
1706ab12-4934-11ea-9987-b88a60e194fb-1-ps,crmid:6837997387,4,Student Card,2,Personal Loan
175eb722-4934-11ea-bb1a-b88a60e194fb-1-ps,crmid:9458313887,4,Travel Card,4,Business Loan
175fa15e-4934-11ea-bca1-b88a60e194fb-1-ps,crmid:6217500198,4,Rewards Card,5,Student Loan
17606524-4934-11ea-9a15-b88a60e194fb-1-ps,crmid:9522643593,4,Travel Card,7,Student Loan
17612824-4934-11ea-9768-b88a60e194fb-1-ps,crmid:6245114213,3,Platinum Card,3,Auto Loan
176238a8-4934-11ea-ab44-b88a60e194fb-1-ps,crmid:6761203119,2,Platinum Card,6,Student Loan
1762fb92-4934-11ea-a168-b88a60e194fb-1-ps,crmid:7588881791,4,Platinum Card,5,Auto Loan
1763bedc-4934-11ea-bf32-b88a60e194fb-1-ps,crmid:4132940640,4,Dividend Card,1,Business Loan
17be63a2-4934-11ea-a873-b88a60e194fb-1-ps,crmid:9459877088,5,Platinum Card,5,Business Loan
17bf2564-4934-11ea-af4f-b88a60e194fb-1-ps,crmid:4384280955,5,Rewards Card,5,Personal Loan
17c0114c-4934-11ea-b67a-b88a60e194fb-1-ps,crmid:1415118252,3,Platinum Card,4,Student Loan
17c0d45c-4934-11ea-8ced-b88a60e194fb-1-ps,crmid:8758952533,5,Platinum Card,3,Business Loan
17c1709c-4934-11ea-94a9-b88a60e194fb-1-ps,crmid:7107573445,3,Rewards Card,3,Personal Loan
17c280b6-4934-11ea-9f29-b88a60e194fb-1-ps,crmid:5908471923,5,Travel Card,4,Business Loan
17c31e1c-4934-11ea-816c-b88a60e194fb-1-ps,crmid:7913000390,5,Simplicity Card,3,Business Loan
17c3e19c-4934-11ea-865e-b88a60e194fb-1-ps,crmid:7825394853,4,Dividend Card,3,Business Loan
181eaa52-4934-11ea-af7f-b88a60e194fb-1-ps,crmid:2837855976,2,Business Card,3,Personal Loan
181f95ca-4934-11ea-b067-b88a60e194fb-1-ps,crmid:7335249454,5,Simplicity Card,5,Personal Loan
1820595a-4934-11ea-ac87-b88a60e194fb-1-ps,crmid:2378672661,2,Rewards Card,5,Personal Loan
18214242-4934-11ea-8f58-b88a60e194fb-1-ps,crmid:2381992313,1,Dividend Card,4,Personal Loan
1822063a-4934-11ea-9c5d-b88a60e194fb-1-ps,crmid:8535234346,4,Rewards Card,3,Business Loan
1822eff8-4934-11ea-9921-b88a60e194fb-1-ps,crmid:6528611068,5,Platinum Card,3,Student Loan
1823b370-4934-11ea-b033-b88a60e194fb-1-ps,crmid:1074122369,5,Business Card,3,Student Loan
18247812-4934-11ea-b9f9-b88a60e194fb-1-ps,crmid:8452765388,4,Business Card,4,Business Loan
188274e6-4934-11ea-9e91-b88a60e194fb-1-ps,crmid:5168037764,5,Dividend Card,4,Business Loan
18838676-4934-11ea-a075-b88a60e194fb-1-ps,crmid:4436078489,5,Student Card,5,Personal Loan
188470b4-4934-11ea-834a-b88a60e194fb-1-ps,crmid:6925698063,4,Simplicity Card,4,Personal Loan
18855b0a-4934-11ea-8b68-b88a60e194fb-1-ps,crmid:8429055791,7,Dividend Card,5,Personal Loan
18861e64-4934-11ea-a5cc-b88a60e194fb-1-ps,crmid:2837375749,3,Student Card,6,Auto Loan
188708b4-4934-11ea-987e-b88a60e194fb-1-ps,crmid:7014744708,5,Simplicity Card,2,Auto Loan
1887cd9a-4934-11ea-aa56-b88a60e194fb-1-ps,crmid:6808426054,5,Travel Card,5,Business Loan
18888f68-4934-11ea-9ef5-b88a60e194fb-1-ps,crmid:6497311629,4,Simplicity Card,2,Business Loan
18e2973a-4934-11ea-bbd1-b88a60e194fb-1-ps,crmid:4316494288,2,Platinum Card,3,Business Loan
18e38206-4934-11ea-a1af-b88a60e194fb-1-ps,crmid:6866494701,4,Rewards Card,5,Personal Loan
18e4453e-4934-11ea-b966-b88a60e194fb-1-ps,crmid:2159649722,5,Business Card,3,Auto Loan
18e50886-4934-11ea-b38a-b88a60e194fb-1-ps,crmid:6437142070,4,Dividend Card,4,Student Loan
18e5cbdc-4934-11ea-8369-b88a60e194fb-1-ps,crmid:6391116071,5,Simplicity Card,3,Student Loan
18e68f26-4934-11ea-9d39-b88a60e194fb-1-ps,crmid:3688313285,4,Simplicity Card,3,Auto Loan
18e77910-4934-11ea-a381-b88a60e194fb-1-ps,crmid:1426601168,4,Travel Card,2,Student Loan
18e83c80-4934-11ea-8a62-b88a60e194fb-1-ps,crmid:4969707323,4,Business Card,3,Personal Loan
193fabda-4934-11ea-b80e-b88a60e194fb-1-ps,crmid:1368878434,4,Student Card,4,Student Loan
1940bd12-4934-11ea-b5a4-b88a60e194fb-1-ps,crmid:4234141136,3,Rewards Card,6,Business Loan
1941804a-4934-11ea-991f-b88a60e194fb-1-ps,crmid:5605378039,5,Student Card,3,Personal Loan
19426946-4934-11ea-997d-b88a60e194fb-1-ps,crmid:4039923422,4,Rewards Card,4,Personal Loan
1943a268-4934-11ea-bbd0-b88a60e194fb-1-ps,crmid:9826361557,6,Platinum Card,2,Personal Loan
1944da40-4934-11ea-90b3-b88a60e194fb-1-ps,crmid:8205421414,3,Rewards Card,5,Personal Loan
1945ebb0-4934-11ea-9ab6-b88a60e194fb-1-ps,crmid:8731822394,5,Business Card,8,Business Loan
1946d652-4934-11ea-b8ca-b88a60e194fb-1-ps,crmid:1297587973,4,Platinum Card,4,Student Loan
19479ae6-4934-11ea-b4f0-b88a60e194fb-1-ps,crmid:8720378801,4,Rewards Card,5,Personal Loan
19a1a11c-4934-11ea-99af-b88a60e194fb-1-ps,crmid:8900038749,5,Dividend Card,6,Personal Loan
19a28a74-4934-11ea-91a0-b88a60e194fb-1-ps,crmid:5029433417,8,Platinum Card,4,Personal Loan
19a374d2-4934-11ea-b59f-b88a60e194fb-1-ps,crmid:7308640672,4,Travel Card,5,Personal Loan
19a4381e-4934-11ea-b2ef-b88a60e194fb-1-ps,crmid:5610670595,3,Platinum Card,3,Personal Loan
19a4fb68-4934-11ea-9e13-b88a60e194fb-1-ps,crmid:7280093094,2,Platinum Card,3,Personal Loan
19a5bf14-4934-11ea-ac32-b88a60e194fb-1-ps,crmid:5013765832,4,Simplicity Card,2,Auto Loan
19a6a91c-4934-11ea-ac5b-b88a60e194fb-1-ps,crmid:8557376965,5,Business Card,4,Student Loan
1a03496e-4934-11ea-8d79-b88a60e194fb-1-ps,crmid:3472761023,5,Platinum Card,6,Business Loan
1a040cba-4934-11ea-8945-b88a60e194fb-1-ps,crmid:5123009849,5,Student Card,4,Auto Loan
1a04cff0-4934-11ea-99c0-b88a60e194fb-1-ps,crmid:4817353750,4,Platinum Card,5,Personal Loan
1a0592b4-4934-11ea-a0ad-b88a60e194fb-1-ps,crmid:4864217640,4,Simplicity Card,4,Business Loan
1a067e80-4934-11ea-9237-b88a60e194fb-1-ps,crmid:3727524861,5,Platinum Card,4,Personal Loan
1a0740ee-4934-11ea-b06f-b88a60e194fb-1-ps,crmid:3547730219,3,Business Card,6,Business Loan
1a080300-4934-11ea-b79e-b88a60e194fb-1-ps,crmid:3353361001,6,Travel Card,3,Business Loan
1a08c734-4934-11ea-a13f-b88a60e194fb-1-ps,crmid:4026540674,4,Travel Card,5,Personal Loan
1a701376-4934-11ea-bd20-b88a60e194fb-1-ps,crmid:4406495006,1,Business Card,3,Auto Loan
1a70fde2-4934-11ea-bcb8-b88a60e194fb-1-ps,crmid:3457582888,4,Dividend Card,4,Business Loan
1a71c13a-4934-11ea-b167-b88a60e194fb-1-ps,crmid:1846853003,3,Dividend Card,5,Student Loan
1a72d292-4934-11ea-9d1d-b88a60e194fb-1-ps,crmid:4434632993,7,Dividend Card,5,Auto Loan
1a73bd0c-4934-11ea-98dd-b88a60e194fb-1-ps,crmid:9460227921,4,Simplicity Card,6,Auto Loan
1a74a74c-4934-11ea-be05-b88a60e194fb-1-ps,crmid:3343433034,4,Business Card,5,Business Loan
1a762ddc-4934-11ea-8853-b88a60e194fb-1-ps,crmid:6005346812,3,Business Card,5,Business Loan
1ae0d688-4934-11ea-86e1-b88a60e194fb-1-ps,crmid:8198327505,6,Travel Card,5,Student Loan
1ae23606-4934-11ea-a04f-b88a60e194fb-1-ps,crmid:7652194876,2,Platinum Card,3,Personal Loan
1ae39610-4934-11ea-b0c9-b88a60e194fb-1-ps,crmid:7645969883,4,Rewards Card,4,Personal Loan
1ae4cdfa-4934-11ea-b371-b88a60e194fb-1-ps,crmid:1296232440,6,Simplicity Card,5,Auto Loan
1ae5df66-4934-11ea-a20d-b88a60e194fb-1-ps,crmid:4913326671,4,Platinum Card,4,Personal Loan
1ae6c9ae-4934-11ea-ae79-b88a60e194fb-1-ps,crmid:1532920584,4,Travel Card,6,Business Loan
1ae7b434-4934-11ea-9326-b88a60e194fb-1-ps,crmid:6917785311,5,Business Card,4,Personal Loan
1ae87764-4934-11ea-982e-b88a60e194fb-1-ps,crmid:9866092557,5,Platinum Card,2,Personal Loan
1b58c55e-4934-11ea-a992-b88a60e194fb-1-ps,crmid:5254699357,9,Rewards Card,4,Auto Loan
1b598a18-4934-11ea-b535-b88a60e194fb-1-ps,crmid:9361425842,2,Platinum Card,4,Business Loan
1b5a745e-4934-11ea-bd84-b88a60e194fb-1-ps,crmid:2838936148,4,Business Card,4,Business Loan
1b5b3694-4934-11ea-9797-b88a60e194fb-1-ps,crmid:5774604387,5,Student Card,4,Personal Loan
1b5c47dc-4934-11ea-a8e9-b88a60e194fb-1-ps,crmid:2960108475,2,Dividend Card,4,Personal Loan
1b5d3228-4934-11ea-a29f-b88a60e194fb-1-ps,crmid:4250635544,3,Platinum Card,5,Personal Loan
1b5df57e-4934-11ea-9616-b88a60e194fb-1-ps,crmid:4136391663,4,Business Card,4,Business Loan
1b5f078c-4934-11ea-82b8-b88a60e194fb-1-ps,crmid:2509266210,4,Student Card,4,Personal Loan
1bccbcb8-4934-11ea-88f0-b88a60e194fb-1-ps,crmid:5676509749,4,Student Card,3,Auto Loan
1bcda718-4934-11ea-b754-b88a60e194fb-1-ps,crmid:3069836956,3,Dividend Card,9,Business Loan
1bce9178-4934-11ea-91b9-b88a60e194fb-1-ps,crmid:1006608001,4,Dividend Card,5,Personal Loan
1bd06614-4934-11ea-9f00-b88a60e194fb-1-ps,crmid:8640146497,9,Business Card,4,Personal Loan
1bd15078-4934-11ea-ad4a-b88a60e194fb-1-ps,crmid:5794606865,4,Travel Card,5,Personal Loan
1bd23aca-4934-11ea-b122-b88a60e194fb-1-ps,crmid:8644693983,6,Rewards Card,4,Student Loan
1bd2fe1c-4934-11ea-a6f4-b88a60e194fb-1-ps,crmid:3137295913,3,Business Card,5,Auto Loan
1c301262-4934-11ea-a45c-b88a60e194fb-1-ps,crmid:4407183741,6,Dividend Card,5,Auto Loan
1c3123b4-4934-11ea-9311-b88a60e194fb-1-ps,crmid:3064118013,5,Dividend Card,7,Student Loan
1c323534-4934-11ea-b7ec-b88a60e194fb-1-ps,crmid:7543964320,4,Student Card,2,Auto Loan
1c334692-4934-11ea-8985-b88a60e194fb-1-ps,crmid:1410612708,4,Business Card,4,Student Loan
1c3430d0-4934-11ea-9b02-b88a60e194fb-1-ps,crmid:5877495635,3,Business Card,5,Personal Loan
1c34f424-4934-11ea-b74e-b88a60e194fb-1-ps,crmid:1244244958,3,Dividend Card,4,Business Loan
1c36058c-4934-11ea-980a-b88a60e194fb-1-ps,crmid:7142512594,4,Student Card,2,Student Loan
1c3716f4-4934-11ea-83f7-b88a60e194fb-1-ps,crmid:9385694562,5,Business Card,5,Business Loan
1c951554-4934-11ea-855f-b88a60e194fb-1-ps,crmid:9760318881,4,Rewards Card,4,Personal Loan
1c95d898-4934-11ea-b8d4-b88a60e194fb-1-ps,crmid:4847327824,3,Travel Card,4,Personal Loan
1c969bf6-4934-11ea-a5e7-b88a60e194fb-1-ps,crmid:1131348427,5,Business Card,4,Auto Loan
1c975f30-4934-11ea-b7e6-b88a60e194fb-1-ps,crmid:3298708609,4,Platinum Card,3,Personal Loan
1c9849a4-4934-11ea-96c2-b88a60e194fb-1-ps,crmid:8912536188,5,Business Card,4,Student Loan
1c995b18-4934-11ea-9faf-b88a60e194fb-1-ps,crmid:5150529802,5,Simplicity Card,8,Personal Loan
1c9a9386-4934-11ea-8417-b88a60e194fb-1-ps,crmid:3914541361,6,Business Card,5,Auto Loan
1c9b56dc-4934-11ea-9fd0-b88a60e194fb-1-ps,crmid:1653949167,3,Platinum Card,5,Personal Loan
1cfb0466-4934-11ea-a259-b88a60e194fb-1-ps,crmid:3838080853,4,Simplicity Card,5,Auto Loan
1cfbeeca-4934-11ea-a431-b88a60e194fb-1-ps,crmid:7878445080,5,Business Card,4,Personal Loan
1cfcb222-4934-11ea-90f9-b88a60e194fb-1-ps,crmid:4956786891,5,Simplicity Card,3,Personal Loan
1cfd9c6c-4934-11ea-b7ae-b88a60e194fb-1-ps,crmid:4884070229,7,Business Card,5,Personal Loan
1cfe5fa4-4934-11ea-adcd-b88a60e194fb-1-ps,crmid:9489875040,3,Platinum Card,4,Auto Loan
1cff238c-4934-11ea-9840-b88a60e194fb-1-ps,crmid:7295290774,2,Simplicity Card,4,Business Loan
1d000c24-4934-11ea-bb82-b88a60e194fb-1-ps,crmid:2684178847,6,Business Card,4,Personal Loan
1d00d0a6-4934-11ea-9bfe-b88a60e194fb-1-ps,crmid:8401289068,5,Rewards Card,4,Auto Loan
1d5b9952-4934-11ea-a462-b88a60e194fb-1-ps,crmid:6620752446,5,Travel Card,2,Personal Loan
1d5c83b6-4934-11ea-bfac-b88a60e194fb-1-ps,crmid:4976529364,4,Business Card,2,Auto Loan
1d5d46f8-4934-11ea-9749-b88a60e194fb-1-ps,crmid:9721231623,5,Travel Card,3,Business Loan
1d5e3166-4934-11ea-8d76-b88a60e194fb-1-ps,crmid:1460927947,7,Business Card,3,Business Loan
1d5ef4ae-4934-11ea-b854-b88a60e194fb-1-ps,crmid:4636819897,2,Business Card,10,Personal Loan
1d5fdef8-4934-11ea-a24b-b88a60e194fb-1-ps,crmid:3373031585,5,Simplicity Card,7,Student Loan
1d60a266-4934-11ea-86bb-b88a60e194fb-1-ps,crmid:5857568038,2,Travel Card,3,Auto Loan
1d618cc6-4934-11ea-a0e0-b88a60e194fb-1-ps,crmid:5986704050,5,Rewards Card,5,Business Loan
1dbe79ae-4934-11ea-84ce-b88a60e194fb-1-ps,crmid:1833942556,5,Student Card,5,Personal Loan
1dbf640c-4934-11ea-bb55-b88a60e194fb-1-ps,crmid:2687743924,5,Business Card,4,Personal Loan
1dc02764-4934-11ea-854a-b88a60e194fb-1-ps,crmid:8904172925,3,Dividend Card,5,Personal Loan
1dc0eab6-4934-11ea-850b-b88a60e194fb-1-ps,crmid:8135849976,3,Platinum Card,4,Auto Loan
1dc1d50c-4934-11ea-a053-b88a60e194fb-1-ps,crmid:6027942485,4,Dividend Card,4,Auto Loan
1dc27148-4934-11ea-9f17-b88a60e194fb-1-ps,crmid:3388753255,4,Travel Card,5,Personal Loan
1dc35ba8-4934-11ea-8066-b88a60e194fb-1-ps,crmid:8648332100,4,Platinum Card,2,Business Loan
1dc44602-4934-11ea-8101-b88a60e194fb-1-ps,crmid:7879448280,3,Simplicity Card,4,Student Loan
1e206fa8-4934-11ea-b0d1-b88a60e194fb-1-ps,crmid:9070317515,4,Dividend Card,4,Auto Loan
1e213480-4934-11ea-b26a-b88a60e194fb-1-ps,crmid:5385718493,5,Simplicity Card,3,Auto Loan
1e21f776-4934-11ea-9f53-b88a60e194fb-1-ps,crmid:8806810764,6,Business Card,4,Auto Loan
1e22e0b8-4934-11ea-939e-b88a60e194fb-1-ps,crmid:3230269953,4,Dividend Card,5,Student Loan
1e23a51e-4934-11ea-a0e1-b88a60e194fb-1-ps,crmid:2685473211,3,Simplicity Card,5,Personal Loan
1e2441a8-4934-11ea-bff9-b88a60e194fb-1-ps,crmid:2687481165,3,Business Card,4,Personal Loan
1e2504fa-4934-11ea-91a5-b88a60e194fb-1-ps,crmid:2067439767,4,Student Card,5,Personal Loan
1e25ee18-4934-11ea-856f-b88a60e194fb-1-ps,crmid:1370389877,3,Dividend Card,3,Student Loan
1e2775e6-4934-11ea-ba1d-b88a60e194fb-1-ps,crmid:6175249316,4,Rewards Card,5,Personal Loan
1e823ebe-4934-11ea-a4c8-b88a60e194fb-1-ps,crmid:8868065847,2,Platinum Card,6,Personal Loan
1e83035c-4934-11ea-960a-b88a60e194fb-1-ps,crmid:5804061217,3,Travel Card,8,Business Loan
1e83edcc-4934-11ea-95ab-b88a60e194fb-1-ps,crmid:4205742364,4,Simplicity Card,6,Business Loan
1e84889e-4934-11ea-8b0a-b88a60e194fb-1-ps,crmid:4553648250,3,Student Card,5,Personal Loan
1e857442-4934-11ea-9cdc-b88a60e194fb-1-ps,crmid:8530956335,4,Dividend Card,5,Business Loan
1e863798-4934-11ea-8200-b88a60e194fb-1-ps,crmid:3644029057,4,Platinum Card,3,Business Loan
1e86fb12-4934-11ea-8e5e-b88a60e194fb-1-ps,crmid:3234972169,3,Business Card,2,Auto Loan
1e87be42-4934-11ea-b14c-b88a60e194fb-1-ps,crmid:7574332897,4,Travel Card,3,Auto Loan
1ee3234a-4934-11ea-8754-b88a60e194fb-1-ps,crmid:6388329803,6,Student Card,3,Business Loan
1ee435f8-4934-11ea-9c47-b88a60e194fb-1-ps,crmid:5430460058,3,Student Card,2,Auto Loan
1ee51f0a-4934-11ea-be8f-b88a60e194fb-1-ps,crmid:6950321867,3,Platinum Card,4,Auto Loan
1ee5e26c-4934-11ea-94cc-b88a60e194fb-1-ps,crmid:1819853931,4,Rewards Card,3,Personal Loan
1ee6a62e-4934-11ea-a14c-b88a60e194fb-1-ps,crmid:9629042915,3,Simplicity Card,6,Business Loan
1ee769f6-4934-11ea-a296-b88a60e194fb-1-ps,crmid:7164148118,5,Student Card,9,Personal Loan
1ee82c3e-4934-11ea-b37b-b88a60e194fb-1-ps,crmid:2952144166,3,Rewards Card,5,Auto Loan
1ee93dba-4934-11ea-9dfb-b88a60e194fb-1-ps,crmid:5826280547,7,Business Card,4,Student Loan
1f451912-4934-11ea-b13e-b88a60e194fb-1-ps,crmid:9113001965,2,Student Card,5,Personal Loan
1f46039c-4934-11ea-a013-b88a60e194fb-1-ps,crmid:3027576825,5,Business Card,4,Personal Loan
1f473c76-4934-11ea-af7f-b88a60e194fb-1-ps,crmid:4230020449,3,Travel Card,3,Business Loan
1f4827c2-4934-11ea-8aee-b88a60e194fb-1-ps,crmid:5982794910,5,Simplicity Card,5,Personal Loan
1f48eb0a-4934-11ea-ae4e-b88a60e194fb-1-ps,crmid:8276194960,4,Simplicity Card,4,Personal Loan
1f49ae6e-4934-11ea-b41e-b88a60e194fb-1-ps,crmid:8247208631,4,Student Card,5,Student Loan
1f4a987a-4934-11ea-8a50-b88a60e194fb-1-ps,crmid:7597233084,5,Rewards Card,4,Personal Loan
1f4b82ee-4934-11ea-a799-b88a60e194fb-1-ps,crmid:8094327195,5,Simplicity Card,4,Auto Loan
1faa4346-4934-11ea-8849-b88a60e194fb-1-ps,crmid:4222426925,4,Platinum Card,5,Auto Loan
1fab2dc8-4934-11ea-bc26-b88a60e194fb-1-ps,crmid:4406545126,3,Business Card,5,Student Loan
1fac6648-4934-11ea-8b5b-b88a60e194fb-1-ps,crmid:5482805007,4,Dividend Card,4,Student Loan
1fad50b4-4934-11ea-ba31-b88a60e194fb-1-ps,crmid:7314673299,4,Business Card,5,Auto Loan
1fadee28-4934-11ea-a8e2-b88a60e194fb-1-ps,crmid:6312291890,4,Simplicity Card,8,Personal Loan
1faf2668-4934-11ea-945f-b88a60e194fb-1-ps,crmid:3343973343,5,Rewards Card,4,Business Loan
1fafc2de-4934-11ea-ac0a-b88a60e194fb-1-ps,crmid:2005445709,3,Simplicity Card,5,Business Loan
200caffe-4934-11ea-8b1a-b88a60e194fb-1-ps,crmid:3534690227,3,Rewards Card,4,Student Loan
200d9912-4934-11ea-bec3-b88a60e194fb-1-ps,crmid:1939888339,2,Rewards Card,4,Auto Loan
200e8362-4934-11ea-ae2b-b88a60e194fb-1-ps,crmid:2702503880,4,Simplicity Card,4,Student Loan
200f47f4-4934-11ea-acdc-b88a60e194fb-1-ps,crmid:1712605488,3,Business Card,3,Auto Loan
20100a08-4934-11ea-87ec-b88a60e194fb-1-ps,crmid:9620812448,2,Travel Card,4,Student Loan
2010f54c-4934-11ea-9a3b-b88a60e194fb-1-ps,crmid:5770731255,3,Travel Card,3,Auto Loan
2011b8f4-4934-11ea-bb00-b88a60e194fb-1-ps,crmid:4789854574,4,Student Card,4,Auto Loan
2012552c-4934-11ea-b42f-b88a60e194fb-1-ps,crmid:5419569847,6,Travel Card,6,Personal Loan
20711576-4934-11ea-a564-b88a60e194fb-1-ps,crmid:9470324196,4,Travel Card,4,Auto Loan
20727522-4934-11ea-9ff3-b88a60e194fb-1-ps,crmid:5263905164,3,Dividend Card,3,Auto Loan
2073ad9e-4934-11ea-99b5-b88a60e194fb-1-ps,crmid:9623743439,4,Simplicity Card,4,Student Loan
2074980a-4934-11ea-a534-b88a60e194fb-1-ps,crmid:7329008533,2,Rewards Card,3,Auto Loan
20755cee-4934-11ea-837e-b88a60e194fb-1-ps,crmid:6116315956,6,Student Card,6,Personal Loan
20766e30-4934-11ea-ba71-b88a60e194fb-1-ps,crmid:6973500221,4,Simplicity Card,7,Personal Loan
20775834-4934-11ea-a57e-b88a60e194fb-1-ps,crmid:8318581189,4,Travel Card,2,Auto Loan
20781c14-4934-11ea-bdba-b88a60e194fb-1-ps,crmid:7326602547,7,Simplicity Card,3,Personal Loan
20d41e7a-4934-11ea-b2fe-b88a60e194fb-1-ps,crmid:7933946990,3,Simplicity Card,3,Business Loan
20d508c2-4934-11ea-bd8b-b88a60e194fb-1-ps,crmid:6600213811,6,Dividend Card,4,Auto Loan
20d5cbfe-4934-11ea-a824-b88a60e194fb-1-ps,crmid:8635348449,5,Rewards Card,4,Auto Loan
20d68dda-4934-11ea-966f-b88a60e194fb-1-ps,crmid:1358421098,4,Dividend Card,5,Personal Loan
20d7512c-4934-11ea-bd07-b88a60e194fb-1-ps,crmid:2504856821,3,Student Card,6,Business Loan
20d83b8a-4934-11ea-bff9-b88a60e194fb-1-ps,crmid:2012730225,3,Platinum Card,3,Personal Loan
20d8ff24-4934-11ea-a2aa-b88a60e194fb-1-ps,crmid:5970808923,4,Business Card,9,Personal Loan
20d9c390-4934-11ea-8e43-b88a60e194fb-1-ps,crmid:9413229638,6,Dividend Card,8,Business Loan
21374cd0-4934-11ea-8ab7-b88a60e194fb-1-ps,crmid:3303871658,5,Dividend Card,3,Personal Loan
21385cc8-4934-11ea-85ff-b88a60e194fb-1-ps,crmid:3428751886,5,Business Card,5,Student Loan
21394728-4934-11ea-899b-b88a60e194fb-1-ps,crmid:7403271404,3,Student Card,8,Personal Loan
213a3190-4934-11ea-9d8c-b88a60e194fb-1-ps,crmid:1057463703,3,Dividend Card,9,Business Loan
213af4de-4934-11ea-b177-b88a60e194fb-1-ps,crmid:9289136699,4,Platinum Card,5,Student Loan
213bb828-4934-11ea-8372-b88a60e194fb-1-ps,crmid:6995689622,5,Rewards Card,5,Personal Loan
213c7b6e-4934-11ea-b2f9-b88a60e194fb-1-ps,crmid:2673848379,4,Simplicity Card,2,Auto Loan
213d3ec8-4934-11ea-a000-b88a60e194fb-1-ps,crmid:3044199271,3,Dividend Card,6,Personal Loan
219cc3f0-4934-11ea-842f-b88a60e194fb-1-ps,crmid:3133482725,5,Student Card,3,Business Loan
219d8886-4934-11ea-a927-b88a60e194fb-1-ps,crmid:4797363365,5,Rewards Card,5,Business Loan
219e4bc8-4934-11ea-9f89-b88a60e194fb-1-ps,crmid:5386117261,4,Student Card,4,Auto Loan
219f0f12-4934-11ea-8f7f-b88a60e194fb-1-ps,crmid:6273460914,4,Simplicity Card,4,Student Loan
219fd12e-4934-11ea-af6f-b88a60e194fb-1-ps,crmid:6193053952,5,Simplicity Card,6,Student Loan
21a0965a-4934-11ea-b1fa-b88a60e194fb-1-ps,crmid:7883494045,8,Simplicity Card,5,Business Loan
21a157a8-4934-11ea-83fe-b88a60e194fb-1-ps,crmid:3441476921,4,Dividend Card,3,Personal Loan
21a2426e-4934-11ea-a364-b88a60e194fb-1-ps,crmid:1736348746,4,Student Card,1,Auto Loan
21ff0806-4934-11ea-86b9-b88a60e194fb-1-ps,crmid:2114978509,6,Business Card,3,Personal Loan
21fff26e-4934-11ea-ac60-b88a60e194fb-1-ps,crmid:4632910378,5,Simplicity Card,8,Business Loan
2200dcc8-4934-11ea-8ae1-b88a60e194fb-1-ps,crmid:3213986839,4,Dividend Card,5,Student Loan
2201a01a-4934-11ea-a01b-b88a60e194fb-1-ps,crmid:5976275972,5,Rewards Card,5,Business Loan
2202635a-4934-11ea-8dd7-b88a60e194fb-1-ps,crmid:2369197410,3,Simplicity Card,4,Auto Loan
220374d4-4934-11ea-b003-b88a60e194fb-1-ps,crmid:9584188138,4,Business Card,6,Personal Loan
22048638-4934-11ea-bd00-b88a60e194fb-1-ps,crmid:1390505375,5,Travel Card,3,Auto Loan
2205709a-4934-11ea-b4bc-b88a60e194fb-1-ps,crmid:6324336817,3,Dividend Card,8,Personal Loan
220633f0-4934-11ea-8a77-b88a60e194fb-1-ps,crmid:4107650790,3,Platinum Card,7,Business Loan
2265e008-4934-11ea-8f54-b88a60e194fb-1-ps,crmid:6932110101,1,Business Card,2,Personal Loan
2266cbb6-4934-11ea-b80b-b88a60e194fb-1-ps,crmid:6136111869,5,Business Card,8,Student Loan
22678ef4-4934-11ea-8584-b88a60e194fb-1-ps,crmid:9389961997,4,Dividend Card,9,Auto Loan
22682b2e-4934-11ea-9078-b88a60e194fb-1-ps,crmid:7700093670,4,Student Card,5,Auto Loan
22691454-4934-11ea-a7ee-b88a60e194fb-1-ps,crmid:4127429425,4,Business Card,4,Business Loan
2269d8d0-4934-11ea-b029-b88a60e194fb-1-ps,crmid:5947626449,4,Rewards Card,4,Personal Loan
226ac1f4-4934-11ea-89fa-b88a60e194fb-1-ps,crmid:9038899651,2,Rewards Card,6,Auto Loan
226b8646-4934-11ea-b188-b88a60e194fb-1-ps,crmid:1312654618,4,Travel Card,4,Personal Loan
22cd5582-4934-11ea-aab3-b88a60e194fb-1-ps,crmid:8953541625,3,Student Card,3,Auto Loan
22ce400c-4934-11ea-b803-b88a60e194fb-1-ps,crmid:9470324196,6,Student Card,5,Personal Loan
22cf036e-4934-11ea-87ef-b88a60e194fb-1-ps,crmid:6691273582,2,Business Card,4,Business Loan
22cfc676-4934-11ea-a155-b88a60e194fb-1-ps,crmid:6324050014,5,Simplicity Card,5,Personal Loan
22d089ba-4934-11ea-94ec-b88a60e194fb-1-ps,crmid:7240551228,5,Business Card,5,Student Loan
22d14d1e-4934-11ea-a9c6-b88a60e194fb-1-ps,crmid:4612318078,5,Rewards Card,3,Business Loan
22d2363a-4934-11ea-9a85-b88a60e194fb-1-ps,crmid:8782751086,5,Business Card,3,Business Loan
22d34776-4934-11ea-94f9-b88a60e194fb-1-ps,crmid:2109061729,2,Student Card,4,Student Loan
2330827a-4934-11ea-8fb6-b88a60e194fb-1-ps,crmid:7515898044,4,Business Card,9,Student Loan
23316cf4-4934-11ea-8e7c-b88a60e194fb-1-ps,crmid:6082393474,3,Student Card,3,Personal Loan
23325740-4934-11ea-bd15-b88a60e194fb-1-ps,crmid:9998388169,2,Rewards Card,4,Auto Loan
233341a4-4934-11ea-ae7b-b88a60e194fb-1-ps,crmid:1600252631,5,Student Card,5,Personal Loan
233404e8-4934-11ea-a8e6-b88a60e194fb-1-ps,crmid:1071384922,5,Business Card,6,Student Loan
2334ef50-4934-11ea-b8e6-b88a60e194fb-1-ps,crmid:4153320249,3,Platinum Card,4,Personal Loan
233627cc-4934-11ea-9580-b88a60e194fb-1-ps,crmid:8589543162,5,Dividend Card,4,Student Loan
2336eb2e-4934-11ea-9ee8-b88a60e194fb-1-ps,crmid:4225209447,3,Business Card,4,Personal Loan
2337d57a-4934-11ea-acff-b88a60e194fb-1-ps,crmid:4753146275,5,Business Card,4,Personal Loan
2397d114-4934-11ea-966f-b88a60e194fb-1-ps,crmid:9932153188,5,Business Card,4,Business Loan
2398ba28-4934-11ea-9394-b88a60e194fb-1-ps,crmid:6085388218,4,Travel Card,4,Business Loan
23997e8a-4934-11ea-a041-b88a60e194fb-1-ps,crmid:6681142302,4,Student Card,9,Personal Loan
239a67e2-4934-11ea-bcf3-b88a60e194fb-1-ps,crmid:8054080629,3,Platinum Card,5,Personal Loan
239b2c18-4934-11ea-a2bc-b88a60e194fb-1-ps,crmid:9276446091,5,Simplicity Card,4,Personal Loan
239bee6c-4934-11ea-bf31-b88a60e194fb-1-ps,crmid:4583108670,4,Rewards Card,4,Business Loan
239cd986-4934-11ea-bceb-b88a60e194fb-1-ps,crmid:4786548545,4,Travel Card,5,Auto Loan
23fa8914-4934-11ea-9f35-b88a60e194fb-1-ps,crmid:6668872676,4,Platinum Card,3,Auto Loan
23fb4d5a-4934-11ea-8865-b88a60e194fb-1-ps,crmid:4567012048,3,Rewards Card,4,Business Loan
23fc5de8-4934-11ea-8422-b88a60e194fb-1-ps,crmid:3258612755,4,Student Card,5,Personal Loan
23fd4840-4934-11ea-af34-b88a60e194fb-1-ps,crmid:7899994449,3,Dividend Card,3,Business Loan
23fe0cd2-4934-11ea-a0e2-b88a60e194fb-1-ps,crmid:4141469518,4,Dividend Card,3,Personal Loan
23fed018-4934-11ea-a6e2-b88a60e194fb-1-ps,crmid:2777603974,4,Rewards Card,10,Student Loan
23ff935a-4934-11ea-a183-b88a60e194fb-1-ps,crmid:3955504184,3,Travel Card,5,Personal Loan
2400556c-4934-11ea-ac39-b88a60e194fb-1-ps,crmid:7664774335,4,Student Card,3,Business Loan
2465cdae-4934-11ea-8067-b88a60e194fb-1-ps,crmid:6053973745,4,Student Card,2,Personal Loan
2466df28-4934-11ea-8721-b88a60e194fb-1-ps,crmid:6148587804,3,Student Card,4,Student Loan
2467c986-4934-11ea-9f94-b88a60e194fb-1-ps,crmid:7512395053,4,Simplicity Card,6,Auto Loan
24688cca-4934-11ea-b8a4-b88a60e194fb-1-ps,crmid:9958971057,4,Business Card,4,Student Loan
24692914-4934-11ea-9bb7-b88a60e194fb-1-ps,crmid:1278648285,3,Platinum Card,3,Personal Loan
246a3a7a-4934-11ea-b267-b88a60e194fb-1-ps,crmid:4843992876,5,Rewards Card,5,Personal Loan
246afdc2-4934-11ea-89ea-b88a60e194fb-1-ps,crmid:6799496345,4,Student Card,3,Personal Loan
24c99986-4934-11ea-a57f-b88a60e194fb-1-ps,crmid:8074916880,4,Rewards Card,3,Student Loan
24ca8462-4934-11ea-b548-b88a60e194fb-1-ps,crmid:3588089030,4,Travel Card,6,Personal Loan
24cb6d66-4934-11ea-94eb-b88a60e194fb-1-ps,crmid:4637082384,3,Dividend Card,3,Business Loan
24cc31f4-4934-11ea-a4e6-b88a60e194fb-1-ps,crmid:7033675756,9,Dividend Card,4,Business Loan
24cd1b06-4934-11ea-8320-b88a60e194fb-1-ps,crmid:1016535586,4,Simplicity Card,5,Personal Loan
24ce059c-4934-11ea-8ebc-b88a60e194fb-1-ps,crmid:3817645780,2,Student Card,4,Auto Loan
24cec9e8-4934-11ea-a52a-b88a60e194fb-1-ps,crmid:7329227047,4,Dividend Card,3,Personal Loan
24cf8bf6-4934-11ea-9d35-b88a60e194fb-1-ps,crmid:1312654618,3,Simplicity Card,4,Business Loan
252ee9f8-4934-11ea-96d9-b88a60e194fb-1-ps,crmid:1076938331,3,Simplicity Card,3,Personal Loan
252fd46c-4934-11ea-9f29-b88a60e194fb-1-ps,crmid:4427779280,3,Rewards Card,4,Auto Loan
2530bebe-4934-11ea-8577-b88a60e194fb-1-ps,crmid:9429726417,7,Student Card,1,Auto Loan
2531820a-4934-11ea-a95e-b88a60e194fb-1-ps,crmid:7555088590,4,Student Card,3,Auto Loan
25326c50-4934-11ea-85ee-b88a60e194fb-1-ps,crmid:8814020004,4,Platinum Card,5,Business Loan
25332fa4-4934-11ea-8c29-b88a60e194fb-1-ps,crmid:1048877570,4,Platinum Card,3,Business Loan
25341b02-4934-11ea-8bc4-b88a60e194fb-1-ps,crmid:5870026980,3,Simplicity Card,4,Personal Loan
2534dd54-4934-11ea-b6ba-b88a60e194fb-1-ps,crmid:4847598969,5,Platinum Card,4,Auto Loan
2594898a-4934-11ea-837c-b88a60e194fb-1-ps,crmid:5215231015,5,Business Card,4,Personal Loan
25957550-4934-11ea-b780-b88a60e194fb-1-ps,crmid:5827434884,3,Simplicity Card,8,Business Loan
25963714-4934-11ea-8044-b88a60e194fb-1-ps,crmid:4318752493,4,Dividend Card,3,Auto Loan
2596fbcc-4934-11ea-956e-b88a60e194fb-1-ps,crmid:5195899005,3,Student Card,3,Student Loan
259880da-4934-11ea-95d9-b88a60e194fb-1-ps,crmid:8283064977,5,Simplicity Card,3,Student Loan
25996b2e-4934-11ea-b7df-b88a60e194fb-1-ps,crmid:1203000538,4,Student Card,8,Student Loan
259a2e76-4934-11ea-bb50-b88a60e194fb-1-ps,crmid:1829523960,3,Dividend Card,2,Student Loan
259af1da-4934-11ea-b35a-b88a60e194fb-1-ps,crmid:1509920196,2,Business Card,4,Personal Loan
259bb528-4934-11ea-a2a7-b88a60e194fb-1-ps,crmid:5349605917,5,Travel Card,7,Student Loan
25fb135c-4934-11ea-ac8f-b88a60e194fb-1-ps,crmid:9534352698,5,Travel Card,4,Business Loan
25fbfe8a-4934-11ea-b835-b88a60e194fb-1-ps,crmid:9151773319,4,Business Card,8,Business Loan
25fce8ca-4934-11ea-93f9-b88a60e194fb-1-ps,crmid:5956762147,5,Travel Card,4,Personal Loan
25fdac58-4934-11ea-999d-b88a60e194fb-1-ps,crmid:6980885536,6,Travel Card,2,Business Loan
25fe6fd0-4934-11ea-a5cc-b88a60e194fb-1-ps,crmid:6342283681,5,Rewards Card,3,Personal Loan
25ff58fa-4934-11ea-8a2b-b88a60e194fb-1-ps,crmid:7512395053,8,Rewards Card,3,Business Loan
26001c5a-4934-11ea-ab2e-b88a60e194fb-1-ps,crmid:9527213637,6,Business Card,3,Personal Loan
2661760c-4934-11ea-9ba2-b88a60e194fb-1-ps,crmid:3803885865,3,Platinum Card,5,Business Loan
2662605c-4934-11ea-827a-b88a60e194fb-1-ps,crmid:6462183246,6,Dividend Card,3,Personal Loan
26634d6e-4934-11ea-bea0-b88a60e194fb-1-ps,crmid:5050154016,3,Business Card,2,Student Loan
26640df6-4934-11ea-a615-b88a60e194fb-1-ps,crmid:7247662302,4,Rewards Card,4,Personal Loan
2664d150-4934-11ea-bd32-b88a60e194fb-1-ps,crmid:3723707077,1,Platinum Card,4,Student Loan
2665bbb8-4934-11ea-80e6-b88a60e194fb-1-ps,crmid:5119299875,3,Dividend Card,6,Auto Loan
26667ffa-4934-11ea-b1dd-b88a60e194fb-1-ps,crmid:3523850807,6,Platinum Card,5,Personal Loan
26674266-4934-11ea-8ea2-b88a60e194fb-1-ps,crmid:4396580685,4,Dividend Card,4,Student Loan
26c6ee76-4934-11ea-8424-b88a60e194fb-1-ps,crmid:3532484835,3,Student Card,5,Personal Loan
26c7d8d2-4934-11ea-98af-b88a60e194fb-1-ps,crmid:2892051854,1,Student Card,5,Auto Loan
26c96058-4934-11ea-9899-b88a60e194fb-1-ps,crmid:9043181619,4,Simplicity Card,3,Business Loan
26ca23a6-4934-11ea-a948-b88a60e194fb-1-ps,crmid:8611344784,4,Platinum Card,2,Personal Loan
26cae6d8-4934-11ea-8e4b-b88a60e194fb-1-ps,crmid:3511034923,3,Business Card,6,Personal Loan
26cbaa3a-4934-11ea-9bc6-b88a60e194fb-1-ps,crmid:7924964820,3,Dividend Card,10,Business Loan
26cc6d9a-4934-11ea-9e56-b88a60e194fb-1-ps,crmid:8561774544,5,Rewards Card,8,Auto Loan
26cd30f6-4934-11ea-aac9-b88a60e194fb-1-ps,crmid:3041665544,5,Simplicity Card,5,Personal Loan
26cdf412-4934-11ea-9156-b88a60e194fb-1-ps,crmid:5533464137,4,Business Card,4,Personal Loan
272d29f6-4934-11ea-8412-b88a60e194fb-1-ps,crmid:1820495631,2,Student Card,4,Student Loan
272e1458-4934-11ea-9ff0-b88a60e194fb-1-ps,crmid:4219695119,4,Rewards Card,5,Personal Loan
272efeba-4934-11ea-ae81-b88a60e194fb-1-ps,crmid:1219549398,1,Business Card,5,Personal Loan
272fe914-4934-11ea-92fb-b88a60e194fb-1-ps,crmid:3817515011,4,Simplicity Card,4,Auto Loan
2730ac5c-4934-11ea-af9c-b88a60e194fb-1-ps,crmid:7689052083,5,Student Card,6,Business Loan
273196c0-4934-11ea-b0b3-b88a60e194fb-1-ps,crmid:3517611089,3,Simplicity Card,4,Auto Loan
27323306-4934-11ea-84d0-b88a60e194fb-1-ps,crmid:4372596771,5,Student Card,3,Personal Loan
27331d5c-4934-11ea-a68e-b88a60e194fb-1-ps,crmid:3960547335,3,Dividend Card,3,Student Loan
27936764-4934-11ea-9d3b-b88a60e194fb-1-ps,crmid:1685611877,5,Platinum Card,4,Auto Loan
2794295c-4934-11ea-b241-b88a60e194fb-1-ps,crmid:4605505312,3,Simplicity Card,3,Personal Loan
2794ed42-4934-11ea-9d28-b88a60e194fb-1-ps,crmid:7496332766,2,Student Card,4,Auto Loan
27958986-4934-11ea-bf3a-b88a60e194fb-1-ps,crmid:6145960462,3,Simplicity Card,4,Student Loan
27967306-4934-11ea-869b-b88a60e194fb-1-ps,crmid:2720012675,3,Dividend Card,4,Auto Loan
27978480-4934-11ea-8743-b88a60e194fb-1-ps,crmid:1098268027,5,Rewards Card,5,Student Loan
27986eda-4934-11ea-bea9-b88a60e194fb-1-ps,crmid:8054517963,3,Travel Card,5,Auto Loan
27993230-4934-11ea-a3d0-b88a60e194fb-1-ps,crmid:1243602566,4,Platinum Card,5,Business Loan
2799f578-4934-11ea-8b6f-b88a60e194fb-1-ps,crmid:2546720418,4,Student Card,9,Business Loan
27fe3546-4934-11ea-abea-b88a60e194fb-1-ps,crmid:6132165004,3,Rewards Card,3,Personal Loan
27fef892-4934-11ea-87c9-b88a60e194fb-1-ps,crmid:1261845710,4,Student Card,3,Business Loan
27ffe3c2-4934-11ea-8132-b88a60e194fb-1-ps,crmid:7885027761,3,Dividend Card,3,Personal Loan
2800a63a-4934-11ea-8cf0-b88a60e194fb-1-ps,crmid:1098719255,5,Rewards Card,2,Personal Loan
2801698a-4934-11ea-90b0-b88a60e194fb-1-ps,crmid:5133992754,5,Business Card,3,Personal Loan
280205c8-4934-11ea-8d11-b88a60e194fb-1-ps,crmid:4028928471,3,Simplicity Card,4,Auto Loan
2802ca68-4934-11ea-ac6d-b88a60e194fb-1-ps,crmid:2523112689,5,Dividend Card,9,Personal Loan
2803b48c-4934-11ea-8fef-b88a60e194fb-1-ps,crmid:1900540365,4,Platinum Card,4,Personal Loan
28658406-4934-11ea-a01b-b88a60e194fb-1-ps,crmid:8763772501,5,Simplicity Card,3,Business Loan
28666e4c-4934-11ea-b778-b88a60e194fb-1-ps,crmid:6525172505,6,Student Card,3,Student Loan
28673198-4934-11ea-a057-b88a60e194fb-1-ps,crmid:5486896625,4,Platinum Card,3,Business Loan
2867f4ee-4934-11ea-8bbe-b88a60e194fb-1-ps,crmid:1176212110,5,Dividend Card,3,Business Loan
2868b6e8-4934-11ea-9b2e-b88a60e194fb-1-ps,crmid:1964042679,3,Student Card,4,Business Loan
28697b6c-4934-11ea-93b5-b88a60e194fb-1-ps,crmid:3852116868,4,Business Card,5,Personal Loan
286a3eba-4934-11ea-899e-b88a60e194fb-1-ps,crmid:3752217591,5,Rewards Card,4,Personal Loan
286b4fc6-4934-11ea-b5ef-b88a60e194fb-1-ps,crmid:7372644634,5,Rewards Card,4,Student Loan
28cc5a90-4934-11ea-a136-b88a60e194fb-1-ps,crmid:5433996974,4,Platinum Card,2,Student Loan
28cd44ee-4934-11ea-ab9a-b88a60e194fb-1-ps,crmid:3029399624,4,Dividend Card,3,Student Loan
28ce2f62-4934-11ea-8a53-b88a60e194fb-1-ps,crmid:5229621049,6,Student Card,4,Personal Loan
28cef3e6-4934-11ea-8eff-b88a60e194fb-1-ps,crmid:9353144971,6,Travel Card,4,Auto Loan
28cfb728-4934-11ea-8f9c-b88a60e194fb-1-ps,crmid:8851355401,3,Travel Card,3,Business Loan
28d07a5c-4934-11ea-a770-b88a60e194fb-1-ps,crmid:8831701271,3,Platinum Card,4,Personal Loan
28d1639e-4934-11ea-881c-b88a60e194fb-1-ps,crmid:2085315680,3,Platinum Card,3,Personal Loan
28d22824-4934-11ea-8362-b88a60e194fb-1-ps,crmid:6236129465,2,Business Card,6,Business Loan
29330b7a-4934-11ea-a57a-b88a60e194fb-1-ps,crmid:2088425623,5,Platinum Card,3,Personal Loan
2933f706-4934-11ea-beb8-b88a60e194fb-1-ps,crmid:8144945546,3,Business Card,3,Student Loan
2934ba58-4934-11ea-ae27-b88a60e194fb-1-ps,crmid:5010266553,1,Business Card,5,Personal Loan
2935a4cc-4934-11ea-bbf2-b88a60e194fb-1-ps,crmid:4738381410,6,Simplicity Card,3,Auto Loan
293666de-4934-11ea-82a7-b88a60e194fb-1-ps,crmid:6969599050,4,Business Card,4,Business Loan
29372b3a-4934-11ea-94ab-b88a60e194fb-1-ps,crmid:8273452173,10,Rewards Card,5,Personal Loan
2937eea6-4934-11ea-9766-b88a60e194fb-1-ps,crmid:1163760718,5,Rewards Card,5,Student Loan
2938ff94-4934-11ea-99f4-b88a60e194fb-1-ps,crmid:2373296410,4,Platinum Card,4,Business Loan
299883a4-4934-11ea-a0b2-b88a60e194fb-1-ps,crmid:7125668674,4,Rewards Card,4,Auto Loan
29994702-4934-11ea-9a3e-b88a60e194fb-1-ps,crmid:3512351366,4,Business Card,8,Personal Loan
299a315a-4934-11ea-ba6c-b88a60e194fb-1-ps,crmid:5454811541,3,Simplicity Card,1,Auto Loan
299af49c-4934-11ea-bbca-b88a60e194fb-1-ps,crmid:3336143598,5,Travel Card,4,Business Loan
299b90ee-4934-11ea-8298-b88a60e194fb-1-ps,crmid:8281541181,4,Rewards Card,3,Student Loan
299cc9ca-4934-11ea-8f7a-b88a60e194fb-1-ps,crmid:1195861557,3,Travel Card,6,Personal Loan
299d8de4-4934-11ea-aabe-b88a60e194fb-1-ps,crmid:3133914707,4,Student Card,5,Auto Loan
299e2a14-4934-11ea-9856-b88a60e194fb-1-ps,crmid:7097646577,4,Dividend Card,3,Business Loan
299eed98-4934-11ea-9a44-b88a60e194fb-1-ps,crmid:1861358386,9,Travel Card,3,Auto Loan
29fd11ba-4934-11ea-ac5a-b88a60e194fb-1-ps,crmid:8360925787,4,Student Card,3,Student Loan
29fdfc1a-4934-11ea-9a4e-b88a60e194fb-1-ps,crmid:1610700091,3,Travel Card,3,Personal Loan
29febf6c-4934-11ea-a7e8-b88a60e194fb-1-ps,crmid:7031825351,6,Platinum Card,5,Personal Loan
29ff8412-4934-11ea-bb25-b88a60e194fb-1-ps,crmid:4731593562,6,Dividend Card,4,Auto Loan
2a00475a-4934-11ea-ad18-b88a60e194fb-1-ps,crmid:3525131736,9,Rewards Card,4,Auto Loan
2a010a6e-4934-11ea-8de3-b88a60e194fb-1-ps,crmid:1274008944,6,Business Card,5,Student Loan
2a01cdfe-4934-11ea-8072-b88a60e194fb-1-ps,crmid:8654051353,8,Platinum Card,4,Personal Loan
2a02900c-4934-11ea-9ebb-b88a60e194fb-1-ps,crmid:8873453732,4,Rewards Card,4,Business Loan
2a639b92-4934-11ea-abdd-b88a60e194fb-1-ps,crmid:1118798784,5,Rewards Card,3,Personal Loan
2a6485f0-4934-11ea-98d1-b88a60e194fb-1-ps,crmid:4108287386,3,Business Card,4,Personal Loan
2a657054-4934-11ea-bc26-b88a60e194fb-1-ps,crmid:1528013129,5,Platinum Card,4,Personal Loan
2a663398-4934-11ea-b243-b88a60e194fb-1-ps,crmid:3989089779,5,Simplicity Card,5,Business Loan
2a66f6e4-4934-11ea-92fb-b88a60e194fb-1-ps,crmid:4208429457,5,Business Card,3,Auto Loan
2a67ba38-4934-11ea-b724-b88a60e194fb-1-ps,crmid:3211332559,4,Dividend Card,6,Personal Loan
2a685678-4934-11ea-ad97-b88a60e194fb-1-ps,crmid:8654051353,2,Rewards Card,6,Business Loan
2a696874-4934-11ea-a8b4-b88a60e194fb-1-ps,crmid:1176212110,4,Student Card,5,Personal Loan
2ac9b164-4934-11ea-a795-b88a60e194fb-1-ps,crmid:9350546678,4,Business Card,4,Auto Loan
2aca9c1e-4934-11ea-abf0-b88a60e194fb-1-ps,crmid:1664296880,5,Rewards Card,9,Business Loan
2acb5f4a-4934-11ea-93b4-b88a60e194fb-1-ps,crmid:5185718464,5,Student Card,4,Business Loan
2acc22ae-4934-11ea-9353-b88a60e194fb-1-ps,crmid:6475989919,2,Business Card,3,Personal Loan
2acce5c6-4934-11ea-9f45-b88a60e194fb-1-ps,crmid:7710076843,4,Dividend Card,4,Auto Loan
2acd81e2-4934-11ea-b287-b88a60e194fb-1-ps,crmid:7906169194,3,Platinum Card,3,Auto Loan
2ace6c38-4934-11ea-ad3a-b88a60e194fb-1-ps,crmid:1287393998,4,Dividend Card,3,Business Loan
2acf2fe8-4934-11ea-9bfd-b88a60e194fb-1-ps,crmid:4669064904,4,Rewards Card,3,Student Loan
2b303b9c-4934-11ea-a668-b88a60e194fb-1-ps,crmid:5465044431,5,Platinum Card,9,Personal Loan
2b30fea8-4934-11ea-beb0-b88a60e194fb-1-ps,crmid:7672516766,5,Simplicity Card,4,Personal Loan
2b31e7fe-4934-11ea-9b1b-b88a60e194fb-1-ps,crmid:3541501715,6,Dividend Card,3,Business Loan
2b32ac8a-4934-11ea-8443-b88a60e194fb-1-ps,crmid:8648332100,4,Platinum Card,7,Business Loan
2b336f90-4934-11ea-9e2a-b88a60e194fb-1-ps,crmid:3385793467,3,Dividend Card,4,Personal Loan
2b343314-4934-11ea-9531-b88a60e194fb-1-ps,crmid:5461803969,4,Dividend Card,3,Student Loan
2b34f668-4934-11ea-a332-b88a60e194fb-1-ps,crmid:9995292369,3,Dividend Card,2,Auto Loan
2b35b9c8-4934-11ea-a136-b88a60e194fb-1-ps,crmid:9036489098,5,Platinum Card,3,Personal Loan
2b36a410-4934-11ea-a11f-b88a60e194fb-1-ps,crmid:6789239832,4,Dividend Card,2,Auto Loan
2b99847e-4934-11ea-9fdd-b88a60e194fb-1-ps,crmid:2246541486,1,Travel Card,6,Auto Loan
2b9a6eda-4934-11ea-9299-b88a60e194fb-1-ps,crmid:1686022492,3,Business Card,3,Personal Loan
2b9b31e8-4934-11ea-bcc5-b88a60e194fb-1-ps,crmid:2387690390,3,Dividend Card,6,Student Loan
2b9bf56e-4934-11ea-9802-b88a60e194fb-1-ps,crmid:4304312862,4,Business Card,6,Auto Loan
2b9cb776-4934-11ea-8eb4-b88a60e194fb-1-ps,crmid:1091799339,7,Rewards Card,6,Personal Loan
2b9d7c1c-4934-11ea-af4c-b88a60e194fb-1-ps,crmid:2035909724,4,Dividend Card,4,Student Loan
2b9e3e1a-4934-11ea-85eb-b88a60e194fb-1-ps,crmid:3794900652,4,Platinum Card,6,Student Loan
2b9edb5c-4934-11ea-8969-b88a60e194fb-1-ps,crmid:4666584455,5,Simplicity Card,3,Personal Loan
2b9f9ee6-4934-11ea-84cb-b88a60e194fb-1-ps,crmid:4455901518,4,Simplicity Card,2,Personal Loan
2c0369ba-4934-11ea-8cdb-b88a60e194fb-1-ps,crmid:2193947514,5,Business Card,5,Auto Loan
2c04538c-4934-11ea-bd29-b88a60e194fb-1-ps,crmid:3931134074,4,Platinum Card,3,Personal Loan
2c051762-4934-11ea-a7c0-b88a60e194fb-1-ps,crmid:4114543274,5,Rewards Card,5,Personal Loan
2c060068-4934-11ea-b493-b88a60e194fb-1-ps,crmid:6855602218,3,Business Card,4,Business Loan
2c06c4ac-4934-11ea-bdf6-b88a60e194fb-1-ps,crmid:5757665325,3,Business Card,3,Personal Loan
2c0760e8-4934-11ea-91df-b88a60e194fb-1-ps,crmid:9005436566,3,Student Card,8,Auto Loan
2c08243a-4934-11ea-83f2-b88a60e194fb-1-ps,crmid:2816715461,4,Student Card,4,Personal Loan
2c686c88-4934-11ea-a2ce-b88a60e194fb-1-ps,crmid:6623628120,4,Dividend Card,4,Student Loan
2c6a192c-4934-11ea-b37f-b88a60e194fb-1-ps,crmid:7801453550,6,Rewards Card,3,Student Loan
2c6b0388-4934-11ea-8b83-b88a60e194fb-1-ps,crmid:2301423538,3,Travel Card,8,Personal Loan
2c6c14f8-4934-11ea-a4eb-b88a60e194fb-1-ps,crmid:1349330587,5,Student Card,5,Student Loan
2c6d749a-4934-11ea-a64b-b88a60e194fb-1-ps,crmid:2852352161,4,Dividend Card,4,Auto Loan
2c6ed4ca-4934-11ea-bd77-b88a60e194fb-1-ps,crmid:7301052095,4,Platinum Card,5,Personal Loan
2c6f9928-4934-11ea-a894-b88a60e194fb-1-ps,crmid:8577738787,3,Business Card,3,Business Loan
2c705cba-4934-11ea-9c7e-b88a60e194fb-1-ps,crmid:4243594655,5,Dividend Card,4,Auto Loan
2cd02e08-4934-11ea-9c60-b88a60e194fb-1-ps,crmid:4988459871,5,Dividend Card,4,Student Loan
2cd11878-4934-11ea-980c-b88a60e194fb-1-ps,crmid:4764767344,5,Travel Card,5,Auto Loan
2cd1dc74-4934-11ea-ac12-b88a60e194fb-1-ps,crmid:4582977360,5,Rewards Card,5,Student Loan
2cd2a038-4934-11ea-a20b-b88a60e194fb-1-ps,crmid:2810558844,3,Business Card,5,Business Loan
2cd36366-4934-11ea-b0af-b88a60e194fb-1-ps,crmid:3315822633,5,Business Card,4,Personal Loan
2cd426d2-4934-11ea-b9ec-b88a60e194fb-1-ps,crmid:7077585009,3,Student Card,3,Personal Loan
2cd51130-4934-11ea-b264-b88a60e194fb-1-ps,crmid:1498037690,4,Student Card,3,Personal Loan
2cd5fb8a-4934-11ea-aea1-b88a60e194fb-1-ps,crmid:7449114038,6,Business Card,4,Personal Loan
2cd6bea6-4934-11ea-a565-b88a60e194fb-1-ps,crmid:4446755230,4,Business Card,4,Student Loan
2d39ed5c-4934-11ea-ba55-b88a60e194fb-1-ps,crmid:2750214572,5,Rewards Card,3,Personal Loan
2d3ad682-4934-11ea-a59a-b88a60e194fb-1-ps,crmid:6859129447,8,Platinum Card,4,Business Loan
2d3b9b1e-4934-11ea-ba65-b88a60e194fb-1-ps,crmid:3042409571,10,Platinum Card,6,Personal Loan
2d3c857e-4934-11ea-a053-b88a60e194fb-1-ps,crmid:3965639854,4,Travel Card,4,Personal Loan
2d3d482e-4934-11ea-9350-b88a60e194fb-1-ps,crmid:2031262338,8,Travel Card,4,Personal Loan
2d3e7fe6-4934-11ea-b7b1-b88a60e194fb-1-ps,crmid:7177195818,5,Simplicity Card,5,Personal Loan
2d3f6a40-4934-11ea-b13a-b88a60e194fb-1-ps,crmid:8744844319,3,Platinum Card,5,Auto Loan
2d4054cc-4934-11ea-811e-b88a60e194fb-1-ps,crmid:2031384768,3,Simplicity Card,3,Personal Loan
2dad6ef8-4934-11ea-b6c5-b88a60e194fb-1-ps,crmid:9949893842,4,Simplicity Card,3,Personal Loan
2daea6cc-4934-11ea-91f4-b88a60e194fb-1-ps,crmid:5120402974,5,Simplicity Card,3,Personal Loan
2dafb81e-4934-11ea-9673-b88a60e194fb-1-ps,crmid:1288192911,6,Student Card,3,Personal Loan
2db0c99c-4934-11ea-929c-b88a60e194fb-1-ps,crmid:2856797032,3,Business Card,3,Personal Loan
2db20222-4934-11ea-abdd-b88a60e194fb-1-ps,crmid:3155649347,4,Platinum Card,4,Student Loan
2db33aa4-4934-11ea-acd6-b88a60e194fb-1-ps,crmid:7366173746,4,Student Card,6,Student Loan
2db42634-4934-11ea-8262-b88a60e194fb-1-ps,crmid:3031324132,4,Business Card,5,Personal Loan
2db50f50-4934-11ea-b92d-b88a60e194fb-1-ps,crmid:3762949956,2,Rewards Card,2,Personal Loan
2e26487e-4934-11ea-ac55-b88a60e194fb-1-ps,crmid:1153437451,4,Platinum Card,3,Student Loan
2e2732d2-4934-11ea-83c4-b88a60e194fb-1-ps,crmid:8213751366,4,Simplicity Card,4,Auto Loan
2e27f628-4934-11ea-a65e-b88a60e194fb-1-ps,crmid:6064620991,3,Business Card,4,Auto Loan
2e28b9c6-4934-11ea-a12f-b88a60e194fb-1-ps,crmid:1742269996,5,Platinum Card,4,Personal Loan
2e2954ba-4934-11ea-92c0-b88a60e194fb-1-ps,crmid:4146000555,8,Simplicity Card,4,Personal Loan
2e2a191e-4934-11ea-aad4-b88a60e194fb-1-ps,crmid:9764482598,2,Platinum Card,4,Business Loan
2e2b299c-4934-11ea-9347-b88a60e194fb-1-ps,crmid:8884957422,4,Student Card,2,Student Loan
2e2bedcc-4934-11ea-b750-b88a60e194fb-1-ps,crmid:3010706981,4,Business Card,4,Personal Loan
2e8fdf6c-4934-11ea-a55c-b88a60e194fb-1-ps,crmid:2335449004,3,Platinum Card,2,Personal Loan
2e90a30a-4934-11ea-922d-b88a60e194fb-1-ps,crmid:1518424835,3,Simplicity Card,4,Personal Loan
2e918c76-4934-11ea-88ea-b88a60e194fb-1-ps,crmid:6217217876,3,Simplicity Card,3,Student Loan
2e9250f6-4934-11ea-943b-b88a60e194fb-1-ps,crmid:1013758206,5,Platinum Card,4,Personal Loan
2e9313fa-4934-11ea-bfef-b88a60e194fb-1-ps,crmid:8329954810,5,Platinum Card,4,Personal Loan
2e93d776-4934-11ea-a815-b88a60e194fb-1-ps,crmid:3808580549,3,Simplicity Card,5,Personal Loan
2e949a2e-4934-11ea-87f4-b88a60e194fb-1-ps,crmid:2630424967,4,Student Card,5,Personal Loan
2e95ab00-4934-11ea-b59a-b88a60e194fb-1-ps,crmid:5525909887,5,Simplicity Card,3,Personal Loan
2e96955a-4934-11ea-bce2-b88a60e194fb-1-ps,crmid:1962429350,5,Travel Card,5,Auto Loan
2ef8b3da-4934-11ea-96ca-b88a60e194fb-1-ps,crmid:8443475253,4,Simplicity Card,4,Student Loan
2ef99ce8-4934-11ea-9725-b88a60e194fb-1-ps,crmid:1357885830,4,Student Card,3,Student Loan
2efa6122-4934-11ea-a801-b88a60e194fb-1-ps,crmid:2856221196,4,Dividend Card,7,Business Loan
2efb243e-4934-11ea-bbb2-b88a60e194fb-1-ps,crmid:3453040181,4,Business Card,3,Personal Loan
2efbe7e8-4934-11ea-b9e4-b88a60e194fb-1-ps,crmid:3954987851,4,Platinum Card,3,Student Loan
2efcaaf4-4934-11ea-8818-b88a60e194fb-1-ps,crmid:3088096535,3,Business Card,7,Auto Loan
2efd6e92-4934-11ea-ad64-b88a60e194fb-1-ps,crmid:4615095898,5,Student Card,4,Personal Loan
2efe31d2-4934-11ea-9648-b88a60e194fb-1-ps,crmid:7611376766,10,Dividend Card,3,Business Loan
2f5e7a66-4934-11ea-b102-b88a60e194fb-1-ps,crmid:6601459582,3,Dividend Card,4,Auto Loan
2f5f64a2-4934-11ea-8583-b88a60e194fb-1-ps,crmid:6202591133,5,Student Card,6,Personal Loan
2f60275c-4934-11ea-ae72-b88a60e194fb-1-ps,crmid:8703148462,3,Dividend Card,3,Personal Loan
2f61111c-4934-11ea-b819-b88a60e194fb-1-ps,crmid:6730317609,4,Student Card,5,Personal Loan
2f61d58a-4934-11ea-8eb5-b88a60e194fb-1-ps,crmid:4625540334,4,Rewards Card,5,Business Loan
2f629898-4934-11ea-97ff-b88a60e194fb-1-ps,crmid:3123876473,5,Dividend Card,5,Auto Loan
2f635c3a-4934-11ea-bf0e-b88a60e194fb-1-ps,crmid:7797190644,4,Travel Card,6,Auto Loan
2f63f862-4934-11ea-a20a-b88a60e194fb-1-ps,crmid:3623942275,3,Rewards Card,6,Student Loan
2f64e168-4934-11ea-9a85-b88a60e194fb-1-ps,crmid:9085195804,5,Simplicity Card,4,Personal Loan
2fcca53a-4934-11ea-a42a-b88a60e194fb-1-ps,crmid:5180346368,5,Student Card,8,Auto Loan
2fcd8fb4-4934-11ea-a65c-b88a60e194fb-1-ps,crmid:1664984402,4,Travel Card,4,Business Loan
2fce52de-4934-11ea-8d9f-b88a60e194fb-1-ps,crmid:6492874638,6,Rewards Card,3,Personal Loan
2fcf3bfe-4934-11ea-9d60-b88a60e194fb-1-ps,crmid:3124216795,2,Rewards Card,5,Auto Loan
2fd02630-4934-11ea-a6ca-b88a60e194fb-1-ps,crmid:1803279651,4,Rewards Card,5,Business Loan
2fd0c27a-4934-11ea-87e0-b88a60e194fb-1-ps,crmid:1810898079,4,Dividend Card,4,Personal Loan
2fd18736-4934-11ea-a297-b88a60e194fb-1-ps,crmid:9034731710,3,Platinum Card,4,Business Loan
2fd27046-4934-11ea-81e6-b88a60e194fb-1-ps,crmid:1759057285,3,Rewards Card,4,Student Loan
3034679a-4934-11ea-817e-b88a60e194fb-1-ps,crmid:3494789424,4,Platinum Card,3,Business Loan
3035299a-4934-11ea-873e-b88a60e194fb-1-ps,crmid:4915135562,3,Platinum Card,4,Student Loan
30361410-4934-11ea-9a1e-b88a60e194fb-1-ps,crmid:8242001112,8,Platinum Card,3,Personal Loan
3036ff4a-4934-11ea-8a6a-b88a60e194fb-1-ps,crmid:4418814706,3,Rewards Card,4,Personal Loan
3037c188-4934-11ea-92b2-b88a60e194fb-1-ps,crmid:5242060196,3,Dividend Card,2,Personal Loan
30385f48-4934-11ea-8ce8-b88a60e194fb-1-ps,crmid:1409670520,3,Rewards Card,3,Auto Loan
3039225a-4934-11ea-a956-b88a60e194fb-1-ps,crmid:3135580808,4,Dividend Card,7,Business Loan
3039e54a-4934-11ea-a912-b88a60e194fb-1-ps,crmid:3179731723,4,Business Card,9,Personal Loan
309ee91a-4934-11ea-bd3a-b88a60e194fb-1-ps,crmid:5009975170,3,Simplicity Card,3,Auto Loan
309fd218-4934-11ea-9311-b88a60e194fb-1-ps,crmid:8971945626,3,Platinum Card,4,Business Loan
30a09664-4934-11ea-aa28-b88a60e194fb-1-ps,crmid:1886985990,3,Dividend Card,3,Personal Loan
30a13276-4934-11ea-9df9-b88a60e194fb-1-ps,crmid:3213986839,3,Dividend Card,2,Business Loan
30a21d36-4934-11ea-ad20-b88a60e194fb-1-ps,crmid:8823829007,4,Platinum Card,4,Auto Loan
30a2e076-4934-11ea-afb5-b88a60e194fb-1-ps,crmid:3404939316,4,Platinum Card,4,Business Loan
30a3ca9c-4934-11ea-aafd-b88a60e194fb-1-ps,crmid:7344728325,5,Platinum Card,5,Personal Loan
30a4b4c0-4934-11ea-9272-b88a60e194fb-1-ps,crmid:7270135258,5,Dividend Card,5,Auto Loan
30a5780a-4934-11ea-b2fc-b88a60e194fb-1-ps,crmid:3814334190,4,Simplicity Card,6,Business Loan
31071f34-4934-11ea-9986-b88a60e194fb-1-ps,crmid:8020595792,4,Dividend Card,4,Auto Loan
3108099e-4934-11ea-b051-b88a60e194fb-1-ps,crmid:1364262284,4,Travel Card,4,Business Loan
3108cce2-4934-11ea-a6a6-b88a60e194fb-1-ps,crmid:4007241549,5,Student Card,3,Student Loan
31099028-4934-11ea-ae8e-b88a60e194fb-1-ps,crmid:1393911695,3,Business Card,4,Auto Loan
310a537e-4934-11ea-9a5a-b88a60e194fb-1-ps,crmid:8498058323,3,Travel Card,5,Business Loan
310b3dec-4934-11ea-a360-b88a60e194fb-1-ps,crmid:8056769896,5,Student Card,4,Personal Loan
310c4f1c-4934-11ea-b6b1-b88a60e194fb-1-ps,crmid:1845033212,5,Travel Card,5,Personal Loan
310ceb5a-4934-11ea-95d9-b88a60e194fb-1-ps,crmid:8567490349,3,Travel Card,3,Auto Loan
316fccdc-4934-11ea-aef2-b88a60e194fb-1-ps,crmid:5588229454,4,Student Card,9,Auto Loan
3170b6e4-4934-11ea-967e-b88a60e194fb-1-ps,crmid:4943573199,6,Platinum Card,4,Personal Loan
3171a198-4934-11ea-84a1-b88a60e194fb-1-ps,crmid:7717752055,3,Student Card,4,Personal Loan
31723dd4-4934-11ea-a65b-b88a60e194fb-1-ps,crmid:2230011945,4,Travel Card,6,Personal Loan
31732842-4934-11ea-b58e-b88a60e194fb-1-ps,crmid:7801453550,4,Dividend Card,3,Personal Loan
3174124c-4934-11ea-99c2-b88a60e194fb-1-ps,crmid:9878448593,3,Simplicity Card,4,Business Loan
3174d634-4934-11ea-9bf9-b88a60e194fb-1-ps,crmid:1882218029,4,Business Card,5,Personal Loan
31759846-4934-11ea-a3e1-b88a60e194fb-1-ps,crmid:4095172439,4,Rewards Card,4,Auto Loan
31765c76-4934-11ea-b099-b88a60e194fb-1-ps,crmid:4692919806,5,Simplicity Card,3,Personal Loan
31da4d9c-4934-11ea-be9b-b88a60e194fb-1-ps,crmid:1084034958,5,Platinum Card,4,Personal Loan
31db37ba-4934-11ea-a4cf-b88a60e194fb-1-ps,crmid:3298708609,6,Student Card,3,Personal Loan
31dbfc58-4934-11ea-a34f-b88a60e194fb-1-ps,crmid:7098568609,4,Rewards Card,4,Personal Loan
31dcbe6e-4934-11ea-a890-b88a60e194fb-1-ps,crmid:6774324665,4,Travel Card,4,Personal Loan
31dd82b0-4934-11ea-9425-b88a60e194fb-1-ps,crmid:8406693800,4,Platinum Card,2,Personal Loan
31de6cec-4934-11ea-b094-b88a60e194fb-1-ps,crmid:3001615424,3,Rewards Card,2,Business Loan
31df2ffa-4934-11ea-ac4e-b88a60e194fb-1-ps,crmid:8982093983,2,Student Card,4,Personal Loan
31dff3cc-4934-11ea-a728-b88a60e194fb-1-ps,crmid:4579800785,5,Platinum Card,3,Personal Loan
32417452-4934-11ea-a8db-b88a60e194fb-1-ps,crmid:3131979736,7,Dividend Card,4,Personal Loan
32428618-4934-11ea-8e58-b88a60e194fb-1-ps,crmid:5131264246,6,Dividend Card,6,Auto Loan
3243706e-4934-11ea-8e82-b88a60e194fb-1-ps,crmid:1465863708,5,Travel Card,3,Student Loan
324433b4-4934-11ea-a918-b88a60e194fb-1-ps,crmid:2759952713,5,Dividend Card,3,Business Loan
3244f5d8-4934-11ea-9a74-b88a60e194fb-1-ps,crmid:1983622715,2,Rewards Card,6,Business Loan
3245b9fe-4934-11ea-b01b-b88a60e194fb-1-ps,crmid:8993675548,4,Rewards Card,4,Personal Loan
32467dba-4934-11ea-8534-b88a60e194fb-1-ps,crmid:3099322426,4,Simplicity Card,4,Personal Loan
324740f0-4934-11ea-b628-b88a60e194fb-1-ps,crmid:7807732378,5,Rewards Card,3,Auto Loan
32485222-4934-11ea-ab6d-b88a60e194fb-1-ps,crmid:8492050567,5,Travel Card,4,Business Loan
32aba7c2-4934-11ea-81d1-b88a60e194fb-1-ps,crmid:6684979834,4,Dividend Card,5,Personal Loan
32ac9290-4934-11ea-96cb-b88a60e194fb-1-ps,crmid:7647887469,3,Travel Card,4,Personal Loan
32ad55b0-4934-11ea-9d0c-b88a60e194fb-1-ps,crmid:4213777720,5,Rewards Card,3,Business Loan
32ae18ae-4934-11ea-b123-b88a60e194fb-1-ps,crmid:1125936902,6,Simplicity Card,5,Auto Loan
32af0318-4934-11ea-9f02-b88a60e194fb-1-ps,crmid:4653543008,4,Dividend Card,3,Auto Loan
32af9f4a-4934-11ea-a659-b88a60e194fb-1-ps,crmid:5992335512,3,Simplicity Card,2,Business Loan
32b0629a-4934-11ea-a0d9-b88a60e194fb-1-ps,crmid:3360938034,5,Travel Card,4,Personal Loan
32b124f6-4934-11ea-a8f6-b88a60e194fb-1-ps,crmid:4102253389,5,Student Card,5,Business Loan
32b1e9ae-4934-11ea-a6b9-b88a60e194fb-1-ps,crmid:7228462325,4,Travel Card,3,Business Loan
331a6dd2-4934-11ea-927a-b88a60e194fb-1-ps,crmid:1644095778,3,Business Card,4,Business Loan
331b582e-4934-11ea-b920-b88a60e194fb-1-ps,crmid:5060945495,6,Rewards Card,4,Personal Loan
331c91c0-4934-11ea-8737-b88a60e194fb-1-ps,crmid:1006422064,3,Travel Card,4,Personal Loan
331da352-4934-11ea-8ce2-b88a60e194fb-1-ps,crmid:9812275969,5,Business Card,5,Student Loan
331e8d10-4934-11ea-a902-b88a60e194fb-1-ps,crmid:4600923846,3,Travel Card,3,Personal Loan
331f2a0c-4934-11ea-9b7e-b88a60e194fb-1-ps,crmid:7346342848,4,Rewards Card,5,Personal Loan
331fed68-4934-11ea-aa08-b88a60e194fb-1-ps,crmid:9501489861,5,Business Card,5,Personal Loan
33214cf6-4934-11ea-a2a3-b88a60e194fb-1-ps,crmid:6133661956,3,Rewards Card,5,Personal Loan
3382cc8c-4934-11ea-8ff0-b88a60e194fb-1-ps,crmid:2880291980,5,Simplicity Card,7,Personal Loan
3383b7a8-4934-11ea-9fe0-b88a60e194fb-1-ps,crmid:5688980543,4,Platinum Card,3,Personal Loan
3384a168-4934-11ea-a3d3-b88a60e194fb-1-ps,crmid:1188290066,5,Business Card,8,Personal Loan
338564b0-4934-11ea-87d4-b88a60e194fb-1-ps,crmid:5831503678,3,Platinum Card,3,Personal Loan
3386289a-4934-11ea-85fb-b88a60e194fb-1-ps,crmid:9971060353,5,Rewards Card,4,Business Loan
3386c4d2-4934-11ea-ab48-b88a60e194fb-1-ps,crmid:4716410173,5,Business Card,4,Personal Loan
3387af7a-4934-11ea-b31b-b88a60e194fb-1-ps,crmid:2924838912,2,Travel Card,4,Auto Loan
338871d0-4934-11ea-bdf9-b88a60e194fb-1-ps,crmid:5724659538,4,Student Card,7,Student Loan
33ed4de6-4934-11ea-b979-b88a60e194fb-1-ps,crmid:1308433007,4,Dividend Card,3,Personal Loan
33ee384c-4934-11ea-8524-b88a60e194fb-1-ps,crmid:1111778991,4,Student Card,2,Business Loan
33ef22a8-4934-11ea-bf4d-b88a60e194fb-1-ps,crmid:9783117279,5,Simplicity Card,5,Business Loan
33efe5f4-4934-11ea-a42b-b88a60e194fb-1-ps,crmid:6201117883,1,Student Card,4,Auto Loan
33f0d04a-4934-11ea-a054-b88a60e194fb-1-ps,crmid:5329603051,3,Dividend Card,4,Personal Loan
33f1939e-4934-11ea-9999-b88a60e194fb-1-ps,crmid:9828342919,10,Rewards Card,4,Student Loan
33f256e8-4934-11ea-a9aa-b88a60e194fb-1-ps,crmid:9808088773,5,Simplicity Card,3,Business Loan
33f34174-4934-11ea-a6ed-b88a60e194fb-1-ps,crmid:8328388845,3,Business Card,4,Auto Loan
33f452b4-4934-11ea-b8f7-b88a60e194fb-1-ps,crmid:5734466504,4,Simplicity Card,3,Auto Loan
345f9882-4934-11ea-808d-b88a60e194fb-1-ps,crmid:8247208631,4,Platinum Card,6,Personal Loan
34608302-4934-11ea-a43e-b88a60e194fb-1-ps,crmid:2323431204,5,Platinum Card,4,Personal Loan
34616c98-4934-11ea-80af-b88a60e194fb-1-ps,crmid:8850383131,5,Business Card,2,Personal Loan
34623106-4934-11ea-8858-b88a60e194fb-1-ps,crmid:2608207319,4,Simplicity Card,5,Business Loan
34631a0c-4934-11ea-9294-b88a60e194fb-1-ps,crmid:5713602582,4,Travel Card,5,Personal Loan
34640568-4934-11ea-8bc3-b88a60e194fb-1-ps,crmid:1788228990,4,Rewards Card,4,Auto Loan
3464c96e-4934-11ea-b35d-b88a60e194fb-1-ps,crmid:1608865069,5,Student Card,6,Personal Loan
34658bee-4934-11ea-ad93-b88a60e194fb-1-ps,crmid:1858367517,5,Simplicity Card,9,Personal Loan
34ca8e1e-4934-11ea-aa10-b88a60e194fb-1-ps,crmid:7886132573,4,Platinum Card,5,Personal Loan
34cb78ac-4934-11ea-99ef-b88a60e194fb-1-ps,crmid:4974473480,3,Dividend Card,4,Personal Loan
34ccb110-4934-11ea-8ef8-b88a60e194fb-1-ps,crmid:6122698884,4,Rewards Card,4,Personal Loan
34cd9b6e-4934-11ea-aa8d-b88a60e194fb-1-ps,crmid:5312988557,9,Platinum Card,5,Personal Loan
34ce5eca-4934-11ea-bcf8-b88a60e194fb-1-ps,crmid:5033864897,3,Dividend Card,4,Student Loan
34cf220a-4934-11ea-8ee1-b88a60e194fb-1-ps,crmid:9948821986,3,Travel Card,4,Business Loan
34d00c8c-4934-11ea-93aa-b88a60e194fb-1-ps,crmid:3922353834,3,Platinum Card,3,Student Loan
34d0d06e-4934-11ea-b16f-b88a60e194fb-1-ps,crmid:4172218296,5,Simplicity Card,5,Student Loan
34d27eb6-4934-11ea-9fd9-b88a60e194fb-1-ps,crmid:5059125438,6,Rewards Card,5,Auto Loan
3535fb98-4934-11ea-b565-b88a60e194fb-1-ps,crmid:1527120863,3,Travel Card,4,Personal Loan
3536e4b4-4934-11ea-940e-b88a60e194fb-1-ps,crmid:5490199009,5,Platinum Card,3,Personal Loan
3537d02e-4934-11ea-a6e3-b88a60e194fb-1-ps,crmid:7388453342,4,Student Card,2,Student Loan
35389376-4934-11ea-a837-b88a60e194fb-1-ps,crmid:4975777039,6,Rewards Card,2,Auto Loan
353ab6c6-4934-11ea-a835-b88a60e194fb-1-ps,crmid:6996955170,4,Dividend Card,4,Auto Loan
353b7852-4934-11ea-b939-b88a60e194fb-1-ps,crmid:3046766740,5,Simplicity Card,4,Business Loan
353c62c8-4934-11ea-9b2e-b88a60e194fb-1-ps,crmid:2846110354,3,Simplicity Card,4,Auto Loan
353d4e24-4934-11ea-bc0f-b88a60e194fb-1-ps,crmid:1744930752,4,Platinum Card,5,Business Loan
35a007dc-4934-11ea-8912-b88a60e194fb-1-ps,crmid:4413967704,4,Simplicity Card,7,Student Loan
35a117ee-4934-11ea-994d-b88a60e194fb-1-ps,crmid:5831503678,6,Business Card,2,Personal Loan
35a1db2e-4934-11ea-98fb-b88a60e194fb-1-ps,crmid:5946255716,4,Travel Card,7,Personal Loan
35a2c678-4934-11ea-b9dc-b88a60e194fb-1-ps,crmid:7212109908,4,Platinum Card,3,Business Loan
35a38968-4934-11ea-95ed-b88a60e194fb-1-ps,crmid:6553418892,4,Platinum Card,4,Student Loan
35a44c18-4934-11ea-9a5e-b88a60e194fb-1-ps,crmid:2962072734,3,Platinum Card,6,Personal Loan
35a5105c-4934-11ea-80e8-b88a60e194fb-1-ps,crmid:1205425463,4,Student Card,2,Business Loan
35a5d3b6-4934-11ea-bc8d-b88a60e194fb-1-ps,crmid:2891236161,4,Travel Card,3,Auto Loan
35a6e4ee-4934-11ea-b0b2-b88a60e194fb-1-ps,crmid:4591615580,3,Dividend Card,4,Student Loan
360d9514-4934-11ea-905b-b88a60e194fb-1-ps,crmid:5895536609,3,Business Card,8,Student Loan
360e5862-4934-11ea-8e7e-b88a60e194fb-1-ps,crmid:8966379945,3,Business Card,6,Personal Loan
360f42ba-4934-11ea-9151-b88a60e194fb-1-ps,crmid:4864468834,4,Rewards Card,2,Personal Loan
36102d26-4934-11ea-ae35-b88a60e194fb-1-ps,crmid:2299998831,5,Business Card,4,Business Loan
3610c968-4934-11ea-94e2-b88a60e194fb-1-ps,crmid:8257257638,4,Travel Card,3,Personal Loan
3611b3be-4934-11ea-a53d-b88a60e194fb-1-ps,crmid:7874780231,4,Travel Card,3,Personal Loan
36124ff4-4934-11ea-a61b-b88a60e194fb-1-ps,crmid:5968438777,6,Travel Card,3,Personal Loan
36131348-4934-11ea-b76c-b88a60e194fb-1-ps,crmid:5142589668,5,Dividend Card,4,Personal Loan
3613fdba-4934-11ea-a3f5-b88a60e194fb-1-ps,crmid:9176337713,4,Student Card,3,Business Loan
3679c536-4934-11ea-8a22-b88a60e194fb-1-ps,crmid:7672516766,4,Platinum Card,5,Auto Loan
367a88e8-4934-11ea-ae77-b88a60e194fb-1-ps,crmid:2528728196,5,Student Card,5,Business Loan
367b7352-4934-11ea-b6ed-b88a60e194fb-1-ps,crmid:3528824720,7,Dividend Card,4,Student Loan
367c3612-4934-11ea-ab2c-b88a60e194fb-1-ps,crmid:3670884745,4,Simplicity Card,10,Personal Loan
367cf9cc-4934-11ea-acb2-b88a60e194fb-1-ps,crmid:3320333135,4,Platinum Card,4,Auto Loan
367e09cc-4934-11ea-9bf5-b88a60e194fb-1-ps,crmid:1962652904,5,Rewards Card,3,Business Loan
367ecd1e-4934-11ea-8f88-b88a60e194fb-1-ps,crmid:8511559230,3,Platinum Card,4,Business Loan
367f9068-4934-11ea-8fb8-b88a60e194fb-1-ps,crmid:6223627778,3,Simplicity Card,5,Personal Loan
36e2e63a-4934-11ea-9a26-b88a60e194fb-1-ps,crmid:9458422366,3,Rewards Card,4,Student Loan
36e3d092-4934-11ea-9a9d-b88a60e194fb-1-ps,crmid:7077585009,4,Student Card,5,Business Loan
36e50d0c-4934-11ea-9979-b88a60e194fb-1-ps,crmid:7347961494,4,Student Card,2,Auto Loan
36e5cc50-4934-11ea-b534-b88a60e194fb-1-ps,crmid:8119485585,4,Business Card,5,Student Loan
36e6b6ae-4934-11ea-94fe-b88a60e194fb-1-ps,crmid:5876172302,3,Business Card,4,Auto Loan
36e7a112-4934-11ea-8b62-b88a60e194fb-1-ps,crmid:9152687001,5,Student Card,6,Personal Loan
36e86468-4934-11ea-bec9-b88a60e194fb-1-ps,crmid:7281314999,4,Platinum Card,8,Business Loan
36e94eb8-4934-11ea-9bc8-b88a60e194fb-1-ps,crmid:4550814267,3,Business Card,3,Personal Loan
374ec828-4934-11ea-8349-b88a60e194fb-1-ps,crmid:9817617076,5,Platinum Card,8,Business Loan
374fb17a-4934-11ea-bb19-b88a60e194fb-1-ps,crmid:3301696578,4,Business Card,5,Personal Loan
37507636-4934-11ea-854b-b88a60e194fb-1-ps,crmid:2405603009,3,Simplicity Card,5,Personal Loan
37513918-4934-11ea-9479-b88a60e194fb-1-ps,crmid:3219953630,3,Student Card,6,Auto Loan
375222a2-4934-11ea-9759-b88a60e194fb-1-ps,crmid:4016377352,4,Rewards Card,8,Personal Loan
3752e71c-4934-11ea-b602-b88a60e194fb-1-ps,crmid:6837997387,5,Business Card,6,Business Loan
3753d034-4934-11ea-bcf8-b88a60e194fb-1-ps,crmid:9413641313,4,Travel Card,4,Auto Loan
37549436-4934-11ea-afa8-b88a60e194fb-1-ps,crmid:5461086899,4,Business Card,4,Personal Loan
3755310a-4934-11ea-9fa8-b88a60e194fb-1-ps,crmid:8247208631,4,Dividend Card,4,Personal Loan
37b83882-4934-11ea-9134-b88a60e194fb-1-ps,crmid:6334284144,7,Platinum Card,2,Personal Loan
37b8fb66-4934-11ea-b9be-b88a60e194fb-1-ps,crmid:2334060418,4,Simplicity Card,3,Personal Loan
37b9e4f4-4934-11ea-89df-b88a60e194fb-1-ps,crmid:7621755730,5,Business Card,9,Student Loan
37baa994-4934-11ea-8289-b88a60e194fb-1-ps,crmid:2255917251,3,Rewards Card,3,Personal Loan
37bb6c58-4934-11ea-ba0a-b88a60e194fb-1-ps,crmid:2152420848,3,Simplicity Card,5,Personal Loan
37bc301c-4934-11ea-a257-b88a60e194fb-1-ps,crmid:6863298437,5,Dividend Card,3,Student Loan
37bd19b6-4934-11ea-9a4d-b88a60e194fb-1-ps,crmid:7244058820,5,Simplicity Card,4,Student Loan
37bdb65e-4934-11ea-afd1-b88a60e194fb-1-ps,crmid:9318032253,5,Travel Card,4,Business Loan
3821cfac-4934-11ea-9968-b88a60e194fb-1-ps,crmid:3815072006,4,Travel Card,4,Student Loan
3822ba06-4934-11ea-aea0-b88a60e194fb-1-ps,crmid:6497311629,5,Business Card,5,Personal Loan
38237d74-4934-11ea-878e-b88a60e194fb-1-ps,crmid:5238644512,4,Travel Card,3,Personal Loan
38243f6c-4934-11ea-aa3f-b88a60e194fb-1-ps,crmid:3808905684,4,Business Card,2,Business Loan
38250350-4934-11ea-bad5-b88a60e194fb-1-ps,crmid:7323285236,4,Platinum Card,4,Business Loan
3825c730-4934-11ea-99e0-b88a60e194fb-1-ps,crmid:1094406108,4,Dividend Card,3,Student Loan
3826b18c-4934-11ea-8d3d-b88a60e194fb-1-ps,crmid:4524630395,4,Business Card,5,Business Loan
38277442-4934-11ea-8ed6-b88a60e194fb-1-ps,crmid:5376844252,3,Rewards Card,3,Auto Loan
38283828-4934-11ea-a0dc-b88a60e194fb-1-ps,crmid:4063110567,4,Business Card,3,Auto Loan
388dfe46-4934-11ea-8175-b88a60e194fb-1-ps,crmid:3434488265,4,Platinum Card,8,Personal Loan
388f0fe2-4934-11ea-8fd5-b88a60e194fb-1-ps,crmid:3957678161,5,Rewards Card,2,Auto Loan
388ff942-4934-11ea-8330-b88a60e194fb-1-ps,crmid:6445167912,3,Rewards Card,4,Business Loan
3890bdf6-4934-11ea-974b-b88a60e194fb-1-ps,crmid:4766550903,4,Student Card,4,Business Loan
38917fc2-4934-11ea-aff9-b88a60e194fb-1-ps,crmid:1891724845,4,Rewards Card,4,Personal Loan
389243a8-4934-11ea-a7e0-b88a60e194fb-1-ps,crmid:4658306111,6,Rewards Card,6,Auto Loan
3892dfdc-4934-11ea-8ea1-b88a60e194fb-1-ps,crmid:7566771234,5,Platinum Card,3,Personal Loan
3893cacc-4934-11ea-9a4c-b88a60e194fb-1-ps,crmid:4899127791,3,Travel Card,3,Student Loan
38f91b22-4934-11ea-b531-b88a60e194fb-1-ps,crmid:1324246316,4,Business Card,10,Auto Loan
38fa06ae-4934-11ea-a9e2-b88a60e194fb-1-ps,crmid:1209476617,3,Dividend Card,4,Business Loan
38fb3dd8-4934-11ea-b856-b88a60e194fb-1-ps,crmid:2315005834,2,Dividend Card,3,Personal Loan
38fc4f4a-4934-11ea-864c-b88a60e194fb-1-ps,crmid:1626237881,5,Business Card,3,Auto Loan
38fd60ae-4934-11ea-965a-b88a60e194fb-1-ps,crmid:5508081812,5,Travel Card,4,Personal Loan
38fe2594-4934-11ea-9581-b88a60e194fb-1-ps,crmid:1302061908,3,Simplicity Card,4,Business Loan
38fee850-4934-11ea-a08b-b88a60e194fb-1-ps,crmid:8015543733,4,Student Card,5,Student Loan
38fff9a4-4934-11ea-82eb-b88a60e194fb-1-ps,crmid:2271675041,3,Student Card,6,Personal Loan
39009634-4934-11ea-8a7b-b88a60e194fb-1-ps,crmid:7275401703,3,Student Card,5,Auto Loan
3965e790-4934-11ea-99fe-b88a60e194fb-1-ps,crmid:7885027761,5,Business Card,6,Personal Loan
3966aab8-4934-11ea-b970-b88a60e194fb-1-ps,crmid:4733571485,3,Simplicity Card,3,Auto Loan
39679548-4934-11ea-b8f6-b88a60e194fb-1-ps,crmid:8897866478,3,Business Card,4,Personal Loan
3968578a-4934-11ea-851a-b88a60e194fb-1-ps,crmid:1192204981,3,Business Card,9,Auto Loan
39691b5c-4934-11ea-a00d-b88a60e194fb-1-ps,crmid:7579793013,4,Travel Card,4,Auto Loan
3969de4a-4934-11ea-8edf-b88a60e194fb-1-ps,crmid:4108577798,5,Rewards Card,5,Personal Loan
396aa182-4934-11ea-8eac-b88a60e194fb-1-ps,crmid:9272133888,5,Travel Card,6,Personal Loan
396bb43e-4934-11ea-b1bf-b88a60e194fb-1-ps,crmid:9870495830,7,Student Card,4,Auto Loan
396c7786-4934-11ea-8456-b88a60e194fb-1-ps,crmid:6211116084,4,Business Card,3,Auto Loan
39d067fa-4934-11ea-a606-b88a60e194fb-1-ps,crmid:1845337661,4,Platinum Card,5,Personal Loan
39d12cc2-4934-11ea-9665-b88a60e194fb-1-ps,crmid:8523149482,3,Simplicity Card,3,Business Loan
39d215c8-4934-11ea-9b06-b88a60e194fb-1-ps,crmid:1853909148,3,Simplicity Card,5,Business Loan
39d30008-4934-11ea-98d7-b88a60e194fb-1-ps,crmid:8572548685,6,Travel Card,5,Auto Loan
39d39da4-4934-11ea-82e8-b88a60e194fb-1-ps,crmid:8930448123,8,Simplicity Card,3,Student Loan
39d45fa6-4934-11ea-9645-b88a60e194fb-1-ps,crmid:3828253080,5,Dividend Card,5,Personal Loan
39d523a2-4934-11ea-9c9f-b88a60e194fb-1-ps,crmid:5523754173,6,Dividend Card,4,Personal Loan
39d60ea2-4934-11ea-a609-b88a60e194fb-1-ps,crmid:8993024628,3,Platinum Card,5,Personal Loan
3a3ce626-4934-11ea-87e4-b88a60e194fb-1-ps,crmid:8219107568,4,Business Card,3,Auto Loan
3a3dcfa8-4934-11ea-8378-b88a60e194fb-1-ps,crmid:8019712410,5,Simplicity Card,3,Business Loan
3a3eba0a-4934-11ea-bc9d-b88a60e194fb-1-ps,crmid:6535216370,2,Simplicity Card,4,Auto Loan
3a3f7e98-4934-11ea-ac26-b88a60e194fb-1-ps,crmid:6522239439,5,Rewards Card,5,Personal Loan
3a4041e6-4934-11ea-8258-b88a60e194fb-1-ps,crmid:3445389438,3,Simplicity Card,2,Personal Loan
3a412bdc-4934-11ea-9e61-b88a60e194fb-1-ps,crmid:4154301508,6,Business Card,5,Personal Loan
3a41efc0-4934-11ea-8fc1-b88a60e194fb-1-ps,crmid:4120119133,5,Platinum Card,3,Student Loan
3a42d888-4934-11ea-9fc4-b88a60e194fb-1-ps,crmid:9115710928,5,Travel Card,3,Personal Loan
3aabac7a-4934-11ea-8321-b88a60e194fb-1-ps,crmid:2578687805,4,Business Card,4,Student Loan
3aac96da-4934-11ea-b7ef-b88a60e194fb-1-ps,crmid:3793935912,7,Simplicity Card,3,Personal Loan
3aad8138-4934-11ea-b5ee-b88a60e194fb-1-ps,crmid:1906506601,2,Simplicity Card,3,Personal Loan
3aae45cc-4934-11ea-a9e8-b88a60e194fb-1-ps,crmid:1233868340,4,Business Card,5,Auto Loan
3aaf08a8-4934-11ea-8150-b88a60e194fb-1-ps,crmid:4944942816,5,Dividend Card,5,Auto Loan
3aaff32e-4934-11ea-8ed2-b88a60e194fb-1-ps,crmid:5224218600,4,Business Card,2,Student Loan
3ab0dc9a-4934-11ea-9ba8-b88a60e194fb-1-ps,crmid:1338766348,3,Student Card,3,Personal Loan
3ab17998-4934-11ea-a07b-b88a60e194fb-1-ps,crmid:7222297101,2,Simplicity Card,8,Student Loan
3ab23d5e-4934-11ea-8a39-b88a60e194fb-1-ps,crmid:2733377062,4,Platinum Card,3,Business Loan
3b18c6ec-4934-11ea-a5ab-b88a60e194fb-1-ps,crmid:4161820583,4,Rewards Card,8,Personal Loan
3b198a9c-4934-11ea-9f7c-b88a60e194fb-1-ps,crmid:8584029544,4,Student Card,4,Auto Loan
3b1a73be-4934-11ea-b003-b88a60e194fb-1-ps,crmid:7500625178,4,Travel Card,4,Student Loan
3b1b5dd8-4934-11ea-8998-b88a60e194fb-1-ps,crmid:7548561704,6,Simplicity Card,3,Personal Loan
3b1c214c-4934-11ea-82c7-b88a60e194fb-1-ps,crmid:9140304427,4,Business Card,3,Business Loan
3b1d0b88-4934-11ea-8537-b88a60e194fb-1-ps,crmid:4089399247,5,Student Card,3,Student Loan
3b1e1d1c-4934-11ea-a38a-b88a60e194fb-1-ps,crmid:3708610074,3,Platinum Card,3,Personal Loan
3b1ee074-4934-11ea-91de-b88a60e194fb-1-ps,crmid:6073579265,3,Simplicity Card,6,Personal Loan
3b1fcadc-4934-11ea-9f96-b88a60e194fb-1-ps,crmid:2183656354,5,Business Card,4,Business Loan
3b8b0fc0-4934-11ea-86ca-b88a60e194fb-1-ps,crmid:6902379454,4,Student Card,4,Auto Loan
3b8bfa10-4934-11ea-bf5b-b88a60e194fb-1-ps,crmid:8443947659,3,Simplicity Card,3,Business Loan
3b8cbe5c-4934-11ea-9f06-b88a60e194fb-1-ps,crmid:9039441759,5,Dividend Card,5,Business Loan
3b8d81fa-4934-11ea-af0e-b88a60e194fb-1-ps,crmid:2887310458,4,Travel Card,5,Business Loan
3b8e6afa-4934-11ea-b92d-b88a60e194fb-1-ps,crmid:6958695824,3,Travel Card,5,Personal Loan
3b8f56b4-4934-11ea-a2a8-b88a60e194fb-1-ps,crmid:1432770521,3,Student Card,4,Personal Loan
3b8ff2fa-4934-11ea-af47-b88a60e194fb-1-ps,crmid:5272230268,3,Dividend Card,4,Personal Loan
3b90dc34-4934-11ea-8f32-b88a60e194fb-1-ps,crmid:4894304291,2,Business Card,6,Personal Loan
3b91c7a4-4934-11ea-befa-b88a60e194fb-1-ps,crmid:6008104035,4,Simplicity Card,4,Student Loan
3bf85078-4934-11ea-bd4c-b88a60e194fb-1-ps,crmid:8556095028,5,Rewards Card,4,Business Loan
3bf961ba-4934-11ea-9873-b88a60e194fb-1-ps,crmid:2147679462,3,Business Card,4,Business Loan
3bfa4c24-4934-11ea-bf40-b88a60e194fb-1-ps,crmid:1464423924,3,Business Card,6,Personal Loan
3bfb5d40-4934-11ea-a7fe-b88a60e194fb-1-ps,crmid:1993738108,4,Student Card,5,Business Loan
3bfc47a8-4934-11ea-97b0-b88a60e194fb-1-ps,crmid:1103246658,5,Business Card,5,Personal Loan
3bfce3e4-4934-11ea-9919-b88a60e194fb-1-ps,crmid:4784775551,5,Travel Card,4,Business Loan
3bfda72c-4934-11ea-a535-b88a60e194fb-1-ps,crmid:5724775972,2,Business Card,5,Auto Loan
3bfe917e-4934-11ea-82b4-b88a60e194fb-1-ps,crmid:8805588043,5,Travel Card,4,Auto Loan
3bffa308-4934-11ea-aab7-b88a60e194fb-1-ps,crmid:3794900652,5,Dividend Card,4,Student Loan
3c651d18-4934-11ea-9c2f-b88a60e194fb-1-ps,crmid:4591615580,3,Simplicity Card,10,Auto Loan
3c6606fa-4934-11ea-892b-b88a60e194fb-1-ps,crmid:7720060811,4,Student Card,5,Auto Loan
3c66f05e-4934-11ea-a8f6-b88a60e194fb-1-ps,crmid:6037774300,3,Platinum Card,4,Personal Loan
3c67b422-4934-11ea-b367-b88a60e194fb-1-ps,crmid:9546944591,5,Simplicity Card,4,Business Loan
3c689dfe-4934-11ea-89c1-b88a60e194fb-1-ps,crmid:7343014748,3,Platinum Card,9,Student Loan
3c69614a-4934-11ea-b28f-b88a60e194fb-1-ps,crmid:4240058488,3,Travel Card,5,Personal Loan
3c6a4b86-4934-11ea-925c-b88a60e194fb-1-ps,crmid:9377374906,4,Simplicity Card,3,Auto Loan
3c6b0ed0-4934-11ea-b34a-b88a60e194fb-1-ps,crmid:4802364955,4,Travel Card,4,Business Loan
3c6bf936-4934-11ea-ae4a-b88a60e194fb-1-ps,crmid:4714616185,3,Rewards Card,5,Student Loan
3cd5693e-4934-11ea-81c8-b88a60e194fb-1-ps,crmid:3075907572,5,Simplicity Card,4,Personal Loan
3cd653a4-4934-11ea-a406-b88a60e194fb-1-ps,crmid:3964399936,4,Business Card,2,Auto Loan
3cd78c5e-4934-11ea-814e-b88a60e194fb-1-ps,crmid:3580446406,5,Simplicity Card,3,Student Loan
3cd87678-4934-11ea-aaff-b88a60e194fb-1-ps,crmid:7875787361,3,Platinum Card,4,Personal Loan
3cd939ca-4934-11ea-989c-b88a60e194fb-1-ps,crmid:6047882145,4,Travel Card,3,Personal Loan
3cda4b3a-4934-11ea-9a4d-b88a60e194fb-1-ps,crmid:8373660138,4,Business Card,3,Personal Loan
3cdb35a2-4934-11ea-8563-b88a60e194fb-1-ps,crmid:6840724412,4,Business Card,3,Personal Loan
3cdc2002-4934-11ea-8f85-b88a60e194fb-1-ps,crmid:9290911063,6,Simplicity Card,8,Auto Loan
3cdce352-4934-11ea-b8b9-b88a60e194fb-1-ps,crmid:5439173213,3,Simplicity Card,5,Business Loan
3d519f68-4934-11ea-ba97-b88a60e194fb-1-ps,crmid:3700880735,5,Travel Card,3,Business Loan
3d5289e2-4934-11ea-8e2a-b88a60e194fb-1-ps,crmid:6950321867,4,Platinum Card,4,Business Loan
3d5372dc-4934-11ea-b015-b88a60e194fb-1-ps,crmid:8181662711,3,Travel Card,3,Auto Loan
3d54376e-4934-11ea-90b9-b88a60e194fb-1-ps,crmid:1770576023,2,Simplicity Card,4,Personal Loan
3d55208a-4934-11ea-acda-b88a60e194fb-1-ps,crmid:5580003958,4,Simplicity Card,3,Auto Loan
3d55e414-4934-11ea-9b11-b88a60e194fb-1-ps,crmid:2568220430,4,Student Card,5,Personal Loan
3d56a824-4934-11ea-a0f1-b88a60e194fb-1-ps,crmid:3755396421,4,Platinum Card,5,Business Loan
3d576bc6-4934-11ea-a229-b88a60e194fb-1-ps,crmid:1712202950,5,Student Card,4,Auto Loan
3dbe6952-4934-11ea-982b-b88a60e194fb-1-ps,crmid:3871993295,3,Platinum Card,3,Personal Loan
3dbf53b4-4934-11ea-a11e-b88a60e194fb-1-ps,crmid:2074979571,3,Travel Card,4,Business Loan
3dc01702-4934-11ea-a043-b88a60e194fb-1-ps,crmid:5688898104,4,Business Card,5,Personal Loan
3dc10174-4934-11ea-890d-b88a60e194fb-1-ps,crmid:1110705226,4,Student Card,5,Student Loan
3dc1c4a8-4934-11ea-ae07-b88a60e194fb-1-ps,crmid:4575770922,3,Business Card,4,Personal Loan
3dc2af1a-4934-11ea-8697-b88a60e194fb-1-ps,crmid:9554597113,3,Student Card,4,Personal Loan
3dc37254-4934-11ea-90f2-b88a60e194fb-1-ps,crmid:9351036571,3,Business Card,5,Personal Loan
3dc4d246-4934-11ea-a75e-b88a60e194fb-1-ps,crmid:5745218528,4,Business Card,5,Personal Loan
3dc63192-4934-11ea-b8bf-b88a60e194fb-1-ps,crmid:9944968107,4,Travel Card,4,Student Loan
3e36582e-4934-11ea-8c9a-b88a60e194fb-1-ps,crmid:1658747913,5,Travel Card,4,Auto Loan
3e3769e8-4934-11ea-8f8e-b88a60e194fb-1-ps,crmid:4039075011,5,Travel Card,3,Personal Loan
3e385428-4934-11ea-bad4-b88a60e194fb-1-ps,crmid:4766550903,4,Business Card,4,Personal Loan
3e39177a-4934-11ea-978f-b88a60e194fb-1-ps,crmid:6787850631,4,Student Card,3,Auto Loan
3e3a291a-4934-11ea-b174-b88a60e194fb-1-ps,crmid:4287238609,5,Rewards Card,5,Personal Loan
3e3b3a4c-4934-11ea-993d-b88a60e194fb-1-ps,crmid:3321862611,6,Dividend Card,4,Auto Loan
3e3cc11e-4934-11ea-a664-b88a60e194fb-1-ps,crmid:7933744130,4,Travel Card,4,Business Loan
3e3daca8-4934-11ea-89ea-b88a60e194fb-1-ps,crmid:8454995647,2,Student Card,4,Business Loan
3e3e96c6-4934-11ea-befc-b88a60e194fb-1-ps,crmid:9228706206,5,Travel Card,4,Personal Loan
3eb881e8-4934-11ea-a640-b88a60e194fb-1-ps,crmid:3060415312,3,Student Card,4,Business Loan
3eb96bf6-4934-11ea-98e5-b88a60e194fb-1-ps,crmid:7359526555,1,Student Card,4,Business Loan
3eba5698-4934-11ea-a8bd-b88a60e194fb-1-ps,crmid:4991761589,4,Dividend Card,2,Business Loan
3ebb18a4-4934-11ea-9760-b88a60e194fb-1-ps,crmid:5471300146,8,Dividend Card,5,Personal Loan
3ebc29ee-4934-11ea-a75c-b88a60e194fb-1-ps,crmid:4843693155,6,Business Card,5,Personal Loan
3ebcee28-4934-11ea-b07a-b88a60e194fb-1-ps,crmid:5616914959,5,Travel Card,5,Personal Loan
3ebd8a80-4934-11ea-b634-b88a60e194fb-1-ps,crmid:1704290464,5,Business Card,3,Personal Loan
3ebe7440-4934-11ea-9761-b88a60e194fb-1-ps,crmid:1509126204,8,Student Card,5,Personal Loan
3f25262c-4934-11ea-a510-b88a60e194fb-1-ps,crmid:7613446440,3,Travel Card,4,Business Loan
3f260f58-4934-11ea-a9dc-b88a60e194fb-1-ps,crmid:9852434219,5,Student Card,4,Personal Loan
3f26d362-4934-11ea-ba4c-b88a60e194fb-1-ps,crmid:9494142879,8,Simplicity Card,4,Business Loan
3f2796cc-4934-11ea-a2d5-b88a60e194fb-1-ps,crmid:1789277903,4,Student Card,5,Student Loan
3f285c1a-4934-11ea-9fc3-b88a60e194fb-1-ps,crmid:9709652931,5,Business Card,2,Auto Loan
3f291d86-4934-11ea-9d3f-b88a60e194fb-1-ps,crmid:5440054746,4,Platinum Card,4,Personal Loan
3f29dfca-4934-11ea-b905-b88a60e194fb-1-ps,crmid:9371860425,4,Travel Card,8,Personal Loan
3f2aa452-4934-11ea-9b7a-b88a60e194fb-1-ps,crmid:8909352639,5,Student Card,4,Personal Loan
3f2b8d76-4934-11ea-b26c-b88a60e194fb-1-ps,crmid:1823445992,5,Business Card,4,Student Loan
3f94624a-4934-11ea-b929-b88a60e194fb-1-ps,crmid:9437220245,5,Travel Card,3,Personal Loan
3f94fe62-4934-11ea-8920-b88a60e194fb-1-ps,crmid:7493975346,3,Platinum Card,5,Student Loan
3f95c1b4-4934-11ea-9ec3-b88a60e194fb-1-ps,crmid:1063870130,3,Simplicity Card,6,Personal Loan
3f9684da-4934-11ea-a4a5-b88a60e194fb-1-ps,crmid:9034892429,3,Dividend Card,3,Auto Loan
3f974778-4934-11ea-a783-b88a60e194fb-1-ps,crmid:3690465057,3,Travel Card,4,Business Loan
3f9833e4-4934-11ea-9e1a-b88a60e194fb-1-ps,crmid:9072080623,4,Dividend Card,4,Business Loan
3f98cf76-4934-11ea-be0d-b88a60e194fb-1-ps,crmid:7060276683,4,Business Card,3,Auto Loan
3f99b992-4934-11ea-813c-b88a60e194fb-1-ps,crmid:9873697463,3,Student Card,6,Personal Loan
3f9a7d1c-4934-11ea-b5d1-b88a60e194fb-1-ps,crmid:9997123805,5,Travel Card,4,Personal Loan
3f9b3f9c-4934-11ea-bfa4-b88a60e194fb-1-ps,crmid:6413623278,4,Business Card,4,Auto Loan
4007e4d0-4934-11ea-af98-b88a60e194fb-1-ps,crmid:9838962230,4,Travel Card,5,Student Loan
4008cdd8-4934-11ea-90d4-b88a60e194fb-1-ps,crmid:2300791905,4,Student Card,4,Personal Loan
40099266-4934-11ea-afa5-b88a60e194fb-1-ps,crmid:7343014748,3,Travel Card,4,Business Loan
400a5454-4934-11ea-ace3-b88a60e194fb-1-ps,crmid:8054450847,4,Business Card,3,Personal Loan
400b1868-4934-11ea-b295-b88a60e194fb-1-ps,crmid:8714994161,4,Dividend Card,4,Student Loan
400c2922-4934-11ea-9615-b88a60e194fb-1-ps,crmid:3370884525,3,Rewards Card,6,Business Loan
400cc6be-4934-11ea-ba6d-b88a60e194fb-1-ps,crmid:6996652873,4,Platinum Card,3,Business Loan
400dafba-4934-11ea-9b8e-b88a60e194fb-1-ps,crmid:8145579087,4,Rewards Card,6,Auto Loan
4075c058-4934-11ea-835d-b88a60e194fb-1-ps,crmid:4946620263,6,Student Card,3,Personal Loan
40774748-4934-11ea-8c9b-b88a60e194fb-1-ps,crmid:5163749307,5,Dividend Card,4,Business Loan
40791c40-4934-11ea-ae78-b88a60e194fb-1-ps,crmid:7208380941,1,Business Card,3,Business Loan
407a0706-4934-11ea-874d-b88a60e194fb-1-ps,crmid:3148597705,4,Platinum Card,8,Personal Loan
407af140-4934-11ea-8ceb-b88a60e194fb-1-ps,crmid:2375856850,3,Platinum Card,2,Auto Loan
407bdad2-4934-11ea-b005-b88a60e194fb-1-ps,crmid:6594951655,5,Simplicity Card,5,Personal Loan
407cc63e-4934-11ea-a394-b88a60e194fb-1-ps,crmid:4258918351,3,Student Card,8,Business Loan
407dfd8c-4934-11ea-939d-b88a60e194fb-1-ps,crmid:8478395070,3,Rewards Card,4,Personal Loan
40e8a6d8-4934-11ea-8448-b88a60e194fb-1-ps,crmid:5165324292,4,Travel Card,5,Personal Loan
40e991c6-4934-11ea-a3a9-b88a60e194fb-1-ps,crmid:5353864811,6,Rewards Card,9,Personal Loan
40ea7ba4-4934-11ea-a225-b88a60e194fb-1-ps,crmid:8550334487,2,Dividend Card,5,Personal Loan
40eb3f78-4934-11ea-856b-b88a60e194fb-1-ps,crmid:4212478914,2,Platinum Card,9,Personal Loan
40ec029c-4934-11ea-957c-b88a60e194fb-1-ps,crmid:4513895457,5,Travel Card,3,Student Loan
40ec9eec-4934-11ea-b836-b88a60e194fb-1-ps,crmid:3761525863,5,Student Card,5,Personal Loan
40ed6252-4934-11ea-a94c-b88a60e194fb-1-ps,crmid:1165171883,5,Dividend Card,4,Auto Loan
40ee4b28-4934-11ea-a96b-b88a60e194fb-1-ps,crmid:5094454870,4,Simplicity Card,3,Auto Loan
40ef0fec-4934-11ea-b7ac-b88a60e194fb-1-ps,crmid:6928101269,4,Student Card,4,Auto Loan
41548818-4934-11ea-a961-b88a60e194fb-1-ps,crmid:8195791618,4,Business Card,4,Auto Loan
415572d8-4934-11ea-a686-b88a60e194fb-1-ps,crmid:2449492915,4,Platinum Card,7,Personal Loan
41565d7a-4934-11ea-a60f-b88a60e194fb-1-ps,crmid:3553545351,4,Dividend Card,5,Student Loan
41571ff0-4934-11ea-bb0d-b88a60e194fb-1-ps,crmid:6328420157,5,Platinum Card,4,Personal Loan
41580962-4934-11ea-b562-b88a60e194fb-1-ps,crmid:5362232361,10,Travel Card,4,Auto Loan
415968f8-4934-11ea-a071-b88a60e194fb-1-ps,crmid:1577487277,3,Platinum Card,3,Personal Loan
415a7a5a-4934-11ea-a828-b88a60e194fb-1-ps,crmid:7005693476,3,Business Card,3,Personal Loan
415b8d36-4934-11ea-8bc1-b88a60e194fb-1-ps,crmid:7315867530,3,Student Card,4,Auto Loan
415c5082-4934-11ea-ad69-b88a60e194fb-1-ps,crmid:7347959702,4,Platinum Card,5,Student Loan
41c26548-4934-11ea-8eb1-b88a60e194fb-1-ps,crmid:3406033970,4,Business Card,3,Auto Loan
41c34f52-4934-11ea-a280-b88a60e194fb-1-ps,crmid:7696193849,3,Student Card,4,Personal Loan
41c439c8-4934-11ea-8594-b88a60e194fb-1-ps,crmid:3214445941,5,Travel Card,3,Personal Loan
41c52422-4934-11ea-8937-b88a60e194fb-1-ps,crmid:8170291726,4,Travel Card,4,Personal Loan
41c5e750-4934-11ea-b478-b88a60e194fb-1-ps,crmid:9727750519,2,Travel Card,7,Business Loan
41c6aaa8-4934-11ea-9c91-b88a60e194fb-1-ps,crmid:7106245805,4,Simplicity Card,3,Personal Loan
41c794c0-4934-11ea-bff6-b88a60e194fb-1-ps,crmid:9418133803,3,Student Card,4,Personal Loan
41c8584a-4934-11ea-9e53-b88a60e194fb-1-ps,crmid:4164544860,3,Platinum Card,5,Personal Loan
42321586-4934-11ea-a5fa-b88a60e194fb-1-ps,crmid:6944215319,4,Business Card,4,Business Loan
423300e2-4934-11ea-a59e-b88a60e194fb-1-ps,crmid:8226631964,4,Platinum Card,4,Auto Loan
423411e2-4934-11ea-96f9-b88a60e194fb-1-ps,crmid:1115071675,8,Platinum Card,4,Personal Loan
4234fca4-4934-11ea-bac2-b88a60e194fb-1-ps,crmid:1734106201,5,Dividend Card,5,Business Loan
4235bee4-4934-11ea-8dcd-b88a60e194fb-1-ps,crmid:5461523413,5,Dividend Card,3,Personal Loan
42365b24-4934-11ea-bdd9-b88a60e194fb-1-ps,crmid:9620500680,4,Rewards Card,4,Business Loan
42374594-4934-11ea-a575-b88a60e194fb-1-ps,crmid:8942011882,4,Rewards Card,2,Personal Loan
423808e8-4934-11ea-bb30-b88a60e194fb-1-ps,crmid:9030888738,2,Simplicity Card,5,Personal Loan
4238cc48-4934-11ea-87b6-b88a60e194fb-1-ps,crmid:3246263250,5,Platinum Card,4,Personal Loan
42a151e8-4934-11ea-b582-b88a60e194fb-1-ps,crmid:5763548817,6,Student Card,4,Business Loan
42a23c40-4934-11ea-8144-b88a60e194fb-1-ps,crmid:1626237881,6,Rewards Card,3,Auto Loan
42a374d0-4934-11ea-bb3a-b88a60e194fb-1-ps,crmid:4104133886,2,Travel Card,5,Business Loan
42a4381e-4934-11ea-be1c-b88a60e194fb-1-ps,crmid:2644849187,4,Dividend Card,5,Auto Loan
42a4fb62-4934-11ea-b2c1-b88a60e194fb-1-ps,crmid:5171077292,5,Simplicity Card,4,Business Loan
42a60cd0-4934-11ea-b61a-b88a60e194fb-1-ps,crmid:1165214771,7,Travel Card,4,Personal Loan
42a71e46-4934-11ea-9a4b-b88a60e194fb-1-ps,crmid:5226410716,5,Simplicity Card,4,Personal Loan
42a80898-4934-11ea-b666-b88a60e194fb-1-ps,crmid:5373969831,4,Rewards Card,8,Business Loan
42a8cbf6-4934-11ea-98e9-b88a60e194fb-1-ps,crmid:2095049590,3,Simplicity Card,3,Student Loan
42a9dd66-4934-11ea-aad1-b88a60e194fb-1-ps,crmid:9882834991,3,Travel Card,9,Auto Loan
431327c2-4934-11ea-b4e9-b88a60e194fb-1-ps,crmid:8728095250,3,Rewards Card,3,Personal Loan
43141162-4934-11ea-bba2-b88a60e194fb-1-ps,crmid:2262938116,5,Rewards Card,5,Auto Loan
4314fbd4-4934-11ea-a65c-b88a60e194fb-1-ps,crmid:3628146982,4,Rewards Card,5,Auto Loan
4315bfa6-4934-11ea-b889-b88a60e194fb-1-ps,crmid:9537935248,5,Simplicity Card,6,Student Loan
4316826c-4934-11ea-9726-b88a60e194fb-1-ps,crmid:9045674628,4,Simplicity Card,7,Business Loan
43174682-4934-11ea-8388-b88a60e194fb-1-ps,crmid:2567709195,2,Simplicity Card,3,Personal Loan
4318309c-4934-11ea-bc27-b88a60e194fb-1-ps,crmid:2979738623,3,Student Card,4,Business Loan
4318f35e-4934-11ea-947a-b88a60e194fb-1-ps,crmid:6183984672,5,Simplicity Card,1,Student Loan
4385e690-4934-11ea-a673-b88a60e194fb-1-ps,crmid:6924470459,4,Simplicity Card,4,Personal Loan
4386a9d4-4934-11ea-85d4-b88a60e194fb-1-ps,crmid:3280012406,3,Student Card,4,Personal Loan
438792f0-4934-11ea-bc8a-b88a60e194fb-1-ps,crmid:9072789477,3,Platinum Card,4,Student Loan
43887e2e-4934-11ea-968f-b88a60e194fb-1-ps,crmid:4831080945,3,Simplicity Card,5,Personal Loan
43894100-4934-11ea-aed4-b88a60e194fb-1-ps,crmid:4338153486,2,Simplicity Card,4,Student Loan
438a2ab6-4934-11ea-a760-b88a60e194fb-1-ps,crmid:8607664845,4,Business Card,3,Auto Loan
438aef7a-4934-11ea-9c5d-b88a60e194fb-1-ps,crmid:4553404214,3,Dividend Card,4,Personal Loan
438b8bbe-4934-11ea-b730-b88a60e194fb-1-ps,crmid:5892857636,5,Simplicity Card,5,Personal Loan
43f28994-4934-11ea-9b2e-b88a60e194fb-1-ps,crmid:5154322235,3,Simplicity Card,3,Personal Loan
43f37492-4934-11ea-9c22-b88a60e194fb-1-ps,crmid:4175047548,3,Simplicity Card,2,Auto Loan
43f45f80-4934-11ea-937e-b88a60e194fb-1-ps,crmid:3828659076,5,Business Card,4,Personal Loan
43f52194-4934-11ea-bedf-b88a60e194fb-1-ps,crmid:9712907475,4,Student Card,2,Personal Loan
43f5e51e-4934-11ea-9d65-b88a60e194fb-1-ps,crmid:6805234663,3,Dividend Card,4,Personal Loan
43f6a974-4934-11ea-bb67-b88a60e194fb-1-ps,crmid:3864229030,3,Student Card,3,Personal Loan
43f76cc6-4934-11ea-81a5-b88a60e194fb-1-ps,crmid:2248312789,5,Travel Card,5,Student Loan
43f855d8-4934-11ea-a9f3-b88a60e194fb-1-ps,crmid:2010632946,4,Simplicity Card,6,Auto Loan
43f9192c-4934-11ea-a5f3-b88a60e194fb-1-ps,crmid:8676631702,4,Travel Card,4,Personal Loan
446374f8-4934-11ea-88da-b88a60e194fb-1-ps,crmid:8075707201,3,Rewards Card,3,Business Loan
44645e10-4934-11ea-abe3-b88a60e194fb-1-ps,crmid:1404384076,8,Dividend Card,3,Personal Loan
446549a4-4934-11ea-a4f9-b88a60e194fb-1-ps,crmid:5613660197,5,Platinum Card,5,Auto Loan
44660ce4-4934-11ea-9db1-b88a60e194fb-1-ps,crmid:4775211120,4,Rewards Card,3,Business Loan
