email,first_name,last_name
coffin2000@outlook.com,Diego,Kent
warthog1802@yandex.com,Renna,Armstrong
emilee1924@yahoo.com,Latoria,Ashley
onions1984@yandex.com,Burl,Kirk
totemists2055@yahoo.com,Lavone,Jackson
medical2006@gmail.com,Lane,Sawyer
grudge2034@gmail.com,Warren,Davis
broking2054@yahoo.com,Enoch,Salinas
gluconeogenic1951@yahoo.com,Fabian,Yates
delight1933@yandex.com,Angelic,Hays
cryptic1882@live.com,Tuan,Hayden
nesty1880@yahoo.com,Genie,Parks
dialectically1957@yahoo.com,Lucien,Combs
crow1882@live.com,Huey,Jarvis
aubert2012@yahoo.com,Willow,Cantu
penciled2025@outlook.com,Kenda,Poole
validity1929@yandex.com,Franklyn,Garrison
anabasis1867@gmail.com,Terrell,Compton
poodle2070@yandex.com,Domenic,Pitts
capuche1971@outlook.com,Taylor,Whitney
batis1834@outlook.com,Ewa,Armstrong
canaller1924@outlook.com,Bari,Hicks
married1921@live.com,Amberly,Cannon
faultlessly1811@live.com,Landon,Mejia
proattendance1945@outlook.com,Long,Clay
