crmid,email,first_name,last_name,gender,mobile_telephone,city,country,zip,state,street_address,birthday,genre
crmid:6301063400,didine1980@yahoo.aephandson.com,Willard,Dickson,male,663-883-2743,Ada,United States,62536,South Dakota,704 Parker,1930-11-19,Family
crmid:6590759954,cassondra2008@live.aephandson.com,Domingo,Hubbard,,932-703-0232,Southlake,United States,90916,Nebraska,1289 Pershing,1965-01-03,Biography
crmid:9869587675,amber2001@gmail.aephandson.com,Claud,Ferrell,,528-530-7937,La Vergne,United States,44218,Mississippi,212 West Halleck,1979-07-17,Action
crmid:4680894741,solvus1942@gmail.aephandson.com,Corrin,Salas,female,093-510-6715,Pearland,United States,10020,Texas,1283 Montgomery,1950-02-26,Fantasy
crmid:3299446756,kittenship1917@outlook.aephandson.com,Elijah,Bright,,464-601-7471,Ferndale,United States,68082,Connecticut,606 Walkway,1962-11-22,Family
crmid:4913710490,ninjas1870@live.aephandson.com,Sammy,Dunn,male,125-206-1826,White Bear Lake,United States,80824,Florida,397 Prentiss,1994-01-31,Action
crmid:8192546625,indexical2032@live.aephandson.com,Hassan,Barr,male,591-756-8650,Blacksburg,United States,23459,Georgia,1156 Wallace,1939-04-02,Fantasy
crmid:2727163766,crullers1914@live.aephandson.com,Tyree,Hale,,747-675-9329,Middletown,United States,68538,Michigan,373 Greenwood,1990-11-08,Sport
crmid:7574611167,biasing1981@yandex.aephandson.com,Julius,Long,male,901-582-4060,Carpentersville,United States,32390,Georgia,1171 Service,1944-06-17,Animation
crmid:4303636594,cardiophrenia1927@outlook.aephandson.com,Homer,Summers,,520-161-8497,Mineral Wells,United States,77682,North Dakota,4 Holly,1991-12-13,Thriller
crmid:5166913116,dramas1978@outlook.aephandson.com,Thanh,Browning,,396-143-1506,Wilkes-Barre,United States,81316,Oregon,319 Miles,1983-03-07,Mystery
crmid:6992899798,alaric1902@gmail.aephandson.com,Dirk,Adams,,487-166-2421,Inglewood,United States,03052,Delaware,324 Wisser,1974-02-08,Drama
crmid:9193320789,stereotype1910@outlook.aephandson.com,Joesph,Schmidt,,755-443-1862,Marana,United States,10380,Florida,1110 Juniper,1986-03-24,Thriller
crmid:4077871099,chrysanthemum2048@yandex.aephandson.com,Lanita,Mcbride,female,098-327-1036,Cranston,United States,29180,New Mexico,817 Hillway,1951-05-19,Animation
crmid:4552374100,bryanism1855@outlook.aephandson.com,Rudy,Rowland,,645-567-6819,Tracy,United States,35595,Tennessee,173 Cochrane,1972-08-20,Family
crmid:4515932005,eleazar2026@gmail.aephandson.com,Gaylord,Snow,male,016-304-7756,Broadview Heights,United States,28700,Kentucky,318 Ninth,1941-04-27,Reality-TV
crmid:6077578926,quarts2055@yandex.aephandson.com,Makeda,Terrell,female,013-224-6544,Conroe,United States,37487,Arkansas,335 Boylston,1950-06-28,Comedy
crmid:8119219355,nonmarriageableness1809@live.aephandson.com,Judson,Baxter,,646-269-2948,Lake Zurich,United States,40809,Alaska,1254 Judah,1980-08-22,Westerns
crmid:3496727349,cheng1819@yahoo.aephandson.com,Zandra,Daniel,female,982-458-8380,North Plainfield,United States,12209,Oregon,588 Hampshire,1999-03-18,News
crmid:6902914580,brainwasher1939@gmail.aephandson.com,Roberto,Robles,male,540-660-0051,Bellwood,United States,77874,Arkansas,106 Peek,1937-12-16,Horror
crmid:7464047134,apartness2017@gmail.aephandson.com,Jackqueline,Knowles,female,129-356-6934,Texas City,United States,85592,Connecticut,1127 Raccoon,1954-10-24,Animation
crmid:9848010203,unshadily1843@outlook.aephandson.com,Antonio,Stevens,,738-834-4122,Hartford,United States,39068,Nevada,638 Armory,1970-07-17,Reality-TV
crmid:9987077913,surahs1871@outlook.aephandson.com,Cleotilde,Guy,female,278-551-8134,El Dorado,United States,93999,Louisiana,1170 Sunrise,1958-02-12,Action
crmid:3612875903,dawns1906@live.aephandson.com,Micah,Chapman,,387-607-1049,Gretna,United States,28444,Indiana,758 Sylvan,1968-05-26,Fantasy
crmid:3531106722,eightsmen2025@gmail.aephandson.com,Arie,Mcleod,female,371-263-9841,Downers Grove,United States,08194,Ohio,1218 Nueva,1955-01-19,Fantasy
crmid:8062925812,alist1857@yandex.aephandson.com,Tommye,Cobb,female,618-297-8946,Santa Maria,United States,87695,Indiana,230 Reservoir,1948-11-21,Action
crmid:6109239240,medical1948@yandex.aephandson.com,Lavonia,Reese,female,973-460-1636,Danville,United States,27722,Maryland,937 Overlook,1953-05-24,Fantasy
crmid:2312742606,became1835@yandex.aephandson.com,Sandy,Blackwell,,994-507-2246,Leavenworth,United States,03806,California,717 Taber,1981-01-25,Reality-TV
crmid:6209747052,jurisprudentially1996@yahoo.aephandson.com,Harley,Collier,male,473-150-6131,Safety Harbor,United States,51147,Washington,705 Poppy,1996-12-04,Fantasy
crmid:1228778340,unmatchableness2002@live.aephandson.com,Leonel,Mclaughlin,,592-214-4846,Lawrenceville,United States,26850,Montana,1119 Wilson,1981-04-03,Mystery
crmid:6700037676,featherfew2040@yahoo.aephandson.com,Eugenio,Gill,,041-985-1988,Santa Maria,United States,98441,Mississippi,479 Science,1993-08-15,News
crmid:3454608586,aboriginal1953@yandex.aephandson.com,Mitchell,Pace,male,156-119-9109,Tallahassee,United States,64971,Maryland,331 Mckinnon,1933-07-22,Animation
crmid:1033747972,manning1951@yandex.aephandson.com,Lacy,Campos,male,996-264-1430,Susanville,United States,51131,Kentucky,466 Walkway,1945-06-05,Fantasy
crmid:3081538076,pinta1951@outlook.aephandson.com,Freddy,Hawkins,male,108-115-4171,University Park,United States,62621,Arkansas,530 Northwood,1935-04-13,Family
crmid:8180966092,proscriptive2054@yahoo.aephandson.com,Jamaal,Wilcox,male,428-125-1006,Antioch,United States,82374,New Hampshire,808 Lake Merced,1933-12-09,News
crmid:8922571070,cameraman1938@gmail.aephandson.com,Federico,Rivera,,166-631-8568,Mandan,United States,68584,Indiana,1014 Candlestick Cove,1986-11-28,Biography
crmid:7558638224,naviform2061@yahoo.aephandson.com,Milton,Barron,male,320-902-8123,Camas,United States,43532,Arkansas,1357 Acme,1943-07-02,Reality-TV
crmid:8626520122,pigeoner2005@yahoo.aephandson.com,Hector,Harper,,386-576-3298,Green Bay,United States,30723,Montana,682 Culebra,1968-06-10,History
crmid:8188030165,clink1967@outlook.aephandson.com,Darren,Hogan,,902-247-3668,Fountain Valley,United States,89843,Massachusetts,1010 Crown,1963-01-31,Mystery
crmid:2046595917,camden2027@outlook.aephandson.com,Elois,Pearson,female,052-932-2244,Prescott Valley,United States,68645,New Hampshire,1149 Austin,1950-03-23,History
crmid:8032782889,anabel1946@yahoo.aephandson.com,Rudolf,Pollard,,795-969-2057,Phoenix,United States,47854,Mississippi,588 Old Chinatown,1991-05-23,Biography
crmid:3338154699,beatitudes2019@outlook.aephandson.com,Merrill,Alston,male,002-114-0797,Wentzville,United States,60052,Washington,176 Boutwell,1939-07-01,Fantasy
crmid:8688718848,poodle1933@gmail.aephandson.com,Pauletta,Cote,female,375-360-2478,Corinth,United States,41709,New York,419 Park,1950-07-07,Reality-TV
crmid:1373750866,dentelle1829@yandex.aephandson.com,Roland,Sexton,,559-663-6444,Indianapolis,United States,30810,Pennsylvania,1140 Church Access,1974-06-16,Drama
crmid:8654057488,antimachine2002@live.aephandson.com,Kurt,Strickland,,817-643-6335,La Habra,United States,04803,Illinois,845 Avoca,1978-01-01,History
crmid:5437422691,ebbman1874@outlook.aephandson.com,Sarina,Lynn,female,902-930-0258,Davis,United States,87568,Georgia,202 Joy,1953-10-24,Reality-TV
crmid:7973862537,deena1801@yandex.aephandson.com,Yong,Kent,,554-815-2877,Grand Island,United States,26405,West Virginia,556 Agnon,1967-04-17,News
crmid:1387693298,bellman1985@gmail.aephandson.com,Numbers,Calderon,,867-035-8614,Massapequa Park,United States,92914,Mississippi,1399 Via Ferlinghetti,1988-03-09,History
crmid:6371829720,malices2036@live.aephandson.com,Rene,Mcmahon,,378-725-4099,Kerrville,United States,89345,Colorado,1059 San Lorenzo,1977-02-12,Fantasy
crmid:4610087269,starship2018@yandex.aephandson.com,Samara,Boyer,female,767-639-4633,Cornelius,United States,42539,Connecticut,1307 Romolo,1950-08-03,Westerns
crmid:3439669956,cushily1946@yahoo.aephandson.com,Oralee,Hammond,female,947-248-0858,Safety Harbor,United States,13529,New York,561 Alma,1947-07-12,Horror
crmid:4193243742,bromhydric1983@gmail.aephandson.com,Lamont,Gibbs,male,089-457-9518,Carrboro,United States,30308,Ohio,100 San Carlos,1944-06-11,News
crmid:7891326626,streamliner1874@gmail.aephandson.com,King,Alston,,965-637-2495,Temple,United States,54223,Delaware,298 Lottie Bennett,1984-05-21,Reality-TV
crmid:5127821003,cichlid1941@outlook.aephandson.com,Rodney,Yates,,388-597-3326,Grand Island,United States,92909,Tennessee,126 Kalmanovitz,1967-04-28,Action
crmid:8230835876,sheep1813@gmail.aephandson.com,Oswaldo,Wong,male,728-214-3850,Petaluma,United States,84909,Alaska,1154 Innes,1944-08-31,Action
crmid:2231822701,ameliorators1855@live.aephandson.com,Randa,Soto,female,918-333-4899,Roseburg,United States,19638,Wisconsin,260 Clover,1954-07-27,Fantasy
crmid:9735312168,nuzzles1841@yandex.aephandson.com,Yuko,Gonzalez,female,085-615-0271,Chattanooga,United States,58286,Tennessee,147 Campbell,1946-09-11,Reality-TV
crmid:4163425865,larding1932@outlook.aephandson.com,Lavern,Clemons,male,137-406-5197,Sandusky,United States,93569,Idaho,648 Stoneridge,1934-06-06,Reality-TV
crmid:8376944705,religiousness1910@gmail.aephandson.com,Chance,Fletcher,,321-833-9475,Winston-Salem,United States,33420,Wyoming,53 Globe,1970-06-03,Westerns
crmid:5695809151,valours1808@live.aephandson.com,Vance,Shaw,male,609-405-8039,Altamonte Springs,United States,54809,Rhode Island,54 Rockdale,1931-09-27,Reality-TV
crmid:5592542109,stupid1977@gmail.aephandson.com,Rigoberto,Keith,,104-619-3180,Keene,United States,33840,Minnesota,1202 Deming,1976-06-27,Horror
crmid:8594126543,unphrasableness2026@gmail.aephandson.com,Charlie,Gould,,301-782-3080,San Jacinto,United States,58100,Alaska,905 Ecker,1998-11-28,Westerns
crmid:7767501533,bobcat1860@yahoo.aephandson.com,Beatris,Mendez,female,818-956-8333,Englewood,United States,86231,Wisconsin,109 Delgado,1959-01-20,Fantasy
crmid:6825005568,entails1996@live.aephandson.com,Santos,Chambers,,282-182-0497,North Richland Hills,United States,63357,South Dakota,399 Old Chinatown,1999-11-20,Action
crmid:1668701726,educable1999@yahoo.aephandson.com,Mike,Knowles,,622-885-9791,Knoxville,United States,42943,Wyoming,231 Kempton,1978-07-29,Reality-TV
crmid:1704826502,morpho2024@yandex.aephandson.com,Lavone,Finley,female,320-137-9114,Oakdale,United States,52674,Minnesota,92 Guy,1997-04-10,News
crmid:7149543248,hedgehog1827@gmail.aephandson.com,Abraham,King,,414-350-5707,Riverside,United States,74642,New York,443 Birchwood,1993-11-15,News
crmid:8506606774,obvention2050@yahoo.aephandson.com,Rico,Holder,male,559-333-8137,Avenal,United States,94645,Ohio,625 Wilder,1935-08-14,Action
crmid:9566100579,architectural2052@live.aephandson.com,Renaldo,O'neil,,881-615-4451,West Lafayette,United States,96578,New Jersey,1322 Sergeant John V Young,1993-11-18,Biography
crmid:3864242690,religion1858@live.aephandson.com,Matt,Peterson,,395-351-0724,West Fargo,United States,41366,Delaware,1269 Locksley,1990-01-05,News
crmid:2258580448,haler2050@yahoo.aephandson.com,Emmitt,Holcomb,,246-758-1174,Redwood City,United States,32644,New York,1346 Jean,1968-07-10,Sport
crmid:4018385861,coranto2058@outlook.aephandson.com,Toccara,Jacobson,female,579-215-9361,Charlottesville,United States,54976,Utah,1326 Hahn,1946-10-17,News
crmid:9558735209,sculpt1961@live.aephandson.com,Daron,Walter,,210-444-7436,Kannapolis,United States,82994,Massachusetts,892 Hyde,1976-08-09,Reality-TV
crmid:1003562750,cosimo2005@yahoo.aephandson.com,Zack,Garner,,110-656-3770,Kingman,United States,28582,Montana,912 Fontinella,1977-05-10,Action
crmid:3804581276,tonlet1919@outlook.aephandson.com,Jesse,O'neil,,216-391-7785,Villa Park,United States,92388,Texas,445 Harris,1965-07-11,Horror
crmid:8204121132,pamperers1890@yahoo.aephandson.com,Vaughn,Ayers,male,141-474-4446,Americus,United States,76096,Utah,941 Clarendon,1932-12-22,Action
crmid:3238676749,dropped1812@yahoo.aephandson.com,Chase,Hicks,male,255-270-5545,San Fernando,United States,90478,Florida,675 Ash,1942-02-14,Thriller
crmid:2093641778,guidon1829@yahoo.aephandson.com,Bert,Carrillo,male,914-346-7215,Benicia,United States,02390,Illinois,961 Sonora,1938-01-05,Horror
crmid:9371482236,levelheaded1860@outlook.aephandson.com,Dannette,Nolan,female,211-927-8626,The Colony,United States,29958,Delaware,939 Isola,1959-02-22,Thriller
crmid:6035873034,bambie1866@yandex.aephandson.com,Edmund,Craft,,559-424-9142,Ramsey,United States,28421,Vermont,699 Cumberland,1967-07-26,Sport
crmid:8132817079,reddeer2044@yandex.aephandson.com,Wilton,Merritt,male,372-482-5462,Batavia,United States,59619,Virginia,1307 Shakespeare,1936-10-20,Sport
crmid:1697727224,gloamings1858@outlook.aephandson.com,Eugena,Madden,female,816-389-6892,Duarte,United States,15181,Vermont,711 Shoup,1955-03-18,History
crmid:9260232221,exorcise2018@yahoo.aephandson.com,Wilton,Davidson,,534-477-4908,Leominster,United States,40593,Kansas,851 Ramsell,1982-08-20,Biography
crmid:1402012677,protragedy1917@yandex.aephandson.com,Kieth,Burris,male,479-725-7664,Albert Lea,United States,32984,Washington,884 De Soto,1931-06-04,Action
crmid:1497105304,pluviography2023@live.aephandson.com,Jae,Benton,male,276-867-0065,Bakersfield,United States,96277,Massachusetts,893 Woodhaven,1935-11-22,Biography
crmid:9763633809,thrower1962@yandex.aephandson.com,Elliott,Murphy,male,306-508-5524,Northbrook,United States,75861,Texas,887 Paradise,1999-12-17,Fantasy
crmid:3295042027,sclerenchyme1990@yahoo.aephandson.com,Micheal,Cortez,,838-868-0996,Gaithersburg,United States,07140,Wyoming,666 Merchant,1964-01-15,News
crmid:1270237950,babbage1908@yandex.aephandson.com,Wayne,Bird,,643-836-3344,Hackensack,United States,19804,Florida,836 Tucker,1969-02-04,Horror
crmid:7947132612,burgle2032@outlook.aephandson.com,Ezekiel,Pennington,,245-905-6627,Kingsville,United States,08646,Texas,1364 Saint Croix,1978-01-24,Action
crmid:9696038852,maidenhead2014@gmail.aephandson.com,Bradley,Avery,,108-083-6069,Kyle,United States,43081,Minnesota,891 Elgin,1978-07-24,Sport
crmid:6084663067,massekhoth2047@yahoo.aephandson.com,Chance,Cooper,,791-420-7297,New Braunfels,United States,75800,Louisiana,990 Francis,1996-12-14,Animation
crmid:7562971138,precognition2024@outlook.aephandson.com,Lance,Conley,,931-693-8645,Gary,United States,38016,Colorado,669 Rincon,1965-05-30,Mystery
crmid:5194354041,bumfs1909@outlook.aephandson.com,Roy,Guy,,306-412-7038,Merrillville,United States,28345,Indiana,810 Byxbee,1989-05-21,Reality-TV
crmid:2592480689,athenor1947@yahoo.aephandson.com,Clarine,Golden,female,628-033-1577,Tarpon Springs,United States,60885,Maine,541 Green,1959-02-11,Westerns
crmid:2738676873,daimen1938@outlook.aephandson.com,Shelton,Robertson,,974-886-0705,Georgetown,United States,41856,Oklahoma,1297 Veterans,1965-08-02,News
crmid:5684867765,chordate1847@live.aephandson.com,Edwardo,Vang,,302-402-6970,Maple Grove,United States,49388,Rhode Island,43 Cerritos,1986-08-30,Fantasy
crmid:9254368679,assault2040@live.aephandson.com,Lee,Page,,984-818-7086,Haltom City,United States,25344,Pennsylvania,1164 Newburg,1969-05-09,Thriller
crmid:4756614942,tenons2036@live.aephandson.com,Leanora,Maldonado,female,810-087-9911,Cocoa,United States,62467,Tennessee,927 Costa,1949-10-10,News
crmid:9505290132,excitor1822@outlook.aephandson.com,Eufemia,Richardson,female,412-352-9841,Culver City,United States,71504,Connecticut,485 Wildwood,1952-03-24,Biography
crmid:9527603599,pastilled2007@outlook.aephandson.com,Dawne,Phillips,female,419-677-1337,Edwardsville,United States,87664,New Hampshire,1258 Dorado,1958-02-23,Sport
crmid:9901278632,pensione1954@yandex.aephandson.com,Lucilla,Mcconnell,female,124-584-0430,Derby,United States,39715,South Dakota,1257 Lexington,1954-06-19,Horror
crmid:6876166498,heft1951@outlook.aephandson.com,Brock,Burch,male,124-545-9310,Austin,United States,07996,Washington,887 Jackson,1935-02-04,News
crmid:1918738756,aiwan1921@live.aephandson.com,Hollis,Hayes,,800-063-0737,Greenbelt,United States,03242,Texas,654 Bucareli,1968-02-24,Account Cancelation
crmid:3397879526,disappearance1928@yahoo.aephandson.com,Oliver,Hayden,,407-063-3479,Sugar Hill,United States,37435,Kentucky,259 Santa Fe,1973-04-24,Thriller
crmid:3836615603,agronomial1977@gmail.aephandson.com,Jamal,Williamson,male,618-015-1710,Ada,United States,20996,Georgia,127 Bitting,1930-05-31,History
crmid:5956029765,humidified2013@yahoo.aephandson.com,Johnathan,Harris,,413-121-5255,Grove City,United States,66648,Maryland,560 Ohlone,1968-10-01,Biography
crmid:5328632104,flightless1955@gmail.aephandson.com,Elmer,Kaufman,,431-939-2416,North Tonawanda,United States,65504,Idaho,69 Shafter,1999-11-22,Thriller
crmid:5848259423,lionfish1820@outlook.aephandson.com,Victor,Cannon,,860-210-6418,Pocatello,United States,23595,Arizona,1267 Congo,1967-01-13,Biography
crmid:9194267472,nonslipping2011@outlook.aephandson.com,Lincoln,Bryan,male,308-682-2696,Rock Hill,United States,97184,Minnesota,133 Ottawa,1937-06-04,Action
crmid:3247198630,antre1947@live.aephandson.com,Kyle,Tyler,,539-196-3996,Shelton,United States,47563,Montana,589 Old Mason,1984-05-19,Thriller
crmid:2959826421,snowdrop2023@yahoo.aephandson.com,Georgene,Morris,female,924-063-3618,Converse,United States,12464,Arkansas,170 Samoset,1950-03-21,News
crmid:7178046340,criticaster2018@yandex.aephandson.com,Simon,Thornton,,538-892-0200,Hampton,United States,21870,Illinois,1070 Megan,1969-04-02,Thriller
crmid:3212773636,chumps1898@yahoo.aephandson.com,Eleonora,Lindsay,female,518-383-4392,Chillicothe,United States,75595,Hawaii,749 Wentworth,1947-12-05,Action
crmid:3911310237,shrubberies1931@yahoo.aephandson.com,Katelin,Cobb,female,299-184-4564,San Marcos,United States,12378,Kentucky,808 King,1954-05-06,Family
crmid:8660636242,aardvark1821@live.aephandson.com,Trent,Soto,male,605-808-5082,Yorba Linda,United States,75488,Arizona,89 Valletta,1931-09-27,Horror
crmid:7331614460,carayan2026@gmail.aephandson.com,Ernest,Robbins,male,800-208-0101,Tucson,United States,51048,Colorado,103 Hollywood,1945-04-25,Action
crmid:9400445905,curley2066@gmail.aephandson.com,Sheridan,Sexton,female,607-115-3625,Dearborn,United States,41766,California,250 Spruce,1953-08-26,Action
crmid:6493727839,anent1942@yandex.aephandson.com,Clinton,Pena,,615-062-8032,Plainfield,United States,41865,North Carolina,277 Day,1989-01-05,Reality-TV
crmid:9347050070,alay1978@live.aephandson.com,Gertude,Ashley,female,289-873-5876,Reynoldsburg,United States,81943,Louisiana,593 Red Rock,1949-03-01,News
crmid:3935827976,exertion1951@outlook.aephandson.com,Olen,Macias,,425-816-2524,Omaha,United States,76552,Ohio,261 Laurel,1986-11-27,Westerns
crmid:9200092198,canopus1892@yandex.aephandson.com,Morgan,Randolph,,371-957-4513,Smyrna,United States,87732,Washington,1146 Havenside,1992-06-01,Thriller
crmid:4803266743,securableness2052@live.aephandson.com,Karleen,Stephens,female,373-533-9808,Rome,United States,16864,Michigan,423 Zoe,1955-12-20,Action
crmid:9060872739,chancery1967@yahoo.aephandson.com,Oren,Griffith,male,706-396-2226,St. Charles,United States,74237,Arkansas,422 Palace Of Fine Arts,1942-07-12,Action
crmid:2795269712,berossos2066@live.aephandson.com,Emeline,Greer,female,589-258-1082,Fair Lawn,United States,14542,New Jersey,1130 Jessie East,1960-03-12,Comedy
crmid:9815572818,navaids1871@yandex.aephandson.com,Robt,Bradley,,834-708-9280,Lake Worth,United States,96528,New Mexico,367 Cecilia,1980-12-20,Animation
crmid:7685035886,iatraliptics2017@yandex.aephandson.com,Titus,Mcintosh,male,704-775-2963,Bowie,United States,59714,Vermont,154 Rhode Island,1940-09-19,Action
crmid:6039855680,kouprey2006@outlook.aephandson.com,Lou,Velasquez,,115-909-2728,Radcliff,United States,98449,North Dakota,828 Merrill,1964-07-11,Account Cancelation
crmid:9499318743,customer2020@live.aephandson.com,Normand,Gilliam,,786-249-3132,Lemon Grove,United States,47634,Georgia,1000 Harrison,1982-07-29,Comedy
crmid:4825674630,ruewort1853@gmail.aephandson.com,Sterling,Avila,,103-213-5585,Frankfort,United States,70195,Colorado,1382 Wetmore,1963-12-19,Family
crmid:5565804065,mayfly1817@yandex.aephandson.com,Nicholas,Dotson,male,203-133-7078,Surprise,United States,02202,Colorado,393 Lobos,1937-07-08,History
crmid:1315983088,segued2039@gmail.aephandson.com,Luigi,Harris,,795-813-2313,Hollister,United States,48365,West Virginia,1097 Saturn,1972-08-18,Action
crmid:9024260912,elvera1988@gmail.aephandson.com,Renaldo,Hodges,,953-244-3877,Lisle,United States,10417,Idaho,1103 Phelps,1983-02-05,News
crmid:3045733230,mavie1986@gmail.aephandson.com,Melodee,Decker,female,329-701-3174,Poughkeepsie,United States,85222,Iowa,1112 Morris,1997-09-08,News
crmid:4189574183,occults1942@live.aephandson.com,Odell,Wood,,459-071-2372,Stevens Point,United States,65289,Nevada,1114 Mccormick,1979-10-01,Thriller
crmid:1207516681,deuce2043@yandex.aephandson.com,Devona,Randall,female,180-781-3592,Cookeville,United States,11491,Connecticut,202 Blythdale,1950-02-24,Comedy
crmid:5211560407,everyone2049@gmail.aephandson.com,Alva,Hubbard,male,335-990-9490,Phoenix,United States,90421,Maine,1125 Molimo,1941-01-15,Biography
crmid:5614758017,charmian1978@yahoo.aephandson.com,Wilmer,Richards,,641-135-0184,Plant City,United States,97280,West Virginia,1351 Kate,1977-05-27,Sport
crmid:2472283631,pasquilant1902@yahoo.aephandson.com,Jeffrey,Henderson,,786-564-8061,Middletown,United States,82233,Rhode Island,1340 Funston,1990-05-13,Horror
crmid:3360783771,prosobranch2019@yahoo.aephandson.com,Torrie,Owen,female,083-496-8304,Colonial Heights,United States,52408,Maryland,827 Mansell,1949-09-22,Action
crmid:9210689297,galagos1913@yahoo.aephandson.com,Errol,Frye,,126-509-9171,Rockledge,United States,34838,Iowa,336 Craut,1971-04-14,News
crmid:8262703540,cortina2061@gmail.aephandson.com,Katia,Dillon,female,196-750-3514,East Providence,United States,20620,Maine,1048 Wagner,1957-05-08,Mystery
crmid:4611122439,together1858@gmail.aephandson.com,Steven,Kirkland,,044-034-3488,Round Rock,United States,48494,Vermont,1260 Conrad,1991-09-29,Comedy
crmid:2377345764,consolato2013@yandex.aephandson.com,Frankie,Austin,,133-822-5443,West Chicago,United States,28280,Georgia,764 Portal,1962-07-08,Mystery
crmid:2417680073,artemis2056@live.aephandson.com,Florencio,Mathis,male,458-803-2222,Camas,United States,85843,North Carolina,897 Capitol,1943-04-18,Fantasy
crmid:1164952790,fahey2025@yahoo.aephandson.com,Cesar,Blanchard,male,640-802-1536,Ashland,United States,03418,Arizona,547 Bucareli,1934-02-03,Fantasy
crmid:7366811958,alleyway1903@yandex.aephandson.com,Tory,Fowler,,614-226-0712,Rancho Palos Verdes,United States,36045,Iowa,416 Battery Dynamite,1972-12-22,Action
crmid:5718856494,dhava1966@yandex.aephandson.com,Brad,Flores,,513-579-1355,Pocatello,United States,27921,Montana,855 Manseau,1962-07-24,Action
crmid:8939030471,subsextuple1810@outlook.aephandson.com,Tomi,Robles,female,871-815-7811,College Station,United States,67677,Ohio,42 West Halleck,1949-11-17,Sport
crmid:4783304002,colourblind1936@live.aephandson.com,Yolande,Cannon,female,809-129-4477,Mundelein,United States,89145,Illinois,183 Lassen,1994-04-18,Mystery
crmid:4845425324,uttermost1805@yandex.aephandson.com,Clay,Dickson,,780-547-7175,La Verne,United States,45612,Hawaii,23 Harding,1979-08-21,Thriller
crmid:7205338818,danielak1832@outlook.aephandson.com,Lincoln,Walters,male,691-915-2625,Port Arthur,United States,93858,Indiana,906 Dolores,1940-06-30,History
crmid:8853137474,phrenetically1817@yahoo.aephandson.com,Austin,Brady,female,619-973-5722,Pittsburgh,United States,10858,Colorado,1336 Exposition,1946-01-03,Biography
crmid:4040478657,legmen1880@gmail.aephandson.com,Letty,Lynch,female,943-957-3488,Elmhurst,United States,63717,North Carolina,835 Lawton,1959-11-10,Thriller
crmid:9015096398,offsprings1817@outlook.aephandson.com,Marquetta,Rosa,female,197-555-2826,Searcy,United States,52535,Arizona,290 Boalt,1995-04-20,News
crmid:2451821373,defiant1896@yandex.aephandson.com,Margareta,Castillo,female,157-945-3098,De Pere,United States,61436,Massachusetts,1108 Roemer,1953-11-11,News
crmid:1759770929,unrobing1908@yahoo.aephandson.com,Damon,Knight,,547-648-0229,Point Pleasant,United States,23846,New Hampshire,879 Valletta,1963-06-04,Fantasy
crmid:1450909578,efficacies1986@live.aephandson.com,Wava,Bright,female,297-322-6091,Darien,United States,61832,Wisconsin,706 Cosgrove,1953-11-18,Action
crmid:8122199657,bradley1841@gmail.aephandson.com,Maurice,Barr,,667-808-3786,Monterey,United States,06091,Colorado,1295 Whitecliff,1992-01-08,Action
crmid:7984631732,shares1869@gmail.aephandson.com,Kelvin,Hinton,,333-732-5622,Hillsboro,United States,85430,Florida,658 Brotherhood,1972-12-18,Action
crmid:6969635305,aldols2010@outlook.aephandson.com,Maira,Winters,female,520-326-6571,Chino Hills,United States,37645,Indiana,792 August,1947-06-25,Family
crmid:8267593513,comma1812@outlook.aephandson.com,Morris,Lloyd,,226-217-1643,Modesto,United States,81956,Alaska,552 Exchange,1992-08-07,Thriller
crmid:4988236692,breaklist2068@yahoo.aephandson.com,Rolande,Sellers,female,750-784-2140,Schertz,United States,27825,New Hampshire,887 Wallace,1960-07-26,Action
crmid:5583234425,animations1926@live.aephandson.com,Johnathan,Monroe,male,693-235-5628,Oak Ridge,United States,81345,South Carolina,721 Gladstone,1942-05-20,Sport
crmid:1982994749,fidejussion1849@gmail.aephandson.com,Paul,Henry,,227-246-4347,Santee,United States,48573,North Carolina,372 Chenery,1990-10-28,Reality-TV
crmid:5697939075,kamikaze1916@yahoo.aephandson.com,Gale,Underwood,,232-946-7963,New Bern,United States,87867,Virginia,271 Dutch Windmill Access,1996-09-23,Reality-TV
crmid:2927033607,accidia1814@yandex.aephandson.com,Elton,Rivera,,328-296-5443,Macon,United States,29971,Iowa,498 Avenue B,1985-04-17,Reality-TV
crmid:1590414435,industry1965@yahoo.aephandson.com,Drew,Decker,,972-916-6660,Laconia,United States,73656,Iowa,1079 Ledyard,1979-12-26,History
crmid:5007156336,ferret2038@gmail.aephandson.com,Lyman,Richard,,857-941-6158,Lima,United States,97271,Washington,1053 Santa Rita,1982-06-23,Thriller
crmid:8314601704,devotes1913@yandex.aephandson.com,Marc,Calhoun,,016-558-7874,Millbrook,United States,61912,Iowa,97 Opal,1991-10-20,Fantasy
crmid:4293415572,sheeting1810@gmail.aephandson.com,Jesus,Glover,,921-016-8941,Surprise,United States,54430,Oregon,973 Ardenwood,1999-10-16,Animation
crmid:4198965681,clifton1870@gmail.aephandson.com,Arletta,Goff,female,669-312-0728,Stafford,United States,98631,Minnesota,688 Hopkins,1999-04-23,Fantasy
crmid:5899665773,bogland1903@gmail.aephandson.com,Guadalupe,Adkins,,428-298-7244,Redlands,United States,76257,Kansas,246 Ahern,1966-04-19,Fantasy
crmid:7501025670,spermophile1810@live.aephandson.com,Lenard,Wilkinson,male,371-570-9280,Banning,United States,34037,Idaho,1199 Stonecrest,1936-06-16,News
crmid:8483683978,callorhynchidae1861@outlook.aephandson.com,Omer,Robinson,,516-231-7060,South Jordan,United States,33345,Delaware,1124 Willow,1974-09-11,Family
crmid:8246532465,conger1884@yandex.aephandson.com,Duncan,Suarez,,029-434-1874,Indian Trail,United States,24115,Hawaii,585 Ada,1974-05-04,Biography
crmid:8116809320,argento1985@live.aephandson.com,Buster,Velez,,273-547-9801,St. Cloud,United States,74297,Vermont,1189 Mullen,1970-08-10,Westerns
crmid:2558597582,reservery1915@yandex.aephandson.com,Quintin,Booker,,289-252-8554,San Dimas,United States,95666,Illinois,167 Sagamore,1970-09-23,Westerns
crmid:5064556224,pimplinae2056@outlook.aephandson.com,Jeffrey,Whitehead,,606-085-2450,Homer Glen,United States,00255,Utah,38 La Grande,1972-02-07,Thriller
crmid:3955920276,outbetter1894@yandex.aephandson.com,Hank,Miles,male,618-649-7626,South Salt Lake,United States,06516,Delaware,359 Roach,1940-04-20,Biography
crmid:3870799355,supershow1988@outlook.aephandson.com,Ellsworth,Goodman,male,015-299-8751,Saginaw,United States,58159,Oklahoma,765 Armistead,1943-03-12,Family
crmid:9474397608,badminton1852@gmail.aephandson.com,Jerrell,Stark,male,126-412-0430,Blue Springs,United States,20112,South Dakota,927 Lurline,1939-05-28,Sport
crmid:5657353446,clapboarding1941@live.aephandson.com,Solomon,Larsen,,969-923-7038,Kettering,United States,25865,Minnesota,1233 Junipero Serra,1977-04-26,Biography
crmid:7154861447,amalie1847@live.aephandson.com,Miquel,Riggs,,767-332-7869,Santa Maria,United States,31374,Indiana,794 Sagamore,1978-03-14,News
crmid:5552348819,chaplin1956@live.aephandson.com,Tambra,Prince,female,000-973-6333,East Cleveland,United States,44774,Tennessee,449 Castle,1957-08-24,Comedy
crmid:7163592892,classical1893@outlook.aephandson.com,Giovanni,Perez,,017-577-9092,South Euclid,United States,92366,Iowa,950 Wayne,1989-04-13,Biography
crmid:2368196135,tastier2050@yahoo.aephandson.com,Bradford,Mccarthy,male,989-274-9195,Orem,United States,00249,Indiana,302 Gough,1941-01-19,Reality-TV
crmid:2926806791,beverlee2035@yandex.aephandson.com,Leon,Reyes,female,048-774-7806,Coral Springs,United States,39896,New Jersey,125 Lakewood,1950-05-24,Comedy
crmid:2699257289,catgut1905@yandex.aephandson.com,Shayne,Chen,,684-470-7565,Hermosa Beach,United States,72715,Maryland,896 France,1971-12-02,Action
crmid:2004757227,estes1896@live.aephandson.com,Truman,Fernandez,,797-941-4284,Golden Valley,United States,09845,Nebraska,780 Flora,1966-01-19,History
crmid:4261395285,ambar2042@gmail.aephandson.com,Alfredo,Clarke,,292-034-6996,Wheat Ridge,United States,40070,South Dakota,517 Seminole,1982-07-01,Animation
crmid:7888851780,unconflicting1904@outlook.aephandson.com,Shirley,Hardin,male,611-557-7410,Ogden,United States,67557,Rhode Island,299 Milton I Ross,1941-09-13,Family
crmid:8685538762,drunks1882@yahoo.aephandson.com,Mason,Bush,,268-770-3872,Hopkins,United States,38189,South Dakota,562 Ecker,1973-06-10,News
crmid:1605720853,astrologistic1930@outlook.aephandson.com,Marcel,Everett,male,641-398-1110,Overland Park,United States,98903,Oregon,1399 Hunters Point,1996-02-25,Action
crmid:2733603899,buckhorn1833@yahoo.aephandson.com,Doyle,Santana,,764-785-4404,Overland Park,United States,48712,California,628 Seminole,1985-01-29,Animation
crmid:9412764447,algicides2024@live.aephandson.com,Mariano,Blackburn,male,708-564-2566,Bridgeport,United States,70247,Alabama,1056 C,1941-07-03,Action
crmid:7013948315,explains1834@live.aephandson.com,Geraldo,Munoz,,625-020-2196,Lebanon,United States,95240,Rhode Island,612 Battery Safford,1981-06-17,Sport
crmid:6603811145,bobbye1997@yahoo.aephandson.com,Chet,Tyson,,946-959-1847,Oswego,United States,39828,Texas,599 Oneida,1974-06-26,Comedy
crmid:6048599294,thurnia1996@yahoo.aephandson.com,Kareem,Morgan,,812-940-3902,Houston,United States,41323,Nevada,248 Ventura,1973-07-05,News
crmid:2218187556,demarch2012@yahoo.aephandson.com,My,Spears,female,690-091-9943,Elizabeth City,United States,32496,Connecticut,45 Bret Harte,1959-07-27,Sport
crmid:2767820981,wedgeable1812@yahoo.aephandson.com,Porfirio,Goodman,,070-037-2483,Grand Forks,United States,91476,North Carolina,1381 Ashbury,1967-06-06,History
