crmid,email,first_name,last_name,gender,mobile telephone,city,country,zip,state,street address,birthday,historicalpoints
crmid:3701355439,trippet1879@yahoo.com,Catarina,Walker,female,473-491-8757,Duncanville,United States,56997,Indiana,473 Spring Valley,1956-10-24,1142
crmid:8539453447,ticky1855@yandex.com,Ross,Benson,,697-948-7160,Glen Ellyn,United States,26142,Connecticut,667 Sunview,1966-04-20,1216
crmid:5134239567,banish1875@yahoo.com,Lincoln,Berry,male,156-945-5217,Bixby,United States,69707,Ohio,303 Valdez,1939-10-20,853
crmid:7220148724,coeval1800@live.com,Shay,Le,female,146-958-2023,Sierra Vista,United States,54805,Arkansas,900 Sherman,1996-04-15,2008
crmid:4127942983,chiseler1951@live.com,Erinn,Forbes,female,013-347-6325,Douglas,United States,79274,Maine,1294 Bonita,1955-12-25,1740
crmid:4704032034,crocky1925@live.com,Brice,Williams,male,245-893-1914,Atascadero,United States,69769,Indiana,906 Key,1934-11-03,2738
crmid:6332909424,burlie2060@outlook.com,Garret,Ray,male,944-612-5126,Casselberry,United States,87166,Nevada,1230 Scotland,1945-04-24,2770
crmid:3257237099,photographic1992@yandex.com,Laraine,Landry,female,497-096-2439,Corona,United States,95187,Oregon,1002 North,1950-05-17,1747
crmid:6219488360,havocs2035@yahoo.com,Deonna,Chan,female,330-071-4981,Eastlake,United States,77124,Missouri,679 Fairfax,1957-12-21,2479
crmid:1171567775,hometown1871@outlook.com,Garret,Deleon,male,482-461-1862,Vestavia Hills,United States,16221,Nebraska,477 Fanning,1945-11-08,2492
crmid:5626967089,ephialtes1942@live.com,Lenard,Valencia,,631-849-5543,Wichita Falls,United States,63478,New Hampshire,570 Capistrano,1995-06-02,2156
crmid:2175050906,chaka2003@yandex.com,Sean,Vega,,349-403-6384,Lincoln Park,United States,60526,Montana,919 Lindsay,1983-11-15,2170
crmid:4776032752,glarry1870@yahoo.com,Felipe,Burch,,050-565-3810,Wyandotte,United States,34612,Florida,727 Arago,1968-08-11,792
crmid:4430532495,euphonetic2012@yandex.com,Emerson,Collier,,301-300-3827,Midwest City,United States,17816,Nebraska,637 Dublin,1990-03-22,2643
crmid:3141334872,caterpillar2062@yahoo.com,Jamal,Hoover,,932-820-5021,Janesville,United States,65243,Oregon,1133 The Embarcadero,1975-10-02,1684
crmid:7528904121,positive1872@live.com,Regan,Herrera,female,555-533-7817,Danbury,United States,44224,Utah,1012 Windsor,1952-07-13,1717
crmid:3282700334,allowance1979@gmail.com,Miguel,Cardenas,,420-419-2648,North Ridgeville,United States,33912,Wyoming,439 Rockland,1999-07-10,861
crmid:5402995852,lithoclase1925@yahoo.com,Minh,Mccall,,506-987-6990,Kenosha,United States,81395,South Dakota,1159 Hilton,1977-02-26,2381
crmid:9394207563,physiognomist1905@live.com,Dominick,Bernard,male,053-757-0797,Birmingham,United States,70822,Alaska,1174 Hotaling,1939-03-03,825
crmid:7031039742,bouzouki1935@yahoo.com,Melvin,Brady,,605-470-8788,Gastonia,United States,21398,Kansas,1385 Jack Kerouac,1965-05-30,1794
crmid:2978908884,roorbach1970@outlook.com,Kamilah,Irwin,female,372-924-9486,O'Fallon,United States,22639,Maryland,35 Hudson,1959-04-15,827
crmid:3194196854,stonemason2064@yandex.com,Boris,O'brien,,930-410-5284,Saco,United States,94260,Idaho,1013 Timothy Pflueger,1998-08-27,2250
crmid:3270621585,asouth1955@live.com,Carmelo,Mcintosh,,946-753-9689,Hazelwood,United States,31597,Maryland,88 Parker,1970-07-05,2029
crmid:8843330981,carbonated1887@live.com,Anderson,Gaines,,725-062-0289,Sarasota,United States,30904,Wisconsin,375 Emma,1975-01-02,1850
crmid:5685867575,serines1957@yandex.com,Alline,Gates,female,700-289-4645,Creve Coeur,United States,01341,Oklahoma,204 Carr,1951-01-11,2146
crmid:3209007910,countersink2010@yahoo.com,Denis,Best,male,363-379-2505,Carrollton,United States,18615,Nebraska,819 Mccoppin,1944-03-03,2912
crmid:8928941927,interhabitation2038@yandex.com,Hunter,Dickerson,,686-302-2760,Glen Cove,United States,31298,New Jersey,1254 Truby,1966-07-25,2262
crmid:5462754914,pasha1800@live.com,Basil,Pitts,,418-956-9283,York,United States,24067,Alabama,964 Ingerson,1968-06-14,2418
crmid:3369069243,sighless1847@gmail.com,Owen,Underwood,male,397-438-2393,Brownwood,United States,74086,Tennessee,638 Lysette,1942-12-22,2363
crmid:6196818305,stinkbug1897@outlook.com,Cassi,Garza,female,560-781-0665,Cupertino,United States,88379,Nevada,527 Florentine,1952-11-26,2249
crmid:9460568262,gastrohysterorrhaphy2015@outlook.com,Larita,Poole,female,449-047-1477,Orlando,United States,22893,Nebraska,551 Pinehurst,1959-10-10,2990
crmid:4166472216,allegiances2040@yahoo.com,Mao,Tran,female,868-019-7353,Sumter,United States,17881,Iowa,1265 Merritt,1948-11-24,819
crmid:3377751835,reindeer1908@gmail.com,Desmond,Reeves,,713-988-4154,Yukon,United States,75631,Delaware,436 Venus,1989-10-30,2789
crmid:6496193857,incinerating1977@gmail.com,Gaynelle,Salas,female,347-508-3537,Davenport,United States,57739,Montana,982 San Leandro,1953-10-06,694
crmid:3848719789,dorser1996@gmail.com,Lucien,Shelton,male,314-803-9618,Big Spring,United States,38536,Minnesota,1332 Ridge,1939-06-27,2957
crmid:2054405336,kilometrage1869@gmail.com,Wilfred,Sanders,,974-621-6740,Pittsburgh,United States,82287,Minnesota,279 Zoe,1964-10-07,2519
crmid:7278221608,beverlee1823@gmail.com,Renato,Blevins,,824-697-1339,Massapequa Park,United States,19000,Kansas,731 Heather,1988-04-04,2997
crmid:4064555704,heidi1991@gmail.com,Clement,Kline,male,656-495-5047,New Haven,United States,04358,Utah,1216 Clementina,1996-01-04,2218
crmid:3530548463,ungambolled1823@yahoo.com,Sergio,Knowles,,827-570-3379,Pflugerville,United States,34147,Louisiana,454 West Halleck,1975-09-15,1576
crmid:2924805237,emulating1918@outlook.com,Dorian,Faulkner,female,365-962-0516,Coalinga,United States,18942,New Hampshire,1215 Gaiser,1948-03-09,1388
crmid:2555535728,callorhynchus1839@yandex.com,Stefania,Chan,female,196-264-1360,Shakopee,United States,21201,Delaware,494 Noe,1960-08-06,1357
crmid:2182218706,dramas1931@yahoo.com,Frankie,Roman,,801-678-8209,Fountain Hills,United States,74876,New Hampshire,597 Breen,1963-12-10,2547
crmid:5669195472,brightly2036@gmail.com,Ashlyn,Delacruz,female,699-857-8930,Sunnyvale,United States,27270,Wyoming,1072 Anderson,1960-12-02,320
crmid:3134707116,bribe2043@outlook.com,Chanell,Clay,female,487-508-3663,Elko,United States,05547,Washington,1146 Chilton,1959-02-06,2563
crmid:6318611334,canto1854@yahoo.com,Kiesha,O'donnell,female,556-163-7444,New Orleans,United States,82962,Connecticut,1114 Crestmont,1996-04-30,2725
crmid:7572525437,platypus1997@live.com,Harvey,Cohen,,273-420-5760,Green,United States,03131,Ohio,803 Hunters Point,1968-02-18,1756
crmid:4759464629,deipnosophism1961@gmail.com,Graham,Bruce,male,524-502-5665,Bristol,United States,26436,New Mexico,831 Leese,1941-04-04,1247
crmid:2286643383,welcomely2009@outlook.com,Allen,Walters,male,523-579-8959,Cape Coral,United States,05452,Maryland,96 Seacliff,1944-01-30,2967
crmid:4071861421,refrustrated2001@yandex.com,Silas,Wright,male,871-264-4284,Sandy Springs,United States,09919,Wisconsin,1262 Pacific,1932-09-30,2494
crmid:4946747047,takeaway1868@live.com,Howard,Curtis,,973-115-6611,Salt Lake City,United States,45162,Montana,273 Fontinella,1991-01-20,2028
crmid:4756482609,unjamming2012@gmail.com,Jamaal,Hendrix,,281-150-9132,Harlingen,United States,15930,North Carolina,661 Lawrence,1969-03-28,1704
crmid:1913616868,skunk1919@yandex.com,Arlinda,Suarez,female,180-958-1536,Chicago Heights,United States,01974,Texas,1185 Burns,1947-01-28,448
crmid:3489871337,coolest1883@outlook.com,Darnell,Curtis,,613-727-9907,Sapulpa,United States,45315,Oklahoma,1366 El Dorado,1981-09-11,732
crmid:9404506584,disenclose1815@gmail.com,Sterling,Dickson,,949-221-1026,Spanish Fork,United States,82645,Arizona,1332 Thorp,1966-11-07,1240
crmid:3236391681,decumani1881@outlook.com,Sol,Blair,,218-942-7713,Golden Valley,United States,37040,Kentucky,412 Corbin,1966-06-17,1258
crmid:4017996723,blaze1806@gmail.com,Carlo,Sparks,male,560-090-1449,Bell Gardens,United States,98005,Rhode Island,759 Amador,1937-02-27,640
crmid:5697224336,calepin1852@yahoo.com,Todd,Ayala,,285-113-5421,Hesperia,United States,36802,Connecticut,497 Nueva,1971-06-06,841
crmid:9880498425,apparition2024@yandex.com,Albertine,Griffin,female,799-648-7260,Southaven,United States,13347,West Virginia,241 Patterson,1949-01-12,728
crmid:4375403522,acrorhagus1845@yahoo.com,Jodee,Wilcox,female,288-050-4193,DeSoto,United States,99990,Louisiana,32 Long Bridge,1953-12-30,2682
crmid:5237170166,stylar1862@outlook.com,Elvin,Burt,male,596-923-6386,Burbank,United States,81715,Kansas,424 Hester,1942-03-04,820
crmid:8802553297,amines1817@yahoo.com,Merrie,Riley,female,203-739-9806,Toledo,United States,17202,Mississippi,503 Blackstone,1951-06-25,454
crmid:7813727749,ironwork2058@gmail.com,Manuel,Warner,,749-559-1658,Mission Viejo,United States,58630,North Carolina,69 York,1991-09-16,517
crmid:2703400697,alvarez1845@yandex.com,Bernardo,Wheeler,,436-561-1090,Laguna Niguel,United States,87201,Colorado,914 La Ferrera,1979-02-26,2931
crmid:5582718599,insular1892@live.com,Jeffrey,Howe,,113-317-2421,State College,United States,88062,Nebraska,372 Fella,1971-03-01,1042
crmid:3997991191,prolegomenon1846@yandex.com,Alysa,Wilkins,female,111-436-2180,Mukilteo,United States,19901,Idaho,266 Scotland,1994-03-01,1515
crmid:7744147705,cleistogamously1823@outlook.com,Sharmaine,Burris,female,923-154-1325,DeSoto,United States,45008,Kansas,1159 Merriam,1953-08-04,1242
crmid:2340196322,baktun2032@yahoo.com,Wilson,Phillips,,183-799-2086,Spokane Valley,United States,34839,Virginia,1165 Milton,1978-10-15,1830
crmid:1052584616,anthuriums1967@yandex.com,Chauncey,Marquez,,789-211-7456,Highland,United States,52001,Massachusetts,580 Stigwood,1971-10-30,2188
crmid:3115667617,needlewomen1881@yahoo.com,Cruz,Ramos,,243-620-9642,Lakewood,United States,22870,Hawaii,538 Fulton,1980-05-22,983
crmid:7021249102,remake2042@gmail.com,Jeromy,Patel,,192-672-7401,Schenectady,United States,54652,Alaska,972 Montclair,1998-11-14,629
crmid:7622477548,tammies1970@outlook.com,Cristin,Mann,female,151-508-4024,Enid,United States,85833,Hawaii,1152 Park Hill,1959-02-18,2107
crmid:1914841466,erode1983@gmail.com,Colin,Carroll,,705-067-9350,Palo Alto,United States,39619,Ohio,740 Moreland,1976-07-31,2749
crmid:5235034945,loudness1974@gmail.com,Trent,Hammond,,648-102-3629,Loveland,United States,26273,Delaware,700 Card,1984-04-22,1765
crmid:9522652848,tableau2068@yahoo.com,Harley,Padilla,,540-123-8465,Oviedo,United States,77212,Utah,1075 Laussat,1990-04-13,1269
crmid:9921342306,lyrebird1907@outlook.com,Nia,Strong,female,815-951-3569,Perris,United States,28185,Idaho,1054 Ezekiel,1959-07-28,1462
crmid:4934633832,occlusions1933@yandex.com,Rayford,Ortega,,407-506-4785,Grand Prairie,United States,10422,Nevada,66 Jennings,1967-04-19,2747
crmid:4070737020,limbate2069@yandex.com,Wyatt,Fitzpatrick,,769-955-0650,Mercer Island,United States,38255,Washington,1302 Church Parking Lot,1989-05-14,524
crmid:1812677112,agosto1891@outlook.com,Ryan,Wilkins,male,946-172-4116,Burnsville,United States,89196,Indiana,240 Sacramento,1943-09-17,614
crmid:3841523771,cranic1940@gmail.com,Calvin,Holt,,306-519-3067,Jackson,United States,89500,Louisiana,722 Lamson,1975-05-18,2837
crmid:6822410610,requestor2000@live.com,Olen,Atkins,,379-633-3416,Highland Park,United States,75609,South Dakota,930 Oak,1971-12-09,2627
crmid:7376080350,andalusite1827@yandex.com,Rickey,Faulkner,,992-122-4754,Lake Havasu City,United States,63410,Washington,1276 Huntington,1980-12-15,692
crmid:3771916183,dachshund2035@yahoo.com,Loralee,Morin,female,445-024-1223,Easley,United States,73980,Massachusetts,1001 Rosa Parks,1956-12-26,1537
crmid:5013426169,martello1854@yandex.com,Elisha,Yates,male,515-310-5805,Carrboro,United States,17782,Hawaii,1115 De Long,1944-03-24,503
crmid:2662722174,gunslinger1857@yandex.com,Meridith,Wall,female,926-371-8845,East Providence,United States,31192,Utah,704 Hickory,1957-06-30,1695
crmid:9894886697,behalf1945@live.com,Tuan,Hodges,male,261-690-7587,Centerville,United States,85898,Maine,448 Laura,1945-12-18,896
crmid:6532848848,azhar1816@outlook.com,Salena,Kerr,female,471-906-6072,Odessa,United States,94878,Pennsylvania,898 Badger,1947-08-16,2181
crmid:9945758284,flamingos1889@yahoo.com,Edmond,Williamson,male,070-230-1088,Adrian,United States,81951,Arizona,125 Dutch Windmill Access,1930-03-31,2758
crmid:9066735344,enchanter1920@yandex.com,Devin,Hardin,,472-216-9228,Prattville,United States,56316,Delaware,337 Harvard,1995-08-22,1847
crmid:3232378653,colorate2047@live.com,Howard,Padilla,,418-047-2554,Foster City,United States,74324,New Mexico,831 Orchard,1963-12-18,2850
crmid:3198020268,dehydration1811@yahoo.com,Amal,Sheppard,female,577-480-1233,Dearborn Heights,United States,03605,Virginia,1388 Merriam,1953-01-27,2966
crmid:1178508598,busby2008@yandex.com,Abraham,Ferrell,,462-074-7031,Port Orange,United States,57412,Louisiana,255 Freeman,1983-04-03,520
crmid:6040373801,daphna1886@gmail.com,Shelby,Gilbert,,347-444-6188,South Holland,United States,75727,Michigan,849 Colin,1973-09-22,1227
crmid:2417945044,affenpinscher1871@yahoo.com,Sung,Sutton,,448-454-5012,McKinney,United States,10530,Massachusetts,222 Seville,1988-03-20,2533
crmid:1793476246,daaboul2060@outlook.com,Bart,Parks,,148-175-3587,Irvine,United States,88140,Oklahoma,1044 Lapham,1975-09-29,1697
crmid:7838617673,derelict1990@live.com,Rafael,Cobb,,996-544-9209,Sylvania,United States,28558,New York,188 Allen,1968-09-28,1546
crmid:3126799177,lectures1838@gmail.com,Heath,Gardner,,585-942-2472,Logan,United States,35930,California,622 Tillman,1983-06-05,605
crmid:2707387921,mirth1973@outlook.com,Patience,Copeland,female,237-817-7007,Dothan,United States,45637,Pennsylvania,372 Liggett,1955-07-07,1696
crmid:5051949534,calfret2013@outlook.com,Zachariah,Carrillo,male,390-422-0370,Plano,United States,90144,Mississippi,372 Stow Lake,1941-10-05,813
crmid:8974544393,benthos1923@yahoo.com,Humberto,Calhoun,,218-595-0797,Mequon,United States,73235,Montana,312 Homestead,1989-12-06,1045
crmid:4919678906,undefiniteness1982@yandex.com,Waldo,Macdonald,,444-087-3117,LaGrange,United States,76575,Minnesota,889 Banbury,1979-12-15,2377
crmid:9478789722,dowse2053@yandex.com,Porfirio,Wiley,,539-136-7985,Fremont,United States,26974,South Carolina,651 Vista View,1964-04-15,2584
crmid:3965976196,precogitation1876@live.com,Hee,Howe,female,764-725-6499,Texas City,United States,24576,Alabama,609 San Jacinto,1958-04-15,413
crmid:4905325867,amphithuron2021@yahoo.com,Jeanene,Cooper,female,475-330-3233,Dallas,United States,81204,Nevada,1050 Broadmoor,1952-04-07,2256
crmid:1288403335,transplantar1909@yandex.com,Anastacia,Aguilar,female,514-578-3733,Oregon City,United States,20625,Hawaii,856 Brooklyn,1961-01-01,2744
crmid:8250579696,biddings1912@yahoo.com,Sharell,Sullivan,female,898-214-0144,De Pere,United States,43289,Alabama,278 Lamartine,1953-08-28,2837
crmid:4729907159,walspere2037@yahoo.com,Wilfredo,Miles,male,431-885-0558,Palm Beach Gardens,United States,89634,New Hampshire,615 Bannock,1934-10-20,1735
crmid:7492491975,woodwaxen1828@live.com,Desire,Holden,female,942-063-2178,Des Plaines,United States,78818,New Jersey,115 Ina,1954-12-31,2594
crmid:7809148219,backers2011@yandex.com,Rosia,Nolan,female,796-724-6457,Douglasville,United States,54920,Oregon,552 Gibson,1955-10-29,2450
crmid:8251844268,protrusile1847@yandex.com,Winter,Wyatt,female,238-635-3608,New Bedford,United States,95149,Massachusetts,1305 Ggp Access Road,1995-03-18,1987
crmid:9597089954,unrooted2069@yandex.com,Armando,Gardner,,655-148-4184,Miami,United States,24325,South Carolina,1151 Montecito,1990-05-19,1283
crmid:8518881259,uranite1873@live.com,Nickolas,Lynch,,929-977-2777,Glendale Heights,United States,72441,Maryland,1311 Greenwich,1966-12-08,1706
crmid:9465006909,panthers1977@yahoo.com,Isiah,Blevins,,056-026-8599,Oviedo,United States,48662,Vermont,709 Lafayette,1993-01-27,2071
crmid:5591545770,chitter1998@yahoo.com,Stanley,Maxwell,male,920-714-0787,Upper Arlington,United States,90539,Missouri,492 Juniper,1933-09-18,1307
crmid:2555294522,cercopithecus1810@gmail.com,Cristin,Stewart,female,621-852-2518,Durant,United States,19424,Kentucky,640 Commer,1956-02-28,2608
crmid:5987343412,archsewer1984@gmail.com,Isaias,Underwood,,885-244-5842,Hayward,United States,31290,Utah,462 Morrell,1970-06-11,2769
crmid:6537727776,reflowers2018@gmail.com,Clayton,Small,male,731-098-4853,Schenectady,United States,56850,Illinois,657 Paper,1995-02-23,2816
crmid:9160446945,aboriginal2038@live.com,Kathey,Lawrence,female,287-567-7467,College Park,United States,25494,Kansas,1185 Edward,1949-05-17,505
crmid:8366253728,carlean1912@gmail.com,Bernard,Perry,,787-218-6141,Kansas City,United States,10002,Maine,428 Sea View,1976-03-30,2050
crmid:6475364972,albatross1931@yahoo.com,Cole,Lopez,,840-916-9252,Gillette,United States,14855,Tennessee,540 Icehouse,1966-03-19,424
crmid:3304960403,aesthetic2040@outlook.com,Archie,Andrews,,014-746-2607,Oxford,United States,86110,South Dakota,538 School,1984-02-05,2333
crmid:8034869485,cordilleran1957@yandex.com,Berry,Cherry,female,582-878-3695,Delaware,United States,01477,Kansas,1187 Dolphin,1954-01-06,1869
crmid:7245329255,unjewelled2041@live.com,Randall,Evans,,166-385-6212,Lewisville,United States,20270,South Dakota,922 Nob Hill,1982-04-03,2067
crmid:4148038093,macroprism1884@outlook.com,Alan,Welch,,652-829-6885,Nixa,United States,93993,West Virginia,1192 Alemany,1997-10-11,1866
crmid:6187758447,emulating1920@live.com,Luana,Cobb,female,808-557-7809,Spokane Valley,United States,11828,Arkansas,338 Crystal,1952-06-06,2904
crmid:8047166324,celadon1868@gmail.com,Everette,Acosta,,347-569-9433,Grants Pass,United States,62209,Utah,911 Oshaughnessy,1967-11-16,1808
crmid:6368146375,religionists1962@yahoo.com,Fidela,Dunn,female,763-735-6256,Easley,United States,17300,Connecticut,95 Ofarrell,1956-03-09,1315
crmid:7214693547,subgalea2042@gmail.com,Conrad,Lowery,male,850-038-3548,Carteret,United States,17696,Alaska,260 Chestnut,1944-02-18,1598
crmid:3945374225,glycerol1800@live.com,Devora,Gates,female,242-393-4882,Shoreline,United States,11840,Maine,87 Selby,1953-03-11,824
crmid:2145132744,janitors2024@outlook.com,Andre,Tucker,,683-124-2704,Tyler,United States,66744,Alaska,675 Sutter,1966-08-21,304
crmid:7400385692,isobutylene1857@gmail.com,Clemente,Herman,male,774-602-9584,Brockton,United States,10630,Florida,509 Rico,1941-02-13,584
crmid:9471792506,cocain1902@yandex.com,Love,Lott,female,307-990-9936,Collinsville,United States,38648,Massachusetts,102 Nimitz,1949-06-17,1588
crmid:9262062511,vandalic2066@live.com,Julian,Morrison,male,764-339-2900,Prairie Village,United States,07687,South Carolina,272 Torrens,1937-10-25,1433
crmid:8339088833,hyperpersonal1832@gmail.com,Mary,Salas,,080-049-9551,South Holland,United States,93981,Montana,974 Bronte,1974-06-30,522
crmid:7072191165,vulgarian2033@outlook.com,Louie,Salinas,male,162-265-7572,Ceres,United States,67264,Indiana,500 Redfield,1945-10-12,390
crmid:7225952681,bateman1898@gmail.com,Reggie,Shaw,,953-163-7239,Helena,United States,92744,Arkansas,394 Vinton,1970-04-18,1654
crmid:5605642334,shortcake2049@yahoo.com,Moses,Osborne,,871-487-3641,Lombard,United States,86869,New York,377 Wilmot,1984-06-20,2315
crmid:8790992345,caterbrawl1884@outlook.com,Leif,Lott,,306-730-8764,Pasco,United States,33605,Oregon,1141 Kensington,1973-07-28,1172
crmid:8162972348,sanatorium2048@gmail.com,Chase,Gutierrez,,767-090-8847,Palos Hills,United States,69128,Colorado,154 Muir,1992-03-08,801
crmid:6899115365,caslon1813@yandex.com,Jonas,Dejesus,male,395-160-7662,San Juan,United States,77613,Virginia,787 Graymalkin,1996-12-18,1753
crmid:7306893641,callianassidae1966@yandex.com,Coralee,Frederick,female,077-372-8329,Romulus,United States,86708,Colorado,1090 Marengo,1954-02-10,1709
crmid:6632853142,newfoundland1905@yahoo.com,Mika,Allison,female,315-302-0898,Elk Grove,United States,32872,Montana,1185 Forest View,1959-06-01,704
crmid:9909019243,erroneously2040@live.com,Demetrius,Rios,female,218-666-1242,Coppell,United States,91342,Delaware,379 Avenue C,1950-11-04,2290
crmid:4093588357,brooklyn1933@yandex.com,Mellie,Holmes,female,435-710-4114,Durham,United States,73163,Alaska,1348 Marcela,1956-12-27,1796
crmid:2178108110,trippet1866@yahoo.com,Terrell,Chang,male,946-115-0281,Radcliff,United States,07198,Virginia,252 Crystal,1931-09-06,2889
crmid:8255068864,cornflake1869@yandex.com,Gracia,Orr,female,879-434-8427,San Juan,United States,65111,Florida,886 Jack Balestreri,1952-11-06,2818
crmid:3720165210,bobbery2067@outlook.com,Deshawn,Garza,,571-978-3028,Laguna Woods,United States,31154,Wyoming,14 Williar,1979-06-26,2270
crmid:6121168172,koala1992@yandex.com,Benny,Lynn,,710-383-0597,Shakopee,United States,42902,Missouri,216 Welsh,1986-04-05,734
crmid:4911307991,umbrate1833@gmail.com,Miquel,Knox,male,922-890-0909,Rosenberg,United States,87403,Maryland,999 Julia,1945-07-16,2916
crmid:8351011386,cosmopolitanize2039@yandex.com,Alex,Fry,female,890-219-9710,Cleveland Heights,United States,01860,South Carolina,1149 Bay View,1948-01-10,2708
crmid:5956300430,infectionist1857@yahoo.com,Christinia,Patterson,female,282-926-0341,Cutler Bay,United States,02661,South Dakota,507 Laura,1952-02-23,1184
crmid:6556238809,globalism2005@yahoo.com,Vaughn,Parker,male,514-494-2801,West Jordan,United States,75989,Utah,314 Spring Valley,1939-09-22,1538
crmid:9912414906,griffin1974@yahoo.com,Lynn,Madden,male,150-225-0986,Blythe,United States,33847,New Hampshire,410 Bryn Mahr,1940-07-18,2182
crmid:4755308958,biabo2050@yahoo.com,Jin,Bailey,female,034-882-5256,Temple City,United States,55034,Alabama,712 Cresta Vista,1999-03-19,2878
crmid:5200376672,allegiances1857@yahoo.com,Garry,Boyer,,005-610-1405,Manitowoc,United States,74221,Arizona,1291 Carrizal,1986-03-14,2248
crmid:8142172960,siamese1979@outlook.com,Sook,Tyson,female,108-702-6059,Douglasville,United States,45360,Kansas,286 Cambon,1955-08-29,1808
crmid:8705596258,boden1918@yahoo.com,Everette,Small,,832-606-6895,Huntersville,United States,38838,Washington,11 Harding,1973-06-19,947
crmid:3185848982,dunlin1968@yandex.com,Santos,Bridges,,510-728-3697,Greenwood,United States,09251,Michigan,1153 Homer,1968-01-20,668
crmid:4778397035,theologer1956@outlook.com,Edmundo,Mathis,,303-948-8113,Kettering,United States,43615,Colorado,1229 Linden,1977-08-25,2872
crmid:5904907489,cypher1932@yahoo.com,Ian,Dunn,,997-893-2671,La Vergne,United States,57522,Minnesota,531 Avocet,1979-10-26,2290
crmid:4998691303,delawn1895@outlook.com,Mikel,Albert,male,080-904-3556,Nogales,United States,09655,South Carolina,753 Cashmere,1998-01-13,2966
crmid:1428377912,conceder2044@yandex.com,Shenika,Snyder,female,902-345-6358,Dearborn Heights,United States,98677,West Virginia,214 Shakespeare,1953-08-27,645
crmid:8246487815,demijohn2055@outlook.com,Regan,Gilbert,female,643-724-8521,El Centro,United States,45464,Mississippi,476 Salinas,1958-07-11,1511
crmid:6944103933,jeopardise1885@yahoo.com,Bertram,Griffith,,540-939-5323,Poplar Bluff,United States,65770,Maine,908 Ellert,1972-09-03,1110
crmid:9582875232,sorriness1959@yahoo.com,Charlie,Quinn,,485-108-8742,Hesperia,United States,85777,Maryland,848 May,1971-01-19,1695
crmid:3202074722,cherries1900@live.com,Omar,Tyson,,273-030-1787,Hallandale Beach,United States,34685,Illinois,612 Cameron,1969-07-28,2833
crmid:9870576037,dissonancies1808@yahoo.com,Jordan,Gross,,490-414-1034,Galveston,United States,58953,Maryland,100 Anzavista,1965-10-27,2357
crmid:6103194255,enlivenment1823@outlook.com,Florencio,Rodriquez,,991-501-7652,Mentor,United States,65692,West Virginia,1104 Gateview 2,1989-11-09,1736
crmid:3920319169,chloropalladic1832@gmail.com,Freeman,Delgado,male,667-703-8402,Woodland,United States,19912,Pennsylvania,1135 Dickinson,1945-04-08,1509
crmid:2903455390,broomer2045@yahoo.com,Darren,Meyer,,436-134-6839,Pleasant Hill,United States,44462,Ohio,824 Shephard,1987-08-17,1780
crmid:4871590345,upstages1862@gmail.com,Cyrus,Kramer,,732-264-4815,Hilliard,United States,17850,Delaware,1384 Madrone,1972-03-18,1462
crmid:8289223757,dupes2055@yahoo.com,James,Robles,,416-557-6343,Myrtle Beach,United States,41479,Kentucky,1233 East Beach,1995-08-27,953
crmid:2324856469,spearing1982@outlook.com,Fallon,Valencia,female,654-639-1650,Wheeling,United States,21533,West Virginia,1008 Roach,1958-11-06,2930
crmid:1810361630,listers1843@outlook.com,Chase,Deleon,male,769-891-6238,Alamo,United States,06758,Connecticut,310 Hazelwood,1930-02-08,428
crmid:2129396052,chankings1889@gmail.com,Dalton,Lang,,514-523-0843,Houma,United States,06653,Arkansas,206 Willard,1973-01-30,1832
crmid:3409181092,cowhand1918@yandex.com,Julio,Byrd,,476-431-7279,Laredo,United States,26881,Utah,978 Hardie,1980-05-20,1052
crmid:7141818314,advocate1818@live.com,Rhett,Ortega,male,113-152-0299,Bellflower,United States,44601,Florida,638 Lulu,1937-08-22,2883
crmid:9039211036,cookeys1849@outlook.com,Mac,Goodwin,,822-593-5998,North Port,United States,64335,Ohio,552 Charles J Brenham,1999-11-18,1068
crmid:7933940503,sphericotetrahedral1904@outlook.com,Conrad,Swanson,,042-534-7891,Paris,United States,35185,New Mexico,527 Avon,1974-03-18,646
crmid:2934077447,dodo1924@yandex.com,Javier,Schneider,male,493-423-6930,Renton,United States,72775,New York,421 Saddleback,1938-05-26,2216
crmid:7482282900,gustavus1808@live.com,Darrick,Valenzuela,,395-674-4433,Knoxville,United States,12854,Florida,1104 Knockash,1978-02-17,1254
crmid:9182666405,unlassoed2027@live.com,Raye,Dillard,female,585-160-9090,Clearfield,United States,48406,Nebraska,1047 Sumner,1948-07-08,2928
crmid:1361693966,imposts2066@yahoo.com,Manda,Vasquez,female,129-352-2686,Muncie,United States,73251,Kentucky,245 Lurline,1994-12-05,1230
crmid:9358224526,basiophthalmite2042@gmail.com,Lewis,Elliott,,123-984-9831,Martinsburg,United States,19276,New Mexico,274 Giants,1987-03-15,1989
crmid:7672464788,ermey1872@yahoo.com,Damien,Hill,male,916-732-3708,Poughkeepsie,United States,04219,Hawaii,663 Genebern,1935-02-14,1635
crmid:8738464787,breakwater2002@yahoo.com,Ron,Harvey,,799-736-6954,Johnstown,United States,33460,Rhode Island,12 Palm,1975-06-02,1325
crmid:8628719494,bloch1939@outlook.com,Florentino,Cruz,,920-188-6181,Mansfield,United States,85428,North Dakota,560 Stoneman,1986-09-03,1960
crmid:8742356583,erwin2070@yandex.com,Jonelle,Harper,female,221-136-7240,Wasco,United States,56921,Oregon,878 Upton,1994-10-07,2378
crmid:7725395524,gobbet1931@gmail.com,Angelo,Macdonald,male,047-166-2989,Bergenfield,United States,67509,Colorado,892 Majestic,1938-11-21,2043
crmid:4854601563,carful1979@outlook.com,Frederick,Small,,806-872-3473,Frankfort,United States,76525,Minnesota,858 Stoneyford,1963-10-11,358
crmid:8116441189,contemp1977@yahoo.com,Joya,Simpson,female,468-183-3041,College Park,United States,78733,Alaska,1193 Forest Knolls,1949-04-27,313
crmid:6733190363,ergotic1859@gmail.com,Brett,Kidd,male,415-581-3717,Beavercreek,United States,64094,Hawaii,841 Westgate,1937-10-03,2469
crmid:4738331631,creen1810@yahoo.com,Jeffrey,West,male,874-373-0596,Winter Springs,United States,91985,New Jersey,22 San Andreas,1943-05-30,575
crmid:1963247606,apocynaceous1812@gmail.com,Steve,Sheppard,,409-139-5188,Monroe,United States,77386,Tennessee,1340 Rizal,1992-12-03,1407
crmid:2473686730,burley1958@yahoo.com,Norbert,Davidson,male,827-096-3902,Bettendorf,United States,47659,Kansas,52 Santa Rita,1938-07-08,2259
crmid:5084271337,burel1864@yandex.com,Kris,Frye,,196-719-3933,Miamisburg,United States,80831,West Virginia,1225 Crescio,1990-02-16,809
crmid:3736916189,islamitic1908@yahoo.com,Garland,Ayala,male,723-635-5843,Carmel,United States,22272,Missouri,1316 Robblee,1944-04-01,2729
crmid:3624516892,african1931@yahoo.com,Val,Mcintyre,,359-370-7370,Redwood City,United States,22532,Missouri,1119 Hearst,1967-01-08,2661
crmid:8598941907,bedlamite1849@yahoo.com,Grover,Hinton,,068-488-3296,Willoughby,United States,46722,Maryland,198 Gateview,1987-07-22,382
crmid:6378826889,hippopotamus1825@live.com,Russell,Moses,,534-480-3704,Manteca,United States,42944,South Dakota,952 Berkeley,1986-08-17,2923
crmid:1934584682,goshawk1922@gmail.com,Tyron,Brewer,,371-379-8675,Hinesville,United States,62859,Alaska,491 Truby,1972-11-01,1297
