id,crmid,propensity_account_upgrade,propensity_premium
8ef9a383-7f63-11ea-ada9-b88a60e194fb,crmid:7606968507,2,5
8efadadd-7f63-11ea-987f-b88a60e194fb,crmid:7606968507,9,6
8efcafc1-7f63-11ea-9f4c-b88a60e194fb,crmid:7606968507,2,7
8efead0c-7f63-11ea-a9b1-b88a60e194fb,crmid:7606968507,2,7
8f005923-7f63-11ea-a448-b88a60e194fb,crmid:7606968507,2,4
8f01e12c-7f63-11ea-8690-b88a60e194fb,crmid:7606968507,3,7
8f03678d-7f63-11ea-9d0c-b88a60e194fb,crmid:7606968507,3,9
8f058acb-7f63-11ea-b8c0-b88a60e194fb,crmid:7606968507,4,8
8f06e8d3-7f63-11ea-ac9c-b88a60e194fb,crmid:7606968507,6,5
8f090bad-7f63-11ea-84ec-b88a60e194fb,crmid:7606968507,5,2
8f0b078d-7f63-11ea-9d27-b88a60e194fb,crmid:7606968507,1,2
8f0dedb0-7f63-11ea-98b8-b88a60e194fb,crmid:7606968507,1,3
8f0f4d2f-7f63-11ea-a06d-b88a60e194fb,crmid:7606968507,9,3
8f108751-7f63-11ea-8c19-b88a60e194fb,crmid:7606968507,1,7
8f1198af-7f63-11ea-987c-b88a60e194fb,crmid:7606968507,8,8
8f136cdd-7f63-11ea-b884-b88a60e194fb,crmid:7606968507,7,3
8f14a45f-7f63-11ea-8105-b88a60e194fb,crmid:7606968507,6,4
8f1c1f92-7f63-11ea-be11-b88a60e194fb,crmid:7606968507,6,8
8f1d30cc-7f63-11ea-9968-b88a60e194fb,crmid:7606968507,6,4
8f1e9049-7f63-11ea-bc10-b88a60e194fb,crmid:7606968507,6,2
8f1fc8bd-7f63-11ea-b967-b88a60e194fb,crmid:7606968507,7,3
8f219cac-7f63-11ea-b667-b88a60e194fb,crmid:7606968507,7,1
8f234b78-7f63-11ea-84cf-b88a60e194fb,crmid:7606968507,2,2
8f252029-7f63-11ea-b60a-b88a60e194fb,crmid:7606968507,6,3
8f267fb7-7f63-11ea-a89d-b88a60e194fb,crmid:7606968507,6,7
8f280665-7f63-11ea-bc41-b88a60e194fb,crmid:7606968507,1,8
8f2a2836-7f63-11ea-b890-b88a60e194fb,crmid:7606968507,5,1
8f2bd5f1-7f63-11ea-963b-b88a60e194fb,crmid:7606968507,2,9
8f2d370b-7f63-11ea-88b4-b88a60e194fb,crmid:7606968507,6,7
8f2e9615-7f63-11ea-91d2-b88a60e194fb,crmid:7606968507,7,4
8f2ff598-7f63-11ea-b808-b88a60e194fb,crmid:7606968507,8,8
8f312e15-7f63-11ea-a3a4-b88a60e194fb,crmid:7606968507,9,7
8f32daaf-7f63-11ea-8e6d-b88a60e194fb,crmid:7606968507,9,9
8f348995-7f63-11ea-ae50-b88a60e194fb,crmid:7606968507,5,2
8f363719-7f63-11ea-bf69-b88a60e194fb,crmid:7606968507,7,6
8f3831df-7f63-11ea-b3a1-b88a60e194fb,crmid:7606968507,6,5
8f448ec0-7f63-11ea-a18d-b88a60e194fb,crmid:7606968507,5,6
8f45eda5-7f63-11ea-9c85-b88a60e194fb,crmid:7606968507,2,2
8f46ff08-7f63-11ea-b3a8-b88a60e194fb,crmid:7606968507,6,4
8f485eae-7f63-11ea-beb8-b88a60e194fb,crmid:7606968507,6,3
8f497013-7f63-11ea-8cce-b88a60e194fb,crmid:7606968507,1,2
8f4b1dcc-7f63-11ea-9d2b-b88a60e194fb,crmid:7606968507,3,9
8f4ccb5c-7f63-11ea-8a0c-b88a60e194fb,crmid:7606968507,1,9
8f4e51db-7f63-11ea-8a1d-b88a60e194fb,crmid:7606968507,8,2
8f504f93-7f63-11ea-b885-b88a60e194fb,crmid:7606968507,7,2
8f5e64ba-7f63-11ea-8fd6-b88a60e194fb,crmid:7606968507,4,5
8f5feb8b-7f63-11ea-84fd-b88a60e194fb,crmid:7606968507,6,3
8f60d5c8-7f63-11ea-b055-b88a60e194fb,crmid:7606968507,4,4
8f625b47-7f63-11ea-b8ac-b88a60e194fb,crmid:7606968507,1,6
8f640a51-7f63-11ea-a8ef-b88a60e194fb,crmid:7606968507,2,4
8f65909c-7f63-11ea-96b7-b88a60e194fb,crmid:7606968507,4,6
8f66f029-7f63-11ea-9a26-b88a60e194fb,crmid:7606968507,9,7
8f6876b4-7f63-11ea-9f37-b88a60e194fb,crmid:7606968507,9,8
8f69af53-7f63-11ea-988d-b88a60e194fb,crmid:7606968507,6,8
8f6bab77-7f63-11ea-992d-b88a60e194fb,crmid:7606968507,1,9
8f6ce3f1-7f63-11ea-a181-b88a60e194fb,crmid:7606968507,6,7
8f6e1c82-7f63-11ea-8d10-b88a60e194fb,crmid:7606968507,4,8
8f6fca04-7f63-11ea-9f79-b88a60e194fb,crmid:7606968507,1,8
8f7177ef-7f63-11ea-a1fa-b88a60e194fb,crmid:7606968507,6,8
8f72fe70-7f63-11ea-82be-b88a60e194fb,crmid:7606968507,3,7
8f745e13-7f63-11ea-8b5d-b88a60e194fb,crmid:7606968507,4,5
8f756f51-7f63-11ea-ace7-b88a60e194fb,crmid:7606968507,9,8
8f771cdf-7f63-11ea-bd45-b88a60e194fb,crmid:7606968507,8,4
8f787b53-7f63-11ea-9aff-b88a60e194fb,crmid:7606968507,1,6
8f7a026a-7f63-11ea-aa66-b88a60e194fb,crmid:7606968507,2,2
8f7b62d6-7f63-11ea-b8c2-b88a60e194fb,crmid:7606968507,9,7
8f7c9b46-7f63-11ea-aad5-b88a60e194fb,crmid:7606968507,2,8
8f7dfaea-7f63-11ea-a52e-b88a60e194fb,crmid:7606968507,3,9
8f7fa746-7f63-11ea-a80e-b88a60e194fb,crmid:7606968507,2,3
8f812fdd-7f63-11ea-8ae4-b88a60e194fb,crmid:7606968507,1,6
8f82b5cd-7f63-11ea-bf97-b88a60e194fb,crmid:7606968507,6,1
8f84155d-7f63-11ea-9b81-b88a60e194fb,crmid:7606968507,6,2
8f8526db-7f63-11ea-9c6b-b88a60e194fb,crmid:7606968507,4,2
8f865e0a-7f63-11ea-8410-b88a60e194fb,crmid:7606968507,4,5
8f880d15-7f63-11ea-8c8e-b88a60e194fb,crmid:7606968507,1,9
8f89e1dc-7f63-11ea-8530-b88a60e194fb,crmid:7606968507,9,7
8f8b1a04-7f63-11ea-9d57-b88a60e194fb,crmid:7606968507,1,7
8f8ca0e7-7f63-11ea-9a3e-b88a60e194fb,crmid:7606968507,6,8
8f904a66-7f63-11ea-99fa-b88a60e194fb,crmid:7606968507,5,8
8f91d100-7f63-11ea-89fb-b88a60e194fb,crmid:7606968507,1,7
8f93a5b5-7f63-11ea-bbb4-b88a60e194fb,crmid:7606968507,2,7
8f94dddd-7f63-11ea-ba5c-b88a60e194fb,crmid:7606968507,6,3
8f95ef4d-7f63-11ea-a8e2-b88a60e194fb,crmid:7606968507,1,2
8f9775e9-7f63-11ea-9c86-b88a60e194fb,crmid:7606968507,7,2
8f98fcae-7f63-11ea-8c8c-b88a60e194fb,crmid:7606968507,6,3
8f9a8329-7f63-11ea-b176-b88a60e194fb,crmid:7606968507,3,2
8f9be1af-7f63-11ea-aa81-b88a60e194fb,crmid:7606968507,1,7
8f9d684a-7f63-11ea-a045-b88a60e194fb,crmid:7606968507,6,7
8f9ec7e7-7f63-11ea-ab3b-b88a60e194fb,crmid:7606968507,3,7
8fa04e87-7f63-11ea-8500-b88a60e194fb,crmid:7606968507,5,3
8fabe85e-7f63-11ea-b0b7-b88a60e194fb,crmid:7606968507,2,3
8fae3287-7f63-11ea-9105-b88a60e194fb,crmid:7606968507,1,8
8faf6a31-7f63-11ea-9314-b88a60e194fb,crmid:7606968507,2,5
8fb18cb4-7f63-11ea-bbf2-b88a60e194fb,crmid:7606968507,6,1
8fb3134f-7f63-11ea-9831-b88a60e194fb,crmid:7606968507,4,6
8fb4c101-7f63-11ea-881c-b88a60e194fb,crmid:7606968507,1,7
8fb6204e-7f63-11ea-9c58-b88a60e194fb,crmid:7606968507,2,8
8fb75a53-7f63-11ea-a791-b88a60e194fb,crmid:7606968507,7,3
8fb893cc-7f63-11ea-b31c-b88a60e194fb,crmid:7606968507,8,8
8fba664b-7f63-11ea-9539-b88a60e194fb,crmid:7606968507,2,4
8fbbece5-7f63-11ea-848a-b88a60e194fb,crmid:7606968507,5,5
8fbcfe47-7f63-11ea-a599-b88a60e194fb,crmid:7606968507,6,7
8fbe5deb-7f63-11ea-81a3-b88a60e194fb,crmid:7606968507,6,7
8fbf9669-7f63-11ea-b54d-b88a60e194fb,crmid:7606968507,1,7
8fc0cef0-7f63-11ea-a9c7-b88a60e194fb,crmid:7606968507,1,9
8fc2cab9-7f63-11ea-bf86-b88a60e194fb,crmid:7606968507,8,6
8fc49f95-7f63-11ea-afea-b88a60e194fb,crmid:7606968507,5,5
8fc6eadd-7f63-11ea-85ac-b88a60e194fb,crmid:7606968507,7,2
8fc7fc26-7f63-11ea-a3d2-b88a60e194fb,crmid:7606968507,1,7
8fca44c1-7f63-11ea-9608-b88a60e194fb,crmid:7606968507,6,9
8fcc41da-7f63-11ea-8991-b88a60e194fb,crmid:7606968507,6,7
8fcdef72-7f63-11ea-a31f-b88a60e194fb,crmid:7606968507,5,8
8fcf7687-7f63-11ea-89c6-b88a60e194fb,crmid:7606968507,4,7
8fd0d59e-7f63-11ea-8cd4-b88a60e194fb,crmid:7606968507,3,9
8fd2352f-7f63-11ea-86e1-b88a60e194fb,crmid:7606968507,6,2
8fd3936f-7f63-11ea-8867-b88a60e194fb,crmid:7606968507,7,7
8fd4a4d4-7f63-11ea-bff2-b88a60e194fb,crmid:7606968507,6,4
8fd605d9-7f63-11ea-be8b-b88a60e194fb,crmid:7606968507,1,2
8fd7b387-7f63-11ea-a9a6-b88a60e194fb,crmid:7606968507,1,8
8fd986f5-7f63-11ea-a61b-b88a60e194fb,crmid:7606968507,1,2
8fdae809-7f63-11ea-83dd-b88a60e194fb,crmid:7606968507,5,6
8fdc45e7-7f63-11ea-8ef1-b88a60e194fb,crmid:7606968507,6,2
8fdda56f-7f63-11ea-8bc8-b88a60e194fb,crmid:7606968507,1,8
8fdfa139-7f63-11ea-a3b6-b88a60e194fb,crmid:7606968507,5,7
8fe15039-7f63-11ea-a539-b88a60e194fb,crmid:7606968507,4,4
8fe2afcb-7f63-11ea-ba74-b88a60e194fb,crmid:7606968507,1,7
8fe45d75-7f63-11ea-ac70-b88a60e194fb,crmid:7606968507,7,9
8fe5e40d-7f63-11ea-b6a8-b88a60e194fb,crmid:7606968507,2,2
8fe7b775-7f63-11ea-8e34-b88a60e194fb,crmid:7606968507,4,4
8fe93f92-7f63-11ea-97de-b88a60e194fb,crmid:7606968507,4,2
8fea9edf-7f63-11ea-868a-b88a60e194fb,crmid:7606968507,9,3
8ff49f15-7f63-11ea-ab3a-b88a60e194fb,crmid:7606968507,1,2
8ff673fd-7f63-11ea-8301-b88a60e194fb,crmid:7606968507,9,5
8ff7d37b-7f63-11ea-b433-b88a60e194fb,crmid:7606968507,1,7
8ff9a839-7f63-11ea-b099-b88a60e194fb,crmid:7606968507,1,7
8ffba3dd-7f63-11ea-91c4-b88a60e194fb,crmid:7606968507,5,8
8ffd0369-7f63-11ea-8967-b88a60e194fb,crmid:7606968507,9,8
9008d929-7f63-11ea-b77c-b88a60e194fb,crmid:7606968507,5,3
900a11af-7f63-11ea-bcac-b88a60e194fb,crmid:7606968507,9,7
900b2317-7f63-11ea-9b8a-b88a60e194fb,crmid:7606968507,7,8
900ca99f-7f63-11ea-8f5e-b88a60e194fb,crmid:7606968507,2,4
900e5760-7f63-11ea-88c6-b88a60e194fb,crmid:7606968507,2,2
900f9029-7f63-11ea-8246-b88a60e194fb,crmid:7606968507,2,2
90138771-7f63-11ea-9553-b88a60e194fb,crmid:7606968507,7,1
90150e14-7f63-11ea-a21c-b88a60e194fb,crmid:7606968507,4,2
90166efd-7f63-11ea-88ba-b88a60e194fb,crmid:7606968507,3,2
9018429f-7f63-11ea-86a4-b88a60e194fb,crmid:7606968507,3,7
9019a2f6-7f63-11ea-ba5d-b88a60e194fb,crmid:7606968507,6,2
901ada83-7f63-11ea-8e23-b88a60e194fb,crmid:7606968507,7,8
901c3b03-7f63-11ea-8f68-b88a60e194fb,crmid:7606968507,1,2
9024c629-7f63-11ea-865f-b88a60e194fb,crmid:7606968507,3,3
902f25d8-7f63-11ea-9a57-b88a60e194fb,crmid:7606968507,9,7
903148af-7f63-11ea-a6d2-b88a60e194fb,crmid:7606968507,2,7
90328268-7f63-11ea-958a-b88a60e194fb,crmid:7606968507,2,5
90342ecd-7f63-11ea-bfaf-b88a60e194fb,crmid:7606968507,4,3
90362bd9-7f63-11ea-95c0-b88a60e194fb,crmid:7606968507,6,4
90376309-7f63-11ea-9fe5-b88a60e194fb,crmid:7606968507,6,2
90389ce9-7f63-11ea-8700-b88a60e194fb,crmid:7606968507,1,4
9039fc88-7f63-11ea-8d7c-b88a60e194fb,crmid:7606968507,4,1
903b33bb-7f63-11ea-a616-b88a60e194fb,crmid:7606968507,3,2
903c9356-7f63-11ea-a6c2-b88a60e194fb,crmid:7606968507,1,8
903dcba5-7f63-11ea-85ca-b88a60e194fb,crmid:7606968507,6,2
904015b0-7f63-11ea-b05b-b88a60e194fb,crmid:7606968507,9,2
90414e05-7f63-11ea-8017-b88a60e194fb,crmid:7606968507,8,2
904fe07a-7f63-11ea-b744-b88a60e194fb,crmid:7606968507,2,8
9051b51f-7f63-11ea-9a87-b88a60e194fb,crmid:7606968507,1,5
905362c7-7f63-11ea-9572-b88a60e194fb,crmid:7606968507,9,9
9054c261-7f63-11ea-8f79-b88a60e194fb,crmid:7606968507,5,3
90564a38-7f63-11ea-ba6a-b88a60e194fb,crmid:7606968507,6,6
90581daf-7f63-11ea-92ba-b88a60e194fb,crmid:7606968507,4,5
90597e8d-7f63-11ea-b299-b88a60e194fb,crmid:7606968507,1,3
9065b341-7f63-11ea-904b-b88a60e194fb,crmid:7606968507,1,5
9066eba9-7f63-11ea-b7b4-b88a60e194fb,crmid:7606968507,3,1
9068725f-7f63-11ea-a0c9-b88a60e194fb,crmid:7606968507,6,4
9069f811-7f63-11ea-a163-b88a60e194fb,crmid:7606968507,9,6
906bcdff-7f63-11ea-84b3-b88a60e194fb,crmid:7606968507,1,4
906d2c5e-7f63-11ea-a064-b88a60e194fb,crmid:7606968507,8,7
906e8d58-7f63-11ea-b561-b88a60e194fb,crmid:7606968507,8,4
906fec91-7f63-11ea-b183-b88a60e194fb,crmid:7606968507,3,1
9071e770-7f63-11ea-9190-b88a60e194fb,crmid:7606968507,4,2
9072f8d9-7f63-11ea-9ca9-b88a60e194fb,crmid:7606968507,6,7
9074586e-7f63-11ea-807a-b88a60e194fb,crmid:7606968507,1,8
907590e7-7f63-11ea-a292-b88a60e194fb,crmid:7606968507,1,3
9077b3a7-7f63-11ea-9607-b88a60e194fb,crmid:7606968507,1,7
90793b3b-7f63-11ea-94bf-b88a60e194fb,crmid:7606968507,2,7
907ac107-7f63-11ea-b3e0-b88a60e194fb,crmid:7606968507,2,7
907cbdff-7f63-11ea-b790-b88a60e194fb,crmid:7606968507,5,7
907e1d93-7f63-11ea-9fe8-b88a60e194fb,crmid:7606968507,4,7
907f562c-7f63-11ea-8687-b88a60e194fb,crmid:7606968507,1,3
9080b54c-7f63-11ea-a12c-b88a60e194fb,crmid:7606968507,8,9
908261e5-7f63-11ea-aa2a-b88a60e194fb,crmid:7606968507,2,8
90839a78-7f63-11ea-a1c3-b88a60e194fb,crmid:7606968507,9,4
90854933-7f63-11ea-bc36-b88a60e194fb,crmid:7606968507,8,7
9086a849-7f63-11ea-ac1d-b88a60e194fb,crmid:7606968507,3,3
90917f68-7f63-11ea-8281-b88a60e194fb,crmid:7606968507,5,8
9092dca7-7f63-11ea-8780-b88a60e194fb,crmid:7606968507,2,4
90941629-7f63-11ea-8d11-b88a60e194fb,crmid:7606968507,2,4
909dce19-7f63-11ea-bd73-b88a60e194fb,crmid:7606968507,1,1
909f561b-7f63-11ea-816a-b88a60e194fb,crmid:7606968507,3,8
90a0b45a-7f63-11ea-9d30-b88a60e194fb,crmid:7606968507,4,3
