id,crmid,propensity_account_upgrade,propensity_premium
f8e287f9-7a33-11ea-90d8-b88a60e194fb,crmid:4429982108,5,4
f8e40f97-7a33-11ea-a5b7-b88a60e194fb,crmid:4429982108,6,3
f8e595df-7a33-11ea-a2ea-b88a60e194fb,crmid:4429982108,4,7
f8e79203-7a33-11ea-a908-b88a60e194fb,crmid:4429982108,2,2
f8e966ce-7a33-11ea-840c-b88a60e194fb,crmid:4429982108,1,8
f8eb3a77-7a33-11ea-ad27-b88a60e194fb,crmid:4429982108,3,8
f8ed846f-7a33-11ea-99f5-b88a60e194fb,crmid:4429982108,3,4
f8eee3f5-7a33-11ea-9d61-b88a60e194fb,crmid:4429982108,1,5
f8f09178-7a33-11ea-afa3-b88a60e194fb,crmid:4429982108,3,7
f8f1f23a-7a33-11ea-a6ba-b88a60e194fb,crmid:4429982108,6,3
f8f39f03-7a33-11ea-8378-b88a60e194fb,crmid:4429982108,5,7
f8f5c1e2-7a33-11ea-ba2b-b88a60e194fb,crmid:4429982108,7,5
f8f6fa4b-7a33-11ea-8c2f-b88a60e194fb,crmid:4429982108,7,8
f8f9451c-7a33-11ea-8f9b-b88a60e194fb,crmid:4429982108,4,7
f8fb19f1-7a33-11ea-a616-b88a60e194fb,crmid:4429982108,4,7
f8fc7877-7a33-11ea-bfc4-b88a60e194fb,crmid:4429982108,3,8
f8fe759f-7a33-11ea-a42a-b88a60e194fb,crmid:4429982108,7,7
f90048f2-7a33-11ea-8ba0-b88a60e194fb,crmid:4429982108,4,7
f901f6a5-7a33-11ea-96b1-b88a60e194fb,crmid:4429982108,6,1
f903a493-7a33-11ea-9534-b88a60e194fb,crmid:4429982108,6,3
f9052b1d-7a33-11ea-80a2-b88a60e194fb,crmid:4429982108,5,1
f906639b-7a33-11ea-b1dc-b88a60e194fb,crmid:4429982108,9,3
f9085f66-7a33-11ea-a206-b88a60e194fb,crmid:4429982108,2,5
f909beb5-7a33-11ea-99ea-b88a60e194fb,crmid:4429982108,5,1
f90c7de5-7a33-11ea-85f6-b88a60e194fb,crmid:4429982108,1,3
f90d8f51-7a33-11ea-94ad-b88a60e194fb,crmid:4429982108,1,3
f90f15ee-7a33-11ea-bddb-b88a60e194fb,crmid:4429982108,1,8
f910eac3-7a33-11ea-a687-b88a60e194fb,crmid:4429982108,2,2
f912c079-7a33-11ea-8803-b88a60e194fb,crmid:4429982108,1,8
f914461c-7a33-11ea-b247-b88a60e194fb,crmid:4429982108,6,4
f915a6f9-7a33-11ea-82d1-b88a60e194fb,crmid:4429982108,8,4
f9177a87-7a33-11ea-a091-b88a60e194fb,crmid:4429982108,6,1
f9194f43-7a33-11ea-9fb4-b88a60e194fb,crmid:4429982108,1,3
f91aaed3-7a33-11ea-a19e-b88a60e194fb,crmid:4429982108,4,8
f91c837e-7a33-11ea-8540-b88a60e194fb,crmid:4429982108,4,3
f91e597b-7a33-11ea-86cf-b88a60e194fb,crmid:4429982108,9,7
f91fb902-7a33-11ea-acf2-b88a60e194fb,crmid:4429982108,2,6
f9218de7-7a33-11ea-8762-b88a60e194fb,crmid:4429982108,4,7
f9233b74-7a33-11ea-9510-b88a60e194fb,crmid:4429982108,9,5
f924c222-7a33-11ea-a5fa-b88a60e194fb,crmid:4429982108,6,6
f926959f-7a33-11ea-8c7e-b88a60e194fb,crmid:4429982108,1,1
f9281d03-7a33-11ea-9ceb-b88a60e194fb,crmid:4429982108,9,8
f929c9ec-7a33-11ea-ad3c-b88a60e194fb,crmid:4429982108,1,8
f92b51cd-7a33-11ea-9859-b88a60e194fb,crmid:4429982108,2,8
f92cd725-7a33-11ea-84cc-b88a60e194fb,crmid:4429982108,9,4
f92ed443-7a33-11ea-b7ca-b88a60e194fb,crmid:4429982108,2,7
f930ce98-7a33-11ea-9f9d-b88a60e194fb,crmid:4429982108,2,4
f93207d9-7a33-11ea-b295-b88a60e194fb,crmid:4429982108,1,6
f933dd64-7a33-11ea-a3bc-b88a60e194fb,crmid:4429982108,1,4
f9353b93-7a33-11ea-92a2-b88a60e194fb,crmid:4429982108,6,1
f9367414-7a33-11ea-8a51-b88a60e194fb,crmid:4429982108,1,9
f937faaa-7a33-11ea-8be8-b88a60e194fb,crmid:4429982108,2,7
f939814d-7a33-11ea-9e11-b88a60e194fb,crmid:4429982108,9,7
f93b07e5-7a33-11ea-b240-b88a60e194fb,crmid:4429982108,1,8
f93c406d-7a33-11ea-a37d-b88a60e194fb,crmid:4429982108,4,4
f93e3c31-7a33-11ea-b4ba-b88a60e194fb,crmid:4429982108,2,5
f94011be-7a33-11ea-83e4-b88a60e194fb,crmid:4429982108,2,2
f941495b-7a33-11ea-9570-b88a60e194fb,crmid:4429982108,1,8
f943ba47-7a33-11ea-aa64-b88a60e194fb,crmid:4429982108,1,8
f9451b3b-7a33-11ea-9c2c-b88a60e194fb,crmid:4429982108,1,7
f9471607-7a33-11ea-a7f5-b88a60e194fb,crmid:4429982108,1,9
f948c339-7a33-11ea-9ae9-b88a60e194fb,crmid:4429982108,7,8
f94bd087-7a33-11ea-a995-b88a60e194fb,crmid:4429982108,9,4
f94dcc40-7a33-11ea-b7b3-b88a60e194fb,crmid:4429982108,2,4
f94f53a3-7a33-11ea-9a23-b88a60e194fb,crmid:4429982108,2,4
f951c3df-7a33-11ea-9bc8-b88a60e194fb,crmid:4429982108,1,7
f952fcd5-7a33-11ea-a59b-b88a60e194fb,crmid:4429982108,2,7
f954f860-7a33-11ea-97e4-b88a60e194fb,crmid:4429982108,1,6
f956cce7-7a33-11ea-81c9-b88a60e194fb,crmid:4429982108,9,4
f9587ab5-7a33-11ea-b4dc-b88a60e194fb,crmid:4429982108,5,1
f95a024b-7a33-11ea-a47c-b88a60e194fb,crmid:4429982108,6,6
f95bd609-7a33-11ea-9780-b88a60e194fb,crmid:4429982108,2,1
f95dfa66-7a33-11ea-9b86-b88a60e194fb,crmid:4429982108,4,2
f95f0c73-7a33-11ea-852b-b88a60e194fb,crmid:4429982108,2,5
f960b827-7a33-11ea-90e0-b88a60e194fb,crmid:4429982108,4,7
f9628d00-7a33-11ea-a95a-b88a60e194fb,crmid:4429982108,4,9
f96461a5-7a33-11ea-92d0-b88a60e194fb,crmid:4429982108,7,7
f968f57d-7a33-11ea-b262-b88a60e194fb,crmid:4429982108,3,7
f96a551c-7a33-11ea-acd4-b88a60e194fb,crmid:4429982108,6,7
f96c2bfe-7a33-11ea-8ee1-b88a60e194fb,crmid:4429982108,7,8
f96db19b-7a33-11ea-8d45-b88a60e194fb,crmid:4429982108,3,9
f96f36d3-7a33-11ea-9c2e-b88a60e194fb,crmid:4429982108,2,2
f97133b5-7a33-11ea-99c2-b88a60e194fb,crmid:4429982108,3,3
f972e169-7a33-11ea-9fb9-b88a60e194fb,crmid:4429982108,2,5
f97503ff-7a33-11ea-951d-b88a60e194fb,crmid:4429982108,9,7
f9770025-7a33-11ea-968d-b88a60e194fb,crmid:4429982108,6,3
f978d4e8-7a33-11ea-b4ba-b88a60e194fb,crmid:4429982108,7,7
f97a8299-7a33-11ea-a383-b88a60e194fb,crmid:4429982108,1,3
f97ca552-7a33-11ea-83b5-b88a60e194fb,crmid:4429982108,3,8
f97db6de-7a33-11ea-be99-b88a60e194fb,crmid:4429982108,7,9
f97f8ae8-7a33-11ea-8344-b88a60e194fb,crmid:4429982108,8,3
f981112f-7a33-11ea-a980-b88a60e194fb,crmid:4429982108,3,2
f982228c-7a33-11ea-97e6-b88a60e194fb,crmid:4429982108,6,9
f983d139-7a33-11ea-9a72-b88a60e194fb,crmid:4429982108,4,9
f985311d-7a33-11ea-a1b3-b88a60e194fb,crmid:4429982108,6,8
f9872b77-7a33-11ea-87ac-b88a60e194fb,crmid:4429982108,1,6
f988daa1-7a33-11ea-918f-b88a60e194fb,crmid:4429982108,4,7
f98a12c3-7a33-11ea-9e43-b88a60e194fb,crmid:4429982108,4,3
f98b9893-7a33-11ea-a006-b88a60e194fb,crmid:4429982108,3,5
f98d944f-7a33-11ea-93eb-b88a60e194fb,crmid:4429982108,3,3
f98f41cb-7a33-11ea-82f9-b88a60e194fb,crmid:4429982108,3,2
f990ef77-7a33-11ea-9948-b88a60e194fb,crmid:4429982108,6,4
f992eb43-7a33-11ea-82cd-b88a60e194fb,crmid:4429982108,6,7
f9944add-7a33-11ea-82e8-b88a60e194fb,crmid:4429982108,3,7
f995aa6e-7a33-11ea-a6c1-b88a60e194fb,crmid:4429982108,2,2
f9977f34-7a33-11ea-bf30-b88a60e194fb,crmid:4429982108,3,7
f998b7b1-7a33-11ea-938d-b88a60e194fb,crmid:4429982108,2,6
f99a3e5b-7a33-11ea-9dd8-b88a60e194fb,crmid:4429982108,4,9
f99c6119-7a33-11ea-8e5a-b88a60e194fb,crmid:4429982108,9,3
f99de7ee-7a33-11ea-8e5e-b88a60e194fb,crmid:4429982108,4,5
f99f95a7-7a33-11ea-86f0-b88a60e194fb,crmid:4429982108,3,8
f9a14348-7a33-11ea-ba52-b88a60e194fb,crmid:4429982108,2,7
f9a2a3f0-7a33-11ea-b1d7-b88a60e194fb,crmid:4429982108,7,7
f9a45069-7a33-11ea-9785-b88a60e194fb,crmid:4429982108,8,2
f9a5d78b-7a33-11ea-8053-b88a60e194fb,crmid:4429982108,8,2
f9a75d8d-7a33-11ea-9e88-b88a60e194fb,crmid:4429982108,1,8
f9a95965-7a33-11ea-ac2b-b88a60e194fb,crmid:4429982108,1,7
f9ab7d19-7a33-11ea-ba43-b88a60e194fb,crmid:4429982108,4,7
f9aded27-7a33-11ea-8f3e-b88a60e194fb,crmid:4429982108,2,7
f9b0ac69-7a33-11ea-bf40-b88a60e194fb,crmid:4429982108,5,2
f9b2810f-7a33-11ea-b2c6-b88a60e194fb,crmid:4429982108,2,7
f9b42ec3-7a33-11ea-8c7b-b88a60e194fb,crmid:4429982108,4,3
f9b6037b-7a33-11ea-9cf3-b88a60e194fb,crmid:4429982108,5,9
f9b7b1bb-7a33-11ea-88ed-b88a60e194fb,crmid:4429982108,4,8
f9b985dd-7a33-11ea-ab6a-b88a60e194fb,crmid:4429982108,2,8
f9bb5abb-7a33-11ea-9133-b88a60e194fb,crmid:4429982108,3,9
f9bd5678-7a33-11ea-bd62-b88a60e194fb,crmid:4429982108,4,2
f9beb613-7a33-11ea-bf8a-b88a60e194fb,crmid:4429982108,2,2
f9c063d3-7a33-11ea-9920-b88a60e194fb,crmid:4429982108,3,3
f9c21155-7a33-11ea-98f8-b88a60e194fb,crmid:4429982108,5,9
f9c3e69b-7a33-11ea-9846-b88a60e194fb,crmid:4429982108,6,3
f9c593cb-7a33-11ea-9946-b88a60e194fb,crmid:4429982108,8,7
f9c74173-7a33-11ea-93be-b88a60e194fb,crmid:4429982108,7,4
f9c8c801-7a33-11ea-a7ff-b88a60e194fb,crmid:4429982108,1,8
f9cb11fb-7a33-11ea-a29e-b88a60e194fb,crmid:4429982108,3,2
f9cdaa01-7a33-11ea-8cef-b88a60e194fb,crmid:4429982108,3,3
f9cfccdd-7a33-11ea-accd-b88a60e194fb,crmid:4429982108,3,7
f9d1a1a5-7a33-11ea-aa2c-b88a60e194fb,crmid:4429982108,1,7
f9d3283b-7a33-11ea-b00e-b88a60e194fb,crmid:4429982108,3,3
f9d4d5fd-7a33-11ea-aa67-b88a60e194fb,crmid:4429982108,9,6
f9d6d1dd-7a33-11ea-928e-b88a60e194fb,crmid:4429982108,3,7
f9d8cdb2-7a33-11ea-8014-b88a60e194fb,crmid:4429982108,7,8
f9daa3cb-7a33-11ea-8e99-b88a60e194fb,crmid:4429982108,1,6
f9dbdabd-7a33-11ea-a3b9-b88a60e194fb,crmid:4429982108,1,7
f9dd615f-7a33-11ea-a079-b88a60e194fb,crmid:4429982108,6,5
f9df0f0c-7a33-11ea-a9f3-b88a60e194fb,crmid:4429982108,5,3
f9e0e3df-7a33-11ea-babe-b88a60e194fb,crmid:4429982108,1,4
f9e331a9-7a33-11ea-99e8-b88a60e194fb,crmid:4429982108,3,8
f9e5ecec-7a33-11ea-b5e6-b88a60e194fb,crmid:4429982108,9,5
f9e79a90-7a33-11ea-8819-b88a60e194fb,crmid:4429982108,9,9
f9e8fa25-7a33-11ea-a667-b88a60e194fb,crmid:4429982108,4,7
f9eb6b1c-7a33-11ea-9909-b88a60e194fb,crmid:4429982108,1,5
f9ed1945-7a33-11ea-ab17-b88a60e194fb,crmid:4429982108,1,6
f9ef149d-7a33-11ea-8f47-b88a60e194fb,crmid:4429982108,7,7
f9f18590-7a33-11ea-b969-b88a60e194fb,crmid:4429982108,1,7
f9f38171-7a33-11ea-8ec1-b88a60e194fb,crmid:4429982108,7,7
f9f507f5-7a33-11ea-b5f8-b88a60e194fb,crmid:4429982108,2,3
f9f703b7-7a33-11ea-b3aa-b88a60e194fb,crmid:4429982108,3,3
f9f88a70-7a33-11ea-9cfd-b88a60e194fb,crmid:4429982108,7,7
f9f9e9e5-7a33-11ea-81c8-b88a60e194fb,crmid:4429982108,3,7
f9fafc06-7a33-11ea-9419-b88a60e194fb,crmid:4429982108,3,4
f9fcf724-7a33-11ea-9135-b88a60e194fb,crmid:4429982108,9,6
f9ff1a2f-7a33-11ea-a11b-b88a60e194fb,crmid:4429982108,4,3
fa00c7ab-7a33-11ea-b397-b88a60e194fb,crmid:4429982108,7,3
fa022739-7a33-11ea-9770-b88a60e194fb,crmid:4429982108,4,9
fa03fbfa-7a33-11ea-b0b0-b88a60e194fb,crmid:4429982108,2,4
fa05a9a2-7a33-11ea-8bf4-b88a60e194fb,crmid:4429982108,3,7
fa070948-7a33-11ea-a81f-b88a60e194fb,crmid:4429982108,5,7
fa088fd1-7a33-11ea-b79d-b88a60e194fb,crmid:4429982108,2,3
fa09ef68-7a33-11ea-b43c-b88a60e194fb,crmid:4429982108,1,7
fa0b76a4-7a33-11ea-86a0-b88a60e194fb,crmid:4429982108,4,7
fa0d2413-7a33-11ea-9e1f-b88a60e194fb,crmid:4429982108,7,7
fa0f1f88-7a33-11ea-a0eb-b88a60e194fb,crmid:4429982108,2,3
fa10a6a5-7a33-11ea-975a-b88a60e194fb,crmid:4429982108,8,8
fa127af5-7a33-11ea-a6a4-b88a60e194fb,crmid:4429982108,8,3
fa144fb9-7a33-11ea-b1ec-b88a60e194fb,crmid:4429982108,3,7
fa15af53-7a33-11ea-896d-b88a60e194fb,crmid:4429982108,7,2
fa17360d-7a33-11ea-a3a8-b88a60e194fb,crmid:4429982108,5,8
fa189615-7a33-11ea-9707-b88a60e194fb,crmid:4429982108,1,2
fa1a6a5b-7a33-11ea-9287-b88a60e194fb,crmid:4429982108,8,2
fa1c4044-7a33-11ea-a9f5-b88a60e194fb,crmid:4429982108,7,3
fa1e62fd-7a33-11ea-8746-b88a60e194fb,crmid:4429982108,4,9
fa1fc161-7a33-11ea-9720-b88a60e194fb,crmid:4429982108,2,8
fa21bdb4-7a33-11ea-a4d0-b88a60e194fb,crmid:4429982108,7,7
fa23dfed-7a33-11ea-adc0-b88a60e194fb,crmid:4429982108,3,1
fa256685-7a33-11ea-a72c-b88a60e194fb,crmid:4429982108,4,6
fa273cb1-7a33-11ea-81c1-b88a60e194fb,crmid:4429982108,7,8
fa28c1f5-7a33-11ea-b38c-b88a60e194fb,crmid:4429982108,6,9
fa2ba829-7a33-11ea-89ad-b88a60e194fb,crmid:4429982108,7,7
fa2d55d1-7a33-11ea-a3a2-b88a60e194fb,crmid:4429982108,2,7
fa2f0369-7a33-11ea-b301-b88a60e194fb,crmid:4429982108,5,5
fa303c29-7a33-11ea-87c1-b88a60e194fb,crmid:4429982108,6,8
fa31e99b-7a33-11ea-9099-b88a60e194fb,crmid:4429982108,6,7
fa340d8e-7a33-11ea-8c14-b88a60e194fb,crmid:4429982108,4,4
fa360842-7a33-11ea-bcf8-b88a60e194fb,crmid:4429982108,9,9
fa37b678-7a33-11ea-90de-b88a60e194fb,crmid:4429982108,4,7
fa398adf-7a33-11ea-90b1-b88a60e194fb,crmid:4429982108,9,1
fa3b5f69-7a33-11ea-b1f6-b88a60e194fb,crmid:4429982108,4,7
fa3d3435-7a33-11ea-b12f-b88a60e194fb,crmid:4429982108,2,4
fa3ee2ef-7a33-11ea-b34a-b88a60e194fb,crmid:4429982108,2,7
