id,crmid,propensity_premium,propensity_high_speed
adee7ff6-83cc-11ea-bda3-b88a60e194fb,crmid:8625429496,8,4
adefde7e-83cc-11ea-b787-b88a60e194fb,crmid:9881640944,8,5
adf1650c-83cc-11ea-9d59-b88a60e194fb,crmid:3620183504,4,8
adf339fa-83cc-11ea-bb79-b88a60e194fb,crmid:2930723610,2,8
adf4e7a8-83cc-11ea-87cf-b88a60e194fb,crmid:7565365240,4,8
adf66e3e-83cc-11ea-b959-b88a60e194fb,crmid:5074083372,4,8
adf81d5c-83cc-11ea-be38-b88a60e194fb,crmid:8349886734,8,1
adf9f0ac-83cc-11ea-9e2a-b88a60e194fb,crmid:8922475437,4,8
adfbc6ca-83cc-11ea-85c7-b88a60e194fb,crmid:3145242574,7,5
adfdc224-83cc-11ea-a6a8-b88a60e194fb,crmid:8506599851,5,7
adff6ee2-83cc-11ea-8b98-b88a60e194fb,crmid:8122178206,4,8
ae016ade-83cc-11ea-88b8-b88a60e194fb,crmid:7002918799,7,3
ae034002-83cc-11ea-8262-b88a60e194fb,crmid:6141166426,9,4
ae053b36-83cc-11ea-9ec7-b88a60e194fb,crmid:2097330584,7,5
ae070fe8-83cc-11ea-b469-b88a60e194fb,crmid:3005667751,3,9
ae089682-83cc-11ea-afe0-b88a60e194fb,crmid:5456318542,4,10
ae0a442c-83cc-11ea-8c70-b88a60e194fb,crmid:4366708211,8,5
ae0bf366-83cc-11ea-8db8-b88a60e194fb,crmid:1648941441,8,3
ae0da11a-83cc-11ea-8de1-b88a60e194fb,crmid:7774254451,4,9
ae0f7452-83cc-11ea-b2a2-b88a60e194fb,crmid:2915730828,8,5
ae13ba1e-83cc-11ea-9805-b88a60e194fb,crmid:5525685299,3,8
ae15681e-83cc-11ea-8bba-b88a60e194fb,crmid:4894736847,9,3
ae1716cc-83cc-11ea-8a31-b88a60e194fb,crmid:6529041660,3,9
ae18eb8a-83cc-11ea-a4ee-b88a60e194fb,crmid:6926622419,9,3
ae1ae60c-83cc-11ea-87db-b88a60e194fb,crmid:5171588392,5,7
ae1c46f6-83cc-11ea-95b8-b88a60e194fb,crmid:7199220875,9,4
ae223936-83cc-11ea-838b-b88a60e194fb,crmid:6370788133,9,4
ae23c106-83cc-11ea-8370-b88a60e194fb,crmid:9201097607,4,9
ae259476-83cc-11ea-ab22-b88a60e194fb,crmid:7647574728,8,3
ae26cce4-83cc-11ea-8edb-b88a60e194fb,crmid:8433861808,7,3
ae28ca0c-83cc-11ea-af57-b88a60e194fb,crmid:7600932889,5,7
ae2a9ec8-83cc-11ea-af6d-b88a60e194fb,crmid:9454388486,3,6
ae2bfe64-83cc-11ea-8cee-b88a60e194fb,crmid:6628016424,9,4
ae2dd302-83cc-11ea-8107-b88a60e194fb,crmid:4235103779,9,5
ae2fa7e2-83cc-11ea-8cff-b88a60e194fb,crmid:1774081958,7,4
ae315574-83cc-11ea-8705-b88a60e194fb,crmid:3427258965,4,7
ae330324-83cc-11ea-92e7-b88a60e194fb,crmid:5924917372,6,4
ae34886c-83cc-11ea-9042-b88a60e194fb,crmid:1966836822,4,8
ae36379a-83cc-11ea-9926-b88a60e194fb,crmid:9623587267,4,9
ae3d6218-83cc-11ea-900e-b88a60e194fb,crmid:9702465040,3,8
ae3ee8b6-83cc-11ea-a933-b88a60e194fb,crmid:6408724628,4,7
ae409662-83cc-11ea-829a-b88a60e194fb,crmid:1945362861,6,3
ae4243fe-83cc-11ea-8aba-b88a60e194fb,crmid:3599277225,7,4
ae44dd0a-83cc-11ea-8402-b88a60e194fb,crmid:2515807834,6,3
ae46d958-83cc-11ea-871a-b88a60e194fb,crmid:3970110780,8,4
ae485eae-83cc-11ea-861e-b88a60e194fb,crmid:6947188438,8,3
ae4a33be-83cc-11ea-9a1a-b88a60e194fb,crmid:1498996635,9,2
ae4be0d4-83cc-11ea-a745-b88a60e194fb,crmid:6572433892,8,4
ae4d6780-83cc-11ea-9aa5-b88a60e194fb,crmid:7880724822,7,6
ae4f168a-83cc-11ea-ac63-b88a60e194fb,crmid:1265555762,3,9
ae50c442-83cc-11ea-8433-b88a60e194fb,crmid:1140187815,8,5
ae527078-83cc-11ea-aea3-b88a60e194fb,crmid:6971791984,3,9
ae541fa6-83cc-11ea-a222-b88a60e194fb,crmid:4195045119,6,9
ae55cbee-83cc-11ea-b3c7-b88a60e194fb,crmid:8681141871,3,7
ae57a0ec-83cc-11ea-b648-b88a60e194fb,crmid:4144543057,7,5
ae5928b0-83cc-11ea-93de-b88a60e194fb,crmid:3760785350,4,7
ae5b725c-83cc-11ea-8fde-b88a60e194fb,crmid:9850830472,8,4
ae5d45e6-83cc-11ea-953d-b88a60e194fb,crmid:4090757834,3,8
ae5ef500-83cc-11ea-bc8b-b88a60e194fb,crmid:9719920911,8,4
ae60a2ba-83cc-11ea-9ceb-b88a60e194fb,crmid:3505917786,8,5
ae627828-83cc-11ea-a7da-b88a60e194fb,crmid:3303843265,4,8
ae63d580-83cc-11ea-bbbe-b88a60e194fb,crmid:7865965837,7,2
ae65f928-83cc-11ea-81a2-b88a60e194fb,crmid:8800806078,8,5
ae67a792-83cc-11ea-b8a8-b88a60e194fb,crmid:3034837100,8,5
ae692e26-83cc-11ea-beb7-b88a60e194fb,crmid:1309245162,10,3
ae6b0324-83cc-11ea-b8e5-b88a60e194fb,crmid:5004027283,9,4
ae6cd648-83cc-11ea-a25d-b88a60e194fb,crmid:7594195693,2,8
ae6e3748-83cc-11ea-80ee-b88a60e194fb,crmid:7616433271,8,4
ae700bee-83cc-11ea-8aaa-b88a60e194fb,crmid:4315061389,6,9
ae71b9b4-83cc-11ea-ae97-b88a60e194fb,crmid:8486236509,3,9
ae7317d0-83cc-11ea-9374-b88a60e194fb,crmid:4435897573,4,8
ae75138c-83cc-11ea-bb28-b88a60e194fb,crmid:2602036888,5,8
ae790b4a-83cc-11ea-847d-b88a60e194fb,crmid:2881438175,8,5
ae7a6c46-83cc-11ea-88b1-b88a60e194fb,crmid:1748763161,4,8
ae7c40ec-83cc-11ea-bd41-b88a60e194fb,crmid:4798906394,10,3
ae7dc66e-83cc-11ea-9b05-b88a60e194fb,crmid:3093964031,7,3
ae7f4e48-83cc-11ea-8ea1-b88a60e194fb,crmid:9019041812,7,6
ae80fa8c-83cc-11ea-bb54-b88a60e194fb,crmid:3662381860,3,9
ae82cf2e-83cc-11ea-9442-b88a60e194fb,crmid:1342651071,7,3
ae847e5e-83cc-11ea-92da-b88a60e194fb,crmid:2798024353,4,9
ae862be2-83cc-11ea-9b02-b88a60e194fb,crmid:3549980550,4,8
ae87b13a-83cc-11ea-8b04-b88a60e194fb,crmid:6574598360,4,6
ae896054-83cc-11ea-ae0a-b88a60e194fb,crmid:2690421348,6,6
ae8b5ab4-83cc-11ea-a0bc-b88a60e194fb,crmid:3163103363,3,9
ae8d0894-83cc-11ea-8783-b88a60e194fb,crmid:7591326712,7,5
ae8e904c-83cc-11ea-b3bb-b88a60e194fb,crmid:4644948107,9,4
ae903e08-83cc-11ea-bb5e-b88a60e194fb,crmid:8681378876,7,4
ae91c4ba-83cc-11ea-bb43-b88a60e194fb,crmid:2365668382,8,4
ae939918-83cc-11ea-b9ac-b88a60e194fb,crmid:9638304279,5,9
ae9546a4-83cc-11ea-afb0-b88a60e194fb,crmid:3271258399,4,9
ae96cd8a-83cc-11ea-b716-b88a60e194fb,crmid:4188235206,3,8
ae98a2a4-83cc-11ea-9d6f-b88a60e194fb,crmid:5032788452,6,8
ae9a4ef4-83cc-11ea-a172-b88a60e194fb,crmid:1330709185,4,8
ae9cbfc6-83cc-11ea-972c-b88a60e194fb,crmid:5840840622,9,5
ae9e4650-83cc-11ea-8809-b88a60e194fb,crmid:5541955895,4,8
ae9ff3fa-83cc-11ea-8c1a-b88a60e194fb,crmid:4737399710,4,9
aea1a1b4-83cc-11ea-ab36-b88a60e194fb,crmid:8824322544,9,4
aea329b8-83cc-11ea-b319-b88a60e194fb,crmid:2491950277,5,4
aea4b05c-83cc-11ea-ae19-b88a60e194fb,crmid:7292783251,10,3
aea6100c-83cc-11ea-9d16-b88a60e194fb,crmid:3288371964,8,4
aea7e446-83cc-11ea-8370-b88a60e194fb,crmid:5568560538,3,9
aea99208-83cc-11ea-9b7f-b88a60e194fb,crmid:1575359474,10,5
aeab1900-83cc-11ea-a346-b88a60e194fb,crmid:2037205312,5,7
aeac9fac-83cc-11ea-8813-b88a60e194fb,crmid:5942655105,5,8
aeae9c1e-83cc-11ea-a2df-b88a60e194fb,crmid:6693020813,4,7
aeaffaf0-83cc-11ea-b1fc-b88a60e194fb,crmid:9069282927,3,7
aeb18040-83cc-11ea-b7a8-b88a60e194fb,crmid:9534804645,4,9
aeb32e0a-83cc-11ea-b443-b88a60e194fb,crmid:4943708242,4,9
aeb4b48a-83cc-11ea-8f7c-b88a60e194fb,crmid:9238887931,4,9
aeb6894a-83cc-11ea-b70c-b88a60e194fb,crmid:4931848886,8,3
aeb80ff4-83cc-11ea-8fd2-b88a60e194fb,crmid:8925628637,5,7
aeb9e4a4-83cc-11ea-81dc-b88a60e194fb,crmid:6649682012,3,8
aebbb968-83cc-11ea-a674-b88a60e194fb,crmid:9287203553,6,8
aebd4064-83cc-11ea-85b1-b88a60e194fb,crmid:7816307658,9,4
aebec80c-83cc-11ea-9920-b88a60e194fb,crmid:6065964074,9,4
aec0c3b4-83cc-11ea-9b5f-b88a60e194fb,crmid:5555721847,4,7
aec22350-83cc-11ea-b5e3-b88a60e194fb,crmid:7414767894,7,4
aec3d0ee-83cc-11ea-b21b-b88a60e194fb,crmid:6816237463,8,3
aec57d6e-83cc-11ea-b605-b88a60e194fb,crmid:3882055491,7,3
aec703fa-83cc-11ea-95cb-b88a60e194fb,crmid:6709063459,8,3
aec8ffae-83cc-11ea-98fb-b88a60e194fb,crmid:6396154993,2,7
aeca865a-83cc-11ea-8a4a-b88a60e194fb,crmid:8263486095,4,8
aecc0ce6-83cc-11ea-8dfd-b88a60e194fb,crmid:8082720735,5,9
aecde1a4-83cc-11ea-a825-b88a60e194fb,crmid:5324477413,3,9
aecfb66e-83cc-11ea-b304-b88a60e194fb,crmid:5338269555,6,10
aed1641c-83cc-11ea-8f93-b88a60e194fb,crmid:3854696777,5,10
aed338e4-83cc-11ea-b77e-b88a60e194fb,crmid:7147203643,5,9
aed4bf80-83cc-11ea-9cf0-b88a60e194fb,crmid:4660203945,4,8
aed6461e-83cc-11ea-a606-b88a60e194fb,crmid:5403345692,3,9
aed81b02-83cc-11ea-b453-b88a60e194fb,crmid:1950702494,4,7
aed9c8b8-83cc-11ea-bef7-b88a60e194fb,crmid:3768240281,5,8
aedb2830-83cc-11ea-998f-b88a60e194fb,crmid:2576041118,4,7
aedd9912-83cc-11ea-aae1-b88a60e194fb,crmid:5235623338,9,5
aedfe486-83cc-11ea-a5f9-b88a60e194fb,crmid:1463923040,8,4
aee1920a-83cc-11ea-b0dc-b88a60e194fb,crmid:8885987848,8,3
aee318da-83cc-11ea-8b1d-b88a60e194fb,crmid:7650797511,9,4
aee4ed80-83cc-11ea-90a1-b88a60e194fb,crmid:9706898664,5,8
aee6733a-83cc-11ea-b681-b88a60e194fb,crmid:8011901441,8,6
aee821ee-83cc-11ea-9244-b88a60e194fb,crmid:3292831797,8,4
aee9cf66-83cc-11ea-a1ca-b88a60e194fb,crmid:1856597217,7,4
aeebca94-83cc-11ea-8d81-b88a60e194fb,crmid:2907624955,9,4
aeed297a-83cc-11ea-896f-b88a60e194fb,crmid:3039674621,8,5
aeeefe38-83cc-11ea-9544-b88a60e194fb,crmid:5625239303,6,4
aef0abf8-83cc-11ea-9a96-b88a60e194fb,crmid:1388665049,8,3
aef20b78-83cc-11ea-b7ad-b88a60e194fb,crmid:3976137014,3,7
aef3e034-83cc-11ea-a7c3-b88a60e194fb,crmid:2454229357,9,3
aef7d7f4-83cc-11ea-a8eb-b88a60e194fb,crmid:4312067723,3,10
aef95fd8-83cc-11ea-a8c6-b88a60e194fb,crmid:2508862317,8,4
aefb353e-83cc-11ea-bf80-b88a60e194fb,crmid:7744283510,4,9
aefc9418-83cc-11ea-b492-b88a60e194fb,crmid:6731253740,6,7
aefe8ff6-83cc-11ea-8963-b88a60e194fb,crmid:8281027173,3,7
af003d80-83cc-11ea-a8ee-b88a60e194fb,crmid:2825644860,3,9
af01c440-83cc-11ea-9e33-b88a60e194fb,crmid:3395232035,9,3
af034ac2-83cc-11ea-9094-b88a60e194fb,crmid:2100293795,2,8
af0546dc-83cc-11ea-8bb8-b88a60e194fb,crmid:4621640438,7,3
af06cd36-83cc-11ea-82a9-b88a60e194fb,crmid:2972701150,5,7
af087ade-83cc-11ea-822e-b88a60e194fb,crmid:1878858884,9,3
af0a5058-83cc-11ea-a6e3-b88a60e194fb,crmid:7003982852,8,4
af0bd652-83cc-11ea-a12f-b88a60e194fb,crmid:8197612052,9,3
af0dab0a-83cc-11ea-aecf-b88a60e194fb,crmid:1969681065,8,5
af0f0b64-83cc-11ea-a33a-b88a60e194fb,crmid:1785294894,7,5
af109134-83cc-11ea-b395-b88a60e194fb,crmid:9885816195,7,5
af121818-83cc-11ea-96c7-b88a60e194fb,crmid:5754251531,5,7
af13c454-83cc-11ea-9a82-b88a60e194fb,crmid:5482459470,8,3
af157326-83cc-11ea-a07a-b88a60e194fb,crmid:1798428018,8,4
af1720d2-83cc-11ea-b3fd-b88a60e194fb,crmid:7535133334,8,5
af18a77e-83cc-11ea-a79d-b88a60e194fb,crmid:3040296638,9,4
af1a5524-83cc-11ea-b14e-b88a60e194fb,crmid:4846967474,8,4
af1bb368-83cc-11ea-b06e-b88a60e194fb,crmid:6736126501,7,5
af1d143e-83cc-11ea-b38f-b88a60e194fb,crmid:5525802401,4,7
af1ec112-83cc-11ea-a54f-b88a60e194fb,crmid:8766814409,5,10
af204910-83cc-11ea-8375-b88a60e194fb,crmid:2720529736,8,4
af21cf40-83cc-11ea-b8e7-b88a60e194fb,crmid:6576454919,3,9
af237d0c-83cc-11ea-9243-b88a60e194fb,crmid:5372374538,2,8
af250318-83cc-11ea-af8e-b88a60e194fb,crmid:1544993718,4,9
af26d842-83cc-11ea-a8d5-b88a60e194fb,crmid:6386426932,9,5
af285f2e-83cc-11ea-b84a-b88a60e194fb,crmid:2659159880,9,5
af29e568-83cc-11ea-a699-b88a60e194fb,crmid:3785124885,8,4
af2be1cc-83cc-11ea-83b6-b88a60e194fb,crmid:6914437401,2,6
af41d924-83cc-11ea-810d-b88a60e194fb,crmid:1157960003,8,4
af43fce8-83cc-11ea-9e52-b88a60e194fb,crmid:6368997709,8,4
af45aabe-83cc-11ea-aab4-b88a60e194fb,crmid:3601507189,6,3
af477e12-83cc-11ea-bd5b-b88a60e194fb,crmid:3292792124,3,9
af4904b4-83cc-11ea-a528-b88a60e194fb,crmid:4999323088,5,8
af4ad998-83cc-11ea-ac41-b88a60e194fb,crmid:3401372828,3,8
af4c8728-83cc-11ea-8fe6-b88a60e194fb,crmid:6783184129,5,8
af4e34dc-83cc-11ea-8176-b88a60e194fb,crmid:3867648005,6,8
af4fe280-83cc-11ea-91bb-b88a60e194fb,crmid:2797734408,4,10
af51b742-83cc-11ea-aa16-b88a60e194fb,crmid:4535806582,5,7
af536536-83cc-11ea-9860-b88a60e194fb,crmid:4618794584,5,6
af551418-83cc-11ea-bbc8-b88a60e194fb,crmid:2713572117,3,9
af56c1b0-83cc-11ea-ae23-b88a60e194fb,crmid:2839680081,7,5
af58e328-83cc-11ea-8447-b88a60e194fb,crmid:2709362801,3,7
af5a4426-83cc-11ea-bc01-b88a60e194fb,crmid:2062702130,8,4
af5c18e8-83cc-11ea-b339-b88a60e194fb,crmid:4480397217,4,9
af5dc54c-83cc-11ea-ac4e-b88a60e194fb,crmid:1517527168,3,7
af5f72cc-83cc-11ea-9e2a-b88a60e194fb,crmid:9569205658,8,3
af61478a-83cc-11ea-ae5f-b88a60e194fb,crmid:2748982651,5,4
af62f598-83cc-11ea-a116-b88a60e194fb,crmid:9214539933,6,3
af651828-83cc-11ea-a505-b88a60e194fb,crmid:7366455324,5,10
