{"_id": "e97d673e-53c8-11ea-95f6-b88a60e194fb", "timestamp": "2020-01-08T18:13:04.000Z", "eventType": "transaction", "_adobeamericaspot3": {"CRMID": "crmid:9956219460", "orderDetails": {"orderID": "orderid:713378", "reservationid": "VG3-N7H6", "orderType": "mobile"}}}
{"_id": "e97e5192-53c8-11ea-99c4-b88a60e194fb", "timestamp": "2020-01-16T15:31:23.000Z", "eventType": "transaction", "_adobeamericaspot3": {"CRMID": "crmid:5127908270", "orderDetails": {"orderID": "orderid:677321", "reservationid": "TED-ONHA", "orderType": "website"}}}
{"_id": "e97f3bf8-53c8-11ea-9299-b88a60e194fb", "timestamp": "2020-02-11T03:38:55.000Z", "eventType": "transaction", "_adobeamericaspot3": {"CRMID": "crmid:6510007276", "orderDetails": {"orderID": "orderid:878750", "reservationid": "EBW-DECL", "orderType": "kiosk"}}}
{"_id": "e9802652-53c8-11ea-9cc7-b88a60e194fb", "timestamp": "2020-01-07T05:52:33.000Z", "eventType": "transaction", "_adobeamericaspot3": {"CRMID": "crmid:8855315400", "orderDetails": {"orderID": "orderid:452466", "reservationid": "74G-MUCJ", "orderType": "kiosk"}}}
{"_id": "e98110b6-53c8-11ea-bbb1-b88a60e194fb", "timestamp": "2020-01-12T23:46:27.000Z", "eventType": "transaction", "_adobeamericaspot3": {"CRMID": "crmid:6262815091", "orderDetails": {"orderID": "orderid:902726", "reservationid": "8KZ-91DZ", "orderType": "kiosk"}}}
{"_id": "e981fb1a-53c8-11ea-803d-b88a60e194fb", "timestamp": "2019-12-28T07:34:36.000Z", "eventType": "transaction", "_adobeamericaspot3": {"CRMID": "crmid:8928888592", "orderDetails": {"orderID": "orderid:118392", "reservationid": "PY0-FTMJ", "orderType": "kiosk"}}}
{"_id": "e982be62-53c8-11ea-acab-b88a60e194fb", "timestamp": "2020-01-22T15:51:19.000Z", "eventType": "transaction", "_adobeamericaspot3": {"CRMID": "crmid:7374191420", "orderDetails": {"orderID": "orderid:413352", "reservationid": "CSC-VCSD", "orderType": "call center"}}}
{"_id": "e983d086-53c8-11ea-99f0-b88a60e194fb", "timestamp": "2020-02-04T16:32:15.000Z", "eventType": "transaction", "_adobeamericaspot3": {"CRMID": "crmid:3736351529", "orderDetails": {"orderID": "orderid:859040", "reservationid": "1MK-LHYR", "orderType": "call center"}}}
{"_id": "e9849326-53c8-11ea-a357-b88a60e194fb", "timestamp": "2020-01-25T01:34:25.000Z", "eventType": "transaction", "_adobeamericaspot3": {"CRMID": "crmid:9450855918", "orderDetails": {"orderID": "orderid:705645", "reservationid": "D3C-J0FT", "orderType": "website"}}}
{"_id": "e9855674-53c8-11ea-833b-b88a60e194fb", "timestamp": "2020-01-20T13:14:33.000Z", "eventType": "transaction", "_adobeamericaspot3": {"CRMID": "crmid:2005921658", "orderDetails": {"orderID": "orderid:623096", "reservationid": "IBB-FO4K", "orderType": "mobile"}}}
{"_id": "e98640d2-53c8-11ea-bf7f-b88a60e194fb", "timestamp": "2020-01-10T06:02:52.000Z", "eventType": "transaction", "_adobeamericaspot3": {"CRMID": "crmid:2705413359", "orderDetails": {"orderID": "orderid:483602", "reservationid": "R0G-WYEJ", "orderType": "service desk"}}}
{"_id": "e9872b36-53c8-11ea-8f0e-b88a60e194fb", "timestamp": "2019-12-09T23:43:37.000Z", "eventType": "transaction", "_adobeamericaspot3": {"CRMID": "crmid:2429051783", "orderDetails": {"orderID": "orderid:392760", "reservationid": "DGA-7GTH", "orderType": "call center"}}}
{"_id": "e9875246-53c8-11ea-bd11-b88a60e194fb", "timestamp": "2019-12-15T00:00:00.000Z", "eventType": "transaction", "_adobeamericaspot3": {"CRMID": "crmid:2429051783", "orderDetails": {"orderID": "orderid:124027", "reservationid": "DWZ-5JDF", "orderType": "website"}}}
{"_id": "e9881592-53c8-11ea-99f3-b88a60e194fb", "timestamp": "2020-02-07T20:41:15.000Z", "eventType": "transaction", "_adobeamericaspot3": {"CRMID": "crmid:4181095983", "orderDetails": {"orderID": "orderid:154214", "reservationid": "6VD-WEHP", "orderType": "mobile"}}}
{"_id": "e988fff6-53c8-11ea-8679-b88a60e194fb", "timestamp": "2020-01-18T00:00:48.000Z", "eventType": "transaction", "_adobeamericaspot3": {"CRMID": "crmid:4922346796", "orderDetails": {"orderID": "orderid:234186", "reservationid": "I7P-NIMM", "orderType": "website"}}}
{"_id": "e98a115c-53c8-11ea-9820-b88a60e194fb", "timestamp": "2020-02-10T03:48:52.000Z", "eventType": "transaction", "_adobeamericaspot3": {"CRMID": "crmid:9491435006", "orderDetails": {"orderID": "orderid:496939", "reservationid": "HNP-ZFHW", "orderType": "call center"}}}
{"_id": "e98ad4b4-53c8-11ea-b81d-b88a60e194fb", "timestamp": "2020-01-04T08:30:44.000Z", "eventType": "transaction", "_adobeamericaspot3": {"CRMID": "crmid:1820272075", "orderDetails": {"orderID": "orderid:302206", "reservationid": "CB4-ADMR", "orderType": "call center"}}}
{"_id": "e98bbf12-53c8-11ea-b9a6-b88a60e194fb", "timestamp": "2019-12-15T23:04:37.000Z", "eventType": "transaction", "_adobeamericaspot3": {"CRMID": "crmid:8189075977", "orderDetails": {"orderID": "orderid:932251", "reservationid": "YL0-FOX8", "orderType": "mobile"}}}
{"_id": "e98ca970-53c8-11ea-9395-b88a60e194fb", "timestamp": "2019-12-28T07:46:07.000Z", "eventType": "transaction", "_adobeamericaspot3": {"CRMID": "crmid:8377226733", "orderDetails": {"orderID": "orderid:616273", "reservationid": "CSA-WB8P", "orderType": "kiosk"}}}
{"_id": "e98d93d4-53c8-11ea-8f3a-b88a60e194fb", "timestamp": "2020-01-23T13:56:03.000Z", "eventType": "transaction", "_adobeamericaspot3": {"CRMID": "crmid:9851795413", "orderDetails": {"orderID": "orderid:455049", "reservationid": "TFJ-J8YF", "orderType": "website"}}}
{"_id": "e98d93d5-53c8-11ea-9cc9-b88a60e194fb", "timestamp": "2020-01-30T00:00:00.000Z", "eventType": "transaction", "_adobeamericaspot3": {"CRMID": "crmid:9851795413", "orderDetails": {"orderID": "orderid:412173", "reservationid": "EOI-8QLA", "orderType": "service desk"}}}
{"_id": "e98e7e34-53c8-11ea-9442-b88a60e194fb", "timestamp": "2019-12-15T04:03:06.000Z", "eventType": "transaction", "_adobeamericaspot3": {"CRMID": "crmid:3244312715", "orderDetails": {"orderID": "orderid:536669", "reservationid": "HFL-IU2W", "orderType": "call center"}}}
{"_id": "e98f417e-53c8-11ea-abc5-b88a60e194fb", "timestamp": "2019-12-06T19:39:16.000Z", "eventType": "transaction", "_adobeamericaspot3": {"CRMID": "crmid:3236212058", "orderDetails": {"orderID": "orderid:955946", "reservationid": "GUL-NNDN", "orderType": "call center"}}}
{"_id": "e99004cc-53c8-11ea-9fc9-b88a60e194fb", "timestamp": "2019-12-20T06:27:16.000Z", "eventType": "transaction", "_adobeamericaspot3": {"CRMID": "crmid:1250649718", "orderDetails": {"orderID": "orderid:579438", "reservationid": "17E-H8KB", "orderType": "call center"}}}
{"_id": "e990ef34-53c8-11ea-8aa7-b88a60e194fb", "timestamp": "2019-12-07T14:13:32.000Z", "eventType": "transaction", "_adobeamericaspot3": {"CRMID": "crmid:7382217005", "orderDetails": {"orderID": "orderid:902216", "reservationid": "ZME-7XOM", "orderType": "website"}}}
{"_id": "e99200a4-53c8-11ea-8c25-b88a60e194fb", "timestamp": "2020-01-05T05:18:48.000Z", "eventType": "transaction", "_adobeamericaspot3": {"CRMID": "crmid:5615511256", "orderDetails": {"orderID": "orderid:373977", "reservationid": "DQW-1EYY", "orderType": "call center"}}}
{"_id": "e992eb02-53c8-11ea-be6b-b88a60e194fb", "timestamp": "2020-01-14T20:30:20.000Z", "eventType": "transaction", "_adobeamericaspot3": {"CRMID": "crmid:1216266087", "orderDetails": {"orderID": "orderid:375387", "reservationid": "450-ZQOQ", "orderType": "website"}}}
{"_id": "e993d55e-53c8-11ea-8daa-b88a60e194fb", "timestamp": "2020-01-25T01:52:26.000Z", "eventType": "transaction", "_adobeamericaspot3": {"CRMID": "crmid:4929856366", "orderDetails": {"orderID": "orderid:603219", "reservationid": "FZ4-EJJM", "orderType": "call center"}}}
{"_id": "e994bfc6-53c8-11ea-bc48-b88a60e194fb", "timestamp": "2019-12-19T02:22:38.000Z", "eventType": "transaction", "_adobeamericaspot3": {"CRMID": "crmid:5274879096", "orderDetails": {"orderID": "orderid:466953", "reservationid": "61P-EFN9", "orderType": "mobile"}}}
{"_id": "e995aa1e-53c8-11ea-a47c-b88a60e194fb", "timestamp": "2020-02-02T23:57:24.000Z", "eventType": "transaction", "_adobeamericaspot3": {"CRMID": "crmid:8156381642", "orderDetails": {"orderID": "orderid:158602", "reservationid": "RWH-RECB", "orderType": "service desk"}}}
{"_id": "e9966d94-53c8-11ea-8ee7-b88a60e194fb", "timestamp": "2019-12-27T10:42:32.000Z", "eventType": "transaction", "_adobeamericaspot3": {"CRMID": "crmid:7116188630", "orderDetails": {"orderID": "orderid:377450", "reservationid": "EKA-FC62", "orderType": "kiosk"}}}
{"_id": "e997a606-53c8-11ea-935f-b88a60e194fb", "timestamp": "2020-01-19T19:30:13.000Z", "eventType": "transaction", "_adobeamericaspot3": {"CRMID": "crmid:2770898860", "orderDetails": {"orderID": "orderid:993883", "reservationid": "4DS-6MF0", "orderType": "call center"}}}
{"_id": "e998b768-53c8-11ea-afd7-b88a60e194fb", "timestamp": "2020-01-16T02:16:14.000Z", "eventType": "transaction", "_adobeamericaspot3": {"CRMID": "crmid:4955270215", "orderDetails": {"orderID": "orderid:940300", "reservationid": "DGF-JFXE", "orderType": "call center"}}}
{"_id": "e9997ac6-53c8-11ea-ade9-b88a60e194fb", "timestamp": "2019-12-12T06:08:51.000Z", "eventType": "transaction", "_adobeamericaspot3": {"CRMID": "crmid:9692028671", "orderDetails": {"orderID": "orderid:638733", "reservationid": "SAE-NR0R", "orderType": "website"}}}
{"_id": "e99a6528-53c8-11ea-9e2b-b88a60e194fb", "timestamp": "2020-02-15T02:34:45.000Z", "eventType": "transaction", "_adobeamericaspot3": {"CRMID": "crmid:8921556792", "orderDetails": {"orderID": "orderid:391994", "reservationid": "RFL-UTJH", "orderType": "service desk"}}}
{"_id": "e99bc49e-53c8-11ea-9d32-b88a60e194fb", "timestamp": "2020-01-16T07:57:24.000Z", "eventType": "transaction", "_adobeamericaspot3": {"CRMID": "crmid:4284193116", "orderDetails": {"orderID": "orderid:215733", "reservationid": "RO5-4VE4", "orderType": "kiosk"}}}
{"_id": "e99dc0ba-53c8-11ea-92b1-b88a60e194fb", "timestamp": "2019-12-18T04:52:57.000Z", "eventType": "transaction", "_adobeamericaspot3": {"CRMID": "crmid:7814701406", "orderDetails": {"orderID": "orderid:369717", "reservationid": "LAA-2WQ3", "orderType": "kiosk"}}}
{"_id": "e99ef8fe-53c8-11ea-b644-b88a60e194fb", "timestamp": "2020-02-06T16:58:29.000Z", "eventType": "transaction", "_adobeamericaspot3": {"CRMID": "crmid:5746089955", "orderDetails": {"orderID": "orderid:469306", "reservationid": "C8W-OHEO", "orderType": "mobile"}}}
{"_id": "e99fe37a-53c8-11ea-a844-b88a60e194fb", "timestamp": "2020-02-10T10:06:38.000Z", "eventType": "transaction", "_adobeamericaspot3": {"CRMID": "crmid:6834144930", "orderDetails": {"orderID": "orderid:842632", "reservationid": "B45-F0CL", "orderType": "website"}}}
{"_id": "e9a0a7b0-53c8-11ea-9706-b88a60e194fb", "timestamp": "2020-01-20T19:16:44.000Z", "eventType": "transaction", "_adobeamericaspot3": {"CRMID": "crmid:8429575389", "orderDetails": {"orderID": "orderid:436831", "reservationid": "1JQ-EZPC", "orderType": "website"}}}
{"_id": "e9a0ce1a-53c8-11ea-83a2-b88a60e194fb", "timestamp": "2020-01-25T00:00:00.000Z", "eventType": "transaction", "_adobeamericaspot3": {"CRMID": "crmid:8429575389", "orderDetails": {"orderID": "orderid:421299", "reservationid": "KG5-WO6U", "orderType": "call center"}}}
{"_id": "e9a1925c-53c8-11ea-98b4-b88a60e194fb", "timestamp": "2020-01-26T05:22:53.000Z", "eventType": "transaction", "_adobeamericaspot3": {"CRMID": "crmid:8362976686", "orderDetails": {"orderID": "orderid:505964", "reservationid": "7HY-OWO4", "orderType": "call center"}}}
{"_id": "e9a2a3da-53c8-11ea-9273-b88a60e194fb", "timestamp": "2020-01-21T17:13:25.000Z", "eventType": "transaction", "_adobeamericaspot3": {"CRMID": "crmid:5729841621", "orderDetails": {"orderID": "orderid:463000", "reservationid": "ZRN-KA0S", "orderType": "call center"}}}
{"_id": "e9a36724-53c8-11ea-865b-b88a60e194fb", "timestamp": "2019-12-24T08:24:19.000Z", "eventType": "transaction", "_adobeamericaspot3": {"CRMID": "crmid:9153304351", "orderDetails": {"orderID": "orderid:682267", "reservationid": "CNY-E2LF", "orderType": "call center"}}}
{"_id": "e9a45186-53c8-11ea-8c7c-b88a60e194fb", "timestamp": "2020-02-05T11:35:20.000Z", "eventType": "transaction", "_adobeamericaspot3": {"CRMID": "crmid:3153309581", "orderDetails": {"orderID": "orderid:820187", "reservationid": "82A-PZQ4", "orderType": "kiosk"}}}
{"_id": "e9a4789e-53c8-11ea-8166-b88a60e194fb", "timestamp": "2020-02-09T00:00:00.000Z", "eventType": "transaction", "_adobeamericaspot3": {"CRMID": "crmid:3153309581", "orderDetails": {"orderID": "orderid:169877", "reservationid": "MKF-4BRB", "orderType": "call center"}}}
{"_id": "e9a6c126-53c8-11ea-ba26-b88a60e194fb", "timestamp": "2020-01-01T17:28:55.000Z", "eventType": "transaction", "_adobeamericaspot3": {"CRMID": "crmid:6065652519", "orderDetails": {"orderID": "orderid:868073", "reservationid": "7KH-UDBY", "orderType": "kiosk"}}}
{"_id": "e9a7abae-53c8-11ea-b4d7-b88a60e194fb", "timestamp": "2020-02-06T03:38:27.000Z", "eventType": "transaction", "_adobeamericaspot3": {"CRMID": "crmid:7406240357", "orderDetails": {"orderID": "orderid:275532", "reservationid": "2SB-2CMN", "orderType": "call center"}}}
{"_id": "e9a8e42c-53c8-11ea-a609-b88a60e194fb", "timestamp": "2019-12-28T16:59:16.000Z", "eventType": "transaction", "_adobeamericaspot3": {"CRMID": "crmid:3260913522", "orderDetails": {"orderID": "orderid:447531", "reservationid": "Z6M-GDUF", "orderType": "kiosk"}}}
{"_id": "e9a9a782-53c8-11ea-b609-b88a60e194fb", "timestamp": "2019-12-22T19:17:40.000Z", "eventType": "transaction", "_adobeamericaspot3": {"CRMID": "crmid:3328796257", "orderDetails": {"orderID": "orderid:648436", "reservationid": "N69-UJZB", "orderType": "call center"}}}
{"_id": "e9aa91e2-53c8-11ea-ae7a-b88a60e194fb", "timestamp": "2019-12-07T06:14:45.000Z", "eventType": "transaction", "_adobeamericaspot3": {"CRMID": "crmid:5335773380", "orderDetails": {"orderID": "orderid:819311", "reservationid": "HDN-KIO4", "orderType": "website"}}}
{"_id": "e9aab8e6-53c8-11ea-8ca9-b88a60e194fb", "timestamp": "2019-12-11T00:00:00.000Z", "eventType": "transaction", "_adobeamericaspot3": {"CRMID": "crmid:5335773380", "orderDetails": {"orderID": "orderid:511200", "reservationid": "NCT-N4ZV", "orderType": "call center"}}}
{"_id": "e9aba35c-53c8-11ea-a5b0-b88a60e194fb", "timestamp": "2020-02-06T09:52:11.000Z", "eventType": "transaction", "_adobeamericaspot3": {"CRMID": "crmid:4253706015", "orderDetails": {"orderID": "orderid:952045", "reservationid": "DAD-7BTC", "orderType": "mobile"}}}
{"_id": "e9ac66a8-53c8-11ea-8b51-b88a60e194fb", "timestamp": "2020-02-14T12:09:52.000Z", "eventType": "transaction", "_adobeamericaspot3": {"CRMID": "crmid:5527907111", "orderDetails": {"orderID": "orderid:644680", "reservationid": "4PG-TCPM", "orderType": "kiosk"}}}
{"_id": "e9ad5102-53c8-11ea-8c5c-b88a60e194fb", "timestamp": "2019-12-16T18:30:31.000Z", "eventType": "transaction", "_adobeamericaspot3": {"CRMID": "crmid:1247271103", "orderDetails": {"orderID": "orderid:505572", "reservationid": "KRB-5GZG", "orderType": "kiosk"}}}
{"_id": "e9ae3b5e-53c8-11ea-8350-b88a60e194fb", "timestamp": "2020-02-01T16:00:35.000Z", "eventType": "transaction", "_adobeamericaspot3": {"CRMID": "crmid:3133727600", "orderDetails": {"orderID": "orderid:851951", "reservationid": "MH3-2VFY", "orderType": "kiosk"}}}
{"_id": "e9af25c8-53c8-11ea-9fe0-b88a60e194fb", "timestamp": "2020-02-11T23:21:35.000Z", "eventType": "transaction", "_adobeamericaspot3": {"CRMID": "crmid:9076059484", "orderDetails": {"orderID": "orderid:384932", "reservationid": "C7H-HCQY", "orderType": "call center"}}}
{"_id": "e9b01024-53c8-11ea-abcf-b88a60e194fb", "timestamp": "2019-12-22T17:35:53.000Z", "eventType": "transaction", "_adobeamericaspot3": {"CRMID": "crmid:2172892759", "orderDetails": {"orderID": "orderid:865735", "reservationid": "SOX-QKLZ", "orderType": "kiosk"}}}
{"_id": "e9b0fa78-53c8-11ea-a90a-b88a60e194fb", "timestamp": "2020-02-05T09:46:56.000Z", "eventType": "transaction", "_adobeamericaspot3": {"CRMID": "crmid:8166512883", "orderDetails": {"orderID": "orderid:702027", "reservationid": "ZVL-BKXX", "orderType": "service desk"}}}
{"_id": "e9b1e4b6-53c8-11ea-94ad-b88a60e194fb", "timestamp": "2020-02-15T02:08:43.000Z", "eventType": "transaction", "_adobeamericaspot3": {"CRMID": "crmid:7469375783", "orderDetails": {"orderID": "orderid:743430", "reservationid": "WPN-ICKC", "orderType": "website"}}}
{"_id": "e9b20bd2-53c8-11ea-9cc5-b88a60e194fb", "timestamp": "2020-02-25T00:00:00.000Z", "eventType": "transaction", "_adobeamericaspot3": {"CRMID": "crmid:7469375783", "orderDetails": {"orderID": "orderid:159960", "reservationid": "GW9-U4PA", "orderType": "kiosk"}}}
{"_id": "e9b232de-53c8-11ea-b910-b88a60e194fb", "timestamp": "2020-02-28T00:00:00.000Z", "eventType": "transaction", "_adobeamericaspot3": {"CRMID": "crmid:7469375783", "orderDetails": {"orderID": "orderid:685130", "reservationid": "OVH-3TGX", "orderType": "call center"}}}
{"_id": "e9b2810a-53c8-11ea-ad21-b88a60e194fb", "timestamp": "2020-03-03T00:00:00.000Z", "eventType": "transaction", "_adobeamericaspot3": {"CRMID": "crmid:7469375783", "orderDetails": {"orderID": "orderid:560269", "reservationid": "IXO-MMNM", "orderType": "mobile"}}}
{"_id": "e9b407e2-53c8-11ea-8547-b88a60e194fb", "timestamp": "2019-12-28T19:43:00.000Z", "eventType": "transaction", "_adobeamericaspot3": {"CRMID": "crmid:6378773390", "orderDetails": {"orderID": "orderid:965886", "reservationid": "TSN-AFAU", "orderType": "mobile"}}}
{"_id": "e9b56734-53c8-11ea-8ce4-b88a60e194fb", "timestamp": "2020-01-21T15:45:52.000Z", "eventType": "transaction", "_adobeamericaspot3": {"CRMID": "crmid:5811995689", "orderDetails": {"orderID": "orderid:721207", "reservationid": "18S-XFOJ", "orderType": "call center"}}}
{"_id": "e9b6c6d4-53c8-11ea-858f-b88a60e194fb", "timestamp": "2020-02-08T12:41:52.000Z", "eventType": "transaction", "_adobeamericaspot3": {"CRMID": "crmid:3806931432", "orderDetails": {"orderID": "orderid:882982", "reservationid": "A8F-HZ2Q", "orderType": "call center"}}}
{"_id": "e9b7b240-53c8-11ea-9315-b88a60e194fb", "timestamp": "2019-12-27T23:54:22.000Z", "eventType": "transaction", "_adobeamericaspot3": {"CRMID": "crmid:7117844042", "orderDetails": {"orderID": "orderid:584329", "reservationid": "QTZ-ISDK", "orderType": "website"}}}
{"_id": "e9b8c3a2-53c8-11ea-8bdb-b88a60e194fb", "timestamp": "2020-02-09T14:03:10.000Z", "eventType": "transaction", "_adobeamericaspot3": {"CRMID": "crmid:3963280608", "orderDetails": {"orderID": "orderid:873929", "reservationid": "8TS-4UX7", "orderType": "website"}}}
{"_id": "e9b9ad18-53c8-11ea-8e07-b88a60e194fb", "timestamp": "2020-01-10T15:57:37.000Z", "eventType": "transaction", "_adobeamericaspot3": {"CRMID": "crmid:8744979790", "orderDetails": {"orderID": "orderid:999060", "reservationid": "Z8Z-B4DB", "orderType": "mobile"}}}
{"_id": "e9ba978a-53c8-11ea-8661-b88a60e194fb", "timestamp": "2020-01-04T07:43:16.000Z", "eventType": "transaction", "_adobeamericaspot3": {"CRMID": "crmid:2500619663", "orderDetails": {"orderID": "orderid:758394", "reservationid": "XYB-07P1", "orderType": "mobile"}}}
{"_id": "e9babe5a-53c8-11ea-aa59-b88a60e194fb", "timestamp": "2020-01-08T00:00:00.000Z", "eventType": "transaction", "_adobeamericaspot3": {"CRMID": "crmid:2500619663", "orderDetails": {"orderID": "orderid:193100", "reservationid": "JCZ-CPJC", "orderType": "website"}}}
{"_id": "e9bbaa1e-53c8-11ea-a417-b88a60e194fb", "timestamp": "2020-02-05T10:37:53.000Z", "eventType": "transaction", "_adobeamericaspot3": {"CRMID": "crmid:4137734170", "orderDetails": {"orderID": "orderid:292930", "reservationid": "VRC-ZHXQ", "orderType": "website"}}}
{"_id": "e9bc9482-53c8-11ea-b8df-b88a60e194fb", "timestamp": "2019-12-12T10:35:53.000Z", "eventType": "transaction", "_adobeamericaspot3": {"CRMID": "crmid:3794011788", "orderDetails": {"orderID": "orderid:946060", "reservationid": "NBJ-DYTM", "orderType": "website"}}}
{"_id": "e9bd7ee8-53c8-11ea-9c51-b88a60e194fb", "timestamp": "2019-12-22T12:40:05.000Z", "eventType": "transaction", "_adobeamericaspot3": {"CRMID": "crmid:8128619595", "orderDetails": {"orderID": "orderid:965074", "reservationid": "R32-ALHE", "orderType": "website"}}}
{"_id": "e9bf5274-53c8-11ea-9ee2-b88a60e194fb", "timestamp": "2019-12-26T05:10:28.000Z", "eventType": "transaction", "_adobeamericaspot3": {"CRMID": "crmid:9910011149", "orderDetails": {"orderID": "orderid:879032", "reservationid": "3PJ-DFJG", "orderType": "call center"}}}
{"_id": "e9bf7980-53c8-11ea-ae2a-b88a60e194fb", "timestamp": "2020-01-02T00:00:00.000Z", "eventType": "transaction", "_adobeamericaspot3": {"CRMID": "crmid:9910011149", "orderDetails": {"orderID": "orderid:764120", "reservationid": "XQ6-7LBP", "orderType": "mobile"}}}
{"_id": "e9c1016c-53c8-11ea-8d6d-b88a60e194fb", "timestamp": "2020-01-05T23:22:40.000Z", "eventType": "transaction", "_adobeamericaspot3": {"CRMID": "crmid:1924753055", "orderDetails": {"orderID": "orderid:982737", "reservationid": "QMK-ZQ9I", "orderType": "kiosk"}}}
{"_id": "e9c1c4ba-53c8-11ea-958f-b88a60e194fb", "timestamp": "2020-01-15T18:02:45.000Z", "eventType": "transaction", "_adobeamericaspot3": {"CRMID": "crmid:5898641563", "orderDetails": {"orderID": "orderid:250763", "reservationid": "7LM-RQJH", "orderType": "mobile"}}}
{"_id": "e9c2aeb6-53c8-11ea-b771-b88a60e194fb", "timestamp": "2019-12-27T22:59:49.000Z", "eventType": "transaction", "_adobeamericaspot3": {"CRMID": "crmid:1456490235", "orderDetails": {"orderID": "orderid:362833", "reservationid": "D37-XKLF", "orderType": "kiosk"}}}
{"_id": "e9c39922-53c8-11ea-b8f8-b88a60e194fb", "timestamp": "2019-12-27T21:26:38.000Z", "eventType": "transaction", "_adobeamericaspot3": {"CRMID": "crmid:6190453037", "orderDetails": {"orderID": "orderid:812350", "reservationid": "HSB-RICG", "orderType": "website"}}}
{"_id": "e9c4839a-53c8-11ea-9116-b88a60e194fb", "timestamp": "2019-12-11T04:23:16.000Z", "eventType": "transaction", "_adobeamericaspot3": {"CRMID": "crmid:2456742569", "orderDetails": {"orderID": "orderid:111095", "reservationid": "R16-QXSS", "orderType": "kiosk"}}}
{"_id": "e9c546ca-53c8-11ea-958f-b88a60e194fb", "timestamp": "2019-12-06T02:44:02.000Z", "eventType": "transaction", "_adobeamericaspot3": {"CRMID": "crmid:4390090938", "orderDetails": {"orderID": "orderid:954067", "reservationid": "MY5-E2LS", "orderType": "kiosk"}}}
{"_id": "e9c63192-53c8-11ea-af0e-b88a60e194fb", "timestamp": "2019-12-01T19:19:34.000Z", "eventType": "transaction", "_adobeamericaspot3": {"CRMID": "crmid:7549838390", "orderDetails": {"orderID": "orderid:838522", "reservationid": "8EB-FRBY", "orderType": "kiosk"}}}
{"_id": "e9c6f47a-53c8-11ea-b66f-b88a60e194fb", "timestamp": "2020-02-13T15:14:53.000Z", "eventType": "transaction", "_adobeamericaspot3": {"CRMID": "crmid:4082090047", "orderDetails": {"orderID": "orderid:996719", "reservationid": "ZMN-MMYW", "orderType": "mobile"}}}
{"_id": "e9c7ded4-53c8-11ea-b320-b88a60e194fb", "timestamp": "2020-01-22T11:04:06.000Z", "eventType": "transaction", "_adobeamericaspot3": {"CRMID": "crmid:6276701337", "orderDetails": {"orderID": "orderid:134273", "reservationid": "9EE-3HUE", "orderType": "call center"}}}
{"_id": "e9c8a224-53c8-11ea-a3f6-b88a60e194fb", "timestamp": "2019-12-05T15:01:47.000Z", "eventType": "transaction", "_adobeamericaspot3": {"CRMID": "crmid:5845791295", "orderDetails": {"orderID": "orderid:717570", "reservationid": "IRQ-CDKH", "orderType": "call center"}}}
{"_id": "e9ca00cc-53c8-11ea-aaf4-b88a60e194fb", "timestamp": "2020-02-09T10:40:31.000Z", "eventType": "transaction", "_adobeamericaspot3": {"CRMID": "crmid:1640131958", "orderDetails": {"orderID": "orderid:589340", "reservationid": "SHN-PX6D", "orderType": "website"}}}
{"_id": "e9caec38-53c8-11ea-bbdf-b88a60e194fb", "timestamp": "2019-12-31T18:24:35.000Z", "eventType": "transaction", "_adobeamericaspot3": {"CRMID": "crmid:8756839009", "orderDetails": {"orderID": "orderid:593670", "reservationid": "4M9-38N6", "orderType": "call center"}}}
{"_id": "e9cbd6ac-53c8-11ea-9c67-b88a60e194fb", "timestamp": "2020-01-30T03:10:27.000Z", "eventType": "transaction", "_adobeamericaspot3": {"CRMID": "crmid:3292185048", "orderDetails": {"orderID": "orderid:501229", "reservationid": "Y1N-D8R0", "orderType": "service desk"}}}
{"_id": "e9cbfdcc-53c8-11ea-94ca-b88a60e194fb", "timestamp": "2020-02-05T00:00:00.000Z", "eventType": "transaction", "_adobeamericaspot3": {"CRMID": "crmid:3292185048", "orderDetails": {"orderID": "orderid:749650", "reservationid": "V23-0O1P", "orderType": "call center"}}}
{"_id": "e9ccc114-53c8-11ea-a879-b88a60e194fb", "timestamp": "2020-01-20T17:40:50.000Z", "eventType": "transaction", "_adobeamericaspot3": {"CRMID": "crmid:3124028637", "orderDetails": {"orderID": "orderid:746670", "reservationid": "7QI-0E8X", "orderType": "website"}}}
{"_id": "e9cdd11a-53c8-11ea-b675-b88a60e194fb", "timestamp": "2019-12-07T03:09:02.000Z", "eventType": "transaction", "_adobeamericaspot3": {"CRMID": "crmid:5468593778", "orderDetails": {"orderID": "orderid:325299", "reservationid": "JO1-ZI6E", "orderType": "call center"}}}
{"_id": "e9cf09a4-53c8-11ea-a107-b88a60e194fb", "timestamp": "2020-01-02T09:03:09.000Z", "eventType": "transaction", "_adobeamericaspot3": {"CRMID": "crmid:8482520908", "orderDetails": {"orderID": "orderid:336017", "reservationid": "RGJ-SKS4", "orderType": "website"}}}
{"_id": "e9d01b14-53c8-11ea-b7d4-b88a60e194fb", "timestamp": "2020-01-25T00:24:31.000Z", "eventType": "transaction", "_adobeamericaspot3": {"CRMID": "crmid:6101271226", "orderDetails": {"orderID": "orderid:386295", "reservationid": "LA9-IEVO", "orderType": "service desk"}}}
{"_id": "e9d106da-53c8-11ea-a780-b88a60e194fb", "timestamp": "2020-01-16T05:02:35.000Z", "eventType": "transaction", "_adobeamericaspot3": {"CRMID": "crmid:2602354027", "orderDetails": {"orderID": "orderid:991070", "reservationid": "7TX-PAPC", "orderType": "mobile"}}}
{"_id": "e9d1f15a-53c8-11ea-8dd3-b88a60e194fb", "timestamp": "2020-02-16T00:04:31.000Z", "eventType": "transaction", "_adobeamericaspot3": {"CRMID": "crmid:7813256811", "orderDetails": {"orderID": "orderid:906596", "reservationid": "SYR-FE4A", "orderType": "kiosk"}}}
{"_id": "e9d2b334-53c8-11ea-a57f-b88a60e194fb", "timestamp": "2020-02-02T02:22:07.000Z", "eventType": "transaction", "_adobeamericaspot3": {"CRMID": "crmid:3407625196", "orderDetails": {"orderID": "orderid:936671", "reservationid": "YSS-DVND", "orderType": "call center"}}}
{"_id": "e9d3c602-53c8-11ea-a657-b88a60e194fb", "timestamp": "2020-01-05T02:27:25.000Z", "eventType": "transaction", "_adobeamericaspot3": {"CRMID": "crmid:8629549247", "orderDetails": {"orderID": "orderid:772422", "reservationid": "FCA-6CMC", "orderType": "website"}}}
{"_id": "e9d3ed00-53c8-11ea-b494-b88a60e194fb", "timestamp": "2020-01-11T00:00:00.000Z", "eventType": "transaction", "_adobeamericaspot3": {"CRMID": "crmid:8629549247", "orderDetails": {"orderID": "orderid:932978", "reservationid": "0LA-6LUC", "orderType": "call center"}}}
{"_id": "e9d4d824-53c8-11ea-b180-b88a60e194fb", "timestamp": "2020-01-11T16:48:30.000Z", "eventType": "transaction", "_adobeamericaspot3": {"CRMID": "crmid:8730244215", "orderDetails": {"orderID": "orderid:567457", "reservationid": "MNO-QMU1", "orderType": "mobile"}}}
{"_id": "e9d59ab8-53c8-11ea-b4ff-b88a60e194fb", "timestamp": "2020-02-08T12:08:18.000Z", "eventType": "transaction", "_adobeamericaspot3": {"CRMID": "crmid:9666232205", "orderDetails": {"orderID": "orderid:307256", "reservationid": "BMC-KUR6", "orderType": "mobile"}}}
{"_id": "e9d68514-53c8-11ea-81db-b88a60e194fb", "timestamp": "2020-02-08T10:29:23.000Z", "eventType": "transaction", "_adobeamericaspot3": {"CRMID": "crmid:5086128285", "orderDetails": {"orderID": "orderid:717304", "reservationid": "NAS-0Z26", "orderType": "mobile"}}}
{"_id": "e9d76f18-53c8-11ea-a08b-b88a60e194fb", "timestamp": "2020-02-05T12:11:47.000Z", "eventType": "transaction", "_adobeamericaspot3": {"CRMID": "crmid:4274657069", "orderDetails": {"orderID": "orderid:336349", "reservationid": "ADO-EOFI", "orderType": "website"}}}
{"_id": "e9d83300-53c8-11ea-8089-b88a60e194fb", "timestamp": "2019-12-27T09:50:12.000Z", "eventType": "transaction", "_adobeamericaspot3": {"CRMID": "crmid:3139397501", "orderDetails": {"orderID": "orderid:457491", "reservationid": "K8D-TQ9Y", "orderType": "kiosk"}}}
{"_id": "e9d8f612-53c8-11ea-9567-b88a60e194fb", "timestamp": "2019-12-07T04:17:25.000Z", "eventType": "transaction", "_adobeamericaspot3": {"CRMID": "crmid:2895100233", "orderDetails": {"orderID": "orderid:990423", "reservationid": "NNT-9SE9", "orderType": "website"}}}
{"_id": "e9d9b964-53c8-11ea-8e3a-b88a60e194fb", "timestamp": "2019-12-06T18:56:25.000Z", "eventType": "transaction", "_adobeamericaspot3": {"CRMID": "crmid:7017717179", "orderDetails": {"orderID": "orderid:604353", "reservationid": "6K9-QGZP", "orderType": "call center"}}}
{"_id": "e9daa3d0-53c8-11ea-b2a8-b88a60e194fb", "timestamp": "2020-01-06T23:35:11.000Z", "eventType": "transaction", "_adobeamericaspot3": {"CRMID": "crmid:9765094284", "orderDetails": {"orderID": "orderid:753975", "reservationid": "WIP-KBED", "orderType": "kiosk"}}}
{"_id": "e9db671e-53c8-11ea-9498-b88a60e194fb", "timestamp": "2019-12-11T09:55:01.000Z", "eventType": "transaction", "_adobeamericaspot3": {"CRMID": "crmid:9576102229", "orderDetails": {"orderID": "orderid:192388", "reservationid": "1U5-FXQD", "orderType": "website"}}}
{"_id": "e9dc51ae-53c8-11ea-b0b3-b88a60e194fb", "timestamp": "2020-01-07T10:42:49.000Z", "eventType": "transaction", "_adobeamericaspot3": {"CRMID": "crmid:3623905719", "orderDetails": {"orderID": "orderid:946915", "reservationid": "M9B-UFP9", "orderType": "service desk"}}}
{"_id": "e9dd62fa-53c8-11ea-8d7a-b88a60e194fb", "timestamp": "2020-01-26T04:35:03.000Z", "eventType": "transaction", "_adobeamericaspot3": {"CRMID": "crmid:1648798622", "orderDetails": {"orderID": "orderid:435289", "reservationid": "QB6-5BED", "orderType": "call center"}}}
{"_id": "e9de2658-53c8-11ea-9a32-b88a60e194fb", "timestamp": "2019-12-21T05:54:46.000Z", "eventType": "transaction", "_adobeamericaspot3": {"CRMID": "crmid:2887870972", "orderDetails": {"orderID": "orderid:765426", "reservationid": "X5T-DOXE", "orderType": "call center"}}}
{"_id": "e9df109c-53c8-11ea-9e1c-b88a60e194fb", "timestamp": "2020-01-15T18:42:02.000Z", "eventType": "transaction", "_adobeamericaspot3": {"CRMID": "crmid:1567917609", "orderDetails": {"orderID": "orderid:608703", "reservationid": "YQQ-5SDB", "orderType": "website"}}}
{"_id": "e9dff980-53c8-11ea-a559-b88a60e194fb", "timestamp": "2020-01-16T00:08:38.000Z", "eventType": "transaction", "_adobeamericaspot3": {"CRMID": "crmid:6388438774", "orderDetails": {"orderID": "orderid:811473", "reservationid": "R2M-MMJN", "orderType": "website"}}}
{"_id": "e9e0be40-53c8-11ea-8b42-b88a60e194fb", "timestamp": "2019-12-21T20:48:32.000Z", "eventType": "transaction", "_adobeamericaspot3": {"CRMID": "crmid:5317626760", "orderDetails": {"orderID": "orderid:974868", "reservationid": "OJQ-XAON", "orderType": "service desk"}}}
{"_id": "e9e1a8b4-53c8-11ea-859a-b88a60e194fb", "timestamp": "2020-02-11T05:02:18.000Z", "eventType": "transaction", "_adobeamericaspot3": {"CRMID": "crmid:9928881523", "orderDetails": {"orderID": "orderid:206595", "reservationid": "YM5-PCJ7", "orderType": "kiosk"}}}
{"_id": "e9e1cfb4-53c8-11ea-9d9a-b88a60e194fb", "timestamp": "2020-02-15T00:00:00.000Z", "eventType": "transaction", "_adobeamericaspot3": {"CRMID": "crmid:9928881523", "orderDetails": {"orderID": "orderid:231217", "reservationid": "PMW-4RLC", "orderType": "website"}}}
{"_id": "e9e1cfb5-53c8-11ea-acdf-b88a60e194fb", "timestamp": "2020-02-21T00:00:00.000Z", "eventType": "transaction", "_adobeamericaspot3": {"CRMID": "crmid:9928881523", "orderDetails": {"orderID": "orderid:408590", "reservationid": "WAF-4U4I", "orderType": "website"}}}
{"_id": "e9e1f6d0-53c8-11ea-a60a-b88a60e194fb", "timestamp": "2020-02-25T00:00:00.000Z", "eventType": "transaction", "_adobeamericaspot3": {"CRMID": "crmid:9928881523", "orderDetails": {"orderID": "orderid:363016", "reservationid": "5O7-1NY0", "orderType": "website"}}}
{"_id": "e9e2e0ba-53c8-11ea-83b8-b88a60e194fb", "timestamp": "2020-01-13T06:11:50.000Z", "eventType": "transaction", "_adobeamericaspot3": {"CRMID": "crmid:1077920635", "orderDetails": {"orderID": "orderid:974485", "reservationid": "3D8-FZZM", "orderType": "kiosk"}}}
{"_id": "e9e3f2a2-53c8-11ea-a48c-b88a60e194fb", "timestamp": "2019-12-17T10:15:52.000Z", "eventType": "transaction", "_adobeamericaspot3": {"CRMID": "crmid:4862093074", "orderDetails": {"orderID": "orderid:319709", "reservationid": "8WK-8HIM", "orderType": "website"}}}
{"_id": "e9e4dcf0-53c8-11ea-a1f3-b88a60e194fb", "timestamp": "2020-01-25T20:31:47.000Z", "eventType": "transaction", "_adobeamericaspot3": {"CRMID": "crmid:4436989520", "orderDetails": {"orderID": "orderid:646273", "reservationid": "THJ-AKXF", "orderType": "kiosk"}}}
{"_id": "e9e5a038-53c8-11ea-b481-b88a60e194fb", "timestamp": "2019-12-09T14:51:29.000Z", "eventType": "transaction", "_adobeamericaspot3": {"CRMID": "crmid:6495904643", "orderDetails": {"orderID": "orderid:546505", "reservationid": "9LP-D7PV", "orderType": "website"}}}
{"_id": "e9e8ad86-53c8-11ea-ae25-b88a60e194fb", "timestamp": "2019-12-09T05:20:42.000Z", "eventType": "transaction", "_adobeamericaspot3": {"CRMID": "crmid:3809070349", "orderDetails": {"orderID": "orderid:732666", "reservationid": "EJB-XSJD", "orderType": "website"}}}
{"_id": "e9e9bd9c-53c8-11ea-8961-b88a60e194fb", "timestamp": "2019-12-28T11:39:00.000Z", "eventType": "transaction", "_adobeamericaspot3": {"CRMID": "crmid:9456601542", "orderDetails": {"orderID": "orderid:568209", "reservationid": "UHR-V8VF", "orderType": "kiosk"}}}
{"_id": "e9ea8248-53c8-11ea-9b57-b88a60e194fb", "timestamp": "2020-01-19T12:05:47.000Z", "eventType": "transaction", "_adobeamericaspot3": {"CRMID": "crmid:7107720563", "orderDetails": {"orderID": "orderid:679003", "reservationid": "S69-S9H3", "orderType": "kiosk"}}}
{"_id": "e9eb45ae-53c8-11ea-ad4f-b88a60e194fb", "timestamp": "2019-12-13T16:17:43.000Z", "eventType": "transaction", "_adobeamericaspot3": {"CRMID": "crmid:1804563804", "orderDetails": {"orderID": "orderid:136530", "reservationid": "XWG-XTCZ", "orderType": "kiosk"}}}
{"_id": "e9ec08f6-53c8-11ea-8cbb-b88a60e194fb", "timestamp": "2019-12-23T01:15:00.000Z", "eventType": "transaction", "_adobeamericaspot3": {"CRMID": "crmid:3490175286", "orderDetails": {"orderID": "orderid:432222", "reservationid": "KV6-GHWR", "orderType": "kiosk"}}}
{"_id": "e9ecf34a-53c8-11ea-b9bf-b88a60e194fb", "timestamp": "2019-12-04T19:48:08.000Z", "eventType": "transaction", "_adobeamericaspot3": {"CRMID": "crmid:5663084175", "orderDetails": {"orderID": "orderid:264392", "reservationid": "QC2-NOQZ", "orderType": "website"}}}
{"_id": "e9edddb6-53c8-11ea-9b61-b88a60e194fb", "timestamp": "2019-12-25T12:32:29.000Z", "eventType": "transaction", "_adobeamericaspot3": {"CRMID": "crmid:5233687359", "orderDetails": {"orderID": "orderid:162542", "reservationid": "QAC-X3G3", "orderType": "website"}}}
{"_id": "e9eec802-53c8-11ea-8d08-b88a60e194fb", "timestamp": "2020-02-14T13:47:12.000Z", "eventType": "transaction", "_adobeamericaspot3": {"CRMID": "crmid:8698295976", "orderDetails": {"orderID": "orderid:177583", "reservationid": "01E-WY9S", "orderType": "call center"}}}
{"_id": "e9ef8b3a-53c8-11ea-aa7b-b88a60e194fb", "timestamp": "2020-01-28T17:57:51.000Z", "eventType": "transaction", "_adobeamericaspot3": {"CRMID": "crmid:8366853614", "orderDetails": {"orderID": "orderid:100160", "reservationid": "LJT-Q1I9", "orderType": "call center"}}}
{"_id": "e9f075b4-53c8-11ea-8f00-b88a60e194fb", "timestamp": "2019-12-23T07:18:55.000Z", "eventType": "transaction", "_adobeamericaspot3": {"CRMID": "crmid:3485534482", "orderDetails": {"orderID": "orderid:666031", "reservationid": "EDU-MJSW", "orderType": "website"}}}
{"_id": "e9f075b5-53c8-11ea-b2b6-b88a60e194fb", "timestamp": "2019-12-31T00:00:00.000Z", "eventType": "transaction", "_adobeamericaspot3": {"CRMID": "crmid:3485534482", "orderDetails": {"orderID": "orderid:870678", "reservationid": "GVL-QYIA", "orderType": "service desk"}}}
{"_id": "e9f1394a-53c8-11ea-96d6-b88a60e194fb", "timestamp": "2019-12-26T17:43:53.000Z", "eventType": "transaction", "_adobeamericaspot3": {"CRMID": "crmid:5747598855", "orderDetails": {"orderID": "orderid:351938", "reservationid": "VUT-GIUS", "orderType": "website"}}}
{"_id": "f91851d4-53c8-11ea-bfca-b88a60e194fb", "timestamp": "2020-01-23T09:16:13.000Z", "eventType": "transaction", "_adobeamericaspot3": {"CRMID": "crmid:5130895134", "orderDetails": {"orderID": "orderid:574737", "reservationid": "LIW-U4XL", "orderType": "kiosk"}}}
{"_id": "f9191528-53c8-11ea-aa15-b88a60e194fb", "timestamp": "2020-01-28T00:29:57.000Z", "eventType": "transaction", "_adobeamericaspot3": {"CRMID": "crmid:2313256869", "orderDetails": {"orderID": "orderid:822138", "reservationid": "MJX-TKAA", "orderType": "call center"}}}
{"_id": "f919ff8a-53c8-11ea-90ef-b88a60e194fb", "timestamp": "2020-02-04T22:47:37.000Z", "eventType": "transaction", "_adobeamericaspot3": {"CRMID": "crmid:7161620090", "orderDetails": {"orderID": "orderid:248241", "reservationid": "1MK-OB0H", "orderType": "call center"}}}
{"_id": "f91b3800-53c8-11ea-b5e7-b88a60e194fb", "timestamp": "2020-01-31T01:10:06.000Z", "eventType": "transaction", "_adobeamericaspot3": {"CRMID": "crmid:6874713387", "orderDetails": {"orderID": "orderid:994781", "reservationid": "1V9-WFBZ", "orderType": "call center"}}}
{"_id": "f91c719e-53c8-11ea-93ed-b88a60e194fb", "timestamp": "2020-02-07T14:47:56.000Z", "eventType": "transaction", "_adobeamericaspot3": {"CRMID": "crmid:4450999815", "orderDetails": {"orderID": "orderid:684623", "reservationid": "TDW-KA5Y", "orderType": "website"}}}
{"_id": "f91da910-53c8-11ea-a5be-b88a60e194fb", "timestamp": "2019-12-06T12:05:36.000Z", "eventType": "transaction", "_adobeamericaspot3": {"CRMID": "crmid:3746823885", "orderDetails": {"orderID": "orderid:318268", "reservationid": "REG-GLAT", "orderType": "kiosk"}}}
{"_id": "f91ee162-53c8-11ea-949d-b88a60e194fb", "timestamp": "2020-01-26T15:07:26.000Z", "eventType": "transaction", "_adobeamericaspot3": {"CRMID": "crmid:2640074824", "orderDetails": {"orderID": "orderid:649922", "reservationid": "76V-4SQH", "orderType": "website"}}}
{"_id": "f91ff2e8-53c8-11ea-8e24-b88a60e194fb", "timestamp": "2019-12-24T12:28:02.000Z", "eventType": "transaction", "_adobeamericaspot3": {"CRMID": "crmid:2292223909", "orderDetails": {"orderID": "orderid:366620", "reservationid": "IFB-SF1Z", "orderType": "kiosk"}}}
{"_id": "f9212b68-53c8-11ea-88ba-b88a60e194fb", "timestamp": "2020-01-01T11:26:51.000Z", "eventType": "transaction", "_adobeamericaspot3": {"CRMID": "crmid:2667106776", "orderDetails": {"orderID": "orderid:626415", "reservationid": "JAD-KPDA", "orderType": "mobile"}}}
{"_id": "f9228ada-53c8-11ea-9370-b88a60e194fb", "timestamp": "2019-12-05T01:10:44.000Z", "eventType": "transaction", "_adobeamericaspot3": {"CRMID": "crmid:4164897190", "orderDetails": {"orderID": "orderid:391375", "reservationid": "I82-JKMA", "orderType": "call center"}}}
{"_id": "f923ea7e-53c8-11ea-ab7e-b88a60e194fb", "timestamp": "2019-12-30T14:55:35.000Z", "eventType": "transaction", "_adobeamericaspot3": {"CRMID": "crmid:2127479564", "orderDetails": {"orderID": "orderid:310402", "reservationid": "PZK-TCOF", "orderType": "mobile"}}}
{"_id": "f924adca-53c8-11ea-abd8-b88a60e194fb", "timestamp": "2019-12-11T07:45:54.000Z", "eventType": "transaction", "_adobeamericaspot3": {"CRMID": "crmid:3292467670", "orderDetails": {"orderID": "orderid:840551", "reservationid": "CVA-VQDL", "orderType": "call center"}}}
{"_id": "f9257118-53c8-11ea-a908-b88a60e194fb", "timestamp": "2020-01-12T15:53:40.000Z", "eventType": "transaction", "_adobeamericaspot3": {"CRMID": "crmid:1785852163", "orderDetails": {"orderID": "orderid:649453", "reservationid": "SSO-XNXC", "orderType": "website"}}}
{"_id": "f9265b7a-53c8-11ea-afdc-b88a60e194fb", "timestamp": "2019-12-10T05:16:19.000Z", "eventType": "transaction", "_adobeamericaspot3": {"CRMID": "crmid:4261374912", "orderDetails": {"orderID": "orderid:738238", "reservationid": "TA4-VQMG", "orderType": "call center"}}}
{"_id": "f9271eca-53c8-11ea-b402-b88a60e194fb", "timestamp": "2019-12-07T21:50:50.000Z", "eventType": "transaction", "_adobeamericaspot3": {"CRMID": "crmid:1805387491", "orderDetails": {"orderID": "orderid:373654", "reservationid": "MTX-H6UD", "orderType": "kiosk"}}}
{"_id": "f9280946-53c8-11ea-a3af-b88a60e194fb", "timestamp": "2019-12-24T20:30:13.000Z", "eventType": "transaction", "_adobeamericaspot3": {"CRMID": "crmid:3975134314", "orderDetails": {"orderID": "orderid:986519", "reservationid": "GGT-XRXE", "orderType": "call center"}}}
{"_id": "f928f3ba-53c8-11ea-af27-b88a60e194fb", "timestamp": "2019-12-18T12:25:48.000Z", "eventType": "transaction", "_adobeamericaspot3": {"CRMID": "crmid:8374038432", "orderDetails": {"orderID": "orderid:728507", "reservationid": "V8J-JIQP", "orderType": "kiosk"}}}
{"_id": "f929de06-53c8-11ea-8ec1-b88a60e194fb", "timestamp": "2019-12-27T17:12:40.000Z", "eventType": "transaction", "_adobeamericaspot3": {"CRMID": "crmid:8406599108", "orderDetails": {"orderID": "orderid:387304", "reservationid": "MBL-JLST", "orderType": "website"}}}
{"_id": "f92aa15a-53c8-11ea-8c6f-b88a60e194fb", "timestamp": "2020-02-12T04:35:09.000Z", "eventType": "transaction", "_adobeamericaspot3": {"CRMID": "crmid:3150228790", "orderDetails": {"orderID": "orderid:314547", "reservationid": "008-STQ7", "orderType": "website"}}}
{"_id": "f92b8bb8-53c8-11ea-93f3-b88a60e194fb", "timestamp": "2019-12-20T05:17:28.000Z", "eventType": "transaction", "_adobeamericaspot3": {"CRMID": "crmid:5779322227", "orderDetails": {"orderID": "orderid:743510", "reservationid": "POM-C4KR", "orderType": "call center"}}}
{"_id": "f92c4f1c-53c8-11ea-8a39-b88a60e194fb", "timestamp": "2020-01-29T04:57:24.000Z", "eventType": "transaction", "_adobeamericaspot3": {"CRMID": "crmid:2893722074", "orderDetails": {"orderID": "orderid:597560", "reservationid": "6JW-NAPD", "orderType": "call center"}}}
{"_id": "f92dae8c-53c8-11ea-abb2-b88a60e194fb", "timestamp": "2020-01-12T03:29:06.000Z", "eventType": "transaction", "_adobeamericaspot3": {"CRMID": "crmid:8188170746", "orderDetails": {"orderID": "orderid:700737", "reservationid": "UO4-UKWS", "orderType": "kiosk"}}}
{"_id": "f92e98f6-53c8-11ea-8a0d-b88a60e194fb", "timestamp": "2019-12-02T19:01:59.000Z", "eventType": "transaction", "_adobeamericaspot3": {"CRMID": "crmid:6534686094", "orderDetails": {"orderID": "orderid:878915", "reservationid": "HPY-BEZM", "orderType": "website"}}}
{"_id": "f92f8354-53c8-11ea-8528-b88a60e194fb", "timestamp": "2019-12-31T12:30:51.000Z", "eventType": "transaction", "_adobeamericaspot3": {"CRMID": "crmid:9487987494", "orderDetails": {"orderID": "orderid:240644", "reservationid": "WN0-KPGX", "orderType": "service desk"}}}
{"_id": "f9306db8-53c8-11ea-8ff5-b88a60e194fb", "timestamp": "2020-02-12T08:37:55.000Z", "eventType": "transaction", "_adobeamericaspot3": {"CRMID": "crmid:4377463177", "orderDetails": {"orderID": "orderid:104442", "reservationid": "4AH-UN9M", "orderType": "mobile"}}}
{"_id": "f9313106-53c8-11ea-a433-b88a60e194fb", "timestamp": "2019-12-03T20:00:39.000Z", "eventType": "transaction", "_adobeamericaspot3": {"CRMID": "crmid:1290401768", "orderDetails": {"orderID": "orderid:562828", "reservationid": "IMS-B675", "orderType": "kiosk"}}}
{"_id": "f9326952-53c8-11ea-ae5d-b88a60e194fb", "timestamp": "2020-01-13T23:01:01.000Z", "eventType": "transaction", "_adobeamericaspot3": {"CRMID": "crmid:2122783712", "orderDetails": {"orderID": "orderid:153992", "reservationid": "CK7-XZ8V", "orderType": "kiosk"}}}
{"_id": "f933a1c8-53c8-11ea-9287-b88a60e194fb", "timestamp": "2020-02-10T15:01:06.000Z", "eventType": "transaction", "_adobeamericaspot3": {"CRMID": "crmid:6847460696", "orderDetails": {"orderID": "orderid:269160", "reservationid": "NDB-VNAR", "orderType": "website"}}}
{"_id": "f93501c0-53c8-11ea-8d76-b88a60e194fb", "timestamp": "2020-02-13T12:49:33.000Z", "eventType": "transaction", "_adobeamericaspot3": {"CRMID": "crmid:7891624005", "orderDetails": {"orderID": "orderid:888662", "reservationid": "HHE-LWAT", "orderType": "call center"}}}
{"_id": "f93612e8-53c8-11ea-96b3-b88a60e194fb", "timestamp": "2020-02-10T20:58:15.000Z", "eventType": "transaction", "_adobeamericaspot3": {"CRMID": "crmid:2172830128", "orderDetails": {"orderID": "orderid:602990", "reservationid": "1JT-UNSJ", "orderType": "website"}}}
{"_id": "f937244c-53c8-11ea-910f-b88a60e194fb", "timestamp": "2020-01-31T20:35:19.000Z", "eventType": "transaction", "_adobeamericaspot3": {"CRMID": "crmid:9089352496", "orderDetails": {"orderID": "orderid:576466", "reservationid": "7VK-U8YE", "orderType": "website"}}}
{"_id": "f93835cc-53c8-11ea-b2cc-b88a60e194fb", "timestamp": "2020-01-31T23:26:10.000Z", "eventType": "transaction", "_adobeamericaspot3": {"CRMID": "crmid:2676865476", "orderDetails": {"orderID": "orderid:386818", "reservationid": "0DB-JJXP", "orderType": "mobile"}}}
{"_id": "f939201e-53c8-11ea-b4f0-b88a60e194fb", "timestamp": "2019-12-08T00:06:44.000Z", "eventType": "transaction", "_adobeamericaspot3": {"CRMID": "crmid:1276754246", "orderDetails": {"orderID": "orderid:126978", "reservationid": "ZXF-NSQE", "orderType": "call center"}}}
{"_id": "f93a0a7e-53c8-11ea-b89b-b88a60e194fb", "timestamp": "2020-01-06T09:13:59.000Z", "eventType": "transaction", "_adobeamericaspot3": {"CRMID": "crmid:4989721551", "orderDetails": {"orderID": "orderid:429553", "reservationid": "Y5A-BSYP", "orderType": "call center"}}}
{"_id": "f93af4d4-53c8-11ea-81b1-b88a60e194fb", "timestamp": "2020-01-26T23:19:31.000Z", "eventType": "transaction", "_adobeamericaspot3": {"CRMID": "crmid:7949078993", "orderDetails": {"orderID": "orderid:490755", "reservationid": "IMO-W3I4", "orderType": "call center"}}}
{"_id": "f93bdf38-53c8-11ea-807e-b88a60e194fb", "timestamp": "2020-02-01T21:03:10.000Z", "eventType": "transaction", "_adobeamericaspot3": {"CRMID": "crmid:1622704039", "orderDetails": {"orderID": "orderid:971395", "reservationid": "QAA-OQD1", "orderType": "website"}}}
{"_id": "f93cc994-53c8-11ea-85d0-b88a60e194fb", "timestamp": "2019-12-06T08:27:59.000Z", "eventType": "transaction", "_adobeamericaspot3": {"CRMID": "crmid:4395245540", "orderDetails": {"orderID": "orderid:719239", "reservationid": "VFT-PSNV", "orderType": "website"}}}
{"_id": "f93e2946-53c8-11ea-92dc-b88a60e194fb", "timestamp": "2019-12-22T14:01:04.000Z", "eventType": "transaction", "_adobeamericaspot3": {"CRMID": "crmid:7242460592", "orderDetails": {"orderID": "orderid:896751", "reservationid": "CST-OB2Z", "orderType": "mobile"}}}
{"_id": "f93fafd8-53c8-11ea-b241-b88a60e194fb", "timestamp": "2020-01-24T18:57:21.000Z", "eventType": "transaction", "_adobeamericaspot3": {"CRMID": "crmid:6797539394", "orderDetails": {"orderID": "orderid:520194", "reservationid": "O1A-SSSW", "orderType": "call center"}}}
{"_id": "f93fd7f6-53c8-11ea-ad06-b88a60e194fb", "timestamp": "2020-01-28T00:00:00.000Z", "eventType": "transaction", "_adobeamericaspot3": {"CRMID": "crmid:6797539394", "orderDetails": {"orderID": "orderid:352449", "reservationid": "OBC-HK01", "orderType": "website"}}}
{"_id": "f940e99a-53c8-11ea-bed2-b88a60e194fb", "timestamp": "2020-02-11T00:54:13.000Z", "eventType": "transaction", "_adobeamericaspot3": {"CRMID": "crmid:4110470893", "orderDetails": {"orderID": "orderid:902911", "reservationid": "8H3-RYKO", "orderType": "call center"}}}
{"_id": "f941acec-53c8-11ea-82fb-b88a60e194fb", "timestamp": "2019-12-08T03:27:35.000Z", "eventType": "transaction", "_adobeamericaspot3": {"CRMID": "crmid:9080299751", "orderDetails": {"orderID": "orderid:179864", "reservationid": "BKI-K939", "orderType": "kiosk"}}}
{"_id": "f942969e-53c8-11ea-8e97-b88a60e194fb", "timestamp": "2019-12-02T02:56:18.000Z", "eventType": "transaction", "_adobeamericaspot3": {"CRMID": "crmid:8324408401", "orderDetails": {"orderID": "orderid:153022", "reservationid": "91C-C3B3", "orderType": "website"}}}
{"_id": "f943a8d0-53c8-11ea-bb94-b88a60e194fb", "timestamp": "2020-01-04T16:19:51.000Z", "eventType": "transaction", "_adobeamericaspot3": {"CRMID": "crmid:9366367471", "orderDetails": {"orderID": "orderid:769481", "reservationid": "D0L-DWQN", "orderType": "service desk"}}}
{"_id": "f94491de-53c8-11ea-89a1-b88a60e194fb", "timestamp": "2019-12-17T02:35:20.000Z", "eventType": "transaction", "_adobeamericaspot3": {"CRMID": "crmid:1317083253", "orderDetails": {"orderID": "orderid:345536", "reservationid": "WEY-VVDJ", "orderType": "call center"}}}
{"_id": "f9455528-53c8-11ea-8fca-b88a60e194fb", "timestamp": "2020-02-05T07:53:54.000Z", "eventType": "transaction", "_adobeamericaspot3": {"CRMID": "crmid:1687580326", "orderDetails": {"orderID": "orderid:468457", "reservationid": "THY-TNVP", "orderType": "website"}}}
{"_id": "f9463f8a-53c8-11ea-81b3-b88a60e194fb", "timestamp": "2019-12-29T01:40:05.000Z", "eventType": "transaction", "_adobeamericaspot3": {"CRMID": "crmid:3642251190", "orderDetails": {"orderID": "orderid:656174", "reservationid": "XXR-CIIZ", "orderType": "call center"}}}
{"_id": "f9472a0c-53c8-11ea-a48d-b88a60e194fb", "timestamp": "2020-01-13T03:35:01.000Z", "eventType": "transaction", "_adobeamericaspot3": {"CRMID": "crmid:9330708474", "orderDetails": {"orderID": "orderid:438831", "reservationid": "RBE-GKYL", "orderType": "call center"}}}
{"_id": "f9481464-53c8-11ea-859e-b88a60e194fb", "timestamp": "2020-01-13T18:30:19.000Z", "eventType": "transaction", "_adobeamericaspot3": {"CRMID": "crmid:8721450612", "orderDetails": {"orderID": "orderid:858748", "reservationid": "LIF-IXTE", "orderType": "website"}}}
{"_id": "f948d7b6-53c8-11ea-8170-b88a60e194fb", "timestamp": "2020-02-02T04:06:04.000Z", "eventType": "transaction", "_adobeamericaspot3": {"CRMID": "crmid:9604129772", "orderDetails": {"orderID": "orderid:588520", "reservationid": "TMP-JR2U", "orderType": "website"}}}
{"_id": "f9499c5c-53c8-11ea-9192-b88a60e194fb", "timestamp": "2020-02-08T03:18:39.000Z", "eventType": "transaction", "_adobeamericaspot3": {"CRMID": "crmid:1559166231", "orderDetails": {"orderID": "orderid:919596", "reservationid": "QW7-U23T", "orderType": "call center"}}}
{"_id": "f94a8550-53c8-11ea-ab38-b88a60e194fb", "timestamp": "2020-02-12T15:32:24.000Z", "eventType": "transaction", "_adobeamericaspot3": {"CRMID": "crmid:6282294139", "orderDetails": {"orderID": "orderid:748359", "reservationid": "THF-TOTK", "orderType": "kiosk"}}}
{"_id": "f94b7100-53c8-11ea-88db-b88a60e194fb", "timestamp": "2019-12-11T21:53:30.000Z", "eventType": "transaction", "_adobeamericaspot3": {"CRMID": "crmid:6419581728", "orderDetails": {"orderID": "orderid:102058", "reservationid": "AKL-GWM8", "orderType": "call center"}}}
{"_id": "f94ca98a-53c8-11ea-899c-b88a60e194fb", "timestamp": "2019-12-23T18:03:33.000Z", "eventType": "transaction", "_adobeamericaspot3": {"CRMID": "crmid:4574880204", "orderDetails": {"orderID": "orderid:612476", "reservationid": "JNC-0URK", "orderType": "website"}}}
{"_id": "f94d6cbe-53c8-11ea-ac01-b88a60e194fb", "timestamp": "2019-12-14T14:04:47.000Z", "eventType": "transaction", "_adobeamericaspot3": {"CRMID": "crmid:4112049121", "orderDetails": {"orderID": "orderid:980842", "reservationid": "C96-FEWD", "orderType": "kiosk"}}}
{"_id": "f94e3038-53c8-11ea-9975-b88a60e194fb", "timestamp": "2020-01-21T10:56:31.000Z", "eventType": "transaction", "_adobeamericaspot3": {"CRMID": "crmid:6455038266", "orderDetails": {"orderID": "orderid:739764", "reservationid": "ACT-ACPQ", "orderType": "service desk"}}}
{"_id": "f94ef36e-53c8-11ea-ba4d-b88a60e194fb", "timestamp": "2019-12-10T23:55:12.000Z", "eventType": "transaction", "_adobeamericaspot3": {"CRMID": "crmid:1286429196", "orderDetails": {"orderID": "orderid:320981", "reservationid": "MGB-HUXO", "orderType": "call center"}}}
{"_id": "f94fdde2-53c8-11ea-821b-b88a60e194fb", "timestamp": "2020-01-17T18:57:47.000Z", "eventType": "transaction", "_adobeamericaspot3": {"CRMID": "crmid:3842948571", "orderDetails": {"orderID": "orderid:428932", "reservationid": "JDW-AVFP", "orderType": "call center"}}}
{"_id": "f950c828-53c8-11ea-8627-b88a60e194fb", "timestamp": "2019-12-06T23:01:22.000Z", "eventType": "transaction", "_adobeamericaspot3": {"CRMID": "crmid:7527649372", "orderDetails": {"orderID": "orderid:914084", "reservationid": "ZZF-OZAA", "orderType": "website"}}}
{"_id": "f951ff4a-53c8-11ea-a771-b88a60e194fb", "timestamp": "2020-01-12T06:21:03.000Z", "eventType": "transaction", "_adobeamericaspot3": {"CRMID": "crmid:4009142846", "orderDetails": {"orderID": "orderid:907923", "reservationid": "CH9-VT5Y", "orderType": "kiosk"}}}
{"_id": "f952c29e-53c8-11ea-899c-b88a60e194fb", "timestamp": "2019-12-21T15:28:46.000Z", "eventType": "transaction", "_adobeamericaspot3": {"CRMID": "crmid:9807346813", "orderDetails": {"orderID": "orderid:444754", "reservationid": "7DR-AWRP", "orderType": "kiosk"}}}
{"_id": "f95385e8-53c8-11ea-8cce-b88a60e194fb", "timestamp": "2020-01-17T10:21:26.000Z", "eventType": "transaction", "_adobeamericaspot3": {"CRMID": "crmid:5048402599", "orderDetails": {"orderID": "orderid:227759", "reservationid": "Z6G-TWZO", "orderType": "website"}}}
{"_id": "f954704a-53c8-11ea-a5e8-b88a60e194fb", "timestamp": "2020-02-01T02:09:30.000Z", "eventType": "transaction", "_adobeamericaspot3": {"CRMID": "crmid:3928649069", "orderDetails": {"orderID": "orderid:356719", "reservationid": "YWT-YGTM", "orderType": "website"}}}
{"_id": "f9555aa6-53c8-11ea-9af1-b88a60e194fb", "timestamp": "2020-01-03T04:52:02.000Z", "eventType": "transaction", "_adobeamericaspot3": {"CRMID": "crmid:1759177332", "orderDetails": {"orderID": "orderid:526006", "reservationid": "KFC-RDCG", "orderType": "call center"}}}
{"_id": "f9566c1c-53c8-11ea-89ee-b88a60e194fb", "timestamp": "2020-01-06T13:00:29.000Z", "eventType": "transaction", "_adobeamericaspot3": {"CRMID": "crmid:2391862065", "orderDetails": {"orderID": "orderid:676488", "reservationid": "UO4-4WXF", "orderType": "call center"}}}
{"_id": "f9575680-53c8-11ea-b96e-b88a60e194fb", "timestamp": "2020-02-06T11:02:09.000Z", "eventType": "transaction", "_adobeamericaspot3": {"CRMID": "crmid:6535293860", "orderDetails": {"orderID": "orderid:874467", "reservationid": "KDV-6ZPT", "orderType": "mobile"}}}
{"_id": "f95840dc-53c8-11ea-95a3-b88a60e194fb", "timestamp": "2019-12-04T11:52:46.000Z", "eventType": "transaction", "_adobeamericaspot3": {"CRMID": "crmid:2412709224", "orderDetails": {"orderID": "orderid:409463", "reservationid": "N43-GZ9K", "orderType": "call center"}}}
{"_id": "f9595248-53c8-11ea-bc5b-b88a60e194fb", "timestamp": "2020-02-01T21:06:42.000Z", "eventType": "transaction", "_adobeamericaspot3": {"CRMID": "crmid:2766932301", "orderDetails": {"orderID": "orderid:148508", "reservationid": "HFD-DBVD", "orderType": "kiosk"}}}
{"_id": "f95a3cae-53c8-11ea-bb9f-b88a60e194fb", "timestamp": "2020-02-16T10:03:43.000Z", "eventType": "transaction", "_adobeamericaspot3": {"CRMID": "crmid:2067017192", "orderDetails": {"orderID": "orderid:143842", "reservationid": "BJC-R5ZL", "orderType": "call center"}}}
{"_id": "f95b270c-53c8-11ea-82c6-b88a60e194fb", "timestamp": "2020-02-04T15:41:39.000Z", "eventType": "transaction", "_adobeamericaspot3": {"CRMID": "crmid:8050894856", "orderDetails": {"orderID": "orderid:941631", "reservationid": "CND-MURR", "orderType": "call center"}}}
{"_id": "f95bea5e-53c8-11ea-9e4d-b88a60e194fb", "timestamp": "2020-01-18T18:01:13.000Z", "eventType": "transaction", "_adobeamericaspot3": {"CRMID": "crmid:2328494351", "orderDetails": {"orderID": "orderid:327419", "reservationid": "OCP-NILY", "orderType": "kiosk"}}}
{"_id": "f95cd4b8-53c8-11ea-bacd-b88a60e194fb", "timestamp": "2020-01-24T04:40:31.000Z", "eventType": "transaction", "_adobeamericaspot3": {"CRMID": "crmid:3137416918", "orderDetails": {"orderID": "orderid:866680", "reservationid": "WF4-WPR3", "orderType": "call center"}}}
{"_id": "f95cd4b9-53c8-11ea-9ba0-b88a60e194fb", "timestamp": "2020-01-28T00:00:00.000Z", "eventType": "transaction", "_adobeamericaspot3": {"CRMID": "crmid:3137416918", "orderDetails": {"orderID": "orderid:294001", "reservationid": "S3H-UX2S", "orderType": "website"}}}
{"_id": "f95dbf10-53c8-11ea-9b1b-b88a60e194fb", "timestamp": "2020-01-13T16:22:32.000Z", "eventType": "transaction", "_adobeamericaspot3": {"CRMID": "crmid:5760260070", "orderDetails": {"orderID": "orderid:870120", "reservationid": "EY4-GTH6", "orderType": "website"}}}
{"_id": "f95e826e-53c8-11ea-867e-b88a60e194fb", "timestamp": "2020-01-04T03:47:27.000Z", "eventType": "transaction", "_adobeamericaspot3": {"CRMID": "crmid:1821584010", "orderDetails": {"orderID": "orderid:476139", "reservationid": "R8P-YPIS", "orderType": "website"}}}
{"_id": "f95f6cdc-53c8-11ea-a0c5-b88a60e194fb", "timestamp": "2020-02-11T12:17:54.000Z", "eventType": "transaction", "_adobeamericaspot3": {"CRMID": "crmid:6831241722", "orderDetails": {"orderID": "orderid:694409", "reservationid": "UFG-TAER", "orderType": "website"}}}
{"_id": "f9607e6e-53c8-11ea-a5cb-b88a60e194fb", "timestamp": "2020-01-26T12:04:18.000Z", "eventType": "transaction", "_adobeamericaspot3": {"CRMID": "crmid:4729459780", "orderDetails": {"orderID": "orderid:698136", "reservationid": "XBY-XTLB", "orderType": "website"}}}
{"_id": "f96168ae-53c8-11ea-a64b-b88a60e194fb", "timestamp": "2020-02-03T01:16:43.000Z", "eventType": "transaction", "_adobeamericaspot3": {"CRMID": "crmid:7260535727", "orderDetails": {"orderID": "orderid:192125", "reservationid": "J5W-VETC", "orderType": "call center"}}}
{"_id": "f962530a-53c8-11ea-b0b9-b88a60e194fb", "timestamp": "2020-01-20T03:27:06.000Z", "eventType": "transaction", "_adobeamericaspot3": {"CRMID": "crmid:2168494776", "orderDetails": {"orderID": "orderid:241910", "reservationid": "CES-ESTW", "orderType": "mobile"}}}
{"_id": "f9633d66-53c8-11ea-9bda-b88a60e194fb", "timestamp": "2019-12-27T16:55:03.000Z", "eventType": "transaction", "_adobeamericaspot3": {"CRMID": "crmid:9686340567", "orderDetails": {"orderID": "orderid:765467", "reservationid": "TB3-PKEF", "orderType": "kiosk"}}}
{"_id": "f96400b6-53c8-11ea-b1b2-b88a60e194fb", "timestamp": "2019-12-28T02:59:28.000Z", "eventType": "transaction", "_adobeamericaspot3": {"CRMID": "crmid:9151521749", "orderDetails": {"orderID": "orderid:757836", "reservationid": "3Z8-WNEE", "orderType": "website"}}}
{"_id": "f9651228-53c8-11ea-8d71-b88a60e194fb", "timestamp": "2020-02-13T16:31:18.000Z", "eventType": "transaction", "_adobeamericaspot3": {"CRMID": "crmid:6496674821", "orderDetails": {"orderID": "orderid:801512", "reservationid": "CRB-JY1L", "orderType": "kiosk"}}}
{"_id": "f965d57a-53c8-11ea-8a40-b88a60e194fb", "timestamp": "2020-02-04T05:20:51.000Z", "eventType": "transaction", "_adobeamericaspot3": {"CRMID": "crmid:3140895294", "orderDetails": {"orderID": "orderid:347243", "reservationid": "Y7Q-RGNT", "orderType": "kiosk"}}}
{"_id": "f966bfd4-53c8-11ea-9af4-b88a60e194fb", "timestamp": "2019-12-31T01:27:35.000Z", "eventType": "transaction", "_adobeamericaspot3": {"CRMID": "crmid:4593091207", "orderDetails": {"orderID": "orderid:592000", "reservationid": "TOH-JFK5", "orderType": "kiosk"}}}
