id,reservationid,orderid,crmid,timestamporderType,productsku,hotelCheckInUnix,hotelCheckOutUnix,hotelCheckInTS,hotelCheckOutTS,hotelName,hotelChain,hotelLocation,hotelRoomType,hotelRoomCount,hotelGuestAdultCount,hotelGuestChildCount,hotelNightCount,hotelRoomPrice,hotelFinalPrice
orderid:714174,ALJ-IFFF,orderid:714174,crmid:5630306650,2019-12-17T00:11:42.000Z,website,prd1095,1576627902,1577059902,2019-12-18T00:11:42+00:00,2019-12-23T00:11:42+00:00,Hospitality Inn: Casablanca,Hospitality Inn,Casablanca,premium,1,1,0,5,165.59,827.95
orderid:730598,MYG-WHXI,orderid:730598,crmid:4595694667,2019-12-09T18:20:21.000Z,kiosk,prd1123,1576088421,1576174821,2019-12-11T18:20:21+00:00,2019-12-12T18:20:21+00:00,Family Fun Hotels: Amsterdam,Family Fun Hotels,Amsterdam,standard,1,1,0,1,136.7,136.7
orderid:230727,CVM-AX0X,orderid:230727,crmid:4615485653,2019-12-20T23:50:49.000Z,call center,prd1184,1578613849,1579132249,2020-01-09T23:50:49+00:00,2020-01-15T23:50:49+00:00,Aspen Heights: Arlington,Aspen Heights,Arlington,premium,1,1,4,6,129.05,774.3
orderid:245968,VOK-YUKG,orderid:245968,crmid:8811159231,2019-12-10T20:02:46.000Z,website,prd1110,1577908966,1578686566,2020-01-01T20:02:46+00:00,2020-01-10T20:02:46+00:00,Restful Nights: Sofia,Restful Nights,Sofia,premium,1,1,0,9,149.23,1343.07
orderid:943296,Z2E-ORPU,orderid:943296,crmid:7060996936,2020-02-13T12:45:42.000Z,call center,prd1105,1583585142,1584276342,2020-03-07T12:45:42+00:00,2020-03-15T12:45:42+00:00,Admiralty Plaza: Barcelona,Admiralty Plaza,Barcelona,standard,1,1,1,8,174.96,1399.68
orderid:725553,FFG-BR30,orderid:725553,crmid:4761938618,2019-12-28T18:50:41.000Z,call center,prd1047,1579546241,1580583041,2020-01-20T18:50:41+00:00,2020-02-01T18:50:41+00:00,Hospitality Inn: Oakland,Hospitality Inn,Oakland,standard,1,1,0,12,149.57,1794.84
orderid:853814,A2Q-HGYV,orderid:853814,crmid:7844775919,2020-01-11T05:56:39.000Z,website,prd1091,1580709399,1581400599,2020-02-03T05:56:39+00:00,2020-02-11T05:56:39+00:00,Nesting Box Inn: New Taipei,Nesting Box Inn,New Taipei,standard,1,1,4,8,136.14,1089.12
orderid:560910,D28-YPQV,orderid:560910,crmid:4402971304,2019-12-08T16:47:58.000Z,website,prd1176,1576342078,1576860478,2019-12-14T16:47:58+00:00,2019-12-20T16:47:58+00:00,Repose Resort: Omaha,Repose Resort,Omaha,standard,1,1,0,6,170.25,1021.5
orderid:879515,FW2-NVN0,orderid:879515,crmid:5284372280,2019-12-26T20:36:17.000Z,call center,prd1135,1577478977,1577738177,2019-12-27T20:36:17+00:00,2019-12-30T20:36:17+00:00,Family Fun Hotels: Vancouver,Family Fun Hotels,Vancouver,standard,1,1,0,3,166.14,498.42
orderid:697487,VRV-6IY8,orderid:697487,crmid:1921471074,2019-12-10T18:06:56.000Z,website,prd1189,1578161216,1578679616,2020-01-04T18:06:56+00:00,2020-01-10T18:06:56+00:00,Admiralty Plaza: Bakersfield,Admiralty Plaza,Bakersfield,standard,1,1,0,6,147.95,887.7
orderid:430244,IXO-6P6Y,orderid:430244,crmid:9331894898,2019-12-17T15:30:48.000Z,website,prd1108,1578324648,1579447848,2020-01-06T15:30:48+00:00,2020-01-19T15:30:48+00:00,Sandhill: Milan,Sandhill,Milan,premium,1,1,0,13,120.83,1570.79
orderid:890608,5UO-U3GB,orderid:890608,crmid:9171063936,2019-12-04T20:41:01.000Z,kiosk,prd1130,1577220061,1578256861,2019-12-24T20:41:01+00:00,2020-01-05T20:41:01+00:00,Blue Reef Resort: Bremen,Blue Reef Resort,Bremen,standard,1,1,1,12,120.62,1447.44
orderid:178671,1TC-WKHJ,orderid:178671,crmid:7859911004,2020-01-23T13:17:42.000Z,website,prd1192,1579871862,1580044662,2020-01-24T13:17:42+00:00,2020-01-26T13:17:42+00:00,Sandhill: Delhi,Sandhill,Delhi,standard,1,1,0,2,78.64,157.28
orderid:969246,JAE-TUT1,orderid:969246,crmid:7211590905,2020-01-28T21:59:13.000Z,mobile,prd1155,1582495153,1583099953,2020-02-23T21:59:13+00:00,2020-03-01T21:59:13+00:00,Hospitality Inn: Denver,Hospitality Inn,Denver,standard,1,1,3,7,124.57,871.99
orderid:587881,MSO-CKRP,orderid:587881,crmid:3374075188,2020-02-11T13:26:38.000Z,website,prd1181,1581513998,1581773198,2020-02-12T13:26:38+00:00,2020-02-15T13:26:38+00:00,Grandeur Hotels: Oakland,Grandeur Hotels,Oakland,standard,1,1,0,3,133.3,399.9
orderid:633711,KZL-X7X7,orderid:633711,crmid:3374075188,2020-02-17T00:00:00.000Z,kiosk,prd1125,1582243200,1582416000,2020-02-21T00:00:00+00:00,2020-02-23T00:00:00+00:00,Sapphire Suites: Palermo,Sapphire Suites,Palermo,premium,1,1,0,2,135.9,271.8
orderid:532181,NJH-ARGD,orderid:532181,crmid:7556915470,2019-12-27T21:56:56.000Z,website,prd1064,1579643816,1580162216,2020-01-21T21:56:56+00:00,2020-01-27T21:56:56+00:00,Aspen Heights: Paris,Aspen Heights,Paris,premium,1,1,0,6,122.85,737.1
orderid:406291,QPR-10KZ,orderid:406291,crmid:8036269613,2020-01-12T13:11:37.000Z,mobile,prd1058,1579180297,1579266697,2020-01-16T13:11:37+00:00,2020-01-17T13:11:37+00:00,Blue Reef Resort: Delhi,Blue Reef Resort,Delhi,standard,1,1,0,1,152.11,152.11
orderid:910071,G8Z-X0BI,orderid:910071,crmid:8512253781,2020-01-31T03:17:40.000Z,website,prd1122,1580527060,1580786260,2020-02-01T03:17:40+00:00,2020-02-04T03:17:40+00:00,Restful Nights: Valencia,Restful Nights,Valencia,standard,1,1,0,3,128.91,386.73
orderid:363421,DQM-WDWB,orderid:363421,crmid:1422792704,2019-12-18T15:44:49.000Z,website,prd1004,1576943089,1577115889,2019-12-21T15:44:49+00:00,2019-12-23T15:44:49+00:00,Aspen Heights: Boulder,Aspen Heights,Boulder,premium,1,1,0,2,107.19,214.38
orderid:306705,ZJZ-JNN5,orderid:306705,crmid:3626987201,2020-01-04T12:08:28.000Z,kiosk,prd1001,1580299708,1580558908,2020-01-29T12:08:28+00:00,2020-02-01T12:08:28+00:00,Grandeur Hotels: New York,Grandeur Hotels,New York,standard,1,1,0,3,119.7,359.1
orderid:912141,VIU-1DWA,orderid:912141,crmid:8719408301,2020-01-28T16:07:17.000Z,call center,prd1190,1580400437,1580573237,2020-01-30T16:07:17+00:00,2020-02-01T16:07:17+00:00,Blue Reef Resort: Aurora,Blue Reef Resort,Aurora,standard,1,1,0,2,156.24,312.48
orderid:251617,YA9-LTW4,orderid:251617,crmid:6927877125,2019-12-03T00:03:28.000Z,website,prd1052,1577318608,1577923408,2019-12-26T00:03:28+00:00,2020-01-02T00:03:28+00:00,Aspen Heights: Wichita,Aspen Heights,Wichita,premium,1,1,4,7,147.36,1031.52
orderid:655241,HZI-WL9H,orderid:655241,crmid:1892931996,2019-12-25T22:52:53.000Z,website,prd1093,1578437573,1579387973,2020-01-07T22:52:53+00:00,2020-01-18T22:52:53+00:00,Admiralty Plaza: Yokohama,Admiralty Plaza,Yokohama,premium,1,1,0,11,162.77,1790.47
orderid:895988,WED-YKBR,orderid:895988,crmid:5621603230,2020-01-31T21:59:11.000Z,kiosk,prd1165,1580594351,1581371951,2020-02-01T21:59:11+00:00,2020-02-10T21:59:11+00:00,Admiralty Plaza: Louisville,Admiralty Plaza,Louisville,premium,1,1,0,9,148.84,1339.56
orderid:313384,GVS-JEB0,orderid:313384,crmid:1320811010,2020-02-08T03:05:09.000Z,kiosk,prd1053,1583031909,1583463909,2020-03-01T03:05:09+00:00,2020-03-06T03:05:09+00:00,Sapphire Suites: Cleveland,Sapphire Suites,Cleveland,standard,1,1,1,5,95.46,477.3
orderid:564164,YOS-TZQH,orderid:564164,crmid:2742746607,2019-12-24T18:43:50.000Z,service desk,prd1189,1577299430,1577385830,2019-12-25T18:43:50+00:00,2019-12-26T18:43:50+00:00,Admiralty Plaza: Bakersfield,Admiralty Plaza,Bakersfield,premium,1,1,0,1,194.31,194.31
orderid:793720,C1S-MYIW,orderid:793720,crmid:8668464819,2019-12-05T06:36:48.000Z,website,prd1195,1577515008,1578119808,2019-12-28T06:36:48+00:00,2020-01-04T06:36:48+00:00,Family Fun Hotels: Lahore,Family Fun Hotels,Lahore,standard,1,1,0,7,126.13,882.91
orderid:247918,GWU-CMYZ,orderid:247918,crmid:7019283408,2019-12-15T12:01:57.000Z,website,prd1168,1576670517,1577361717,2019-12-18T12:01:57+00:00,2019-12-26T12:01:57+00:00,Sandhill: Albuquerque,Sandhill,Albuquerque,premium,1,1,0,8,127.61,1020.88
orderid:970875,E5X-QF0D,orderid:970875,crmid:4068247865,2020-01-19T14:12:24.000Z,call center,prd1130,1581516744,1582121544,2020-02-12T14:12:24+00:00,2020-02-19T14:12:24+00:00,Blue Reef Resort: Bremen,Blue Reef Resort,Bremen,standard,1,1,2,7,181.8,1272.6
orderid:583262,II1-KL7I,orderid:583262,crmid:7199155918,2019-12-08T16:13:59.000Z,call center,prd1107,1575908039,1576080839,2019-12-09T16:13:59+00:00,2019-12-11T16:13:59+00:00,Hospitality Inn: Kharkiv,Hospitality Inn,Kharkiv,standard,1,1,0,2,143.36,286.72
orderid:605589,MG4-WFO8,orderid:605589,crmid:2435573879,2020-02-08T14:25:02.000Z,kiosk,prd1044,1581603902,1582122302,2020-02-13T14:25:02+00:00,2020-02-19T14:25:02+00:00,Repose Resort: Colorado Springs,Repose Resort,Colorado Springs,standard,1,1,0,6,107.27,643.62
orderid:288234,HGS-P5I3,orderid:288234,crmid:7807362486,2020-01-09T07:48:56.000Z,website,prd1028,1580629736,1581407336,2020-02-02T07:48:56+00:00,2020-02-11T07:48:56+00:00,Aspen Heights: Portland,Aspen Heights,Portland,standard,1,1,0,9,131.58,1184.22
orderid:398912,YAP-NZZL,orderid:398912,crmid:7888154440,2020-01-29T22:05:17.000Z,website,prd1045,1582495517,1583791517,2020-02-23T22:05:17+00:00,2020-03-09T22:05:17+00:00,Admiralty Plaza: Miami,Admiralty Plaza,Miami,standard,1,1,4,15,149.06,2235.9
orderid:881276,J8W-DNOX,orderid:881276,crmid:5270982454,2020-02-06T13:02:14.000Z,kiosk,prd1070,1581685334,1582376534,2020-02-14T13:02:14+00:00,2020-02-22T13:02:14+00:00,Blue Reef Resort: Jakarta,Blue Reef Resort,Jakarta,standard,1,1,0,8,148.12,1184.96
orderid:813977,4GN-KFDQ,orderid:813977,crmid:2632303995,2019-12-05T13:57:33.000Z,mobile,prd1045,1577541453,1578751053,2019-12-28T13:57:33+00:00,2020-01-11T13:57:33+00:00,Admiralty Plaza: Miami,Admiralty Plaza,Miami,standard,1,1,0,14,167.98,2351.72
orderid:559504,EQE-PUMH,orderid:559504,crmid:7724029093,2019-12-06T00:34:30.000Z,service desk,prd1136,1575851670,1576197270,2019-12-09T00:34:30+00:00,2019-12-13T00:34:30+00:00,Aspen Heights: Osaka,Aspen Heights,Osaka,standard,1,1,0,4,153.17,612.68
orderid:131889,K1L-WQCX,orderid:131889,crmid:7724029093,2019-12-14T00:00:00.000Z,website,prd1068,1576368000,1576627200,2019-12-15T00:00:00+00:00,2019-12-18T00:00:00+00:00,Repose Resort: Dhaka,Repose Resort,Dhaka,standard,1,1,0,3,176.31,528.93
orderid:701789,84P-DVBR,orderid:701789,crmid:7724029093,2019-12-19T00:00:00.000Z,call center,prd1140,1577232000,1577318400,2019-12-25T00:00:00+00:00,2019-12-26T00:00:00+00:00,Repose Resort: Kano,Repose Resort,Kano,standard,1,1,0,1,122.39,122.39
orderid:703912,UIV-XT1W,orderid:703912,crmid:8352490086,2020-02-16T19:15:10.000Z,website,prd1040,1583781310,1584472510,2020-03-09T19:15:10+00:00,2020-03-17T19:15:10+00:00,Aspen Heights: Atlanta,Aspen Heights,Atlanta,standard,1,1,1,8,123.78,990.24
orderid:828261,6W7-JAYN,orderid:828261,crmid:7338309439,2020-01-31T17:30:36.000Z,call center,prd1176,1581442236,1581960636,2020-02-11T17:30:36+00:00,2020-02-17T17:30:36+00:00,Repose Resort: Omaha,Repose Resort,Omaha,standard,1,1,1,6,190.02,1140.12
orderid:582884,AKA-O2ZG,orderid:582884,crmid:4031681379,2019-12-13T15:37:30.000Z,kiosk,prd1125,1578325050,1578929850,2020-01-06T15:37:30+00:00,2020-01-13T15:37:30+00:00,Sapphire Suites: Palermo,Sapphire Suites,Palermo,standard,1,1,0,7,141.17,988.19
orderid:176100,HOR-DUJV,orderid:176100,crmid:8421961382,2020-01-27T21:23:18.000Z,kiosk,prd1101,1580678598,1581110598,2020-02-02T21:23:18+00:00,2020-02-07T21:23:18+00:00,Sapphire Suites: Vienna,Sapphire Suites,Vienna,standard,1,1,0,5,118.58,592.9
orderid:750890,VXR-FKJ2,orderid:750890,crmid:7968270181,2020-01-25T02:15:02.000Z,call center,prd1105,1581646502,1583028902,2020-02-14T02:15:02+00:00,2020-03-01T02:15:02+00:00,Admiralty Plaza: Barcelona,Admiralty Plaza,Barcelona,ultra-luxury,1,1,0,16,287.43,4598.88
orderid:152122,61G-OAH5,orderid:152122,crmid:3446924523,2020-01-16T15:01:27.000Z,call center,prd1074,1579791687,1581346887,2020-01-23T15:01:27+00:00,2020-02-10T15:01:27+00:00,Restful Nights: Mexico City,Restful Nights,Mexico City,luxury,1,1,0,18,352.45,6344.1
orderid:886114,KZZ-28IR,orderid:886114,crmid:4867212224,2019-12-05T04:52:47.000Z,kiosk,prd1050,1575953567,1577163167,2019-12-10T04:52:47+00:00,2019-12-24T04:52:47+00:00,Restful Nights: Arlington,Restful Nights,Arlington,premium,1,1,4,14,138.93,1945.02
orderid:978208,PXM-8YTR,orderid:978208,crmid:2481768335,2020-02-14T23:09:07.000Z,call center,prd1179,1582412947,1583017747,2020-02-22T23:09:07+00:00,2020-02-29T23:09:07+00:00,Hospitality Inn: Miami,Hospitality Inn,Miami,premium,1,1,3,7,121.88,853.16
orderid:785268,HMX-JKPS,orderid:785268,crmid:3186126983,2020-01-23T17:43:48.000Z,kiosk,prd1165,1582393428,1583343828,2020-02-22T17:43:48+00:00,2020-03-04T17:43:48+00:00,Admiralty Plaza: Louisville,Admiralty Plaza,Louisville,premium,1,1,3,11,145.45,1599.95
orderid:655534,WCD-WW92,orderid:655534,crmid:9317455951,2019-12-03T02:23:45.000Z,service desk,prd1016,1575858225,1576376625,2019-12-09T02:23:45+00:00,2019-12-15T02:23:45+00:00,Aspen Heights: Columbus,Aspen Heights,Columbus,standard,1,1,0,6,123.1,738.6
orderid:461566,OG2-WVMK,orderid:461566,crmid:7329987185,2020-01-28T03:08:50.000Z,call center,prd1166,1581736130,1581995330,2020-02-15T03:08:50+00:00,2020-02-18T03:08:50+00:00,Blue Reef Resort: Baltimore,Blue Reef Resort,Baltimore,premium,1,1,0,3,154.78,464.34
orderid:783288,YOF-9BLZ,orderid:783288,crmid:7176251131,2020-01-02T11:01:18.000Z,website,prd1198,1580468478,1581073278,2020-01-31T11:01:18+00:00,2020-02-07T11:01:18+00:00,Sego Lily Suites: Paris,Sego Lily Suites,Paris,standard,1,1,0,7,136.71,956.97
orderid:742748,ORR-SCCA,orderid:742748,crmid:3470120160,2019-12-17T10:43:33.000Z,kiosk,prd1153,1578566613,1579171413,2020-01-09T10:43:33+00:00,2020-01-16T10:43:33+00:00,Admiralty Plaza: Charlotte,Admiralty Plaza,Charlotte,luxury,1,1,0,7,355.81,2490.67
orderid:954463,KOW-8YYS,orderid:954463,crmid:8739286993,2020-01-17T14:21:01.000Z,kiosk,prd1025,1581517261,1582035661,2020-02-12T14:21:01+00:00,2020-02-18T14:21:01+00:00,Grandeur Hotels: Detroit,Grandeur Hotels,Detroit,standard,1,1,0,6,102.96,617.76
orderid:566627,T8Z-9BFL,orderid:566627,crmid:6119941749,2019-12-14T15:22:35.000Z,call center,prd1131,1578496955,1579274555,2020-01-08T15:22:35+00:00,2020-01-17T15:22:35+00:00,Hospitality Inn: Sheffield,Hospitality Inn,Sheffield,standard,1,1,1,9,94.42,849.78
orderid:674031,GK8-5HPJ,orderid:674031,crmid:4462105165,2020-02-16T01:33:16.000Z,mobile,prd1166,1582162396,1582680796,2020-02-20T01:33:16+00:00,2020-02-26T01:33:16+00:00,Blue Reef Resort: Baltimore,Blue Reef Resort,Baltimore,standard,1,1,0,6,109.41,656.46
orderid:201768,DJP-UHBN,orderid:201768,crmid:4825811024,2019-12-07T03:59:00.000Z,website,prd1136,1575777540,1575950340,2019-12-08T03:59:00+00:00,2019-12-10T03:59:00+00:00,Aspen Heights: Osaka,Aspen Heights,Osaka,standard,1,1,0,2,133.89,267.78
orderid:677082,7QN-FYRV,orderid:677082,crmid:4825811024,2019-12-11T00:00:00.000Z,website,prd1007,1576108800,1576195200,2019-12-12T00:00:00+00:00,2019-12-13T00:00:00+00:00,Nesting Box Inn: Phoenix,Nesting Box Inn,Phoenix,standard,1,1,0,1,174.33,174.33
orderid:777775,LXD-VLPO,orderid:777775,crmid:1958249705,2020-01-05T06:08:46.000Z,website,prd1023,1579673326,1580710126,2020-01-22T06:08:46+00:00,2020-02-03T06:08:46+00:00,Hospitality Inn: Boston,Hospitality Inn,Boston,standard,1,1,0,12,131.49,1577.88
orderid:378702,RQR-UMGX,orderid:378702,crmid:4622749704,2020-01-06T23:11:30.000Z,kiosk,prd1099,1578438690,1578784290,2020-01-07T23:11:30+00:00,2020-01-11T23:11:30+00:00,Family Fun Hotels: Bucharest,Family Fun Hotels,Bucharest,standard,1,1,0,4,155.89,623.56
orderid:942155,EV2-GIXP,orderid:942155,crmid:4959428466,2020-01-03T01:05:42.000Z,website,prd1079,1578877542,1579568742,2020-01-13T01:05:42+00:00,2020-01-21T01:05:42+00:00,Nesting Box Inn: Chennai,Nesting Box Inn,Chennai,standard,1,1,0,8,137.33,1098.64
orderid:353842,CFT-1BOQ,orderid:353842,crmid:8004663857,2019-12-19T13:18:14.000Z,website,prd1175,1577107094,1577539094,2019-12-23T13:18:14+00:00,2019-12-28T13:18:14+00:00,Nesting Box Inn: Long Beach,Nesting Box Inn,Long Beach,standard,1,1,0,5,154.97,774.85
orderid:978531,BKW-MZRT,orderid:978531,crmid:6742717733,2020-01-31T05:52:54.000Z,website,prd1148,1582696374,1583214774,2020-02-26T05:52:54+00:00,2020-03-03T05:52:54+00:00,Aspen Heights: Jacksonville,Aspen Heights,Jacksonville,standard,1,1,1,6,137.87,827.22
orderid:308856,NXM-PKYD,orderid:308856,crmid:3930761184,2020-02-14T18:08:32.000Z,kiosk,prd1071,1583258912,1583777312,2020-03-03T18:08:32+00:00,2020-03-09T18:08:32+00:00,Hospitality Inn: Seoul,Hospitality Inn,Seoul,standard,1,1,0,6,117.93,707.58
orderid:743059,BW8-1VC2,orderid:743059,crmid:9844671311,2019-12-04T18:01:03.000Z,website,prd1033,1577469663,1577988063,2019-12-27T18:01:03+00:00,2020-01-02T18:01:03+00:00,Admiralty Plaza: Milwaukee,Admiralty Plaza,Milwaukee,standard,1,1,1,6,123.98,743.88
orderid:583239,AW0-HRC8,orderid:583239,crmid:4921506914,2020-02-09T17:53:40.000Z,call center,prd1034,1582998820,1583517220,2020-02-29T17:53:40+00:00,2020-03-06T17:53:40+00:00,Blue Reef Resort: Albuquerque,Blue Reef Resort,Albuquerque,standard,1,1,0,6,149.81,898.86
orderid:543141,ESO-NJ68,orderid:543141,crmid:8019500242,2020-01-06T02:41:09.000Z,call center,prd1184,1580611269,1581129669,2020-02-02T02:41:09+00:00,2020-02-08T02:41:09+00:00,Aspen Heights: Arlington,Aspen Heights,Arlington,standard,1,1,0,6,131.64,789.84
orderid:972464,DOO-4U4F,orderid:972464,crmid:8357043361,2020-02-14T01:01:43.000Z,service desk,prd1141,1583283703,1583629303,2020-03-04T01:01:43+00:00,2020-03-08T01:01:43+00:00,Admiralty Plaza: Phoenix,Admiralty Plaza,Phoenix,premium,1,1,0,4,158.44,633.76
orderid:193723,HZI-5LEU,orderid:193723,crmid:7186836286,2019-12-30T03:25:33.000Z,website,prd1119,1577762733,1578194733,2019-12-31T03:25:33+00:00,2020-01-05T03:25:33+00:00,Hospitality Inn: Turin,Hospitality Inn,Turin,premium,1,1,0,5,196.67,983.35
orderid:314115,B3G-KOJK,orderid:314115,crmid:7419241983,2019-12-10T04:19:34.000Z,website,prd1105,1576124374,1576210774,2019-12-12T04:19:34+00:00,2019-12-13T04:19:34+00:00,Admiralty Plaza: Barcelona,Admiralty Plaza,Barcelona,premium,1,1,0,1,165.03,165.03
orderid:940078,ZSQ-EKAX,orderid:940078,crmid:7419241983,2019-12-15T00:00:00.000Z,service desk,prd1052,1576454400,1576713600,2019-12-16T00:00:00+00:00,2019-12-19T00:00:00+00:00,Aspen Heights: Wichita,Aspen Heights,Wichita,standard,1,1,0,3,134.35,403.05
orderid:721952,SLP-NN11,orderid:721952,crmid:7419241983,2019-12-20T00:00:00.000Z,kiosk,prd1093,1577232000,1577664000,2019-12-25T00:00:00+00:00,2019-12-30T00:00:00+00:00,Admiralty Plaza: Yokohama,Admiralty Plaza,Yokohama,premium,1,1,0,5,118.75,593.75
orderid:247569,CPO-RNEB,orderid:247569,crmid:7419241983,2019-12-31T00:00:00.000Z,call center,prd1041,1577923200,1578009600,2020-01-02T00:00:00+00:00,2020-01-03T00:00:00+00:00,Sapphire Suites: Long Beach,Sapphire Suites,Long Beach,ultra-luxury,1,1,0,1,345.66,345.66
orderid:969973,SAA-8KTX,orderid:969973,crmid:2717782729,2019-12-30T17:12:45.000Z,service desk,prd1110,1577812365,1578071565,2019-12-31T17:12:45+00:00,2020-01-03T17:12:45+00:00,Restful Nights: Sofia,Restful Nights,Sofia,standard,1,1,0,3,141.36,424.08
orderid:740753,CZJ-EWGB,orderid:740753,crmid:2762987184,2020-01-19T11:27:45.000Z,call center,prd1105,1580642865,1581247665,2020-02-02T11:27:45+00:00,2020-02-09T11:27:45+00:00,Admiralty Plaza: Barcelona,Admiralty Plaza,Barcelona,premium,1,1,0,7,105.54,738.78
orderid:219338,YQB-3IGX,orderid:219338,crmid:3136220520,2019-12-10T15:47:11.000Z,website,prd1169,1576079231,1576165631,2019-12-11T15:47:11+00:00,2019-12-12T15:47:11+00:00,Grandeur Hotels: Tucson,Grandeur Hotels,Tucson,standard,1,1,0,1,105.31,105.31
orderid:574049,UJV-2JPB,orderid:574049,crmid:7136692312,2020-02-09T05:01:50.000Z,call center,prd1141,1581310910,1581483710,2020-02-10T05:01:50+00:00,2020-02-12T05:01:50+00:00,Admiralty Plaza: Phoenix,Admiralty Plaza,Phoenix,standard,1,1,0,2,142.23,284.46
orderid:387717,FD6-1AOK,orderid:387717,crmid:8574782302,2019-12-16T16:07:05.000Z,service desk,prd1153,1576598825,1576685225,2019-12-17T16:07:05+00:00,2019-12-18T16:07:05+00:00,Admiralty Plaza: Charlotte,Admiralty Plaza,Charlotte,standard,1,1,0,1,141.83,141.83
orderid:853079,3CZ-UZTD,orderid:853079,crmid:8574782302,2019-12-19T00:00:00.000Z,call center,prd1119,1576886400,1577318400,2019-12-21T00:00:00+00:00,2019-12-26T00:00:00+00:00,Hospitality Inn: Turin,Hospitality Inn,Turin,standard,1,1,0,5,166.65,833.25
orderid:969510,CQE-NP53,orderid:969510,crmid:2048179259,2019-12-16T19:47:36.000Z,website,prd1189,1576612056,1576784856,2019-12-17T19:47:36+00:00,2019-12-19T19:47:36+00:00,Admiralty Plaza: Bakersfield,Admiralty Plaza,Bakersfield,standard,1,1,0,2,159.79,319.58
orderid:518361,KVW-OXC5,orderid:518361,crmid:3377574954,2019-12-28T04:32:30.000Z,kiosk,prd1045,1577593950,1577766750,2019-12-29T04:32:30+00:00,2019-12-31T04:32:30+00:00,Admiralty Plaza: Miami,Admiralty Plaza,Miami,standard,1,1,0,2,136.73,273.46
orderid:473807,A83-TSIS,orderid:473807,crmid:6925436020,2019-12-04T13:15:38.000Z,kiosk,prd1105,1576242938,1577106938,2019-12-13T13:15:38+00:00,2019-12-23T13:15:38+00:00,Admiralty Plaza: Barcelona,Admiralty Plaza,Barcelona,standard,1,1,0,10,145.84,1458.4
orderid:995308,FUI-REMT,orderid:995308,crmid:1101149014,2019-12-24T03:48:59.000Z,website,prd1116,1579146539,1579664939,2020-01-16T03:48:59+00:00,2020-01-22T03:48:59+00:00,Repose Resort: Naples,Repose Resort,Naples,standard,1,1,0,6,68.33,409.98
orderid:606382,6CD-J9GQ,orderid:606382,crmid:5832471817,2020-01-24T19:36:44.000Z,service desk,prd1093,1582141004,1582745804,2020-02-19T19:36:44+00:00,2020-02-26T19:36:44+00:00,Admiralty Plaza: Yokohama,Admiralty Plaza,Yokohama,presidential-suite,1,1,0,7,873.76,6116.32
orderid:257529,TD6-QJWX,orderid:257529,crmid:6521666589,2019-12-27T17:03:31.000Z,call center,prd1083,1579453411,1580058211,2020-01-19T17:03:31+00:00,2020-01-26T17:03:31+00:00,Hospitality Inn: Bangkok,Hospitality Inn,Bangkok,standard,1,1,0,7,143.81,1006.67
orderid:905035,2S2-28XK,orderid:905035,crmid:4866596619,2020-02-09T18:07:53.000Z,call center,prd1134,1583518073,1583604473,2020-03-06T18:07:53+00:00,2020-03-07T18:07:53+00:00,Restful Nights: Montreal,Restful Nights,Montreal,standard,1,1,0,1,129.06,129.06
orderid:234014,FFQ-MZ7N,orderid:234014,crmid:9573751164,2019-12-17T20:34:47.000Z,kiosk,prd1005,1578947687,1580589287,2020-01-13T20:34:47+00:00,2020-02-01T20:34:47+00:00,Sapphire Suites: Los Angeles,Sapphire Suites,Los Angeles,premium,1,1,2,19,131.03,2489.57
orderid:304769,X7C-6HH3,orderid:304769,crmid:4385949160,2019-12-28T06:16:31.000Z,call center,prd1011,1579414591,1579932991,2020-01-19T06:16:31+00:00,2020-01-25T06:16:31+00:00,Hospitality Inn: Dallas,Hospitality Inn,Dallas,premium,1,1,4,6,143.64,861.84
orderid:188530,BNW-JKB8,orderid:188530,crmid:5367907005,2020-02-12T21:23:25.000Z,website,prd1082,1581715405,1581801805,2020-02-14T21:23:25+00:00,2020-02-15T21:23:25+00:00,Blue Reef Resort: Surat,Blue Reef Resort,Surat,premium,1,1,0,1,114.63,114.63
orderid:334650,RM8-ADJQ,orderid:334650,crmid:5367907005,2020-02-17T00:00:00.000Z,call center,prd1074,1581984000,1582070400,2020-02-18T00:00:00+00:00,2020-02-19T00:00:00+00:00,Restful Nights: Mexico City,Restful Nights,Mexico City,premium,1,1,0,1,98.82,98.82
orderid:551866,PSF-A9R7,orderid:551866,crmid:2310844740,2020-01-20T17:20:20.000Z,call center,prd1189,1580750420,1581355220,2020-02-03T17:20:20+00:00,2020-02-10T17:20:20+00:00,Admiralty Plaza: Bakersfield,Admiralty Plaza,Bakersfield,ultra-luxury,1,1,0,7,371.16,2598.12
orderid:223080,E80-DCCL,orderid:223080,crmid:3191666740,2019-12-05T12:51:33.000Z,kiosk,prd1079,1577278293,1577796693,2019-12-25T12:51:33+00:00,2019-12-31T12:51:33+00:00,Nesting Box Inn: Chennai,Nesting Box Inn,Chennai,premium,1,1,0,6,103.5,621.0
orderid:831387,Q4J-OF5B,orderid:831387,crmid:9619878649,2019-12-23T02:21:42.000Z,website,prd1083,1578363702,1578968502,2020-01-07T02:21:42+00:00,2020-01-14T02:21:42+00:00,Hospitality Inn: Bangkok,Hospitality Inn,Bangkok,standard,1,1,0,7,165.3,1157.1
orderid:170999,HSV-DFOM,orderid:170999,crmid:1058664978,2019-12-08T10:13:35.000Z,kiosk,prd1081,1575886415,1575972815,2019-12-09T10:13:35+00:00,2019-12-10T10:13:35+00:00,Admiralty Plaza: Rod de Janeiro,Admiralty Plaza,Rod de Janeiro,standard,1,1,0,1,114.59,114.59
orderid:732401,WUY-JAO0,orderid:732401,crmid:1058664978,2019-12-12T00:00:00.000Z,kiosk,prd1179,1576195200,1576627200,2019-12-13T00:00:00+00:00,2019-12-18T00:00:00+00:00,Hospitality Inn: Miami,Hospitality Inn,Miami,premium,1,1,0,5,159.99,799.95
orderid:395590,SPS-2WFU,orderid:395590,crmid:4850951131,2019-12-14T00:59:45.000Z,website,prd1110,1578358785,1579309185,2020-01-07T00:59:45+00:00,2020-01-18T00:59:45+00:00,Restful Nights: Sofia,Restful Nights,Sofia,standard,1,1,0,11,140.49,1545.39
orderid:292420,CJU-SVES,orderid:292420,crmid:3223005239,2019-12-24T11:22:20.000Z,call center,prd1194,1579346540,1579864940,2020-01-18T11:22:20+00:00,2020-01-24T11:22:20+00:00,Restful Nights: Tianjin,Restful Nights,Tianjin,standard,1,1,0,6,144.4,866.4
orderid:305305,K67-PDT5,orderid:305305,crmid:3567317806,2019-12-28T16:10:26.000Z,website,prd1185,1579709426,1580314226,2020-01-22T16:10:26+00:00,2020-01-29T16:10:26+00:00,Sapphire Suites: New Orleans,Sapphire Suites,New Orleans,premium,1,1,0,7,123.18,862.26
orderid:836141,VA5-02GN,orderid:836141,crmid:4559535333,2020-01-06T22:47:02.000Z,kiosk,prd1097,1580597222,1581288422,2020-02-01T22:47:02+00:00,2020-02-09T22:47:02+00:00,Grandeur Hotels: Buenos Aires,Grandeur Hotels,Buenos Aires,standard,1,1,0,8,136.06,1088.48
orderid:452425,ULQ-THGX,orderid:452425,crmid:9617275166,2019-12-21T19:43:07.000Z,call center,prd1189,1577043787,1577302987,2019-12-22T19:43:07+00:00,2019-12-25T19:43:07+00:00,Admiralty Plaza: Bakersfield,Admiralty Plaza,Bakersfield,standard,1,1,0,3,179.61,538.83
orderid:595029,BVH-EAB7,orderid:595029,crmid:4109281628,2020-01-04T02:00:18.000Z,website,prd1045,1580349618,1581040818,2020-01-30T02:00:18+00:00,2020-02-07T02:00:18+00:00,Admiralty Plaza: Miami,Admiralty Plaza,Miami,standard,1,1,0,8,151.13,1209.04
orderid:925560,U3P-HXPV,orderid:925560,crmid:5583924182,2019-12-25T20:43:35.000Z,service desk,prd1196,1579812215,1580849015,2020-01-23T20:43:35+00:00,2020-02-04T20:43:35+00:00,Aspen Heights: Moscow,Aspen Heights,Moscow,standard,1,1,0,12,101.82,1221.84
orderid:483145,CB6-V21I,orderid:483145,crmid:9495033823,2020-01-30T23:19:53.000Z,kiosk,prd1014,1582586393,1582845593,2020-02-24T23:19:53+00:00,2020-02-27T23:19:53+00:00,Restful Nights: Jacksonville,Restful Nights,Jacksonville,standard,1,1,0,3,167.36,502.08
orderid:929571,BL1-KDFM,orderid:929571,crmid:9502350267,2020-01-11T06:54:24.000Z,mobile,prd1036,1580540064,1580712864,2020-02-01T06:54:24+00:00,2020-02-03T06:54:24+00:00,Sandhill: Fresno,Sandhill,Fresno,premium,1,1,0,2,161.3,322.6
orderid:408016,PQC-PQ3C,orderid:408016,crmid:6796877699,2020-01-04T03:24:09.000Z,mobile,prd1052,1578194649,1578367449,2020-01-05T03:24:09+00:00,2020-01-07T03:24:09+00:00,Aspen Heights: Wichita,Aspen Heights,Wichita,standard,1,1,0,2,159.1,318.2
orderid:381153,5JX-PEIO,orderid:381153,crmid:1816047542,2020-01-26T13:20:59.000Z,mobile,prd1112,1582118459,1582377659,2020-02-19T13:20:59+00:00,2020-02-22T13:20:59+00:00,Aspen Heights: Birmingham,Aspen Heights,Birmingham,standard,1,1,0,3,125.88,377.64
orderid:370464,EXV-34JM,orderid:370464,crmid:2749690397,2019-12-16T01:05:28.000Z,website,prd1040,1577063128,1577235928,2019-12-23T01:05:28+00:00,2019-12-25T01:05:28+00:00,Aspen Heights: Atlanta,Aspen Heights,Atlanta,premium,1,1,0,2,129.2,258.4
orderid:849735,5EY-2SKK,orderid:849735,crmid:3510730802,2019-12-20T01:53:20.000Z,kiosk,prd1148,1576893200,1577066000,2019-12-21T01:53:20+00:00,2019-12-23T01:53:20+00:00,Aspen Heights: Jacksonville,Aspen Heights,Jacksonville,standard,1,1,0,2,98.89,197.78
orderid:919964,RUC-ASX0,orderid:919964,crmid:2425915430,2019-12-12T13:00:08.000Z,call center,prd1047,1578402008,1578747608,2020-01-07T13:00:08+00:00,2020-01-11T13:00:08+00:00,Hospitality Inn: Oakland,Hospitality Inn,Oakland,premium,1,1,0,4,165.38,661.52
orderid:993626,M6N-FWBK,orderid:993626,crmid:9723803124,2020-02-16T09:21:52.000Z,mobile,prd1016,1583745712,1584264112,2020-03-09T09:21:52+00:00,2020-03-15T09:21:52+00:00,Aspen Heights: Columbus,Aspen Heights,Columbus,standard,1,1,0,6,123.76,742.56
orderid:416725,1EM-QKMU,orderid:416725,crmid:9187675928,2020-01-20T22:49:37.000Z,website,prd1187,1579733377,1579819777,2020-01-22T22:49:37+00:00,2020-01-23T22:49:37+00:00,Nesting Box Inn: Cleveland,Nesting Box Inn,Cleveland,premium,1,1,0,1,179.38,179.38
