id,reservationid,orderid,crmid,timestamp,orderType,productsku,hotelCheckInUnix,hotelCheckOutUnix,hotelCheckInTS,hotelCheckOutTS,hotelName,hotelChain,hotelLocation,hotelRoomType,hotelRoomCount,hotelGuestAdultCount,hotelGuestChildCount,hotelNightCount,hotelRoomPrice,hotelFinalPrice
e97d673e-53c8-11ea-95f6-b88a60e194fb,VG3-N7H6,orderid:713378,crmid:9956219460,2020-01-08T18:13:04.000Z,mobile,prd1107,1580494384,1581099184,2020-01-31T18:13:04+00:00,2020-02-07T18:13:04+00:00,Hospitality Inn: Kharkiv,Hospitality Inn,Kharkiv,premium,1,1,1,7,100.89,706.23
e97e5192-53c8-11ea-99c4-b88a60e194fb,TED-ONHA,orderid:677321,crmid:5127908270,2020-01-16T15:31:23.000Z,website,prd1069,1579793483,1580225483,2020-01-23T15:31:23+00:00,2020-01-28T15:31:23+00:00,Admiralty Plaza: Singapore,Admiralty Plaza,Singapore,standard,1,1,1,5,121.3,606.5
e97f3bf8-53c8-11ea-9299-b88a60e194fb,EBW-DECL,orderid:878750,crmid:6510007276,2020-02-11T03:38:55.000Z,kiosk,prd1110,1583379535,1584329935,2020-03-05T03:38:55+00:00,2020-03-16T03:38:55+00:00,Restful Nights: Sofia,Restful Nights,Sofia,premium,1,1,0,11,117.5,1292.5
e9802652-53c8-11ea-9cc7-b88a60e194fb,74G-MUCJ,orderid:452466,crmid:8855315400,2020-01-07T05:52:33.000Z,kiosk,prd1076,1580449953,1580881953,2020-01-31T05:52:33+00:00,2020-02-05T05:52:33+00:00,Aspen Heights: Bogota,Aspen Heights,Bogota,luxury,1,1,4,5,341.54,1707.7
e98110b6-53c8-11ea-bbb1-b88a60e194fb,8KZ-91DZ,orderid:902726,crmid:6262815091,2020-01-12T23:46:27.000Z,kiosk,prd1117,1579736787,1580946387,2020-01-22T23:46:27+00:00,2020-02-05T23:46:27+00:00,Admiralty Plaza: Dublin,Admiralty Plaza,Dublin,premium,1,1,0,14,113.71,1591.94
e981fb1a-53c8-11ea-803d-b88a60e194fb,PY0-FTMJ,orderid:118392,crmid:8928888592,2019-12-28T07:34:36.000Z,kiosk,prd1046,1577604876,1577950476,2019-12-29T07:34:36+00:00,2020-01-02T07:34:36+00:00,Blue Reef Resort: Virginia Beach,Blue Reef Resort,Virginia Beach,premium,1,1,0,4,148.92,595.68
e982be62-53c8-11ea-acab-b88a60e194fb,CSC-VCSD,orderid:413352,crmid:7374191420,2020-01-22T15:51:19.000Z,call center,prd1055,1579967479,1580140279,2020-01-25T15:51:19+00:00,2020-01-27T15:51:19+00:00,Nesting Box Inn: Bakersfield,Nesting Box Inn,Bakersfield,luxury,1,1,0,2,332.69,665.38
e983d086-53c8-11ea-99f0-b88a60e194fb,1MK-LHYR,orderid:859040,crmid:3736351529,2020-02-04T16:32:15.000Z,call center,prd1056,1582648335,1582821135,2020-02-25T16:32:15+00:00,2020-02-27T16:32:15+00:00,Repose Resort: Aurora,Repose Resort,Aurora,standard,1,1,3,2,146.5,293.0
e9849326-53c8-11ea-a357-b88a60e194fb,D3C-J0FT,orderid:705645,crmid:9450855918,2020-01-25T01:34:25.000Z,website,prd1016,1581730465,1582248865,2020-02-15T01:34:25+00:00,2020-02-21T01:34:25+00:00,Aspen Heights: Columbus,Aspen Heights,Columbus,premium,1,1,0,6,159.35,956.1
e9855674-53c8-11ea-833b-b88a60e194fb,IBB-FO4K,orderid:623096,crmid:2005921658,2020-01-20T13:14:33.000Z,mobile,prd1035,1581945273,1582636473,2020-02-17T13:14:33+00:00,2020-02-25T13:14:33+00:00,Hospitality Inn: Tucson,Hospitality Inn,Tucson,standard,1,1,3,8,159.9,1279.2
e98640d2-53c8-11ea-bf7f-b88a60e194fb,R0G-WYEJ,orderid:483602,crmid:2705413359,2020-01-10T06:02:52.000Z,service desk,prd1011,1578722572,1578895372,2020-01-11T06:02:52+00:00,2020-01-13T06:02:52+00:00,Hospitality Inn: Dallas,Hospitality Inn,Dallas,premium,1,1,0,2,126.3,252.6
e9872b36-53c8-11ea-8f0e-b88a60e194fb,DGA-7GTH,orderid:392760,crmid:2429051783,2019-12-09T23:43:37.000Z,call center,prd1061,1576194217,1576367017,2019-12-12T23:43:37+00:00,2019-12-14T23:43:37+00:00,Grandeur Hotels: Lahore,Grandeur Hotels,Lahore,ultra-luxury,1,1,0,2,296.15,592.3
e9875246-53c8-11ea-bd11-b88a60e194fb,DWZ-5JDF,orderid:124027,crmid:2429051783,2019-12-15T00:00:00.000Z,website,prd1124,1576540800,1576713600,2019-12-17T00:00:00+00:00,2019-12-19T00:00:00+00:00,Aspen Heights: Leeds,Aspen Heights,Leeds,standard,1,1,0,2,87.63,175.26
e9881592-53c8-11ea-99f3-b88a60e194fb,6VD-WEHP,orderid:154214,crmid:4181095983,2020-02-07T20:41:15.000Z,mobile,prd1062,1581540075,1582576875,2020-02-12T20:41:15+00:00,2020-02-24T20:41:15+00:00,Restful Nights: Moscow,Restful Nights,Moscow,standard,1,1,0,12,114.2,1370.4
e988fff6-53c8-11ea-8679-b88a60e194fb,I7P-NIMM,orderid:234186,crmid:4922346796,2020-01-18T00:00:48.000Z,website,prd1081,1580860848,1582502448,2020-02-05T00:00:48+00:00,2020-02-24T00:00:48+00:00,Admiralty Plaza: Rod de Janeiro,Admiralty Plaza,Rod de Janeiro,standard,1,1,0,19,129.41,2458.79
e98a115c-53c8-11ea-9820-b88a60e194fb,HNP-ZFHW,orderid:496939,crmid:9491435006,2020-02-10T03:48:52.000Z,call center,prd1093,1583293732,1583725732,2020-03-04T03:48:52+00:00,2020-03-09T03:48:52+00:00,Admiralty Plaza: Yokohama,Admiralty Plaza,Yokohama,standard,1,1,0,5,133.06,665.3
e98ad4b4-53c8-11ea-b81d-b88a60e194fb,CB4-ADMR,orderid:302206,crmid:1820272075,2020-01-04T08:30:44.000Z,call center,prd1112,1579854644,1580373044,2020-01-24T08:30:44+00:00,2020-01-30T08:30:44+00:00,Aspen Heights: Birmingham,Aspen Heights,Birmingham,standard,1,1,2,6,132.25,793.5
e98bbf12-53c8-11ea-b9a6-b88a60e194fb,YL0-FOX8,orderid:932251,crmid:8189075977,2019-12-15T23:04:37.000Z,mobile,prd1129,1578438277,1579388677,2020-01-07T23:04:37+00:00,2020-01-18T23:04:37+00:00,Admiralty Plaza: Helsinki,Admiralty Plaza,Helsinki,standard,1,1,0,11,127.23,1399.53
e98ca970-53c8-11ea-9395-b88a60e194fb,CSA-WB8P,orderid:616273,crmid:8377226733,2019-12-28T07:46:07.000Z,kiosk,prd1041,1579333567,1579506367,2020-01-18T07:46:07+00:00,2020-01-20T07:46:07+00:00,Sapphire Suites: Long Beach,Sapphire Suites,Long Beach,ultra-luxury,1,1,0,2,339.31,678.62
e98d93d4-53c8-11ea-8f3a-b88a60e194fb,TFJ-J8YF,orderid:455049,crmid:9851795413,2020-01-23T13:56:03.000Z,website,prd1184,1579874163,1580219763,2020-01-24T13:56:03+00:00,2020-01-28T13:56:03+00:00,Aspen Heights: Arlington,Aspen Heights,Arlington,premium,1,1,0,4,133.54,534.16
e98d93d5-53c8-11ea-9cc9-b88a60e194fb,EOI-8QLA,orderid:412173,crmid:9851795413,2020-01-30T00:00:00.000Z,service desk,prd1011,1580601600,1580688000,2020-02-02T00:00:00+00:00,2020-02-03T00:00:00+00:00,Hospitality Inn: Dallas,Hospitality Inn,Dallas,standard,1,1,0,1,147.99,147.99
e98e7e34-53c8-11ea-9442-b88a60e194fb,HFL-IU2W,orderid:536669,crmid:3244312715,2019-12-15T04:03:06.000Z,call center,prd1086,1578283386,1579579386,2020-01-06T04:03:06+00:00,2020-01-21T04:03:06+00:00,Restful Nights: Johannesburg,Restful Nights,Johannesburg,premium,1,1,0,15,114.42,1716.3
e98f417e-53c8-11ea-abc5-b88a60e194fb,GUL-NNDN,orderid:955946,crmid:3236212058,2019-12-06T19:39:16.000Z,call center,prd1106,1577734756,1578253156,2019-12-30T19:39:16+00:00,2020-01-05T19:39:16+00:00,Blue Reef Resort: Munich,Blue Reef Resort,Munich,standard,1,1,1,6,147.75,886.5
e99004cc-53c8-11ea-9fc9-b88a60e194fb,17E-H8KB,orderid:579438,crmid:1250649718,2019-12-20T06:27:16.000Z,call center,prd1147,1578724036,1579328836,2020-01-11T06:27:16+00:00,2020-01-18T06:27:16+00:00,Family Fun Hotels: Austin,Family Fun Hotels,Austin,premium,1,1,0,7,165.12,1155.84
e990ef34-53c8-11ea-8aa7-b88a60e194fb,ZME-7XOM,orderid:902216,crmid:7382217005,2019-12-07T14:13:32.000Z,website,prd1189,1576246412,1576505612,2019-12-13T14:13:32+00:00,2019-12-16T14:13:32+00:00,Admiralty Plaza: Bakersfield,Admiralty Plaza,Bakersfield,standard,1,1,0,3,112.98,338.94
e99200a4-53c8-11ea-8c25-b88a60e194fb,DQW-1EYY,orderid:373977,crmid:5615511256,2020-01-05T05:18:48.000Z,call center,prd1112,1580188728,1581052728,2020-01-28T05:18:48+00:00,2020-02-07T05:18:48+00:00,Aspen Heights: Birmingham,Aspen Heights,Birmingham,standard,1,1,0,10,128.04,1280.4
e992eb02-53c8-11ea-be6b-b88a60e194fb,450-ZQOQ,orderid:375387,crmid:1216266087,2020-01-14T20:30:20.000Z,website,prd1136,1579465820,1579638620,2020-01-19T20:30:20+00:00,2020-01-21T20:30:20+00:00,Aspen Heights: Osaka,Aspen Heights,Osaka,presidential-suite,1,1,0,2,775.97,1551.94
e993d55e-53c8-11ea-8daa-b88a60e194fb,FZ4-EJJM,orderid:603219,crmid:4929856366,2020-01-25T01:52:26.000Z,call center,prd1011,1582163546,1582336346,2020-02-20T01:52:26+00:00,2020-02-22T01:52:26+00:00,Hospitality Inn: Dallas,Hospitality Inn,Dallas,standard,1,1,3,2,184.64,369.28
e994bfc6-53c8-11ea-bc48-b88a60e194fb,61P-EFN9,orderid:466953,crmid:5274879096,2019-12-19T02:22:38.000Z,mobile,prd1184,1576808558,1577154158,2019-12-20T02:22:38+00:00,2019-12-24T02:22:38+00:00,Aspen Heights: Arlington,Aspen Heights,Arlington,standard,1,1,0,4,150.87,603.48
e995aa1e-53c8-11ea-a47c-b88a60e194fb,RWH-RECB,orderid:158602,crmid:8156381642,2020-02-02T23:57:24.000Z,service desk,prd1049,1580860644,1581033444,2020-02-04T23:57:24+00:00,2020-02-06T23:57:24+00:00,Grandeur Hotels: Tulsa,Grandeur Hotels,Tulsa,standard,1,1,0,2,119.53,239.06
e9966d94-53c8-11ea-8ee7-b88a60e194fb,EKA-FC62,orderid:377450,crmid:7116188630,2019-12-27T10:42:32.000Z,kiosk,prd1100,1579430552,1579776152,2020-01-19T10:42:32+00:00,2020-01-23T10:42:32+00:00,Aspen Heights: Misk,Aspen Heights,Misk,standard,1,1,0,4,151.49,605.96
e997a606-53c8-11ea-935f-b88a60e194fb,4DS-6MF0,orderid:993883,crmid:2770898860,2020-01-19T19:30:13.000Z,call center,prd1093,1580239813,1580758213,2020-01-28T19:30:13+00:00,2020-02-03T19:30:13+00:00,Admiralty Plaza: Yokohama,Admiralty Plaza,Yokohama,premium,1,1,3,6,126.58,759.48
e998b768-53c8-11ea-afd7-b88a60e194fb,DGF-JFXE,orderid:940300,crmid:4955270215,2020-01-16T02:16:14.000Z,call center,prd1125,1580609774,1580955374,2020-02-02T02:16:14+00:00,2020-02-06T02:16:14+00:00,Sapphire Suites: Palermo,Sapphire Suites,Palermo,premium,1,1,0,4,151.81,607.24
e9997ac6-53c8-11ea-ade9-b88a60e194fb,SAE-NR0R,orderid:638733,crmid:9692028671,2019-12-12T06:08:51.000Z,website,prd1041,1576217331,1576303731,2019-12-13T06:08:51+00:00,2019-12-14T06:08:51+00:00,Sapphire Suites: Long Beach,Sapphire Suites,Long Beach,standard,1,1,0,1,124.74,124.74
e99a6528-53c8-11ea-9e2b-b88a60e194fb,RFL-UTJH,orderid:391994,crmid:8921556792,2020-02-15T02:34:45.000Z,service desk,prd1158,1583548485,1584066885,2020-03-07T02:34:45+00:00,2020-03-13T02:34:45+00:00,Restful Nights: El Paso,Restful Nights,El Paso,standard,1,1,0,6,105.65,633.9
e99bc49e-53c8-11ea-9d32-b88a60e194fb,RO5-4VE4,orderid:215733,crmid:4284193116,2020-01-16T07:57:24.000Z,kiosk,prd1187,1581148644,1581494244,2020-02-08T07:57:24+00:00,2020-02-12T07:57:24+00:00,Nesting Box Inn: Cleveland,Nesting Box Inn,Cleveland,standard,1,1,0,4,177.61,710.44
e99dc0ba-53c8-11ea-92b1-b88a60e194fb,LAA-2WQ3,orderid:369717,crmid:7814701406,2019-12-18T04:52:57.000Z,kiosk,prd1129,1578631977,1579150377,2020-01-10T04:52:57+00:00,2020-01-16T04:52:57+00:00,Admiralty Plaza: Helsinki,Admiralty Plaza,Helsinki,standard,1,1,1,6,110.08,660.48
e99ef8fe-53c8-11ea-b644-b88a60e194fb,C8W-OHEO,orderid:469306,crmid:5746089955,2020-02-06T16:58:29.000Z,mobile,prd1095,1582909109,1584291509,2020-02-28T16:58:29+00:00,2020-03-15T16:58:29+00:00,Hospitality Inn: Casablanca,Hospitality Inn,Casablanca,standard,1,1,0,16,105.82,1693.12
e99fe37a-53c8-11ea-a844-b88a60e194fb,B45-F0CL,orderid:842632,crmid:6834144930,2020-02-10T10:06:38.000Z,website,prd1058,1583057198,1584266798,2020-03-01T10:06:38+00:00,2020-03-15T10:06:38+00:00,Blue Reef Resort: Delhi,Blue Reef Resort,Delhi,premium,1,1,0,14,115.73,1620.22
e9a0a7b0-53c8-11ea-9706-b88a60e194fb,1JQ-EZPC,orderid:436831,crmid:8429575389,2020-01-20T19:16:44.000Z,website,prd1167,1579634204,1579807004,2020-01-21T19:16:44+00:00,2020-01-23T19:16:44+00:00,Hospitality Inn: Milwaukee,Hospitality Inn,Milwaukee,standard,1,1,0,2,109.17,218.34
e9a0ce1a-53c8-11ea-83a2-b88a60e194fb,KG5-WO6U,orderid:421299,crmid:8429575389,2020-01-25T00:00:00.000Z,call center,prd1069,1580256000,1580428800,2020-01-29T00:00:00+00:00,2020-01-31T00:00:00+00:00,Admiralty Plaza: Singapore,Admiralty Plaza,Singapore,standard,1,1,0,2,119.13,238.26
e9a1925c-53c8-11ea-98b4-b88a60e194fb,7HY-OWO4,orderid:505964,crmid:8362976686,2020-01-26T05:22:53.000Z,call center,prd1143,1581571373,1582176173,2020-02-13T05:22:53+00:00,2020-02-20T05:22:53+00:00,Hospitality Inn: San Antonio,Hospitality Inn,San Antonio,standard,1,1,0,7,193.57,1354.99
e9a2a3da-53c8-11ea-9273-b88a60e194fb,ZRN-KA0S,orderid:463000,crmid:5729841621,2020-01-21T17:13:25.000Z,call center,prd1053,1581700405,1582391605,2020-02-14T17:13:25+00:00,2020-02-22T17:13:25+00:00,Sapphire Suites: Cleveland,Sapphire Suites,Cleveland,standard,1,1,2,8,171.14,1369.12
e9a36724-53c8-11ea-865b-b88a60e194fb,CNY-E2LF,orderid:682267,crmid:9153304351,2019-12-24T08:24:19.000Z,call center,prd1059,1579249459,1579854259,2020-01-17T08:24:19+00:00,2020-01-24T08:24:19+00:00,Hospitality Inn: Kinshasa,Hospitality Inn,Kinshasa,standard,1,1,0,7,149.11,1043.77
e9a45186-53c8-11ea-8c7c-b88a60e194fb,82A-PZQ4,orderid:820187,crmid:3153309581,2020-02-05T11:35:20.000Z,kiosk,prd1071,1580988920,1581075320,2020-02-06T11:35:20+00:00,2020-02-07T11:35:20+00:00,Hospitality Inn: Seoul,Hospitality Inn,Seoul,standard,1,1,0,1,107.89,107.89
e9a4789e-53c8-11ea-8166-b88a60e194fb,MKF-4BRB,orderid:169877,crmid:3153309581,2020-02-09T00:00:00.000Z,call center,prd1141,1581292800,1581379200,2020-02-10T00:00:00+00:00,2020-02-11T00:00:00+00:00,Admiralty Plaza: Phoenix,Admiralty Plaza,Phoenix,standard,1,1,0,1,122.95,122.95
e9a6c126-53c8-11ea-ba26-b88a60e194fb,7KH-UDBY,orderid:868073,crmid:6065652519,2020-01-01T17:28:55.000Z,kiosk,prd1023,1578331735,1578418135,2020-01-06T17:28:55+00:00,2020-01-07T17:28:55+00:00,Hospitality Inn: Boston,Hospitality Inn,Boston,premium,1,1,0,1,108.51,108.51
e9a7abae-53c8-11ea-b4d7-b88a60e194fb,2SB-2CMN,orderid:275532,crmid:7406240357,2020-02-06T03:38:27.000Z,call center,prd1160,1583033907,1583638707,2020-03-01T03:38:27+00:00,2020-03-08T03:38:27+00:00,Aspen Heights: Nashville,Aspen Heights,Nashville,standard,1,1,1,7,155.24,1086.68
e9a8e42c-53c8-11ea-a609-b88a60e194fb,Z6M-GDUF,orderid:447531,crmid:3260913522,2019-12-28T16:59:16.000Z,kiosk,prd1172,1579107556,1580576356,2020-01-15T16:59:16+00:00,2020-02-01T16:59:16+00:00,Aspen Heights: Mesa,Aspen Heights,Mesa,standard,1,1,3,17,114.63,1948.71
e9a9a782-53c8-11ea-b609-b88a60e194fb,N69-UJZB,orderid:648436,crmid:3328796257,2019-12-22T19:17:40.000Z,call center,prd1063,1579288660,1580152660,2020-01-17T19:17:40+00:00,2020-01-27T19:17:40+00:00,Family Fun Hotels: London,Family Fun Hotels,London,standard,1,1,0,10,164.76,1647.6
e9aa91e2-53c8-11ea-ae7a-b88a60e194fb,HDN-KIO4,orderid:819311,crmid:5335773380,2019-12-07T06:14:45.000Z,website,prd1071,1575785685,1575872085,2019-12-08T06:14:45+00:00,2019-12-09T06:14:45+00:00,Hospitality Inn: Seoul,Hospitality Inn,Seoul,premium,1,1,0,1,126.35,126.35
e9aab8e6-53c8-11ea-8ca9-b88a60e194fb,NCT-N4ZV,orderid:511200,crmid:5335773380,2019-12-11T00:00:00.000Z,call center,prd1141,1576108800,1576281600,2019-12-12T00:00:00+00:00,2019-12-14T00:00:00+00:00,Admiralty Plaza: Phoenix,Admiralty Plaza,Phoenix,premium,1,1,0,2,177.96,355.92
e9aba35c-53c8-11ea-a5b0-b88a60e194fb,DAD-7BTC,orderid:952045,crmid:4253706015,2020-02-06T09:52:11.000Z,mobile,prd1041,1582969931,1583488331,2020-02-29T09:52:11+00:00,2020-03-06T09:52:11+00:00,Sapphire Suites: Long Beach,Sapphire Suites,Long Beach,premium,1,1,0,6,140.83,844.98
e9ac66a8-53c8-11ea-8b51-b88a60e194fb,4PG-TCPM,orderid:644680,crmid:5527907111,2020-02-14T12:09:52.000Z,kiosk,prd1002,1581768592,1581941392,2020-02-15T12:09:52+00:00,2020-02-17T12:09:52+00:00,Restful Nights: Chicago,Restful Nights,Chicago,standard,1,1,0,2,130.11,260.22
e9ad5102-53c8-11ea-8c5c-b88a60e194fb,KRB-5GZG,orderid:505572,crmid:1247271103,2019-12-16T18:30:31.000Z,kiosk,prd1173,1578681031,1579285831,2020-01-10T18:30:31+00:00,2020-01-17T18:30:31+00:00,Sapphire Suites: Kansas City,Sapphire Suites,Kansas City,premium,1,1,0,7,113.23,792.61
e9ae3b5e-53c8-11ea-8350-b88a60e194fb,MH3-2VFY,orderid:851951,crmid:3133727600,2020-02-01T16:00:35.000Z,kiosk,prd1190,1580659235,1580832035,2020-02-02T16:00:35+00:00,2020-02-04T16:00:35+00:00,Blue Reef Resort: Aurora,Blue Reef Resort,Aurora,luxury,1,1,0,2,334.79,669.58
e9af25c8-53c8-11ea-9fe0-b88a60e194fb,C7H-HCQY,orderid:384932,crmid:9076059484,2020-02-11T23:21:35.000Z,call center,prd1028,1581808895,1582327295,2020-02-15T23:21:35+00:00,2020-02-21T23:21:35+00:00,Aspen Heights: Portland,Aspen Heights,Portland,standard,1,1,0,6,142.23,853.38
e9b01024-53c8-11ea-abcf-b88a60e194fb,SOX-QKLZ,orderid:865735,crmid:2172892759,2019-12-22T17:35:53.000Z,kiosk,prd1004,1577813753,1578072953,2019-12-31T17:35:53+00:00,2020-01-03T17:35:53+00:00,Aspen Heights: Boulder,Aspen Heights,Boulder,premium,1,1,2,3,136.79,410.37
e9b0fa78-53c8-11ea-a90a-b88a60e194fb,ZVL-BKXX,orderid:702027,crmid:8166512883,2020-02-05T09:46:56.000Z,service desk,prd1148,1582624016,1583228816,2020-02-25T09:46:56+00:00,2020-03-03T09:46:56+00:00,Aspen Heights: Jacksonville,Aspen Heights,Jacksonville,standard,1,1,0,7,136.91,958.37
e9b1e4b6-53c8-11ea-94ad-b88a60e194fb,WPN-ICKC,orderid:743430,crmid:7469375783,2020-02-15T02:08:43.000Z,website,prd1178,1582250923,1582423723,2020-02-21T02:08:43+00:00,2020-02-23T02:08:43+00:00,Blue Reef Resort: Colorado Springs,Blue Reef Resort,Colorado Springs,standard,1,1,0,2,140.25,280.5
e9b20bd2-53c8-11ea-9cc5-b88a60e194fb,GW9-U4PA,orderid:159960,crmid:7469375783,2020-02-25T00:00:00.000Z,kiosk,prd1183,1582675200,1582761600,2020-02-26T00:00:00+00:00,2020-02-27T00:00:00+00:00,Family Fun Hotels: Tulsa,Family Fun Hotels,Tulsa,premium,1,1,0,1,106.92,106.92
e9b232de-53c8-11ea-b910-b88a60e194fb,OVH-3TGX,orderid:685130,crmid:7469375783,2020-02-28T00:00:00.000Z,call center,prd1128,1582934400,1583107200,2020-02-29T00:00:00+00:00,2020-03-02T00:00:00+00:00,Repose Resort: Rotterdam,Repose Resort,Rotterdam,standard,1,1,0,2,185.34,370.68
e9b2810a-53c8-11ea-ad21-b88a60e194fb,IXO-MMNM,orderid:560269,crmid:7469375783,2020-03-03T00:00:00.000Z,mobile,prd1160,1583280000,1583452800,2020-03-04T00:00:00+00:00,2020-03-06T00:00:00+00:00,Aspen Heights: Nashville,Aspen Heights,Nashville,standard,1,1,0,2,169.76,339.52
e9b407e2-53c8-11ea-8547-b88a60e194fb,TSN-AFAU,orderid:965886,crmid:6378773390,2019-12-28T19:43:00.000Z,mobile,prd1118,1579894980,1580413380,2020-01-24T19:43:00+00:00,2020-01-30T19:43:00+00:00,Blue Reef Resort: Cologne,Blue Reef Resort,Cologne,ultra-luxury,1,1,0,6,325.03,1950.18
e9b56734-53c8-11ea-8ce4-b88a60e194fb,18S-XFOJ,orderid:721207,crmid:5811995689,2020-01-21T15:45:52.000Z,call center,prd1177,1581695152,1583336752,2020-02-14T15:45:52+00:00,2020-03-04T15:45:52+00:00,Admiralty Plaza: Raleigh,Admiralty Plaza,Raleigh,ultra-luxury,1,1,0,19,342.61,6509.59
e9b6c6d4-53c8-11ea-858f-b88a60e194fb,A8F-HZ2Q,orderid:882982,crmid:3806931432,2020-02-08T12:41:52.000Z,call center,prd1105,1583325712,1583584912,2020-03-04T12:41:52+00:00,2020-03-07T12:41:52+00:00,Admiralty Plaza: Barcelona,Admiralty Plaza,Barcelona,standard,1,1,1,3,94.38,283.14
e9b7b240-53c8-11ea-9315-b88a60e194fb,QTZ-ISDK,orderid:584329,crmid:7117844042,2019-12-27T23:54:22.000Z,website,prd1064,1577577262,1577750062,2019-12-28T23:54:22+00:00,2019-12-30T23:54:22+00:00,Aspen Heights: Paris,Aspen Heights,Paris,standard,1,1,0,2,122.97,245.94
e9b8c3a2-53c8-11ea-8bdb-b88a60e194fb,8TS-4UX7,orderid:873929,crmid:3963280608,2020-02-09T14:03:10.000Z,website,prd1195,1581775390,1583416990,2020-02-15T14:03:10+00:00,2020-03-05T14:03:10+00:00,Family Fun Hotels: Lahore,Family Fun Hotels,Lahore,standard,1,1,0,19,140.1,2661.9
e9b9ad18-53c8-11ea-8e07-b88a60e194fb,Z8Z-B4DB,orderid:999060,crmid:8744979790,2020-01-10T15:57:37.000Z,mobile,prd1002,1579017457,1579103857,2020-01-14T15:57:37+00:00,2020-01-15T15:57:37+00:00,Restful Nights: Chicago,Restful Nights,Chicago,standard,1,1,0,1,151.16,151.16
e9ba978a-53c8-11ea-8661-b88a60e194fb,XYB-07P1,orderid:758394,crmid:2500619663,2020-01-04T07:43:16.000Z,mobile,prd1168,1578210196,1578296596,2020-01-05T07:43:16+00:00,2020-01-06T07:43:16+00:00,Sandhill: Albuquerque,Sandhill,Albuquerque,standard,1,1,0,1,165.65,165.65
e9babe5a-53c8-11ea-aa59-b88a60e194fb,JCZ-CPJC,orderid:193100,crmid:2500619663,2020-01-08T00:00:00.000Z,website,prd1106,1578787200,1578960000,2020-01-12T00:00:00+00:00,2020-01-14T00:00:00+00:00,Blue Reef Resort: Munich,Blue Reef Resort,Munich,standard,1,1,0,2,152.69,305.38
e9bbaa1e-53c8-11ea-a417-b88a60e194fb,VRC-ZHXQ,orderid:292930,crmid:4137734170,2020-02-05T10:37:53.000Z,website,prd1022,1581071873,1581417473,2020-02-07T10:37:53+00:00,2020-02-11T10:37:53+00:00,Blue Reef Resort: Washington DC,Blue Reef Resort,Washington DC,standard,1,1,0,4,110.65,442.6
e9bc9482-53c8-11ea-b8df-b88a60e194fb,NBJ-DYTM,orderid:946060,crmid:3794011788,2019-12-12T10:35:53.000Z,website,prd1124,1577788553,1578220553,2019-12-31T10:35:53+00:00,2020-01-05T10:35:53+00:00,Aspen Heights: Leeds,Aspen Heights,Leeds,standard,1,1,0,5,112.52,562.6
e9bd7ee8-53c8-11ea-9c51-b88a60e194fb,R32-ALHE,orderid:965074,crmid:8128619595,2019-12-22T12:40:05.000Z,website,prd1184,1579092005,1579783205,2020-01-15T12:40:05+00:00,2020-01-23T12:40:05+00:00,Aspen Heights: Arlington,Aspen Heights,Arlington,standard,1,1,0,8,176.26,1410.08
e9bf5274-53c8-11ea-9ee2-b88a60e194fb,3PJ-DFJG,orderid:879032,crmid:9910011149,2019-12-26T05:10:28.000Z,call center,prd1167,1577423428,1577855428,2019-12-27T05:10:28+00:00,2020-01-01T05:10:28+00:00,Hospitality Inn: Milwaukee,Hospitality Inn,Milwaukee,standard,1,1,0,5,168.81,844.05
e9bf7980-53c8-11ea-ae2a-b88a60e194fb,XQ6-7LBP,orderid:764120,crmid:9910011149,2020-01-02T00:00:00.000Z,mobile,prd1021,1578355200,1578614400,2020-01-07T00:00:00+00:00,2020-01-10T00:00:00+00:00,Admiralty Plaza: Denver,Admiralty Plaza,Denver,premium,1,1,0,3,104.32,312.96
e9c1016c-53c8-11ea-8d6d-b88a60e194fb,QMK-ZQ9I,orderid:982737,crmid:1924753055,2020-01-05T23:22:40.000Z,kiosk,prd1039,1578698560,1578784960,2020-01-10T23:22:40+00:00,2020-01-11T23:22:40+00:00,Family Fun Hotels: Kansas City,Family Fun Hotels,Kansas City,standard,1,1,0,1,169.32,169.32
e9c1c4ba-53c8-11ea-958f-b88a60e194fb,7LM-RQJH,orderid:250763,crmid:5898641563,2020-01-15T18:02:45.000Z,mobile,prd1052,1581184965,1581530565,2020-02-08T18:02:45+00:00,2020-02-12T18:02:45+00:00,Aspen Heights: Wichita,Aspen Heights,Wichita,standard,1,1,2,4,131.01,524.04
e9c2aeb6-53c8-11ea-b771-b88a60e194fb,D37-XKLF,orderid:362833,crmid:1456490235,2019-12-27T22:59:49.000Z,kiosk,prd1021,1579301989,1580338789,2020-01-17T22:59:49+00:00,2020-01-29T22:59:49+00:00,Admiralty Plaza: Denver,Admiralty Plaza,Denver,standard,1,1,0,12,82.66,991.92
e9c39922-53c8-11ea-b8f8-b88a60e194fb,HSB-RICG,orderid:812350,crmid:6190453037,2019-12-27T21:26:38.000Z,website,prd1016,1577654798,1577913998,2019-12-29T21:26:38+00:00,2020-01-01T21:26:38+00:00,Aspen Heights: Columbus,Aspen Heights,Columbus,premium,1,1,0,3,126.18,378.54
e9c4839a-53c8-11ea-9116-b88a60e194fb,R16-QXSS,orderid:111095,crmid:2456742569,2019-12-11T04:23:16.000Z,kiosk,prd1067,1576988596,1577766196,2019-12-22T04:23:16+00:00,2019-12-31T04:23:16+00:00,Nesting Box Inn: Istanbul,Nesting Box Inn,Istanbul,premium,1,1,0,9,140.08,1260.72
e9c546ca-53c8-11ea-958f-b88a60e194fb,MY5-E2LS,orderid:954067,crmid:4390090938,2019-12-06T02:44:02.000Z,kiosk,prd1052,1575859442,1576809842,2019-12-09T02:44:02+00:00,2019-12-20T02:44:02+00:00,Aspen Heights: Wichita,Aspen Heights,Wichita,standard,1,1,3,11,129.55,1425.05
e9c63192-53c8-11ea-af0e-b88a60e194fb,8EB-FRBY,orderid:838522,crmid:7549838390,2019-12-01T19:19:34.000Z,kiosk,prd1107,1575400774,1575487174,2019-12-03T19:19:34+00:00,2019-12-04T19:19:34+00:00,Hospitality Inn: Kharkiv,Hospitality Inn,Kharkiv,premium,1,1,0,1,163.58,163.58
e9c6f47a-53c8-11ea-b66f-b88a60e194fb,ZMN-MMYW,orderid:996719,crmid:4082090047,2020-02-13T15:14:53.000Z,mobile,prd1166,1582989293,1583507693,2020-02-29T15:14:53+00:00,2020-03-06T15:14:53+00:00,Blue Reef Resort: Baltimore,Blue Reef Resort,Baltimore,standard,1,1,0,6,154.82,928.92
e9c7ded4-53c8-11ea-b320-b88a60e194fb,9EE-3HUE,orderid:134273,crmid:6276701337,2020-01-22T11:04:06.000Z,call center,prd1191,1581764646,1583406246,2020-02-15T11:04:06+00:00,2020-03-05T11:04:06+00:00,Hospitality Inn: Mumbai,Hospitality Inn,Mumbai,standard,1,1,2,19,177.94,3380.86
e9c8a224-53c8-11ea-a3f6-b88a60e194fb,IRQ-CDKH,orderid:717570,crmid:5845791295,2019-12-05T15:01:47.000Z,call center,prd1184,1577977307,1579100507,2020-01-02T15:01:47+00:00,2020-01-15T15:01:47+00:00,Aspen Heights: Arlington,Aspen Heights,Arlington,premium,1,1,0,13,96.42,1253.46
e9ca00cc-53c8-11ea-aaf4-b88a60e194fb,SHN-PX6D,orderid:589340,crmid:1640131958,2020-02-09T10:40:31.000Z,website,prd1131,1583577631,1584441631,2020-03-07T10:40:31+00:00,2020-03-17T10:40:31+00:00,Hospitality Inn: Sheffield,Hospitality Inn,Sheffield,premium,1,1,4,10,93.93,939.3
e9caec38-53c8-11ea-bbdf-b88a60e194fb,4M9-38N6,orderid:593670,crmid:8756839009,2019-12-31T18:24:35.000Z,call center,prd1119,1577903075,1578075875,2020-01-01T18:24:35+00:00,2020-01-03T18:24:35+00:00,Hospitality Inn: Turin,Hospitality Inn,Turin,standard,1,1,0,2,161.67,323.34
e9cbd6ac-53c8-11ea-9c67-b88a60e194fb,Y1N-D8R0,orderid:501229,crmid:3292185048,2020-01-30T03:10:27.000Z,service desk,prd1076,1580440227,1580699427,2020-01-31T03:10:27+00:00,2020-02-03T03:10:27+00:00,Aspen Heights: Bogota,Aspen Heights,Bogota,standard,1,1,0,3,125.6,376.8
e9cbfdcc-53c8-11ea-94ca-b88a60e194fb,V23-0O1P,orderid:749650,crmid:3292185048,2020-02-05T00:00:00.000Z,call center,prd1141,1580947200,1581292800,2020-02-06T00:00:00+00:00,2020-02-10T00:00:00+00:00,Admiralty Plaza: Phoenix,Admiralty Plaza,Phoenix,standard,1,1,0,4,153.39,613.56
e9ccc114-53c8-11ea-a879-b88a60e194fb,7QI-0E8X,orderid:746670,crmid:3124028637,2020-01-20T17:40:50.000Z,website,prd1160,1580924450,1582306850,2020-02-05T17:40:50+00:00,2020-02-21T17:40:50+00:00,Aspen Heights: Nashville,Aspen Heights,Nashville,standard,1,1,0,16,161.87,2589.92
e9cdd11a-53c8-11ea-b675-b88a60e194fb,JO1-ZI6E,orderid:325299,crmid:5468593778,2019-12-07T03:09:02.000Z,call center,prd1063,1575860942,1576120142,2019-12-09T03:09:02+00:00,2019-12-12T03:09:02+00:00,Family Fun Hotels: London,Family Fun Hotels,London,standard,1,1,0,3,101.2,303.6
e9cf09a4-53c8-11ea-a107-b88a60e194fb,RGJ-SKS4,orderid:336017,crmid:8482520908,2020-01-02T09:03:09.000Z,website,prd1057,1580029389,1580374989,2020-01-26T09:03:09+00:00,2020-01-30T09:03:09+00:00,Admiralty Plaza: Mumbai,Admiralty Plaza,Mumbai,standard,1,1,0,4,128.37,513.48
e9d01b14-53c8-11ea-b7d4-b88a60e194fb,LA9-IEVO,orderid:386295,crmid:6101271226,2020-01-25T00:24:31.000Z,service desk,prd1023,1581985471,1583454271,2020-02-18T00:24:31+00:00,2020-03-06T00:24:31+00:00,Hospitality Inn: Boston,Hospitality Inn,Boston,premium,1,1,4,17,106.71,1814.07
e9d106da-53c8-11ea-a780-b88a60e194fb,7TX-PAPC,orderid:991070,crmid:2602354027,2020-01-16T05:02:35.000Z,mobile,prd1002,1581310955,1581915755,2020-02-10T05:02:35+00:00,2020-02-17T05:02:35+00:00,Restful Nights: Chicago,Restful Nights,Chicago,premium,1,1,1,7,161.09,1127.63
e9d1f15a-53c8-11ea-8dd3-b88a60e194fb,SYR-FE4A,orderid:906596,crmid:7813256811,2020-02-16T00:04:31.000Z,kiosk,prd1167,1584144271,1584662671,2020-03-14T00:04:31+00:00,2020-03-20T00:04:31+00:00,Hospitality Inn: Milwaukee,Hospitality Inn,Milwaukee,premium,1,1,3,6,122.3,733.8
e9d2b334-53c8-11ea-a57f-b88a60e194fb,YSS-DVND,orderid:936671,crmid:3407625196,2020-02-02T02:22:07.000Z,call center,prd1103,1582165327,1583720527,2020-02-20T02:22:07+00:00,2020-03-09T02:22:07+00:00,Nesting Box Inn: Hamburg,Nesting Box Inn,Hamburg,standard,1,1,0,18,157.76,2839.68
e9d3c602-53c8-11ea-a657-b88a60e194fb,FCA-6CMC,orderid:772422,crmid:8629549247,2020-01-05T02:27:25.000Z,website,prd1101,1578277645,1578623245,2020-01-06T02:27:25+00:00,2020-01-10T02:27:25+00:00,Sapphire Suites: Vienna,Sapphire Suites,Vienna,standard,1,1,0,4,170.44,681.76
e9d3ed00-53c8-11ea-b494-b88a60e194fb,0LA-6LUC,orderid:932978,crmid:8629549247,2020-01-11T00:00:00.000Z,call center,prd1169,1578787200,1578873600,2020-01-12T00:00:00+00:00,2020-01-13T00:00:00+00:00,Grandeur Hotels: Tucson,Grandeur Hotels,Tucson,standard,1,1,0,1,111.96,111.96
e9d4d824-53c8-11ea-b180-b88a60e194fb,MNO-QMU1,orderid:567457,crmid:8730244215,2020-01-11T16:48:30.000Z,mobile,prd1105,1581094110,1581785310,2020-02-07T16:48:30+00:00,2020-02-15T16:48:30+00:00,Admiralty Plaza: Barcelona,Admiralty Plaza,Barcelona,standard,1,1,0,8,173.66,1389.28
e9d59ab8-53c8-11ea-b4ff-b88a60e194fb,BMC-KUR6,orderid:307256,crmid:9666232205,2020-02-08T12:08:18.000Z,mobile,prd1119,1583064498,1583410098,2020-03-01T12:08:18+00:00,2020-03-05T12:08:18+00:00,Hospitality Inn: Turin,Hospitality Inn,Turin,ultra-luxury,1,1,0,4,363.26,1453.04
e9d68514-53c8-11ea-81db-b88a60e194fb,NAS-0Z26,orderid:717304,crmid:5086128285,2020-02-08T10:29:23.000Z,mobile,prd1166,1582972163,1583663363,2020-02-29T10:29:23+00:00,2020-03-08T10:29:23+00:00,Blue Reef Resort: Baltimore,Blue Reef Resort,Baltimore,standard,1,1,0,8,160.52,1284.16
e9d76f18-53c8-11ea-a08b-b88a60e194fb,ADO-EOFI,orderid:336349,crmid:4274657069,2020-02-05T12:11:47.000Z,website,prd1166,1582805507,1582978307,2020-02-27T12:11:47+00:00,2020-02-29T12:11:47+00:00,Blue Reef Resort: Baltimore,Blue Reef Resort,Baltimore,standard,1,1,0,2,139.94,279.88
e9d83300-53c8-11ea-8089-b88a60e194fb,K8D-TQ9Y,orderid:457491,crmid:3139397501,2019-12-27T09:50:12.000Z,kiosk,prd1044,1579686612,1580291412,2020-01-22T09:50:12+00:00,2020-01-29T09:50:12+00:00,Repose Resort: Colorado Springs,Repose Resort,Colorado Springs,standard,1,1,0,7,124.29,870.03
e9d8f612-53c8-11ea-9567-b88a60e194fb,NNT-9SE9,orderid:990423,crmid:2895100233,2019-12-07T04:17:25.000Z,website,prd1015,1578197845,1578629845,2020-01-05T04:17:25+00:00,2020-01-10T04:17:25+00:00,Family Fun Hotels: San Francisco,Family Fun Hotels,San Francisco,standard,1,1,0,5,147.0,735.0
e9d9b964-53c8-11ea-8e3a-b88a60e194fb,6K9-QGZP,orderid:604353,crmid:7017717179,2019-12-06T18:56:25.000Z,call center,prd1172,1575744985,1575831385,2019-12-07T18:56:25+00:00,2019-12-08T18:56:25+00:00,Aspen Heights: Mesa,Aspen Heights,Mesa,premium,1,1,0,1,147.77,147.77
e9daa3d0-53c8-11ea-b2a8-b88a60e194fb,WIP-KBED,orderid:753975,crmid:9765094284,2020-01-06T23:35:11.000Z,kiosk,prd1033,1579908911,1580686511,2020-01-24T23:35:11+00:00,2020-02-02T23:35:11+00:00,Admiralty Plaza: Milwaukee,Admiralty Plaza,Milwaukee,premium,1,1,0,9,151.13,1360.17
e9db671e-53c8-11ea-9498-b88a60e194fb,1U5-FXQD,orderid:192388,crmid:9576102229,2019-12-11T09:55:01.000Z,website,prd1057,1576144501,1576230901,2019-12-12T09:55:01+00:00,2019-12-13T09:55:01+00:00,Admiralty Plaza: Mumbai,Admiralty Plaza,Mumbai,standard,1,1,0,1,133.21,133.21
e9dc51ae-53c8-11ea-b0b3-b88a60e194fb,M9B-UFP9,orderid:946915,crmid:3623905719,2020-01-07T10:42:49.000Z,service desk,prd1038,1580812969,1581417769,2020-02-04T10:42:49+00:00,2020-02-11T10:42:49+00:00,Restful Nights: Mesa,Restful Nights,Mesa,premium,1,1,0,7,110.04,770.28
e9dd62fa-53c8-11ea-8d7a-b88a60e194fb,QB6-5BED,orderid:435289,crmid:1648798622,2020-01-26T04:35:03.000Z,call center,prd1033,1580186103,1580272503,2020-01-28T04:35:03+00:00,2020-01-29T04:35:03+00:00,Admiralty Plaza: Milwaukee,Admiralty Plaza,Milwaukee,presidential-suite,1,1,0,1,828.36,828.36
e9de2658-53c8-11ea-9a32-b88a60e194fb,X5T-DOXE,orderid:765426,crmid:2887870972,2019-12-21T05:54:46.000Z,call center,prd1152,1578635686,1579326886,2020-01-10T05:54:46+00:00,2020-01-18T05:54:46+00:00,Repose Resort: Indianapolis,Repose Resort,Indianapolis,standard,1,1,0,8,132.89,1063.12
e9df109c-53c8-11ea-9e1c-b88a60e194fb,YQQ-5SDB,orderid:608703,crmid:1567917609,2020-01-15T18:42:02.000Z,website,prd1167,1579200122,1579459322,2020-01-16T18:42:02+00:00,2020-01-19T18:42:02+00:00,Hospitality Inn: Milwaukee,Hospitality Inn,Milwaukee,standard,1,1,0,3,136.7,410.1
e9dff980-53c8-11ea-a559-b88a60e194fb,R2M-MMJN,orderid:811473,crmid:6388438774,2020-01-16T00:08:38.000Z,website,prd1105,1581293318,1581811718,2020-02-10T00:08:38+00:00,2020-02-16T00:08:38+00:00,Admiralty Plaza: Barcelona,Admiralty Plaza,Barcelona,standard,1,1,4,6,114.36,686.16
e9e0be40-53c8-11ea-8b42-b88a60e194fb,OJQ-XAON,orderid:974868,crmid:5317626760,2019-12-21T20:48:32.000Z,service desk,prd1016,1579121312,1579812512,2020-01-15T20:48:32+00:00,2020-01-23T20:48:32+00:00,Aspen Heights: Columbus,Aspen Heights,Columbus,standard,1,1,0,8,155.38,1243.04
e9e1a8b4-53c8-11ea-859a-b88a60e194fb,YM5-PCJ7,orderid:206595,crmid:9928881523,2020-02-11T05:02:18.000Z,kiosk,prd1130,1581570138,1581656538,2020-02-13T05:02:18+00:00,2020-02-14T05:02:18+00:00,Blue Reef Resort: Bremen,Blue Reef Resort,Bremen,luxury,1,1,0,1,383.18,383.18
e9e1cfb4-53c8-11ea-9d9a-b88a60e194fb,PMW-4RLC,orderid:231217,crmid:9928881523,2020-02-15T00:00:00.000Z,website,prd1045,1581811200,1582070400,2020-02-16T00:00:00+00:00,2020-02-19T00:00:00+00:00,Admiralty Plaza: Miami,Admiralty Plaza,Miami,standard,1,1,0,3,86.53,259.59
e9e1cfb5-53c8-11ea-acdf-b88a60e194fb,WAF-4U4I,orderid:408590,crmid:9928881523,2020-02-21T00:00:00.000Z,website,prd1151,1582329600,1582416000,2020-02-22T00:00:00+00:00,2020-02-23T00:00:00+00:00,Nesting Box Inn: Fort Worth,Nesting Box Inn,Fort Worth,standard,1,1,0,1,128.7,128.7
e9e1f6d0-53c8-11ea-a60a-b88a60e194fb,5O7-1NY0,orderid:363016,crmid:9928881523,2020-02-25T00:00:00.000Z,website,prd1194,1582675200,1582848000,2020-02-26T00:00:00+00:00,2020-02-28T00:00:00+00:00,Restful Nights: Tianjin,Restful Nights,Tianjin,premium,1,1,0,2,150.53,301.06
e9e2e0ba-53c8-11ea-83b8-b88a60e194fb,3D8-FZZM,orderid:974485,crmid:1077920635,2020-01-13T06:11:50.000Z,kiosk,prd1020,1581055910,1581833510,2020-02-07T06:11:50+00:00,2020-02-16T06:11:50+00:00,Repose Resort: Seattle,Repose Resort,Seattle,standard,1,1,0,9,196.64,1769.76
e9e3f2a2-53c8-11ea-a48c-b88a60e194fb,8WK-8HIM,orderid:319709,crmid:4862093074,2019-12-17T10:15:52.000Z,website,prd1033,1577182552,1578564952,2019-12-24T10:15:52+00:00,2020-01-09T10:15:52+00:00,Admiralty Plaza: Milwaukee,Admiralty Plaza,Milwaukee,premium,1,1,1,16,117.51,1880.16
e9e4dcf0-53c8-11ea-a1f3-b88a60e194fb,THJ-AKXF,orderid:646273,crmid:4436989520,2020-01-25T20:31:47.000Z,kiosk,prd1096,1581021107,1581280307,2020-02-06T20:31:47+00:00,2020-02-09T20:31:47+00:00,Sandhill: Madrid,Sandhill,Madrid,standard,1,1,2,3,131.62,394.86
e9e5a038-53c8-11ea-b481-b88a60e194fb,9LP-D7PV,orderid:546505,crmid:6495904643,2019-12-09T14:51:29.000Z,website,prd1118,1576075889,1576162289,2019-12-11T14:51:29+00:00,2019-12-12T14:51:29+00:00,Blue Reef Resort: Cologne,Blue Reef Resort,Cologne,standard,1,1,0,1,126.41,126.41
e9e8ad86-53c8-11ea-ae25-b88a60e194fb,EJB-XSJD,orderid:732666,crmid:3809070349,2019-12-09T05:20:42.000Z,website,prd1112,1577683242,1578028842,2019-12-30T05:20:42+00:00,2020-01-03T05:20:42+00:00,Aspen Heights: Birmingham,Aspen Heights,Birmingham,standard,1,1,0,4,141.36,565.44
e9e9bd9c-53c8-11ea-8961-b88a60e194fb,UHR-V8VF,orderid:568209,crmid:9456601542,2019-12-28T11:39:00.000Z,kiosk,prd1052,1577705940,1577792340,2019-12-30T11:39:00+00:00,2019-12-31T11:39:00+00:00,Aspen Heights: Wichita,Aspen Heights,Wichita,standard,1,1,0,1,118.45,118.45
e9ea8248-53c8-11ea-9b57-b88a60e194fb,S69-S9H3,orderid:679003,crmid:7107720563,2020-01-19T12:05:47.000Z,kiosk,prd1117,1579521947,1579781147,2020-01-20T12:05:47+00:00,2020-01-23T12:05:47+00:00,Admiralty Plaza: Dublin,Admiralty Plaza,Dublin,standard,1,1,0,3,95.41,286.23
e9eb45ae-53c8-11ea-ad4f-b88a60e194fb,XWG-XTCZ,orderid:136530,crmid:1804563804,2019-12-13T16:17:43.000Z,kiosk,prd1148,1576772263,1577981863,2019-12-19T16:17:43+00:00,2020-01-02T16:17:43+00:00,Aspen Heights: Jacksonville,Aspen Heights,Jacksonville,premium,1,1,0,14,139.87,1958.18
e9ec08f6-53c8-11ea-8cbb-b88a60e194fb,KV6-GHWR,orderid:432222,crmid:3490175286,2019-12-23T01:15:00.000Z,kiosk,prd1177,1578964500,1579223700,2020-01-14T01:15:00+00:00,2020-01-17T01:15:00+00:00,Admiralty Plaza: Raleigh,Admiralty Plaza,Raleigh,standard,1,1,0,3,130.86,392.58
e9ecf34a-53c8-11ea-b9bf-b88a60e194fb,QC2-NOQZ,orderid:264392,crmid:5663084175,2019-12-04T19:48:08.000Z,website,prd1137,1576871288,1578512888,2019-12-20T19:48:08+00:00,2020-01-08T19:48:08+00:00,Sapphire Suites: Manila,Sapphire Suites,Manila,premium,1,1,0,19,128.09,2433.71
e9edddb6-53c8-11ea-9b61-b88a60e194fb,QAC-X3G3,orderid:162542,crmid:5233687359,2019-12-25T12:32:29.000Z,website,prd1177,1579350749,1580733149,2020-01-18T12:32:29+00:00,2020-02-03T12:32:29+00:00,Admiralty Plaza: Raleigh,Admiralty Plaza,Raleigh,premium,1,1,2,16,151.04,2416.64
e9eec802-53c8-11ea-8d08-b88a60e194fb,01E-WY9S,orderid:177583,crmid:8698295976,2020-02-14T13:47:12.000Z,call center,prd1023,1583675232,1584020832,2020-03-08T13:47:12+00:00,2020-03-12T13:47:12+00:00,Hospitality Inn: Boston,Hospitality Inn,Boston,premium,1,1,0,4,150.13,600.52
e9ef8b3a-53c8-11ea-aa7b-b88a60e194fb,LJT-Q1I9,orderid:100160,crmid:8366853614,2020-01-28T17:57:51.000Z,call center,prd1184,1581875871,1582394271,2020-02-16T17:57:51+00:00,2020-02-22T17:57:51+00:00,Aspen Heights: Arlington,Aspen Heights,Arlington,standard,1,1,0,6,154.49,926.94
e9f075b4-53c8-11ea-8f00-b88a60e194fb,EDU-MJSW,orderid:666031,crmid:3485534482,2019-12-23T07:18:55.000Z,website,prd1165,1577431135,1577690335,2019-12-27T07:18:55+00:00,2019-12-30T07:18:55+00:00,Admiralty Plaza: Louisville,Admiralty Plaza,Louisville,premium,1,1,0,3,145.87,437.61
e9f075b5-53c8-11ea-b2b6-b88a60e194fb,GVL-QYIA,orderid:870678,crmid:3485534482,2019-12-31T00:00:00.000Z,service desk,prd1170,1577836800,1578268800,2020-01-01T00:00:00+00:00,2020-01-06T00:00:00+00:00,Restful Nights: Fresno,Restful Nights,Fresno,standard,1,1,0,5,155.92,779.6
e9f1394a-53c8-11ea-96d6-b88a60e194fb,VUT-GIUS,orderid:351938,crmid:5747598855,2019-12-26T17:43:53.000Z,website,prd1177,1577555033,1577727833,2019-12-28T17:43:53+00:00,2019-12-30T17:43:53+00:00,Admiralty Plaza: Raleigh,Admiralty Plaza,Raleigh,premium,1,1,0,2,100.46,200.92
f91851d4-53c8-11ea-bfca-b88a60e194fb,LIW-U4XL,orderid:574737,crmid:5130895134,2020-01-23T09:16:13.000Z,kiosk,prd1019,1582190173,1582535773,2020-02-20T09:16:13+00:00,2020-02-24T09:16:13+00:00,Nesting Box Inn: Charlotte,Nesting Box Inn,Charlotte,standard,1,1,0,4,139.13,556.52
f9191528-53c8-11ea-aa15-b88a60e194fb,MJX-TKAA,orderid:822138,crmid:2313256869,2020-01-28T00:29:57.000Z,call center,prd1189,1580344197,1580603397,2020-01-30T00:29:57+00:00,2020-02-02T00:29:57+00:00,Admiralty Plaza: Bakersfield,Admiralty Plaza,Bakersfield,standard,1,1,0,3,109.27,327.81
f919ff8a-53c8-11ea-90ef-b88a60e194fb,1MK-OB0H,orderid:248241,crmid:7161620090,2020-02-04T22:47:37.000Z,call center,prd1028,1582411657,1582584457,2020-02-22T22:47:37+00:00,2020-02-24T22:47:37+00:00,Aspen Heights: Portland,Aspen Heights,Portland,standard,1,1,2,2,168.72,337.44
f91b3800-53c8-11ea-b5e7-b88a60e194fb,1V9-WFBZ,orderid:994781,crmid:6874713387,2020-01-31T01:10:06.000Z,call center,prd1050,1582679406,1583457006,2020-02-26T01:10:06+00:00,2020-03-06T01:10:06+00:00,Restful Nights: Arlington,Restful Nights,Arlington,premium,1,1,0,9,152.64,1373.76
f91c719e-53c8-11ea-93ed-b88a60e194fb,TDW-KA5Y,orderid:684623,crmid:4450999815,2020-02-07T14:47:56.000Z,website,prd1117,1581173276,1581432476,2020-02-08T14:47:56+00:00,2020-02-11T14:47:56+00:00,Admiralty Plaza: Dublin,Admiralty Plaza,Dublin,ultra-luxury,1,1,0,3,390.61,1171.83
f91da910-53c8-11ea-a5be-b88a60e194fb,REG-GLAT,orderid:318268,crmid:3746823885,2019-12-06T12:05:36.000Z,kiosk,prd1009,1577966736,1578657936,2020-01-02T12:05:36+00:00,2020-01-10T12:05:36+00:00,Admiralty Plaza: San Antonio,Admiralty Plaza,San Antonio,standard,1,1,0,8,150.5,1204.0
f91ee162-53c8-11ea-949d-b88a60e194fb,76V-4SQH,orderid:649922,crmid:2640074824,2020-01-26T15:07:26.000Z,website,prd1061,1580483246,1581088046,2020-01-31T15:07:26+00:00,2020-02-07T15:07:26+00:00,Grandeur Hotels: Lahore,Grandeur Hotels,Lahore,standard,1,1,0,7,178.79,1251.53
f91ff2e8-53c8-11ea-8e24-b88a60e194fb,IFB-SF1Z,orderid:366620,crmid:2292223909,2019-12-24T12:28:02.000Z,kiosk,prd1149,1578659282,1579264082,2020-01-10T12:28:02+00:00,2020-01-17T12:28:02+00:00,Sapphire Suites: San Francisco,Sapphire Suites,San Francisco,luxury,1,1,0,7,345.99,2421.93
f9212b68-53c8-11ea-88ba-b88a60e194fb,JAD-KPDA,orderid:626415,crmid:2667106776,2020-01-01T11:26:51.000Z,mobile,prd1178,1580210811,1581593211,2020-01-28T11:26:51+00:00,2020-02-13T11:26:51+00:00,Blue Reef Resort: Colorado Springs,Blue Reef Resort,Colorado Springs,premium,1,1,1,16,106.38,1702.08
f9228ada-53c8-11ea-9370-b88a60e194fb,I82-JKMA,orderid:391375,crmid:4164897190,2019-12-05T01:10:44.000Z,call center,prd1149,1577754644,1578100244,2019-12-31T01:10:44+00:00,2020-01-04T01:10:44+00:00,Sapphire Suites: San Francisco,Sapphire Suites,San Francisco,presidential-suite,1,1,0,4,867.93,3471.72
f923ea7e-53c8-11ea-ab7e-b88a60e194fb,PZK-TCOF,orderid:310402,crmid:2127479564,2019-12-30T14:55:35.000Z,mobile,prd1166,1577890535,1578236135,2020-01-01T14:55:35+00:00,2020-01-05T14:55:35+00:00,Blue Reef Resort: Baltimore,Blue Reef Resort,Baltimore,standard,1,1,0,4,131.52,526.08
f924adca-53c8-11ea-abd8-b88a60e194fb,CVA-VQDL,orderid:840551,crmid:3292467670,2019-12-11T07:45:54.000Z,call center,prd1031,1578383154,1578728754,2020-01-07T07:45:54+00:00,2020-01-11T07:45:54+00:00,Nesting Box Inn: Louisville,Nesting Box Inn,Louisville,premium,1,1,0,4,155.05,620.2
f9257118-53c8-11ea-a908-b88a60e194fb,SSO-XNXC,orderid:649453,crmid:1785852163,2020-01-12T15:53:40.000Z,website,prd1022,1580399620,1581782020,2020-01-30T15:53:40+00:00,2020-02-15T15:53:40+00:00,Blue Reef Resort: Washington DC,Blue Reef Resort,Washington DC,standard,1,1,0,16,123.73,1979.68
f9265b7a-53c8-11ea-afdc-b88a60e194fb,TA4-VQMG,orderid:738238,crmid:4261374912,2019-12-10T05:16:19.000Z,call center,prd1077,1576127779,1576214179,2019-12-12T05:16:19+00:00,2019-12-13T05:16:19+00:00,Sapphire Suites: Cairo,Sapphire Suites,Cairo,standard,1,1,0,1,122.68,122.68
f9271eca-53c8-11ea-b402-b88a60e194fb,MTX-H6UD,orderid:373654,crmid:1805387491,2019-12-07T21:50:50.000Z,kiosk,prd1057,1577656250,1578088250,2019-12-29T21:50:50+00:00,2020-01-03T21:50:50+00:00,Admiralty Plaza: Mumbai,Admiralty Plaza,Mumbai,standard,1,1,0,5,136.81,684.05
f9280946-53c8-11ea-a3af-b88a60e194fb,GGT-XRXE,orderid:986519,crmid:3975134314,2019-12-24T20:30:13.000Z,call center,prd1076,1577565013,1577651413,2019-12-28T20:30:13+00:00,2019-12-29T20:30:13+00:00,Aspen Heights: Bogota,Aspen Heights,Bogota,standard,1,1,0,1,155.35,155.35
f928f3ba-53c8-11ea-af27-b88a60e194fb,V8J-JIQP,orderid:728507,crmid:8374038432,2019-12-18T12:25:48.000Z,kiosk,prd1177,1579004748,1579609548,2020-01-14T12:25:48+00:00,2020-01-21T12:25:48+00:00,Admiralty Plaza: Raleigh,Admiralty Plaza,Raleigh,luxury,1,1,0,7,251.45,1760.15
f929de06-53c8-11ea-8ec1-b88a60e194fb,MBL-JLST,orderid:387304,crmid:8406599108,2019-12-27T17:12:40.000Z,website,prd1136,1579367560,1579540360,2020-01-18T17:12:40+00:00,2020-01-20T17:12:40+00:00,Aspen Heights: Osaka,Aspen Heights,Osaka,standard,1,1,2,2,149.09,298.18
f92aa15a-53c8-11ea-8c6f-b88a60e194fb,008-STQ7,orderid:314547,crmid:3150228790,2020-02-12T04:35:09.000Z,website,prd1170,1581654909,1582000509,2020-02-14T04:35:09+00:00,2020-02-18T04:35:09+00:00,Restful Nights: Fresno,Restful Nights,Fresno,standard,1,1,0,4,159.83,639.32
f92b8bb8-53c8-11ea-93f3-b88a60e194fb,POM-C4KR,orderid:743510,crmid:5779322227,2019-12-20T05:17:28.000Z,call center,prd1117,1577683048,1577855848,2019-12-30T05:17:28+00:00,2020-01-01T05:17:28+00:00,Admiralty Plaza: Dublin,Admiralty Plaza,Dublin,premium,1,1,0,2,99.27,198.54
f92c4f1c-53c8-11ea-8a39-b88a60e194fb,6JW-NAPD,orderid:597560,crmid:2893722074,2020-01-29T04:57:24.000Z,call center,prd1005,1582174644,1582693044,2020-02-20T04:57:24+00:00,2020-02-26T04:57:24+00:00,Sapphire Suites: Los Angeles,Sapphire Suites,Los Angeles,premium,1,1,4,6,115.56,693.36
f92dae8c-53c8-11ea-abb2-b88a60e194fb,UO4-UKWS,orderid:700737,crmid:8188170746,2020-01-12T03:29:06.000Z,kiosk,prd1158,1579058946,1579231746,2020-01-15T03:29:06+00:00,2020-01-17T03:29:06+00:00,Restful Nights: El Paso,Restful Nights,El Paso,luxury,1,1,0,2,314.85,629.7
f92e98f6-53c8-11ea-8a0d-b88a60e194fb,HPY-BEZM,orderid:878915,crmid:6534686094,2019-12-02T19:01:59.000Z,website,prd1179,1575399719,1575831719,2019-12-03T19:01:59+00:00,2019-12-08T19:01:59+00:00,Hospitality Inn: Miami,Hospitality Inn,Miami,premium,1,1,0,5,135.83,679.15
f92f8354-53c8-11ea-8528-b88a60e194fb,WN0-KPGX,orderid:240644,crmid:9487987494,2019-12-31T12:30:51.000Z,service desk,prd1028,1579782651,1581165051,2020-01-23T12:30:51+00:00,2020-02-08T12:30:51+00:00,Aspen Heights: Portland,Aspen Heights,Portland,standard,1,1,4,16,153.52,2456.32
f9306db8-53c8-11ea-8ff5-b88a60e194fb,4AH-UN9M,orderid:104442,crmid:4377463177,2020-02-12T08:37:55.000Z,mobile,prd1135,1581583075,1581842275,2020-02-13T08:37:55+00:00,2020-02-16T08:37:55+00:00,Family Fun Hotels: Vancouver,Family Fun Hotels,Vancouver,standard,1,1,0,3,115.04,345.12
f9313106-53c8-11ea-a433-b88a60e194fb,IMS-B675,orderid:562828,crmid:1290401768,2019-12-03T20:00:39.000Z,kiosk,prd1016,1577390439,1578340839,2019-12-26T20:00:39+00:00,2020-01-06T20:00:39+00:00,Aspen Heights: Columbus,Aspen Heights,Columbus,standard,1,1,0,11,144.02,1584.22
f9326952-53c8-11ea-ae5d-b88a60e194fb,CK7-XZ8V,orderid:153992,crmid:2122783712,2020-01-13T23:01:01.000Z,kiosk,prd1001,1581289261,1582066861,2020-02-09T23:01:01+00:00,2020-02-18T23:01:01+00:00,Grandeur Hotels: New York,Grandeur Hotels,New York,standard,1,1,0,9,145.71,1311.39
f933a1c8-53c8-11ea-9287-b88a60e194fb,NDB-VNAR,orderid:269160,crmid:6847460696,2020-02-10T15:01:06.000Z,website,prd1057,1583334066,1584025266,2020-03-04T15:01:06+00:00,2020-03-12T15:01:06+00:00,Admiralty Plaza: Mumbai,Admiralty Plaza,Mumbai,standard,1,1,2,8,121.23,969.84
f93501c0-53c8-11ea-8d76-b88a60e194fb,HHE-LWAT,orderid:888662,crmid:7891624005,2020-02-13T12:49:33.000Z,call center,prd1196,1582030173,1582116573,2020-02-18T12:49:33+00:00,2020-02-19T12:49:33+00:00,Aspen Heights: Moscow,Aspen Heights,Moscow,premium,1,1,0,1,146.86,146.86
f93612e8-53c8-11ea-96b3-b88a60e194fb,1JT-UNSJ,orderid:602990,crmid:2172830128,2020-02-10T20:58:15.000Z,website,prd1112,1581886695,1582577895,2020-02-16T20:58:15+00:00,2020-02-24T20:58:15+00:00,Aspen Heights: Birmingham,Aspen Heights,Birmingham,standard,1,1,4,8,160.26,1282.08
f937244c-53c8-11ea-910f-b88a60e194fb,7VK-U8YE,orderid:576466,crmid:9089352496,2020-01-31T20:35:19.000Z,website,prd1117,1580589319,1581194119,2020-02-01T20:35:19+00:00,2020-02-08T20:35:19+00:00,Admiralty Plaza: Dublin,Admiralty Plaza,Dublin,premium,1,1,0,7,140.26,981.82
f93835cc-53c8-11ea-b2cc-b88a60e194fb,0DB-JJXP,orderid:386818,crmid:2676865476,2020-01-31T23:26:10.000Z,mobile,prd1129,1582759570,1583277970,2020-02-26T23:26:10+00:00,2020-03-03T23:26:10+00:00,Admiralty Plaza: Helsinki,Admiralty Plaza,Helsinki,standard,1,1,0,6,186.53,1119.18
f939201e-53c8-11ea-b4f0-b88a60e194fb,ZXF-NSQE,orderid:126978,crmid:1276754246,2019-12-08T00:06:44.000Z,call center,prd1157,1576195604,1576454804,2019-12-13T00:06:44+00:00,2019-12-16T00:06:44+00:00,Grandeur Hotels: Boston,Grandeur Hotels,Boston,luxury,1,1,0,3,339.22,1017.66
f93a0a7e-53c8-11ea-b89b-b88a60e194fb,Y5A-BSYP,orderid:429553,crmid:4989721551,2020-01-06T09:13:59.000Z,call center,prd1179,1580116439,1580807639,2020-01-27T09:13:59+00:00,2020-02-04T09:13:59+00:00,Hospitality Inn: Miami,Hospitality Inn,Miami,standard,1,1,0,8,150.54,1204.32
f93af4d4-53c8-11ea-81b1-b88a60e194fb,IMO-W3I4,orderid:490755,crmid:7949078993,2020-01-26T23:19:31.000Z,call center,prd1088,1582067971,1582240771,2020-02-18T23:19:31+00:00,2020-02-20T23:19:31+00:00,Aspen Heights: Ankara,Aspen Heights,Ankara,standard,1,1,1,2,126.11,252.22
f93bdf38-53c8-11ea-807e-b88a60e194fb,QAA-OQD1,orderid:971395,crmid:1622704039,2020-02-01T21:03:10.000Z,website,prd1145,1582664590,1583096590,2020-02-25T21:03:10+00:00,2020-03-01T21:03:10+00:00,Grandeur Hotels: Dallas,Grandeur Hotels,Dallas,standard,1,1,1,5,96.29,481.45
f93cc994-53c8-11ea-85d0-b88a60e194fb,VFT-PSNV,orderid:719239,crmid:4395245540,2019-12-06T08:27:59.000Z,website,prd1070,1575707279,1575880079,2019-12-07T08:27:59+00:00,2019-12-09T08:27:59+00:00,Blue Reef Resort: Jakarta,Blue Reef Resort,Jakarta,standard,1,1,0,2,136.86,273.72
f93e2946-53c8-11ea-92dc-b88a60e194fb,CST-OB2Z,orderid:896751,crmid:7242460592,2019-12-22T14:01:04.000Z,mobile,prd1015,1579010464,1579788064,2020-01-14T14:01:04+00:00,2020-01-23T14:01:04+00:00,Family Fun Hotels: San Francisco,Family Fun Hotels,San Francisco,standard,1,1,0,9,150.0,1350.0
f93fafd8-53c8-11ea-b241-b88a60e194fb,O1A-SSSW,orderid:520194,crmid:6797539394,2020-01-24T18:57:21.000Z,call center,prd1117,1579978641,1580065041,2020-01-25T18:57:21+00:00,2020-01-26T18:57:21+00:00,Admiralty Plaza: Dublin,Admiralty Plaza,Dublin,standard,1,1,0,1,160.23,160.23
f93fd7f6-53c8-11ea-ad06-b88a60e194fb,OBC-HK01,orderid:352449,crmid:6797539394,2020-01-28T00:00:00.000Z,website,prd1035,1580428800,1580774400,2020-01-31T00:00:00+00:00,2020-02-04T00:00:00+00:00,Hospitality Inn: Tucson,Hospitality Inn,Tucson,premium,1,1,0,4,121.4,485.6
f940e99a-53c8-11ea-bed2-b88a60e194fb,8H3-RYKO,orderid:902911,crmid:4110470893,2020-02-11T00:54:13.000Z,call center,prd1082,1581468853,1581987253,2020-02-12T00:54:13+00:00,2020-02-18T00:54:13+00:00,Blue Reef Resort: Surat,Blue Reef Resort,Surat,standard,1,1,2,6,144.59,867.54
f941acec-53c8-11ea-82fb-b88a60e194fb,BKI-K939,orderid:179864,crmid:9080299751,2019-12-08T03:27:35.000Z,kiosk,prd1047,1577158055,1578713255,2019-12-24T03:27:35+00:00,2020-01-11T03:27:35+00:00,Hospitality Inn: Oakland,Hospitality Inn,Oakland,standard,1,1,0,18,170.67,3072.06
f942969e-53c8-11ea-8e97-b88a60e194fb,91C-C3B3,orderid:153022,crmid:8324408401,2019-12-02T02:56:18.000Z,website,prd1045,1575946578,1577069778,2019-12-10T02:56:18+00:00,2019-12-23T02:56:18+00:00,Admiralty Plaza: Miami,Admiralty Plaza,Miami,standard,1,1,2,13,109.3,1420.9
f943a8d0-53c8-11ea-bb94-b88a60e194fb,D0L-DWQN,orderid:769481,crmid:9366367471,2020-01-04T16:19:51.000Z,service desk,prd1182,1578845991,1579623591,2020-01-12T16:19:51+00:00,2020-01-21T16:19:51+00:00,Restful Nights: Minneapolis,Restful Nights,Minneapolis,premium,1,1,0,9,176.56,1589.04
f94491de-53c8-11ea-89a1-b88a60e194fb,WEY-VVDJ,orderid:345536,crmid:1317083253,2019-12-17T02:35:20.000Z,call center,prd1150,1576636520,1576809320,2019-12-18T02:35:20+00:00,2019-12-20T02:35:20+00:00,Sego Lily Suites: Columbus,Sego Lily Suites,Columbus,standard,1,1,0,2,144.01,288.02
f9455528-53c8-11ea-8fca-b88a60e194fb,THY-TNVP,orderid:468457,crmid:1687580326,2020-02-05T07:53:54.000Z,website,prd1142,1581407634,1581753234,2020-02-11T07:53:54+00:00,2020-02-15T07:53:54+00:00,Blue Reef Resort: Philadelphia,Blue Reef Resort,Philadelphia,standard,1,1,0,4,190.17,760.68
f9463f8a-53c8-11ea-81b3-b88a60e194fb,XXR-CIIZ,orderid:656174,crmid:3642251190,2019-12-29T01:40:05.000Z,call center,prd1069,1578966005,1579398005,2020-01-14T01:40:05+00:00,2020-01-19T01:40:05+00:00,Admiralty Plaza: Singapore,Admiralty Plaza,Singapore,premium,1,1,4,5,157.75,788.75
f9472a0c-53c8-11ea-a48d-b88a60e194fb,RBE-GKYL,orderid:438831,crmid:9330708474,2020-01-13T03:35:01.000Z,call center,prd1166,1578972901,1579145701,2020-01-14T03:35:01+00:00,2020-01-16T03:35:01+00:00,Blue Reef Resort: Baltimore,Blue Reef Resort,Baltimore,standard,1,1,0,2,146.54,293.08
f9481464-53c8-11ea-859e-b88a60e194fb,LIF-IXTE,orderid:858748,crmid:8721450612,2020-01-13T18:30:19.000Z,website,prd1028,1579026619,1579285819,2020-01-14T18:30:19+00:00,2020-01-17T18:30:19+00:00,Aspen Heights: Portland,Aspen Heights,Portland,premium,1,1,0,3,100.05,300.15
f948d7b6-53c8-11ea-8170-b88a60e194fb,TMP-JR2U,orderid:588520,crmid:9604129772,2020-02-02T04:06:04.000Z,website,prd1155,1582517164,1583035564,2020-02-24T04:06:04+00:00,2020-03-01T04:06:04+00:00,Hospitality Inn: Denver,Hospitality Inn,Denver,standard,1,1,0,6,135.65,813.9
f9499c5c-53c8-11ea-9192-b88a60e194fb,QW7-U23T,orderid:919596,crmid:1559166231,2020-02-08T03:18:39.000Z,call center,prd1197,1583119119,1583378319,2020-03-02T03:18:39+00:00,2020-03-05T03:18:39+00:00,Sapphire Suites: London,Sapphire Suites,London,standard,1,1,0,3,167.63,502.89
f94a8550-53c8-11ea-ab38-b88a60e194fb,THF-TOTK,orderid:748359,crmid:6282294139,2020-02-12T15:32:24.000Z,kiosk,prd1155,1581867144,1581953544,2020-02-16T15:32:24+00:00,2020-02-17T15:32:24+00:00,Hospitality Inn: Denver,Hospitality Inn,Denver,standard,1,1,0,1,156.94,156.94
f94b7100-53c8-11ea-88db-b88a60e194fb,AKL-GWM8,orderid:102058,crmid:6419581728,2019-12-11T21:53:30.000Z,call center,prd1163,1576187610,1576360410,2019-12-12T21:53:30+00:00,2019-12-14T21:53:30+00:00,Nesting Box Inn: Oklahoma City,Nesting Box Inn,Oklahoma City,standard,1,1,0,2,124.14,248.28
f94ca98a-53c8-11ea-899c-b88a60e194fb,JNC-0URK,orderid:612476,crmid:4574880204,2019-12-23T18:03:33.000Z,website,prd1177,1577210613,1577556213,2019-12-24T18:03:33+00:00,2019-12-28T18:03:33+00:00,Admiralty Plaza: Raleigh,Admiralty Plaza,Raleigh,standard,1,1,0,4,114.63,458.52
f94d6cbe-53c8-11ea-ac01-b88a60e194fb,C96-FEWD,orderid:980842,crmid:4112049121,2019-12-14T14:04:47.000Z,kiosk,prd1121,1578319487,1578837887,2020-01-06T14:04:47+00:00,2020-01-12T14:04:47+00:00,Grandeur Hotels: Stockholm,Grandeur Hotels,Stockholm,standard,1,1,0,6,104.95,629.7
f94e3038-53c8-11ea-9975-b88a60e194fb,ACT-ACPQ,orderid:739764,crmid:6455038266,2020-01-21T10:56:31.000Z,service desk,prd1119,1581504991,1581850591,2020-02-12T10:56:31+00:00,2020-02-16T10:56:31+00:00,Hospitality Inn: Turin,Hospitality Inn,Turin,standard,1,1,0,4,126.6,506.4
f94ef36e-53c8-11ea-ba4d-b88a60e194fb,MGB-HUXO,orderid:320981,crmid:1286429196,2019-12-10T23:55:12.000Z,call center,prd1004,1576367712,1576454112,2019-12-14T23:55:12+00:00,2019-12-15T23:55:12+00:00,Aspen Heights: Boulder,Aspen Heights,Boulder,standard,1,1,0,1,169.14,169.14
f94fdde2-53c8-11ea-821b-b88a60e194fb,JDW-AVFP,orderid:428932,crmid:3842948571,2020-01-17T18:57:47.000Z,call center,prd1107,1580065067,1580583467,2020-01-26T18:57:47+00:00,2020-02-01T18:57:47+00:00,Hospitality Inn: Kharkiv,Hospitality Inn,Kharkiv,premium,1,1,0,6,127.07,762.42
f950c828-53c8-11ea-8627-b88a60e194fb,ZZF-OZAA,orderid:914084,crmid:7527649372,2019-12-06T23:01:22.000Z,website,prd1052,1577574082,1578351682,2019-12-28T23:01:22+00:00,2020-01-06T23:01:22+00:00,Aspen Heights: Wichita,Aspen Heights,Wichita,standard,1,1,0,9,123.0,1107.0
f951ff4a-53c8-11ea-a771-b88a60e194fb,CH9-VT5Y,orderid:907923,crmid:4009142846,2020-01-12T06:21:03.000Z,kiosk,prd1137,1580624463,1580797263,2020-02-02T06:21:03+00:00,2020-02-04T06:21:03+00:00,Sapphire Suites: Manila,Sapphire Suites,Manila,standard,1,1,0,2,170.35,340.7
f952c29e-53c8-11ea-899c-b88a60e194fb,7DR-AWRP,orderid:444754,crmid:9807346813,2019-12-21T15:28:46.000Z,kiosk,prd1052,1579015726,1579620526,2020-01-14T15:28:46+00:00,2020-01-21T15:28:46+00:00,Aspen Heights: Wichita,Aspen Heights,Wichita,standard,1,1,0,7,136.9,958.3
f95385e8-53c8-11ea-8cce-b88a60e194fb,Z6G-TWZO,orderid:227759,crmid:5048402599,2020-01-17T10:21:26.000Z,website,prd1113,1579342886,1579515686,2020-01-18T10:21:26+00:00,2020-01-20T10:21:26+00:00,Sapphire Suites: Kazan,Sapphire Suites,Kazan,standard,1,1,0,2,175.05,350.1
f954704a-53c8-11ea-a5e8-b88a60e194fb,YWT-YGTM,orderid:356719,crmid:3928649069,2020-02-01T02:09:30.000Z,website,prd1189,1582942170,1584151770,2020-02-29T02:09:30+00:00,2020-03-14T02:09:30+00:00,Admiralty Plaza: Bakersfield,Admiralty Plaza,Bakersfield,standard,1,1,0,14,151.49,2120.86
f9555aa6-53c8-11ea-9af1-b88a60e194fb,KFC-RDCG,orderid:526006,crmid:1759177332,2020-01-03T04:52:02.000Z,call center,prd1045,1580446322,1581137522,2020-01-31T04:52:02+00:00,2020-02-08T04:52:02+00:00,Admiralty Plaza: Miami,Admiralty Plaza,Miami,standard,1,1,3,8,137.62,1100.96
f9566c1c-53c8-11ea-89ee-b88a60e194fb,UO4-4WXF,orderid:676488,crmid:2391862065,2020-01-06T13:00:29.000Z,call center,prd1155,1579870829,1581512429,2020-01-24T13:00:29+00:00,2020-02-12T13:00:29+00:00,Hospitality Inn: Denver,Hospitality Inn,Denver,standard,1,1,0,19,135.53,2575.07
f9575680-53c8-11ea-b96e-b88a60e194fb,KDV-6ZPT,orderid:874467,crmid:6535293860,2020-02-06T11:02:09.000Z,mobile,prd1110,1583319729,1583751729,2020-03-04T11:02:09+00:00,2020-03-09T11:02:09+00:00,Restful Nights: Sofia,Restful Nights,Sofia,standard,1,1,0,5,118.53,592.65
f95840dc-53c8-11ea-95a3-b88a60e194fb,N43-GZ9K,orderid:409463,crmid:2412709224,2019-12-04T11:52:46.000Z,call center,prd1191,1577101966,1577706766,2019-12-23T11:52:46+00:00,2019-12-30T11:52:46+00:00,Hospitality Inn: Mumbai,Hospitality Inn,Mumbai,standard,1,1,0,7,128.34,898.38
f9595248-53c8-11ea-bc5b-b88a60e194fb,HFD-DBVD,orderid:148508,crmid:2766932301,2020-02-01T21:06:42.000Z,kiosk,prd1177,1581714402,1582405602,2020-02-14T21:06:42+00:00,2020-02-22T21:06:42+00:00,Admiralty Plaza: Raleigh,Admiralty Plaza,Raleigh,standard,1,1,0,8,86.67,693.36
f95a3cae-53c8-11ea-bb9f-b88a60e194fb,BJC-R5ZL,orderid:143842,crmid:2067017192,2020-02-16T10:03:43.000Z,call center,prd1169,1583834623,1584439423,2020-03-10T10:03:43+00:00,2020-03-17T10:03:43+00:00,Grandeur Hotels: Tucson,Grandeur Hotels,Tucson,standard,1,1,3,7,152.42,1066.94
f95b270c-53c8-11ea-82c6-b88a60e194fb,CND-MURR,orderid:941631,crmid:8050894856,2020-02-04T15:41:39.000Z,call center,prd1095,1582731699,1583595699,2020-02-26T15:41:39+00:00,2020-03-07T15:41:39+00:00,Hospitality Inn: Casablanca,Hospitality Inn,Casablanca,standard,1,1,0,10,144.67,1446.7
f95bea5e-53c8-11ea-9e4d-b88a60e194fb,OCP-NILY,orderid:327419,crmid:2328494351,2020-01-18T18:01:13.000Z,kiosk,prd1046,1581357673,1581530473,2020-02-10T18:01:13+00:00,2020-02-12T18:01:13+00:00,Blue Reef Resort: Virginia Beach,Blue Reef Resort,Virginia Beach,standard,1,1,0,2,120.69,241.38
f95cd4b8-53c8-11ea-bacd-b88a60e194fb,WF4-WPR3,orderid:866680,crmid:3137416918,2020-01-24T04:40:31.000Z,call center,prd1105,1579927231,1580013631,2020-01-25T04:40:31+00:00,2020-01-26T04:40:31+00:00,Admiralty Plaza: Barcelona,Admiralty Plaza,Barcelona,standard,1,1,0,1,147.51,147.51
f95cd4b9-53c8-11ea-9ba0-b88a60e194fb,S3H-UX2S,orderid:294001,crmid:3137416918,2020-01-28T00:00:00.000Z,website,prd1040,1580342400,1580515200,2020-01-30T00:00:00+00:00,2020-02-01T00:00:00+00:00,Aspen Heights: Atlanta,Aspen Heights,Atlanta,standard,1,1,0,2,140.46,280.92
f95dbf10-53c8-11ea-9b1b-b88a60e194fb,EY4-GTH6,orderid:870120,crmid:5760260070,2020-01-13T16:22:32.000Z,website,prd1177,1579018952,1579191752,2020-01-14T16:22:32+00:00,2020-01-16T16:22:32+00:00,Admiralty Plaza: Raleigh,Admiralty Plaza,Raleigh,standard,1,1,0,2,188.29,376.58
f95e826e-53c8-11ea-867e-b88a60e194fb,R8P-YPIS,orderid:476139,crmid:1821584010,2020-01-04T03:47:27.000Z,website,prd1014,1579924047,1580528847,2020-01-25T03:47:27+00:00,2020-02-01T03:47:27+00:00,Restful Nights: Jacksonville,Restful Nights,Jacksonville,standard,1,1,0,7,141.05,987.35
f95f6cdc-53c8-11ea-a0c5-b88a60e194fb,UFG-TAER,orderid:694409,crmid:6831241722,2020-02-11T12:17:54.000Z,website,prd1046,1583842674,1585311474,2020-03-10T12:17:54+00:00,2020-03-27T12:17:54+00:00,Blue Reef Resort: Virginia Beach,Blue Reef Resort,Virginia Beach,standard,1,1,0,17,153.83,2615.11
f9607e6e-53c8-11ea-a5cb-b88a60e194fb,XBY-XTLB,orderid:698136,crmid:4729459780,2020-01-26T12:04:18.000Z,website,prd1117,1581854658,1582545858,2020-02-16T12:04:18+00:00,2020-02-24T12:04:18+00:00,Admiralty Plaza: Dublin,Admiralty Plaza,Dublin,standard,1,1,2,8,99.11,792.88
f96168ae-53c8-11ea-a64b-b88a60e194fb,J5W-VETC,orderid:192125,crmid:7260535727,2020-02-03T01:16:43.000Z,call center,prd1164,1583025403,1583457403,2020-03-01T01:16:43+00:00,2020-03-06T01:16:43+00:00,Repose Resort: Las Vegas,Repose Resort,Las Vegas,standard,1,1,0,5,147.63,738.15
f962530a-53c8-11ea-b0b9-b88a60e194fb,CES-ESTW,orderid:241910,crmid:2168494776,2020-01-20T03:27:06.000Z,mobile,prd1041,1579663626,1579750026,2020-01-22T03:27:06+00:00,2020-01-23T03:27:06+00:00,Sapphire Suites: Long Beach,Sapphire Suites,Long Beach,premium,1,1,0,1,138.9,138.9
f9633d66-53c8-11ea-9bda-b88a60e194fb,TB3-PKEF,orderid:765467,crmid:9686340567,2019-12-27T16:55:03.000Z,kiosk,prd1059,1577724903,1577984103,2019-12-30T16:55:03+00:00,2020-01-02T16:55:03+00:00,Hospitality Inn: Kinshasa,Hospitality Inn,Kinshasa,standard,1,1,0,3,152.96,458.88
f96400b6-53c8-11ea-b1b2-b88a60e194fb,3Z8-WNEE,orderid:757836,crmid:9151521749,2019-12-28T02:59:28.000Z,website,prd1197,1577588368,1577847568,2019-12-29T02:59:28+00:00,2020-01-01T02:59:28+00:00,Sapphire Suites: London,Sapphire Suites,London,standard,1,1,0,3,161.25,483.75
f9651228-53c8-11ea-8d71-b88a60e194fb,CRB-JY1L,orderid:801512,crmid:6496674821,2020-02-13T16:31:18.000Z,kiosk,prd1131,1581784278,1582129878,2020-02-15T16:31:18+00:00,2020-02-19T16:31:18+00:00,Hospitality Inn: Sheffield,Hospitality Inn,Sheffield,standard,1,1,0,4,177.61,710.44
f965d57a-53c8-11ea-8a40-b88a60e194fb,Y7Q-RGNT,orderid:347243,crmid:3140895294,2020-02-04T05:20:51.000Z,kiosk,prd1141,1582176051,1582608051,2020-02-20T05:20:51+00:00,2020-02-25T05:20:51+00:00,Admiralty Plaza: Phoenix,Admiralty Plaza,Phoenix,premium,1,1,0,5,104.58,522.9
f966bfd4-53c8-11ea-9af4-b88a60e194fb,TOH-JFK5,orderid:592000,crmid:4593091207,2019-12-31T01:27:35.000Z,kiosk,prd1045,1577928455,1578101255,2020-01-02T01:27:35+00:00,2020-01-04T01:27:35+00:00,Admiralty Plaza: Miami,Admiralty Plaza,Miami,premium,1,1,0,2,190.2,380.4
