{"_id": "orderid:714174", "timestamp": "2019-12-17T00:11:42.000Z", "eventType": "transaction", "_adobeamericaspot3": {"CRMID": "crmid:5630306650", "orderDetails": {"orderID": "orderid:714174", "reservationid": "ALJ-IFFF", "orderType": "website", "hotelSKU": "prd1095", "hotelCheckInUnix": "1576627902", "hotelCheckOutUnix": "1577059902", "hotelCheckInTS": "2019-12-18T00:11:42+00:00", "hotelCheckOutTS": "2019-12-23T00:11:42+00:00", "hotelChain": "Hospitality Inn", "hotelName": "Hospitality Inn: Casablanca", "hotelLocation": "Casablanca", "hotelRoomType": "premium", "hotelRoomCount": "1", "hotelGuestAdultCount": "1", "hotelGuestChildCount": "0", "hotelNightCount": "5", "hotelRoomPrice": "165.59", "hotelFinalPrice": "827.95"}}}
{"_id": "orderid:730598", "timestamp": "2019-12-09T18:20:21.000Z", "eventType": "transaction", "_adobeamericaspot3": {"CRMID": "crmid:4595694667", "orderDetails": {"orderID": "orderid:730598", "reservationid": "MYG-WHXI", "orderType": "kiosk", "hotelSKU": "prd1123", "hotelCheckInUnix": "1576088421", "hotelCheckOutUnix": "1576174821", "hotelCheckInTS": "2019-12-11T18:20:21+00:00", "hotelCheckOutTS": "2019-12-12T18:20:21+00:00", "hotelChain": "Family Fun Hotels", "hotelName": "Family Fun Hotels: Amsterdam", "hotelLocation": "Amsterdam", "hotelRoomType": "standard", "hotelRoomCount": "1", "hotelGuestAdultCount": "1", "hotelGuestChildCount": "0", "hotelNightCount": "1", "hotelRoomPrice": "136.7", "hotelFinalPrice": "136.7"}}}
{"_id": "orderid:230727", "timestamp": "2019-12-20T23:50:49.000Z", "eventType": "transaction", "_adobeamericaspot3": {"CRMID": "crmid:4615485653", "orderDetails": {"orderID": "orderid:230727", "reservationid": "CVM-AX0X", "orderType": "call center", "hotelSKU": "prd1184", "hotelCheckInUnix": "1578613849", "hotelCheckOutUnix": "1579132249", "hotelCheckInTS": "2020-01-09T23:50:49+00:00", "hotelCheckOutTS": "2020-01-15T23:50:49+00:00", "hotelChain": "Aspen Heights", "hotelName": "Aspen Heights: Arlington", "hotelLocation": "Arlington", "hotelRoomType": "premium", "hotelRoomCount": "1", "hotelGuestAdultCount": "1", "hotelGuestChildCount": "4", "hotelNightCount": "6", "hotelRoomPrice": "129.05", "hotelFinalPrice": "774.3"}}}
{"_id": "orderid:245968", "timestamp": "2019-12-10T20:02:46.000Z", "eventType": "transaction", "_adobeamericaspot3": {"CRMID": "crmid:8811159231", "orderDetails": {"orderID": "orderid:245968", "reservationid": "VOK-YUKG", "orderType": "website", "hotelSKU": "prd1110", "hotelCheckInUnix": "1577908966", "hotelCheckOutUnix": "1578686566", "hotelCheckInTS": "2020-01-01T20:02:46+00:00", "hotelCheckOutTS": "2020-01-10T20:02:46+00:00", "hotelChain": "Restful Nights", "hotelName": "Restful Nights: Sofia", "hotelLocation": "Sofia", "hotelRoomType": "premium", "hotelRoomCount": "1", "hotelGuestAdultCount": "1", "hotelGuestChildCount": "0", "hotelNightCount": "9", "hotelRoomPrice": "149.23", "hotelFinalPrice": "1343.07"}}}
{"_id": "orderid:943296", "timestamp": "2020-02-13T12:45:42.000Z", "eventType": "transaction", "_adobeamericaspot3": {"CRMID": "crmid:7060996936", "orderDetails": {"orderID": "orderid:943296", "reservationid": "Z2E-ORPU", "orderType": "call center", "hotelSKU": "prd1105", "hotelCheckInUnix": "1583585142", "hotelCheckOutUnix": "1584276342", "hotelCheckInTS": "2020-03-07T12:45:42+00:00", "hotelCheckOutTS": "2020-03-15T12:45:42+00:00", "hotelChain": "Admiralty Plaza", "hotelName": "Admiralty Plaza: Barcelona", "hotelLocation": "Barcelona", "hotelRoomType": "standard", "hotelRoomCount": "1", "hotelGuestAdultCount": "1", "hotelGuestChildCount": "1", "hotelNightCount": "8", "hotelRoomPrice": "174.96", "hotelFinalPrice": "1399.68"}}}
{"_id": "orderid:725553", "timestamp": "2019-12-28T18:50:41.000Z", "eventType": "transaction", "_adobeamericaspot3": {"CRMID": "crmid:4761938618", "orderDetails": {"orderID": "orderid:725553", "reservationid": "FFG-BR30", "orderType": "call center", "hotelSKU": "prd1047", "hotelCheckInUnix": "1579546241", "hotelCheckOutUnix": "1580583041", "hotelCheckInTS": "2020-01-20T18:50:41+00:00", "hotelCheckOutTS": "2020-02-01T18:50:41+00:00", "hotelChain": "Hospitality Inn", "hotelName": "Hospitality Inn: Oakland", "hotelLocation": "Oakland", "hotelRoomType": "standard", "hotelRoomCount": "1", "hotelGuestAdultCount": "1", "hotelGuestChildCount": "0", "hotelNightCount": "12", "hotelRoomPrice": "149.57", "hotelFinalPrice": "1794.84"}}}
{"_id": "orderid:853814", "timestamp": "2020-01-11T05:56:39.000Z", "eventType": "transaction", "_adobeamericaspot3": {"CRMID": "crmid:7844775919", "orderDetails": {"orderID": "orderid:853814", "reservationid": "A2Q-HGYV", "orderType": "website", "hotelSKU": "prd1091", "hotelCheckInUnix": "1580709399", "hotelCheckOutUnix": "1581400599", "hotelCheckInTS": "2020-02-03T05:56:39+00:00", "hotelCheckOutTS": "2020-02-11T05:56:39+00:00", "hotelChain": "Nesting Box Inn", "hotelName": "Nesting Box Inn: New Taipei", "hotelLocation": "New Taipei", "hotelRoomType": "standard", "hotelRoomCount": "1", "hotelGuestAdultCount": "1", "hotelGuestChildCount": "4", "hotelNightCount": "8", "hotelRoomPrice": "136.14", "hotelFinalPrice": "1089.12"}}}
{"_id": "orderid:560910", "timestamp": "2019-12-08T16:47:58.000Z", "eventType": "transaction", "_adobeamericaspot3": {"CRMID": "crmid:4402971304", "orderDetails": {"orderID": "orderid:560910", "reservationid": "D28-YPQV", "orderType": "website", "hotelSKU": "prd1176", "hotelCheckInUnix": "1576342078", "hotelCheckOutUnix": "1576860478", "hotelCheckInTS": "2019-12-14T16:47:58+00:00", "hotelCheckOutTS": "2019-12-20T16:47:58+00:00", "hotelChain": "Repose Resort", "hotelName": "Repose Resort: Omaha", "hotelLocation": "Omaha", "hotelRoomType": "standard", "hotelRoomCount": "1", "hotelGuestAdultCount": "1", "hotelGuestChildCount": "0", "hotelNightCount": "6", "hotelRoomPrice": "170.25", "hotelFinalPrice": "1021.5"}}}
{"_id": "orderid:879515", "timestamp": "2019-12-26T20:36:17.000Z", "eventType": "transaction", "_adobeamericaspot3": {"CRMID": "crmid:5284372280", "orderDetails": {"orderID": "orderid:879515", "reservationid": "FW2-NVN0", "orderType": "call center", "hotelSKU": "prd1135", "hotelCheckInUnix": "1577478977", "hotelCheckOutUnix": "1577738177", "hotelCheckInTS": "2019-12-27T20:36:17+00:00", "hotelCheckOutTS": "2019-12-30T20:36:17+00:00", "hotelChain": "Family Fun Hotels", "hotelName": "Family Fun Hotels: Vancouver", "hotelLocation": "Vancouver", "hotelRoomType": "standard", "hotelRoomCount": "1", "hotelGuestAdultCount": "1", "hotelGuestChildCount": "0", "hotelNightCount": "3", "hotelRoomPrice": "166.14", "hotelFinalPrice": "498.42"}}}
{"_id": "orderid:697487", "timestamp": "2019-12-10T18:06:56.000Z", "eventType": "transaction", "_adobeamericaspot3": {"CRMID": "crmid:1921471074", "orderDetails": {"orderID": "orderid:697487", "reservationid": "VRV-6IY8", "orderType": "website", "hotelSKU": "prd1189", "hotelCheckInUnix": "1578161216", "hotelCheckOutUnix": "1578679616", "hotelCheckInTS": "2020-01-04T18:06:56+00:00", "hotelCheckOutTS": "2020-01-10T18:06:56+00:00", "hotelChain": "Admiralty Plaza", "hotelName": "Admiralty Plaza: Bakersfield", "hotelLocation": "Bakersfield", "hotelRoomType": "standard", "hotelRoomCount": "1", "hotelGuestAdultCount": "1", "hotelGuestChildCount": "0", "hotelNightCount": "6", "hotelRoomPrice": "147.95", "hotelFinalPrice": "887.7"}}}
{"_id": "orderid:430244", "timestamp": "2019-12-17T15:30:48.000Z", "eventType": "transaction", "_adobeamericaspot3": {"CRMID": "crmid:9331894898", "orderDetails": {"orderID": "orderid:430244", "reservationid": "IXO-6P6Y", "orderType": "website", "hotelSKU": "prd1108", "hotelCheckInUnix": "1578324648", "hotelCheckOutUnix": "1579447848", "hotelCheckInTS": "2020-01-06T15:30:48+00:00", "hotelCheckOutTS": "2020-01-19T15:30:48+00:00", "hotelChain": "Sandhill", "hotelName": "Sandhill: Milan", "hotelLocation": "Milan", "hotelRoomType": "premium", "hotelRoomCount": "1", "hotelGuestAdultCount": "1", "hotelGuestChildCount": "0", "hotelNightCount": "13", "hotelRoomPrice": "120.83", "hotelFinalPrice": "1570.79"}}}
{"_id": "orderid:890608", "timestamp": "2019-12-04T20:41:01.000Z", "eventType": "transaction", "_adobeamericaspot3": {"CRMID": "crmid:9171063936", "orderDetails": {"orderID": "orderid:890608", "reservationid": "5UO-U3GB", "orderType": "kiosk", "hotelSKU": "prd1130", "hotelCheckInUnix": "1577220061", "hotelCheckOutUnix": "1578256861", "hotelCheckInTS": "2019-12-24T20:41:01+00:00", "hotelCheckOutTS": "2020-01-05T20:41:01+00:00", "hotelChain": "Blue Reef Resort", "hotelName": "Blue Reef Resort: Bremen", "hotelLocation": "Bremen", "hotelRoomType": "standard", "hotelRoomCount": "1", "hotelGuestAdultCount": "1", "hotelGuestChildCount": "1", "hotelNightCount": "12", "hotelRoomPrice": "120.62", "hotelFinalPrice": "1447.44"}}}
{"_id": "orderid:178671", "timestamp": "2020-01-23T13:17:42.000Z", "eventType": "transaction", "_adobeamericaspot3": {"CRMID": "crmid:7859911004", "orderDetails": {"orderID": "orderid:178671", "reservationid": "1TC-WKHJ", "orderType": "website", "hotelSKU": "prd1192", "hotelCheckInUnix": "1579871862", "hotelCheckOutUnix": "1580044662", "hotelCheckInTS": "2020-01-24T13:17:42+00:00", "hotelCheckOutTS": "2020-01-26T13:17:42+00:00", "hotelChain": "Sandhill", "hotelName": "Sandhill: Delhi", "hotelLocation": "Delhi", "hotelRoomType": "standard", "hotelRoomCount": "1", "hotelGuestAdultCount": "1", "hotelGuestChildCount": "0", "hotelNightCount": "2", "hotelRoomPrice": "78.64", "hotelFinalPrice": "157.28"}}}
{"_id": "orderid:969246", "timestamp": "2020-01-28T21:59:13.000Z", "eventType": "transaction", "_adobeamericaspot3": {"CRMID": "crmid:7211590905", "orderDetails": {"orderID": "orderid:969246", "reservationid": "JAE-TUT1", "orderType": "mobile", "hotelSKU": "prd1155", "hotelCheckInUnix": "1582495153", "hotelCheckOutUnix": "1583099953", "hotelCheckInTS": "2020-02-23T21:59:13+00:00", "hotelCheckOutTS": "2020-03-01T21:59:13+00:00", "hotelChain": "Hospitality Inn", "hotelName": "Hospitality Inn: Denver", "hotelLocation": "Denver", "hotelRoomType": "standard", "hotelRoomCount": "1", "hotelGuestAdultCount": "1", "hotelGuestChildCount": "3", "hotelNightCount": "7", "hotelRoomPrice": "124.57", "hotelFinalPrice": "871.99"}}}
{"_id": "orderid:587881", "timestamp": "2020-02-11T13:26:38.000Z", "eventType": "transaction", "_adobeamericaspot3": {"CRMID": "crmid:3374075188", "orderDetails": {"orderID": "orderid:587881", "reservationid": "MSO-CKRP", "orderType": "website", "hotelSKU": "prd1181", "hotelCheckInUnix": "1581513998", "hotelCheckOutUnix": "1581773198", "hotelCheckInTS": "2020-02-12T13:26:38+00:00", "hotelCheckOutTS": "2020-02-15T13:26:38+00:00", "hotelChain": "Grandeur Hotels", "hotelName": "Grandeur Hotels: Oakland", "hotelLocation": "Oakland", "hotelRoomType": "standard", "hotelRoomCount": "1", "hotelGuestAdultCount": "1", "hotelGuestChildCount": "0", "hotelNightCount": "3", "hotelRoomPrice": "133.3", "hotelFinalPrice": "399.9"}}}
{"_id": "orderid:633711", "timestamp": "2020-02-17T00:00:00.000Z", "eventType": "transaction", "_adobeamericaspot3": {"CRMID": "crmid:3374075188", "orderDetails": {"orderID": "orderid:633711", "reservationid": "KZL-X7X7", "orderType": "kiosk", "hotelSKU": "prd1125", "hotelCheckInUnix": "1582243200", "hotelCheckOutUnix": "1582416000", "hotelCheckInTS": "2020-02-21T00:00:00+00:00", "hotelCheckOutTS": "2020-02-23T00:00:00+00:00", "hotelChain": "Sapphire Suites", "hotelName": "Sapphire Suites: Palermo", "hotelLocation": "Palermo", "hotelRoomType": "premium", "hotelRoomCount": "1", "hotelGuestAdultCount": "1", "hotelGuestChildCount": "0", "hotelNightCount": "2", "hotelRoomPrice": "135.9", "hotelFinalPrice": "271.8"}}}
{"_id": "orderid:532181", "timestamp": "2019-12-27T21:56:56.000Z", "eventType": "transaction", "_adobeamericaspot3": {"CRMID": "crmid:7556915470", "orderDetails": {"orderID": "orderid:532181", "reservationid": "NJH-ARGD", "orderType": "website", "hotelSKU": "prd1064", "hotelCheckInUnix": "1579643816", "hotelCheckOutUnix": "1580162216", "hotelCheckInTS": "2020-01-21T21:56:56+00:00", "hotelCheckOutTS": "2020-01-27T21:56:56+00:00", "hotelChain": "Aspen Heights", "hotelName": "Aspen Heights: Paris", "hotelLocation": "Paris", "hotelRoomType": "premium", "hotelRoomCount": "1", "hotelGuestAdultCount": "1", "hotelGuestChildCount": "0", "hotelNightCount": "6", "hotelRoomPrice": "122.85", "hotelFinalPrice": "737.1"}}}
{"_id": "orderid:406291", "timestamp": "2020-01-12T13:11:37.000Z", "eventType": "transaction", "_adobeamericaspot3": {"CRMID": "crmid:8036269613", "orderDetails": {"orderID": "orderid:406291", "reservationid": "QPR-10KZ", "orderType": "mobile", "hotelSKU": "prd1058", "hotelCheckInUnix": "1579180297", "hotelCheckOutUnix": "1579266697", "hotelCheckInTS": "2020-01-16T13:11:37+00:00", "hotelCheckOutTS": "2020-01-17T13:11:37+00:00", "hotelChain": "Blue Reef Resort", "hotelName": "Blue Reef Resort: Delhi", "hotelLocation": "Delhi", "hotelRoomType": "standard", "hotelRoomCount": "1", "hotelGuestAdultCount": "1", "hotelGuestChildCount": "0", "hotelNightCount": "1", "hotelRoomPrice": "152.11", "hotelFinalPrice": "152.11"}}}
{"_id": "orderid:910071", "timestamp": "2020-01-31T03:17:40.000Z", "eventType": "transaction", "_adobeamericaspot3": {"CRMID": "crmid:8512253781", "orderDetails": {"orderID": "orderid:910071", "reservationid": "G8Z-X0BI", "orderType": "website", "hotelSKU": "prd1122", "hotelCheckInUnix": "1580527060", "hotelCheckOutUnix": "1580786260", "hotelCheckInTS": "2020-02-01T03:17:40+00:00", "hotelCheckOutTS": "2020-02-04T03:17:40+00:00", "hotelChain": "Restful Nights", "hotelName": "Restful Nights: Valencia", "hotelLocation": "Valencia", "hotelRoomType": "standard", "hotelRoomCount": "1", "hotelGuestAdultCount": "1", "hotelGuestChildCount": "0", "hotelNightCount": "3", "hotelRoomPrice": "128.91", "hotelFinalPrice": "386.73"}}}
{"_id": "orderid:363421", "timestamp": "2019-12-18T15:44:49.000Z", "eventType": "transaction", "_adobeamericaspot3": {"CRMID": "crmid:1422792704", "orderDetails": {"orderID": "orderid:363421", "reservationid": "DQM-WDWB", "orderType": "website", "hotelSKU": "prd1004", "hotelCheckInUnix": "1576943089", "hotelCheckOutUnix": "1577115889", "hotelCheckInTS": "2019-12-21T15:44:49+00:00", "hotelCheckOutTS": "2019-12-23T15:44:49+00:00", "hotelChain": "Aspen Heights", "hotelName": "Aspen Heights: Boulder", "hotelLocation": "Boulder", "hotelRoomType": "premium", "hotelRoomCount": "1", "hotelGuestAdultCount": "1", "hotelGuestChildCount": "0", "hotelNightCount": "2", "hotelRoomPrice": "107.19", "hotelFinalPrice": "214.38"}}}
{"_id": "orderid:306705", "timestamp": "2020-01-04T12:08:28.000Z", "eventType": "transaction", "_adobeamericaspot3": {"CRMID": "crmid:3626987201", "orderDetails": {"orderID": "orderid:306705", "reservationid": "ZJZ-JNN5", "orderType": "kiosk", "hotelSKU": "prd1001", "hotelCheckInUnix": "1580299708", "hotelCheckOutUnix": "1580558908", "hotelCheckInTS": "2020-01-29T12:08:28+00:00", "hotelCheckOutTS": "2020-02-01T12:08:28+00:00", "hotelChain": "Grandeur Hotels", "hotelName": "Grandeur Hotels: New York", "hotelLocation": "New York", "hotelRoomType": "standard", "hotelRoomCount": "1", "hotelGuestAdultCount": "1", "hotelGuestChildCount": "0", "hotelNightCount": "3", "hotelRoomPrice": "119.7", "hotelFinalPrice": "359.1"}}}
{"_id": "orderid:912141", "timestamp": "2020-01-28T16:07:17.000Z", "eventType": "transaction", "_adobeamericaspot3": {"CRMID": "crmid:8719408301", "orderDetails": {"orderID": "orderid:912141", "reservationid": "VIU-1DWA", "orderType": "call center", "hotelSKU": "prd1190", "hotelCheckInUnix": "1580400437", "hotelCheckOutUnix": "1580573237", "hotelCheckInTS": "2020-01-30T16:07:17+00:00", "hotelCheckOutTS": "2020-02-01T16:07:17+00:00", "hotelChain": "Blue Reef Resort", "hotelName": "Blue Reef Resort: Aurora", "hotelLocation": "Aurora", "hotelRoomType": "standard", "hotelRoomCount": "1", "hotelGuestAdultCount": "1", "hotelGuestChildCount": "0", "hotelNightCount": "2", "hotelRoomPrice": "156.24", "hotelFinalPrice": "312.48"}}}
{"_id": "orderid:251617", "timestamp": "2019-12-03T00:03:28.000Z", "eventType": "transaction", "_adobeamericaspot3": {"CRMID": "crmid:6927877125", "orderDetails": {"orderID": "orderid:251617", "reservationid": "YA9-LTW4", "orderType": "website", "hotelSKU": "prd1052", "hotelCheckInUnix": "1577318608", "hotelCheckOutUnix": "1577923408", "hotelCheckInTS": "2019-12-26T00:03:28+00:00", "hotelCheckOutTS": "2020-01-02T00:03:28+00:00", "hotelChain": "Aspen Heights", "hotelName": "Aspen Heights: Wichita", "hotelLocation": "Wichita", "hotelRoomType": "premium", "hotelRoomCount": "1", "hotelGuestAdultCount": "1", "hotelGuestChildCount": "4", "hotelNightCount": "7", "hotelRoomPrice": "147.36", "hotelFinalPrice": "1031.52"}}}
{"_id": "orderid:655241", "timestamp": "2019-12-25T22:52:53.000Z", "eventType": "transaction", "_adobeamericaspot3": {"CRMID": "crmid:1892931996", "orderDetails": {"orderID": "orderid:655241", "reservationid": "HZI-WL9H", "orderType": "website", "hotelSKU": "prd1093", "hotelCheckInUnix": "1578437573", "hotelCheckOutUnix": "1579387973", "hotelCheckInTS": "2020-01-07T22:52:53+00:00", "hotelCheckOutTS": "2020-01-18T22:52:53+00:00", "hotelChain": "Admiralty Plaza", "hotelName": "Admiralty Plaza: Yokohama", "hotelLocation": "Yokohama", "hotelRoomType": "premium", "hotelRoomCount": "1", "hotelGuestAdultCount": "1", "hotelGuestChildCount": "0", "hotelNightCount": "11", "hotelRoomPrice": "162.77", "hotelFinalPrice": "1790.47"}}}
{"_id": "orderid:895988", "timestamp": "2020-01-31T21:59:11.000Z", "eventType": "transaction", "_adobeamericaspot3": {"CRMID": "crmid:5621603230", "orderDetails": {"orderID": "orderid:895988", "reservationid": "WED-YKBR", "orderType": "kiosk", "hotelSKU": "prd1165", "hotelCheckInUnix": "1580594351", "hotelCheckOutUnix": "1581371951", "hotelCheckInTS": "2020-02-01T21:59:11+00:00", "hotelCheckOutTS": "2020-02-10T21:59:11+00:00", "hotelChain": "Admiralty Plaza", "hotelName": "Admiralty Plaza: Louisville", "hotelLocation": "Louisville", "hotelRoomType": "premium", "hotelRoomCount": "1", "hotelGuestAdultCount": "1", "hotelGuestChildCount": "0", "hotelNightCount": "9", "hotelRoomPrice": "148.84", "hotelFinalPrice": "1339.56"}}}
{"_id": "orderid:313384", "timestamp": "2020-02-08T03:05:09.000Z", "eventType": "transaction", "_adobeamericaspot3": {"CRMID": "crmid:1320811010", "orderDetails": {"orderID": "orderid:313384", "reservationid": "GVS-JEB0", "orderType": "kiosk", "hotelSKU": "prd1053", "hotelCheckInUnix": "1583031909", "hotelCheckOutUnix": "1583463909", "hotelCheckInTS": "2020-03-01T03:05:09+00:00", "hotelCheckOutTS": "2020-03-06T03:05:09+00:00", "hotelChain": "Sapphire Suites", "hotelName": "Sapphire Suites: Cleveland", "hotelLocation": "Cleveland", "hotelRoomType": "standard", "hotelRoomCount": "1", "hotelGuestAdultCount": "1", "hotelGuestChildCount": "1", "hotelNightCount": "5", "hotelRoomPrice": "95.46", "hotelFinalPrice": "477.3"}}}
{"_id": "orderid:564164", "timestamp": "2019-12-24T18:43:50.000Z", "eventType": "transaction", "_adobeamericaspot3": {"CRMID": "crmid:2742746607", "orderDetails": {"orderID": "orderid:564164", "reservationid": "YOS-TZQH", "orderType": "service desk", "hotelSKU": "prd1189", "hotelCheckInUnix": "1577299430", "hotelCheckOutUnix": "1577385830", "hotelCheckInTS": "2019-12-25T18:43:50+00:00", "hotelCheckOutTS": "2019-12-26T18:43:50+00:00", "hotelChain": "Admiralty Plaza", "hotelName": "Admiralty Plaza: Bakersfield", "hotelLocation": "Bakersfield", "hotelRoomType": "premium", "hotelRoomCount": "1", "hotelGuestAdultCount": "1", "hotelGuestChildCount": "0", "hotelNightCount": "1", "hotelRoomPrice": "194.31", "hotelFinalPrice": "194.31"}}}
{"_id": "orderid:793720", "timestamp": "2019-12-05T06:36:48.000Z", "eventType": "transaction", "_adobeamericaspot3": {"CRMID": "crmid:8668464819", "orderDetails": {"orderID": "orderid:793720", "reservationid": "C1S-MYIW", "orderType": "website", "hotelSKU": "prd1195", "hotelCheckInUnix": "1577515008", "hotelCheckOutUnix": "1578119808", "hotelCheckInTS": "2019-12-28T06:36:48+00:00", "hotelCheckOutTS": "2020-01-04T06:36:48+00:00", "hotelChain": "Family Fun Hotels", "hotelName": "Family Fun Hotels: Lahore", "hotelLocation": "Lahore", "hotelRoomType": "standard", "hotelRoomCount": "1", "hotelGuestAdultCount": "1", "hotelGuestChildCount": "0", "hotelNightCount": "7", "hotelRoomPrice": "126.13", "hotelFinalPrice": "882.91"}}}
{"_id": "orderid:247918", "timestamp": "2019-12-15T12:01:57.000Z", "eventType": "transaction", "_adobeamericaspot3": {"CRMID": "crmid:7019283408", "orderDetails": {"orderID": "orderid:247918", "reservationid": "GWU-CMYZ", "orderType": "website", "hotelSKU": "prd1168", "hotelCheckInUnix": "1576670517", "hotelCheckOutUnix": "1577361717", "hotelCheckInTS": "2019-12-18T12:01:57+00:00", "hotelCheckOutTS": "2019-12-26T12:01:57+00:00", "hotelChain": "Sandhill", "hotelName": "Sandhill: Albuquerque", "hotelLocation": "Albuquerque", "hotelRoomType": "premium", "hotelRoomCount": "1", "hotelGuestAdultCount": "1", "hotelGuestChildCount": "0", "hotelNightCount": "8", "hotelRoomPrice": "127.61", "hotelFinalPrice": "1020.88"}}}
{"_id": "orderid:970875", "timestamp": "2020-01-19T14:12:24.000Z", "eventType": "transaction", "_adobeamericaspot3": {"CRMID": "crmid:4068247865", "orderDetails": {"orderID": "orderid:970875", "reservationid": "E5X-QF0D", "orderType": "call center", "hotelSKU": "prd1130", "hotelCheckInUnix": "1581516744", "hotelCheckOutUnix": "1582121544", "hotelCheckInTS": "2020-02-12T14:12:24+00:00", "hotelCheckOutTS": "2020-02-19T14:12:24+00:00", "hotelChain": "Blue Reef Resort", "hotelName": "Blue Reef Resort: Bremen", "hotelLocation": "Bremen", "hotelRoomType": "standard", "hotelRoomCount": "1", "hotelGuestAdultCount": "1", "hotelGuestChildCount": "2", "hotelNightCount": "7", "hotelRoomPrice": "181.8", "hotelFinalPrice": "1272.6"}}}
{"_id": "orderid:583262", "timestamp": "2019-12-08T16:13:59.000Z", "eventType": "transaction", "_adobeamericaspot3": {"CRMID": "crmid:7199155918", "orderDetails": {"orderID": "orderid:583262", "reservationid": "II1-KL7I", "orderType": "call center", "hotelSKU": "prd1107", "hotelCheckInUnix": "1575908039", "hotelCheckOutUnix": "1576080839", "hotelCheckInTS": "2019-12-09T16:13:59+00:00", "hotelCheckOutTS": "2019-12-11T16:13:59+00:00", "hotelChain": "Hospitality Inn", "hotelName": "Hospitality Inn: Kharkiv", "hotelLocation": "Kharkiv", "hotelRoomType": "standard", "hotelRoomCount": "1", "hotelGuestAdultCount": "1", "hotelGuestChildCount": "0", "hotelNightCount": "2", "hotelRoomPrice": "143.36", "hotelFinalPrice": "286.72"}}}
{"_id": "orderid:605589", "timestamp": "2020-02-08T14:25:02.000Z", "eventType": "transaction", "_adobeamericaspot3": {"CRMID": "crmid:2435573879", "orderDetails": {"orderID": "orderid:605589", "reservationid": "MG4-WFO8", "orderType": "kiosk", "hotelSKU": "prd1044", "hotelCheckInUnix": "1581603902", "hotelCheckOutUnix": "1582122302", "hotelCheckInTS": "2020-02-13T14:25:02+00:00", "hotelCheckOutTS": "2020-02-19T14:25:02+00:00", "hotelChain": "Repose Resort", "hotelName": "Repose Resort: Colorado Springs", "hotelLocation": "Colorado Springs", "hotelRoomType": "standard", "hotelRoomCount": "1", "hotelGuestAdultCount": "1", "hotelGuestChildCount": "0", "hotelNightCount": "6", "hotelRoomPrice": "107.27", "hotelFinalPrice": "643.62"}}}
{"_id": "orderid:288234", "timestamp": "2020-01-09T07:48:56.000Z", "eventType": "transaction", "_adobeamericaspot3": {"CRMID": "crmid:7807362486", "orderDetails": {"orderID": "orderid:288234", "reservationid": "HGS-P5I3", "orderType": "website", "hotelSKU": "prd1028", "hotelCheckInUnix": "1580629736", "hotelCheckOutUnix": "1581407336", "hotelCheckInTS": "2020-02-02T07:48:56+00:00", "hotelCheckOutTS": "2020-02-11T07:48:56+00:00", "hotelChain": "Aspen Heights", "hotelName": "Aspen Heights: Portland", "hotelLocation": "Portland", "hotelRoomType": "standard", "hotelRoomCount": "1", "hotelGuestAdultCount": "1", "hotelGuestChildCount": "0", "hotelNightCount": "9", "hotelRoomPrice": "131.58", "hotelFinalPrice": "1184.22"}}}
{"_id": "orderid:398912", "timestamp": "2020-01-29T22:05:17.000Z", "eventType": "transaction", "_adobeamericaspot3": {"CRMID": "crmid:7888154440", "orderDetails": {"orderID": "orderid:398912", "reservationid": "YAP-NZZL", "orderType": "website", "hotelSKU": "prd1045", "hotelCheckInUnix": "1582495517", "hotelCheckOutUnix": "1583791517", "hotelCheckInTS": "2020-02-23T22:05:17+00:00", "hotelCheckOutTS": "2020-03-09T22:05:17+00:00", "hotelChain": "Admiralty Plaza", "hotelName": "Admiralty Plaza: Miami", "hotelLocation": "Miami", "hotelRoomType": "standard", "hotelRoomCount": "1", "hotelGuestAdultCount": "1", "hotelGuestChildCount": "4", "hotelNightCount": "15", "hotelRoomPrice": "149.06", "hotelFinalPrice": "2235.9"}}}
{"_id": "orderid:881276", "timestamp": "2020-02-06T13:02:14.000Z", "eventType": "transaction", "_adobeamericaspot3": {"CRMID": "crmid:5270982454", "orderDetails": {"orderID": "orderid:881276", "reservationid": "J8W-DNOX", "orderType": "kiosk", "hotelSKU": "prd1070", "hotelCheckInUnix": "1581685334", "hotelCheckOutUnix": "1582376534", "hotelCheckInTS": "2020-02-14T13:02:14+00:00", "hotelCheckOutTS": "2020-02-22T13:02:14+00:00", "hotelChain": "Blue Reef Resort", "hotelName": "Blue Reef Resort: Jakarta", "hotelLocation": "Jakarta", "hotelRoomType": "standard", "hotelRoomCount": "1", "hotelGuestAdultCount": "1", "hotelGuestChildCount": "0", "hotelNightCount": "8", "hotelRoomPrice": "148.12", "hotelFinalPrice": "1184.96"}}}
{"_id": "orderid:813977", "timestamp": "2019-12-05T13:57:33.000Z", "eventType": "transaction", "_adobeamericaspot3": {"CRMID": "crmid:2632303995", "orderDetails": {"orderID": "orderid:813977", "reservationid": "4GN-KFDQ", "orderType": "mobile", "hotelSKU": "prd1045", "hotelCheckInUnix": "1577541453", "hotelCheckOutUnix": "1578751053", "hotelCheckInTS": "2019-12-28T13:57:33+00:00", "hotelCheckOutTS": "2020-01-11T13:57:33+00:00", "hotelChain": "Admiralty Plaza", "hotelName": "Admiralty Plaza: Miami", "hotelLocation": "Miami", "hotelRoomType": "standard", "hotelRoomCount": "1", "hotelGuestAdultCount": "1", "hotelGuestChildCount": "0", "hotelNightCount": "14", "hotelRoomPrice": "167.98", "hotelFinalPrice": "2351.72"}}}
{"_id": "orderid:559504", "timestamp": "2019-12-06T00:34:30.000Z", "eventType": "transaction", "_adobeamericaspot3": {"CRMID": "crmid:7724029093", "orderDetails": {"orderID": "orderid:559504", "reservationid": "EQE-PUMH", "orderType": "service desk", "hotelSKU": "prd1136", "hotelCheckInUnix": "1575851670", "hotelCheckOutUnix": "1576197270", "hotelCheckInTS": "2019-12-09T00:34:30+00:00", "hotelCheckOutTS": "2019-12-13T00:34:30+00:00", "hotelChain": "Aspen Heights", "hotelName": "Aspen Heights: Osaka", "hotelLocation": "Osaka", "hotelRoomType": "standard", "hotelRoomCount": "1", "hotelGuestAdultCount": "1", "hotelGuestChildCount": "0", "hotelNightCount": "4", "hotelRoomPrice": "153.17", "hotelFinalPrice": "612.68"}}}
{"_id": "orderid:131889", "timestamp": "2019-12-14T00:00:00.000Z", "eventType": "transaction", "_adobeamericaspot3": {"CRMID": "crmid:7724029093", "orderDetails": {"orderID": "orderid:131889", "reservationid": "K1L-WQCX", "orderType": "website", "hotelSKU": "prd1068", "hotelCheckInUnix": "1576368000", "hotelCheckOutUnix": "1576627200", "hotelCheckInTS": "2019-12-15T00:00:00+00:00", "hotelCheckOutTS": "2019-12-18T00:00:00+00:00", "hotelChain": "Repose Resort", "hotelName": "Repose Resort: Dhaka", "hotelLocation": "Dhaka", "hotelRoomType": "standard", "hotelRoomCount": "1", "hotelGuestAdultCount": "1", "hotelGuestChildCount": "0", "hotelNightCount": "3", "hotelRoomPrice": "176.31", "hotelFinalPrice": "528.93"}}}
{"_id": "orderid:701789", "timestamp": "2019-12-19T00:00:00.000Z", "eventType": "transaction", "_adobeamericaspot3": {"CRMID": "crmid:7724029093", "orderDetails": {"orderID": "orderid:701789", "reservationid": "84P-DVBR", "orderType": "call center", "hotelSKU": "prd1140", "hotelCheckInUnix": "1577232000", "hotelCheckOutUnix": "1577318400", "hotelCheckInTS": "2019-12-25T00:00:00+00:00", "hotelCheckOutTS": "2019-12-26T00:00:00+00:00", "hotelChain": "Repose Resort", "hotelName": "Repose Resort: Kano", "hotelLocation": "Kano", "hotelRoomType": "standard", "hotelRoomCount": "1", "hotelGuestAdultCount": "1", "hotelGuestChildCount": "0", "hotelNightCount": "1", "hotelRoomPrice": "122.39", "hotelFinalPrice": "122.39"}}}
{"_id": "orderid:703912", "timestamp": "2020-02-16T19:15:10.000Z", "eventType": "transaction", "_adobeamericaspot3": {"CRMID": "crmid:8352490086", "orderDetails": {"orderID": "orderid:703912", "reservationid": "UIV-XT1W", "orderType": "website", "hotelSKU": "prd1040", "hotelCheckInUnix": "1583781310", "hotelCheckOutUnix": "1584472510", "hotelCheckInTS": "2020-03-09T19:15:10+00:00", "hotelCheckOutTS": "2020-03-17T19:15:10+00:00", "hotelChain": "Aspen Heights", "hotelName": "Aspen Heights: Atlanta", "hotelLocation": "Atlanta", "hotelRoomType": "standard", "hotelRoomCount": "1", "hotelGuestAdultCount": "1", "hotelGuestChildCount": "1", "hotelNightCount": "8", "hotelRoomPrice": "123.78", "hotelFinalPrice": "990.24"}}}
{"_id": "orderid:828261", "timestamp": "2020-01-31T17:30:36.000Z", "eventType": "transaction", "_adobeamericaspot3": {"CRMID": "crmid:7338309439", "orderDetails": {"orderID": "orderid:828261", "reservationid": "6W7-JAYN", "orderType": "call center", "hotelSKU": "prd1176", "hotelCheckInUnix": "1581442236", "hotelCheckOutUnix": "1581960636", "hotelCheckInTS": "2020-02-11T17:30:36+00:00", "hotelCheckOutTS": "2020-02-17T17:30:36+00:00", "hotelChain": "Repose Resort", "hotelName": "Repose Resort: Omaha", "hotelLocation": "Omaha", "hotelRoomType": "standard", "hotelRoomCount": "1", "hotelGuestAdultCount": "1", "hotelGuestChildCount": "1", "hotelNightCount": "6", "hotelRoomPrice": "190.02", "hotelFinalPrice": "1140.12"}}}
{"_id": "orderid:582884", "timestamp": "2019-12-13T15:37:30.000Z", "eventType": "transaction", "_adobeamericaspot3": {"CRMID": "crmid:4031681379", "orderDetails": {"orderID": "orderid:582884", "reservationid": "AKA-O2ZG", "orderType": "kiosk", "hotelSKU": "prd1125", "hotelCheckInUnix": "1578325050", "hotelCheckOutUnix": "1578929850", "hotelCheckInTS": "2020-01-06T15:37:30+00:00", "hotelCheckOutTS": "2020-01-13T15:37:30+00:00", "hotelChain": "Sapphire Suites", "hotelName": "Sapphire Suites: Palermo", "hotelLocation": "Palermo", "hotelRoomType": "standard", "hotelRoomCount": "1", "hotelGuestAdultCount": "1", "hotelGuestChildCount": "0", "hotelNightCount": "7", "hotelRoomPrice": "141.17", "hotelFinalPrice": "988.19"}}}
{"_id": "orderid:176100", "timestamp": "2020-01-27T21:23:18.000Z", "eventType": "transaction", "_adobeamericaspot3": {"CRMID": "crmid:8421961382", "orderDetails": {"orderID": "orderid:176100", "reservationid": "HOR-DUJV", "orderType": "kiosk", "hotelSKU": "prd1101", "hotelCheckInUnix": "1580678598", "hotelCheckOutUnix": "1581110598", "hotelCheckInTS": "2020-02-02T21:23:18+00:00", "hotelCheckOutTS": "2020-02-07T21:23:18+00:00", "hotelChain": "Sapphire Suites", "hotelName": "Sapphire Suites: Vienna", "hotelLocation": "Vienna", "hotelRoomType": "standard", "hotelRoomCount": "1", "hotelGuestAdultCount": "1", "hotelGuestChildCount": "0", "hotelNightCount": "5", "hotelRoomPrice": "118.58", "hotelFinalPrice": "592.9"}}}
{"_id": "orderid:750890", "timestamp": "2020-01-25T02:15:02.000Z", "eventType": "transaction", "_adobeamericaspot3": {"CRMID": "crmid:7968270181", "orderDetails": {"orderID": "orderid:750890", "reservationid": "VXR-FKJ2", "orderType": "call center", "hotelSKU": "prd1105", "hotelCheckInUnix": "1581646502", "hotelCheckOutUnix": "1583028902", "hotelCheckInTS": "2020-02-14T02:15:02+00:00", "hotelCheckOutTS": "2020-03-01T02:15:02+00:00", "hotelChain": "Admiralty Plaza", "hotelName": "Admiralty Plaza: Barcelona", "hotelLocation": "Barcelona", "hotelRoomType": "ultra-luxury", "hotelRoomCount": "1", "hotelGuestAdultCount": "1", "hotelGuestChildCount": "0", "hotelNightCount": "16", "hotelRoomPrice": "287.43", "hotelFinalPrice": "4598.88"}}}
{"_id": "orderid:152122", "timestamp": "2020-01-16T15:01:27.000Z", "eventType": "transaction", "_adobeamericaspot3": {"CRMID": "crmid:3446924523", "orderDetails": {"orderID": "orderid:152122", "reservationid": "61G-OAH5", "orderType": "call center", "hotelSKU": "prd1074", "hotelCheckInUnix": "1579791687", "hotelCheckOutUnix": "1581346887", "hotelCheckInTS": "2020-01-23T15:01:27+00:00", "hotelCheckOutTS": "2020-02-10T15:01:27+00:00", "hotelChain": "Restful Nights", "hotelName": "Restful Nights: Mexico City", "hotelLocation": "Mexico City", "hotelRoomType": "luxury", "hotelRoomCount": "1", "hotelGuestAdultCount": "1", "hotelGuestChildCount": "0", "hotelNightCount": "18", "hotelRoomPrice": "352.45", "hotelFinalPrice": "6344.1"}}}
{"_id": "orderid:886114", "timestamp": "2019-12-05T04:52:47.000Z", "eventType": "transaction", "_adobeamericaspot3": {"CRMID": "crmid:4867212224", "orderDetails": {"orderID": "orderid:886114", "reservationid": "KZZ-28IR", "orderType": "kiosk", "hotelSKU": "prd1050", "hotelCheckInUnix": "1575953567", "hotelCheckOutUnix": "1577163167", "hotelCheckInTS": "2019-12-10T04:52:47+00:00", "hotelCheckOutTS": "2019-12-24T04:52:47+00:00", "hotelChain": "Restful Nights", "hotelName": "Restful Nights: Arlington", "hotelLocation": "Arlington", "hotelRoomType": "premium", "hotelRoomCount": "1", "hotelGuestAdultCount": "1", "hotelGuestChildCount": "4", "hotelNightCount": "14", "hotelRoomPrice": "138.93", "hotelFinalPrice": "1945.02"}}}
{"_id": "orderid:978208", "timestamp": "2020-02-14T23:09:07.000Z", "eventType": "transaction", "_adobeamericaspot3": {"CRMID": "crmid:2481768335", "orderDetails": {"orderID": "orderid:978208", "reservationid": "PXM-8YTR", "orderType": "call center", "hotelSKU": "prd1179", "hotelCheckInUnix": "1582412947", "hotelCheckOutUnix": "1583017747", "hotelCheckInTS": "2020-02-22T23:09:07+00:00", "hotelCheckOutTS": "2020-02-29T23:09:07+00:00", "hotelChain": "Hospitality Inn", "hotelName": "Hospitality Inn: Miami", "hotelLocation": "Miami", "hotelRoomType": "premium", "hotelRoomCount": "1", "hotelGuestAdultCount": "1", "hotelGuestChildCount": "3", "hotelNightCount": "7", "hotelRoomPrice": "121.88", "hotelFinalPrice": "853.16"}}}
{"_id": "orderid:785268", "timestamp": "2020-01-23T17:43:48.000Z", "eventType": "transaction", "_adobeamericaspot3": {"CRMID": "crmid:3186126983", "orderDetails": {"orderID": "orderid:785268", "reservationid": "HMX-JKPS", "orderType": "kiosk", "hotelSKU": "prd1165", "hotelCheckInUnix": "1582393428", "hotelCheckOutUnix": "1583343828", "hotelCheckInTS": "2020-02-22T17:43:48+00:00", "hotelCheckOutTS": "2020-03-04T17:43:48+00:00", "hotelChain": "Admiralty Plaza", "hotelName": "Admiralty Plaza: Louisville", "hotelLocation": "Louisville", "hotelRoomType": "premium", "hotelRoomCount": "1", "hotelGuestAdultCount": "1", "hotelGuestChildCount": "3", "hotelNightCount": "11", "hotelRoomPrice": "145.45", "hotelFinalPrice": "1599.95"}}}
{"_id": "orderid:655534", "timestamp": "2019-12-03T02:23:45.000Z", "eventType": "transaction", "_adobeamericaspot3": {"CRMID": "crmid:9317455951", "orderDetails": {"orderID": "orderid:655534", "reservationid": "WCD-WW92", "orderType": "service desk", "hotelSKU": "prd1016", "hotelCheckInUnix": "1575858225", "hotelCheckOutUnix": "1576376625", "hotelCheckInTS": "2019-12-09T02:23:45+00:00", "hotelCheckOutTS": "2019-12-15T02:23:45+00:00", "hotelChain": "Aspen Heights", "hotelName": "Aspen Heights: Columbus", "hotelLocation": "Columbus", "hotelRoomType": "standard", "hotelRoomCount": "1", "hotelGuestAdultCount": "1", "hotelGuestChildCount": "0", "hotelNightCount": "6", "hotelRoomPrice": "123.1", "hotelFinalPrice": "738.6"}}}
{"_id": "orderid:461566", "timestamp": "2020-01-28T03:08:50.000Z", "eventType": "transaction", "_adobeamericaspot3": {"CRMID": "crmid:7329987185", "orderDetails": {"orderID": "orderid:461566", "reservationid": "OG2-WVMK", "orderType": "call center", "hotelSKU": "prd1166", "hotelCheckInUnix": "1581736130", "hotelCheckOutUnix": "1581995330", "hotelCheckInTS": "2020-02-15T03:08:50+00:00", "hotelCheckOutTS": "2020-02-18T03:08:50+00:00", "hotelChain": "Blue Reef Resort", "hotelName": "Blue Reef Resort: Baltimore", "hotelLocation": "Baltimore", "hotelRoomType": "premium", "hotelRoomCount": "1", "hotelGuestAdultCount": "1", "hotelGuestChildCount": "0", "hotelNightCount": "3", "hotelRoomPrice": "154.78", "hotelFinalPrice": "464.34"}}}
{"_id": "orderid:783288", "timestamp": "2020-01-02T11:01:18.000Z", "eventType": "transaction", "_adobeamericaspot3": {"CRMID": "crmid:7176251131", "orderDetails": {"orderID": "orderid:783288", "reservationid": "YOF-9BLZ", "orderType": "website", "hotelSKU": "prd1198", "hotelCheckInUnix": "1580468478", "hotelCheckOutUnix": "1581073278", "hotelCheckInTS": "2020-01-31T11:01:18+00:00", "hotelCheckOutTS": "2020-02-07T11:01:18+00:00", "hotelChain": "Sego Lily Suites", "hotelName": "Sego Lily Suites: Paris", "hotelLocation": "Paris", "hotelRoomType": "standard", "hotelRoomCount": "1", "hotelGuestAdultCount": "1", "hotelGuestChildCount": "0", "hotelNightCount": "7", "hotelRoomPrice": "136.71", "hotelFinalPrice": "956.97"}}}
{"_id": "orderid:742748", "timestamp": "2019-12-17T10:43:33.000Z", "eventType": "transaction", "_adobeamericaspot3": {"CRMID": "crmid:3470120160", "orderDetails": {"orderID": "orderid:742748", "reservationid": "ORR-SCCA", "orderType": "kiosk", "hotelSKU": "prd1153", "hotelCheckInUnix": "1578566613", "hotelCheckOutUnix": "1579171413", "hotelCheckInTS": "2020-01-09T10:43:33+00:00", "hotelCheckOutTS": "2020-01-16T10:43:33+00:00", "hotelChain": "Admiralty Plaza", "hotelName": "Admiralty Plaza: Charlotte", "hotelLocation": "Charlotte", "hotelRoomType": "luxury", "hotelRoomCount": "1", "hotelGuestAdultCount": "1", "hotelGuestChildCount": "0", "hotelNightCount": "7", "hotelRoomPrice": "355.81", "hotelFinalPrice": "2490.67"}}}
{"_id": "orderid:954463", "timestamp": "2020-01-17T14:21:01.000Z", "eventType": "transaction", "_adobeamericaspot3": {"CRMID": "crmid:8739286993", "orderDetails": {"orderID": "orderid:954463", "reservationid": "KOW-8YYS", "orderType": "kiosk", "hotelSKU": "prd1025", "hotelCheckInUnix": "1581517261", "hotelCheckOutUnix": "1582035661", "hotelCheckInTS": "2020-02-12T14:21:01+00:00", "hotelCheckOutTS": "2020-02-18T14:21:01+00:00", "hotelChain": "Grandeur Hotels", "hotelName": "Grandeur Hotels: Detroit", "hotelLocation": "Detroit", "hotelRoomType": "standard", "hotelRoomCount": "1", "hotelGuestAdultCount": "1", "hotelGuestChildCount": "0", "hotelNightCount": "6", "hotelRoomPrice": "102.96", "hotelFinalPrice": "617.76"}}}
{"_id": "orderid:566627", "timestamp": "2019-12-14T15:22:35.000Z", "eventType": "transaction", "_adobeamericaspot3": {"CRMID": "crmid:6119941749", "orderDetails": {"orderID": "orderid:566627", "reservationid": "T8Z-9BFL", "orderType": "call center", "hotelSKU": "prd1131", "hotelCheckInUnix": "1578496955", "hotelCheckOutUnix": "1579274555", "hotelCheckInTS": "2020-01-08T15:22:35+00:00", "hotelCheckOutTS": "2020-01-17T15:22:35+00:00", "hotelChain": "Hospitality Inn", "hotelName": "Hospitality Inn: Sheffield", "hotelLocation": "Sheffield", "hotelRoomType": "standard", "hotelRoomCount": "1", "hotelGuestAdultCount": "1", "hotelGuestChildCount": "1", "hotelNightCount": "9", "hotelRoomPrice": "94.42", "hotelFinalPrice": "849.78"}}}
{"_id": "orderid:674031", "timestamp": "2020-02-16T01:33:16.000Z", "eventType": "transaction", "_adobeamericaspot3": {"CRMID": "crmid:4462105165", "orderDetails": {"orderID": "orderid:674031", "reservationid": "GK8-5HPJ", "orderType": "mobile", "hotelSKU": "prd1166", "hotelCheckInUnix": "1582162396", "hotelCheckOutUnix": "1582680796", "hotelCheckInTS": "2020-02-20T01:33:16+00:00", "hotelCheckOutTS": "2020-02-26T01:33:16+00:00", "hotelChain": "Blue Reef Resort", "hotelName": "Blue Reef Resort: Baltimore", "hotelLocation": "Baltimore", "hotelRoomType": "standard", "hotelRoomCount": "1", "hotelGuestAdultCount": "1", "hotelGuestChildCount": "0", "hotelNightCount": "6", "hotelRoomPrice": "109.41", "hotelFinalPrice": "656.46"}}}
{"_id": "orderid:201768", "timestamp": "2019-12-07T03:59:00.000Z", "eventType": "transaction", "_adobeamericaspot3": {"CRMID": "crmid:4825811024", "orderDetails": {"orderID": "orderid:201768", "reservationid": "DJP-UHBN", "orderType": "website", "hotelSKU": "prd1136", "hotelCheckInUnix": "1575777540", "hotelCheckOutUnix": "1575950340", "hotelCheckInTS": "2019-12-08T03:59:00+00:00", "hotelCheckOutTS": "2019-12-10T03:59:00+00:00", "hotelChain": "Aspen Heights", "hotelName": "Aspen Heights: Osaka", "hotelLocation": "Osaka", "hotelRoomType": "standard", "hotelRoomCount": "1", "hotelGuestAdultCount": "1", "hotelGuestChildCount": "0", "hotelNightCount": "2", "hotelRoomPrice": "133.89", "hotelFinalPrice": "267.78"}}}
{"_id": "orderid:677082", "timestamp": "2019-12-11T00:00:00.000Z", "eventType": "transaction", "_adobeamericaspot3": {"CRMID": "crmid:4825811024", "orderDetails": {"orderID": "orderid:677082", "reservationid": "7QN-FYRV", "orderType": "website", "hotelSKU": "prd1007", "hotelCheckInUnix": "1576108800", "hotelCheckOutUnix": "1576195200", "hotelCheckInTS": "2019-12-12T00:00:00+00:00", "hotelCheckOutTS": "2019-12-13T00:00:00+00:00", "hotelChain": "Nesting Box Inn", "hotelName": "Nesting Box Inn: Phoenix", "hotelLocation": "Phoenix", "hotelRoomType": "standard", "hotelRoomCount": "1", "hotelGuestAdultCount": "1", "hotelGuestChildCount": "0", "hotelNightCount": "1", "hotelRoomPrice": "174.33", "hotelFinalPrice": "174.33"}}}
{"_id": "orderid:777775", "timestamp": "2020-01-05T06:08:46.000Z", "eventType": "transaction", "_adobeamericaspot3": {"CRMID": "crmid:1958249705", "orderDetails": {"orderID": "orderid:777775", "reservationid": "LXD-VLPO", "orderType": "website", "hotelSKU": "prd1023", "hotelCheckInUnix": "1579673326", "hotelCheckOutUnix": "1580710126", "hotelCheckInTS": "2020-01-22T06:08:46+00:00", "hotelCheckOutTS": "2020-02-03T06:08:46+00:00", "hotelChain": "Hospitality Inn", "hotelName": "Hospitality Inn: Boston", "hotelLocation": "Boston", "hotelRoomType": "standard", "hotelRoomCount": "1", "hotelGuestAdultCount": "1", "hotelGuestChildCount": "0", "hotelNightCount": "12", "hotelRoomPrice": "131.49", "hotelFinalPrice": "1577.88"}}}
{"_id": "orderid:378702", "timestamp": "2020-01-06T23:11:30.000Z", "eventType": "transaction", "_adobeamericaspot3": {"CRMID": "crmid:4622749704", "orderDetails": {"orderID": "orderid:378702", "reservationid": "RQR-UMGX", "orderType": "kiosk", "hotelSKU": "prd1099", "hotelCheckInUnix": "1578438690", "hotelCheckOutUnix": "1578784290", "hotelCheckInTS": "2020-01-07T23:11:30+00:00", "hotelCheckOutTS": "2020-01-11T23:11:30+00:00", "hotelChain": "Family Fun Hotels", "hotelName": "Family Fun Hotels: Bucharest", "hotelLocation": "Bucharest", "hotelRoomType": "standard", "hotelRoomCount": "1", "hotelGuestAdultCount": "1", "hotelGuestChildCount": "0", "hotelNightCount": "4", "hotelRoomPrice": "155.89", "hotelFinalPrice": "623.56"}}}
{"_id": "orderid:942155", "timestamp": "2020-01-03T01:05:42.000Z", "eventType": "transaction", "_adobeamericaspot3": {"CRMID": "crmid:4959428466", "orderDetails": {"orderID": "orderid:942155", "reservationid": "EV2-GIXP", "orderType": "website", "hotelSKU": "prd1079", "hotelCheckInUnix": "1578877542", "hotelCheckOutUnix": "1579568742", "hotelCheckInTS": "2020-01-13T01:05:42+00:00", "hotelCheckOutTS": "2020-01-21T01:05:42+00:00", "hotelChain": "Nesting Box Inn", "hotelName": "Nesting Box Inn: Chennai", "hotelLocation": "Chennai", "hotelRoomType": "standard", "hotelRoomCount": "1", "hotelGuestAdultCount": "1", "hotelGuestChildCount": "0", "hotelNightCount": "8", "hotelRoomPrice": "137.33", "hotelFinalPrice": "1098.64"}}}
{"_id": "orderid:353842", "timestamp": "2019-12-19T13:18:14.000Z", "eventType": "transaction", "_adobeamericaspot3": {"CRMID": "crmid:8004663857", "orderDetails": {"orderID": "orderid:353842", "reservationid": "CFT-1BOQ", "orderType": "website", "hotelSKU": "prd1175", "hotelCheckInUnix": "1577107094", "hotelCheckOutUnix": "1577539094", "hotelCheckInTS": "2019-12-23T13:18:14+00:00", "hotelCheckOutTS": "2019-12-28T13:18:14+00:00", "hotelChain": "Nesting Box Inn", "hotelName": "Nesting Box Inn: Long Beach", "hotelLocation": "Long Beach", "hotelRoomType": "standard", "hotelRoomCount": "1", "hotelGuestAdultCount": "1", "hotelGuestChildCount": "0", "hotelNightCount": "5", "hotelRoomPrice": "154.97", "hotelFinalPrice": "774.85"}}}
{"_id": "orderid:978531", "timestamp": "2020-01-31T05:52:54.000Z", "eventType": "transaction", "_adobeamericaspot3": {"CRMID": "crmid:6742717733", "orderDetails": {"orderID": "orderid:978531", "reservationid": "BKW-MZRT", "orderType": "website", "hotelSKU": "prd1148", "hotelCheckInUnix": "1582696374", "hotelCheckOutUnix": "1583214774", "hotelCheckInTS": "2020-02-26T05:52:54+00:00", "hotelCheckOutTS": "2020-03-03T05:52:54+00:00", "hotelChain": "Aspen Heights", "hotelName": "Aspen Heights: Jacksonville", "hotelLocation": "Jacksonville", "hotelRoomType": "standard", "hotelRoomCount": "1", "hotelGuestAdultCount": "1", "hotelGuestChildCount": "1", "hotelNightCount": "6", "hotelRoomPrice": "137.87", "hotelFinalPrice": "827.22"}}}
{"_id": "orderid:308856", "timestamp": "2020-02-14T18:08:32.000Z", "eventType": "transaction", "_adobeamericaspot3": {"CRMID": "crmid:3930761184", "orderDetails": {"orderID": "orderid:308856", "reservationid": "NXM-PKYD", "orderType": "kiosk", "hotelSKU": "prd1071", "hotelCheckInUnix": "1583258912", "hotelCheckOutUnix": "1583777312", "hotelCheckInTS": "2020-03-03T18:08:32+00:00", "hotelCheckOutTS": "2020-03-09T18:08:32+00:00", "hotelChain": "Hospitality Inn", "hotelName": "Hospitality Inn: Seoul", "hotelLocation": "Seoul", "hotelRoomType": "standard", "hotelRoomCount": "1", "hotelGuestAdultCount": "1", "hotelGuestChildCount": "0", "hotelNightCount": "6", "hotelRoomPrice": "117.93", "hotelFinalPrice": "707.58"}}}
{"_id": "orderid:743059", "timestamp": "2019-12-04T18:01:03.000Z", "eventType": "transaction", "_adobeamericaspot3": {"CRMID": "crmid:9844671311", "orderDetails": {"orderID": "orderid:743059", "reservationid": "BW8-1VC2", "orderType": "website", "hotelSKU": "prd1033", "hotelCheckInUnix": "1577469663", "hotelCheckOutUnix": "1577988063", "hotelCheckInTS": "2019-12-27T18:01:03+00:00", "hotelCheckOutTS": "2020-01-02T18:01:03+00:00", "hotelChain": "Admiralty Plaza", "hotelName": "Admiralty Plaza: Milwaukee", "hotelLocation": "Milwaukee", "hotelRoomType": "standard", "hotelRoomCount": "1", "hotelGuestAdultCount": "1", "hotelGuestChildCount": "1", "hotelNightCount": "6", "hotelRoomPrice": "123.98", "hotelFinalPrice": "743.88"}}}
{"_id": "orderid:583239", "timestamp": "2020-02-09T17:53:40.000Z", "eventType": "transaction", "_adobeamericaspot3": {"CRMID": "crmid:4921506914", "orderDetails": {"orderID": "orderid:583239", "reservationid": "AW0-HRC8", "orderType": "call center", "hotelSKU": "prd1034", "hotelCheckInUnix": "1582998820", "hotelCheckOutUnix": "1583517220", "hotelCheckInTS": "2020-02-29T17:53:40+00:00", "hotelCheckOutTS": "2020-03-06T17:53:40+00:00", "hotelChain": "Blue Reef Resort", "hotelName": "Blue Reef Resort: Albuquerque", "hotelLocation": "Albuquerque", "hotelRoomType": "standard", "hotelRoomCount": "1", "hotelGuestAdultCount": "1", "hotelGuestChildCount": "0", "hotelNightCount": "6", "hotelRoomPrice": "149.81", "hotelFinalPrice": "898.86"}}}
{"_id": "orderid:543141", "timestamp": "2020-01-06T02:41:09.000Z", "eventType": "transaction", "_adobeamericaspot3": {"CRMID": "crmid:8019500242", "orderDetails": {"orderID": "orderid:543141", "reservationid": "ESO-NJ68", "orderType": "call center", "hotelSKU": "prd1184", "hotelCheckInUnix": "1580611269", "hotelCheckOutUnix": "1581129669", "hotelCheckInTS": "2020-02-02T02:41:09+00:00", "hotelCheckOutTS": "2020-02-08T02:41:09+00:00", "hotelChain": "Aspen Heights", "hotelName": "Aspen Heights: Arlington", "hotelLocation": "Arlington", "hotelRoomType": "standard", "hotelRoomCount": "1", "hotelGuestAdultCount": "1", "hotelGuestChildCount": "0", "hotelNightCount": "6", "hotelRoomPrice": "131.64", "hotelFinalPrice": "789.84"}}}
{"_id": "orderid:972464", "timestamp": "2020-02-14T01:01:43.000Z", "eventType": "transaction", "_adobeamericaspot3": {"CRMID": "crmid:8357043361", "orderDetails": {"orderID": "orderid:972464", "reservationid": "DOO-4U4F", "orderType": "service desk", "hotelSKU": "prd1141", "hotelCheckInUnix": "1583283703", "hotelCheckOutUnix": "1583629303", "hotelCheckInTS": "2020-03-04T01:01:43+00:00", "hotelCheckOutTS": "2020-03-08T01:01:43+00:00", "hotelChain": "Admiralty Plaza", "hotelName": "Admiralty Plaza: Phoenix", "hotelLocation": "Phoenix", "hotelRoomType": "premium", "hotelRoomCount": "1", "hotelGuestAdultCount": "1", "hotelGuestChildCount": "0", "hotelNightCount": "4", "hotelRoomPrice": "158.44", "hotelFinalPrice": "633.76"}}}
{"_id": "orderid:193723", "timestamp": "2019-12-30T03:25:33.000Z", "eventType": "transaction", "_adobeamericaspot3": {"CRMID": "crmid:7186836286", "orderDetails": {"orderID": "orderid:193723", "reservationid": "HZI-5LEU", "orderType": "website", "hotelSKU": "prd1119", "hotelCheckInUnix": "1577762733", "hotelCheckOutUnix": "1578194733", "hotelCheckInTS": "2019-12-31T03:25:33+00:00", "hotelCheckOutTS": "2020-01-05T03:25:33+00:00", "hotelChain": "Hospitality Inn", "hotelName": "Hospitality Inn: Turin", "hotelLocation": "Turin", "hotelRoomType": "premium", "hotelRoomCount": "1", "hotelGuestAdultCount": "1", "hotelGuestChildCount": "0", "hotelNightCount": "5", "hotelRoomPrice": "196.67", "hotelFinalPrice": "983.35"}}}
{"_id": "orderid:314115", "timestamp": "2019-12-10T04:19:34.000Z", "eventType": "transaction", "_adobeamericaspot3": {"CRMID": "crmid:7419241983", "orderDetails": {"orderID": "orderid:314115", "reservationid": "B3G-KOJK", "orderType": "website", "hotelSKU": "prd1105", "hotelCheckInUnix": "1576124374", "hotelCheckOutUnix": "1576210774", "hotelCheckInTS": "2019-12-12T04:19:34+00:00", "hotelCheckOutTS": "2019-12-13T04:19:34+00:00", "hotelChain": "Admiralty Plaza", "hotelName": "Admiralty Plaza: Barcelona", "hotelLocation": "Barcelona", "hotelRoomType": "premium", "hotelRoomCount": "1", "hotelGuestAdultCount": "1", "hotelGuestChildCount": "0", "hotelNightCount": "1", "hotelRoomPrice": "165.03", "hotelFinalPrice": "165.03"}}}
{"_id": "orderid:940078", "timestamp": "2019-12-15T00:00:00.000Z", "eventType": "transaction", "_adobeamericaspot3": {"CRMID": "crmid:7419241983", "orderDetails": {"orderID": "orderid:940078", "reservationid": "ZSQ-EKAX", "orderType": "service desk", "hotelSKU": "prd1052", "hotelCheckInUnix": "1576454400", "hotelCheckOutUnix": "1576713600", "hotelCheckInTS": "2019-12-16T00:00:00+00:00", "hotelCheckOutTS": "2019-12-19T00:00:00+00:00", "hotelChain": "Aspen Heights", "hotelName": "Aspen Heights: Wichita", "hotelLocation": "Wichita", "hotelRoomType": "standard", "hotelRoomCount": "1", "hotelGuestAdultCount": "1", "hotelGuestChildCount": "0", "hotelNightCount": "3", "hotelRoomPrice": "134.35", "hotelFinalPrice": "403.05"}}}
{"_id": "orderid:721952", "timestamp": "2019-12-20T00:00:00.000Z", "eventType": "transaction", "_adobeamericaspot3": {"CRMID": "crmid:7419241983", "orderDetails": {"orderID": "orderid:721952", "reservationid": "SLP-NN11", "orderType": "kiosk", "hotelSKU": "prd1093", "hotelCheckInUnix": "1577232000", "hotelCheckOutUnix": "1577664000", "hotelCheckInTS": "2019-12-25T00:00:00+00:00", "hotelCheckOutTS": "2019-12-30T00:00:00+00:00", "hotelChain": "Admiralty Plaza", "hotelName": "Admiralty Plaza: Yokohama", "hotelLocation": "Yokohama", "hotelRoomType": "premium", "hotelRoomCount": "1", "hotelGuestAdultCount": "1", "hotelGuestChildCount": "0", "hotelNightCount": "5", "hotelRoomPrice": "118.75", "hotelFinalPrice": "593.75"}}}
{"_id": "orderid:247569", "timestamp": "2019-12-31T00:00:00.000Z", "eventType": "transaction", "_adobeamericaspot3": {"CRMID": "crmid:7419241983", "orderDetails": {"orderID": "orderid:247569", "reservationid": "CPO-RNEB", "orderType": "call center", "hotelSKU": "prd1041", "hotelCheckInUnix": "1577923200", "hotelCheckOutUnix": "1578009600", "hotelCheckInTS": "2020-01-02T00:00:00+00:00", "hotelCheckOutTS": "2020-01-03T00:00:00+00:00", "hotelChain": "Sapphire Suites", "hotelName": "Sapphire Suites: Long Beach", "hotelLocation": "Long Beach", "hotelRoomType": "ultra-luxury", "hotelRoomCount": "1", "hotelGuestAdultCount": "1", "hotelGuestChildCount": "0", "hotelNightCount": "1", "hotelRoomPrice": "345.66", "hotelFinalPrice": "345.66"}}}
{"_id": "orderid:969973", "timestamp": "2019-12-30T17:12:45.000Z", "eventType": "transaction", "_adobeamericaspot3": {"CRMID": "crmid:2717782729", "orderDetails": {"orderID": "orderid:969973", "reservationid": "SAA-8KTX", "orderType": "service desk", "hotelSKU": "prd1110", "hotelCheckInUnix": "1577812365", "hotelCheckOutUnix": "1578071565", "hotelCheckInTS": "2019-12-31T17:12:45+00:00", "hotelCheckOutTS": "2020-01-03T17:12:45+00:00", "hotelChain": "Restful Nights", "hotelName": "Restful Nights: Sofia", "hotelLocation": "Sofia", "hotelRoomType": "standard", "hotelRoomCount": "1", "hotelGuestAdultCount": "1", "hotelGuestChildCount": "0", "hotelNightCount": "3", "hotelRoomPrice": "141.36", "hotelFinalPrice": "424.08"}}}
{"_id": "orderid:740753", "timestamp": "2020-01-19T11:27:45.000Z", "eventType": "transaction", "_adobeamericaspot3": {"CRMID": "crmid:2762987184", "orderDetails": {"orderID": "orderid:740753", "reservationid": "CZJ-EWGB", "orderType": "call center", "hotelSKU": "prd1105", "hotelCheckInUnix": "1580642865", "hotelCheckOutUnix": "1581247665", "hotelCheckInTS": "2020-02-02T11:27:45+00:00", "hotelCheckOutTS": "2020-02-09T11:27:45+00:00", "hotelChain": "Admiralty Plaza", "hotelName": "Admiralty Plaza: Barcelona", "hotelLocation": "Barcelona", "hotelRoomType": "premium", "hotelRoomCount": "1", "hotelGuestAdultCount": "1", "hotelGuestChildCount": "0", "hotelNightCount": "7", "hotelRoomPrice": "105.54", "hotelFinalPrice": "738.78"}}}
{"_id": "orderid:219338", "timestamp": "2019-12-10T15:47:11.000Z", "eventType": "transaction", "_adobeamericaspot3": {"CRMID": "crmid:3136220520", "orderDetails": {"orderID": "orderid:219338", "reservationid": "YQB-3IGX", "orderType": "website", "hotelSKU": "prd1169", "hotelCheckInUnix": "1576079231", "hotelCheckOutUnix": "1576165631", "hotelCheckInTS": "2019-12-11T15:47:11+00:00", "hotelCheckOutTS": "2019-12-12T15:47:11+00:00", "hotelChain": "Grandeur Hotels", "hotelName": "Grandeur Hotels: Tucson", "hotelLocation": "Tucson", "hotelRoomType": "standard", "hotelRoomCount": "1", "hotelGuestAdultCount": "1", "hotelGuestChildCount": "0", "hotelNightCount": "1", "hotelRoomPrice": "105.31", "hotelFinalPrice": "105.31"}}}
{"_id": "orderid:574049", "timestamp": "2020-02-09T05:01:50.000Z", "eventType": "transaction", "_adobeamericaspot3": {"CRMID": "crmid:7136692312", "orderDetails": {"orderID": "orderid:574049", "reservationid": "UJV-2JPB", "orderType": "call center", "hotelSKU": "prd1141", "hotelCheckInUnix": "1581310910", "hotelCheckOutUnix": "1581483710", "hotelCheckInTS": "2020-02-10T05:01:50+00:00", "hotelCheckOutTS": "2020-02-12T05:01:50+00:00", "hotelChain": "Admiralty Plaza", "hotelName": "Admiralty Plaza: Phoenix", "hotelLocation": "Phoenix", "hotelRoomType": "standard", "hotelRoomCount": "1", "hotelGuestAdultCount": "1", "hotelGuestChildCount": "0", "hotelNightCount": "2", "hotelRoomPrice": "142.23", "hotelFinalPrice": "284.46"}}}
{"_id": "orderid:387717", "timestamp": "2019-12-16T16:07:05.000Z", "eventType": "transaction", "_adobeamericaspot3": {"CRMID": "crmid:8574782302", "orderDetails": {"orderID": "orderid:387717", "reservationid": "FD6-1AOK", "orderType": "service desk", "hotelSKU": "prd1153", "hotelCheckInUnix": "1576598825", "hotelCheckOutUnix": "1576685225", "hotelCheckInTS": "2019-12-17T16:07:05+00:00", "hotelCheckOutTS": "2019-12-18T16:07:05+00:00", "hotelChain": "Admiralty Plaza", "hotelName": "Admiralty Plaza: Charlotte", "hotelLocation": "Charlotte", "hotelRoomType": "standard", "hotelRoomCount": "1", "hotelGuestAdultCount": "1", "hotelGuestChildCount": "0", "hotelNightCount": "1", "hotelRoomPrice": "141.83", "hotelFinalPrice": "141.83"}}}
{"_id": "orderid:853079", "timestamp": "2019-12-19T00:00:00.000Z", "eventType": "transaction", "_adobeamericaspot3": {"CRMID": "crmid:8574782302", "orderDetails": {"orderID": "orderid:853079", "reservationid": "3CZ-UZTD", "orderType": "call center", "hotelSKU": "prd1119", "hotelCheckInUnix": "1576886400", "hotelCheckOutUnix": "1577318400", "hotelCheckInTS": "2019-12-21T00:00:00+00:00", "hotelCheckOutTS": "2019-12-26T00:00:00+00:00", "hotelChain": "Hospitality Inn", "hotelName": "Hospitality Inn: Turin", "hotelLocation": "Turin", "hotelRoomType": "standard", "hotelRoomCount": "1", "hotelGuestAdultCount": "1", "hotelGuestChildCount": "0", "hotelNightCount": "5", "hotelRoomPrice": "166.65", "hotelFinalPrice": "833.25"}}}
{"_id": "orderid:969510", "timestamp": "2019-12-16T19:47:36.000Z", "eventType": "transaction", "_adobeamericaspot3": {"CRMID": "crmid:2048179259", "orderDetails": {"orderID": "orderid:969510", "reservationid": "CQE-NP53", "orderType": "website", "hotelSKU": "prd1189", "hotelCheckInUnix": "1576612056", "hotelCheckOutUnix": "1576784856", "hotelCheckInTS": "2019-12-17T19:47:36+00:00", "hotelCheckOutTS": "2019-12-19T19:47:36+00:00", "hotelChain": "Admiralty Plaza", "hotelName": "Admiralty Plaza: Bakersfield", "hotelLocation": "Bakersfield", "hotelRoomType": "standard", "hotelRoomCount": "1", "hotelGuestAdultCount": "1", "hotelGuestChildCount": "0", "hotelNightCount": "2", "hotelRoomPrice": "159.79", "hotelFinalPrice": "319.58"}}}
{"_id": "orderid:518361", "timestamp": "2019-12-28T04:32:30.000Z", "eventType": "transaction", "_adobeamericaspot3": {"CRMID": "crmid:3377574954", "orderDetails": {"orderID": "orderid:518361", "reservationid": "KVW-OXC5", "orderType": "kiosk", "hotelSKU": "prd1045", "hotelCheckInUnix": "1577593950", "hotelCheckOutUnix": "1577766750", "hotelCheckInTS": "2019-12-29T04:32:30+00:00", "hotelCheckOutTS": "2019-12-31T04:32:30+00:00", "hotelChain": "Admiralty Plaza", "hotelName": "Admiralty Plaza: Miami", "hotelLocation": "Miami", "hotelRoomType": "standard", "hotelRoomCount": "1", "hotelGuestAdultCount": "1", "hotelGuestChildCount": "0", "hotelNightCount": "2", "hotelRoomPrice": "136.73", "hotelFinalPrice": "273.46"}}}
{"_id": "orderid:473807", "timestamp": "2019-12-04T13:15:38.000Z", "eventType": "transaction", "_adobeamericaspot3": {"CRMID": "crmid:6925436020", "orderDetails": {"orderID": "orderid:473807", "reservationid": "A83-TSIS", "orderType": "kiosk", "hotelSKU": "prd1105", "hotelCheckInUnix": "1576242938", "hotelCheckOutUnix": "1577106938", "hotelCheckInTS": "2019-12-13T13:15:38+00:00", "hotelCheckOutTS": "2019-12-23T13:15:38+00:00", "hotelChain": "Admiralty Plaza", "hotelName": "Admiralty Plaza: Barcelona", "hotelLocation": "Barcelona", "hotelRoomType": "standard", "hotelRoomCount": "1", "hotelGuestAdultCount": "1", "hotelGuestChildCount": "0", "hotelNightCount": "10", "hotelRoomPrice": "145.84", "hotelFinalPrice": "1458.4"}}}
{"_id": "orderid:995308", "timestamp": "2019-12-24T03:48:59.000Z", "eventType": "transaction", "_adobeamericaspot3": {"CRMID": "crmid:1101149014", "orderDetails": {"orderID": "orderid:995308", "reservationid": "FUI-REMT", "orderType": "website", "hotelSKU": "prd1116", "hotelCheckInUnix": "1579146539", "hotelCheckOutUnix": "1579664939", "hotelCheckInTS": "2020-01-16T03:48:59+00:00", "hotelCheckOutTS": "2020-01-22T03:48:59+00:00", "hotelChain": "Repose Resort", "hotelName": "Repose Resort: Naples", "hotelLocation": "Naples", "hotelRoomType": "standard", "hotelRoomCount": "1", "hotelGuestAdultCount": "1", "hotelGuestChildCount": "0", "hotelNightCount": "6", "hotelRoomPrice": "68.33", "hotelFinalPrice": "409.98"}}}
{"_id": "orderid:606382", "timestamp": "2020-01-24T19:36:44.000Z", "eventType": "transaction", "_adobeamericaspot3": {"CRMID": "crmid:5832471817", "orderDetails": {"orderID": "orderid:606382", "reservationid": "6CD-J9GQ", "orderType": "service desk", "hotelSKU": "prd1093", "hotelCheckInUnix": "1582141004", "hotelCheckOutUnix": "1582745804", "hotelCheckInTS": "2020-02-19T19:36:44+00:00", "hotelCheckOutTS": "2020-02-26T19:36:44+00:00", "hotelChain": "Admiralty Plaza", "hotelName": "Admiralty Plaza: Yokohama", "hotelLocation": "Yokohama", "hotelRoomType": "presidential-suite", "hotelRoomCount": "1", "hotelGuestAdultCount": "1", "hotelGuestChildCount": "0", "hotelNightCount": "7", "hotelRoomPrice": "873.76", "hotelFinalPrice": "6116.32"}}}
{"_id": "orderid:257529", "timestamp": "2019-12-27T17:03:31.000Z", "eventType": "transaction", "_adobeamericaspot3": {"CRMID": "crmid:6521666589", "orderDetails": {"orderID": "orderid:257529", "reservationid": "TD6-QJWX", "orderType": "call center", "hotelSKU": "prd1083", "hotelCheckInUnix": "1579453411", "hotelCheckOutUnix": "1580058211", "hotelCheckInTS": "2020-01-19T17:03:31+00:00", "hotelCheckOutTS": "2020-01-26T17:03:31+00:00", "hotelChain": "Hospitality Inn", "hotelName": "Hospitality Inn: Bangkok", "hotelLocation": "Bangkok", "hotelRoomType": "standard", "hotelRoomCount": "1", "hotelGuestAdultCount": "1", "hotelGuestChildCount": "0", "hotelNightCount": "7", "hotelRoomPrice": "143.81", "hotelFinalPrice": "1006.67"}}}
{"_id": "orderid:905035", "timestamp": "2020-02-09T18:07:53.000Z", "eventType": "transaction", "_adobeamericaspot3": {"CRMID": "crmid:4866596619", "orderDetails": {"orderID": "orderid:905035", "reservationid": "2S2-28XK", "orderType": "call center", "hotelSKU": "prd1134", "hotelCheckInUnix": "1583518073", "hotelCheckOutUnix": "1583604473", "hotelCheckInTS": "2020-03-06T18:07:53+00:00", "hotelCheckOutTS": "2020-03-07T18:07:53+00:00", "hotelChain": "Restful Nights", "hotelName": "Restful Nights: Montreal", "hotelLocation": "Montreal", "hotelRoomType": "standard", "hotelRoomCount": "1", "hotelGuestAdultCount": "1", "hotelGuestChildCount": "0", "hotelNightCount": "1", "hotelRoomPrice": "129.06", "hotelFinalPrice": "129.06"}}}
{"_id": "orderid:234014", "timestamp": "2019-12-17T20:34:47.000Z", "eventType": "transaction", "_adobeamericaspot3": {"CRMID": "crmid:9573751164", "orderDetails": {"orderID": "orderid:234014", "reservationid": "FFQ-MZ7N", "orderType": "kiosk", "hotelSKU": "prd1005", "hotelCheckInUnix": "1578947687", "hotelCheckOutUnix": "1580589287", "hotelCheckInTS": "2020-01-13T20:34:47+00:00", "hotelCheckOutTS": "2020-02-01T20:34:47+00:00", "hotelChain": "Sapphire Suites", "hotelName": "Sapphire Suites: Los Angeles", "hotelLocation": "Los Angeles", "hotelRoomType": "premium", "hotelRoomCount": "1", "hotelGuestAdultCount": "1", "hotelGuestChildCount": "2", "hotelNightCount": "19", "hotelRoomPrice": "131.03", "hotelFinalPrice": "2489.57"}}}
{"_id": "orderid:304769", "timestamp": "2019-12-28T06:16:31.000Z", "eventType": "transaction", "_adobeamericaspot3": {"CRMID": "crmid:4385949160", "orderDetails": {"orderID": "orderid:304769", "reservationid": "X7C-6HH3", "orderType": "call center", "hotelSKU": "prd1011", "hotelCheckInUnix": "1579414591", "hotelCheckOutUnix": "1579932991", "hotelCheckInTS": "2020-01-19T06:16:31+00:00", "hotelCheckOutTS": "2020-01-25T06:16:31+00:00", "hotelChain": "Hospitality Inn", "hotelName": "Hospitality Inn: Dallas", "hotelLocation": "Dallas", "hotelRoomType": "premium", "hotelRoomCount": "1", "hotelGuestAdultCount": "1", "hotelGuestChildCount": "4", "hotelNightCount": "6", "hotelRoomPrice": "143.64", "hotelFinalPrice": "861.84"}}}
{"_id": "orderid:188530", "timestamp": "2020-02-12T21:23:25.000Z", "eventType": "transaction", "_adobeamericaspot3": {"CRMID": "crmid:5367907005", "orderDetails": {"orderID": "orderid:188530", "reservationid": "BNW-JKB8", "orderType": "website", "hotelSKU": "prd1082", "hotelCheckInUnix": "1581715405", "hotelCheckOutUnix": "1581801805", "hotelCheckInTS": "2020-02-14T21:23:25+00:00", "hotelCheckOutTS": "2020-02-15T21:23:25+00:00", "hotelChain": "Blue Reef Resort", "hotelName": "Blue Reef Resort: Surat", "hotelLocation": "Surat", "hotelRoomType": "premium", "hotelRoomCount": "1", "hotelGuestAdultCount": "1", "hotelGuestChildCount": "0", "hotelNightCount": "1", "hotelRoomPrice": "114.63", "hotelFinalPrice": "114.63"}}}
{"_id": "orderid:334650", "timestamp": "2020-02-17T00:00:00.000Z", "eventType": "transaction", "_adobeamericaspot3": {"CRMID": "crmid:5367907005", "orderDetails": {"orderID": "orderid:334650", "reservationid": "RM8-ADJQ", "orderType": "call center", "hotelSKU": "prd1074", "hotelCheckInUnix": "1581984000", "hotelCheckOutUnix": "1582070400", "hotelCheckInTS": "2020-02-18T00:00:00+00:00", "hotelCheckOutTS": "2020-02-19T00:00:00+00:00", "hotelChain": "Restful Nights", "hotelName": "Restful Nights: Mexico City", "hotelLocation": "Mexico City", "hotelRoomType": "premium", "hotelRoomCount": "1", "hotelGuestAdultCount": "1", "hotelGuestChildCount": "0", "hotelNightCount": "1", "hotelRoomPrice": "98.82", "hotelFinalPrice": "98.82"}}}
{"_id": "orderid:551866", "timestamp": "2020-01-20T17:20:20.000Z", "eventType": "transaction", "_adobeamericaspot3": {"CRMID": "crmid:2310844740", "orderDetails": {"orderID": "orderid:551866", "reservationid": "PSF-A9R7", "orderType": "call center", "hotelSKU": "prd1189", "hotelCheckInUnix": "1580750420", "hotelCheckOutUnix": "1581355220", "hotelCheckInTS": "2020-02-03T17:20:20+00:00", "hotelCheckOutTS": "2020-02-10T17:20:20+00:00", "hotelChain": "Admiralty Plaza", "hotelName": "Admiralty Plaza: Bakersfield", "hotelLocation": "Bakersfield", "hotelRoomType": "ultra-luxury", "hotelRoomCount": "1", "hotelGuestAdultCount": "1", "hotelGuestChildCount": "0", "hotelNightCount": "7", "hotelRoomPrice": "371.16", "hotelFinalPrice": "2598.12"}}}
{"_id": "orderid:223080", "timestamp": "2019-12-05T12:51:33.000Z", "eventType": "transaction", "_adobeamericaspot3": {"CRMID": "crmid:3191666740", "orderDetails": {"orderID": "orderid:223080", "reservationid": "E80-DCCL", "orderType": "kiosk", "hotelSKU": "prd1079", "hotelCheckInUnix": "1577278293", "hotelCheckOutUnix": "1577796693", "hotelCheckInTS": "2019-12-25T12:51:33+00:00", "hotelCheckOutTS": "2019-12-31T12:51:33+00:00", "hotelChain": "Nesting Box Inn", "hotelName": "Nesting Box Inn: Chennai", "hotelLocation": "Chennai", "hotelRoomType": "premium", "hotelRoomCount": "1", "hotelGuestAdultCount": "1", "hotelGuestChildCount": "0", "hotelNightCount": "6", "hotelRoomPrice": "103.5", "hotelFinalPrice": "621.0"}}}
{"_id": "orderid:831387", "timestamp": "2019-12-23T02:21:42.000Z", "eventType": "transaction", "_adobeamericaspot3": {"CRMID": "crmid:9619878649", "orderDetails": {"orderID": "orderid:831387", "reservationid": "Q4J-OF5B", "orderType": "website", "hotelSKU": "prd1083", "hotelCheckInUnix": "1578363702", "hotelCheckOutUnix": "1578968502", "hotelCheckInTS": "2020-01-07T02:21:42+00:00", "hotelCheckOutTS": "2020-01-14T02:21:42+00:00", "hotelChain": "Hospitality Inn", "hotelName": "Hospitality Inn: Bangkok", "hotelLocation": "Bangkok", "hotelRoomType": "standard", "hotelRoomCount": "1", "hotelGuestAdultCount": "1", "hotelGuestChildCount": "0", "hotelNightCount": "7", "hotelRoomPrice": "165.3", "hotelFinalPrice": "1157.1"}}}
{"_id": "orderid:170999", "timestamp": "2019-12-08T10:13:35.000Z", "eventType": "transaction", "_adobeamericaspot3": {"CRMID": "crmid:1058664978", "orderDetails": {"orderID": "orderid:170999", "reservationid": "HSV-DFOM", "orderType": "kiosk", "hotelSKU": "prd1081", "hotelCheckInUnix": "1575886415", "hotelCheckOutUnix": "1575972815", "hotelCheckInTS": "2019-12-09T10:13:35+00:00", "hotelCheckOutTS": "2019-12-10T10:13:35+00:00", "hotelChain": "Admiralty Plaza", "hotelName": "Admiralty Plaza: Rod de Janeiro", "hotelLocation": "Rod de Janeiro", "hotelRoomType": "standard", "hotelRoomCount": "1", "hotelGuestAdultCount": "1", "hotelGuestChildCount": "0", "hotelNightCount": "1", "hotelRoomPrice": "114.59", "hotelFinalPrice": "114.59"}}}
{"_id": "orderid:732401", "timestamp": "2019-12-12T00:00:00.000Z", "eventType": "transaction", "_adobeamericaspot3": {"CRMID": "crmid:1058664978", "orderDetails": {"orderID": "orderid:732401", "reservationid": "WUY-JAO0", "orderType": "kiosk", "hotelSKU": "prd1179", "hotelCheckInUnix": "1576195200", "hotelCheckOutUnix": "1576627200", "hotelCheckInTS": "2019-12-13T00:00:00+00:00", "hotelCheckOutTS": "2019-12-18T00:00:00+00:00", "hotelChain": "Hospitality Inn", "hotelName": "Hospitality Inn: Miami", "hotelLocation": "Miami", "hotelRoomType": "premium", "hotelRoomCount": "1", "hotelGuestAdultCount": "1", "hotelGuestChildCount": "0", "hotelNightCount": "5", "hotelRoomPrice": "159.99", "hotelFinalPrice": "799.95"}}}
{"_id": "orderid:395590", "timestamp": "2019-12-14T00:59:45.000Z", "eventType": "transaction", "_adobeamericaspot3": {"CRMID": "crmid:4850951131", "orderDetails": {"orderID": "orderid:395590", "reservationid": "SPS-2WFU", "orderType": "website", "hotelSKU": "prd1110", "hotelCheckInUnix": "1578358785", "hotelCheckOutUnix": "1579309185", "hotelCheckInTS": "2020-01-07T00:59:45+00:00", "hotelCheckOutTS": "2020-01-18T00:59:45+00:00", "hotelChain": "Restful Nights", "hotelName": "Restful Nights: Sofia", "hotelLocation": "Sofia", "hotelRoomType": "standard", "hotelRoomCount": "1", "hotelGuestAdultCount": "1", "hotelGuestChildCount": "0", "hotelNightCount": "11", "hotelRoomPrice": "140.49", "hotelFinalPrice": "1545.39"}}}
{"_id": "orderid:292420", "timestamp": "2019-12-24T11:22:20.000Z", "eventType": "transaction", "_adobeamericaspot3": {"CRMID": "crmid:3223005239", "orderDetails": {"orderID": "orderid:292420", "reservationid": "CJU-SVES", "orderType": "call center", "hotelSKU": "prd1194", "hotelCheckInUnix": "1579346540", "hotelCheckOutUnix": "1579864940", "hotelCheckInTS": "2020-01-18T11:22:20+00:00", "hotelCheckOutTS": "2020-01-24T11:22:20+00:00", "hotelChain": "Restful Nights", "hotelName": "Restful Nights: Tianjin", "hotelLocation": "Tianjin", "hotelRoomType": "standard", "hotelRoomCount": "1", "hotelGuestAdultCount": "1", "hotelGuestChildCount": "0", "hotelNightCount": "6", "hotelRoomPrice": "144.4", "hotelFinalPrice": "866.4"}}}
{"_id": "orderid:305305", "timestamp": "2019-12-28T16:10:26.000Z", "eventType": "transaction", "_adobeamericaspot3": {"CRMID": "crmid:3567317806", "orderDetails": {"orderID": "orderid:305305", "reservationid": "K67-PDT5", "orderType": "website", "hotelSKU": "prd1185", "hotelCheckInUnix": "1579709426", "hotelCheckOutUnix": "1580314226", "hotelCheckInTS": "2020-01-22T16:10:26+00:00", "hotelCheckOutTS": "2020-01-29T16:10:26+00:00", "hotelChain": "Sapphire Suites", "hotelName": "Sapphire Suites: New Orleans", "hotelLocation": "New Orleans", "hotelRoomType": "premium", "hotelRoomCount": "1", "hotelGuestAdultCount": "1", "hotelGuestChildCount": "0", "hotelNightCount": "7", "hotelRoomPrice": "123.18", "hotelFinalPrice": "862.26"}}}
{"_id": "orderid:836141", "timestamp": "2020-01-06T22:47:02.000Z", "eventType": "transaction", "_adobeamericaspot3": {"CRMID": "crmid:4559535333", "orderDetails": {"orderID": "orderid:836141", "reservationid": "VA5-02GN", "orderType": "kiosk", "hotelSKU": "prd1097", "hotelCheckInUnix": "1580597222", "hotelCheckOutUnix": "1581288422", "hotelCheckInTS": "2020-02-01T22:47:02+00:00", "hotelCheckOutTS": "2020-02-09T22:47:02+00:00", "hotelChain": "Grandeur Hotels", "hotelName": "Grandeur Hotels: Buenos Aires", "hotelLocation": "Buenos Aires", "hotelRoomType": "standard", "hotelRoomCount": "1", "hotelGuestAdultCount": "1", "hotelGuestChildCount": "0", "hotelNightCount": "8", "hotelRoomPrice": "136.06", "hotelFinalPrice": "1088.48"}}}
{"_id": "orderid:452425", "timestamp": "2019-12-21T19:43:07.000Z", "eventType": "transaction", "_adobeamericaspot3": {"CRMID": "crmid:9617275166", "orderDetails": {"orderID": "orderid:452425", "reservationid": "ULQ-THGX", "orderType": "call center", "hotelSKU": "prd1189", "hotelCheckInUnix": "1577043787", "hotelCheckOutUnix": "1577302987", "hotelCheckInTS": "2019-12-22T19:43:07+00:00", "hotelCheckOutTS": "2019-12-25T19:43:07+00:00", "hotelChain": "Admiralty Plaza", "hotelName": "Admiralty Plaza: Bakersfield", "hotelLocation": "Bakersfield", "hotelRoomType": "standard", "hotelRoomCount": "1", "hotelGuestAdultCount": "1", "hotelGuestChildCount": "0", "hotelNightCount": "3", "hotelRoomPrice": "179.61", "hotelFinalPrice": "538.83"}}}
{"_id": "orderid:595029", "timestamp": "2020-01-04T02:00:18.000Z", "eventType": "transaction", "_adobeamericaspot3": {"CRMID": "crmid:4109281628", "orderDetails": {"orderID": "orderid:595029", "reservationid": "BVH-EAB7", "orderType": "website", "hotelSKU": "prd1045", "hotelCheckInUnix": "1580349618", "hotelCheckOutUnix": "1581040818", "hotelCheckInTS": "2020-01-30T02:00:18+00:00", "hotelCheckOutTS": "2020-02-07T02:00:18+00:00", "hotelChain": "Admiralty Plaza", "hotelName": "Admiralty Plaza: Miami", "hotelLocation": "Miami", "hotelRoomType": "standard", "hotelRoomCount": "1", "hotelGuestAdultCount": "1", "hotelGuestChildCount": "0", "hotelNightCount": "8", "hotelRoomPrice": "151.13", "hotelFinalPrice": "1209.04"}}}
{"_id": "orderid:925560", "timestamp": "2019-12-25T20:43:35.000Z", "eventType": "transaction", "_adobeamericaspot3": {"CRMID": "crmid:5583924182", "orderDetails": {"orderID": "orderid:925560", "reservationid": "U3P-HXPV", "orderType": "service desk", "hotelSKU": "prd1196", "hotelCheckInUnix": "1579812215", "hotelCheckOutUnix": "1580849015", "hotelCheckInTS": "2020-01-23T20:43:35+00:00", "hotelCheckOutTS": "2020-02-04T20:43:35+00:00", "hotelChain": "Aspen Heights", "hotelName": "Aspen Heights: Moscow", "hotelLocation": "Moscow", "hotelRoomType": "standard", "hotelRoomCount": "1", "hotelGuestAdultCount": "1", "hotelGuestChildCount": "0", "hotelNightCount": "12", "hotelRoomPrice": "101.82", "hotelFinalPrice": "1221.84"}}}
{"_id": "orderid:483145", "timestamp": "2020-01-30T23:19:53.000Z", "eventType": "transaction", "_adobeamericaspot3": {"CRMID": "crmid:9495033823", "orderDetails": {"orderID": "orderid:483145", "reservationid": "CB6-V21I", "orderType": "kiosk", "hotelSKU": "prd1014", "hotelCheckInUnix": "1582586393", "hotelCheckOutUnix": "1582845593", "hotelCheckInTS": "2020-02-24T23:19:53+00:00", "hotelCheckOutTS": "2020-02-27T23:19:53+00:00", "hotelChain": "Restful Nights", "hotelName": "Restful Nights: Jacksonville", "hotelLocation": "Jacksonville", "hotelRoomType": "standard", "hotelRoomCount": "1", "hotelGuestAdultCount": "1", "hotelGuestChildCount": "0", "hotelNightCount": "3", "hotelRoomPrice": "167.36", "hotelFinalPrice": "502.08"}}}
{"_id": "orderid:929571", "timestamp": "2020-01-11T06:54:24.000Z", "eventType": "transaction", "_adobeamericaspot3": {"CRMID": "crmid:9502350267", "orderDetails": {"orderID": "orderid:929571", "reservationid": "BL1-KDFM", "orderType": "mobile", "hotelSKU": "prd1036", "hotelCheckInUnix": "1580540064", "hotelCheckOutUnix": "1580712864", "hotelCheckInTS": "2020-02-01T06:54:24+00:00", "hotelCheckOutTS": "2020-02-03T06:54:24+00:00", "hotelChain": "Sandhill", "hotelName": "Sandhill: Fresno", "hotelLocation": "Fresno", "hotelRoomType": "premium", "hotelRoomCount": "1", "hotelGuestAdultCount": "1", "hotelGuestChildCount": "0", "hotelNightCount": "2", "hotelRoomPrice": "161.3", "hotelFinalPrice": "322.6"}}}
{"_id": "orderid:408016", "timestamp": "2020-01-04T03:24:09.000Z", "eventType": "transaction", "_adobeamericaspot3": {"CRMID": "crmid:6796877699", "orderDetails": {"orderID": "orderid:408016", "reservationid": "PQC-PQ3C", "orderType": "mobile", "hotelSKU": "prd1052", "hotelCheckInUnix": "1578194649", "hotelCheckOutUnix": "1578367449", "hotelCheckInTS": "2020-01-05T03:24:09+00:00", "hotelCheckOutTS": "2020-01-07T03:24:09+00:00", "hotelChain": "Aspen Heights", "hotelName": "Aspen Heights: Wichita", "hotelLocation": "Wichita", "hotelRoomType": "standard", "hotelRoomCount": "1", "hotelGuestAdultCount": "1", "hotelGuestChildCount": "0", "hotelNightCount": "2", "hotelRoomPrice": "159.1", "hotelFinalPrice": "318.2"}}}
{"_id": "orderid:381153", "timestamp": "2020-01-26T13:20:59.000Z", "eventType": "transaction", "_adobeamericaspot3": {"CRMID": "crmid:1816047542", "orderDetails": {"orderID": "orderid:381153", "reservationid": "5JX-PEIO", "orderType": "mobile", "hotelSKU": "prd1112", "hotelCheckInUnix": "1582118459", "hotelCheckOutUnix": "1582377659", "hotelCheckInTS": "2020-02-19T13:20:59+00:00", "hotelCheckOutTS": "2020-02-22T13:20:59+00:00", "hotelChain": "Aspen Heights", "hotelName": "Aspen Heights: Birmingham", "hotelLocation": "Birmingham", "hotelRoomType": "standard", "hotelRoomCount": "1", "hotelGuestAdultCount": "1", "hotelGuestChildCount": "0", "hotelNightCount": "3", "hotelRoomPrice": "125.88", "hotelFinalPrice": "377.64"}}}
{"_id": "orderid:370464", "timestamp": "2019-12-16T01:05:28.000Z", "eventType": "transaction", "_adobeamericaspot3": {"CRMID": "crmid:2749690397", "orderDetails": {"orderID": "orderid:370464", "reservationid": "EXV-34JM", "orderType": "website", "hotelSKU": "prd1040", "hotelCheckInUnix": "1577063128", "hotelCheckOutUnix": "1577235928", "hotelCheckInTS": "2019-12-23T01:05:28+00:00", "hotelCheckOutTS": "2019-12-25T01:05:28+00:00", "hotelChain": "Aspen Heights", "hotelName": "Aspen Heights: Atlanta", "hotelLocation": "Atlanta", "hotelRoomType": "premium", "hotelRoomCount": "1", "hotelGuestAdultCount": "1", "hotelGuestChildCount": "0", "hotelNightCount": "2", "hotelRoomPrice": "129.2", "hotelFinalPrice": "258.4"}}}
{"_id": "orderid:849735", "timestamp": "2019-12-20T01:53:20.000Z", "eventType": "transaction", "_adobeamericaspot3": {"CRMID": "crmid:3510730802", "orderDetails": {"orderID": "orderid:849735", "reservationid": "5EY-2SKK", "orderType": "kiosk", "hotelSKU": "prd1148", "hotelCheckInUnix": "1576893200", "hotelCheckOutUnix": "1577066000", "hotelCheckInTS": "2019-12-21T01:53:20+00:00", "hotelCheckOutTS": "2019-12-23T01:53:20+00:00", "hotelChain": "Aspen Heights", "hotelName": "Aspen Heights: Jacksonville", "hotelLocation": "Jacksonville", "hotelRoomType": "standard", "hotelRoomCount": "1", "hotelGuestAdultCount": "1", "hotelGuestChildCount": "0", "hotelNightCount": "2", "hotelRoomPrice": "98.89", "hotelFinalPrice": "197.78"}}}
{"_id": "orderid:919964", "timestamp": "2019-12-12T13:00:08.000Z", "eventType": "transaction", "_adobeamericaspot3": {"CRMID": "crmid:2425915430", "orderDetails": {"orderID": "orderid:919964", "reservationid": "RUC-ASX0", "orderType": "call center", "hotelSKU": "prd1047", "hotelCheckInUnix": "1578402008", "hotelCheckOutUnix": "1578747608", "hotelCheckInTS": "2020-01-07T13:00:08+00:00", "hotelCheckOutTS": "2020-01-11T13:00:08+00:00", "hotelChain": "Hospitality Inn", "hotelName": "Hospitality Inn: Oakland", "hotelLocation": "Oakland", "hotelRoomType": "premium", "hotelRoomCount": "1", "hotelGuestAdultCount": "1", "hotelGuestChildCount": "0", "hotelNightCount": "4", "hotelRoomPrice": "165.38", "hotelFinalPrice": "661.52"}}}
{"_id": "orderid:993626", "timestamp": "2020-02-16T09:21:52.000Z", "eventType": "transaction", "_adobeamericaspot3": {"CRMID": "crmid:9723803124", "orderDetails": {"orderID": "orderid:993626", "reservationid": "M6N-FWBK", "orderType": "mobile", "hotelSKU": "prd1016", "hotelCheckInUnix": "1583745712", "hotelCheckOutUnix": "1584264112", "hotelCheckInTS": "2020-03-09T09:21:52+00:00", "hotelCheckOutTS": "2020-03-15T09:21:52+00:00", "hotelChain": "Aspen Heights", "hotelName": "Aspen Heights: Columbus", "hotelLocation": "Columbus", "hotelRoomType": "standard", "hotelRoomCount": "1", "hotelGuestAdultCount": "1", "hotelGuestChildCount": "0", "hotelNightCount": "6", "hotelRoomPrice": "123.76", "hotelFinalPrice": "742.56"}}}
{"_id": "orderid:416725", "timestamp": "2020-01-20T22:49:37.000Z", "eventType": "transaction", "_adobeamericaspot3": {"CRMID": "crmid:9187675928", "orderDetails": {"orderID": "orderid:416725", "reservationid": "1EM-QKMU", "orderType": "website", "hotelSKU": "prd1187", "hotelCheckInUnix": "1579733377", "hotelCheckOutUnix": "1579819777", "hotelCheckInTS": "2020-01-22T22:49:37+00:00", "hotelCheckOutTS": "2020-01-23T22:49:37+00:00", "hotelChain": "Nesting Box Inn", "hotelName": "Nesting Box Inn: Cleveland", "hotelLocation": "Cleveland", "hotelRoomType": "premium", "hotelRoomCount": "1", "hotelGuestAdultCount": "1", "hotelGuestChildCount": "0", "hotelNightCount": "1", "hotelRoomPrice": "179.38", "hotelFinalPrice": "179.38"}}}
