id,crmid,propensity_room_upgrade,propensity_extended_nights
ab5fab4c-53cb-11ea-95f6-b88a60e194fb,crmid:9956219460,3,3
ab60bcc2-53cb-11ea-99c4-b88a60e194fb,crmid:5127908270,3,4
ab61f524-53cb-11ea-9299-b88a60e194fb,crmid:6510007276,8,5
ab6354d8-53cb-11ea-9cc7-b88a60e194fb,crmid:8855315400,3,3
ab64b468-53cb-11ea-bbb1-b88a60e194fb,crmid:6262815091,5,2
ab65c5b6-53cb-11ea-803d-b88a60e194fb,crmid:8928888592,2,5
ab672548-53cb-11ea-acab-b88a60e194fb,crmid:7374191420,5,4
ab6836ca-53cb-11ea-99f0-b88a60e194fb,crmid:3736351529,8,5
ab69965c-53cb-11ea-a357-b88a60e194fb,crmid:9450855918,3,1
ab6aa7f4-53cb-11ea-833b-b88a60e194fb,crmid:2005921658,4,5
ab6bb95a-53cb-11ea-bf7f-b88a60e194fb,crmid:2705413359,4,4
ab6cf1d2-53cb-11ea-bd11-b88a60e194fb,crmid:2429051783,5,5
ab6e031c-53cb-11ea-99f3-b88a60e194fb,crmid:4181095983,8,5
ab6f6352-53cb-11ea-8679-b88a60e194fb,crmid:4922346796,4,3
ab709b62-53cb-11ea-9820-b88a60e194fb,crmid:9491435006,4,3
ab7185cc-53cb-11ea-b81d-b88a60e194fb,crmid:1820272075,6,4
ab726ff8-53cb-11ea-b9a6-b88a60e194fb,crmid:8189075977,3,4
ab738174-53cb-11ea-9395-b88a60e194fb,crmid:8377226733,4,10
ab7492d2-53cb-11ea-9cc9-b88a60e194fb,crmid:9851795413,3,4
ab757d3e-53cb-11ea-9442-b88a60e194fb,crmid:3244312715,9,6
ab76dce2-53cb-11ea-abc5-b88a60e194fb,crmid:3236212058,4,2
ab783c5e-53cb-11ea-9fc9-b88a60e194fb,crmid:1250649718,2,3
ab794dca-53cb-11ea-8aa7-b88a60e194fb,crmid:7382217005,3,4
ab7a111c-53cb-11ea-8c25-b88a60e194fb,crmid:5615511256,4,6
ab7b49a4-53cb-11ea-be6b-b88a60e194fb,crmid:1216266087,4,5
ab7c0cee-53cb-11ea-8daa-b88a60e194fb,crmid:4929856366,5,5
ab7cd03a-53cb-11ea-bc48-b88a60e194fb,crmid:5274879096,5,3
ab7de1b6-53cb-11ea-a47c-b88a60e194fb,crmid:8156381642,4,3
ab7ecc02-53cb-11ea-8ee7-b88a60e194fb,crmid:7116188630,2,5
ab7f8f5c-53cb-11ea-935f-b88a60e194fb,crmid:2770898860,3,6
ab807b3e-53cb-11ea-afd7-b88a60e194fb,crmid:4955270215,4,7
ab81653a-53cb-11ea-ade9-b88a60e194fb,crmid:9692028671,5,8
ab82295c-53cb-11ea-9e2b-b88a60e194fb,crmid:8921556792,8,4
ab833a4c-53cb-11ea-9d32-b88a60e194fb,crmid:4284193116,4,4
ab844bac-53cb-11ea-92b1-b88a60e194fb,crmid:7814701406,4,4
ab853608-53cb-11ea-b644-b88a60e194fb,crmid:5746089955,4,3
ab866e50-53cb-11ea-a844-b88a60e194fb,crmid:6834144930,6,4
ab875788-53cb-11ea-83a2-b88a60e194fb,crmid:8429575389,5,4
ab89053e-53cb-11ea-98b4-b88a60e194fb,crmid:8362976686,3,5
ab8a3f1e-53cb-11ea-9273-b88a60e194fb,crmid:5729841621,4,8
ab8b013a-53cb-11ea-865b-b88a60e194fb,crmid:9153304351,5,4
ab8c13dc-53cb-11ea-8166-b88a60e194fb,crmid:3153309581,2,4
ab8cd724-53cb-11ea-ba26-b88a60e194fb,crmid:6065652519,4,4
ab8de89a-53cb-11ea-b4d7-b88a60e194fb,crmid:7406240357,2,3
ab8eac0a-53cb-11ea-a609-b88a60e194fb,crmid:3260913522,5,4
ab8fe31c-53cb-11ea-b609-b88a60e194fb,crmid:3328796257,5,4
ab90f498-53cb-11ea-8ca9-b88a60e194fb,crmid:5335773380,5,3
ab91e052-53cb-11ea-a5b0-b88a60e194fb,crmid:4253706015,4,7
ab931764-53cb-11ea-8b51-b88a60e194fb,crmid:5527907111,8,5
ab945150-53cb-11ea-8c5c-b88a60e194fb,crmid:1247271103,5,9
ab953ba4-53cb-11ea-8350-b88a60e194fb,crmid:3133727600,5,5
ab95fefe-53cb-11ea-9fe0-b88a60e194fb,crmid:9076059484,4,4
ab96c254-53cb-11ea-abcf-b88a60e194fb,crmid:2172892759,4,5
ab97ac6e-53cb-11ea-a90a-b88a60e194fb,crmid:8166512883,6,4
ab990ac1-53cb-11ea-ad21-b88a60e194fb,crmid:7469375783,5,3
ab9a44b4-53cb-11ea-8547-b88a60e194fb,crmid:6378773390,5,5
ab9b2f10-53cb-11ea-8ce4-b88a60e194fb,crmid:5811995689,1,5
ab9bf240-53cb-11ea-858f-b88a60e194fb,crmid:3806931432,4,3
ab9d5088-53cb-11ea-9315-b88a60e194fb,crmid:7117844042,3,3
ab9e890a-53cb-11ea-8bdb-b88a60e194fb,crmid:3963280608,3,4
ab9f4c5a-53cb-11ea-8e07-b88a60e194fb,crmid:8744979790,7,5
aba036b7-53cb-11ea-aa59-b88a60e194fb,crmid:2500619663,4,4
aba12118-53cb-11ea-a417-b88a60e194fb,crmid:4137734170,3,6
aba20cdc-53cb-11ea-b8df-b88a60e194fb,crmid:3794011788,4,4
aba34414-53cb-11ea-9c51-b88a60e194fb,crmid:8128619595,3,4
aba45588-53cb-11ea-ae2a-b88a60e194fb,crmid:9910011149,5,3
aba56852-53cb-11ea-8d6d-b88a60e194fb,crmid:1924753055,2,5
aba62b86-53cb-11ea-958f-b88a60e194fb,crmid:5898641563,2,3
aba715da-53cb-11ea-b771-b88a60e194fb,crmid:1456490235,3,4
aba82738-53cb-11ea-b8f8-b88a60e194fb,crmid:6190453037,5,5
aba9432e-53cb-11ea-9116-b88a60e194fb,crmid:2456742569,4,4
abaa4a52-53cb-11ea-958f-b88a60e194fb,crmid:4390090938,3,4
abab335c-53cb-11ea-af0e-b88a60e194fb,crmid:7549838390,4,4
abac1eee-53cb-11ea-b66f-b88a60e194fb,crmid:4082090047,4,5
abad306c-53cb-11ea-b320-b88a60e194fb,crmid:6276701337,3,4
abae1b00-53cb-11ea-a3f6-b88a60e194fb,crmid:5845791295,5,4
abaf2c76-53cb-11ea-aaf4-b88a60e194fb,crmid:1640131958,5,4
abaff04a-53cb-11ea-bbdf-b88a60e194fb,crmid:8756839009,5,5
abb0ffa5-53cb-11ea-94ca-b88a60e194fb,crmid:3292185048,3,3
abb25f86-53cb-11ea-a879-b88a60e194fb,crmid:3124028637,5,4
abb371f6-53cb-11ea-b675-b88a60e194fb,crmid:5468593778,3,2
abb45b0a-53cb-11ea-a107-b88a60e194fb,crmid:8482520908,4,3
abb546c0-53cb-11ea-b7d4-b88a60e194fb,crmid:6101271226,3,1
abb60a2c-53cb-11ea-a780-b88a60e194fb,crmid:2602354027,10,5
abb71b3a-53cb-11ea-8dd3-b88a60e194fb,crmid:7813256811,4,3
abb82d06-53cb-11ea-a57f-b88a60e194fb,crmid:3407625196,3,4
abba003a-53cb-11ea-b494-b88a60e194fb,crmid:8629549247,4,4
abbb884a-53cb-11ea-b180-b88a60e194fb,crmid:8730244215,4,6
abbc727a-53cb-11ea-b4ff-b88a60e194fb,crmid:9666232205,3,4
abbd5d2e-53cb-11ea-81db-b88a60e194fb,crmid:5086128285,5,4
abbe2018-53cb-11ea-a08b-b88a60e194fb,crmid:4274657069,3,5
abbee364-53cb-11ea-8089-b88a60e194fb,crmid:3139397501,8,5
abbff50a-53cb-11ea-9567-b88a60e194fb,crmid:2895100233,4,1
abc0df86-53cb-11ea-8e3a-b88a60e194fb,crmid:7017717179,3,4
abc1efb4-53cb-11ea-b2a8-b88a60e194fb,crmid:9765094284,3,4
abc30128-53cb-11ea-9498-b88a60e194fb,crmid:9576102229,5,4
abc41322-53cb-11ea-b0b3-b88a60e194fb,crmid:3623905719,7,5
abc4fcf6-53cb-11ea-8d7a-b88a60e194fb,crmid:1648798622,4,5
abc63568-53cb-11ea-9a32-b88a60e194fb,crmid:2887870972,8,4
abc71fd0-53cb-11ea-9e1c-b88a60e194fb,crmid:1567917609,3,3
abc83146-53cb-11ea-a559-b88a60e194fb,crmid:6388438774,5,2
abc91ba4-53cb-11ea-8b42-b88a60e194fb,crmid:5317626760,4,4
abca5427-53cb-11ea-a60a-b88a60e194fb,crmid:9928881523,7,3
abcb3e86-53cb-11ea-83b8-b88a60e194fb,crmid:1077920635,10,3
abcc2912-53cb-11ea-a48c-b88a60e194fb,crmid:4862093074,4,4
abcd3a5a-53cb-11ea-a1f3-b88a60e194fb,crmid:4436989520,8,4
abce24b8-53cb-11ea-b481-b88a60e194fb,crmid:6495904643,4,7
abcf361a-53cb-11ea-ae25-b88a60e194fb,crmid:3809070349,4,5
abd2df94-53cb-11ea-8961-b88a60e194fb,crmid:9456601542,3,5
abd3cb58-53cb-11ea-9b57-b88a60e194fb,crmid:7107720563,3,3
abd4b598-53cb-11ea-ad4f-b88a60e194fb,crmid:1804563804,4,4
abd57906-53cb-11ea-8cbb-b88a60e194fb,crmid:3490175286,3,3
abd63c52-53cb-11ea-b9bf-b88a60e194fb,crmid:5663084175,2,5
abd774b6-53cb-11ea-9b61-b88a60e194fb,crmid:5233687359,5,2
abd85dbe-53cb-11ea-8d08-b88a60e194fb,crmid:8698295976,6,5
abd94818-53cb-11ea-aa7b-b88a60e194fb,crmid:8366853614,3,5
abda8098-53cb-11ea-b2b6-b88a60e194fb,crmid:3485534482,7,4
abdb43ec-53cb-11ea-96d6-b88a60e194fb,crmid:5747598855,4,4
abdc555c-53cb-11ea-bfca-b88a60e194fb,crmid:5130895134,3,3
b1085826-53cb-11ea-aa15-b88a60e194fb,crmid:2313256869,3,5
b1094282-53cb-11ea-90ef-b88a60e194fb,crmid:7161620090,3,3
b10a2cf0-53cb-11ea-b5e7-b88a60e194fb,crmid:6874713387,8,2
b10b3e36-53cb-11ea-93ed-b88a60e194fb,crmid:4450999815,5,4
b10c2748-53cb-11ea-a5be-b88a60e194fb,crmid:3746823885,4,4
b10d1300-53cb-11ea-949d-b88a60e194fb,crmid:2640074824,3,4
b10dfd48-53cb-11ea-8e24-b88a60e194fb,crmid:2292223909,5,8
b10ee7ae-53cb-11ea-88ba-b88a60e194fb,crmid:2667106776,4,4
b10ff922-53cb-11ea-9370-b88a60e194fb,crmid:4164897190,5,8
b110bcc6-53cb-11ea-ab7e-b88a60e194fb,crmid:2127479564,5,3
b1121c08-53cb-11ea-abd8-b88a60e194fb,crmid:3292467670,4,4
b1130662-53cb-11ea-a908-b88a60e194fb,crmid:1785852163,3,5
b113c9ca-53cb-11ea-afdc-b88a60e194fb,crmid:4261374912,4,9
b1150106-53cb-11ea-b402-b88a60e194fb,crmid:1805387491,5,4
b14e8768-53cb-11ea-a3af-b88a60e194fb,crmid:3975134314,4,4
b14f4ab0-53cb-11ea-af27-b88a60e194fb,crmid:8374038432,3,5
b1500dfe-53cb-11ea-8ec1-b88a60e194fb,crmid:8406599108,4,5
b1514688-53cb-11ea-8c6f-b88a60e194fb,crmid:3150228790,7,5
b15257f4-53cb-11ea-93f3-b88a60e194fb,crmid:5779322227,5,4
b153b794-53cb-11ea-8a39-b88a60e194fb,crmid:2893722074,2,7
b154c8fa-53cb-11ea-abb2-b88a60e194fb,crmid:8188170746,7,3
b155b358-53cb-11ea-8a0d-b88a60e194fb,crmid:6534686094,3,2
b1569db4-53cb-11ea-8528-b88a60e194fb,crmid:9487987494,3,5
b157af1c-53cb-11ea-8ff5-b88a60e194fb,crmid:4377463177,5,5
b1589b9e-53cb-11ea-a433-b88a60e194fb,crmid:1290401768,4,2
b159ac1e-53cb-11ea-ae5d-b88a60e194fb,crmid:2122783712,4,3
b15a6e36-53cb-11ea-9287-b88a60e194fb,crmid:6847460696,4,6
b17a5264-53cb-11ea-8d76-b88a60e194fb,crmid:7891624005,4,4
b17b3cba-53cb-11ea-96b3-b88a60e194fb,crmid:2172830128,1,3
b17c271c-53cb-11ea-910f-b88a60e194fb,crmid:9089352496,4,5
b17d38d0-53cb-11ea-b2cc-b88a60e194fb,crmid:2676865476,5,5
b17e981a-53cb-11ea-b4f0-b88a60e194fb,crmid:1276754246,5,3
b17f8278-53cb-11ea-b89b-b88a60e194fb,crmid:4989721551,5,4
b1806cfa-53cb-11ea-81b1-b88a60e194fb,crmid:7949078993,3,2
b181301e-53cb-11ea-807e-b88a60e194fb,crmid:1622704039,5,4
b182419e-53cb-11ea-85d0-b88a60e194fb,crmid:4395245540,6,3
b1832c02-53cb-11ea-92dc-b88a60e194fb,crmid:7242460592,3,4
b1843d64-53cb-11ea-ad06-b88a60e194fb,crmid:6797539394,4,4
b1854ed8-53cb-11ea-bed2-b88a60e194fb,crmid:4110470893,3,3
b186393e-53cb-11ea-82fb-b88a60e194fb,crmid:9080299751,4,4
b186fc88-53cb-11ea-8e97-b88a60e194fb,crmid:8324408401,1,4
b1883506-53cb-11ea-bb94-b88a60e194fb,crmid:9366367471,8,4
b1894670-53cb-11ea-89a1-b88a60e194fb,crmid:1317083253,4,7
b18a7ef6-53cb-11ea-8fca-b88a60e194fb,crmid:1687580326,5,3
b18b6952-53cb-11ea-81b3-b88a60e194fb,crmid:3642251190,4,4
b1e6f874-53cb-11ea-a48d-b88a60e194fb,crmid:9330708474,4,3
b20814de-53cb-11ea-859e-b88a60e194fb,crmid:8721450612,5,4
b20924d2-53cb-11ea-8170-b88a60e194fb,crmid:9604129772,4,3
b20a109a-53cb-11ea-9192-b88a60e194fb,crmid:1559166231,4,8
b20af9b4-53cb-11ea-ab38-b88a60e194fb,crmid:6282294139,5,3
b20be524-53cb-11ea-88db-b88a60e194fb,crmid:6419581728,5,4
b20d1dd2-53cb-11ea-899c-b88a60e194fb,crmid:4574880204,3,5
b20e0866-53cb-11ea-ac01-b88a60e194fb,crmid:4112049121,4,3
b20ef28c-53cb-11ea-9975-b88a60e194fb,crmid:6455038266,3,3
b210521e-53cb-11ea-ba4d-b88a60e194fb,crmid:1286429196,4,4
b2116238-53cb-11ea-821b-b88a60e194fb,crmid:3842948571,4,2
b2122580-53cb-11ea-8627-b88a60e194fb,crmid:7527649372,1,4
b2130fec-53cb-11ea-a771-b88a60e194fb,crmid:4009142846,4,8
b2144868-53cb-11ea-899c-b88a60e194fb,crmid:9807346813,4,5
b21532c8-53cb-11ea-8cce-b88a60e194fb,crmid:5048402599,5,8
b2161d26-53cb-11ea-a5e8-b88a60e194fb,crmid:3928649069,4,4
b2172e9a-53cb-11ea-9af1-b88a60e194fb,crmid:1759177332,4,5
b21818f8-53cb-11ea-89ee-b88a60e194fb,crmid:2391862065,5,5
b21952c6-53cb-11ea-b96e-b88a60e194fb,crmid:6535293860,8,3
b21a160c-53cb-11ea-95a3-b88a60e194fb,crmid:2412709224,4,4
b21b2782-53cb-11ea-bc5b-b88a60e194fb,crmid:2766932301,3,2
b21c38f4-53cb-11ea-bb9f-b88a60e194fb,crmid:2067017192,3,5
b21d492c-53cb-11ea-82c6-b88a60e194fb,crmid:8050894856,5,3
b21e5bdc-53cb-11ea-9e4d-b88a60e194fb,crmid:2328494351,4,5
b21f463e-53cb-11ea-9ba0-b88a60e194fb,crmid:3137416918,5,5
b22030ac-53cb-11ea-9b1b-b88a60e194fb,crmid:5760260070,4,4
b220f3fa-53cb-11ea-867e-b88a60e194fb,crmid:1821584010,8,4
b2220566-53cb-11ea-a0c5-b88a60e194fb,crmid:6831241722,3,4
b2233e00-53cb-11ea-a5cb-b88a60e194fb,crmid:4729459780,4,3
b2244e18-53cb-11ea-a64b-b88a60e194fb,crmid:7260535727,9,4
b2253878-53cb-11ea-b0b9-b88a60e194fb,crmid:2168494776,3,7
b22622f6-53cb-11ea-9bda-b88a60e194fb,crmid:9686340567,4,3
b2273458-53cb-11ea-b1b2-b88a60e194fb,crmid:9151521749,4,8
b2281ebe-53cb-11ea-8d71-b88a60e194fb,crmid:6496674821,4,4
b2290918-53cb-11ea-8a40-b88a60e194fb,crmid:3140895294,4,5
b229f4ba-53cb-11ea-9af4-b88a60e194fb,crmid:4593091207,3,3
