id,crmid,propensity_room_upgrade,propensity_extended_nights
orderid:942985,crmid:6018901875,3,4
orderid:400467,crmid:7895843647,8,4
orderid:734196,crmid:7292009108,4,3
orderid:534231,crmid:3307698528,4,4
orderid:143592,crmid:5927275036,4,3
orderid:909092,crmid:2721572064,4,4
orderid:214183,crmid:3839915735,6,4
orderid:576139,crmid:5674221213,5,4
orderid:534811,crmid:1793462900,4,4
orderid:984329,crmid:9265519232,5,4
orderid:604215,crmid:3772786638,8,5
orderid:890985,crmid:9301658022,4,3
orderid:743113,crmid:4253939249,4,5
orderid:616072,crmid:3357618445,4,3
orderid:411280,crmid:9186581602,2,4
orderid:185645,crmid:1674562066,5,4
orderid:506815,crmid:5432104765,4,8
orderid:798678,crmid:5401333800,4,4
orderid:964228,crmid:1819036479,3,3
orderid:362916,crmid:2266835649,3,3
orderid:434754,crmid:8527721983,3,6
orderid:222958,crmid:2438994226,9,3
orderid:287415,crmid:5358164501,9,3
orderid:883677,crmid:5272511866,4,5
orderid:107925,crmid:7479827382,3,3
orderid:269537,crmid:8956770476,4,4
orderid:912504,crmid:5904764452,3,3
orderid:236150,crmid:8483796835,4,4
orderid:770644,crmid:4628636036,5,3
orderid:654020,crmid:2166186423,4,5
orderid:919224,crmid:1410753070,5,4
orderid:103996,crmid:3008215482,2,6
orderid:772768,crmid:2982872369,3,4
orderid:759649,crmid:9520647181,3,5
orderid:189461,crmid:1868346038,4,5
orderid:149062,crmid:3042343411,4,3
orderid:287567,crmid:1860748700,5,4
orderid:363104,crmid:9587646966,3,5
orderid:290214,crmid:3525208400,4,2
orderid:682167,crmid:7746834163,4,3
orderid:977470,crmid:5144369197,4,5
orderid:956487,crmid:7378087460,6,4
orderid:736064,crmid:2378385594,3,3
orderid:113529,crmid:4936837832,6,9
orderid:566896,crmid:5551828604,3,4
orderid:500990,crmid:4731394720,3,3
orderid:649966,crmid:2827089358,4,4
orderid:525911,crmid:5240874804,5,8
orderid:320794,crmid:6692356075,5,3
orderid:947950,crmid:4314963256,4,4
orderid:939068,crmid:2987760369,4,4
orderid:418401,crmid:1211302972,8,3
orderid:815828,crmid:2184786007,8,4
orderid:831408,crmid:1086413159,3,4
orderid:462536,crmid:9858860173,5,4
orderid:174755,crmid:1571571935,4,4
orderid:874670,crmid:3282389556,3,4
orderid:478707,crmid:5154054152,4,4
orderid:731827,crmid:6478742342,5,5
orderid:772706,crmid:7062650286,5,3
orderid:571742,crmid:1205948537,4,5
orderid:197523,crmid:6479889405,5,4
orderid:604137,crmid:6659344976,6,4
orderid:374170,crmid:1925714982,4,4
orderid:276254,crmid:5837652005,3,3
orderid:983674,crmid:8569584121,4,4
orderid:828435,crmid:2864249557,4,3
orderid:802179,crmid:3502494776,4,5
orderid:399693,crmid:1792245132,7,9
orderid:481226,crmid:5220611974,4,4
orderid:862378,crmid:8477147449,4,3
orderid:326865,crmid:7013115670,5,4
orderid:387379,crmid:6005852347,4,4
orderid:280824,crmid:5382377032,5,3
orderid:285921,crmid:9994924835,4,3
orderid:913866,crmid:7321217599,3,6
orderid:247626,crmid:5593024103,5,4
orderid:318024,crmid:6908753523,5,5
orderid:466416,crmid:8894713204,4,5
orderid:929163,crmid:3740754598,3,3
orderid:175917,crmid:4108095262,3,5
orderid:210635,crmid:1372824818,4,8
orderid:879935,crmid:9621681427,6,9
orderid:668839,crmid:2077426178,4,3
orderid:203052,crmid:7362498514,5,4
orderid:588667,crmid:5311866935,7,4
orderid:303821,crmid:9827200480,3,5
orderid:114757,crmid:5487155082,5,3
orderid:562715,crmid:9895004496,4,2
orderid:765987,crmid:1219000006,8,4
orderid:706230,crmid:5253141992,4,6
orderid:919336,crmid:3338709391,3,4
orderid:399868,crmid:2714770712,5,5
orderid:214752,crmid:4509229923,8,4
orderid:455678,crmid:9420101486,10,6
orderid:986728,crmid:1362685002,5,3
orderid:407022,crmid:2939652981,4,5
orderid:918762,crmid:8557673583,2,5
orderid:672272,crmid:7247662377,2,3
orderid:943990,crmid:2453428600,8,3
orderid:291803,crmid:5552200338,4,4
orderid:436818,crmid:1201416037,5,3
orderid:953644,crmid:4601992193,4,5
orderid:391998,crmid:1158509260,7,3
orderid:842098,crmid:9998946426,3,6
orderid:685390,crmid:5704941535,5,4
orderid:873929,crmid:9094655813,3,4
orderid:728442,crmid:7795622203,4,5
orderid:753960,crmid:1376862939,3,4
orderid:505447,crmid:9212964235,4,4
orderid:325186,crmid:6416433668,4,3
orderid:889406,crmid:8275284943,5,4
orderid:193686,crmid:6662141233,4,5
orderid:189617,crmid:3744234221,9,3
orderid:370598,crmid:7269624114,4,3
orderid:397005,crmid:6876244417,8,2
orderid:280875,crmid:9082655202,3,6
orderid:867735,crmid:9535383851,4,5
orderid:363762,crmid:5535968842,4,3
orderid:204696,crmid:3217286453,8,3
orderid:882697,crmid:9444619175,2,5
orderid:272239,crmid:5726207193,3,5
orderid:397195,crmid:3909332807,1,4
orderid:749848,crmid:7546683152,3,4
orderid:376736,crmid:9006639875,4,5
orderid:265516,crmid:5846834651,4,3
orderid:607994,crmid:2178795794,4,3
orderid:879957,crmid:2227959669,4,6
orderid:542342,crmid:4993162134,8,6
orderid:256582,crmid:3339063034,3,5
orderid:856446,crmid:4881172168,8,4
orderid:661702,crmid:2411905893,5,3
orderid:227266,crmid:1616852898,4,4
orderid:897656,crmid:2613593096,5,6
orderid:734281,crmid:9067103340,4,5
orderid:243096,crmid:4308599421,5,5
orderid:758100,crmid:6433312182,4,7
orderid:903260,crmid:6171607047,3,5
orderid:326576,crmid:1437869347,4,3
orderid:889672,crmid:8864880618,4,4
orderid:192700,crmid:8133754492,4,4
orderid:649979,crmid:7729200199,3,3
orderid:436450,crmid:3487475883,4,3
orderid:965796,crmid:4726063375,5,5
orderid:920340,crmid:5760102131,6,5
orderid:765310,crmid:2440233628,4,5
orderid:230544,crmid:8475254248,4,3
orderid:554387,crmid:7666367105,7,5
orderid:434004,crmid:7390212488,3,3
orderid:311453,crmid:7266186579,4,4
orderid:581788,crmid:1866434431,5,7
orderid:720115,crmid:1166106297,4,5
orderid:812517,crmid:3021600155,10,4
orderid:687098,crmid:6696256723,4,3
orderid:628825,crmid:6870800799,4,4
orderid:883724,crmid:8615874305,4,3
orderid:601993,crmid:3707586605,4,4
orderid:845996,crmid:2805851906,4,2
orderid:677332,crmid:2708709181,6,4
orderid:990468,crmid:8290435633,4,4
orderid:430848,crmid:8086902092,3,1
orderid:700130,crmid:5226337083,5,3
orderid:188032,crmid:2606916512,3,3
orderid:632508,crmid:8149293806,3,6
orderid:753628,crmid:3071310569,4,3
orderid:160841,crmid:2148245613,4,4
orderid:234144,crmid:5830774601,4,5
orderid:127893,crmid:9619257178,8,3
orderid:883343,crmid:2974442831,4,5
orderid:597737,crmid:8307504276,5,5
orderid:818989,crmid:3398720351,5,4
orderid:661967,crmid:8698843464,5,6
orderid:833919,crmid:7700673279,4,5
orderid:454610,crmid:2227155711,3,4
orderid:528586,crmid:4292655002,3,3
orderid:909821,crmid:1383854191,5,4
orderid:840605,crmid:4126699951,5,9
orderid:788478,crmid:3195127407,3,4
orderid:408352,crmid:8368395458,3,3
orderid:412586,crmid:4767853642,8,4
orderid:259908,crmid:8551501097,5,5
orderid:242890,crmid:3179808658,4,3
orderid:131468,crmid:9668600071,4,5
orderid:359452,crmid:9117784735,5,5
orderid:483803,crmid:2769775498,2,2
orderid:434189,crmid:3749505407,3,4
orderid:304131,crmid:6848354988,4,3
orderid:124773,crmid:3101748658,4,4
orderid:501774,crmid:5985582807,4,4
orderid:767646,crmid:3472511520,4,4
orderid:469863,crmid:4647520793,8,4
orderid:920770,crmid:8073285448,5,7
orderid:699926,crmid:5292087453,4,7
orderid:264009,crmid:1025458776,5,4
orderid:870612,crmid:2845402326,3,3
orderid:704719,crmid:5088913252,4,4
orderid:411886,crmid:9410980285,5,2
orderid:473759,crmid:9937102622,3,9
orderid:319488,crmid:9395176864,3,4
orderid:745614,crmid:9224990880,6,4
