crmid,email,first_name,last_name,gender,mobile telephone,city,country,zip,state,street address,birthday,creditrating
crmid:6883527776,derates1915@gmail.com,Deon,Christian,,988-714-6423,Hastings,United States,69417,West Virginia,1231 Guerrero,1970-11-30,1590
crmid:2450724901,espied1894@outlook.com,Sol,Cortez,,395-728-0609,Waynesboro,United States,52310,Hawaii,908 Morning Glory,1965-05-18,2117
crmid:5590086517,trickiness1911@yandex.com,Anibal,Washington,,083-517-8469,Kenosha,United States,10701,Indiana,680 Bergen,1977-02-17,1130
crmid:4294644152,annale2044@outlook.com,Domingo,Wilkerson,,391-129-6106,Maple Heights,United States,35915,New Mexico,665 Brussels,1986-05-28,1064
crmid:9595938459,invised1978@outlook.com,Wilfredo,Maxwell,,284-962-8729,Woodridge,United States,30076,Pennsylvania,1359 Wildwood,1979-12-02,2722
crmid:7864946674,zooks1827@outlook.com,Merlin,Colon,,898-175-7380,Virginia Beach,United States,31812,Arkansas,664 Alvarado,1978-01-04,2834
crmid:9514613928,snarling1891@live.com,Clair,Bradshaw,male,917-765-6600,Brookings,United States,09396,Iowa,671 Entrada,1942-02-03,2010
crmid:5713013024,tartanas1891@outlook.com,Genny,Koch,female,772-165-8342,North Lauderdale,United States,68545,Oregon,956 Executive Park,1998-11-18,906
crmid:7489371441,definitised2055@gmail.com,Dan,Simpson,male,730-207-6511,Canton,United States,88772,South Carolina,102 Newhall,1944-02-27,356
crmid:1372657372,basco1911@yandex.com,Reynaldo,Chambers,male,708-906-9941,Allentown,United States,47827,Arkansas,703 Belle,1931-08-06,1128
crmid:8793316775,julienite1954@live.com,Monty,Dillard,,803-639-9721,Modesto,United States,73448,New Hampshire,122 Ramona,1992-12-01,1546
crmid:8720920241,downbeat1815@live.com,Antone,May,,925-615-8608,Millville,United States,36543,Alaska,954 Cadell,1991-06-08,1114
crmid:5025643439,walrus1803@yahoo.com,Solomon,Hewitt,male,387-145-5992,Pine Bluff,United States,04063,Utah,272 Flood,1934-09-14,580
crmid:7962095225,dove1809@yahoo.com,Herman,Booth,male,459-809-0025,West Sacramento,United States,52990,Massachusetts,146 Pioche,1999-02-09,1648
crmid:7962854923,analogue1923@live.com,Emil,Hebert,,363-332-2320,Rogers,United States,48131,Wisconsin,92 Paulding,1992-10-27,1113
crmid:4571107457,purdah1875@live.com,Lenny,Mcbride,,957-556-5329,Kirkwood,United States,76062,Minnesota,816 Woodside,1978-12-20,923
crmid:9832679807,arctalian1873@yahoo.com,Lemuel,Berry,male,820-340-3816,Carlsbad,United States,33182,Alabama,724 Magellan,1944-06-03,1591
crmid:2466566885,magirologist1974@gmail.com,Tommie,Ayala,,047-372-7746,Hallandale Beach,United States,11900,Michigan,275 Attridge,1969-03-28,2714
crmid:8405659758,sulcate1882@gmail.com,Karey,Guerrero,female,940-726-7847,New Port Richey,United States,62013,Mississippi,56 South Hill,1996-10-08,720
crmid:7379131993,veining2040@yahoo.com,Yuko,Fuller,female,555-151-5239,Elk Grove Village,United States,53455,North Dakota,291 Lessing,1959-09-10,1092
crmid:3607225463,dairylea1976@gmail.com,Ralph,Beach,,411-465-1452,Hoover,United States,88679,New Jersey,234 Bernice,1973-12-29,1847
crmid:8401947807,sapid2024@gmail.com,Reed,Mason,male,392-467-0074,Bell Gardens,United States,95049,Illinois,1307 Park,1937-08-18,999
crmid:4132294748,brabblingly1911@live.com,Cyrstal,Le,female,448-292-4858,Corpus Christi,United States,14994,New York,575 Turk,1951-02-17,1646
crmid:4306184457,ablution1908@yahoo.com,Shelton,Rocha,male,125-987-8100,Cape Girardeau,United States,53757,North Carolina,1164 Lomita,1944-09-25,1633
crmid:1382117586,dhole1917@yandex.com,Adan,Newman,male,357-523-5980,Abilene,United States,80632,Massachusetts,161 Terrace,1930-12-01,522
crmid:3531366831,palesman1891@yahoo.com,Alden,Barton,male,834-134-7323,Carol Stream,United States,00007,New Mexico,1189 Clarence,1944-01-02,2495
crmid:5057679836,astomia1845@yahoo.com,Tamesha,Sloan,female,582-697-4385,Draper,United States,43058,Kansas,1282 Terra Vista,1955-08-27,2429
crmid:3208499046,avgas2020@live.com,Lupe,Brewer,,916-759-1870,Ramsey,United States,30708,Illinois,1220 Redwood,1973-09-02,2786
crmid:7333189892,cocker1884@yandex.com,Merle,Carroll,male,001-103-6773,Albert Lea,United States,91736,South Carolina,1097 El Polin,1931-07-05,1213
crmid:4418275547,loupes1944@live.com,Oliver,Boyle,,138-310-1771,Rolla,United States,64565,Colorado,1328 St. Paul Street-Calvert,1982-10-17,1398
crmid:5761387936,deaved1841@outlook.com,Rickey,Best,male,219-023-1259,Norfolk,United States,60049,Louisiana,249 Ford,1998-12-27,617
crmid:9027090129,peninsulas1977@yandex.com,Page,Banks,female,545-750-8814,El Reno,United States,94929,Oregon,934 Minnesota,1958-10-13,1737
crmid:7771898472,sledged1955@live.com,Jon,Morton,,885-680-6394,Godfrey,United States,24934,Maryland,145 Boylston,1966-05-15,1007
crmid:1559985227,recycled2037@outlook.com,Eugenio,Barnes,,660-124-1615,Minneapolis,United States,32075,New Jersey,1310 Toland,1991-07-01,2914
crmid:1354742339,murras1996@outlook.com,Loralee,Russo,female,760-589-0172,El Cerrito,United States,39728,Colorado,1124 Juniper,1958-06-26,2424
crmid:2814765108,allard2015@outlook.com,Deandra,Patrick,female,711-137-2637,Donna,United States,96613,Idaho,1166 E,1955-02-23,1598
crmid:9624514162,cruth2023@outlook.com,Lisha,Wilkinson,female,377-517-8318,Conway,United States,35543,Kentucky,1196 Croaker,1950-05-31,2888
crmid:6767431979,basset1814@yandex.com,Love,Hardin,female,190-014-3124,Downey,United States,38205,Georgia,1378 Bonnie Brae,1955-06-13,1529
crmid:6658572976,unknots2037@yahoo.com,Shoshana,Sykes,female,418-956-7481,Raytown,United States,24278,Nebraska,278 Ney,1957-08-28,902
crmid:8891685737,carapo1872@yahoo.com,Elayne,Wheeler,female,139-833-5374,Tualatin,United States,91618,Connecticut,1209 Lockwood,1956-03-31,2048
crmid:2691538205,galago1989@yahoo.com,Mitch,Hunter,male,542-575-4181,Alabaster,United States,74935,Nebraska,1088 Garfield,1930-07-15,2934
crmid:3315019559,atwood2007@live.com,Ardelle,Richard,female,432-506-4230,Sidney,United States,97904,Montana,10 Rockland,1953-01-24,2516
crmid:2968275533,cambrian2015@yandex.com,Lera,Byers,female,859-468-8679,Parma Heights,United States,73719,Nebraska,734 Patterson,1952-05-04,1836
crmid:6688591282,disquantity2056@gmail.com,Noel,Cantu,male,958-414-5890,Atascadero,United States,40559,Delaware,537 Schofield,1934-07-05,1288
crmid:6562858146,antdom2014@gmail.com,Kermit,Hunter,,968-217-5896,Morgantown,United States,45406,Colorado,1326 Jones,1993-07-11,1843
crmid:6071825733,claval2005@yandex.com,Jeffery,Pierce,,096-069-6629,Opelousas,United States,53806,Maine,1237 Ewer,1998-06-17,1161
crmid:8591139202,decertation1897@outlook.com,Kip,Figueroa,,219-603-8632,Nacogdoches,United States,42363,Minnesota,423 Laguna Honda,1995-08-12,2245
crmid:2547467726,chechen2032@yandex.com,Eusebio,Cole,,229-397-1402,Middletown,United States,27117,Florida,498 Safira,1990-05-23,337
crmid:8320243150,shortcake1907@gmail.com,Dennis,Barker,,815-566-0251,Glenview,United States,25891,Alabama,429 Surrey,1966-04-27,2885
crmid:1711630321,coeval2002@live.com,Ronald,Cherry,male,707-053-4868,Atlantic City,United States,81037,Wisconsin,113 Juri,1934-08-06,574
crmid:1208538175,electropsychrometer2046@yahoo.com,Napoleon,Moody,male,343-724-2754,Brighton,United States,64309,South Carolina,983 Montalvo,1941-10-21,2745
crmid:3154459440,arbacia1967@gmail.com,Glinda,Reynolds,female,553-478-8591,Cerritos,United States,10614,Hawaii,1189 Newell,1946-03-24,2422
crmid:5411338787,elastica1821@gmail.com,Ross,Duran,,462-715-8916,Juneau,United States,99027,Kentucky,1222 Cargo,1976-10-31,2317
crmid:4976522211,dove2062@live.com,Danika,Andrews,female,703-197-0756,Deer Park,United States,18033,Massachusetts,957 Mary,1953-02-01,867
crmid:5551642167,upaithric1949@yandex.com,Lane,Branch,male,005-467-2106,Carteret,United States,39137,Delaware,925 Toll Plaza Tunnel,1944-06-04,2109
crmid:3385099228,glassware2041@yandex.com,Joel,Scott,male,768-417-4776,Mustang,United States,70841,Missouri,239 High,1995-01-10,1906
crmid:8569471228,mocha1827@outlook.com,Chad,Navarro,male,095-543-5003,Shelbyville,United States,16300,Tennessee,1067 Willow,1944-02-21,945
crmid:6097380884,crankless1829@yandex.com,Darren,Crane,,574-718-0886,Yorba Linda,United States,69791,Hawaii,826 Blanche,1967-03-23,1359
crmid:6830509643,beograd1954@gmail.com,Luba,Conner,female,425-005-3502,Starkville,United States,87110,Rhode Island,758 Levant,1947-06-07,878
crmid:2136387206,cudden2037@yandex.com,Hipolito,House,,372-781-9169,Leavenworth,United States,29477,Vermont,1172 Harkness,1981-05-14,887
crmid:8859457254,guars2047@live.com,Norris,Hodge,,345-450-7235,Morristown,United States,81448,New Mexico,175 Mulford,1993-07-04,431
crmid:6754366401,became1943@outlook.com,Siu,Graves,female,100-437-1411,Elizabeth,United States,45210,Alaska,859 Palos,1958-08-12,1888
crmid:7818093955,distances1829@yandex.com,Prince,House,male,016-543-4918,Roselle,United States,04400,Connecticut,1382 Marengo,1935-08-14,474
crmid:2604053813,anything1910@gmail.com,Harry,Zimmerman,,327-651-6835,Inglewood,United States,86199,Indiana,667 Cyrus,1974-02-21,1589
crmid:3529102556,obscenity1872@yandex.com,Christoper,Park,,682-497-1643,Fond du Lac,United States,33569,Texas,968 Delano,1962-06-12,2637
crmid:7771903813,ignatian1971@outlook.com,Anton,Prince,male,603-580-5502,San Benito,United States,50663,South Carolina,115 Hearst,1997-02-01,2479
crmid:6780568999,intact1915@yandex.com,Carson,Beasley,,290-986-1555,Flagstaff,United States,19978,West Virginia,523 Fountain,1962-03-14,2845
crmid:9065826829,antagonizing1981@outlook.com,Virgilio,Barber,,397-237-5617,Zanesville,United States,28622,Virginia,72 Woodside,1963-10-23,1356
crmid:5056523888,bloodlessly1910@yahoo.com,Carol,Williams,male,851-473-9596,Palatine,United States,70384,Indiana,1359 Watchman,1939-02-11,2256
crmid:8147107759,thanking1843@yahoo.com,Von,Bolton,,561-324-1872,Morgantown,United States,97720,Idaho,1193 Carnelian,1993-11-23,1463
crmid:5472250575,aberrant1850@outlook.com,Irwin,Zimmerman,male,463-118-0971,Burien,United States,25046,Minnesota,385 Watchman,1942-05-20,1876
crmid:7832611901,bigots1992@outlook.com,Guadalupe,Pugh,,605-558-1529,Hobbs,United States,60263,Illinois,56 Quane,1972-10-07,1661
crmid:4274868329,espriella1985@gmail.com,Manual,Abbott,,419-286-4761,Lancaster,United States,85904,West Virginia,394 Mount Vernon,1980-05-19,2337
crmid:8216037317,daisi2024@gmail.com,Joesph,Hanson,male,524-987-7572,Auburn Hills,United States,30452,New Mexico,1297 Amazon,1934-05-13,2724
crmid:7337470660,onomatopoeia2004@live.com,Lilliam,Mccray,female,114-570-5186,South Jordan,United States,65765,Louisiana,404 Parque,1999-04-25,1140
crmid:9331151614,insuree2031@live.com,Vito,Graham,male,969-941-3903,Berwyn,United States,85449,Vermont,360 Coleman,1938-11-19,390
crmid:5108186265,anaconda1914@live.com,Huey,Gordon,,079-049-2645,Walker,United States,40273,Vermont,180 Grenard,1984-06-01,344
crmid:4912869601,caprice2029@gmail.com,Tyson,Murphy,,049-864-0383,North Augusta,United States,91525,Colorado,1036 Rossi,1998-07-06,1399
crmid:9754804866,comfit1818@outlook.com,Rigoberto,Stokes,male,016-055-8463,Pleasanton,United States,04500,Connecticut,1350 Truett,1939-11-16,1964
crmid:6010137670,boredoms1843@live.com,Stefan,Moon,,802-889-7802,Las Vegas,United States,58995,New Mexico,174 Del Monte,1981-09-27,1188
crmid:3604686472,hangfire2052@yandex.com,Chet,Osborne,,177-408-7806,Ferguson,United States,39666,New York,305 Walker,1962-06-15,2647
crmid:9552365397,astoria1847@gmail.com,Xavier,Huff,,276-454-0487,Meriden,United States,55749,Virginia,665 Cervantes,1989-10-06,1692
crmid:1504551617,guernsey1890@live.com,Jonas,Harmon,,304-617-6151,Janesville,United States,94963,Nevada,363 Northgate,1975-08-11,1396
crmid:1760048918,beaverish1908@yahoo.com,Lenard,Wooten,,734-716-1375,Paducah,United States,71938,Massachusetts,1350 Wisser,1966-03-06,2559
crmid:3991645294,eyeball1942@outlook.com,Maisha,Ayers,female,589-317-7459,Covington,United States,90129,Indiana,783 John Maher,1951-06-01,1851
crmid:4515747836,bullhorn2029@yahoo.com,Edmond,Simpson,male,234-355-8451,Castle Rock,United States,12517,New Hampshire,679 Laguna Honda,1945-03-27,1887
crmid:9282509194,coppered1822@live.com,Clyde,William,,261-735-4164,Hanover Park,United States,11716,Kentucky,604 Beale,1969-02-23,840
crmid:8583563296,chroococcaceous1996@yandex.com,Wally,West,,579-279-8966,Greensboro,United States,86169,New Mexico,961 Old Harford,1968-04-20,2935
crmid:7450443161,speechlessly2024@yahoo.com,Antony,Chang,male,999-956-9225,Bradenton,United States,61368,Vermont,1078 Winthrop,1941-10-01,2562
crmid:3577618524,parietals1985@gmail.com,Darell,Hobbs,,967-129-8428,Howard,United States,67970,South Carolina,311 Lippard,1973-12-23,1311
crmid:4156312714,waddie1901@live.com,Alan,Mcdaniel,,947-065-9114,Kinston,United States,74175,Georgia,886 Fremont,1978-12-31,1015
crmid:4405335058,dinny1830@yandex.com,James,Atkinson,,738-308-0892,West Bend,United States,93528,California,243 Bonita,1962-07-30,650
crmid:1430262722,deflatable1845@yandex.com,Kraig,Conner,,521-806-5740,Lufkin,United States,50310,Pennsylvania,1336 Graystone,1985-09-09,999
crmid:1921013001,berkowitz1918@yandex.com,Glynda,Palmer,female,741-564-8015,Oviedo,United States,21964,Alaska,570 Sloat,1960-12-06,2920
crmid:5626162872,exceedingly2051@outlook.com,Burl,Peck,male,719-624-3572,Arroyo Grande,United States,05997,Delaware,1260 Lower,1934-02-23,471
crmid:3740412566,minning1800@live.com,Arnoldo,Haynes,,975-609-1512,Haverhill,United States,60363,Montana,3 San Bruno,1970-11-27,2700
crmid:1099084611,dorsal1947@yahoo.com,Doug,Graves,,283-689-2624,Monroe,United States,95363,Maine,724 Laguna,1992-07-20,2887
crmid:3336043367,debased1889@gmail.com,Laila,Campbell,female,149-061-5218,Duncanville,United States,61911,Nevada,1165 Hobart,1956-11-09,566
crmid:4426449866,unpurchasable1961@yahoo.com,Jermaine,Summers,male,429-959-4260,South El Monte,United States,02234,Maine,425 Brighton,1940-10-10,2693
crmid:3003674799,divergence1909@live.com,Justin,Curry,,978-491-1884,Strongsville,United States,24346,Montana,361 Desmond,1962-08-16,846
crmid:5861811488,caridean1917@outlook.com,Hans,Floyd,,903-190-5554,Modesto,United States,84092,Nevada,701 Hamilton,1992-12-14,1763
crmid:7328218679,electrified2045@outlook.com,Trent,Duran,,023-523-6268,Fort Worth,United States,99059,Massachusetts,28 Shipley,1963-01-04,736
crmid:7047286200,ecocide2042@outlook.com,Brice,Castillo,,569-495-1466,Ocoee,United States,77206,Nevada,1103 Seminole,1964-07-09,2978
crmid:6686761738,compassionless1993@yandex.com,Wayne,Dominguez,male,806-075-3418,Bridgeport,United States,51779,Alabama,80 Nantucket,1941-10-08,1594
crmid:6563391661,celsitude2069@outlook.com,Anja,Cummings,female,896-282-9486,Durant,United States,05758,Tennessee,912 Lake,1956-01-07,2527
crmid:2815623149,upseek1929@outlook.com,Yen,Mueller,female,955-104-5378,Paradise,United States,95529,Oregon,1150 Sawyer,1947-09-21,2238
crmid:6158821542,orbitar1943@gmail.com,Pierre,Perez,,963-389-3582,Wylie,United States,40849,Arkansas,575 Monte Vista,1985-01-02,988
crmid:4120935350,nonincriminating1852@live.com,David,Walton,male,116-988-6822,Arnold,United States,14711,Florida,123 Dudley,1933-03-30,2114
crmid:8914071140,chien2004@yandex.com,Joseph,Bolton,,085-150-2789,Yucaipa,United States,36504,Montana,145 Rockridge,1974-06-21,310
crmid:5805531701,millistere2039@outlook.com,Marisha,Sandoval,female,352-293-9109,Costa Mesa,United States,39616,North Dakota,546 Signal,1951-06-26,678
crmid:4439157066,eightsman1869@gmail.com,Tracey,Sanford,,721-067-8384,Goshen,United States,66897,Delaware,1361 Dashiell Hammett,1967-10-14,679
crmid:6548366252,beatitudes2021@outlook.com,Elliott,Pratt,male,409-928-4753,Oak Ridge,United States,88750,Maryland,91 Bayside,1942-03-24,1508
crmid:1359761328,sewings1893@yandex.com,Hershel,Reese,male,261-980-3840,Bixby,United States,87512,South Dakota,240 Rebecca,1939-05-24,2006
crmid:3029883387,periodontology1932@yahoo.com,Enoch,Lambert,,155-518-5820,Ponca City,United States,79331,Maine,529 Mason,1975-01-12,1701
crmid:7540075226,oxymomora1920@outlook.com,Billy,Williams,,033-110-0716,Kinston,United States,98750,Utah,716 Wawona,1978-01-29,959
crmid:9477379564,panthers1842@live.com,Avery,Clements,male,474-754-4138,Arcadia,United States,81749,Colorado,863 Junior,1933-01-06,2054
crmid:1339883850,oxalates2055@outlook.com,Irvin,Shannon,male,174-308-6140,Brockton,United States,72649,Vermont,369 Ewer,1941-05-27,555
crmid:9514835530,bepimpling2001@yandex.com,Fausto,Norris,male,257-459-7460,Caldwell,United States,26665,Indiana,121 Selby,1943-04-22,2223
crmid:9513847033,burlie1965@yahoo.com,Buford,Zamora,male,644-822-5587,Algonquin,United States,03696,Nebraska,965 Ofarrell,1931-02-12,527
crmid:8419411657,assistency2037@yahoo.com,Ron,Weaver,,610-189-2496,Miamisburg,United States,61491,North Carolina,1187 Daniel Burnham,1990-11-12,2558
crmid:1827446070,cholones1924@gmail.com,Mickey,Osborne,,666-383-1524,Havelock,United States,82269,Kansas,1279 Mendosa,1970-10-08,2645
crmid:8596464833,enneateric1980@yandex.com,Aleisha,Cabrera,female,047-345-1041,Tulare,United States,11002,Wisconsin,735 Valmar,1953-01-05,1780
crmid:2450915594,europeanization2052@outlook.com,Lemuel,English,,595-312-9942,Ossining,United States,24375,New York,1073 Rivoli,1967-02-16,1153
crmid:5448026346,comfit1819@live.com,Byron,Puckett,male,826-817-4403,San Rafael,United States,67088,Arizona,1000 Horace,1937-02-24,2517
crmid:1200916046,clink1895@yahoo.com,Refugio,Delaney,male,644-805-6315,Brooklyn Center,United States,86231,Texas,993 Crane,1942-11-15,311
crmid:5399338192,antinome1987@yahoo.com,Ossie,Mosley,female,378-744-4198,South Gate,United States,23253,New Hampshire,824 Lois,1959-07-21,848
crmid:2064043845,porcupine1992@gmail.com,Rory,Adkins,male,400-957-1131,Bell,United States,40947,Georgia,702 Berry Extension,1937-08-01,1666
crmid:1699373560,zaffre1868@live.com,Moses,Hoffman,,743-468-2995,LaGrange,United States,43431,Wisconsin,617 Shannon,1979-08-27,1922
crmid:2584123529,jebus1895@yahoo.com,Lucilla,Avila,female,137-636-4232,San Mateo,United States,56104,Iowa,972 Codman,1998-10-18,788
crmid:1507345899,visionariness1801@yahoo.com,Brendon,Chambers,male,294-791-9892,Alliance,United States,81784,Alabama,387 Hallam,1931-02-06,2743
crmid:7911614351,achromic1853@yahoo.com,Louie,Jacobs,,561-153-2397,Lake Havasu City,United States,70849,Connecticut,1165 Sutter,1980-12-09,513
crmid:9473330936,mesovaria1917@yandex.com,Mitchell,Long,male,451-070-9837,Tracy,United States,54169,Nevada,585 Stoneridge,1994-01-14,2581
crmid:7633063597,bonita2027@gmail.com,Alva,Knight,,202-629-8802,Kaysville,United States,97280,Delaware,912 Meacham,1976-07-26,547
crmid:8614980099,embrothelled1802@live.com,Elden,Nunez,,742-038-3578,Green Bay,United States,51140,Colorado,188 Pino,1968-09-03,390
crmid:7341499598,pyrrhic2011@yandex.com,Ben,Cherry,male,472-244-0328,Battle Ground,United States,91910,Oklahoma,455 Reardon,1936-01-06,832
crmid:5151346967,chanson2004@yahoo.com,Richard,Villarreal,,734-942-9905,Paso Robles,United States,35462,Montana,1226 Thorp,1978-06-19,1525
crmid:8412411296,peachen1842@gmail.com,Demetrius,Stafford,,766-762-4405,Martinez,United States,10800,South Carolina,1383 Orange,1987-02-08,2716
crmid:4535732021,areito1815@yahoo.com,Leon,Carter,male,697-984-9763,Altamonte Springs,United States,91399,Washington,1274 Octavia,1931-06-05,1366
crmid:2195379829,celsius1928@yahoo.com,Hilton,Bullock,,205-618-5403,Jacksonville Beach,United States,63957,Kentucky,580 Columbus,1975-11-29,1440
crmid:6486920567,rauwolfia1893@outlook.com,Lewis,Stein,male,020-326-0119,Anaheim,United States,35102,Arkansas,749 Water,1932-06-28,1060
crmid:4752986347,thoughtfree1924@outlook.com,Myesha,Mcdaniel,female,050-173-2268,East Palo Alto,United States,63571,Colorado,79 Willard,1957-11-13,396
crmid:5472679223,botanical1804@outlook.com,Dusty,Vazquez,female,895-974-6071,Westland,United States,52951,Nebraska,724 Stonecrest,1999-10-07,1414
crmid:7320168525,bottlefeed1816@yahoo.com,Calista,Sutton,female,148-310-5370,Rancho Cucamonga,United States,60286,North Dakota,920 Edgar,1958-01-28,2639
crmid:3871437309,leesing1850@outlook.com,Carolin,Hess,female,484-404-1511,Coronado,United States,09804,Iowa,1389 Sternberg,1951-02-14,659
crmid:4734220694,buckhorn1875@gmail.com,Julian,Lucas,,196-808-1016,Kirkwood,United States,60956,Kansas,1342 Divisadero,1978-11-27,2970
crmid:7028971290,enkidu1855@yandex.com,Despina,Steele,female,004-045-7914,Rockford,United States,91110,Alaska,902 Grand View,1960-02-28,1845
crmid:5943365018,recreations2069@outlook.com,Owen,Richards,,134-163-9351,Madera,United States,48495,Connecticut,872 Manchester,1985-07-19,1428
crmid:2502351545,dislimns2037@yahoo.com,Emil,Buckley,,579-841-2736,Sikeston,United States,28901,Maine,135 San Ramon,1967-06-21,1528
crmid:8247508306,creecy1952@gmail.com,Idell,Powers,female,193-766-4187,Dunedin,United States,29026,Indiana,712 Loehr,1956-04-24,2100
crmid:2799189951,aldols2043@yahoo.com,Eloy,Reyes,,234-229-8501,Grand Junction,United States,22878,New Mexico,426 Zeno,1967-04-25,1479
crmid:6015481117,neuropathical2033@live.com,Roderick,Keller,,399-111-8294,Lake in the Hills,United States,22444,New Hampshire,284 Mary,1980-04-04,645
crmid:3094215647,alveolarly1979@yahoo.com,Donovan,Bean,male,030-247-1375,Warwick,United States,61330,Wisconsin,187 Montgomery,1938-03-02,414
crmid:4207084832,camata1929@yahoo.com,Davis,Carlson,,051-505-7911,Lisle,United States,11174,Kentucky,1139 Carolina,1983-02-20,2143
crmid:7616585754,petal1947@live.com,Magen,Casey,female,092-640-6050,South Pasadena,United States,65395,Utah,417 Boardman,1997-03-11,911
crmid:8482154283,erminia1944@gmail.com,Malka,Dunn,female,156-681-5180,Temecula,United States,53990,Maine,246 Lockwood,1959-06-09,1782
crmid:5683005510,hoising1829@yahoo.com,Erwin,Rosario,male,997-893-6185,Snellville,United States,78720,Minnesota,582 Mariposa,1943-04-25,1468
crmid:2037815476,baboonery1839@gmail.com,Joe,Wilkins,,079-309-8910,Leavenworth,United States,56813,Colorado,415 Cabrillo,1981-09-11,326
crmid:8927711795,brewages1989@live.com,Forest,Reilly,,401-759-8691,Fridley,United States,33792,West Virginia,164 Pilgrim,1964-07-10,1762
crmid:8254783223,consecrating1898@live.com,Evelyne,Bridges,female,959-223-6679,San Leandro,United States,52132,Washington,1053 Arco,1960-12-06,1994
crmid:6013490201,prune1989@outlook.com,Augustus,Padilla,,044-986-2203,Godfrey,United States,45765,Mississippi,1301 Avenue Of The Palms,1966-08-09,715
crmid:7636314017,minima1815@outlook.com,Carlos,Freeman,female,352-203-4958,Pinellas Park,United States,13585,Alaska,684 Severn,1946-02-10,2363
crmid:7805662204,subinferred1845@outlook.com,Armando,Sosa,,095-384-9793,Sugar Hill,United States,79717,Tennessee,181 Gaviota,1967-10-23,579
crmid:5047440422,didine1835@gmail.com,Broderick,Montgomery,male,494-602-5286,Bozeman,United States,08199,California,966 Seawell,1940-02-20,389
crmid:4644184268,prussic2019@outlook.com,Chong,Rice,,316-089-1336,Stanton,United States,67376,North Carolina,1145 Century,1982-07-26,2128
crmid:7994304989,eruditeness2039@live.com,Roy,Simmons,male,405-041-5657,Westlake,United States,74459,New Jersey,961 Holly,1936-08-27,1781
crmid:7663494691,halbert1921@outlook.com,Samual,Wolfe,,931-209-8823,Plainfield,United States,87379,Alaska,907 Hazelwood,1964-06-16,1689
crmid:9119164747,wildebeest1986@gmail.com,Jefferson,Booth,,125-624-5894,Queen Creek,United States,61960,South Dakota,1069 Avalon,1987-03-18,1230
crmid:6461077628,crux1820@live.com,Alfredo,Long,,946-397-0400,Hanover Park,United States,67708,North Dakota,554 Sharp,1969-11-03,2136
crmid:9351874049,artemis2009@yahoo.com,Carmine,Hicks,male,033-594-9356,Youngstown,United States,90024,Alaska,667 Music Concourse Access,1997-01-25,518
crmid:7048911422,assailants1815@yandex.com,Parker,Parks,,338-755-5208,Kinston,United States,96866,Hawaii,170 Otsego,1978-05-23,1264
crmid:4333347621,emerized2052@outlook.com,Diego,Moran,male,456-560-9357,Alameda,United States,15445,Rhode Island,1163 De Long,1930-03-21,1221
crmid:8576940767,dazing1928@live.com,Denita,Rice,female,448-851-4495,Fairhope,United States,67184,Nevada,953 Portola,1961-10-04,2766
crmid:6367152048,metalsmith1929@live.com,Aldo,Spears,,206-616-1214,Lowell,United States,16990,Nebraska,2 Houston,1984-04-28,1186
crmid:4525299447,aggregat1853@outlook.com,Richard,Reeves,,828-052-0944,Rocky River,United States,65956,West Virginia,214 State,1990-10-03,2343
crmid:4763045715,underproduction2041@yahoo.com,Mac,Schultz,,853-539-7319,La Porte,United States,01839,Alaska,562 Sears,1979-01-10,1825
crmid:5605750974,abnormal1857@yandex.com,Augustus,Frank,,341-020-6946,Fishers,United States,74639,Delaware,761 Van Keuren,1962-12-06,1943
crmid:3181031855,troutiest2062@outlook.com,Fabian,Rivera,,210-724-3729,Littleton,United States,08877,Maine,552 Third,1983-01-31,2138
crmid:3694242005,nappy1823@outlook.com,Ping,Velez,female,198-575-6488,Virginia Beach,United States,14531,Mississippi,374 Walbridge,1946-10-14,1502
crmid:9263492387,abominable2026@yandex.com,Clorinda,Sears,female,549-815-3976,Corcoran,United States,60179,Louisiana,959 Touchard,1950-11-19,2192
crmid:6833888352,hemistater2026@gmail.com,Teodoro,Buckner,,661-644-4939,Henderson,United States,40891,Massachusetts,1116 Rock,1971-07-23,1749
crmid:2459060186,hoddens1885@yandex.com,Louvenia,Vega,female,117-441-2719,Cicero,United States,68981,Tennessee,577 Everglade,1947-11-20,728
crmid:5132176214,unlimned1974@yandex.com,Weston,Blackwell,,894-320-5176,Huntley,United States,07079,Michigan,975 Junior,1974-01-01,623
crmid:4997678299,manning1954@gmail.com,Milagro,Morin,female,450-763-2960,Coalinga,United States,38350,California,1332 Attridge,1948-06-21,2671
crmid:9906243050,ambivalent1815@gmail.com,Darron,Shelton,,378-668-6589,Hannibal,United States,60784,Alaska,841 Old Mason,1969-10-31,878
crmid:7254968295,bedlamite1986@outlook.com,Randell,Benton,,467-320-8331,Garland,United States,74402,New Jersey,499 Southwood,1965-12-11,363
crmid:4576476020,detin1960@yandex.com,Ken,Key,,671-472-7208,New Brunswick,United States,91749,Massachusetts,1132 Lick,1996-07-04,1310
crmid:8548235107,arleng1958@yandex.com,Pasty,Garrett,female,351-443-2700,Eastlake,United States,41533,North Dakota,280 West Portal,1957-07-11,586
crmid:6951292331,pecky1895@yandex.com,Isaiah,Best,male,982-625-0132,Spokane Valley,United States,92219,Alaska,1399 Inverness,1936-05-03,1238
crmid:8462041829,gibed1858@outlook.com,Ezekiel,Francis,,725-907-4828,Los Angeles,United States,65362,Indiana,460 Commercial,1984-11-27,1286
crmid:9282294851,aeschylus1961@outlook.com,Justin,Brennan,,813-706-1220,Rockville,United States,59373,Connecticut,646 Cranleigh,1999-12-31,2008
crmid:6923846960,wakened1978@yandex.com,Donn,Snow,,653-548-3571,Mission,United States,51398,Florida,716 Greenview,1991-10-05,1875
crmid:1083250532,armadillo1827@yahoo.com,Vena,Hudson,female,191-988-8255,Parker,United States,24285,North Dakota,19 Concourse,1960-09-15,1658
crmid:6729597210,berthe1936@outlook.com,Dee,Holden,,484-773-1650,Paterson,United States,48084,Ohio,548 Hahn,1993-01-02,324
crmid:8121003082,woodcock2062@yandex.com,Craig,Valencia,male,683-761-3664,Altoona,United States,88275,South Dakota,29 Oak Park,1932-02-29,552
crmid:8654017443,phies1844@yahoo.com,Rudolf,Fisher,male,212-139-1497,Upper Arlington,United States,02787,Colorado,783 Greely,1936-08-10,2952
crmid:2366140627,ragger2028@live.com,Matthew,Snow,male,771-369-1664,Apopka,United States,68647,Montana,616 Crown,1933-11-13,1093
crmid:8198871949,downless1806@live.com,Osvaldo,Wolfe,,775-896-6611,Michigan City,United States,25940,Washington,960 Keppler,1990-04-18,1810
crmid:5687439878,dyslogistic1893@live.com,Grover,Hicks,,033-759-7643,Urbandale,United States,71877,Kansas,881 Pino,1986-02-22,603
crmid:2480988374,nonscraping2060@yahoo.com,Vicente,Matthews,male,199-068-5981,Burleson,United States,52751,South Dakota,1243 Capen,1943-09-18,1392
crmid:2564419610,pleiocene1883@outlook.com,Blaine,Dawson,,105-140-5706,McMinnville,United States,12051,Connecticut,1048 Alpine,1988-03-26,664
