crmid,email,first_name,last_name,gender,mobile telephone,city,country,zip,state,street address,birthday,historicalpoints
crmid:7901493674,slammer2018@live.com,Sung,Collins,,475-856-2641,Saginaw,United States,56536,Kentucky,380 Valerton,1996-10-22,2427
crmid:3640812243,meerkat2030@yahoo.com,Arie,Cervantes,female,313-449-0287,Pinellas Park,United States,50369,Michigan,404 Second,1995-03-01,2958
crmid:9573600853,labiduridae1877@yahoo.com,Tuan,Mendoza,male,265-456-2440,Arcadia,United States,53825,Montana,970 Veterans,1933-09-20,759
crmid:8782488415,saxes2005@live.com,Jasper,Daniels,,300-163-4774,Shelbyville,United States,41268,Oregon,701 Paul,1993-07-05,1932
crmid:6809110538,sexillion1971@yandex.com,Jenell,Fitzgerald,female,247-703-1203,Coronado,United States,29450,Ohio,593 Mabini,1951-04-10,2015
crmid:1397861517,disembroilment2025@yandex.com,Neal,Downs,,300-682-7629,Mesquite,United States,13414,Missouri,44 Kalmanovitz,1990-02-20,1862
crmid:5617071802,adverted1941@live.com,Dean,Lamb,male,065-722-9902,Arcata,United States,14780,Utah,555 Juanita,1933-03-17,2500
crmid:6345288415,clarin1932@yandex.com,Oren,Dickson,,679-787-7067,Hercules,United States,63429,Montana,777 Ingleside,1971-10-07,2883
crmid:4184674281,plotter1880@yahoo.com,China,Bowers,female,571-829-2433,Pleasanton,United States,58939,Utah,1382 Tuscany,1996-03-27,421
crmid:4249215051,skipjack2041@yandex.com,Jerold,Gutierrez,,324-955-7675,Flower Mound,United States,14227,New Mexico,763 Tevis,1962-03-24,1227
crmid:4059412306,bannet2065@gmail.com,Refugio,Gomez,male,893-597-4921,Benicia,United States,47258,Minnesota,1057 Hauser,1938-08-11,2203
crmid:9233537325,empathic1950@gmail.com,Florinda,Christensen,female,473-814-1815,Eastpointe,United States,51085,West Virginia,814 Medau,1957-09-24,2649
crmid:3033170830,capricornus1997@live.com,Katlyn,Waters,female,435-236-7055,New Hope,United States,78279,New Mexico,1162 Loma Vista,1996-12-28,1537
crmid:9581500360,kazatske1818@yandex.com,Bennett,Meadows,,932-430-8993,Grand Prairie,United States,63558,Arizona,512 Lomita,1967-11-26,2081
crmid:1874639779,erection1965@live.com,Moises,Vaughan,male,839-653-9325,Springfield,United States,09037,Missouri,849 Paper,1941-07-29,2610
crmid:8167544370,preatomic2058@yahoo.com,Arlen,Mclean,,697-720-0488,West Chester,United States,56368,South Carolina,165 Lassen,1978-11-22,1026
crmid:4962001429,lieve1903@outlook.com,Vernon,Mccullough,male,610-417-3039,Burien,United States,85771,Virginia,370 Marlin,1942-09-19,1584
crmid:4292835004,comma1802@gmail.com,Cortez,Palmer,,950-138-6879,South Euclid,United States,50066,Vermont,401 Ahern,1985-01-13,460
crmid:4244873916,northeners1879@live.com,Sidney,Merritt,,947-775-7710,Hoboken,United States,72669,New Hampshire,320 Terra Vista,1972-02-10,2871
crmid:1640422749,trypaneidae1838@yahoo.com,Delmar,Snow,male,260-852-1602,Asbury Park,United States,78831,Minnesota,928 Charles J Brenham,1934-12-05,1048
crmid:5422824581,exclude1889@yahoo.com,Gary,Pruitt,,213-684-6163,West Chicago,United States,87572,Tennessee,889 Nido,1976-03-17,2368
crmid:9717102872,undercarter2065@outlook.com,Shakira,Howell,female,463-435-4380,Muskego,United States,65442,North Dakota,902 Main,1994-11-18,693
crmid:8426083896,calcutta1888@yandex.com,Karmen,Cherry,female,261-755-4194,Ventura,United States,16167,Georgia,679 Esmeralda,1946-10-09,2344
crmid:1654989944,ibis1888@live.com,Monty,Leon,,572-226-2072,Maple Heights,United States,52954,Idaho,1065 Julia,1986-09-07,2756
crmid:4394716550,foreordaining1945@yahoo.com,Shelton,Larsen,,062-607-9394,Searcy,United States,25935,Louisiana,65 Kittredge,1966-10-09,1488
crmid:4657257376,tenons2034@live.com,Corey,Travis,,397-618-9636,Hallandale Beach,United States,31894,Missouri,752 Rotteck,1969-06-06,771
crmid:8473790706,einkorn1943@yandex.com,Rutha,Mcgowan,female,075-515-0427,Evanston,United States,89563,Hawaii,1100 Taraval,1960-10-14,758
crmid:7344686962,exceptionalness1898@yahoo.com,Silas,Vincent,male,755-381-4102,Tualatin,United States,09691,Wisconsin,1223 Vicente,1936-09-30,2710
crmid:3380403679,bouzouki1955@yandex.com,Charley,Greene,,640-919-4918,Galveston,United States,33381,Maryland,938 Lee,1965-06-16,353
crmid:3198317532,cavalero1939@outlook.com,Chuck,Roth,,032-917-0527,Surprise,United States,79964,West Virginia,1034 Charles,1996-06-30,1990
crmid:7186975342,anukit1900@yahoo.com,Bettyann,Bentley,female,071-793-4945,Peekskill,United States,10210,Vermont,730 Donner,1948-10-02,1060
crmid:4467166390,antuan1966@gmail.com,Mckenzie,Prince,female,454-987-3118,Edinburg,United States,38034,Rhode Island,130 Roscoe,1958-06-24,2708
crmid:4504584197,nuciculture1970@outlook.com,Camie,Olsen,female,027-602-1645,Euclid,United States,56637,Kentucky,191 Candlestick Cove,1960-09-02,1254
crmid:1082615306,chichi1838@live.com,Sydney,Trujillo,male,100-198-3749,Canton,United States,54877,Ohio,51 Balceta,1944-09-29,624
crmid:9727461681,patter1848@yahoo.com,Luigi,Navarro,,463-276-0371,Sumter,United States,97576,Maine,196 Montcalm,1965-12-02,2423
crmid:8559376729,painterly1921@yahoo.com,Will,Talley,male,487-684-0703,Sterling Heights,United States,08024,Alabama,792 Bay View,1938-10-28,2895
crmid:2721652179,remittances2057@yandex.com,Alphonse,Tucker,,383-947-4151,Gadsden,United States,02877,North Carolina,688 Baldwin,1964-01-07,2136
crmid:2674329157,ch1910@live.com,Carolin,Mclean,female,422-214-2263,Cutler Bay,United States,95784,Maine,507 Manseau,1952-02-19,2669
crmid:8466331772,caboodle1818@live.com,Vanetta,Hughes,female,123-628-7966,Edwardsville,United States,84501,Louisiana,1290 Maddux,1958-09-15,1460
crmid:8035693925,cocoa1986@yahoo.com,Jospeh,Faulkner,,277-375-9488,Livonia,United States,46396,Utah,82 Jerrold,1983-08-10,2748
crmid:9744209749,backspace1835@yandex.com,Arica,Gill,female,952-722-5486,Cupertino,United States,08251,Connecticut,1341 Harrison,1952-01-11,1743
crmid:4375748920,unwistful1835@gmail.com,Shantae,Roberts,female,943-881-6580,Omaha,United States,17724,Hawaii,723 Riley,1951-08-25,1666
crmid:1823022928,panicked1817@live.com,Mario,Weiss,,054-018-0773,Gloucester,United States,01638,New York,67 Baldwin,1966-02-06,2001
crmid:9681101726,syrupy1880@outlook.com,Hunter,Justice,,627-810-2217,Sterling Heights,United States,38074,Virginia,1112 E,1979-03-26,2545
crmid:2631037810,diccon1911@outlook.com,Alvaro,Crosby,,062-918-6636,Grand Junction,United States,15222,California,755 Almaden,1967-03-08,619
crmid:5921587732,nonincriminating1898@gmail.com,Carrol,Nguyen,,740-542-5418,Slidell,United States,30700,Illinois,892 Staples,1973-01-14,1233
crmid:9198039587,biosynthesis1999@outlook.com,Eddie,Larson,,270-913-0231,Lake in the Hills,United States,30775,Oregon,798 Johnstone,1980-06-01,2704
crmid:6366888287,blacktongue1952@yahoo.com,Shane,Mcdonald,female,829-889-1817,Covina,United States,43282,South Dakota,867 Bedford,1951-08-19,1865
crmid:3749862746,aphasiacs1836@live.com,Billy,Hendricks,,627-603-5703,Massapequa Park,United States,88630,Nebraska,145 Crissy Field,1988-08-28,2287
crmid:6382960686,masseurs2061@yahoo.com,Jerold,Greer,male,585-159-2911,Akron,United States,83325,Florida,526 Willie B Kennedy,1930-05-12,2807
crmid:9701420080,morpho1955@gmail.com,Elvin,Bradley,,345-247-9149,Warner Robins,United States,94951,Alaska,676 Liebig,1983-07-31,2400
crmid:4073491902,desiderative1963@outlook.com,Sherilyn,Potts,female,496-458-0735,Coppell,United States,54598,Massachusetts,896 Exposition,1950-10-23,1752
crmid:6477177855,circulate1830@gmail.com,Chester,Gamble,,441-006-1696,Passaic,United States,89803,New York,837 Bonview,1989-01-28,1870
crmid:1807265305,annoying1873@yandex.com,Solomon,Nichols,,657-529-4611,Yonkers,United States,96903,North Dakota,293 Erkson,1998-11-12,1688
crmid:2427521296,contraptious1950@live.com,Aldo,Burnett,,559-814-1936,Ferguson,United States,46416,Maine,817 Wildwood,1962-08-21,1078
crmid:7558826814,unniceness2018@live.com,Harold,Hester,,967-853-5137,State College,United States,46347,Wyoming,1138 Mount Vernon,1992-04-21,832
crmid:5779392569,undistant1963@outlook.com,Leslie,Snow,,562-703-6713,Greenacres,United States,61353,Oklahoma,510 Ignacio,1968-11-09,2782
crmid:1132158458,santalol1914@live.com,Maria,Graham,,866-326-5837,Marshfield,United States,47357,Iowa,829 Alpine,1987-08-18,1190
crmid:7813534673,dunlin2051@outlook.com,Jeremiah,Dean,,183-144-9502,Maywood,United States,39254,Delaware,655 Church,1988-06-07,2125
crmid:1200026036,overdogs2059@live.com,Beatris,Hancock,female,105-184-5483,The Colony,United States,60498,Florida,203 Bocana,1959-01-12,2900
crmid:4247734811,ballers1931@gmail.com,Benny,Gallagher,,725-502-1167,Marina,United States,00309,Oklahoma,595 Kate,1987-02-02,1278
crmid:3417943042,shirtdress1817@yahoo.com,Christoper,Larsen,,390-246-6898,Hagerstown,United States,77503,Arizona,761 Bellevue,1969-12-12,1916
crmid:9327540818,saltworker2007@yandex.com,Darrel,Lindsey,male,401-411-9526,Salinas,United States,51524,Nevada,521 Ceres,1995-02-05,1425
crmid:5490940701,trippet2021@live.com,Brian,Kennedy,female,104-106-9657,Redlands,United States,24779,Illinois,46 Millwright Cottage Access,1958-01-16,1077
crmid:7519375888,bruise1899@outlook.com,Louie,Stafford,,394-633-2700,Gardner,United States,59973,South Carolina,1342 Fort Funston,1965-09-26,1293
crmid:2799982212,avernal1842@gmail.com,Quinton,Hanson,,908-315-0904,Houma,United States,89979,Missouri,287 Bitting,1973-04-30,2034
crmid:7818911474,tipping1935@gmail.com,Darrin,Schmidt,,232-456-7352,Plano,United States,34186,Idaho,88 Jack Micheline,1968-07-16,2900
crmid:9440694527,olm1862@live.com,Santos,Wynn,,672-698-7976,Sammamish,United States,56827,Florida,900 Tacoma,1999-11-19,409
crmid:3057560252,ashore2060@yandex.com,Johnson,Guerrero,male,339-525-8676,Bensenville,United States,73193,Mississippi,1374 The Block,1938-12-10,1772
crmid:9112629630,porpoise1917@live.com,Tory,Spence,,132-775-8923,Mount Vernon,United States,39525,Montana,351 Hangah,1994-07-24,2119
crmid:7577240165,costumes1993@yandex.com,Ralph,Riggs,,765-429-0052,West Allis,United States,36944,Indiana,774 Taraval,1972-11-23,2453
crmid:9135644373,satsumas1964@yandex.com,Mitzie,Whitehead,female,705-162-3624,Covington,United States,99474,Nebraska,166 Washburn,1951-07-31,1089
crmid:3558796285,floods1995@yahoo.com,Lincoln,Santos,male,486-231-4209,Brunswick,United States,87563,Nebraska,77 Plum,1942-06-26,963
crmid:6872582857,palookas2069@outlook.com,Mel,Richard,male,004-732-8740,San Juan Capistrano,United States,63583,Utah,36 Turner,1941-07-24,654
crmid:4427585591,fluxional1850@live.com,Octavio,Barron,,892-016-9862,Miami Lakes,United States,73404,Oregon,176 Chestnut,1990-04-11,2082
crmid:6070635677,angelika1966@yahoo.com,Tammara,House,female,647-350-0404,Clifton,United States,43668,Michigan,1068 Mars,1948-08-14,1097
crmid:7439424014,protocoled2035@gmail.com,Adolfo,Garza,male,648-982-6436,Bell Gardens,United States,00464,Illinois,997 Gaven,1937-01-11,2841
crmid:1682658946,seginus1848@outlook.com,Bradly,Flynn,male,685-646-8373,Broadview Heights,United States,05727,Michigan,1263 Sunglow,1941-01-10,2723
crmid:8838524528,cathole1858@outlook.com,Coreen,Frank,female,845-111-8738,Elk Grove Village,United States,06184,North Carolina,225 Piper,1959-02-10,2791
crmid:5175013720,burel1911@yahoo.com,Francis,Macias,male,766-451-1035,Walnut,United States,75723,Vermont,1168 Golding,1938-12-29,1386
crmid:6490315653,ecocide1880@outlook.com,Jewel,Fitzpatrick,male,293-780-3404,Aiken,United States,92784,Hawaii,506 Hawkins,1930-05-10,2236
crmid:5386811951,leve1878@gmail.com,Merlin,Sanders,,924-359-7984,South Gate,United States,64127,Delaware,313 Craut,1985-10-06,1490
crmid:6888097116,calamine1904@yahoo.com,Logan,Prince,female,540-405-7204,Coalinga,United States,33528,Rhode Island,1008 Severn,1948-05-24,1277
crmid:8582635115,betassel2063@yandex.com,Clyde,Adams,female,960-199-0166,Eau Claire,United States,57058,Oklahoma,152 Morningside,1957-10-22,309
crmid:8292467807,runaround2067@live.com,Zachery,Larsen,male,441-692-0758,Casselberry,United States,54855,Utah,51 Spring,1945-10-17,860
crmid:1424410733,anesthetize2031@yandex.com,Franklyn,Mcclure,,502-077-1111,New Hope,United States,53877,Oregon,861 Greenough,1996-10-17,1854
crmid:9868770795,irregular1868@gmail.com,Mauricio,Knox,,783-997-4251,Roanoke Rapids,United States,54930,Montana,211 Stillman,1986-06-25,1375
crmid:3534738227,tarantas2045@yahoo.com,Mitchel,Woodard,male,448-955-7185,Apopka,United States,42444,North Dakota,1225 Via Bufano,1933-07-31,1396
crmid:2378668284,sucks2057@yahoo.com,Bert,Rosales,male,204-172-8712,Bensenville,United States,77565,North Carolina,521 Golden,1938-12-02,1415
crmid:8086506085,nidus2025@outlook.com,Rochell,Crane,female,751-039-2784,Muskegon,United States,79821,New Hampshire,357 Varney,1994-12-06,2787
crmid:9611854370,crescentia2045@yahoo.com,Luigi,Frank,,259-678-5561,Syracuse,United States,61635,New Mexico,944 Henry Adams,1980-03-17,1666
crmid:1626503556,aurore2070@outlook.com,Katrice,Burris,female,826-285-5225,Coral Springs,United States,25808,New York,553 Trenton,1950-05-04,2607
crmid:9971653927,abstracted1927@outlook.com,Genaro,Carey,male,012-986-9721,Onalaska,United States,79927,North Carolina,1160 Holloway,1940-11-23,1120
crmid:8874214194,dryermen1943@live.com,Duncan,Salas,male,083-666-6889,Pinellas Park,United States,07420,Ohio,577 Mark,1931-03-26,1881
crmid:4871819464,disembroilment2004@gmail.com,Darin,O'connor,male,891-850-3712,Norco,United States,99673,Wyoming,396 Ogden,1998-01-05,609
crmid:1323122002,cricker1884@outlook.com,Soila,Henry,female,238-887-6420,Youngstown,United States,97835,Hawaii,529 Arch,1954-12-31,723
crmid:3295886667,afraid2035@live.com,Brant,Montgomery,,656-586-0031,Manhattan,United States,59828,Arkansas,662 Sola,1986-10-12,2728
crmid:8008346024,shove1873@yandex.com,Dante,Bennett,,156-095-1865,Stamford,United States,37948,Vermont,123 Craut,1972-09-02,1113
crmid:6969119405,ludicrous1968@outlook.com,Brent,Atkins,,819-431-0770,Fort Worth,United States,72907,Indiana,237 Saint Germain,1963-05-07,2216
crmid:2188709340,oximetry2032@yandex.com,Ronnie,Collier,,923-548-5209,Garner,United States,88816,Wyoming,365 Saint Croix,1965-02-28,2927
crmid:7080672169,drakes2052@yandex.com,Dwayne,Emerson,male,526-191-5786,San Gabriel,United States,02672,Ohio,793 Standish,1930-03-09,1050
crmid:3062258892,riverish1821@live.com,Kerry,Donaldson,,915-035-9083,West Memphis,United States,40624,Utah,300 Bayview,1985-12-01,2430
crmid:4218364341,interflow1984@live.com,Arlie,Justice,,990-140-6272,Homestead,United States,70043,Arizona,751 China Basin,1973-12-09,2643
crmid:5477420659,dastardly2053@outlook.com,Darcel,Maldonado,female,651-496-2095,Dana Point,United States,65666,Mississippi,69 Wanda,1952-11-04,2338
crmid:6941223495,wimple1993@yahoo.com,Elfrieda,Vaughn,female,620-517-7364,Wentzville,United States,59953,Mississippi,476 Reservoir,1997-04-29,472
crmid:8764894279,pig2013@outlook.com,Tora,Mcmillan,female,754-070-0432,Youngstown,United States,52568,Nebraska,1386 Rolph,1957-09-20,1854
crmid:7991524707,nonoccurrence1952@live.com,Dorsey,Flynn,male,127-877-1434,North Lauderdale,United States,02507,Maine,670 Troy,1998-01-06,1853
crmid:6872867619,vibratile1957@outlook.com,Hollis,Mcknight,,399-080-1705,St. Clair Shores,United States,53812,Oregon,759 Loehr,1999-09-10,2792
crmid:9779451121,camused1806@gmail.com,Angelika,Becker,female,919-145-6497,Clarksburg,United States,00912,Vermont,1178 Fauntleroy,1948-01-02,1869
crmid:4523449702,cantankerousness2037@yandex.com,Elwood,Curry,,487-553-6720,Hattiesburg,United States,68382,New Jersey,845 Peters,1970-11-09,2542
crmid:3719137103,elephantiasis2014@yahoo.com,Margit,Everett,female,107-611-3015,Covina,United States,87237,Nevada,1077 Coronado,1951-10-26,942
crmid:4428784967,albatross1878@yandex.com,Cornelius,Conrad,,675-890-6622,Lompoc,United States,31191,Georgia,1332 Fountain,1984-06-07,1080
crmid:8087955958,galagos1987@live.com,Olin,Preston,,690-027-7690,New Braunfels,United States,28434,New Hampshire,1229 Egbert,1996-05-22,1811
crmid:6494219876,findings1971@yandex.com,Daren,Welch,,424-618-9052,Winter Garden,United States,39901,Iowa,1096 Wright,1978-01-30,2453
crmid:6905614033,optimacy1966@gmail.com,Buster,Glenn,male,145-142-4122,Berwyn,United States,00314,Ohio,276 Cerritos,1938-02-11,2503
crmid:8247171522,hypercalcemic1846@outlook.com,Kennith,Gibson,,349-205-5810,Mount Pleasant,United States,06193,Vermont,185 Holly,1993-01-22,2203
crmid:5433761058,landowning1836@gmail.com,Orville,Rodgers,male,715-938-7387,Pflugerville,United States,77700,Wyoming,214 Nahua,1943-08-25,1047
crmid:3793777418,undethroned2008@yahoo.com,Michale,Frye,male,092-651-0534,Brawley,United States,83997,Ohio,524 Phelan,1941-07-10,2697
crmid:5968890638,cuerda2068@gmail.com,Clark,Vang,,838-244-8098,Miramar,United States,15097,Oregon,659 Trumbull,1991-02-03,616
crmid:3171492379,zanza1970@gmail.com,Rob,Thompson,,583-226-1977,Grand Forks,United States,56240,Michigan,1164 Crown,1967-09-26,1169
crmid:3074317983,bowlful1871@yandex.com,Ward,Lamb,male,808-120-9422,Port Hueneme,United States,05069,Wisconsin,488 Del Monte,1933-10-17,2742
crmid:3644227262,angeleyes1917@live.com,Rudy,Cameron,,343-210-7915,Independence,United States,83984,Virginia,178 Santa Clara,1974-05-13,2598
crmid:8253888505,delayer1982@yandex.com,Pablo,Middleton,,903-578-8642,Sunrise,United States,32741,Idaho,959 Montcalm,1974-08-09,601
crmid:4625216258,proforma1912@gmail.com,Norman,Haynes,,567-234-0134,Green,United States,72419,Nebraska,754 The Block,1968-07-09,1303
crmid:5621131994,unsolicited1943@live.com,Gonzalo,Sanders,male,744-049-6766,Berea,United States,77487,Minnesota,848 Sandpiper Cove,1938-12-08,1310
crmid:1703003896,unlibellously1821@outlook.com,Jimmy,Frazier,,876-651-4954,Mobile,United States,57363,California,312 Bayview Park,1992-09-18,2626
crmid:9598250628,saucerman2038@live.com,Dale,Lloyd,male,955-339-3811,Westminster,United States,58550,Delaware,860 Ulloa,1995-10-18,584
crmid:6822439173,metalsmith2064@gmail.com,Van,Forbes,,675-712-4093,Huntersville,United States,58051,North Dakota,1333 Bosworth,1973-09-12,1446
crmid:7330410916,cruth2049@outlook.com,Le,Bush,female,062-452-2598,San Angelo,United States,62754,Arkansas,1296 Amatury,1949-05-04,1291
crmid:8050747042,doubts1813@outlook.com,Thad,Chapman,,770-584-4737,Nogales,United States,84187,Ohio,1054 Edgehill,1998-08-17,2799
crmid:2360065139,corban1864@live.com,Charles,Mccarty,male,888-900-7167,Burien,United States,85472,Oklahoma,973 Leroy,1942-02-19,1222
crmid:9524934352,avouch1818@outlook.com,Idell,Montoya,female,306-171-7724,Stillwater,United States,81661,Arizona,777 Sheldon,1951-04-20,2423
crmid:3094186985,dupes2059@outlook.com,Devin,Scott,male,318-988-5141,Alamogordo,United States,15597,Arizona,829 Clarendon,1930-03-26,2656
crmid:1380426238,simars2028@gmail.com,Isadora,Leach,female,331-331-8415,Plainfield,United States,91280,Rhode Island,716 Rome,1952-11-07,2269
crmid:3230457378,wrath1908@live.com,Jewel,Bowen,,820-653-3325,Rosenberg,United States,24439,Montana,1241 Gibbon,1968-10-16,2390
crmid:2923596241,alanson1835@yandex.com,Tyrell,Dalton,male,327-630-7130,Bay City,United States,59158,Kentucky,838 Mcnair,1936-09-07,1276
crmid:4730110538,acanth1950@gmail.com,Jarrett,Freeman,male,175-370-1995,Rio Rancho,United States,19633,West Virginia,642 Prado,1942-05-10,654
crmid:4156682474,restlessness1903@yandex.com,Torri,Spence,female,245-769-2529,Eustis,United States,59322,New York,1218 Vermont,1960-09-28,1830
crmid:1692744247,euphonism1978@live.com,Thanh,Ryan,female,963-667-4595,Pharr,United States,61764,Minnesota,1152 Gilbert,1949-09-26,2383
crmid:8805291122,deselecting1855@outlook.com,Loan,Hodge,female,503-612-8876,Palm Beach Gardens,United States,24841,Pennsylvania,192 Gonzalez,1957-05-14,1819
crmid:8000365393,lunchroom2054@yahoo.com,Raymond,Beard,,052-723-2623,Lynchburg,United States,51843,New York,124 Mount,1985-09-06,1957
crmid:1810354660,delightingly1974@live.com,Bethann,York,female,368-465-0290,Englewood,United States,80463,Maryland,1391 West Halleck,1959-10-02,515
crmid:5830237207,saltee1859@yandex.com,Francisco,Long,male,747-660-5073,Vero Beach,United States,96028,Illinois,238 Almaden,1941-04-17,667
crmid:7175689274,invected1865@gmail.com,Fredrick,Mcfadden,,607-683-6100,Oklahoma City,United States,34293,Louisiana,141 Michigan,1974-05-15,2859
crmid:7974176068,sighless1996@yahoo.com,Travis,Richard,,370-409-5307,Lemon Grove,United States,98087,Texas,710 Old Harford,1982-06-27,1258
crmid:1465370737,differences2018@live.com,Berneice,Lancaster,female,638-833-2720,Somerville,United States,15046,Massachusetts,116 Bedford,1953-01-17,1538
crmid:5075494926,monadiform1877@live.com,Cayla,Hicks,female,687-655-2316,Dearborn,United States,07416,Wisconsin,1198 San Bruno,1953-02-14,423
crmid:4092719717,platycerium1869@yandex.com,Bryce,Hill,,785-767-8754,Harlingen,United States,92082,Florida,328 Temescal,1969-04-08,2540
crmid:8891626858,outcrawls1831@outlook.com,Alfonzo,Holden,,505-435-9551,Warwick,United States,28064,Rhode Island,126 Emery,1966-05-27,395
crmid:9408289400,administrate1819@yahoo.com,Margaretta,Cobb,female,516-503-9669,North Las Vegas,United States,13790,Montana,394 Veterans,1998-03-19,1935
crmid:8444594344,isobutylene1902@outlook.com,Bari,Melendez,female,497-047-8153,Dearborn Heights,United States,06910,West Virginia,931 Badger,1953-01-20,1110
crmid:7948736514,shamus1882@yahoo.com,Del,Hines,,602-355-6282,Hays,United States,08913,South Carolina,1133 Edie,1970-01-20,2709
crmid:4015655293,glome1973@gmail.com,Tracey,Woodward,male,605-042-0940,Bloomington,United States,51689,Tennessee,57 Colin P Kelly Jr,1939-09-04,1944
crmid:1743540624,optimize1914@yandex.com,Carline,Delacruz,female,798-777-5846,Fairfax,United States,72027,Utah,1372 Wanda,1961-12-03,595
crmid:2311774607,cherish1979@gmail.com,Arden,Stevenson,male,229-839-5787,Alamogordo,United States,00832,Kansas,1150 Sydney,1930-01-28,1451
crmid:3930545890,saxes1863@yandex.com,Marshall,Todd,female,024-513-9229,Murray,United States,13110,Kentucky,978 Security Pacific,1994-03-12,2787
crmid:9986060620,hotpot1824@gmail.com,Dario,Ford,,249-296-7344,Trussville,United States,38925,Kentucky,245 H,1980-08-28,2706
crmid:4757382372,aggressive1897@gmail.com,Valda,Yates,female,300-223-8595,Tustin,United States,62972,Maine,73 Louisburg,1960-09-21,1310
crmid:8530687561,mesovaria1925@gmail.com,Alton,Dale,,243-455-1090,Northfield,United States,43012,Maine,991 Dr Tom Waddell,1999-07-14,697
crmid:5590790906,gritstone1887@yandex.com,Efrain,Chen,,385-515-0468,Kalamazoo,United States,79507,Hawaii,1127 Hattie,1976-12-27,2946
crmid:3404681916,afterfuture1880@gmail.com,Gustavo,Noble,,139-277-8356,Newburgh,United States,99812,West Virginia,1084 Capistrano,1997-05-01,2286
crmid:6321404091,elanor1916@gmail.com,Ryann,Parrish,female,760-768-7956,Saco,United States,16527,Rhode Island,29 Perry,1951-08-23,1152
crmid:6094106490,benton1802@yahoo.com,Scotty,Swanson,,358-992-9660,Hopewell,United States,92187,North Carolina,1075 Nichols,1973-04-20,579
crmid:2536338233,pirogue1986@outlook.com,Marquis,Mcgee,,173-130-0511,Tarpon Springs,United States,33357,Tennessee,969 Cortes,1968-06-12,875
crmid:1617987247,neutrologistic1919@yahoo.com,Rodger,Green,male,845-194-7298,Starkville,United States,19399,Iowa,1398 Keystone,1944-11-16,2024
crmid:8145497120,courante1982@outlook.com,Wilton,Gaines,,150-845-3642,Greer,United States,79053,Minnesota,41 Montecito,1968-03-24,2313
crmid:6122180598,oversured2069@outlook.com,Paris,Knapp,,589-396-8841,Rogers,United States,30347,Nevada,1078 Vicksburg,1974-01-25,2732
crmid:9912748534,avgas1806@outlook.com,Salvador,Hardy,male,143-315-4170,Altus,United States,55078,New Hampshire,882 Lessing,1932-09-13,1203
crmid:6904354073,mayfly1950@gmail.com,Jeffrey,Blackwell,,926-362-3635,Scarsdale,United States,40975,Maine,30 Buchanan,1983-01-22,2823
crmid:7268470306,audrie1817@yandex.com,Kenneth,Pennington,,434-425-8293,South Holland,United States,46237,Michigan,830 Esmeralda,1982-10-23,675
crmid:9331260733,egret1921@yandex.com,Kazuko,Finley,female,305-423-8397,Evanston,United States,26078,South Carolina,1320 Twin Peaks,1960-05-09,485
crmid:9879066082,microcopied2056@yahoo.com,Bud,Washington,,344-275-1776,South Jordan,United States,20069,Utah,933 Stoneybrook,1968-04-02,2616
crmid:5859498272,afterfuture1856@gmail.com,Jesusita,Barron,female,033-929-3612,Scarsdale,United States,10010,Michigan,669 Saul,1949-04-02,1606
crmid:2454717806,aisling1949@gmail.com,Devorah,Deleon,female,942-561-6880,Sebastian,United States,58105,South Dakota,440 Shafter,1997-03-26,2834
crmid:1133783089,fatidical2030@gmail.com,Ivelisse,Tran,female,212-830-9790,Roselle,United States,28142,Connecticut,564 Newman,1961-04-29,1360
crmid:5800690272,hydroxyurea1861@yahoo.com,Grayce,Hood,female,859-639-2316,Rancho Cucamonga,United States,81337,Delaware,1222 Dawnview,1956-03-14,1105
crmid:5959810644,eulalie1879@outlook.com,Frederick,Walls,,755-606-6792,Golden Valley,United States,10995,Georgia,1130 Racine,1966-03-21,2276
crmid:2351684361,amazing1874@yahoo.com,Augustus,Mcclain,male,022-452-1453,Van Buren,United States,77156,Mississippi,157 Cameron,1942-01-19,336
crmid:4460843154,beelol1888@gmail.com,Nelia,Rocha,female,977-332-5335,Cottonwood Heights,United States,67817,Michigan,680 Cross,1951-11-13,2434
crmid:1695058087,antre2019@live.com,Kasey,Hatfield,,923-327-7802,Schenectady,United States,32344,California,497 Helena,1973-06-08,2356
crmid:6530847235,thousand2057@outlook.com,Catherina,Gordon,female,348-585-3705,Colton,United States,05534,New York,765 Gladeview,1949-02-12,2959
crmid:3694698168,banes1842@live.com,Rodger,Woodward,male,172-431-1630,Cape Coral,United States,69205,West Virginia,593 Mendell,1944-11-16,2036
crmid:3595202261,available2066@outlook.com,Hiedi,Garrett,female,953-429-5546,Daly City,United States,53955,Idaho,825 Leroy,1952-09-07,349
crmid:9960918398,cushily1973@yahoo.com,Troy,Fletcher,female,718-649-2476,Newport Beach,United States,18252,Tennessee,720 Colby,1997-03-29,2683
crmid:4062585565,counterdistinct1977@yandex.com,Ambrose,Grant,,491-310-4753,Millville,United States,83831,Wyoming,1301 Randolph,1991-01-11,809
crmid:5785768541,scarabaeus2056@yandex.com,Rosendo,Clarke,,793-782-4510,Topeka,United States,34449,Wisconsin,1162 Elsie,1974-08-25,2602
crmid:4987508430,bedding1811@live.com,Gregory,Langley,male,311-487-9065,Atlantic City,United States,24031,Georgia,698 Santa Barbara,1934-04-17,1410
crmid:4349169542,cow1843@live.com,Ty,Kent,male,666-195-8075,Ballwin,United States,84470,Georgia,1336 Ventura,1935-09-16,359
crmid:8439671419,legmen1880@yandex.com,Joshua,Alford,male,871-123-8293,Temple City,United States,71041,West Virginia,1263 Elk,1944-06-01,2582
crmid:1395154592,defloration1814@outlook.com,Tracy,Petty,,044-782-9820,Universal City,United States,64700,Virginia,117 Wilder,1981-12-26,1183
crmid:7501734293,shandies1887@yandex.com,Lakendra,Craig,female,285-096-3926,Wilson,United States,22071,Pennsylvania,3 Serrano,1958-05-07,345
crmid:4156844549,astrophil1925@yandex.com,Rubin,Frank,male,777-087-2498,Tifton,United States,09392,Nebraska,34 Hillview,1936-08-10,2029
crmid:6120462440,newt1918@yandex.com,Barbie,Anthony,female,462-184-0066,South Pasadena,United States,18092,Pennsylvania,400 Severn,1947-01-01,2759
crmid:6090353018,aurore2007@gmail.com,Ka,Tucker,female,417-974-3154,Norwalk,United States,91804,New Hampshire,753 Frank Norris,1999-03-08,2377
crmid:4820416971,mariachi2031@live.com,Jani,Acosta,female,166-050-5078,Seminole,United States,72999,Oregon,305 Rutledge,1960-04-01,971
crmid:2287704544,cameraman1863@yahoo.com,Numbers,Gregory,,525-039-6656,Melbourne,United States,89334,Minnesota,1339 Stark,1989-12-26,1487
crmid:2004197052,imprimaturs1812@yandex.com,Shawn,Case,,163-770-6249,Seattle,United States,39461,Florida,576 Ashburton,1969-12-18,2749
crmid:1708571009,bloodless1946@outlook.com,Oren,Ellis,,241-113-6429,Los Altos,United States,15276,Florida,383 Quartz,1984-04-09,1548
crmid:3085628277,bookworm1862@yandex.com,Leeanna,Horn,female,086-831-3031,Crystal Lake,United States,94978,Alaska,1380 Jennings,1952-05-14,877
crmid:4523442816,coerced1935@live.com,Bradford,Jones,,510-115-8390,Mesquite,United States,72149,Washington,458 Jakey,1990-04-05,728
