id,crmid,propensity_account_upgrade,propensity_premium
f76d0139-7a33-11ea-b7e7-b88a60e194fb,crmid:4429982108,9,3
f76e87bf-7a33-11ea-a936-b88a60e194fb,crmid:4429982108,7,7
f7703507-7a33-11ea-9786-b88a60e194fb,crmid:4429982108,4,7
f77257e7-7a33-11ea-a203-b88a60e194fb,crmid:4429982108,1,7
f773dfdf-7a33-11ea-b0d7-b88a60e194fb,crmid:4429982108,1,2
f775b371-7a33-11ea-a799-b88a60e194fb,crmid:4429982108,7,9
f77713d0-7a33-11ea-8fc5-b88a60e194fb,crmid:4429982108,2,3
f778c082-7a33-11ea-8ce0-b88a60e194fb,crmid:4429982108,7,6
f77a9699-7a33-11ea-9b11-b88a60e194fb,crmid:4429982108,2,2
f77c1d2c-7a33-11ea-a6ba-b88a60e194fb,crmid:4429982108,6,3
f77da2a1-7a33-11ea-b1f8-b88a60e194fb,crmid:4429982108,2,7
f77f9e4f-7a33-11ea-afa4-b88a60e194fb,crmid:4429982108,4,8
f781c130-7a33-11ea-aa76-b88a60e194fb,crmid:4429982108,2,2
f783bd09-7a33-11ea-ab20-b88a60e194fb,crmid:4429982108,8,4
f7856ab3-7a33-11ea-bfb5-b88a60e194fb,crmid:4429982108,5,7
f7873f71-7a33-11ea-9a70-b88a60e194fb,crmid:4429982108,7,3
f7891430-7a33-11ea-b590-b88a60e194fb,crmid:4429982108,3,2
f78a73b5-7a33-11ea-bd1a-b88a60e194fb,crmid:4429982108,7,8
f78c6f75-7a33-11ea-9585-b88a60e194fb,crmid:4429982108,6,7
f78f07a8-7a33-11ea-913a-b88a60e194fb,crmid:4429982108,2,9
f7908fbe-7a33-11ea-8721-b88a60e194fb,crmid:4429982108,4,7
f79214c9-7a33-11ea-886e-b88a60e194fb,crmid:4429982108,5,7
f793745f-7a33-11ea-8fb3-b88a60e194fb,crmid:4429982108,3,7
f794faed-7a33-11ea-9621-b88a60e194fb,crmid:4429982108,1,7
f799198d-7a33-11ea-ba7c-b88a60e194fb,crmid:4429982108,1,4
f79a791b-7a33-11ea-b239-b88a60e194fb,crmid:4429982108,1,7
f79c9bee-7a33-11ea-af52-b88a60e194fb,crmid:4429982108,4,6
f79ec03b-7a33-11ea-b5e3-b88a60e194fb,crmid:4429982108,1,7
f7a0459d-7a33-11ea-a028-b88a60e194fb,crmid:4429982108,9,7
f7a304a2-7a33-11ea-b2ba-b88a60e194fb,crmid:4429982108,5,9
f7a48b39-7a33-11ea-ba01-b88a60e194fb,crmid:4429982108,2,9
f7a611dd-7a33-11ea-8f51-b88a60e194fb,crmid:4429982108,4,8
f7a7e6c0-7a33-11ea-bbfe-b88a60e194fb,crmid:4429982108,4,7
f7a9bc9e-7a33-11ea-b780-b88a60e194fb,crmid:4429982108,2,3
f7ac2d93-7a33-11ea-a6d0-b88a60e194fb,crmid:4429982108,9,2
f7addb27-7a33-11ea-808c-b88a60e194fb,crmid:4429982108,2,3
f7afd5f5-7a33-11ea-90ea-b88a60e194fb,crmid:4429982108,9,7
f7b15d75-7a33-11ea-9141-b88a60e194fb,crmid:4429982108,4,2
f7b2e30b-7a33-11ea-b7a2-b88a60e194fb,crmid:4429982108,2,4
f7b4ded8-7a33-11ea-b3d6-b88a60e194fb,crmid:4429982108,4,8
f7b68c85-7a33-11ea-8aa8-b88a60e194fb,crmid:4429982108,1,2
f7b86283-7a33-11ea-826c-b88a60e194fb,crmid:4429982108,7,3
f7ba5d07-7a33-11ea-8b15-b88a60e194fb,crmid:4429982108,2,8
f7bc7fe9-7a33-11ea-80ff-b88a60e194fb,crmid:4429982108,7,3
f7bddf6e-7a33-11ea-93e2-b88a60e194fb,crmid:4429982108,7,8
f7bfdb39-7a33-11ea-8aab-b88a60e194fb,crmid:4429982108,6,7
f7c162a9-7a33-11ea-b48d-b88a60e194fb,crmid:4429982108,9,5
f7c2c208-7a33-11ea-b702-b88a60e194fb,crmid:4429982108,5,4
f7c46f15-7a33-11ea-84e6-b88a60e194fb,crmid:4429982108,8,9
f7c691fe-7a33-11ea-b147-b88a60e194fb,crmid:4429982108,3,7
f7c88dbc-7a33-11ea-b1ac-b88a60e194fb,crmid:4429982108,4,8
f7ca3bdc-7a33-11ea-a62c-b88a60e194fb,crmid:4429982108,4,6
f7cc1047-7a33-11ea-af0f-b88a60e194fb,crmid:4429982108,1,4
f7cde509-7a33-11ea-9122-b88a60e194fb,crmid:4429982108,5,2
f7cf92a3-7a33-11ea-8e92-b88a60e194fb,crmid:4429982108,3,2
f7d1b593-7a33-11ea-afde-b88a60e194fb,crmid:4429982108,3,3
f7d36329-7a33-11ea-8582-b88a60e194fb,crmid:4429982108,7,3
f7d510e5-7a33-11ea-b005-b88a60e194fb,crmid:4429982108,3,6
f7d69771-7a33-11ea-b5af-b88a60e194fb,crmid:4429982108,3,6
f7d7cfef-7a33-11ea-8ba1-b88a60e194fb,crmid:4429982108,3,2
f7d92f7f-7a33-11ea-9075-b88a60e194fb,crmid:4429982108,5,2
f7dab61b-7a33-11ea-b330-b88a60e194fb,crmid:4429982108,9,2
f7dc652b-7a33-11ea-9631-b88a60e194fb,crmid:4429982108,1,7
f7ddebf6-7a33-11ea-956e-b88a60e194fb,crmid:4429982108,7,8
f7df4b28-7a33-11ea-9b46-b88a60e194fb,crmid:4429982108,6,2
f7e0aa94-7a33-11ea-88f3-b88a60e194fb,crmid:4429982108,2,8
f7e2cd8c-7a33-11ea-8075-b88a60e194fb,crmid:4429982108,8,8
f7e405f7-7a33-11ea-9aea-b88a60e194fb,crmid:4429982108,9,8
f7e5646d-7a33-11ea-a272-b88a60e194fb,crmid:4429982108,2,7
f7e73a9e-7a33-11ea-99b2-b88a60e194fb,crmid:4429982108,5,6
f7e90e09-7a33-11ea-b761-b88a60e194fb,crmid:4429982108,9,9
f7eae3dc-7a33-11ea-aab8-b88a60e194fb,crmid:4429982108,6,2
f7ec1c4c-7a33-11ea-9a77-b88a60e194fb,crmid:4429982108,4,1
f7eda1cd-7a33-11ea-880e-b88a60e194fb,crmid:4429982108,4,2
f7f087ec-7a33-11ea-a998-b88a60e194fb,crmid:4429982108,6,9
f7f235d9-7a33-11ea-b349-b88a60e194fb,crmid:4429982108,3,8
f7f3473b-7a33-11ea-86aa-b88a60e194fb,crmid:4429982108,4,7
f7f59132-7a33-11ea-9f2f-b88a60e194fb,crmid:4429982108,2,6
f7f765f7-7a33-11ea-abdf-b88a60e194fb,crmid:4429982108,4,3
f7f8ec91-7a33-11ea-9680-b88a60e194fb,crmid:4429982108,1,4
f7fa9a3b-7a33-11ea-90a0-b88a60e194fb,crmid:4429982108,1,3
f7fcbce8-7a33-11ea-a0e0-b88a60e194fb,crmid:4429982108,9,8
f7fdf569-7a33-11ea-8a99-b88a60e194fb,crmid:4429982108,5,4
f7ff7c09-7a33-11ea-8e79-b88a60e194fb,crmid:4429982108,8,4
f80129b1-7a33-11ea-a385-b88a60e194fb,crmid:4429982108,9,2
f802622b-7a33-11ea-8485-b88a60e194fb,crmid:4429982108,1,3
f803e8e3-7a33-11ea-b022-b88a60e194fb,crmid:4429982108,3,9
f8056f75-7a33-11ea-816b-b88a60e194fb,crmid:4429982108,6,7
f807442b-7a33-11ea-937f-b88a60e194fb,crmid:4429982108,6,7
f8093ffd-7a33-11ea-a1a0-b88a60e194fb,crmid:4429982108,2,8
f80a9f87-7a33-11ea-9f6b-b88a60e194fb,crmid:4429982108,1,4
f80c4d37-7a33-11ea-950f-b88a60e194fb,crmid:4429982108,4,7
f80dd3d8-7a33-11ea-b129-b88a60e194fb,crmid:4429982108,5,7
f80f817c-7a33-11ea-ac99-b88a60e194fb,crmid:4429982108,7,9
f8115636-7a33-11ea-8387-b88a60e194fb,crmid:4429982108,8,4
f81267a7-7a33-11ea-9c40-b88a60e194fb,crmid:4429982108,6,4
f8143c7e-7a33-11ea-bae6-b88a60e194fb,crmid:4429982108,6,7
f8157507-7a33-11ea-ac1f-b88a60e194fb,crmid:4429982108,5,7
f81770d8-7a33-11ea-8548-b88a60e194fb,crmid:4429982108,1,9
f81a08c1-7a33-11ea-9a49-b88a60e194fb,crmid:4429982108,4,9
f81bb7ed-7a33-11ea-a732-b88a60e194fb,crmid:4429982108,9,7
f81d1612-7a33-11ea-ae58-b88a60e194fb,crmid:4429982108,5,9
f81ec39d-7a33-11ea-af3b-b88a60e194fb,crmid:4429982108,1,4
f8204a47-7a33-11ea-986c-b88a60e194fb,crmid:4429982108,3,8
f821d0e5-7a33-11ea-a5a5-b88a60e194fb,crmid:4429982108,2,8
f823577d-7a33-11ea-b938-b88a60e194fb,crmid:4429982108,5,4
f824b713-7a33-11ea-baad-b88a60e194fb,crmid:4429982108,3,8
f82616bb-7a33-11ea-a4bd-b88a60e194fb,crmid:4429982108,7,8
f8279d43-7a33-11ea-b430-b88a60e194fb,crmid:4429982108,2,7
f8299981-7a33-11ea-b98f-b88a60e194fb,crmid:4429982108,4,8
f82b2114-7a33-11ea-9045-b88a60e194fb,crmid:4429982108,8,2
f82cce03-7a33-11ea-934c-b88a60e194fb,crmid:4429982108,2,1
f82e53f8-7a33-11ea-8817-b88a60e194fb,crmid:4429982108,9,4
f83028b6-7a33-11ea-9658-b88a60e194fb,crmid:4429982108,9,7
f831af59-7a33-11ea-b2d1-b88a60e194fb,crmid:4429982108,5,9
f833d23d-7a33-11ea-8807-b88a60e194fb,crmid:4429982108,6,3
f835a6e9-7a33-11ea-be9c-b88a60e194fb,crmid:4429982108,4,4
f8375499-7a33-11ea-ab2a-b88a60e194fb,crmid:4429982108,3,4
f8392968-7a33-11ea-8b41-b88a60e194fb,crmid:4429982108,6,8
f83a88ef-7a33-11ea-b3cc-b88a60e194fb,crmid:4429982108,1,7
f83be882-7a33-11ea-82ef-b88a60e194fb,crmid:4429982108,7,2
f83d6f0f-7a33-11ea-bf5b-b88a60e194fb,crmid:4429982108,9,7
f83f1cbb-7a33-11ea-85f0-b88a60e194fb,crmid:4429982108,3,3
f840ca77-7a33-11ea-9d04-b88a60e194fb,crmid:4429982108,3,6
f8425109-7a33-11ea-9696-b88a60e194fb,crmid:4429982108,4,5
f843feb7-7a33-11ea-b013-b88a60e194fb,crmid:4429982108,4,2
f845d372-7a33-11ea-b60e-b88a60e194fb,crmid:4429982108,3,8
f8478139-7a33-11ea-9b9e-b88a60e194fb,crmid:4429982108,2,3
f84955f5-7a33-11ea-b27f-b88a60e194fb,crmid:4429982108,4,3
f84ab58a-7a33-11ea-acbd-b88a60e194fb,crmid:4429982108,5,1
f84c3c0b-7a33-11ea-a165-b88a60e194fb,crmid:4429982108,1,7
f84d9bb2-7a33-11ea-8f8c-b88a60e194fb,crmid:4429982108,9,7
f84ed520-7a33-11ea-914c-b88a60e194fb,crmid:4429982108,2,7
f85082e9-7a33-11ea-a91d-b88a60e194fb,crmid:4429982108,4,7
f8527e18-7a33-11ea-8b0c-b88a60e194fb,crmid:4429982108,6,3
f8547955-7a33-11ea-b40c-b88a60e194fb,crmid:4429982108,5,2
f855da5b-7a33-11ea-8a67-b88a60e194fb,crmid:4429982108,7,8
f8571287-7a33-11ea-9903-b88a60e194fb,crmid:4429982108,1,3
f8589927-7a33-11ea-985e-b88a60e194fb,crmid:4429982108,8,3
f85a1ecc-7a33-11ea-97da-b88a60e194fb,crmid:4429982108,4,7
f85b7f39-7a33-11ea-8c16-b88a60e194fb,crmid:4429982108,1,7
f85d04ef-7a33-11ea-beb9-b88a60e194fb,crmid:4429982108,2,7
f85e8b87-7a33-11ea-9ef2-b88a60e194fb,crmid:4429982108,9,4
f8606129-7a33-11ea-a1f2-b88a60e194fb,crmid:4429982108,3,2
f8625c0d-7a33-11ea-b23f-b88a60e194fb,crmid:4429982108,5,9
f863bcab-7a33-11ea-b569-b88a60e194fb,crmid:4429982108,7,2
f8654331-7a33-11ea-aa80-b88a60e194fb,crmid:4429982108,7,3
f8673ec7-7a33-11ea-b328-b88a60e194fb,crmid:4429982108,4,2
f86961e1-7a33-11ea-bade-b88a60e194fb,crmid:4429982108,4,7
f86ae8e6-7a33-11ea-a43f-b88a60e194fb,crmid:4429982108,6,8
f86cbc47-7a33-11ea-be44-b88a60e194fb,crmid:4429982108,2,8
f870db27-7a33-11ea-a1f8-b88a60e194fb,crmid:4429982108,7,3
f87261bb-7a33-11ea-a74e-b88a60e194fb,crmid:4429982108,4,7
f873c139-7a33-11ea-97e7-b88a60e194fb,crmid:4429982108,8,2
f87547b1-7a33-11ea-a6f5-b88a60e194fb,crmid:4429982108,5,5
f876f58b-7a33-11ea-a5c0-b88a60e194fb,crmid:4429982108,2,5
f878cb68-7a33-11ea-9974-b88a60e194fb,crmid:4429982108,5,4
f87a77cd-7a33-11ea-bee9-b88a60e194fb,crmid:4429982108,8,9
f87bfe69-7a33-11ea-9d48-b88a60e194fb,crmid:4429982108,8,7
f87d5df7-7a33-11ea-9e95-b88a60e194fb,crmid:4429982108,7,8
f87f5b59-7a33-11ea-a91f-b88a60e194fb,crmid:4429982108,4,7
f88218dc-7a33-11ea-a5e1-b88a60e194fb,crmid:4429982108,2,4
f8839f88-7a33-11ea-87c1-b88a60e194fb,crmid:4429982108,7,8
f88526c2-7a33-11ea-8383-b88a60e194fb,crmid:4429982108,9,1
f886d3c8-7a33-11ea-9520-b88a60e194fb,crmid:4429982108,5,8
f888335d-7a33-11ea-9bb8-b88a60e194fb,crmid:4429982108,1,2
f8896be3-7a33-11ea-ace2-b88a60e194fb,crmid:4429982108,1,8
f88aa44a-7a33-11ea-8f77-b88a60e194fb,crmid:4429982108,4,8
f88c2af7-7a33-11ea-b7e6-b88a60e194fb,crmid:4429982108,2,2
f88db193-7a33-11ea-a9f8-b88a60e194fb,crmid:4429982108,2,3
f88f1123-7a33-11ea-950b-b88a60e194fb,crmid:4429982108,1,4
f890bed2-7a33-11ea-9f38-b88a60e194fb,crmid:4429982108,1,7
f8926c6d-7a33-11ea-a6c5-b88a60e194fb,crmid:4429982108,4,7
f8941a28-7a33-11ea-8e12-b88a60e194fb,crmid:4429982108,1,7
f895eeec-7a33-11ea-ad2f-b88a60e194fb,crmid:4429982108,9,3
f8977587-7a33-11ea-ad03-b88a60e194fb,crmid:4429982108,2,6
f898fc23-7a33-11ea-9106-b88a60e194fb,crmid:4429982108,1,8
f89aa9c8-7a33-11ea-830d-b88a60e194fb,crmid:4429982108,1,6
f89c0985-7a33-11ea-bd33-b88a60e194fb,crmid:4429982108,3,7
f89d8fef-7a33-11ea-b9eb-b88a60e194fb,crmid:4429982108,2,3
f89eef95-7a33-11ea-98f4-b88a60e194fb,crmid:4429982108,5,8
f8a0281c-7a33-11ea-a5f4-b88a60e194fb,crmid:4429982108,3,8
f8a1fcae-7a33-11ea-9cc7-b88a60e194fb,crmid:4429982108,3,7
f8a35dbb-7a33-11ea-9a89-b88a60e194fb,crmid:4429982108,3,8
f8a50b7c-7a33-11ea-8e42-b88a60e194fb,crmid:4429982108,5,8
f8a690a9-7a33-11ea-9ab8-b88a60e194fb,crmid:4429982108,1,4
f8a7f148-7a33-11ea-b1e1-b88a60e194fb,crmid:4429982108,9,9
f8a9c781-7a33-11ea-9cf0-b88a60e194fb,crmid:4429982108,8,6
f8aafe93-7a33-11ea-82a9-b88a60e194fb,crmid:4429982108,3,9
f8acd336-7a33-11ea-94ae-b88a60e194fb,crmid:4429982108,8,4
f8aea7ff-7a33-11ea-82bd-b88a60e194fb,crmid:4429982108,3,3
f8b0a2d7-7a33-11ea-be71-b88a60e194fb,crmid:4429982108,4,6
f8b2298b-7a33-11ea-a276-b88a60e194fb,crmid:4429982108,5,8
f8b44d9f-7a33-11ea-afcb-b88a60e194fb,crmid:4429982108,4,1
f8b5d2d9-7a33-11ea-8479-b88a60e194fb,crmid:4429982108,3,2
f8b75989-7a33-11ea-9b53-b88a60e194fb,crmid:4429982108,5,6
f8b9074b-7a33-11ea-94ee-b88a60e194fb,crmid:4429982108,2,8
f8bb2a1f-7a33-11ea-8204-b88a60e194fb,crmid:4429982108,5,7
f8bcb089-7a33-11ea-8ffd-b88a60e194fb,crmid:4429982108,1,2
f8be5ebf-7a33-11ea-9707-b88a60e194fb,crmid:4429982108,7,3
