id,reservationid,orderid,crmid,timestamporderType,productsku,hotelCheckInUnix,hotelCheckOutUnix,hotelCheckInTS,hotelCheckOutTS,hotelName,hotelChain,hotelLocation,hotelRoomType,hotelRoomCount,hotelGuestAdultCount,hotelGuestChildCount,hotelNightCount,hotelRoomPrice,hotelFinalPrice
orderid:972241,7MK-UUTO,orderid:972241,crmid:7381297978,2020-01-17T08:35:44.000Z,mobile,prd1155,1579336544,1579595744,2020-01-18T08:35:44+00:00,2020-01-21T08:35:44+00:00,Hospitality Inn: Denver,Hospitality Inn,Denver,standard,1,1,0,3,153.15,459.45
orderid:658028,TYC-SB9H,orderid:658028,crmid:8454459665,2020-01-28T01:10:52.000Z,kiosk,prd1071,1582333852,1583111452,2020-02-22T01:10:52+00:00,2020-03-02T01:10:52+00:00,Hospitality Inn: Seoul,Hospitality Inn,Seoul,premium,1,1,0,9,175.02,1575.18
orderid:190319,SHD-201D,orderid:190319,crmid:8417728874,2019-12-15T12:05:25.000Z,call center,prd1195,1576497925,1576670725,2019-12-16T12:05:25+00:00,2019-12-18T12:05:25+00:00,Family Fun Hotels: Lahore,Family Fun Hotels,Lahore,standard,1,1,0,2,140.71,281.42
orderid:178518,7TO-ND6M,orderid:178518,crmid:3809589060,2019-12-17T19:05:57.000Z,website,prd1130,1577905557,1578337557,2020-01-01T19:05:57+00:00,2020-01-06T19:05:57+00:00,Blue Reef Resort: Bremen,Blue Reef Resort,Bremen,standard,1,1,2,5,151.55,757.75
orderid:602579,OAU-PBCN,orderid:602579,crmid:5449807583,2019-12-30T18:48:39.000Z,website,prd1154,1579891719,1580410119,2020-01-24T18:48:39+00:00,2020-01-30T18:48:39+00:00,Blue Reef Resort: Seattle,Blue Reef Resort,Seattle,premium,1,1,0,6,126.39,758.34
orderid:724034,OYO-RCGH,orderid:724034,crmid:4156326153,2019-12-13T02:50:30.000Z,website,prd1036,1576637430,1576983030,2019-12-18T02:50:30+00:00,2019-12-22T02:50:30+00:00,Sandhill: Fresno,Sandhill,Fresno,standard,1,1,0,4,167.49,669.96
orderid:857499,FKI-SETK,orderid:857499,crmid:6671621974,2019-12-25T18:51:04.000Z,website,prd1059,1579287064,1580842264,2020-01-17T18:51:04+00:00,2020-02-04T18:51:04+00:00,Hospitality Inn: Kinshasa,Hospitality Inn,Kinshasa,standard,1,1,0,18,148.24,2668.32
orderid:793651,HQU-KXPV,orderid:793651,crmid:8075543320,2019-12-14T22:06:08.000Z,service desk,prd1129,1577829968,1577916368,2019-12-31T22:06:08+00:00,2020-01-01T22:06:08+00:00,Admiralty Plaza: Helsinki,Admiralty Plaza,Helsinki,standard,1,1,0,1,133.08,133.08
orderid:511941,L9I-RGJX,orderid:511941,crmid:2637873385,2020-01-02T03:19:01.000Z,kiosk,prd1088,1580008741,1581563941,2020-01-26T03:19:01+00:00,2020-02-13T03:19:01+00:00,Aspen Heights: Ankara,Aspen Heights,Ankara,standard,1,1,0,18,142.15,2558.7
orderid:274224,D1Y-TRSR,orderid:274224,crmid:3426561554,2020-01-15T08:04:49.000Z,call center,prd1062,1581408289,1582531489,2020-02-11T08:04:49+00:00,2020-02-24T08:04:49+00:00,Restful Nights: Moscow,Restful Nights,Moscow,standard,1,1,3,13,155.03,2015.39
orderid:786412,FKO-DUJJ,orderid:786412,crmid:1967289627,2019-12-21T22:47:01.000Z,call center,prd1088,1578610021,1579214821,2020-01-09T22:47:01+00:00,2020-01-16T22:47:01+00:00,Aspen Heights: Ankara,Aspen Heights,Ankara,premium,1,1,2,7,147.5,1032.5
orderid:759170,733-DWUE,orderid:759170,crmid:3148184744,2020-01-05T20:00:31.000Z,kiosk,prd1020,1578340831,1578686431,2020-01-06T20:00:31+00:00,2020-01-10T20:00:31+00:00,Repose Resort: Seattle,Repose Resort,Seattle,luxury,1,1,0,4,249.47,997.88
orderid:690565,27H-RK7C,orderid:690565,crmid:7402102885,2020-02-04T21:07:53.000Z,website,prd1022,1582405673,1582924073,2020-02-22T21:07:53+00:00,2020-02-28T21:07:53+00:00,Blue Reef Resort: Washington DC,Blue Reef Resort,Washington DC,standard,1,1,2,6,137.51,825.06
orderid:596422,HEG-ZII3,orderid:596422,crmid:7773977871,2019-12-04T08:14:06.000Z,mobile,prd1047,1577520846,1577952846,2019-12-28T08:14:06+00:00,2020-01-02T08:14:06+00:00,Hospitality Inn: Oakland,Hospitality Inn,Oakland,standard,1,1,0,5,170.94,854.7
orderid:781777,PKC-QPJJ,orderid:781777,crmid:9549440420,2020-02-01T05:57:48.000Z,call center,prd1106,1580709468,1580882268,2020-02-03T05:57:48+00:00,2020-02-05T05:57:48+00:00,Blue Reef Resort: Munich,Blue Reef Resort,Munich,standard,1,1,0,2,138.1,276.2
orderid:903453,7YZ-WCI2,orderid:903453,crmid:4481112511,2019-12-10T01:00:41.000Z,kiosk,prd1010,1578186041,1578618041,2020-01-05T01:00:41+00:00,2020-01-10T01:00:41+00:00,Blue Reef Resort: San Diego,Blue Reef Resort,San Diego,standard,1,1,0,5,148.35,741.75
orderid:928269,7KQ-XVYL,orderid:928269,crmid:8754424211,2020-01-09T05:52:52.000Z,kiosk,prd1009,1580795572,1581054772,2020-02-04T05:52:52+00:00,2020-02-07T05:52:52+00:00,Admiralty Plaza: San Antonio,Admiralty Plaza,San Antonio,standard,1,1,0,3,163.49,490.47
orderid:827098,ZM0-TSWP,orderid:827098,crmid:2325375293,2020-01-24T00:35:13.000Z,kiosk,prd1070,1580258113,1581294913,2020-01-29T00:35:13+00:00,2020-02-10T00:35:13+00:00,Blue Reef Resort: Jakarta,Blue Reef Resort,Jakarta,standard,1,1,0,12,148.59,1783.08
orderid:641571,PTN-RBGM,orderid:641571,crmid:5754084042,2020-01-16T01:38:40.000Z,website,prd1016,1580434720,1580693920,2020-01-31T01:38:40+00:00,2020-02-03T01:38:40+00:00,Aspen Heights: Columbus,Aspen Heights,Columbus,standard,1,1,0,3,181.92,545.76
orderid:960990,PS9-LN1X,orderid:960990,crmid:9651696009,2019-12-28T13:42:38.000Z,website,prd1141,1578058958,1578577358,2020-01-03T13:42:38+00:00,2020-01-09T13:42:38+00:00,Admiralty Plaza: Phoenix,Admiralty Plaza,Phoenix,standard,1,1,4,6,154.94,929.64
orderid:721828,TVQ-NYSH,orderid:721828,crmid:7921116256,2020-02-04T06:54:02.000Z,call center,prd1184,1581231242,1581576842,2020-02-09T06:54:02+00:00,2020-02-13T06:54:02+00:00,Aspen Heights: Arlington,Aspen Heights,Arlington,premium,1,1,0,4,128.28,513.12
orderid:253779,RPR-LB4G,orderid:253779,crmid:6789515063,2020-01-24T07:46:36.000Z,call center,prd1178,1580024796,1580283996,2020-01-26T07:46:36+00:00,2020-01-29T07:46:36+00:00,Blue Reef Resort: Colorado Springs,Blue Reef Resort,Colorado Springs,standard,1,1,0,3,133.84,401.52
orderid:683945,IDJ-8AIU,orderid:683945,crmid:5370351581,2020-01-05T09:31:15.000Z,kiosk,prd1179,1578562275,1579167075,2020-01-09T09:31:15+00:00,2020-01-16T09:31:15+00:00,Hospitality Inn: Miami,Hospitality Inn,Miami,standard,1,1,0,7,132.08,924.56
orderid:943155,SQI-2RHE,orderid:943155,crmid:5035407229,2019-12-10T21:31:04.000Z,kiosk,prd1033,1577914264,1578605464,2020-01-01T21:31:04+00:00,2020-01-09T21:31:04+00:00,Admiralty Plaza: Milwaukee,Admiralty Plaza,Milwaukee,standard,1,1,0,8,177.35,1418.8
orderid:948545,M4H-DO10,orderid:948545,crmid:1100708959,2019-12-20T02:21:01.000Z,mobile,prd1022,1577586061,1578190861,2019-12-29T02:21:01+00:00,2020-01-05T02:21:01+00:00,Blue Reef Resort: Washington DC,Blue Reef Resort,Washington DC,standard,1,1,2,7,125.78,880.46
orderid:336779,D7L-QXDF,orderid:336779,crmid:5751783411,2020-01-28T07:14:00.000Z,kiosk,prd1169,1582010040,1583392440,2020-02-18T07:14:00+00:00,2020-03-05T07:14:00+00:00,Grandeur Hotels: Tucson,Grandeur Hotels,Tucson,standard,1,1,0,16,108.32,1733.12
orderid:662207,F3P-SRRC,orderid:662207,crmid:1548913184,2020-01-30T09:27:57.000Z,website,prd1098,1581845277,1582018077,2020-02-16T09:27:57+00:00,2020-02-18T09:27:57+00:00,Restful Nights: Kiev,Restful Nights,Kiev,standard,1,1,3,2,171.6,343.2
orderid:959287,LI9-7IGG,orderid:959287,crmid:2723150821,2019-12-07T07:33:16.000Z,website,prd1106,1577950396,1578641596,2020-01-02T07:33:16+00:00,2020-01-10T07:33:16+00:00,Blue Reef Resort: Munich,Blue Reef Resort,Munich,standard,1,1,0,8,116.96,935.68
orderid:845039,JCB-DFZP,orderid:845039,crmid:3527665965,2020-01-21T17:07:16.000Z,mobile,prd1038,1581268036,1581700036,2020-02-09T17:07:16+00:00,2020-02-14T17:07:16+00:00,Restful Nights: Mesa,Restful Nights,Mesa,standard,1,1,3,5,119.78,598.9
orderid:312319,DTO-JZKB,orderid:312319,crmid:5722551085,2020-01-02T22:44:46.000Z,call center,prd1055,1579733086,1580337886,2020-01-22T22:44:46+00:00,2020-01-29T22:44:46+00:00,Nesting Box Inn: Bakersfield,Nesting Box Inn,Bakersfield,ultra-luxury,1,1,1,7,295.06,2065.42
orderid:994747,N8X-KYQA,orderid:994747,crmid:7241638396,2019-12-06T17:50:32.000Z,mobile,prd1062,1578246632,1578851432,2020-01-05T17:50:32+00:00,2020-01-12T17:50:32+00:00,Restful Nights: Moscow,Restful Nights,Moscow,luxury,1,1,0,7,354.58,2482.06
orderid:900117,L0P-Y2BQ,orderid:900117,crmid:7568914201,2020-01-28T04:40:36.000Z,mobile,prd1167,1580272836,1580532036,2020-01-29T04:40:36+00:00,2020-02-01T04:40:36+00:00,Hospitality Inn: Milwaukee,Hospitality Inn,Milwaukee,standard,1,1,0,3,169.02,507.06
orderid:551682,EBO-WZXE,orderid:551682,crmid:2711716361,2020-01-11T18:10:56.000Z,call center,prd1021,1581099056,1581617456,2020-02-07T18:10:56+00:00,2020-02-13T18:10:56+00:00,Admiralty Plaza: Denver,Admiralty Plaza,Denver,standard,1,1,0,6,148.61,891.66
orderid:699281,HM0-ZV14,orderid:699281,crmid:6951989731,2020-02-11T06:03:16.000Z,call center,prd1191,1583992996,1584338596,2020-03-12T06:03:16+00:00,2020-03-16T06:03:16+00:00,Hospitality Inn: Mumbai,Hospitality Inn,Mumbai,premium,1,1,0,4,174.38,697.52
orderid:340101,GME-HVJJ,orderid:340101,crmid:1391236895,2020-02-15T21:27:07.000Z,website,prd1166,1583530027,1584480427,2020-03-06T21:27:07+00:00,2020-03-17T21:27:07+00:00,Blue Reef Resort: Baltimore,Blue Reef Resort,Baltimore,standard,1,1,0,11,92.14,1013.54
orderid:250769,DR9-IEVX,orderid:250769,crmid:2822649546,2019-12-14T07:57:50.000Z,mobile,prd1005,1578383870,1579161470,2020-01-07T07:57:50+00:00,2020-01-16T07:57:50+00:00,Sapphire Suites: Los Angeles,Sapphire Suites,Los Angeles,standard,1,1,0,9,154.3,1388.7
orderid:381988,ZMJ-UVGO,orderid:381988,crmid:6416231817,2020-01-05T07:11:27.000Z,kiosk,prd1178,1578381087,1578813087,2020-01-07T07:11:27+00:00,2020-01-12T07:11:27+00:00,Blue Reef Resort: Colorado Springs,Blue Reef Resort,Colorado Springs,premium,1,1,0,5,111.59,557.95
orderid:614211,DOA-JVKE,orderid:614211,crmid:7730338914,2020-01-26T23:15:22.000Z,call center,prd1009,1580166922,1580339722,2020-01-27T23:15:22+00:00,2020-01-29T23:15:22+00:00,Admiralty Plaza: San Antonio,Admiralty Plaza,San Antonio,standard,1,1,0,2,144.07,288.14
orderid:187755,I8J-KQ8D,orderid:187755,crmid:1915762759,2020-01-12T23:24:38.000Z,website,prd1146,1580772278,1581204278,2020-02-03T23:24:38+00:00,2020-02-08T23:24:38+00:00,Restful Nights: San Jose,Restful Nights,San Jose,premium,1,1,0,5,134.74,673.7
orderid:332526,GHA-JNYR,orderid:332526,crmid:2612090736,2020-01-08T09:06:45.000Z,kiosk,prd1088,1578820005,1579338405,2020-01-12T09:06:45+00:00,2020-01-18T09:06:45+00:00,Aspen Heights: Ankara,Aspen Heights,Ankara,standard,1,1,0,6,167.79,1006.74
orderid:296297,OPH-IIZV,orderid:296297,crmid:4062694512,2020-01-13T16:22:55.000Z,kiosk,prd1076,1580833375,1581697375,2020-02-04T16:22:55+00:00,2020-02-14T16:22:55+00:00,Aspen Heights: Bogota,Aspen Heights,Bogota,standard,1,1,0,10,133.63,1336.3
orderid:771721,EJH-5M18,orderid:771721,crmid:4030883622,2020-01-13T17:12:46.000Z,call center,prd1052,1580490766,1582132366,2020-01-31T17:12:46+00:00,2020-02-19T17:12:46+00:00,Aspen Heights: Wichita,Aspen Heights,Wichita,standard,1,1,0,19,120.66,2292.54
orderid:129701,QTL-3BBE,orderid:129701,crmid:3842945044,2019-12-22T03:27:50.000Z,call center,prd1136,1577158070,1577590070,2019-12-24T03:27:50+00:00,2019-12-29T03:27:50+00:00,Aspen Heights: Osaka,Aspen Heights,Osaka,standard,1,1,0,5,181.06,905.3
orderid:375056,4OT-IN6I,orderid:375056,crmid:3686564665,2019-12-05T07:13:34.000Z,website,prd1194,1577258014,1577776414,2019-12-25T07:13:34+00:00,2019-12-31T07:13:34+00:00,Restful Nights: Tianjin,Restful Nights,Tianjin,standard,1,1,1,6,137.83,826.98
orderid:213073,3NL-TKPE,orderid:213073,crmid:2555257019,2019-12-20T00:22:52.000Z,call center,prd1052,1576887772,1576974172,2019-12-21T00:22:52+00:00,2019-12-22T00:22:52+00:00,Aspen Heights: Wichita,Aspen Heights,Wichita,standard,1,1,0,1,99.12,99.12
orderid:515519,SAV-I9AN,orderid:515519,crmid:7490576051,2019-12-26T19:41:50.000Z,website,prd1081,1579981310,1580672510,2020-01-25T19:41:50+00:00,2020-02-02T19:41:50+00:00,Admiralty Plaza: Rod de Janeiro,Admiralty Plaza,Rod de Janeiro,standard,1,1,0,8,167.58,1340.64
orderid:667473,R2K-OLRG,orderid:667473,crmid:7395544327,2019-12-27T00:10:43.000Z,website,prd1124,1578355843,1578874243,2020-01-07T00:10:43+00:00,2020-01-13T00:10:43+00:00,Aspen Heights: Leeds,Aspen Heights,Leeds,ultra-luxury,1,1,1,6,343.71,2062.26
orderid:285240,PAO-PXTA,orderid:285240,crmid:9081968889,2019-12-11T23:21:15.000Z,mobile,prd1167,1577402475,1577834475,2019-12-26T23:21:15+00:00,2019-12-31T23:21:15+00:00,Hospitality Inn: Milwaukee,Hospitality Inn,Milwaukee,standard,1,1,0,5,197.84,989.2
orderid:792557,JQL-WBPW,orderid:792557,crmid:2117181028,2019-12-09T09:35:40.000Z,mobile,prd1026,1578130540,1579080940,2020-01-04T09:35:40+00:00,2020-01-15T09:35:40+00:00,Restful Nights: Nashville,Restful Nights,Nashville,standard,1,1,0,11,183.22,2015.42
orderid:862926,IHM-BMK0,orderid:862926,crmid:9632065795,2019-12-18T14:01:20.000Z,website,prd1153,1578492080,1579442480,2020-01-08T14:01:20+00:00,2020-01-19T14:01:20+00:00,Admiralty Plaza: Charlotte,Admiralty Plaza,Charlotte,standard,1,1,0,11,163.45,1797.95
orderid:840532,XA4-P1AC,orderid:840532,crmid:7015165183,2019-12-25T19:32:33.000Z,call center,prd1004,1579289553,1580412753,2020-01-17T19:32:33+00:00,2020-01-30T19:32:33+00:00,Aspen Heights: Boulder,Aspen Heights,Boulder,standard,1,1,0,13,117.73,1530.49
orderid:220115,FQG-UTKC,orderid:220115,crmid:9729487186,2020-02-15T18:37:15.000Z,mobile,prd1110,1584211035,1584643035,2020-03-14T18:37:15+00:00,2020-03-19T18:37:15+00:00,Restful Nights: Sofia,Restful Nights,Sofia,standard,1,1,0,5,138.86,694.3
orderid:982849,XXZ-OJEA,orderid:982849,crmid:6052739881,2020-01-12T01:31:01.000Z,website,prd1152,1579656661,1579915861,2020-01-22T01:31:01+00:00,2020-01-25T01:31:01+00:00,Repose Resort: Indianapolis,Repose Resort,Indianapolis,standard,1,1,4,3,135.12,405.36
orderid:827274,SGV-OQFD,orderid:827274,crmid:3205188785,2019-12-24T01:12:41.000Z,mobile,prd1026,1577236361,1577409161,2019-12-25T01:12:41+00:00,2019-12-27T01:12:41+00:00,Restful Nights: Nashville,Restful Nights,Nashville,standard,1,1,0,2,166.17,332.34
orderid:980993,G5Z-C6R6,orderid:980993,crmid:1404109691,2020-02-07T23:20:49.000Z,service desk,prd1124,1583018449,1584400849,2020-02-29T23:20:49+00:00,2020-03-16T23:20:49+00:00,Aspen Heights: Leeds,Aspen Heights,Leeds,standard,1,1,0,16,125.73,2011.68
orderid:429705,8BH-FHXG,orderid:429705,crmid:3869993803,2020-01-17T09:22:39.000Z,kiosk,prd1113,1579598559,1579857759,2020-01-21T09:22:39+00:00,2020-01-24T09:22:39+00:00,Sapphire Suites: Kazan,Sapphire Suites,Kazan,standard,1,1,0,3,125.76,377.28
orderid:954713,F7S-20QS,orderid:954713,crmid:3535761287,2020-02-08T12:19:06.000Z,website,prd1164,1581250746,1581682746,2020-02-09T12:19:06+00:00,2020-02-14T12:19:06+00:00,Repose Resort: Las Vegas,Repose Resort,Las Vegas,standard,1,1,0,5,161.58,807.9
orderid:199347,NWR-2UVC,orderid:199347,crmid:3280739132,2019-12-24T16:47:30.000Z,website,prd1100,1577724450,1579020450,2019-12-30T16:47:30+00:00,2020-01-14T16:47:30+00:00,Aspen Heights: Misk,Aspen Heights,Misk,standard,1,1,0,15,133.77,2006.55
orderid:322580,BRD-HQWQ,orderid:322580,crmid:6622897499,2020-02-11T19:21:27.000Z,service desk,prd1004,1583695287,1584127287,2020-03-08T19:21:27+00:00,2020-03-13T19:21:27+00:00,Aspen Heights: Boulder,Aspen Heights,Boulder,standard,1,1,0,5,151.84,759.2
orderid:599197,NOX-CWII,orderid:599197,crmid:4665887121,2020-02-06T12:36:54.000Z,website,prd1130,1583325414,1584880614,2020-03-04T12:36:54+00:00,2020-03-22T12:36:54+00:00,Blue Reef Resort: Bremen,Blue Reef Resort,Bremen,premium,1,1,4,18,127.13,2288.34
orderid:441787,FCZ-F0UX,orderid:441787,crmid:6308092798,2019-12-19T11:45:01.000Z,website,prd1177,1579261501,1579520701,2020-01-17T11:45:01+00:00,2020-01-20T11:45:01+00:00,Admiralty Plaza: Raleigh,Admiralty Plaza,Raleigh,standard,1,1,0,3,174.25,522.75
orderid:690578,NCP-I0ZQ,orderid:690578,crmid:4689397025,2019-12-12T08:29:21.000Z,kiosk,prd1069,1578126561,1578731361,2020-01-04T08:29:21+00:00,2020-01-11T08:29:21+00:00,Admiralty Plaza: Singapore,Admiralty Plaza,Singapore,standard,1,1,2,7,136.34,954.38
orderid:684348,JW9-PVPD,orderid:684348,crmid:5961943499,2020-02-04T19:01:39.000Z,mobile,prd1172,1582398099,1582657299,2020-02-22T19:01:39+00:00,2020-02-25T19:01:39+00:00,Aspen Heights: Mesa,Aspen Heights,Mesa,standard,1,1,0,3,115.42,346.26
orderid:474555,ID2-3OSH,orderid:474555,crmid:9746608839,2019-12-22T14:31:19.000Z,kiosk,prd1196,1579185079,1579962679,2020-01-16T14:31:19+00:00,2020-01-25T14:31:19+00:00,Aspen Heights: Moscow,Aspen Heights,Moscow,standard,1,1,2,9,139.26,1253.34
orderid:158787,NYL-9BWF,orderid:158787,crmid:3248273728,2020-02-11T04:52:02.000Z,call center,prd1101,1583383922,1584852722,2020-03-05T04:52:02+00:00,2020-03-22T04:52:02+00:00,Sapphire Suites: Vienna,Sapphire Suites,Vienna,premium,1,1,0,17,123.47,2098.99
orderid:408979,LAF-01MB,orderid:408979,crmid:1644915321,2019-12-05T18:06:00.000Z,website,prd1057,1577642760,1577729160,2019-12-29T18:06:00+00:00,2019-12-30T18:06:00+00:00,Admiralty Plaza: Mumbai,Admiralty Plaza,Mumbai,luxury,1,1,0,1,349.8,349.8
orderid:837066,OW6-GR0L,orderid:837066,crmid:7440496261,2020-01-31T03:26:02.000Z,kiosk,prd1124,1582860362,1583205962,2020-02-28T03:26:02+00:00,2020-03-03T03:26:02+00:00,Aspen Heights: Leeds,Aspen Heights,Leeds,premium,1,1,2,4,137.22,548.88
orderid:684042,EXH-QXKR,orderid:684042,crmid:6443404682,2019-12-29T20:39:55.000Z,call center,prd1016,1579898395,1580503195,2020-01-24T20:39:55+00:00,2020-01-31T20:39:55+00:00,Aspen Heights: Columbus,Aspen Heights,Columbus,standard,1,1,0,7,108.44,759.08
orderid:753270,9VI-UCJC,orderid:753270,crmid:7055601957,2019-12-28T11:25:29.000Z,call center,prd1028,1579087529,1579605929,2020-01-15T11:25:29+00:00,2020-01-21T11:25:29+00:00,Aspen Heights: Portland,Aspen Heights,Portland,presidential-suite,1,1,0,6,879.19,5275.14
orderid:439933,IKJ-OP9Q,orderid:439933,crmid:8710941120,2020-01-27T03:52:24.000Z,website,prd1100,1582516344,1583034744,2020-02-24T03:52:24+00:00,2020-03-01T03:52:24+00:00,Aspen Heights: Misk,Aspen Heights,Misk,ultra-luxury,1,1,0,6,364.27,2185.62
orderid:959081,FME-KDBT,orderid:959081,crmid:3657927964,2020-01-24T16:58:34.000Z,kiosk,prd1075,1581440314,1582563514,2020-02-11T16:58:34+00:00,2020-02-24T16:58:34+00:00,Family Fun Hotels: Bangalore,Family Fun Hotels,Bangalore,standard,1,1,0,13,107.68,1399.84
orderid:215114,O9N-S8PS,orderid:215114,crmid:8200231348,2020-02-09T22:12:27.000Z,website,prd1033,1581372747,1581718347,2020-02-10T22:12:27+00:00,2020-02-14T22:12:27+00:00,Admiralty Plaza: Milwaukee,Admiralty Plaza,Milwaukee,premium,1,1,0,4,109.38,437.52
orderid:227810,PKI-MPU6,orderid:227810,crmid:8200231348,2020-02-15T00:00:00.000Z,website,prd1068,1581811200,1582070400,2020-02-16T00:00:00+00:00,2020-02-19T00:00:00+00:00,Repose Resort: Dhaka,Repose Resort,Dhaka,standard,1,1,0,3,146.89,440.67
orderid:608124,TKM-TLL4,orderid:608124,crmid:5299219164,2020-01-14T20:05:00.000Z,call center,prd1015,1581451500,1582229100,2020-02-11T20:05:00+00:00,2020-02-20T20:05:00+00:00,Family Fun Hotels: San Francisco,Family Fun Hotels,San Francisco,standard,1,1,0,9,175.33,1577.97
orderid:861273,MQG-TVRQ,orderid:861273,crmid:6502641413,2020-01-29T16:34:07.000Z,website,prd1183,1582302847,1582821247,2020-02-21T16:34:07+00:00,2020-02-27T16:34:07+00:00,Family Fun Hotels: Tulsa,Family Fun Hotels,Tulsa,premium,1,1,0,6,157.08,942.48
orderid:716190,7GX-JORO,orderid:716190,crmid:5698884552,2019-12-25T07:41:54.000Z,website,prd1033,1577864514,1578728514,2020-01-01T07:41:54+00:00,2020-01-11T07:41:54+00:00,Admiralty Plaza: Milwaukee,Admiralty Plaza,Milwaukee,premium,1,1,1,10,140.61,1406.1
orderid:381142,PU0-0OWE,orderid:381142,crmid:9969039612,2020-02-03T05:42:57.000Z,call center,prd1119,1582695777,1582954977,2020-02-26T05:42:57+00:00,2020-02-29T05:42:57+00:00,Hospitality Inn: Turin,Hospitality Inn,Turin,premium,1,1,2,3,164.65,493.95
orderid:857485,4GB-ERKO,orderid:857485,crmid:3085522796,2020-01-12T17:57:26.000Z,website,prd1045,1580579846,1581098246,2020-02-01T17:57:26+00:00,2020-02-07T17:57:26+00:00,Admiralty Plaza: Miami,Admiralty Plaza,Miami,ultra-luxury,1,1,0,6,290.21,1741.26
orderid:762549,QZV-Y7FP,orderid:762549,crmid:4375865578,2019-12-07T02:20:35.000Z,kiosk,prd1010,1577326835,1578018035,2019-12-26T02:20:35+00:00,2020-01-03T02:20:35+00:00,Blue Reef Resort: San Diego,Blue Reef Resort,San Diego,standard,1,1,0,8,104.47,835.76
orderid:405988,YJC-YALN,orderid:405988,crmid:1240476234,2019-12-11T21:03:18.000Z,website,prd1110,1578430998,1579035798,2020-01-07T21:03:18+00:00,2020-01-14T21:03:18+00:00,Restful Nights: Sofia,Restful Nights,Sofia,standard,1,1,0,7,77.25,540.75
orderid:725321,3ZX-ILTC,orderid:725321,crmid:9788968107,2020-02-14T18:11:36.000Z,call center,prd1142,1581963096,1582222296,2020-02-17T18:11:36+00:00,2020-02-20T18:11:36+00:00,Blue Reef Resort: Philadelphia,Blue Reef Resort,Philadelphia,standard,1,1,0,3,148.28,444.84
orderid:483946,6TD-HJZS,orderid:483946,crmid:3497831908,2020-01-15T23:15:56.000Z,website,prd1038,1580253356,1580858156,2020-01-28T23:15:56+00:00,2020-02-04T23:15:56+00:00,Restful Nights: Mesa,Restful Nights,Mesa,premium,1,1,0,7,116.26,813.82
orderid:849760,AE1-WVJ7,orderid:849760,crmid:2542821289,2020-02-11T06:57:25.000Z,kiosk,prd1179,1582786645,1583305045,2020-02-27T06:57:25+00:00,2020-03-04T06:57:25+00:00,Hospitality Inn: Miami,Hospitality Inn,Miami,ultra-luxury,1,1,0,6,296.92,1781.52
orderid:653619,NIA-Y8HG,orderid:653619,crmid:9986860820,2020-01-08T01:57:35.000Z,service desk,prd1070,1579658255,1579744655,2020-01-22T01:57:35+00:00,2020-01-23T01:57:35+00:00,Blue Reef Resort: Jakarta,Blue Reef Resort,Jakarta,premium,1,1,0,1,172.66,172.66
orderid:361500,VXR-DVFN,orderid:361500,crmid:1442158306,2020-01-13T22:00:38.000Z,call center,prd1121,1581544838,1582236038,2020-02-12T22:00:38+00:00,2020-02-20T22:00:38+00:00,Grandeur Hotels: Stockholm,Grandeur Hotels,Stockholm,standard,1,1,0,8,180.35,1442.8
orderid:825374,HZ1-B4FO,orderid:825374,crmid:5383599379,2020-02-11T20:55:49.000Z,website,prd1021,1582059349,1582491349,2020-02-18T20:55:49+00:00,2020-02-23T20:55:49+00:00,Admiralty Plaza: Denver,Admiralty Plaza,Denver,premium,1,1,0,5,136.46,682.3
orderid:917223,YPZ-1JQS,orderid:917223,crmid:3363066576,2020-02-07T16:55:41.000Z,service desk,prd1189,1581180941,1581267341,2020-02-08T16:55:41+00:00,2020-02-09T16:55:41+00:00,Admiralty Plaza: Bakersfield,Admiralty Plaza,Bakersfield,standard,1,1,0,1,165.28,165.28
orderid:203066,EGC-GRXN,orderid:203066,crmid:6039363798,2019-12-23T03:13:54.000Z,kiosk,prd1182,1578971634,1579144434,2020-01-14T03:13:54+00:00,2020-01-16T03:13:54+00:00,Restful Nights: Minneapolis,Restful Nights,Minneapolis,premium,1,1,0,2,152.98,305.96
orderid:134177,MOR-GGXP,orderid:134177,crmid:7422754064,2020-01-31T15:59:07.000Z,kiosk,prd1114,1582041547,1582559947,2020-02-18T15:59:07+00:00,2020-02-24T15:59:07+00:00,Sego Lily Suites: Brussels,Sego Lily Suites,Brussels,standard,1,1,0,6,131.0,786.0
orderid:474161,X0R-BFQR,orderid:474161,crmid:2153168162,2020-01-22T18:50:03.000Z,call center,prd1169,1579805403,1580237403,2020-01-23T18:50:03+00:00,2020-01-28T18:50:03+00:00,Grandeur Hotels: Tucson,Grandeur Hotels,Tucson,standard,1,1,0,5,140.72,703.6
orderid:298157,DLV-JCUL,orderid:298157,crmid:2153168162,2020-01-29T00:00:00.000Z,call center,prd1185,1580515200,1580688000,2020-02-01T00:00:00+00:00,2020-02-03T00:00:00+00:00,Sapphire Suites: New Orleans,Sapphire Suites,New Orleans,standard,1,1,0,2,174.39,348.78
orderid:498057,AMZ-GGSG,orderid:498057,crmid:2725946321,2019-12-24T17:52:14.000Z,kiosk,prd1038,1579369934,1580061134,2020-01-18T17:52:14+00:00,2020-01-26T17:52:14+00:00,Restful Nights: Mesa,Restful Nights,Mesa,premium,1,1,0,8,123.5,988.0
orderid:374552,MAT-6R2L,orderid:374552,crmid:3387044688,2020-01-27T04:05:24.000Z,service desk,prd1084,1580357124,1580789124,2020-01-30T04:05:24+00:00,2020-02-04T04:05:24+00:00,Sandhill: Santiago,Sandhill,Santiago,standard,1,1,0,5,131.54,657.7
orderid:990733,S6O-ETQ6,orderid:990733,crmid:4313976193,2020-02-14T22:07:30.000Z,call center,prd1002,1582063650,1582150050,2020-02-18T22:07:30+00:00,2020-02-19T22:07:30+00:00,Restful Nights: Chicago,Restful Nights,Chicago,standard,1,1,0,1,110.21,110.21
orderid:683286,O4F-KY1E,orderid:683286,crmid:5620725947,2020-02-02T14:34:46.000Z,website,prd1195,1580999686,1581172486,2020-02-06T14:34:46+00:00,2020-02-08T14:34:46+00:00,Family Fun Hotels: Lahore,Family Fun Hotels,Lahore,standard,1,1,0,2,130.66,261.32
orderid:210712,QJG-U87T,orderid:210712,crmid:3485160586,2020-01-09T22:09:57.000Z,website,prd1153,1580508597,1580940597,2020-01-31T22:09:57+00:00,2020-02-05T22:09:57+00:00,Admiralty Plaza: Charlotte,Admiralty Plaza,Charlotte,standard,1,1,0,5,131.6,658.0
orderid:437107,FRD-WXIP,orderid:437107,crmid:1420877670,2020-01-08T20:12:19.000Z,call center,prd1129,1579119139,1579464739,2020-01-15T20:12:19+00:00,2020-01-19T20:12:19+00:00,Admiralty Plaza: Helsinki,Admiralty Plaza,Helsinki,standard,1,1,0,4,147.31,589.24
orderid:371500,CO9-FCTO,orderid:371500,crmid:6789064059,2020-01-07T11:18:33.000Z,call center,prd1055,1578655113,1578741513,2020-01-10T11:18:33+00:00,2020-01-11T11:18:33+00:00,Nesting Box Inn: Bakersfield,Nesting Box Inn,Bakersfield,standard,1,1,0,1,175.44,175.44
orderid:324742,67Q-3C1S,orderid:324742,crmid:2130259656,2019-12-12T05:42:20.000Z,website,prd1009,1576302140,1576388540,2019-12-14T05:42:20+00:00,2019-12-15T05:42:20+00:00,Admiralty Plaza: San Antonio,Admiralty Plaza,San Antonio,standard,1,1,0,1,136.85,136.85
orderid:958102,NJC-QSSG,orderid:958102,crmid:4518955015,2019-12-30T12:46:12.000Z,mobile,prd1057,1577969172,1578401172,2020-01-02T12:46:12+00:00,2020-01-07T12:46:12+00:00,Admiralty Plaza: Mumbai,Admiralty Plaza,Mumbai,standard,1,1,0,5,158.56,792.8
orderid:635374,DAK-GWAM,orderid:635374,crmid:4518955015,2020-01-08T00:00:00.000Z,call center,prd1064,1578700800,1578787200,2020-01-11T00:00:00+00:00,2020-01-12T00:00:00+00:00,Aspen Heights: Paris,Aspen Heights,Paris,standard,1,1,0,1,161.84,161.84
orderid:757887,YTS-HG8Z,orderid:757887,crmid:6392281008,2020-02-06T19:17:56.000Z,service desk,prd1071,1581189476,1581535076,2020-02-08T19:17:56+00:00,2020-02-12T19:17:56+00:00,Hospitality Inn: Seoul,Hospitality Inn,Seoul,premium,1,1,0,4,136.23,544.92
orderid:508886,TRA-5LXS,orderid:508886,crmid:9444668332,2019-12-03T00:10:46.000Z,website,prd1081,1576195846,1576973446,2019-12-13T00:10:46+00:00,2019-12-22T00:10:46+00:00,Admiralty Plaza: Rod de Janeiro,Admiralty Plaza,Rod de Janeiro,standard,1,1,4,9,108.0,972.0
