{"_id": "e072c28c-53c8-11ea-af20-b88a60e194fb", "timestamp": "2019-12-24T03:07:31.000Z", "eventType": "transaction", "_adobeamericaspot3": {"CRMID": "crmid:3529668399", "orderDetails": {"orderID": "orderid:176521", "reservationid": "X3X-BR1G", "orderType": "kiosk"}}}
{"_id": "e0742238-53c8-11ea-99e1-b88a60e194fb", "timestamp": "2019-12-21T01:12:37.000Z", "eventType": "transaction", "_adobeamericaspot3": {"CRMID": "crmid:5224194823", "orderDetails": {"orderID": "orderid:974094", "reservationid": "FA0-XEDJ", "orderType": "website"}}}
{"_id": "e0758186-53c8-11ea-b3f6-b88a60e194fb", "timestamp": "2019-12-24T17:49:29.000Z", "eventType": "transaction", "_adobeamericaspot3": {"CRMID": "crmid:3057217774", "orderDetails": {"orderID": "orderid:605784", "reservationid": "CTF-SENY", "orderType": "call center"}}}
{"_id": "e07708d4-53c8-11ea-b6d1-b88a60e194fb", "timestamp": "2020-01-01T21:40:00.000Z", "eventType": "transaction", "_adobeamericaspot3": {"CRMID": "crmid:9201709436", "orderDetails": {"orderID": "orderid:309340", "reservationid": "2IH-4OZM", "orderType": "mobile"}}}
{"_id": "e07840ca-53c8-11ea-9809-b88a60e194fb", "timestamp": "2020-01-20T10:11:12.000Z", "eventType": "transaction", "_adobeamericaspot3": {"CRMID": "crmid:6897839655", "orderDetails": {"orderID": "orderid:907765", "reservationid": "EW5-0JXI", "orderType": "service desk"}}}
{"_id": "e0792b30-53c8-11ea-a53e-b88a60e194fb", "timestamp": "2019-12-24T19:55:36.000Z", "eventType": "transaction", "_adobeamericaspot3": {"CRMID": "crmid:5428284465", "orderDetails": {"orderID": "orderid:516461", "reservationid": "U8O-CBT6", "orderType": "website"}}}
{"_id": "e07a3cae-53c8-11ea-9f4b-b88a60e194fb", "timestamp": "2020-01-15T20:57:49.000Z", "eventType": "transaction", "_adobeamericaspot3": {"CRMID": "crmid:2842703086", "orderDetails": {"orderID": "orderid:642497", "reservationid": "5FM-CNEN", "orderType": "website"}}}
{"_id": "e07b26f6-53c8-11ea-8db1-b88a60e194fb", "timestamp": "2020-01-28T17:41:31.000Z", "eventType": "transaction", "_adobeamericaspot3": {"CRMID": "crmid:9464606930", "orderDetails": {"orderID": "orderid:908743", "reservationid": "IYI-IG6N", "orderType": "kiosk"}}}
{"_id": "e07c38a4-53c8-11ea-a52e-b88a60e194fb", "timestamp": "2020-01-05T22:41:29.000Z", "eventType": "transaction", "_adobeamericaspot3": {"CRMID": "crmid:9627547187", "orderDetails": {"orderID": "orderid:229325", "reservationid": "ADG-QOLA", "orderType": "call center"}}}
{"_id": "e07d229a-53c8-11ea-b009-b88a60e194fb", "timestamp": "2020-01-04T15:36:35.000Z", "eventType": "transaction", "_adobeamericaspot3": {"CRMID": "crmid:8108405422", "orderDetails": {"orderID": "orderid:696041", "reservationid": "1EZ-NIQN", "orderType": "website"}}}
{"_id": "e07e0d18-53c8-11ea-a8a8-b88a60e194fb", "timestamp": "2019-12-31T03:27:37.000Z", "eventType": "transaction", "_adobeamericaspot3": {"CRMID": "crmid:3440226784", "orderDetails": {"orderID": "orderid:760643", "reservationid": "NC9-I6CU", "orderType": "mobile"}}}
{"_id": "e07f1f24-53c8-11ea-a903-b88a60e194fb", "timestamp": "2019-12-26T22:43:40.000Z", "eventType": "transaction", "_adobeamericaspot3": {"CRMID": "crmid:8234519413", "orderDetails": {"orderID": "orderid:627994", "reservationid": "6P9-8K6Q", "orderType": "call center"}}}
{"_id": "e0805718-53c8-11ea-9590-b88a60e194fb", "timestamp": "2020-01-01T21:52:20.000Z", "eventType": "transaction", "_adobeamericaspot3": {"CRMID": "crmid:5749433425", "orderDetails": {"orderID": "orderid:539302", "reservationid": "CKT-HRKF", "orderType": "website"}}}
{"_id": "e08204c8-53c8-11ea-a797-b88a60e194fb", "timestamp": "2020-02-07T16:13:49.000Z", "eventType": "transaction", "_adobeamericaspot3": {"CRMID": "crmid:8323918142", "orderDetails": {"orderID": "orderid:416765", "reservationid": "2VC-KGJ0", "orderType": "website"}}}
{"_id": "e082ef24-53c8-11ea-959a-b88a60e194fb", "timestamp": "2020-01-12T03:21:32.000Z", "eventType": "transaction", "_adobeamericaspot3": {"CRMID": "crmid:3468796627", "orderDetails": {"orderID": "orderid:665720", "reservationid": "I17-JD0C", "orderType": "call center"}}}
{"_id": "e084279c-53c8-11ea-8eed-b88a60e194fb", "timestamp": "2019-12-03T06:40:21.000Z", "eventType": "transaction", "_adobeamericaspot3": {"CRMID": "crmid:6134450522", "orderDetails": {"orderID": "orderid:690653", "reservationid": "HC6-LHLC", "orderType": "call center"}}}
{"_id": "e0856018-53c8-11ea-8910-b88a60e194fb", "timestamp": "2019-12-27T13:00:06.000Z", "eventType": "transaction", "_adobeamericaspot3": {"CRMID": "crmid:9669852768", "orderDetails": {"orderID": "orderid:903192", "reservationid": "F4C-J6V1", "orderType": "call center"}}}
{"_id": "e086bfb0-53c8-11ea-94f8-b88a60e194fb", "timestamp": "2019-12-23T12:02:22.000Z", "eventType": "transaction", "_adobeamericaspot3": {"CRMID": "crmid:3949384602", "orderDetails": {"orderID": "orderid:379438", "reservationid": "JMO-0QDG", "orderType": "website"}}}
{"_id": "e087d126-53c8-11ea-9e3b-b88a60e194fb", "timestamp": "2020-02-04T14:47:08.000Z", "eventType": "transaction", "_adobeamericaspot3": {"CRMID": "crmid:3233039112", "orderDetails": {"orderID": "orderid:722200", "reservationid": "KFJ-P8YH", "orderType": "website"}}}
{"_id": "e08909ac-53c8-11ea-9a11-b88a60e194fb", "timestamp": "2019-12-11T00:45:10.000Z", "eventType": "transaction", "_adobeamericaspot3": {"CRMID": "crmid:8634411374", "orderDetails": {"orderID": "orderid:455374", "reservationid": "SEH-EAVB", "orderType": "website"}}}
{"_id": "e08a4226-53c8-11ea-bfde-b88a60e194fb", "timestamp": "2019-12-11T07:57:09.000Z", "eventType": "transaction", "_adobeamericaspot3": {"CRMID": "crmid:5503517685", "orderDetails": {"orderID": "orderid:345764", "reservationid": "TOW-XGJB", "orderType": "kiosk"}}}
{"_id": "e08b2c74-53c8-11ea-bf7c-b88a60e194fb", "timestamp": "2020-01-27T15:13:58.000Z", "eventType": "transaction", "_adobeamericaspot3": {"CRMID": "crmid:5808001367", "orderDetails": {"orderID": "orderid:347068", "reservationid": "O9P-EAZK", "orderType": "kiosk"}}}
{"_id": "e08c3dca-53c8-11ea-b135-b88a60e194fb", "timestamp": "2019-12-21T13:11:16.000Z", "eventType": "transaction", "_adobeamericaspot3": {"CRMID": "crmid:7757810073", "orderDetails": {"orderID": "orderid:132343", "reservationid": "IJ9-Y5JA", "orderType": "mobile"}}}
{"_id": "e08c64d8-53c8-11ea-87c1-b88a60e194fb", "timestamp": "2019-12-25T00:00:00.000Z", "eventType": "transaction", "_adobeamericaspot3": {"CRMID": "crmid:7757810073", "orderDetails": {"orderID": "orderid:649646", "reservationid": "2T4-ZXSD", "orderType": "call center"}}}
{"_id": "e08dc480-53c8-11ea-8662-b88a60e194fb", "timestamp": "2019-12-16T14:53:31.000Z", "eventType": "transaction", "_adobeamericaspot3": {"CRMID": "crmid:2490780056", "orderDetails": {"orderID": "orderid:522252", "reservationid": "A1P-425G", "orderType": "mobile"}}}
{"_id": "e08f241c-53c8-11ea-a23b-b88a60e194fb", "timestamp": "2020-02-16T12:01:18.000Z", "eventType": "transaction", "_adobeamericaspot3": {"CRMID": "crmid:7752225313", "orderDetails": {"orderID": "orderid:459314", "reservationid": "PDU-HMGF", "orderType": "website"}}}
{"_id": "e0905c9e-53c8-11ea-a31f-b88a60e194fb", "timestamp": "2020-02-12T15:40:23.000Z", "eventType": "transaction", "_adobeamericaspot3": {"CRMID": "crmid:3537703542", "orderDetails": {"orderID": "orderid:496428", "reservationid": "IYZ-A2JK", "orderType": "website"}}}
{"_id": "e0920a46-53c8-11ea-9aa8-b88a60e194fb", "timestamp": "2019-12-27T23:34:18.000Z", "eventType": "transaction", "_adobeamericaspot3": {"CRMID": "crmid:6218307025", "orderDetails": {"orderID": "orderid:957327", "reservationid": "FDQ-ZIJ5", "orderType": "website"}}}
{"_id": "e0931bba-53c8-11ea-84be-b88a60e194fb", "timestamp": "2020-01-25T14:58:26.000Z", "eventType": "transaction", "_adobeamericaspot3": {"CRMID": "crmid:8212885731", "orderDetails": {"orderID": "orderid:481830", "reservationid": "QI5-MQIN", "orderType": "kiosk"}}}
{"_id": "e094543a-53c8-11ea-97df-b88a60e194fb", "timestamp": "2020-02-01T19:59:49.000Z", "eventType": "transaction", "_adobeamericaspot3": {"CRMID": "crmid:4503610176", "orderDetails": {"orderID": "orderid:547540", "reservationid": "OA0-AHKO", "orderType": "kiosk"}}}
{"_id": "e0947b52-53c8-11ea-9acd-b88a60e194fb", "timestamp": "2020-02-05T00:00:00.000Z", "eventType": "transaction", "_adobeamericaspot3": {"CRMID": "crmid:4503610176", "orderDetails": {"orderID": "orderid:742110", "reservationid": "EXV-BZNY", "orderType": "website"}}}
{"_id": "e0958cc2-53c8-11ea-b01f-b88a60e194fb", "timestamp": "2020-02-09T21:13:35.000Z", "eventType": "transaction", "_adobeamericaspot3": {"CRMID": "crmid:1606017612", "orderDetails": {"orderID": "orderid:273894", "reservationid": "XRV-7M1S", "orderType": "kiosk"}}}
{"_id": "e096c51e-53c8-11ea-b087-b88a60e194fb", "timestamp": "2020-01-12T11:46:05.000Z", "eventType": "transaction", "_adobeamericaspot3": {"CRMID": "crmid:6092796253", "orderDetails": {"orderID": "orderid:631981", "reservationid": "CDI-YMAO", "orderType": "mobile"}}}
{"_id": "e097d6ae-53c8-11ea-b94f-b88a60e194fb", "timestamp": "2020-01-05T21:22:14.000Z", "eventType": "transaction", "_adobeamericaspot3": {"CRMID": "crmid:4250650327", "orderDetails": {"orderID": "orderid:319060", "reservationid": "B5A-MXFP", "orderType": "kiosk"}}}
{"_id": "e0990f26-53c8-11ea-80f9-b88a60e194fb", "timestamp": "2019-12-20T06:01:16.000Z", "eventType": "transaction", "_adobeamericaspot3": {"CRMID": "crmid:4658414574", "orderDetails": {"orderID": "orderid:674564", "reservationid": "TOR-89E1", "orderType": "call center"}}}
{"_id": "e099d29e-53c8-11ea-a862-b88a60e194fb", "timestamp": "2020-02-02T02:59:11.000Z", "eventType": "transaction", "_adobeamericaspot3": {"CRMID": "crmid:7039959593", "orderDetails": {"orderID": "orderid:850716", "reservationid": "6VR-OWXD", "orderType": "website"}}}
{"_id": "e09e6646-53c8-11ea-bb2a-b88a60e194fb", "timestamp": "2019-12-23T06:28:44.000Z", "eventType": "transaction", "_adobeamericaspot3": {"CRMID": "crmid:4098674508", "orderDetails": {"orderID": "orderid:762369", "reservationid": "WKF-4GJD", "orderType": "call center"}}}
{"_id": "e09f7828-53c8-11ea-a33f-b88a60e194fb", "timestamp": "2019-12-22T05:31:02.000Z", "eventType": "transaction", "_adobeamericaspot3": {"CRMID": "crmid:9022040330", "orderDetails": {"orderID": "orderid:753166", "reservationid": "NQK-DAA3", "orderType": "kiosk"}}}
{"_id": "e0a08922-53c8-11ea-b6d5-b88a60e194fb", "timestamp": "2020-01-31T16:13:24.000Z", "eventType": "transaction", "_adobeamericaspot3": {"CRMID": "crmid:1038892318", "orderDetails": {"orderID": "orderid:108826", "reservationid": "Y3X-UXPG", "orderType": "call center"}}}
{"_id": "e0a19ad0-53c8-11ea-aa76-b88a60e194fb", "timestamp": "2019-12-05T06:30:34.000Z", "eventType": "transaction", "_adobeamericaspot3": {"CRMID": "crmid:6989458524", "orderDetails": {"orderID": "orderid:807378", "reservationid": "5F4-LTYA", "orderType": "kiosk"}}}
{"_id": "e0a2ac1c-53c8-11ea-96b9-b88a60e194fb", "timestamp": "2020-01-03T06:42:42.000Z", "eventType": "transaction", "_adobeamericaspot3": {"CRMID": "crmid:2365612414", "orderDetails": {"orderID": "orderid:502851", "reservationid": "QF6-MCAN", "orderType": "mobile"}}}
{"_id": "e0a3e49c-53c8-11ea-a8c6-b88a60e194fb", "timestamp": "2019-12-20T02:00:59.000Z", "eventType": "transaction", "_adobeamericaspot3": {"CRMID": "crmid:4540931153", "orderDetails": {"orderID": "orderid:631997", "reservationid": "LUD-DP11", "orderType": "mobile"}}}
{"_id": "e0a51d18-53c8-11ea-b3c2-b88a60e194fb", "timestamp": "2019-12-01T22:26:00.000Z", "eventType": "transaction", "_adobeamericaspot3": {"CRMID": "crmid:6368212258", "orderDetails": {"orderID": "orderid:620386", "reservationid": "A0W-6HST", "orderType": "call center"}}}
{"_id": "e0a62eb0-53c8-11ea-ab89-b88a60e194fb", "timestamp": "2020-01-13T15:43:41.000Z", "eventType": "transaction", "_adobeamericaspot3": {"CRMID": "crmid:2282823634", "orderDetails": {"orderID": "orderid:705543", "reservationid": "U1M-KYMP", "orderType": "kiosk"}}}
{"_id": "e0a78eda-53c8-11ea-80ed-b88a60e194fb", "timestamp": "2019-12-30T08:22:35.000Z", "eventType": "transaction", "_adobeamericaspot3": {"CRMID": "crmid:8611704491", "orderDetails": {"orderID": "orderid:999824", "reservationid": "NA9-CDZZ", "orderType": "call center"}}}
{"_id": "e0a8edac-53c8-11ea-aa8e-b88a60e194fb", "timestamp": "2020-01-26T07:44:13.000Z", "eventType": "transaction", "_adobeamericaspot3": {"CRMID": "crmid:3741313693", "orderDetails": {"orderID": "orderid:804267", "reservationid": "GHA-U2Q8", "orderType": "mobile"}}}
{"_id": "e0aa2622-53c8-11ea-9c89-b88a60e194fb", "timestamp": "2020-01-14T14:56:10.000Z", "eventType": "transaction", "_adobeamericaspot3": {"CRMID": "crmid:4734430512", "orderDetails": {"orderID": "orderid:343489", "reservationid": "BAG-YT01", "orderType": "kiosk"}}}
{"_id": "e0abacca-53c8-11ea-b105-b88a60e194fb", "timestamp": "2020-01-28T10:07:36.000Z", "eventType": "transaction", "_adobeamericaspot3": {"CRMID": "crmid:9205693565", "orderDetails": {"orderID": "orderid:504396", "reservationid": "JXF-OWGW", "orderType": "call center"}}}
{"_id": "e0ac9718-53c8-11ea-9224-b88a60e194fb", "timestamp": "2020-01-23T23:11:26.000Z", "eventType": "transaction", "_adobeamericaspot3": {"CRMID": "crmid:8529523667", "orderDetails": {"orderID": "orderid:798155", "reservationid": "GLD-QAHS", "orderType": "mobile"}}}
{"_id": "e0ada8a8-53c8-11ea-8523-b88a60e194fb", "timestamp": "2020-01-09T02:56:44.000Z", "eventType": "transaction", "_adobeamericaspot3": {"CRMID": "crmid:1160494431", "orderDetails": {"orderID": "orderid:243879", "reservationid": "PHN-A55I", "orderType": "mobile"}}}
{"_id": "e0ada8a9-53c8-11ea-9cd5-b88a60e194fb", "timestamp": "2020-01-15T00:00:00.000Z", "eventType": "transaction", "_adobeamericaspot3": {"CRMID": "crmid:1160494431", "orderDetails": {"orderID": "orderid:797232", "reservationid": "IFP-C7QJ", "orderType": "call center"}}}
{"_id": "e0aeba24-53c8-11ea-8ef7-b88a60e194fb", "timestamp": "2019-12-27T11:10:56.000Z", "eventType": "transaction", "_adobeamericaspot3": {"CRMID": "crmid:7803591054", "orderDetails": {"orderID": "orderid:722408", "reservationid": "XYU-YBI9", "orderType": "service desk"}}}
{"_id": "e0afa45e-53c8-11ea-a451-b88a60e194fb", "timestamp": "2020-01-17T18:01:59.000Z", "eventType": "transaction", "_adobeamericaspot3": {"CRMID": "crmid:8061147183", "orderDetails": {"orderID": "orderid:908854", "reservationid": "LLP-QFIP", "orderType": "website"}}}
{"_id": "e0b08ec6-53c8-11ea-b58d-b88a60e194fb", "timestamp": "2020-01-23T19:52:15.000Z", "eventType": "transaction", "_adobeamericaspot3": {"CRMID": "crmid:6818732911", "orderDetails": {"orderID": "orderid:445261", "reservationid": "9E5-DVFH", "orderType": "website"}}}
{"_id": "e0b1521c-53c8-11ea-b350-b88a60e194fb", "timestamp": "2020-02-03T23:08:31.000Z", "eventType": "transaction", "_adobeamericaspot3": {"CRMID": "crmid:7692347234", "orderDetails": {"orderID": "orderid:958738", "reservationid": "CQV-CRBM", "orderType": "call center"}}}
{"_id": "e0b26392-53c8-11ea-9d4c-b88a60e194fb", "timestamp": "2020-01-24T01:06:38.000Z", "eventType": "transaction", "_adobeamericaspot3": {"CRMID": "crmid:9432195560", "orderDetails": {"orderID": "orderid:279576", "reservationid": "4YC-C0AE", "orderType": "kiosk"}}}
{"_id": "e0b39c00-53c8-11ea-816e-b88a60e194fb", "timestamp": "2020-01-20T16:05:56.000Z", "eventType": "transaction", "_adobeamericaspot3": {"CRMID": "crmid:6770008930", "orderDetails": {"orderID": "orderid:798877", "reservationid": "QIZ-MNRY", "orderType": "website"}}}
{"_id": "e0b4865c-53c8-11ea-8e43-b88a60e194fb", "timestamp": "2019-12-01T12:13:59.000Z", "eventType": "transaction", "_adobeamericaspot3": {"CRMID": "crmid:9507933165", "orderDetails": {"orderID": "orderid:761858", "reservationid": "PAQ-FEMI", "orderType": "website"}}}
{"_id": "e0b5bef8-53c8-11ea-aa9a-b88a60e194fb", "timestamp": "2020-01-27T00:51:39.000Z", "eventType": "transaction", "_adobeamericaspot3": {"CRMID": "crmid:4709370591", "orderDetails": {"orderID": "orderid:728279", "reservationid": "ACO-Q98Q", "orderType": "website"}}}
{"_id": "e0b5e682-53c8-11ea-a27d-b88a60e194fb", "timestamp": "2020-01-31T00:00:00.000Z", "eventType": "transaction", "_adobeamericaspot3": {"CRMID": "crmid:4709370591", "orderDetails": {"orderID": "orderid:170942", "reservationid": "OBI-TEJU", "orderType": "kiosk"}}}
{"_id": "e0b6a962-53c8-11ea-9194-b88a60e194fb", "timestamp": "2020-01-26T03:57:07.000Z", "eventType": "transaction", "_adobeamericaspot3": {"CRMID": "crmid:5068311858", "orderDetails": {"orderID": "orderid:378862", "reservationid": "SRG-7AZL", "orderType": "call center"}}}
{"_id": "e0b7e1ba-53c8-11ea-bf87-b88a60e194fb", "timestamp": "2019-12-07T08:24:30.000Z", "eventType": "transaction", "_adobeamericaspot3": {"CRMID": "crmid:2754427280", "orderDetails": {"orderID": "orderid:934362", "reservationid": "R4Z-4JD7", "orderType": "service desk"}}}
{"_id": "e0b8f340-53c8-11ea-8dda-b88a60e194fb", "timestamp": "2019-12-29T02:48:25.000Z", "eventType": "transaction", "_adobeamericaspot3": {"CRMID": "crmid:6846710134", "orderDetails": {"orderID": "orderid:356689", "reservationid": "JPN-CUZS", "orderType": "website"}}}
{"_id": "e0ba04b6-53c8-11ea-b883-b88a60e194fb", "timestamp": "2019-12-21T02:11:02.000Z", "eventType": "transaction", "_adobeamericaspot3": {"CRMID": "crmid:5039179952", "orderDetails": {"orderID": "orderid:169749", "reservationid": "WCA-O6HO", "orderType": "kiosk"}}}
{"_id": "e0bb1630-53c8-11ea-9552-b88a60e194fb", "timestamp": "2019-12-11T05:46:40.000Z", "eventType": "transaction", "_adobeamericaspot3": {"CRMID": "crmid:3212407450", "orderDetails": {"orderID": "orderid:970011", "reservationid": "OZF-UV0Y", "orderType": "call center"}}}
{"_id": "e0bbd97a-53c8-11ea-9f4d-b88a60e194fb", "timestamp": "2020-02-06T17:39:38.000Z", "eventType": "transaction", "_adobeamericaspot3": {"CRMID": "crmid:6353302749", "orderDetails": {"orderID": "orderid:203556", "reservationid": "0LP-JTR5", "orderType": "service desk"}}}
{"_id": "e0bcc3e2-53c8-11ea-812e-b88a60e194fb", "timestamp": "2020-01-19T00:19:46.000Z", "eventType": "transaction", "_adobeamericaspot3": {"CRMID": "crmid:7888595943", "orderDetails": {"orderID": "orderid:199478", "reservationid": "DJA-GIRJ", "orderType": "website"}}}
{"_id": "e0bdae10-53c8-11ea-826b-b88a60e194fb", "timestamp": "2020-02-07T16:22:50.000Z", "eventType": "transaction", "_adobeamericaspot3": {"CRMID": "crmid:5308398313", "orderDetails": {"orderID": "orderid:692880", "reservationid": "8XB-GGEV", "orderType": "website"}}}
{"_id": "e0bee74c-53c8-11ea-8562-b88a60e194fb", "timestamp": "2019-12-05T18:55:03.000Z", "eventType": "transaction", "_adobeamericaspot3": {"CRMID": "crmid:8550832638", "orderDetails": {"orderID": "orderid:371893", "reservationid": "16M-LGCL", "orderType": "mobile"}}}
{"_id": "e0bfd114-53c8-11ea-8875-b88a60e194fb", "timestamp": "2020-01-04T17:45:56.000Z", "eventType": "transaction", "_adobeamericaspot3": {"CRMID": "crmid:9699674925", "orderDetails": {"orderID": "orderid:337363", "reservationid": "XJD-M1JP", "orderType": "kiosk"}}}
{"_id": "e0c1098c-53c8-11ea-bc37-b88a60e194fb", "timestamp": "2019-12-30T06:38:10.000Z", "eventType": "transaction", "_adobeamericaspot3": {"CRMID": "crmid:1112558521", "orderDetails": {"orderID": "orderid:438086", "reservationid": "DMC-K2KY", "orderType": "mobile"}}}
{"_id": "e0c1f3f8-53c8-11ea-94db-b88a60e194fb", "timestamp": "2019-12-29T20:15:54.000Z", "eventType": "transaction", "_adobeamericaspot3": {"CRMID": "crmid:3966406637", "orderDetails": {"orderID": "orderid:288428", "reservationid": "QDH-VRDY", "orderType": "website"}}}
{"_id": "e0c3059a-53c8-11ea-a55b-b88a60e194fb", "timestamp": "2020-01-11T08:46:32.000Z", "eventType": "transaction", "_adobeamericaspot3": {"CRMID": "crmid:9533554402", "orderDetails": {"orderID": "orderid:409646", "reservationid": "ML4-MXDV", "orderType": "call center"}}}
{"_id": "e0c43dc2-53c8-11ea-9fcc-b88a60e194fb", "timestamp": "2019-12-31T13:49:02.000Z", "eventType": "transaction", "_adobeamericaspot3": {"CRMID": "crmid:3019621290", "orderDetails": {"orderID": "orderid:400120", "reservationid": "LQY-2KBR", "orderType": "call center"}}}
{"_id": "e0c54f58-53c8-11ea-bfc4-b88a60e194fb", "timestamp": "2020-02-10T11:44:49.000Z", "eventType": "transaction", "_adobeamericaspot3": {"CRMID": "crmid:7286787861", "orderDetails": {"orderID": "orderid:334527", "reservationid": "HPK-ZFF7", "orderType": "kiosk"}}}
{"_id": "e0c660de-53c8-11ea-9d1f-b88a60e194fb", "timestamp": "2020-02-06T06:59:08.000Z", "eventType": "transaction", "_adobeamericaspot3": {"CRMID": "crmid:7113872039", "orderDetails": {"orderID": "orderid:386219", "reservationid": "8Z2-WDU6", "orderType": "call center"}}}
{"_id": "e0c74b38-53c8-11ea-a5d0-b88a60e194fb", "timestamp": "2019-12-21T15:44:10.000Z", "eventType": "transaction", "_adobeamericaspot3": {"CRMID": "crmid:7282497872", "orderDetails": {"orderID": "orderid:255338", "reservationid": "EJD-1QCM", "orderType": "website"}}}
{"_id": "e0c883a4-53c8-11ea-a80e-b88a60e194fb", "timestamp": "2020-01-01T08:58:03.000Z", "eventType": "transaction", "_adobeamericaspot3": {"CRMID": "crmid:6912099716", "orderDetails": {"orderID": "orderid:106115", "reservationid": "ROL-DJDG", "orderType": "website"}}}
{"_id": "e0c99536-53c8-11ea-a595-b88a60e194fb", "timestamp": "2019-12-11T03:40:16.000Z", "eventType": "transaction", "_adobeamericaspot3": {"CRMID": "crmid:7560747501", "orderDetails": {"orderID": "orderid:918324", "reservationid": "QA7-G7KF", "orderType": "website"}}}
{"_id": "e0caf4cc-53c8-11ea-bc26-b88a60e194fb", "timestamp": "2020-01-15T15:23:05.000Z", "eventType": "transaction", "_adobeamericaspot3": {"CRMID": "crmid:3592355656", "orderDetails": {"orderID": "orderid:516972", "reservationid": "RWA-OJNA", "orderType": "call center"}}}
{"_id": "e0cc543e-53c8-11ea-8e5d-b88a60e194fb", "timestamp": "2019-12-15T06:58:47.000Z", "eventType": "transaction", "_adobeamericaspot3": {"CRMID": "crmid:5896924342", "orderDetails": {"orderID": "orderid:519561", "reservationid": "53D-XYN4", "orderType": "website"}}}
{"_id": "e0cd8cae-53c8-11ea-914d-b88a60e194fb", "timestamp": "2019-12-06T02:25:48.000Z", "eventType": "transaction", "_adobeamericaspot3": {"CRMID": "crmid:3729871715", "orderDetails": {"orderID": "orderid:310800", "reservationid": "Y8X-DK02", "orderType": "mobile"}}}
{"_id": "e0ceec36-53c8-11ea-b3ab-b88a60e194fb", "timestamp": "2019-12-07T06:04:00.000Z", "eventType": "transaction", "_adobeamericaspot3": {"CRMID": "crmid:2486973703", "orderDetails": {"orderID": "orderid:811344", "reservationid": "FNA-PK5Q", "orderType": "mobile"}}}
{"_id": "e0d02546-53c8-11ea-a554-b88a60e194fb", "timestamp": "2020-02-13T03:15:53.000Z", "eventType": "transaction", "_adobeamericaspot3": {"CRMID": "crmid:9391062656", "orderDetails": {"orderID": "orderid:831581", "reservationid": "EEF-W8YR", "orderType": "website"}}}
{"_id": "e0d10f24-53c8-11ea-867f-b88a60e194fb", "timestamp": "2020-02-07T10:48:38.000Z", "eventType": "transaction", "_adobeamericaspot3": {"CRMID": "crmid:8983539065", "orderDetails": {"orderID": "orderid:235516", "reservationid": "TLV-9WKP", "orderType": "website"}}}
{"_id": "e0d1d268-53c8-11ea-8c17-b88a60e194fb", "timestamp": "2020-01-10T21:03:04.000Z", "eventType": "transaction", "_adobeamericaspot3": {"CRMID": "crmid:2146458806", "orderDetails": {"orderID": "orderid:719213", "reservationid": "Y5H-HMCP", "orderType": "call center"}}}
{"_id": "e0d2bcc6-53c8-11ea-96a4-b88a60e194fb", "timestamp": "2019-12-10T21:44:54.000Z", "eventType": "transaction", "_adobeamericaspot3": {"CRMID": "crmid:1231682994", "orderDetails": {"orderID": "orderid:768841", "reservationid": "KHW-1KBR", "orderType": "website"}}}
{"_id": "e0d3a73e-53c8-11ea-863a-b88a60e194fb", "timestamp": "2019-12-10T07:41:54.000Z", "eventType": "transaction", "_adobeamericaspot3": {"CRMID": "crmid:9728362218", "orderDetails": {"orderID": "orderid:751933", "reservationid": "GPM-WGNR", "orderType": "call center"}}}
{"_id": "e0d4920a-53c8-11ea-b886-b88a60e194fb", "timestamp": "2020-01-13T03:32:47.000Z", "eventType": "transaction", "_adobeamericaspot3": {"CRMID": "crmid:9045166225", "orderDetails": {"orderID": "orderid:815719", "reservationid": "ITE-D9SR", "orderType": "mobile"}}}
{"_id": "e0d57c02-53c8-11ea-87cf-b88a60e194fb", "timestamp": "2019-12-14T16:24:22.000Z", "eventType": "transaction", "_adobeamericaspot3": {"CRMID": "crmid:7633127282", "orderDetails": {"orderID": "orderid:640401", "reservationid": "LRJ-CHNQ", "orderType": "call center"}}}
{"_id": "e0d66658-53c8-11ea-92c9-b88a60e194fb", "timestamp": "2020-01-25T06:12:53.000Z", "eventType": "transaction", "_adobeamericaspot3": {"CRMID": "crmid:6936866611", "orderDetails": {"orderID": "orderid:255130", "reservationid": "DW1-4KZ6", "orderType": "website"}}}
{"_id": "e0d79ec6-53c8-11ea-ab3f-b88a60e194fb", "timestamp": "2019-12-17T11:56:40.000Z", "eventType": "transaction", "_adobeamericaspot3": {"CRMID": "crmid:5434128643", "orderDetails": {"orderID": "orderid:776514", "reservationid": "Y4C-GNRA", "orderType": "website"}}}
{"_id": "e0d83af6-53c8-11ea-adda-b88a60e194fb", "timestamp": "2020-02-05T01:11:14.000Z", "eventType": "transaction", "_adobeamericaspot3": {"CRMID": "crmid:1629692123", "orderDetails": {"orderID": "orderid:538394", "reservationid": "SNC-ATAY", "orderType": "website"}}}
{"_id": "e0d8fe5c-53c8-11ea-9475-b88a60e194fb", "timestamp": "2019-12-10T04:09:54.000Z", "eventType": "transaction", "_adobeamericaspot3": {"CRMID": "crmid:3498278507", "orderDetails": {"orderID": "orderid:395967", "reservationid": "KX7-4XO1", "orderType": "website"}}}
{"_id": "e0da36f0-53c8-11ea-a0f9-b88a60e194fb", "timestamp": "2019-12-10T00:52:46.000Z", "eventType": "transaction", "_adobeamericaspot3": {"CRMID": "crmid:4704450636", "orderDetails": {"orderID": "orderid:676832", "reservationid": "TC5-LX57", "orderType": "website"}}}
{"_id": "e0db4864-53c8-11ea-8381-b88a60e194fb", "timestamp": "2020-01-19T11:36:13.000Z", "eventType": "transaction", "_adobeamericaspot3": {"CRMID": "crmid:5792836481", "orderDetails": {"orderID": "orderid:158884", "reservationid": "NNB-ZJWF", "orderType": "mobile"}}}
{"_id": "e0dc32cc-53c8-11ea-b292-b88a60e194fb", "timestamp": "2020-01-01T03:22:27.000Z", "eventType": "transaction", "_adobeamericaspot3": {"CRMID": "crmid:4322218389", "orderDetails": {"orderID": "orderid:102143", "reservationid": "UPD-RTWU", "orderType": "website"}}}
{"_id": "e0dd4412-53c8-11ea-997d-b88a60e194fb", "timestamp": "2020-01-26T22:37:34.000Z", "eventType": "transaction", "_adobeamericaspot3": {"CRMID": "crmid:5912395588", "orderDetails": {"orderID": "orderid:887068", "reservationid": "LH1-YII3", "orderType": "service desk"}}}
{"_id": "e0de2e70-53c8-11ea-8b4e-b88a60e194fb", "timestamp": "2020-01-07T04:40:55.000Z", "eventType": "transaction", "_adobeamericaspot3": {"CRMID": "crmid:5756205520", "orderDetails": {"orderID": "orderid:976184", "reservationid": "IGT-QXPO", "orderType": "kiosk"}}}
{"_id": "e0df18d4-53c8-11ea-b12c-b88a60e194fb", "timestamp": "2020-02-13T16:11:27.000Z", "eventType": "transaction", "_adobeamericaspot3": {"CRMID": "crmid:4960892204", "orderDetails": {"orderID": "orderid:181596", "reservationid": "M48-UXJR", "orderType": "mobile"}}}
{"_id": "e0dfdc28-53c8-11ea-9118-b88a60e194fb", "timestamp": "2019-12-28T22:35:05.000Z", "eventType": "transaction", "_adobeamericaspot3": {"CRMID": "crmid:1205880130", "orderDetails": {"orderID": "orderid:309466", "reservationid": "FY9-M1VC", "orderType": "kiosk"}}}
{"_id": "e0e0ed94-53c8-11ea-8162-b88a60e194fb", "timestamp": "2020-01-04T04:16:42.000Z", "eventType": "transaction", "_adobeamericaspot3": {"CRMID": "crmid:4534806426", "orderDetails": {"orderID": "orderid:360776", "reservationid": "FHA-1E59", "orderType": "kiosk"}}}
{"_id": "e0e22600-53c8-11ea-bd90-b88a60e194fb", "timestamp": "2020-01-20T04:44:46.000Z", "eventType": "transaction", "_adobeamericaspot3": {"CRMID": "crmid:9445552875", "orderDetails": {"orderID": "orderid:320179", "reservationid": "XEK-1J5C", "orderType": "kiosk"}}}
{"_id": "e0e31076-53c8-11ea-9747-b88a60e194fb", "timestamp": "2020-02-02T16:17:22.000Z", "eventType": "transaction", "_adobeamericaspot3": {"CRMID": "crmid:1192032383", "orderDetails": {"orderID": "orderid:782478", "reservationid": "CSY-6A2O", "orderType": "call center"}}}
{"_id": "e0e3d3c6-53c8-11ea-bd76-b88a60e194fb", "timestamp": "2019-12-03T14:08:11.000Z", "eventType": "transaction", "_adobeamericaspot3": {"CRMID": "crmid:5969256025", "orderDetails": {"orderID": "orderid:846351", "reservationid": "1KD-IGD6", "orderType": "kiosk"}}}
{"_id": "e0e4e53a-53c8-11ea-80e0-b88a60e194fb", "timestamp": "2020-02-11T21:09:58.000Z", "eventType": "transaction", "_adobeamericaspot3": {"CRMID": "crmid:9023312172", "orderDetails": {"orderID": "orderid:851205", "reservationid": "YCS-PSHS", "orderType": "website"}}}
{"_id": "e0e5f6b6-53c8-11ea-977e-b88a60e194fb", "timestamp": "2020-01-30T00:55:40.000Z", "eventType": "transaction", "_adobeamericaspot3": {"CRMID": "crmid:7921620824", "orderDetails": {"orderID": "orderid:188207", "reservationid": "HBS-SMAQ", "orderType": "call center"}}}
{"_id": "e0e70818-53c8-11ea-b6e7-b88a60e194fb", "timestamp": "2020-01-07T08:17:07.000Z", "eventType": "transaction", "_adobeamericaspot3": {"CRMID": "crmid:3455716452", "orderDetails": {"orderID": "orderid:349406", "reservationid": "IMF-H6UU", "orderType": "website"}}}
{"_id": "e0e7f27a-53c8-11ea-b477-b88a60e194fb", "timestamp": "2019-12-15T08:57:21.000Z", "eventType": "transaction", "_adobeamericaspot3": {"CRMID": "crmid:7557611119", "orderDetails": {"orderID": "orderid:476807", "reservationid": "W5D-QFIL", "orderType": "kiosk"}}}
{"_id": "e0e819a4-53c8-11ea-a652-b88a60e194fb", "timestamp": "2019-12-18T00:00:00.000Z", "eventType": "transaction", "_adobeamericaspot3": {"CRMID": "crmid:7557611119", "orderDetails": {"orderID": "orderid:199513", "reservationid": "ZIV-R9VV", "orderType": "website"}}}
{"_id": "e0e92b12-53c8-11ea-8898-b88a60e194fb", "timestamp": "2020-02-11T19:29:11.000Z", "eventType": "transaction", "_adobeamericaspot3": {"CRMID": "crmid:7750133804", "orderDetails": {"orderID": "orderid:794549", "reservationid": "AQD-YUWM", "orderType": "call center"}}}
{"_id": "e0ea3c64-53c8-11ea-81aa-b88a60e194fb", "timestamp": "2019-12-27T04:50:43.000Z", "eventType": "transaction", "_adobeamericaspot3": {"CRMID": "crmid:1694607501", "orderDetails": {"orderID": "orderid:621817", "reservationid": "Z6P-P4EX", "orderType": "website"}}}
{"_id": "e0eb2702-53c8-11ea-8d99-b88a60e194fb", "timestamp": "2020-01-25T20:26:02.000Z", "eventType": "transaction", "_adobeamericaspot3": {"CRMID": "crmid:1995342803", "orderDetails": {"orderID": "orderid:760275", "reservationid": "RUO-QGZ9", "orderType": "kiosk"}}}
{"_id": "e0eb4dc6-53c8-11ea-81b8-b88a60e194fb", "timestamp": "2020-02-01T00:00:00.000Z", "eventType": "transaction", "_adobeamericaspot3": {"CRMID": "crmid:1995342803", "orderDetails": {"orderID": "orderid:305159", "reservationid": "5I7-6AJI", "orderType": "kiosk"}}}
{"_id": "e0ec865a-53c8-11ea-9df9-b88a60e194fb", "timestamp": "2020-01-29T22:34:53.000Z", "eventType": "transaction", "_adobeamericaspot3": {"CRMID": "crmid:9266950140", "orderDetails": {"orderID": "orderid:346733", "reservationid": "QMK-CUIQ", "orderType": "call center"}}}
{"_id": "e0ed9824-53c8-11ea-9c31-b88a60e194fb", "timestamp": "2020-02-04T05:31:35.000Z", "eventType": "transaction", "_adobeamericaspot3": {"CRMID": "crmid:9633227303", "orderDetails": {"orderID": "orderid:761116", "reservationid": "UZK-ZEJF", "orderType": "website"}}}
{"_id": "e0eed070-53c8-11ea-9096-b88a60e194fb", "timestamp": "2020-01-28T16:17:31.000Z", "eventType": "transaction", "_adobeamericaspot3": {"CRMID": "crmid:2598283191", "orderDetails": {"orderID": "orderid:735086", "reservationid": "D08-FLNU", "orderType": "website"}}}
{"_id": "e0efe1b4-53c8-11ea-9810-b88a60e194fb", "timestamp": "2020-01-13T02:13:04.000Z", "eventType": "transaction", "_adobeamericaspot3": {"CRMID": "crmid:5737235808", "orderDetails": {"orderID": "orderid:943672", "reservationid": "BF7-MCJX", "orderType": "website"}}}
{"_id": "e0f0f32c-53c8-11ea-a2fb-b88a60e194fb", "timestamp": "2020-02-06T22:28:22.000Z", "eventType": "transaction", "_adobeamericaspot3": {"CRMID": "crmid:4550989440", "orderDetails": {"orderID": "orderid:174034", "reservationid": "NTC-B7PW", "orderType": "kiosk"}}}
{"_id": "e0f20486-53c8-11ea-873f-b88a60e194fb", "timestamp": "2019-12-04T08:16:21.000Z", "eventType": "transaction", "_adobeamericaspot3": {"CRMID": "crmid:3755347898", "orderDetails": {"orderID": "orderid:929960", "reservationid": "MGQ-AUNZ", "orderType": "kiosk"}}}
{"_id": "e0f2eee8-53c8-11ea-9d0f-b88a60e194fb", "timestamp": "2019-12-05T01:05:12.000Z", "eventType": "transaction", "_adobeamericaspot3": {"CRMID": "crmid:5984102013", "orderDetails": {"orderID": "orderid:197395", "reservationid": "AR7-H7YD", "orderType": "website"}}}
{"_id": "e0f40058-53c8-11ea-880d-b88a60e194fb", "timestamp": "2020-01-10T06:28:44.000Z", "eventType": "transaction", "_adobeamericaspot3": {"CRMID": "crmid:1848337057", "orderDetails": {"orderID": "orderid:950457", "reservationid": "XQ4-C2T4", "orderType": "website"}}}
{"_id": "e0f4eac6-53c8-11ea-91f4-b88a60e194fb", "timestamp": "2019-12-23T05:30:04.000Z", "eventType": "transaction", "_adobeamericaspot3": {"CRMID": "crmid:7287802618", "orderDetails": {"orderID": "orderid:107779", "reservationid": "QMT-C7XS", "orderType": "kiosk"}}}
{"_id": "e0f5ae1a-53c8-11ea-a59d-b88a60e194fb", "timestamp": "2020-01-09T05:26:16.000Z", "eventType": "transaction", "_adobeamericaspot3": {"CRMID": "crmid:1730938157", "orderDetails": {"orderID": "orderid:818255", "reservationid": "3NC-WHSN", "orderType": "kiosk"}}}
{"_id": "e0f67158-53c8-11ea-95eb-b88a60e194fb", "timestamp": "2019-12-24T15:26:15.000Z", "eventType": "transaction", "_adobeamericaspot3": {"CRMID": "crmid:9284513149", "orderDetails": {"orderID": "orderid:415542", "reservationid": "JEQ-GYFR", "orderType": "service desk"}}}
{"_id": "e0f782c0-53c8-11ea-80ea-b88a60e194fb", "timestamp": "2020-02-08T15:22:28.000Z", "eventType": "transaction", "_adobeamericaspot3": {"CRMID": "crmid:6265641281", "orderDetails": {"orderID": "orderid:255479", "reservationid": "8TA-OCEH", "orderType": "website"}}}
{"_id": "e0f86d5c-53c8-11ea-a310-b88a60e194fb", "timestamp": "2019-12-15T07:55:24.000Z", "eventType": "transaction", "_adobeamericaspot3": {"CRMID": "crmid:2048792726", "orderDetails": {"orderID": "orderid:990618", "reservationid": "WCR-4CF3", "orderType": "kiosk"}}}
{"_id": "e0f97f34-53c8-11ea-9a25-b88a60e194fb", "timestamp": "2020-01-06T00:26:50.000Z", "eventType": "transaction", "_adobeamericaspot3": {"CRMID": "crmid:4888066601", "orderDetails": {"orderID": "orderid:105745", "reservationid": "QQT-FKFR", "orderType": "mobile"}}}
{"_id": "e0fa9034-53c8-11ea-b1a9-b88a60e194fb", "timestamp": "2019-12-29T20:31:17.000Z", "eventType": "transaction", "_adobeamericaspot3": {"CRMID": "crmid:2616825539", "orderDetails": {"orderID": "orderid:697830", "reservationid": "GNQ-RECM", "orderType": "website"}}}
{"_id": "e0fb7a66-53c8-11ea-bfce-b88a60e194fb", "timestamp": "2020-02-04T17:08:55.000Z", "eventType": "transaction", "_adobeamericaspot3": {"CRMID": "crmid:8545364865", "orderDetails": {"orderID": "orderid:877660", "reservationid": "HQT-Y715", "orderType": "mobile"}}}
{"_id": "e0fc8c00-53c8-11ea-857a-b88a60e194fb", "timestamp": "2019-12-01T18:14:34.000Z", "eventType": "transaction", "_adobeamericaspot3": {"CRMID": "crmid:8843647880", "orderDetails": {"orderID": "orderid:482848", "reservationid": "FLO-CGCS", "orderType": "call center"}}}
{"_id": "e0fd9d78-53c8-11ea-8e5f-b88a60e194fb", "timestamp": "2019-12-28T22:38:23.000Z", "eventType": "transaction", "_adobeamericaspot3": {"CRMID": "crmid:9892993337", "orderDetails": {"orderID": "orderid:595146", "reservationid": "0DY-QT4S", "orderType": "kiosk"}}}
{"_id": "e0fe87d8-53c8-11ea-8833-b88a60e194fb", "timestamp": "2020-01-10T00:50:49.000Z", "eventType": "transaction", "_adobeamericaspot3": {"CRMID": "crmid:7726869799", "orderDetails": {"orderID": "orderid:843197", "reservationid": "FXC-EAUS", "orderType": "call center"}}}
{"_id": "e0ff7230-53c8-11ea-83fb-b88a60e194fb", "timestamp": "2020-02-01T22:15:42.000Z", "eventType": "transaction", "_adobeamericaspot3": {"CRMID": "crmid:6359072203", "orderDetails": {"orderID": "orderid:547377", "reservationid": "PE9-DAIK", "orderType": "mobile"}}}
{"_id": "e1008376-53c8-11ea-8b9c-b88a60e194fb", "timestamp": "2020-02-10T21:50:04.000Z", "eventType": "transaction", "_adobeamericaspot3": {"CRMID": "crmid:9968150406", "orderDetails": {"orderID": "orderid:348260", "reservationid": "UKG-DG2Y", "orderType": "mobile"}}}
{"_id": "e101e308-53c8-11ea-aa19-b88a60e194fb", "timestamp": "2020-01-24T09:39:18.000Z", "eventType": "transaction", "_adobeamericaspot3": {"CRMID": "crmid:5871778493", "orderDetails": {"orderID": "orderid:359786", "reservationid": "0L3-6TMH", "orderType": "website"}}}
{"_id": "e102f4ac-53c8-11ea-b46f-b88a60e194fb", "timestamp": "2020-01-26T20:47:06.000Z", "eventType": "transaction", "_adobeamericaspot3": {"CRMID": "crmid:1683959467", "orderDetails": {"orderID": "orderid:617817", "reservationid": "17N-6Q8W", "orderType": "website"}}}
{"_id": "e10405e6-53c8-11ea-8aa2-b88a60e194fb", "timestamp": "2019-12-04T05:33:14.000Z", "eventType": "transaction", "_adobeamericaspot3": {"CRMID": "crmid:2377240101", "orderDetails": {"orderID": "orderid:615369", "reservationid": "DLB-YM9D", "orderType": "kiosk"}}}
{"_id": "e1051770-53c8-11ea-98ec-b88a60e194fb", "timestamp": "2020-02-01T23:45:31.000Z", "eventType": "transaction", "_adobeamericaspot3": {"CRMID": "crmid:8035352147", "orderDetails": {"orderID": "orderid:635391", "reservationid": "QFN-MCSB", "orderType": "call center"}}}
{"_id": "e10601da-53c8-11ea-8c77-b88a60e194fb", "timestamp": "2020-01-27T07:02:11.000Z", "eventType": "transaction", "_adobeamericaspot3": {"CRMID": "crmid:6353709306", "orderDetails": {"orderID": "orderid:717386", "reservationid": "S8H-2BM9", "orderType": "call center"}}}
{"_id": "e1071340-53c8-11ea-813f-b88a60e194fb", "timestamp": "2020-02-05T08:23:23.000Z", "eventType": "transaction", "_adobeamericaspot3": {"CRMID": "crmid:7005411378", "orderDetails": {"orderID": "orderid:920912", "reservationid": "XK3-EYYP", "orderType": "website"}}}
{"_id": "e1073a30-53c8-11ea-8db4-b88a60e194fb", "timestamp": "2020-02-10T00:00:00.000Z", "eventType": "transaction", "_adobeamericaspot3": {"CRMID": "crmid:7005411378", "orderDetails": {"orderID": "orderid:902076", "reservationid": "5I6-CTZJ", "orderType": "call center"}}}
{"_id": "e1073a31-53c8-11ea-a985-b88a60e194fb", "timestamp": "2020-02-13T00:00:00.000Z", "eventType": "transaction", "_adobeamericaspot3": {"CRMID": "crmid:7005411378", "orderDetails": {"orderID": "orderid:526878", "reservationid": "X96-D8RB", "orderType": "service desk"}}}
{"_id": "e1084ba4-53c8-11ea-b6b2-b88a60e194fb", "timestamp": "2019-12-18T14:32:14.000Z", "eventType": "transaction", "_adobeamericaspot3": {"CRMID": "crmid:4807477876", "orderDetails": {"orderID": "orderid:300965", "reservationid": "RVH-VQRM", "orderType": "website"}}}
{"_id": "e1090f1e-53c8-11ea-abd2-b88a60e194fb", "timestamp": "2020-01-28T21:23:34.000Z", "eventType": "transaction", "_adobeamericaspot3": {"CRMID": "crmid:1966919344", "orderDetails": {"orderID": "orderid:239262", "reservationid": "JBO-QLKV", "orderType": "call center"}}}
{"_id": "e109f974-53c8-11ea-bd17-b88a60e194fb", "timestamp": "2019-12-01T09:20:55.000Z", "eventType": "transaction", "_adobeamericaspot3": {"CRMID": "crmid:8902715476", "orderDetails": {"orderID": "orderid:545691", "reservationid": "FAY-ZCM5", "orderType": "mobile"}}}
{"_id": "e10abcc0-53c8-11ea-b5fb-b88a60e194fb", "timestamp": "2020-01-20T12:05:04.000Z", "eventType": "transaction", "_adobeamericaspot3": {"CRMID": "crmid:8619793866", "orderDetails": {"orderID": "orderid:464606", "reservationid": "V0E-LZ8C", "orderType": "website"}}}
{"_id": "e10ba706-53c8-11ea-8d07-b88a60e194fb", "timestamp": "2020-01-07T00:34:12.000Z", "eventType": "transaction", "_adobeamericaspot3": {"CRMID": "crmid:7464767900", "orderDetails": {"orderID": "orderid:741195", "reservationid": "NVQ-KI8Z", "orderType": "call center"}}}
{"_id": "e10cdf9c-53c8-11ea-9430-b88a60e194fb", "timestamp": "2019-12-14T06:27:45.000Z", "eventType": "transaction", "_adobeamericaspot3": {"CRMID": "crmid:9844277928", "orderDetails": {"orderID": "orderid:120606", "reservationid": "12Y-X9VS", "orderType": "website"}}}
{"_id": "e10dca00-53c8-11ea-a16c-b88a60e194fb", "timestamp": "2020-02-08T11:29:13.000Z", "eventType": "transaction", "_adobeamericaspot3": {"CRMID": "crmid:4572719754", "orderDetails": {"orderID": "orderid:511046", "reservationid": "V33-D50M", "orderType": "kiosk"}}}
{"_id": "e10e8d58-53c8-11ea-9e63-b88a60e194fb", "timestamp": "2020-01-17T01:00:33.000Z", "eventType": "transaction", "_adobeamericaspot3": {"CRMID": "crmid:5482185540", "orderDetails": {"orderID": "orderid:591713", "reservationid": "EVC-ZGAW", "orderType": "website"}}}
{"_id": "e10f50a6-53c8-11ea-a035-b88a60e194fb", "timestamp": "2019-12-21T11:58:47.000Z", "eventType": "transaction", "_adobeamericaspot3": {"CRMID": "crmid:7313326707", "orderDetails": {"orderID": "orderid:798134", "reservationid": "JSB-CK1B", "orderType": "website"}}}
{"_id": "e10fece4-53c8-11ea-b71b-b88a60e194fb", "timestamp": "2019-12-10T16:26:42.000Z", "eventType": "transaction", "_adobeamericaspot3": {"CRMID": "crmid:8322198227", "orderDetails": {"orderID": "orderid:269195", "reservationid": "ZTZ-5CFJ", "orderType": "website"}}}
{"_id": "e110b036-53c8-11ea-bf06-b88a60e194fb", "timestamp": "2019-12-22T12:49:12.000Z", "eventType": "transaction", "_adobeamericaspot3": {"CRMID": "crmid:7256367900", "orderDetails": {"orderID": "orderid:678847", "reservationid": "UJI-EAQI", "orderType": "website"}}}
{"_id": "e1117382-53c8-11ea-8565-b88a60e194fb", "timestamp": "2020-02-14T18:21:28.000Z", "eventType": "transaction", "_adobeamericaspot3": {"CRMID": "crmid:8392883685", "orderDetails": {"orderID": "orderid:304963", "reservationid": "ISH-498Z", "orderType": "call center"}}}
{"_id": "e11236d2-53c8-11ea-8635-b88a60e194fb", "timestamp": "2020-01-25T16:18:27.000Z", "eventType": "transaction", "_adobeamericaspot3": {"CRMID": "crmid:2568806569", "orderDetails": {"orderID": "orderid:672448", "reservationid": "QX5-CEBF", "orderType": "call center"}}}
{"_id": "e112fa2c-53c8-11ea-a4f9-b88a60e194fb", "timestamp": "2019-12-29T12:38:50.000Z", "eventType": "transaction", "_adobeamericaspot3": {"CRMID": "crmid:7714201188", "orderDetails": {"orderID": "orderid:941011", "reservationid": "SYU-KZDJ", "orderType": "mobile"}}}
{"_id": "e113e5b0-53c8-11ea-a51d-b88a60e194fb", "timestamp": "2019-12-13T22:37:06.000Z", "eventType": "transaction", "_adobeamericaspot3": {"CRMID": "crmid:2575879657", "orderDetails": {"orderID": "orderid:614177", "reservationid": "48U-RCU3", "orderType": "call center"}}}
{"_id": "e1154628-53c8-11ea-a9a9-b88a60e194fb", "timestamp": "2019-12-20T04:34:21.000Z", "eventType": "transaction", "_adobeamericaspot3": {"CRMID": "crmid:4010674024", "orderDetails": {"orderID": "orderid:781906", "reservationid": "YPG-FDFT", "orderType": "website"}}}
{"_id": "e1163024-53c8-11ea-a858-b88a60e194fb", "timestamp": "2019-12-02T14:57:19.000Z", "eventType": "transaction", "_adobeamericaspot3": {"CRMID": "crmid:1396402357", "orderDetails": {"orderID": "orderid:968235", "reservationid": "WNP-NRJS", "orderType": "mobile"}}}
{"_id": "e116f34a-53c8-11ea-aef5-b88a60e194fb", "timestamp": "2020-01-20T18:08:50.000Z", "eventType": "transaction", "_adobeamericaspot3": {"CRMID": "crmid:3925309352", "orderDetails": {"orderID": "orderid:943596", "reservationid": "OQE-KMR1", "orderType": "service desk"}}}
{"_id": "e117de34-53c8-11ea-a862-b88a60e194fb", "timestamp": "2020-01-01T06:59:12.000Z", "eventType": "transaction", "_adobeamericaspot3": {"CRMID": "crmid:8939690503", "orderDetails": {"orderID": "orderid:636996", "reservationid": "SQZ-B0VW", "orderType": "website"}}}
{"_id": "e118a086-53c8-11ea-90b3-b88a60e194fb", "timestamp": "2019-12-20T22:51:31.000Z", "eventType": "transaction", "_adobeamericaspot3": {"CRMID": "crmid:9087017330", "orderDetails": {"orderID": "orderid:176550", "reservationid": "UHU-FSJW", "orderType": "mobile"}}}
{"_id": "e11963d8-53c8-11ea-b721-b88a60e194fb", "timestamp": "2020-01-07T05:21:33.000Z", "eventType": "transaction", "_adobeamericaspot3": {"CRMID": "crmid:9679870814", "orderDetails": {"orderID": "orderid:781863", "reservationid": "8JA-O2ZG", "orderType": "service desk"}}}
{"_id": "e11a2728-53c8-11ea-8d3c-b88a60e194fb", "timestamp": "2019-12-16T05:07:11.000Z", "eventType": "transaction", "_adobeamericaspot3": {"CRMID": "crmid:3820978179", "orderDetails": {"orderID": "orderid:572821", "reservationid": "RKV-B03J", "orderType": "service desk"}}}
{"_id": "e11aea76-53c8-11ea-968f-b88a60e194fb", "timestamp": "2019-12-24T10:28:15.000Z", "eventType": "transaction", "_adobeamericaspot3": {"CRMID": "crmid:8480864202", "orderDetails": {"orderID": "orderid:792352", "reservationid": "ZEJ-ZFER", "orderType": "website"}}}
{"_id": "e11badc6-53c8-11ea-a698-b88a60e194fb", "timestamp": "2020-02-05T17:40:27.000Z", "eventType": "transaction", "_adobeamericaspot3": {"CRMID": "crmid:4100391810", "orderDetails": {"orderID": "orderid:325818", "reservationid": "GNV-FYO4", "orderType": "kiosk"}}}
{"_id": "e11c7122-53c8-11ea-8e64-b88a60e194fb", "timestamp": "2020-02-06T20:46:33.000Z", "eventType": "transaction", "_adobeamericaspot3": {"CRMID": "crmid:2050141619", "orderDetails": {"orderID": "orderid:875814", "reservationid": "Q9P-LLJH", "orderType": "service desk"}}}
{"_id": "e11d3476-53c8-11ea-94d1-b88a60e194fb", "timestamp": "2020-02-04T06:23:53.000Z", "eventType": "transaction", "_adobeamericaspot3": {"CRMID": "crmid:7545175452", "orderDetails": {"orderID": "orderid:342401", "reservationid": "O0W-V1LH", "orderType": "kiosk"}}}
{"_id": "e12041f6-53c8-11ea-bfb0-b88a60e194fb", "timestamp": "2020-01-04T12:47:31.000Z", "eventType": "transaction", "_adobeamericaspot3": {"CRMID": "crmid:2120705547", "orderDetails": {"orderID": "orderid:899636", "reservationid": "9HB-4ZBI", "orderType": "service desk"}}}
{"_id": "e1212c74-53c8-11ea-8577-b88a60e194fb", "timestamp": "2020-01-11T20:07:19.000Z", "eventType": "transaction", "_adobeamericaspot3": {"CRMID": "crmid:3041577716", "orderDetails": {"orderID": "orderid:900916", "reservationid": "VOT-DUA3", "orderType": "call center"}}}
{"_id": "e1226386-53c8-11ea-8062-b88a60e194fb", "timestamp": "2019-12-01T21:37:28.000Z", "eventType": "transaction", "_adobeamericaspot3": {"CRMID": "crmid:7007620036", "orderDetails": {"orderID": "orderid:856915", "reservationid": "WTA-UEWG", "orderType": "website"}}}
{"_id": "e12326d2-53c8-11ea-bc6b-b88a60e194fb", "timestamp": "2019-12-22T19:23:31.000Z", "eventType": "transaction", "_adobeamericaspot3": {"CRMID": "crmid:5659213601", "orderDetails": {"orderID": "orderid:581507", "reservationid": "COH-RF1U", "orderType": "call center"}}}
{"_id": "e123ea1c-53c8-11ea-a566-b88a60e194fb", "timestamp": "2020-02-14T16:02:25.000Z", "eventType": "transaction", "_adobeamericaspot3": {"CRMID": "crmid:8779881917", "orderDetails": {"orderID": "orderid:732594", "reservationid": "K5I-9Q4F", "orderType": "kiosk"}}}
{"_id": "e124d48c-53c8-11ea-99f3-b88a60e194fb", "timestamp": "2019-12-05T19:23:48.000Z", "eventType": "transaction", "_adobeamericaspot3": {"CRMID": "crmid:5151275937", "orderDetails": {"orderID": "orderid:912609", "reservationid": "BW9-GDRY", "orderType": "website"}}}
{"_id": "e12598d2-53c8-11ea-ad7b-b88a60e194fb", "timestamp": "2020-01-09T16:19:11.000Z", "eventType": "transaction", "_adobeamericaspot3": {"CRMID": "crmid:7175116936", "orderDetails": {"orderID": "orderid:577262", "reservationid": "JKS-O5NL", "orderType": "call center"}}}
{"_id": "e1268358-53c8-11ea-8a12-b88a60e194fb", "timestamp": "2020-02-13T23:17:37.000Z", "eventType": "transaction", "_adobeamericaspot3": {"CRMID": "crmid:8283713991", "orderDetails": {"orderID": "orderid:838717", "reservationid": "FMZ-IVCZ", "orderType": "website"}}}
{"_id": "e1274688-53c8-11ea-9ecc-b88a60e194fb", "timestamp": "2019-12-29T19:12:05.000Z", "eventType": "transaction", "_adobeamericaspot3": {"CRMID": "crmid:4335725782", "orderDetails": {"orderID": "orderid:338575", "reservationid": "H3J-DN61", "orderType": "call center"}}}
{"_id": "e127e2c8-53c8-11ea-96e8-b88a60e194fb", "timestamp": "2019-12-23T13:11:34.000Z", "eventType": "transaction", "_adobeamericaspot3": {"CRMID": "crmid:4044384884", "orderDetails": {"orderID": "orderid:294558", "reservationid": "IWR-0TDA", "orderType": "service desk"}}}
{"_id": "e1291b58-53c8-11ea-a7d2-b88a60e194fb", "timestamp": "2019-12-24T18:33:08.000Z", "eventType": "transaction", "_adobeamericaspot3": {"CRMID": "crmid:8136134259", "orderDetails": {"orderID": "orderid:204361", "reservationid": "R1D-MHIJ", "orderType": "call center"}}}
{"_id": "e129b78c-53c8-11ea-b67c-b88a60e194fb", "timestamp": "2020-01-19T08:06:59.000Z", "eventType": "transaction", "_adobeamericaspot3": {"CRMID": "crmid:6932329326", "orderDetails": {"orderID": "orderid:865304", "reservationid": "KOV-RJLE", "orderType": "website"}}}
{"_id": "e12aa1ec-53c8-11ea-b52e-b88a60e194fb", "timestamp": "2020-01-24T05:30:11.000Z", "eventType": "transaction", "_adobeamericaspot3": {"CRMID": "crmid:6448798639", "orderDetails": {"orderID": "orderid:831399", "reservationid": "NHN-FPAX", "orderType": "kiosk"}}}
{"_id": "e12aa1ed-53c8-11ea-990f-b88a60e194fb", "timestamp": "2020-01-28T00:00:00.000Z", "eventType": "transaction", "_adobeamericaspot3": {"CRMID": "crmid:6448798639", "orderDetails": {"orderID": "orderid:571723", "reservationid": "9MG-JE2G", "orderType": "website"}}}
{"_id": "e12b8c82-53c8-11ea-b6df-b88a60e194fb", "timestamp": "2020-01-19T00:24:05.000Z", "eventType": "transaction", "_adobeamericaspot3": {"CRMID": "crmid:7661064169", "orderDetails": {"orderID": "orderid:594317", "reservationid": "SXA-ICGB", "orderType": "mobile"}}}
{"_id": "e12c2906-53c8-11ea-add3-b88a60e194fb", "timestamp": "2020-01-10T18:44:25.000Z", "eventType": "transaction", "_adobeamericaspot3": {"CRMID": "crmid:8554650188", "orderDetails": {"orderID": "orderid:956597", "reservationid": "O7A-T9KD", "orderType": "kiosk"}}}
{"_id": "e12c2907-53c8-11ea-ae24-b88a60e194fb", "timestamp": "2020-01-14T00:00:00.000Z", "eventType": "transaction", "_adobeamericaspot3": {"CRMID": "crmid:8554650188", "orderDetails": {"orderID": "orderid:317603", "reservationid": "U3E-CFIM", "orderType": "call center"}}}
{"_id": "e12cec28-53c8-11ea-aca2-b88a60e194fb", "timestamp": "2020-01-30T21:44:24.000Z", "eventType": "transaction", "_adobeamericaspot3": {"CRMID": "crmid:7065546436", "orderDetails": {"orderID": "orderid:812235", "reservationid": "MTH-R4VI", "orderType": "website"}}}
{"_id": "e12d8866-53c8-11ea-8b27-b88a60e194fb", "timestamp": "2020-02-04T03:31:58.000Z", "eventType": "transaction", "_adobeamericaspot3": {"CRMID": "crmid:8331233807", "orderDetails": {"orderID": "orderid:902573", "reservationid": "J5X-2686", "orderType": "website"}}}
{"_id": "e12e2490-53c8-11ea-a31d-b88a60e194fb", "timestamp": "2019-12-10T20:27:35.000Z", "eventType": "transaction", "_adobeamericaspot3": {"CRMID": "crmid:9714822427", "orderDetails": {"orderID": "orderid:307686", "reservationid": "5OG-VDXU", "orderType": "call center"}}}
{"_id": "e12ee7c6-53c8-11ea-8d78-b88a60e194fb", "timestamp": "2020-01-07T22:28:40.000Z", "eventType": "transaction", "_adobeamericaspot3": {"CRMID": "crmid:3948125882", "orderDetails": {"orderID": "orderid:163481", "reservationid": "BQ5-AAEG", "orderType": "service desk"}}}
{"_id": "e12fab42-53c8-11ea-8f96-b88a60e194fb", "timestamp": "2019-12-07T09:49:06.000Z", "eventType": "transaction", "_adobeamericaspot3": {"CRMID": "crmid:2399271067", "orderDetails": {"orderID": "orderid:748812", "reservationid": "7FG-ZPIO", "orderType": "kiosk"}}}
{"_id": "e1306d46-53c8-11ea-b20f-b88a60e194fb", "timestamp": "2020-01-02T16:05:56.000Z", "eventType": "transaction", "_adobeamericaspot3": {"CRMID": "crmid:7386594791", "orderDetails": {"orderID": "orderid:851079", "reservationid": "ADM-3ZWK", "orderType": "kiosk"}}}
{"_id": "e13157b0-53c8-11ea-b1af-b88a60e194fb", "timestamp": "2019-12-15T01:44:33.000Z", "eventType": "transaction", "_adobeamericaspot3": {"CRMID": "crmid:7980245611", "orderDetails": {"orderID": "orderid:189308", "reservationid": "LY5-LTHY", "orderType": "call center"}}}
{"_id": "e1321b00-53c8-11ea-8032-b88a60e194fb", "timestamp": "2020-01-12T16:46:51.000Z", "eventType": "transaction", "_adobeamericaspot3": {"CRMID": "crmid:6262645996", "orderDetails": {"orderID": "orderid:482089", "reservationid": "4FC-V4UZ", "orderType": "website"}}}
{"_id": "e132de52-53c8-11ea-94f5-b88a60e194fb", "timestamp": "2019-12-16T21:34:06.000Z", "eventType": "transaction", "_adobeamericaspot3": {"CRMID": "crmid:6337169534", "orderDetails": {"orderID": "orderid:929330", "reservationid": "YWZ-ICER", "orderType": "kiosk"}}}
{"_id": "e133a19a-53c8-11ea-a8b9-b88a60e194fb", "timestamp": "2020-02-01T02:57:32.000Z", "eventType": "transaction", "_adobeamericaspot3": {"CRMID": "crmid:6058663256", "orderDetails": {"orderID": "orderid:996726", "reservationid": "J6I-Z7VB", "orderType": "website"}}}
{"_id": "e13464ec-53c8-11ea-b2f6-b88a60e194fb", "timestamp": "2019-12-01T08:09:24.000Z", "eventType": "transaction", "_adobeamericaspot3": {"CRMID": "crmid:1706558270", "orderDetails": {"orderID": "orderid:737975", "reservationid": "PLD-U81M", "orderType": "mobile"}}}
{"_id": "e1352840-53c8-11ea-8fae-b88a60e194fb", "timestamp": "2019-12-11T02:08:27.000Z", "eventType": "transaction", "_adobeamericaspot3": {"CRMID": "crmid:8418676607", "orderDetails": {"orderID": "orderid:490524", "reservationid": "UUT-GGZA", "orderType": "website"}}}
{"_id": "e1352841-53c8-11ea-bc33-b88a60e194fb", "timestamp": "2019-12-15T00:00:00.000Z", "eventType": "transaction", "_adobeamericaspot3": {"CRMID": "crmid:8418676607", "orderDetails": {"orderID": "orderid:879906", "reservationid": "QKS-OMUZ", "orderType": "mobile"}}}
{"_id": "e135eb8a-53c8-11ea-b3fb-b88a60e194fb", "timestamp": "2020-02-11T13:24:46.000Z", "eventType": "transaction", "_adobeamericaspot3": {"CRMID": "crmid:3087933038", "orderDetails": {"orderID": "orderid:131328", "reservationid": "DWF-OTYS", "orderType": "website"}}}
{"_id": "e136d61a-53c8-11ea-b8c7-b88a60e194fb", "timestamp": "2020-01-20T19:56:46.000Z", "eventType": "transaction", "_adobeamericaspot3": {"CRMID": "crmid:6827350608", "orderDetails": {"orderID": "orderid:223355", "reservationid": "37Q-SXN5", "orderType": "call center"}}}
{"_id": "e13812f6-53c8-11ea-b010-b88a60e194fb", "timestamp": "2019-12-30T04:49:04.000Z", "eventType": "transaction", "_adobeamericaspot3": {"CRMID": "crmid:7702870458", "orderDetails": {"orderID": "orderid:764171", "reservationid": "7UK-NXDO", "orderType": "kiosk"}}}
{"_id": "e139470a-53c8-11ea-ad2c-b88a60e194fb", "timestamp": "2019-12-09T05:35:13.000Z", "eventType": "transaction", "_adobeamericaspot3": {"CRMID": "crmid:6554744462", "orderDetails": {"orderID": "orderid:514102", "reservationid": "3ZV-YNM6", "orderType": "kiosk"}}}
{"_id": "e13aa66e-53c8-11ea-9165-b88a60e194fb", "timestamp": "2020-01-06T06:32:29.000Z", "eventType": "transaction", "_adobeamericaspot3": {"CRMID": "crmid:9171005406", "orderDetails": {"orderID": "orderid:449622", "reservationid": "ONR-CBVE", "orderType": "call center"}}}
{"_id": "e13b69ee-53c8-11ea-84fc-b88a60e194fb", "timestamp": "2019-12-25T20:11:44.000Z", "eventType": "transaction", "_adobeamericaspot3": {"CRMID": "crmid:7055107525", "orderDetails": {"orderID": "orderid:396331", "reservationid": "RYP-LOJ6", "orderType": "mobile"}}}
{"_id": "e13c5428-53c8-11ea-891d-b88a60e194fb", "timestamp": "2020-01-16T08:56:41.000Z", "eventType": "transaction", "_adobeamericaspot3": {"CRMID": "crmid:9290479145", "orderDetails": {"orderID": "orderid:416874", "reservationid": "JUV-8K3J", "orderType": "call center"}}}
{"_id": "e13cf174-53c8-11ea-8ca2-b88a60e194fb", "timestamp": "2019-12-03T10:47:18.000Z", "eventType": "transaction", "_adobeamericaspot3": {"CRMID": "crmid:4101346974", "orderDetails": {"orderID": "orderid:674576", "reservationid": "RLO-5RXT", "orderType": "kiosk"}}}
{"_id": "e13db3a4-53c8-11ea-b95e-b88a60e194fb", "timestamp": "2019-12-18T18:38:34.000Z", "eventType": "transaction", "_adobeamericaspot3": {"CRMID": "crmid:4788406643", "orderDetails": {"orderID": "orderid:797246", "reservationid": "MZW-TNUW", "orderType": "call center"}}}
{"_id": "e13e7846-53c8-11ea-8993-b88a60e194fb", "timestamp": "2019-12-29T13:27:02.000Z", "eventType": "transaction", "_adobeamericaspot3": {"CRMID": "crmid:5475084394", "orderDetails": {"orderID": "orderid:298824", "reservationid": "KZW-FFBK", "orderType": "mobile"}}}
{"_id": "e13f3b90-53c8-11ea-9cdc-b88a60e194fb", "timestamp": "2020-01-01T19:06:28.000Z", "eventType": "transaction", "_adobeamericaspot3": {"CRMID": "crmid:5921045223", "orderDetails": {"orderID": "orderid:727438", "reservationid": "O1O-SRNY", "orderType": "website"}}}
{"_id": "e13fd7da-53c8-11ea-bbd6-b88a60e194fb", "timestamp": "2020-02-06T02:32:13.000Z", "eventType": "transaction", "_adobeamericaspot3": {"CRMID": "crmid:9038473617", "orderDetails": {"orderID": "orderid:333585", "reservationid": "JMC-X8WG", "orderType": "kiosk"}}}
