{"_id": "orderid:972241", "timestamp": "2020-01-17T08:35:44.000Z", "eventType": "transaction", "_adobeamericaspot3": {"CRMID": "crmid:7381297978", "orderDetails": {"orderID": "orderid:972241", "reservationid": "7MK-UUTO", "orderType": "mobile", "hotelSKU": "prd1155", "hotelCheckInUnix": "1579336544", "hotelCheckOutUnix": "1579595744", "hotelCheckInTS": "2020-01-18T08:35:44+00:00", "hotelCheckOutTS": "2020-01-21T08:35:44+00:00", "hotelChain": "Hospitality Inn", "hotelName": "Hospitality Inn: Denver", "hotelLocation": "Denver", "hotelRoomType": "standard", "hotelRoomCount": "1", "hotelGuestAdultCount": "1", "hotelGuestChildCount": "0", "hotelNightCount": "3", "hotelRoomPrice": "153.15", "hotelFinalPrice": "459.45"}}}
{"_id": "orderid:658028", "timestamp": "2020-01-28T01:10:52.000Z", "eventType": "transaction", "_adobeamericaspot3": {"CRMID": "crmid:8454459665", "orderDetails": {"orderID": "orderid:658028", "reservationid": "TYC-SB9H", "orderType": "kiosk", "hotelSKU": "prd1071", "hotelCheckInUnix": "1582333852", "hotelCheckOutUnix": "1583111452", "hotelCheckInTS": "2020-02-22T01:10:52+00:00", "hotelCheckOutTS": "2020-03-02T01:10:52+00:00", "hotelChain": "Hospitality Inn", "hotelName": "Hospitality Inn: Seoul", "hotelLocation": "Seoul", "hotelRoomType": "premium", "hotelRoomCount": "1", "hotelGuestAdultCount": "1", "hotelGuestChildCount": "0", "hotelNightCount": "9", "hotelRoomPrice": "175.02", "hotelFinalPrice": "1575.18"}}}
{"_id": "orderid:190319", "timestamp": "2019-12-15T12:05:25.000Z", "eventType": "transaction", "_adobeamericaspot3": {"CRMID": "crmid:8417728874", "orderDetails": {"orderID": "orderid:190319", "reservationid": "SHD-201D", "orderType": "call center", "hotelSKU": "prd1195", "hotelCheckInUnix": "1576497925", "hotelCheckOutUnix": "1576670725", "hotelCheckInTS": "2019-12-16T12:05:25+00:00", "hotelCheckOutTS": "2019-12-18T12:05:25+00:00", "hotelChain": "Family Fun Hotels", "hotelName": "Family Fun Hotels: Lahore", "hotelLocation": "Lahore", "hotelRoomType": "standard", "hotelRoomCount": "1", "hotelGuestAdultCount": "1", "hotelGuestChildCount": "0", "hotelNightCount": "2", "hotelRoomPrice": "140.71", "hotelFinalPrice": "281.42"}}}
{"_id": "orderid:178518", "timestamp": "2019-12-17T19:05:57.000Z", "eventType": "transaction", "_adobeamericaspot3": {"CRMID": "crmid:3809589060", "orderDetails": {"orderID": "orderid:178518", "reservationid": "7TO-ND6M", "orderType": "website", "hotelSKU": "prd1130", "hotelCheckInUnix": "1577905557", "hotelCheckOutUnix": "1578337557", "hotelCheckInTS": "2020-01-01T19:05:57+00:00", "hotelCheckOutTS": "2020-01-06T19:05:57+00:00", "hotelChain": "Blue Reef Resort", "hotelName": "Blue Reef Resort: Bremen", "hotelLocation": "Bremen", "hotelRoomType": "standard", "hotelRoomCount": "1", "hotelGuestAdultCount": "1", "hotelGuestChildCount": "2", "hotelNightCount": "5", "hotelRoomPrice": "151.55", "hotelFinalPrice": "757.75"}}}
{"_id": "orderid:602579", "timestamp": "2019-12-30T18:48:39.000Z", "eventType": "transaction", "_adobeamericaspot3": {"CRMID": "crmid:5449807583", "orderDetails": {"orderID": "orderid:602579", "reservationid": "OAU-PBCN", "orderType": "website", "hotelSKU": "prd1154", "hotelCheckInUnix": "1579891719", "hotelCheckOutUnix": "1580410119", "hotelCheckInTS": "2020-01-24T18:48:39+00:00", "hotelCheckOutTS": "2020-01-30T18:48:39+00:00", "hotelChain": "Blue Reef Resort", "hotelName": "Blue Reef Resort: Seattle", "hotelLocation": "Seattle", "hotelRoomType": "premium", "hotelRoomCount": "1", "hotelGuestAdultCount": "1", "hotelGuestChildCount": "0", "hotelNightCount": "6", "hotelRoomPrice": "126.39", "hotelFinalPrice": "758.34"}}}
{"_id": "orderid:724034", "timestamp": "2019-12-13T02:50:30.000Z", "eventType": "transaction", "_adobeamericaspot3": {"CRMID": "crmid:4156326153", "orderDetails": {"orderID": "orderid:724034", "reservationid": "OYO-RCGH", "orderType": "website", "hotelSKU": "prd1036", "hotelCheckInUnix": "1576637430", "hotelCheckOutUnix": "1576983030", "hotelCheckInTS": "2019-12-18T02:50:30+00:00", "hotelCheckOutTS": "2019-12-22T02:50:30+00:00", "hotelChain": "Sandhill", "hotelName": "Sandhill: Fresno", "hotelLocation": "Fresno", "hotelRoomType": "standard", "hotelRoomCount": "1", "hotelGuestAdultCount": "1", "hotelGuestChildCount": "0", "hotelNightCount": "4", "hotelRoomPrice": "167.49", "hotelFinalPrice": "669.96"}}}
{"_id": "orderid:857499", "timestamp": "2019-12-25T18:51:04.000Z", "eventType": "transaction", "_adobeamericaspot3": {"CRMID": "crmid:6671621974", "orderDetails": {"orderID": "orderid:857499", "reservationid": "FKI-SETK", "orderType": "website", "hotelSKU": "prd1059", "hotelCheckInUnix": "1579287064", "hotelCheckOutUnix": "1580842264", "hotelCheckInTS": "2020-01-17T18:51:04+00:00", "hotelCheckOutTS": "2020-02-04T18:51:04+00:00", "hotelChain": "Hospitality Inn", "hotelName": "Hospitality Inn: Kinshasa", "hotelLocation": "Kinshasa", "hotelRoomType": "standard", "hotelRoomCount": "1", "hotelGuestAdultCount": "1", "hotelGuestChildCount": "0", "hotelNightCount": "18", "hotelRoomPrice": "148.24", "hotelFinalPrice": "2668.32"}}}
{"_id": "orderid:793651", "timestamp": "2019-12-14T22:06:08.000Z", "eventType": "transaction", "_adobeamericaspot3": {"CRMID": "crmid:8075543320", "orderDetails": {"orderID": "orderid:793651", "reservationid": "HQU-KXPV", "orderType": "service desk", "hotelSKU": "prd1129", "hotelCheckInUnix": "1577829968", "hotelCheckOutUnix": "1577916368", "hotelCheckInTS": "2019-12-31T22:06:08+00:00", "hotelCheckOutTS": "2020-01-01T22:06:08+00:00", "hotelChain": "Admiralty Plaza", "hotelName": "Admiralty Plaza: Helsinki", "hotelLocation": "Helsinki", "hotelRoomType": "standard", "hotelRoomCount": "1", "hotelGuestAdultCount": "1", "hotelGuestChildCount": "0", "hotelNightCount": "1", "hotelRoomPrice": "133.08", "hotelFinalPrice": "133.08"}}}
{"_id": "orderid:511941", "timestamp": "2020-01-02T03:19:01.000Z", "eventType": "transaction", "_adobeamericaspot3": {"CRMID": "crmid:2637873385", "orderDetails": {"orderID": "orderid:511941", "reservationid": "L9I-RGJX", "orderType": "kiosk", "hotelSKU": "prd1088", "hotelCheckInUnix": "1580008741", "hotelCheckOutUnix": "1581563941", "hotelCheckInTS": "2020-01-26T03:19:01+00:00", "hotelCheckOutTS": "2020-02-13T03:19:01+00:00", "hotelChain": "Aspen Heights", "hotelName": "Aspen Heights: Ankara", "hotelLocation": "Ankara", "hotelRoomType": "standard", "hotelRoomCount": "1", "hotelGuestAdultCount": "1", "hotelGuestChildCount": "0", "hotelNightCount": "18", "hotelRoomPrice": "142.15", "hotelFinalPrice": "2558.7"}}}
{"_id": "orderid:274224", "timestamp": "2020-01-15T08:04:49.000Z", "eventType": "transaction", "_adobeamericaspot3": {"CRMID": "crmid:3426561554", "orderDetails": {"orderID": "orderid:274224", "reservationid": "D1Y-TRSR", "orderType": "call center", "hotelSKU": "prd1062", "hotelCheckInUnix": "1581408289", "hotelCheckOutUnix": "1582531489", "hotelCheckInTS": "2020-02-11T08:04:49+00:00", "hotelCheckOutTS": "2020-02-24T08:04:49+00:00", "hotelChain": "Restful Nights", "hotelName": "Restful Nights: Moscow", "hotelLocation": "Moscow", "hotelRoomType": "standard", "hotelRoomCount": "1", "hotelGuestAdultCount": "1", "hotelGuestChildCount": "3", "hotelNightCount": "13", "hotelRoomPrice": "155.03", "hotelFinalPrice": "2015.39"}}}
{"_id": "orderid:786412", "timestamp": "2019-12-21T22:47:01.000Z", "eventType": "transaction", "_adobeamericaspot3": {"CRMID": "crmid:1967289627", "orderDetails": {"orderID": "orderid:786412", "reservationid": "FKO-DUJJ", "orderType": "call center", "hotelSKU": "prd1088", "hotelCheckInUnix": "1578610021", "hotelCheckOutUnix": "1579214821", "hotelCheckInTS": "2020-01-09T22:47:01+00:00", "hotelCheckOutTS": "2020-01-16T22:47:01+00:00", "hotelChain": "Aspen Heights", "hotelName": "Aspen Heights: Ankara", "hotelLocation": "Ankara", "hotelRoomType": "premium", "hotelRoomCount": "1", "hotelGuestAdultCount": "1", "hotelGuestChildCount": "2", "hotelNightCount": "7", "hotelRoomPrice": "147.5", "hotelFinalPrice": "1032.5"}}}
{"_id": "orderid:759170", "timestamp": "2020-01-05T20:00:31.000Z", "eventType": "transaction", "_adobeamericaspot3": {"CRMID": "crmid:3148184744", "orderDetails": {"orderID": "orderid:759170", "reservationid": "733-DWUE", "orderType": "kiosk", "hotelSKU": "prd1020", "hotelCheckInUnix": "1578340831", "hotelCheckOutUnix": "1578686431", "hotelCheckInTS": "2020-01-06T20:00:31+00:00", "hotelCheckOutTS": "2020-01-10T20:00:31+00:00", "hotelChain": "Repose Resort", "hotelName": "Repose Resort: Seattle", "hotelLocation": "Seattle", "hotelRoomType": "luxury", "hotelRoomCount": "1", "hotelGuestAdultCount": "1", "hotelGuestChildCount": "0", "hotelNightCount": "4", "hotelRoomPrice": "249.47", "hotelFinalPrice": "997.88"}}}
{"_id": "orderid:690565", "timestamp": "2020-02-04T21:07:53.000Z", "eventType": "transaction", "_adobeamericaspot3": {"CRMID": "crmid:7402102885", "orderDetails": {"orderID": "orderid:690565", "reservationid": "27H-RK7C", "orderType": "website", "hotelSKU": "prd1022", "hotelCheckInUnix": "1582405673", "hotelCheckOutUnix": "1582924073", "hotelCheckInTS": "2020-02-22T21:07:53+00:00", "hotelCheckOutTS": "2020-02-28T21:07:53+00:00", "hotelChain": "Blue Reef Resort", "hotelName": "Blue Reef Resort: Washington DC", "hotelLocation": "Washington DC", "hotelRoomType": "standard", "hotelRoomCount": "1", "hotelGuestAdultCount": "1", "hotelGuestChildCount": "2", "hotelNightCount": "6", "hotelRoomPrice": "137.51", "hotelFinalPrice": "825.06"}}}
{"_id": "orderid:596422", "timestamp": "2019-12-04T08:14:06.000Z", "eventType": "transaction", "_adobeamericaspot3": {"CRMID": "crmid:7773977871", "orderDetails": {"orderID": "orderid:596422", "reservationid": "HEG-ZII3", "orderType": "mobile", "hotelSKU": "prd1047", "hotelCheckInUnix": "1577520846", "hotelCheckOutUnix": "1577952846", "hotelCheckInTS": "2019-12-28T08:14:06+00:00", "hotelCheckOutTS": "2020-01-02T08:14:06+00:00", "hotelChain": "Hospitality Inn", "hotelName": "Hospitality Inn: Oakland", "hotelLocation": "Oakland", "hotelRoomType": "standard", "hotelRoomCount": "1", "hotelGuestAdultCount": "1", "hotelGuestChildCount": "0", "hotelNightCount": "5", "hotelRoomPrice": "170.94", "hotelFinalPrice": "854.7"}}}
{"_id": "orderid:781777", "timestamp": "2020-02-01T05:57:48.000Z", "eventType": "transaction", "_adobeamericaspot3": {"CRMID": "crmid:9549440420", "orderDetails": {"orderID": "orderid:781777", "reservationid": "PKC-QPJJ", "orderType": "call center", "hotelSKU": "prd1106", "hotelCheckInUnix": "1580709468", "hotelCheckOutUnix": "1580882268", "hotelCheckInTS": "2020-02-03T05:57:48+00:00", "hotelCheckOutTS": "2020-02-05T05:57:48+00:00", "hotelChain": "Blue Reef Resort", "hotelName": "Blue Reef Resort: Munich", "hotelLocation": "Munich", "hotelRoomType": "standard", "hotelRoomCount": "1", "hotelGuestAdultCount": "1", "hotelGuestChildCount": "0", "hotelNightCount": "2", "hotelRoomPrice": "138.1", "hotelFinalPrice": "276.2"}}}
{"_id": "orderid:903453", "timestamp": "2019-12-10T01:00:41.000Z", "eventType": "transaction", "_adobeamericaspot3": {"CRMID": "crmid:4481112511", "orderDetails": {"orderID": "orderid:903453", "reservationid": "7YZ-WCI2", "orderType": "kiosk", "hotelSKU": "prd1010", "hotelCheckInUnix": "1578186041", "hotelCheckOutUnix": "1578618041", "hotelCheckInTS": "2020-01-05T01:00:41+00:00", "hotelCheckOutTS": "2020-01-10T01:00:41+00:00", "hotelChain": "Blue Reef Resort", "hotelName": "Blue Reef Resort: San Diego", "hotelLocation": "San Diego", "hotelRoomType": "standard", "hotelRoomCount": "1", "hotelGuestAdultCount": "1", "hotelGuestChildCount": "0", "hotelNightCount": "5", "hotelRoomPrice": "148.35", "hotelFinalPrice": "741.75"}}}
{"_id": "orderid:928269", "timestamp": "2020-01-09T05:52:52.000Z", "eventType": "transaction", "_adobeamericaspot3": {"CRMID": "crmid:8754424211", "orderDetails": {"orderID": "orderid:928269", "reservationid": "7KQ-XVYL", "orderType": "kiosk", "hotelSKU": "prd1009", "hotelCheckInUnix": "1580795572", "hotelCheckOutUnix": "1581054772", "hotelCheckInTS": "2020-02-04T05:52:52+00:00", "hotelCheckOutTS": "2020-02-07T05:52:52+00:00", "hotelChain": "Admiralty Plaza", "hotelName": "Admiralty Plaza: San Antonio", "hotelLocation": "San Antonio", "hotelRoomType": "standard", "hotelRoomCount": "1", "hotelGuestAdultCount": "1", "hotelGuestChildCount": "0", "hotelNightCount": "3", "hotelRoomPrice": "163.49", "hotelFinalPrice": "490.47"}}}
{"_id": "orderid:827098", "timestamp": "2020-01-24T00:35:13.000Z", "eventType": "transaction", "_adobeamericaspot3": {"CRMID": "crmid:2325375293", "orderDetails": {"orderID": "orderid:827098", "reservationid": "ZM0-TSWP", "orderType": "kiosk", "hotelSKU": "prd1070", "hotelCheckInUnix": "1580258113", "hotelCheckOutUnix": "1581294913", "hotelCheckInTS": "2020-01-29T00:35:13+00:00", "hotelCheckOutTS": "2020-02-10T00:35:13+00:00", "hotelChain": "Blue Reef Resort", "hotelName": "Blue Reef Resort: Jakarta", "hotelLocation": "Jakarta", "hotelRoomType": "standard", "hotelRoomCount": "1", "hotelGuestAdultCount": "1", "hotelGuestChildCount": "0", "hotelNightCount": "12", "hotelRoomPrice": "148.59", "hotelFinalPrice": "1783.08"}}}
{"_id": "orderid:641571", "timestamp": "2020-01-16T01:38:40.000Z", "eventType": "transaction", "_adobeamericaspot3": {"CRMID": "crmid:5754084042", "orderDetails": {"orderID": "orderid:641571", "reservationid": "PTN-RBGM", "orderType": "website", "hotelSKU": "prd1016", "hotelCheckInUnix": "1580434720", "hotelCheckOutUnix": "1580693920", "hotelCheckInTS": "2020-01-31T01:38:40+00:00", "hotelCheckOutTS": "2020-02-03T01:38:40+00:00", "hotelChain": "Aspen Heights", "hotelName": "Aspen Heights: Columbus", "hotelLocation": "Columbus", "hotelRoomType": "standard", "hotelRoomCount": "1", "hotelGuestAdultCount": "1", "hotelGuestChildCount": "0", "hotelNightCount": "3", "hotelRoomPrice": "181.92", "hotelFinalPrice": "545.76"}}}
{"_id": "orderid:960990", "timestamp": "2019-12-28T13:42:38.000Z", "eventType": "transaction", "_adobeamericaspot3": {"CRMID": "crmid:9651696009", "orderDetails": {"orderID": "orderid:960990", "reservationid": "PS9-LN1X", "orderType": "website", "hotelSKU": "prd1141", "hotelCheckInUnix": "1578058958", "hotelCheckOutUnix": "1578577358", "hotelCheckInTS": "2020-01-03T13:42:38+00:00", "hotelCheckOutTS": "2020-01-09T13:42:38+00:00", "hotelChain": "Admiralty Plaza", "hotelName": "Admiralty Plaza: Phoenix", "hotelLocation": "Phoenix", "hotelRoomType": "standard", "hotelRoomCount": "1", "hotelGuestAdultCount": "1", "hotelGuestChildCount": "4", "hotelNightCount": "6", "hotelRoomPrice": "154.94", "hotelFinalPrice": "929.64"}}}
{"_id": "orderid:721828", "timestamp": "2020-02-04T06:54:02.000Z", "eventType": "transaction", "_adobeamericaspot3": {"CRMID": "crmid:7921116256", "orderDetails": {"orderID": "orderid:721828", "reservationid": "TVQ-NYSH", "orderType": "call center", "hotelSKU": "prd1184", "hotelCheckInUnix": "1581231242", "hotelCheckOutUnix": "1581576842", "hotelCheckInTS": "2020-02-09T06:54:02+00:00", "hotelCheckOutTS": "2020-02-13T06:54:02+00:00", "hotelChain": "Aspen Heights", "hotelName": "Aspen Heights: Arlington", "hotelLocation": "Arlington", "hotelRoomType": "premium", "hotelRoomCount": "1", "hotelGuestAdultCount": "1", "hotelGuestChildCount": "0", "hotelNightCount": "4", "hotelRoomPrice": "128.28", "hotelFinalPrice": "513.12"}}}
{"_id": "orderid:253779", "timestamp": "2020-01-24T07:46:36.000Z", "eventType": "transaction", "_adobeamericaspot3": {"CRMID": "crmid:6789515063", "orderDetails": {"orderID": "orderid:253779", "reservationid": "RPR-LB4G", "orderType": "call center", "hotelSKU": "prd1178", "hotelCheckInUnix": "1580024796", "hotelCheckOutUnix": "1580283996", "hotelCheckInTS": "2020-01-26T07:46:36+00:00", "hotelCheckOutTS": "2020-01-29T07:46:36+00:00", "hotelChain": "Blue Reef Resort", "hotelName": "Blue Reef Resort: Colorado Springs", "hotelLocation": "Colorado Springs", "hotelRoomType": "standard", "hotelRoomCount": "1", "hotelGuestAdultCount": "1", "hotelGuestChildCount": "0", "hotelNightCount": "3", "hotelRoomPrice": "133.84", "hotelFinalPrice": "401.52"}}}
{"_id": "orderid:683945", "timestamp": "2020-01-05T09:31:15.000Z", "eventType": "transaction", "_adobeamericaspot3": {"CRMID": "crmid:5370351581", "orderDetails": {"orderID": "orderid:683945", "reservationid": "IDJ-8AIU", "orderType": "kiosk", "hotelSKU": "prd1179", "hotelCheckInUnix": "1578562275", "hotelCheckOutUnix": "1579167075", "hotelCheckInTS": "2020-01-09T09:31:15+00:00", "hotelCheckOutTS": "2020-01-16T09:31:15+00:00", "hotelChain": "Hospitality Inn", "hotelName": "Hospitality Inn: Miami", "hotelLocation": "Miami", "hotelRoomType": "standard", "hotelRoomCount": "1", "hotelGuestAdultCount": "1", "hotelGuestChildCount": "0", "hotelNightCount": "7", "hotelRoomPrice": "132.08", "hotelFinalPrice": "924.56"}}}
{"_id": "orderid:943155", "timestamp": "2019-12-10T21:31:04.000Z", "eventType": "transaction", "_adobeamericaspot3": {"CRMID": "crmid:5035407229", "orderDetails": {"orderID": "orderid:943155", "reservationid": "SQI-2RHE", "orderType": "kiosk", "hotelSKU": "prd1033", "hotelCheckInUnix": "1577914264", "hotelCheckOutUnix": "1578605464", "hotelCheckInTS": "2020-01-01T21:31:04+00:00", "hotelCheckOutTS": "2020-01-09T21:31:04+00:00", "hotelChain": "Admiralty Plaza", "hotelName": "Admiralty Plaza: Milwaukee", "hotelLocation": "Milwaukee", "hotelRoomType": "standard", "hotelRoomCount": "1", "hotelGuestAdultCount": "1", "hotelGuestChildCount": "0", "hotelNightCount": "8", "hotelRoomPrice": "177.35", "hotelFinalPrice": "1418.8"}}}
{"_id": "orderid:948545", "timestamp": "2019-12-20T02:21:01.000Z", "eventType": "transaction", "_adobeamericaspot3": {"CRMID": "crmid:1100708959", "orderDetails": {"orderID": "orderid:948545", "reservationid": "M4H-DO10", "orderType": "mobile", "hotelSKU": "prd1022", "hotelCheckInUnix": "1577586061", "hotelCheckOutUnix": "1578190861", "hotelCheckInTS": "2019-12-29T02:21:01+00:00", "hotelCheckOutTS": "2020-01-05T02:21:01+00:00", "hotelChain": "Blue Reef Resort", "hotelName": "Blue Reef Resort: Washington DC", "hotelLocation": "Washington DC", "hotelRoomType": "standard", "hotelRoomCount": "1", "hotelGuestAdultCount": "1", "hotelGuestChildCount": "2", "hotelNightCount": "7", "hotelRoomPrice": "125.78", "hotelFinalPrice": "880.46"}}}
{"_id": "orderid:336779", "timestamp": "2020-01-28T07:14:00.000Z", "eventType": "transaction", "_adobeamericaspot3": {"CRMID": "crmid:5751783411", "orderDetails": {"orderID": "orderid:336779", "reservationid": "D7L-QXDF", "orderType": "kiosk", "hotelSKU": "prd1169", "hotelCheckInUnix": "1582010040", "hotelCheckOutUnix": "1583392440", "hotelCheckInTS": "2020-02-18T07:14:00+00:00", "hotelCheckOutTS": "2020-03-05T07:14:00+00:00", "hotelChain": "Grandeur Hotels", "hotelName": "Grandeur Hotels: Tucson", "hotelLocation": "Tucson", "hotelRoomType": "standard", "hotelRoomCount": "1", "hotelGuestAdultCount": "1", "hotelGuestChildCount": "0", "hotelNightCount": "16", "hotelRoomPrice": "108.32", "hotelFinalPrice": "1733.12"}}}
{"_id": "orderid:662207", "timestamp": "2020-01-30T09:27:57.000Z", "eventType": "transaction", "_adobeamericaspot3": {"CRMID": "crmid:1548913184", "orderDetails": {"orderID": "orderid:662207", "reservationid": "F3P-SRRC", "orderType": "website", "hotelSKU": "prd1098", "hotelCheckInUnix": "1581845277", "hotelCheckOutUnix": "1582018077", "hotelCheckInTS": "2020-02-16T09:27:57+00:00", "hotelCheckOutTS": "2020-02-18T09:27:57+00:00", "hotelChain": "Restful Nights", "hotelName": "Restful Nights: Kiev", "hotelLocation": "Kiev", "hotelRoomType": "standard", "hotelRoomCount": "1", "hotelGuestAdultCount": "1", "hotelGuestChildCount": "3", "hotelNightCount": "2", "hotelRoomPrice": "171.6", "hotelFinalPrice": "343.2"}}}
{"_id": "orderid:959287", "timestamp": "2019-12-07T07:33:16.000Z", "eventType": "transaction", "_adobeamericaspot3": {"CRMID": "crmid:2723150821", "orderDetails": {"orderID": "orderid:959287", "reservationid": "LI9-7IGG", "orderType": "website", "hotelSKU": "prd1106", "hotelCheckInUnix": "1577950396", "hotelCheckOutUnix": "1578641596", "hotelCheckInTS": "2020-01-02T07:33:16+00:00", "hotelCheckOutTS": "2020-01-10T07:33:16+00:00", "hotelChain": "Blue Reef Resort", "hotelName": "Blue Reef Resort: Munich", "hotelLocation": "Munich", "hotelRoomType": "standard", "hotelRoomCount": "1", "hotelGuestAdultCount": "1", "hotelGuestChildCount": "0", "hotelNightCount": "8", "hotelRoomPrice": "116.96", "hotelFinalPrice": "935.68"}}}
{"_id": "orderid:845039", "timestamp": "2020-01-21T17:07:16.000Z", "eventType": "transaction", "_adobeamericaspot3": {"CRMID": "crmid:3527665965", "orderDetails": {"orderID": "orderid:845039", "reservationid": "JCB-DFZP", "orderType": "mobile", "hotelSKU": "prd1038", "hotelCheckInUnix": "1581268036", "hotelCheckOutUnix": "1581700036", "hotelCheckInTS": "2020-02-09T17:07:16+00:00", "hotelCheckOutTS": "2020-02-14T17:07:16+00:00", "hotelChain": "Restful Nights", "hotelName": "Restful Nights: Mesa", "hotelLocation": "Mesa", "hotelRoomType": "standard", "hotelRoomCount": "1", "hotelGuestAdultCount": "1", "hotelGuestChildCount": "3", "hotelNightCount": "5", "hotelRoomPrice": "119.78", "hotelFinalPrice": "598.9"}}}
{"_id": "orderid:312319", "timestamp": "2020-01-02T22:44:46.000Z", "eventType": "transaction", "_adobeamericaspot3": {"CRMID": "crmid:5722551085", "orderDetails": {"orderID": "orderid:312319", "reservationid": "DTO-JZKB", "orderType": "call center", "hotelSKU": "prd1055", "hotelCheckInUnix": "1579733086", "hotelCheckOutUnix": "1580337886", "hotelCheckInTS": "2020-01-22T22:44:46+00:00", "hotelCheckOutTS": "2020-01-29T22:44:46+00:00", "hotelChain": "Nesting Box Inn", "hotelName": "Nesting Box Inn: Bakersfield", "hotelLocation": "Bakersfield", "hotelRoomType": "ultra-luxury", "hotelRoomCount": "1", "hotelGuestAdultCount": "1", "hotelGuestChildCount": "1", "hotelNightCount": "7", "hotelRoomPrice": "295.06", "hotelFinalPrice": "2065.42"}}}
{"_id": "orderid:994747", "timestamp": "2019-12-06T17:50:32.000Z", "eventType": "transaction", "_adobeamericaspot3": {"CRMID": "crmid:7241638396", "orderDetails": {"orderID": "orderid:994747", "reservationid": "N8X-KYQA", "orderType": "mobile", "hotelSKU": "prd1062", "hotelCheckInUnix": "1578246632", "hotelCheckOutUnix": "1578851432", "hotelCheckInTS": "2020-01-05T17:50:32+00:00", "hotelCheckOutTS": "2020-01-12T17:50:32+00:00", "hotelChain": "Restful Nights", "hotelName": "Restful Nights: Moscow", "hotelLocation": "Moscow", "hotelRoomType": "luxury", "hotelRoomCount": "1", "hotelGuestAdultCount": "1", "hotelGuestChildCount": "0", "hotelNightCount": "7", "hotelRoomPrice": "354.58", "hotelFinalPrice": "2482.06"}}}
{"_id": "orderid:900117", "timestamp": "2020-01-28T04:40:36.000Z", "eventType": "transaction", "_adobeamericaspot3": {"CRMID": "crmid:7568914201", "orderDetails": {"orderID": "orderid:900117", "reservationid": "L0P-Y2BQ", "orderType": "mobile", "hotelSKU": "prd1167", "hotelCheckInUnix": "1580272836", "hotelCheckOutUnix": "1580532036", "hotelCheckInTS": "2020-01-29T04:40:36+00:00", "hotelCheckOutTS": "2020-02-01T04:40:36+00:00", "hotelChain": "Hospitality Inn", "hotelName": "Hospitality Inn: Milwaukee", "hotelLocation": "Milwaukee", "hotelRoomType": "standard", "hotelRoomCount": "1", "hotelGuestAdultCount": "1", "hotelGuestChildCount": "0", "hotelNightCount": "3", "hotelRoomPrice": "169.02", "hotelFinalPrice": "507.06"}}}
{"_id": "orderid:551682", "timestamp": "2020-01-11T18:10:56.000Z", "eventType": "transaction", "_adobeamericaspot3": {"CRMID": "crmid:2711716361", "orderDetails": {"orderID": "orderid:551682", "reservationid": "EBO-WZXE", "orderType": "call center", "hotelSKU": "prd1021", "hotelCheckInUnix": "1581099056", "hotelCheckOutUnix": "1581617456", "hotelCheckInTS": "2020-02-07T18:10:56+00:00", "hotelCheckOutTS": "2020-02-13T18:10:56+00:00", "hotelChain": "Admiralty Plaza", "hotelName": "Admiralty Plaza: Denver", "hotelLocation": "Denver", "hotelRoomType": "standard", "hotelRoomCount": "1", "hotelGuestAdultCount": "1", "hotelGuestChildCount": "0", "hotelNightCount": "6", "hotelRoomPrice": "148.61", "hotelFinalPrice": "891.66"}}}
{"_id": "orderid:699281", "timestamp": "2020-02-11T06:03:16.000Z", "eventType": "transaction", "_adobeamericaspot3": {"CRMID": "crmid:6951989731", "orderDetails": {"orderID": "orderid:699281", "reservationid": "HM0-ZV14", "orderType": "call center", "hotelSKU": "prd1191", "hotelCheckInUnix": "1583992996", "hotelCheckOutUnix": "1584338596", "hotelCheckInTS": "2020-03-12T06:03:16+00:00", "hotelCheckOutTS": "2020-03-16T06:03:16+00:00", "hotelChain": "Hospitality Inn", "hotelName": "Hospitality Inn: Mumbai", "hotelLocation": "Mumbai", "hotelRoomType": "premium", "hotelRoomCount": "1", "hotelGuestAdultCount": "1", "hotelGuestChildCount": "0", "hotelNightCount": "4", "hotelRoomPrice": "174.38", "hotelFinalPrice": "697.52"}}}
{"_id": "orderid:340101", "timestamp": "2020-02-15T21:27:07.000Z", "eventType": "transaction", "_adobeamericaspot3": {"CRMID": "crmid:1391236895", "orderDetails": {"orderID": "orderid:340101", "reservationid": "GME-HVJJ", "orderType": "website", "hotelSKU": "prd1166", "hotelCheckInUnix": "1583530027", "hotelCheckOutUnix": "1584480427", "hotelCheckInTS": "2020-03-06T21:27:07+00:00", "hotelCheckOutTS": "2020-03-17T21:27:07+00:00", "hotelChain": "Blue Reef Resort", "hotelName": "Blue Reef Resort: Baltimore", "hotelLocation": "Baltimore", "hotelRoomType": "standard", "hotelRoomCount": "1", "hotelGuestAdultCount": "1", "hotelGuestChildCount": "0", "hotelNightCount": "11", "hotelRoomPrice": "92.14", "hotelFinalPrice": "1013.54"}}}
{"_id": "orderid:250769", "timestamp": "2019-12-14T07:57:50.000Z", "eventType": "transaction", "_adobeamericaspot3": {"CRMID": "crmid:2822649546", "orderDetails": {"orderID": "orderid:250769", "reservationid": "DR9-IEVX", "orderType": "mobile", "hotelSKU": "prd1005", "hotelCheckInUnix": "1578383870", "hotelCheckOutUnix": "1579161470", "hotelCheckInTS": "2020-01-07T07:57:50+00:00", "hotelCheckOutTS": "2020-01-16T07:57:50+00:00", "hotelChain": "Sapphire Suites", "hotelName": "Sapphire Suites: Los Angeles", "hotelLocation": "Los Angeles", "hotelRoomType": "standard", "hotelRoomCount": "1", "hotelGuestAdultCount": "1", "hotelGuestChildCount": "0", "hotelNightCount": "9", "hotelRoomPrice": "154.3", "hotelFinalPrice": "1388.7"}}}
{"_id": "orderid:381988", "timestamp": "2020-01-05T07:11:27.000Z", "eventType": "transaction", "_adobeamericaspot3": {"CRMID": "crmid:6416231817", "orderDetails": {"orderID": "orderid:381988", "reservationid": "ZMJ-UVGO", "orderType": "kiosk", "hotelSKU": "prd1178", "hotelCheckInUnix": "1578381087", "hotelCheckOutUnix": "1578813087", "hotelCheckInTS": "2020-01-07T07:11:27+00:00", "hotelCheckOutTS": "2020-01-12T07:11:27+00:00", "hotelChain": "Blue Reef Resort", "hotelName": "Blue Reef Resort: Colorado Springs", "hotelLocation": "Colorado Springs", "hotelRoomType": "premium", "hotelRoomCount": "1", "hotelGuestAdultCount": "1", "hotelGuestChildCount": "0", "hotelNightCount": "5", "hotelRoomPrice": "111.59", "hotelFinalPrice": "557.95"}}}
{"_id": "orderid:614211", "timestamp": "2020-01-26T23:15:22.000Z", "eventType": "transaction", "_adobeamericaspot3": {"CRMID": "crmid:7730338914", "orderDetails": {"orderID": "orderid:614211", "reservationid": "DOA-JVKE", "orderType": "call center", "hotelSKU": "prd1009", "hotelCheckInUnix": "1580166922", "hotelCheckOutUnix": "1580339722", "hotelCheckInTS": "2020-01-27T23:15:22+00:00", "hotelCheckOutTS": "2020-01-29T23:15:22+00:00", "hotelChain": "Admiralty Plaza", "hotelName": "Admiralty Plaza: San Antonio", "hotelLocation": "San Antonio", "hotelRoomType": "standard", "hotelRoomCount": "1", "hotelGuestAdultCount": "1", "hotelGuestChildCount": "0", "hotelNightCount": "2", "hotelRoomPrice": "144.07", "hotelFinalPrice": "288.14"}}}
{"_id": "orderid:187755", "timestamp": "2020-01-12T23:24:38.000Z", "eventType": "transaction", "_adobeamericaspot3": {"CRMID": "crmid:1915762759", "orderDetails": {"orderID": "orderid:187755", "reservationid": "I8J-KQ8D", "orderType": "website", "hotelSKU": "prd1146", "hotelCheckInUnix": "1580772278", "hotelCheckOutUnix": "1581204278", "hotelCheckInTS": "2020-02-03T23:24:38+00:00", "hotelCheckOutTS": "2020-02-08T23:24:38+00:00", "hotelChain": "Restful Nights", "hotelName": "Restful Nights: San Jose", "hotelLocation": "San Jose", "hotelRoomType": "premium", "hotelRoomCount": "1", "hotelGuestAdultCount": "1", "hotelGuestChildCount": "0", "hotelNightCount": "5", "hotelRoomPrice": "134.74", "hotelFinalPrice": "673.7"}}}
{"_id": "orderid:332526", "timestamp": "2020-01-08T09:06:45.000Z", "eventType": "transaction", "_adobeamericaspot3": {"CRMID": "crmid:2612090736", "orderDetails": {"orderID": "orderid:332526", "reservationid": "GHA-JNYR", "orderType": "kiosk", "hotelSKU": "prd1088", "hotelCheckInUnix": "1578820005", "hotelCheckOutUnix": "1579338405", "hotelCheckInTS": "2020-01-12T09:06:45+00:00", "hotelCheckOutTS": "2020-01-18T09:06:45+00:00", "hotelChain": "Aspen Heights", "hotelName": "Aspen Heights: Ankara", "hotelLocation": "Ankara", "hotelRoomType": "standard", "hotelRoomCount": "1", "hotelGuestAdultCount": "1", "hotelGuestChildCount": "0", "hotelNightCount": "6", "hotelRoomPrice": "167.79", "hotelFinalPrice": "1006.74"}}}
{"_id": "orderid:296297", "timestamp": "2020-01-13T16:22:55.000Z", "eventType": "transaction", "_adobeamericaspot3": {"CRMID": "crmid:4062694512", "orderDetails": {"orderID": "orderid:296297", "reservationid": "OPH-IIZV", "orderType": "kiosk", "hotelSKU": "prd1076", "hotelCheckInUnix": "1580833375", "hotelCheckOutUnix": "1581697375", "hotelCheckInTS": "2020-02-04T16:22:55+00:00", "hotelCheckOutTS": "2020-02-14T16:22:55+00:00", "hotelChain": "Aspen Heights", "hotelName": "Aspen Heights: Bogota", "hotelLocation": "Bogota", "hotelRoomType": "standard", "hotelRoomCount": "1", "hotelGuestAdultCount": "1", "hotelGuestChildCount": "0", "hotelNightCount": "10", "hotelRoomPrice": "133.63", "hotelFinalPrice": "1336.3"}}}
{"_id": "orderid:771721", "timestamp": "2020-01-13T17:12:46.000Z", "eventType": "transaction", "_adobeamericaspot3": {"CRMID": "crmid:4030883622", "orderDetails": {"orderID": "orderid:771721", "reservationid": "EJH-5M18", "orderType": "call center", "hotelSKU": "prd1052", "hotelCheckInUnix": "1580490766", "hotelCheckOutUnix": "1582132366", "hotelCheckInTS": "2020-01-31T17:12:46+00:00", "hotelCheckOutTS": "2020-02-19T17:12:46+00:00", "hotelChain": "Aspen Heights", "hotelName": "Aspen Heights: Wichita", "hotelLocation": "Wichita", "hotelRoomType": "standard", "hotelRoomCount": "1", "hotelGuestAdultCount": "1", "hotelGuestChildCount": "0", "hotelNightCount": "19", "hotelRoomPrice": "120.66", "hotelFinalPrice": "2292.54"}}}
{"_id": "orderid:129701", "timestamp": "2019-12-22T03:27:50.000Z", "eventType": "transaction", "_adobeamericaspot3": {"CRMID": "crmid:3842945044", "orderDetails": {"orderID": "orderid:129701", "reservationid": "QTL-3BBE", "orderType": "call center", "hotelSKU": "prd1136", "hotelCheckInUnix": "1577158070", "hotelCheckOutUnix": "1577590070", "hotelCheckInTS": "2019-12-24T03:27:50+00:00", "hotelCheckOutTS": "2019-12-29T03:27:50+00:00", "hotelChain": "Aspen Heights", "hotelName": "Aspen Heights: Osaka", "hotelLocation": "Osaka", "hotelRoomType": "standard", "hotelRoomCount": "1", "hotelGuestAdultCount": "1", "hotelGuestChildCount": "0", "hotelNightCount": "5", "hotelRoomPrice": "181.06", "hotelFinalPrice": "905.3"}}}
{"_id": "orderid:375056", "timestamp": "2019-12-05T07:13:34.000Z", "eventType": "transaction", "_adobeamericaspot3": {"CRMID": "crmid:3686564665", "orderDetails": {"orderID": "orderid:375056", "reservationid": "4OT-IN6I", "orderType": "website", "hotelSKU": "prd1194", "hotelCheckInUnix": "1577258014", "hotelCheckOutUnix": "1577776414", "hotelCheckInTS": "2019-12-25T07:13:34+00:00", "hotelCheckOutTS": "2019-12-31T07:13:34+00:00", "hotelChain": "Restful Nights", "hotelName": "Restful Nights: Tianjin", "hotelLocation": "Tianjin", "hotelRoomType": "standard", "hotelRoomCount": "1", "hotelGuestAdultCount": "1", "hotelGuestChildCount": "1", "hotelNightCount": "6", "hotelRoomPrice": "137.83", "hotelFinalPrice": "826.98"}}}
{"_id": "orderid:213073", "timestamp": "2019-12-20T00:22:52.000Z", "eventType": "transaction", "_adobeamericaspot3": {"CRMID": "crmid:2555257019", "orderDetails": {"orderID": "orderid:213073", "reservationid": "3NL-TKPE", "orderType": "call center", "hotelSKU": "prd1052", "hotelCheckInUnix": "1576887772", "hotelCheckOutUnix": "1576974172", "hotelCheckInTS": "2019-12-21T00:22:52+00:00", "hotelCheckOutTS": "2019-12-22T00:22:52+00:00", "hotelChain": "Aspen Heights", "hotelName": "Aspen Heights: Wichita", "hotelLocation": "Wichita", "hotelRoomType": "standard", "hotelRoomCount": "1", "hotelGuestAdultCount": "1", "hotelGuestChildCount": "0", "hotelNightCount": "1", "hotelRoomPrice": "99.12", "hotelFinalPrice": "99.12"}}}
{"_id": "orderid:515519", "timestamp": "2019-12-26T19:41:50.000Z", "eventType": "transaction", "_adobeamericaspot3": {"CRMID": "crmid:7490576051", "orderDetails": {"orderID": "orderid:515519", "reservationid": "SAV-I9AN", "orderType": "website", "hotelSKU": "prd1081", "hotelCheckInUnix": "1579981310", "hotelCheckOutUnix": "1580672510", "hotelCheckInTS": "2020-01-25T19:41:50+00:00", "hotelCheckOutTS": "2020-02-02T19:41:50+00:00", "hotelChain": "Admiralty Plaza", "hotelName": "Admiralty Plaza: Rod de Janeiro", "hotelLocation": "Rod de Janeiro", "hotelRoomType": "standard", "hotelRoomCount": "1", "hotelGuestAdultCount": "1", "hotelGuestChildCount": "0", "hotelNightCount": "8", "hotelRoomPrice": "167.58", "hotelFinalPrice": "1340.64"}}}
{"_id": "orderid:667473", "timestamp": "2019-12-27T00:10:43.000Z", "eventType": "transaction", "_adobeamericaspot3": {"CRMID": "crmid:7395544327", "orderDetails": {"orderID": "orderid:667473", "reservationid": "R2K-OLRG", "orderType": "website", "hotelSKU": "prd1124", "hotelCheckInUnix": "1578355843", "hotelCheckOutUnix": "1578874243", "hotelCheckInTS": "2020-01-07T00:10:43+00:00", "hotelCheckOutTS": "2020-01-13T00:10:43+00:00", "hotelChain": "Aspen Heights", "hotelName": "Aspen Heights: Leeds", "hotelLocation": "Leeds", "hotelRoomType": "ultra-luxury", "hotelRoomCount": "1", "hotelGuestAdultCount": "1", "hotelGuestChildCount": "1", "hotelNightCount": "6", "hotelRoomPrice": "343.71", "hotelFinalPrice": "2062.26"}}}
{"_id": "orderid:285240", "timestamp": "2019-12-11T23:21:15.000Z", "eventType": "transaction", "_adobeamericaspot3": {"CRMID": "crmid:9081968889", "orderDetails": {"orderID": "orderid:285240", "reservationid": "PAO-PXTA", "orderType": "mobile", "hotelSKU": "prd1167", "hotelCheckInUnix": "1577402475", "hotelCheckOutUnix": "1577834475", "hotelCheckInTS": "2019-12-26T23:21:15+00:00", "hotelCheckOutTS": "2019-12-31T23:21:15+00:00", "hotelChain": "Hospitality Inn", "hotelName": "Hospitality Inn: Milwaukee", "hotelLocation": "Milwaukee", "hotelRoomType": "standard", "hotelRoomCount": "1", "hotelGuestAdultCount": "1", "hotelGuestChildCount": "0", "hotelNightCount": "5", "hotelRoomPrice": "197.84", "hotelFinalPrice": "989.2"}}}
{"_id": "orderid:792557", "timestamp": "2019-12-09T09:35:40.000Z", "eventType": "transaction", "_adobeamericaspot3": {"CRMID": "crmid:2117181028", "orderDetails": {"orderID": "orderid:792557", "reservationid": "JQL-WBPW", "orderType": "mobile", "hotelSKU": "prd1026", "hotelCheckInUnix": "1578130540", "hotelCheckOutUnix": "1579080940", "hotelCheckInTS": "2020-01-04T09:35:40+00:00", "hotelCheckOutTS": "2020-01-15T09:35:40+00:00", "hotelChain": "Restful Nights", "hotelName": "Restful Nights: Nashville", "hotelLocation": "Nashville", "hotelRoomType": "standard", "hotelRoomCount": "1", "hotelGuestAdultCount": "1", "hotelGuestChildCount": "0", "hotelNightCount": "11", "hotelRoomPrice": "183.22", "hotelFinalPrice": "2015.42"}}}
{"_id": "orderid:862926", "timestamp": "2019-12-18T14:01:20.000Z", "eventType": "transaction", "_adobeamericaspot3": {"CRMID": "crmid:9632065795", "orderDetails": {"orderID": "orderid:862926", "reservationid": "IHM-BMK0", "orderType": "website", "hotelSKU": "prd1153", "hotelCheckInUnix": "1578492080", "hotelCheckOutUnix": "1579442480", "hotelCheckInTS": "2020-01-08T14:01:20+00:00", "hotelCheckOutTS": "2020-01-19T14:01:20+00:00", "hotelChain": "Admiralty Plaza", "hotelName": "Admiralty Plaza: Charlotte", "hotelLocation": "Charlotte", "hotelRoomType": "standard", "hotelRoomCount": "1", "hotelGuestAdultCount": "1", "hotelGuestChildCount": "0", "hotelNightCount": "11", "hotelRoomPrice": "163.45", "hotelFinalPrice": "1797.95"}}}
{"_id": "orderid:840532", "timestamp": "2019-12-25T19:32:33.000Z", "eventType": "transaction", "_adobeamericaspot3": {"CRMID": "crmid:7015165183", "orderDetails": {"orderID": "orderid:840532", "reservationid": "XA4-P1AC", "orderType": "call center", "hotelSKU": "prd1004", "hotelCheckInUnix": "1579289553", "hotelCheckOutUnix": "1580412753", "hotelCheckInTS": "2020-01-17T19:32:33+00:00", "hotelCheckOutTS": "2020-01-30T19:32:33+00:00", "hotelChain": "Aspen Heights", "hotelName": "Aspen Heights: Boulder", "hotelLocation": "Boulder", "hotelRoomType": "standard", "hotelRoomCount": "1", "hotelGuestAdultCount": "1", "hotelGuestChildCount": "0", "hotelNightCount": "13", "hotelRoomPrice": "117.73", "hotelFinalPrice": "1530.49"}}}
{"_id": "orderid:220115", "timestamp": "2020-02-15T18:37:15.000Z", "eventType": "transaction", "_adobeamericaspot3": {"CRMID": "crmid:9729487186", "orderDetails": {"orderID": "orderid:220115", "reservationid": "FQG-UTKC", "orderType": "mobile", "hotelSKU": "prd1110", "hotelCheckInUnix": "1584211035", "hotelCheckOutUnix": "1584643035", "hotelCheckInTS": "2020-03-14T18:37:15+00:00", "hotelCheckOutTS": "2020-03-19T18:37:15+00:00", "hotelChain": "Restful Nights", "hotelName": "Restful Nights: Sofia", "hotelLocation": "Sofia", "hotelRoomType": "standard", "hotelRoomCount": "1", "hotelGuestAdultCount": "1", "hotelGuestChildCount": "0", "hotelNightCount": "5", "hotelRoomPrice": "138.86", "hotelFinalPrice": "694.3"}}}
{"_id": "orderid:982849", "timestamp": "2020-01-12T01:31:01.000Z", "eventType": "transaction", "_adobeamericaspot3": {"CRMID": "crmid:6052739881", "orderDetails": {"orderID": "orderid:982849", "reservationid": "XXZ-OJEA", "orderType": "website", "hotelSKU": "prd1152", "hotelCheckInUnix": "1579656661", "hotelCheckOutUnix": "1579915861", "hotelCheckInTS": "2020-01-22T01:31:01+00:00", "hotelCheckOutTS": "2020-01-25T01:31:01+00:00", "hotelChain": "Repose Resort", "hotelName": "Repose Resort: Indianapolis", "hotelLocation": "Indianapolis", "hotelRoomType": "standard", "hotelRoomCount": "1", "hotelGuestAdultCount": "1", "hotelGuestChildCount": "4", "hotelNightCount": "3", "hotelRoomPrice": "135.12", "hotelFinalPrice": "405.36"}}}
{"_id": "orderid:827274", "timestamp": "2019-12-24T01:12:41.000Z", "eventType": "transaction", "_adobeamericaspot3": {"CRMID": "crmid:3205188785", "orderDetails": {"orderID": "orderid:827274", "reservationid": "SGV-OQFD", "orderType": "mobile", "hotelSKU": "prd1026", "hotelCheckInUnix": "1577236361", "hotelCheckOutUnix": "1577409161", "hotelCheckInTS": "2019-12-25T01:12:41+00:00", "hotelCheckOutTS": "2019-12-27T01:12:41+00:00", "hotelChain": "Restful Nights", "hotelName": "Restful Nights: Nashville", "hotelLocation": "Nashville", "hotelRoomType": "standard", "hotelRoomCount": "1", "hotelGuestAdultCount": "1", "hotelGuestChildCount": "0", "hotelNightCount": "2", "hotelRoomPrice": "166.17", "hotelFinalPrice": "332.34"}}}
{"_id": "orderid:980993", "timestamp": "2020-02-07T23:20:49.000Z", "eventType": "transaction", "_adobeamericaspot3": {"CRMID": "crmid:1404109691", "orderDetails": {"orderID": "orderid:980993", "reservationid": "G5Z-C6R6", "orderType": "service desk", "hotelSKU": "prd1124", "hotelCheckInUnix": "1583018449", "hotelCheckOutUnix": "1584400849", "hotelCheckInTS": "2020-02-29T23:20:49+00:00", "hotelCheckOutTS": "2020-03-16T23:20:49+00:00", "hotelChain": "Aspen Heights", "hotelName": "Aspen Heights: Leeds", "hotelLocation": "Leeds", "hotelRoomType": "standard", "hotelRoomCount": "1", "hotelGuestAdultCount": "1", "hotelGuestChildCount": "0", "hotelNightCount": "16", "hotelRoomPrice": "125.73", "hotelFinalPrice": "2011.68"}}}
{"_id": "orderid:429705", "timestamp": "2020-01-17T09:22:39.000Z", "eventType": "transaction", "_adobeamericaspot3": {"CRMID": "crmid:3869993803", "orderDetails": {"orderID": "orderid:429705", "reservationid": "8BH-FHXG", "orderType": "kiosk", "hotelSKU": "prd1113", "hotelCheckInUnix": "1579598559", "hotelCheckOutUnix": "1579857759", "hotelCheckInTS": "2020-01-21T09:22:39+00:00", "hotelCheckOutTS": "2020-01-24T09:22:39+00:00", "hotelChain": "Sapphire Suites", "hotelName": "Sapphire Suites: Kazan", "hotelLocation": "Kazan", "hotelRoomType": "standard", "hotelRoomCount": "1", "hotelGuestAdultCount": "1", "hotelGuestChildCount": "0", "hotelNightCount": "3", "hotelRoomPrice": "125.76", "hotelFinalPrice": "377.28"}}}
{"_id": "orderid:954713", "timestamp": "2020-02-08T12:19:06.000Z", "eventType": "transaction", "_adobeamericaspot3": {"CRMID": "crmid:3535761287", "orderDetails": {"orderID": "orderid:954713", "reservationid": "F7S-20QS", "orderType": "website", "hotelSKU": "prd1164", "hotelCheckInUnix": "1581250746", "hotelCheckOutUnix": "1581682746", "hotelCheckInTS": "2020-02-09T12:19:06+00:00", "hotelCheckOutTS": "2020-02-14T12:19:06+00:00", "hotelChain": "Repose Resort", "hotelName": "Repose Resort: Las Vegas", "hotelLocation": "Las Vegas", "hotelRoomType": "standard", "hotelRoomCount": "1", "hotelGuestAdultCount": "1", "hotelGuestChildCount": "0", "hotelNightCount": "5", "hotelRoomPrice": "161.58", "hotelFinalPrice": "807.9"}}}
{"_id": "orderid:199347", "timestamp": "2019-12-24T16:47:30.000Z", "eventType": "transaction", "_adobeamericaspot3": {"CRMID": "crmid:3280739132", "orderDetails": {"orderID": "orderid:199347", "reservationid": "NWR-2UVC", "orderType": "website", "hotelSKU": "prd1100", "hotelCheckInUnix": "1577724450", "hotelCheckOutUnix": "1579020450", "hotelCheckInTS": "2019-12-30T16:47:30+00:00", "hotelCheckOutTS": "2020-01-14T16:47:30+00:00", "hotelChain": "Aspen Heights", "hotelName": "Aspen Heights: Misk", "hotelLocation": "Misk", "hotelRoomType": "standard", "hotelRoomCount": "1", "hotelGuestAdultCount": "1", "hotelGuestChildCount": "0", "hotelNightCount": "15", "hotelRoomPrice": "133.77", "hotelFinalPrice": "2006.55"}}}
{"_id": "orderid:322580", "timestamp": "2020-02-11T19:21:27.000Z", "eventType": "transaction", "_adobeamericaspot3": {"CRMID": "crmid:6622897499", "orderDetails": {"orderID": "orderid:322580", "reservationid": "BRD-HQWQ", "orderType": "service desk", "hotelSKU": "prd1004", "hotelCheckInUnix": "1583695287", "hotelCheckOutUnix": "1584127287", "hotelCheckInTS": "2020-03-08T19:21:27+00:00", "hotelCheckOutTS": "2020-03-13T19:21:27+00:00", "hotelChain": "Aspen Heights", "hotelName": "Aspen Heights: Boulder", "hotelLocation": "Boulder", "hotelRoomType": "standard", "hotelRoomCount": "1", "hotelGuestAdultCount": "1", "hotelGuestChildCount": "0", "hotelNightCount": "5", "hotelRoomPrice": "151.84", "hotelFinalPrice": "759.2"}}}
{"_id": "orderid:599197", "timestamp": "2020-02-06T12:36:54.000Z", "eventType": "transaction", "_adobeamericaspot3": {"CRMID": "crmid:4665887121", "orderDetails": {"orderID": "orderid:599197", "reservationid": "NOX-CWII", "orderType": "website", "hotelSKU": "prd1130", "hotelCheckInUnix": "1583325414", "hotelCheckOutUnix": "1584880614", "hotelCheckInTS": "2020-03-04T12:36:54+00:00", "hotelCheckOutTS": "2020-03-22T12:36:54+00:00", "hotelChain": "Blue Reef Resort", "hotelName": "Blue Reef Resort: Bremen", "hotelLocation": "Bremen", "hotelRoomType": "premium", "hotelRoomCount": "1", "hotelGuestAdultCount": "1", "hotelGuestChildCount": "4", "hotelNightCount": "18", "hotelRoomPrice": "127.13", "hotelFinalPrice": "2288.34"}}}
{"_id": "orderid:441787", "timestamp": "2019-12-19T11:45:01.000Z", "eventType": "transaction", "_adobeamericaspot3": {"CRMID": "crmid:6308092798", "orderDetails": {"orderID": "orderid:441787", "reservationid": "FCZ-F0UX", "orderType": "website", "hotelSKU": "prd1177", "hotelCheckInUnix": "1579261501", "hotelCheckOutUnix": "1579520701", "hotelCheckInTS": "2020-01-17T11:45:01+00:00", "hotelCheckOutTS": "2020-01-20T11:45:01+00:00", "hotelChain": "Admiralty Plaza", "hotelName": "Admiralty Plaza: Raleigh", "hotelLocation": "Raleigh", "hotelRoomType": "standard", "hotelRoomCount": "1", "hotelGuestAdultCount": "1", "hotelGuestChildCount": "0", "hotelNightCount": "3", "hotelRoomPrice": "174.25", "hotelFinalPrice": "522.75"}}}
{"_id": "orderid:690578", "timestamp": "2019-12-12T08:29:21.000Z", "eventType": "transaction", "_adobeamericaspot3": {"CRMID": "crmid:4689397025", "orderDetails": {"orderID": "orderid:690578", "reservationid": "NCP-I0ZQ", "orderType": "kiosk", "hotelSKU": "prd1069", "hotelCheckInUnix": "1578126561", "hotelCheckOutUnix": "1578731361", "hotelCheckInTS": "2020-01-04T08:29:21+00:00", "hotelCheckOutTS": "2020-01-11T08:29:21+00:00", "hotelChain": "Admiralty Plaza", "hotelName": "Admiralty Plaza: Singapore", "hotelLocation": "Singapore", "hotelRoomType": "standard", "hotelRoomCount": "1", "hotelGuestAdultCount": "1", "hotelGuestChildCount": "2", "hotelNightCount": "7", "hotelRoomPrice": "136.34", "hotelFinalPrice": "954.38"}}}
{"_id": "orderid:684348", "timestamp": "2020-02-04T19:01:39.000Z", "eventType": "transaction", "_adobeamericaspot3": {"CRMID": "crmid:5961943499", "orderDetails": {"orderID": "orderid:684348", "reservationid": "JW9-PVPD", "orderType": "mobile", "hotelSKU": "prd1172", "hotelCheckInUnix": "1582398099", "hotelCheckOutUnix": "1582657299", "hotelCheckInTS": "2020-02-22T19:01:39+00:00", "hotelCheckOutTS": "2020-02-25T19:01:39+00:00", "hotelChain": "Aspen Heights", "hotelName": "Aspen Heights: Mesa", "hotelLocation": "Mesa", "hotelRoomType": "standard", "hotelRoomCount": "1", "hotelGuestAdultCount": "1", "hotelGuestChildCount": "0", "hotelNightCount": "3", "hotelRoomPrice": "115.42", "hotelFinalPrice": "346.26"}}}
{"_id": "orderid:474555", "timestamp": "2019-12-22T14:31:19.000Z", "eventType": "transaction", "_adobeamericaspot3": {"CRMID": "crmid:9746608839", "orderDetails": {"orderID": "orderid:474555", "reservationid": "ID2-3OSH", "orderType": "kiosk", "hotelSKU": "prd1196", "hotelCheckInUnix": "1579185079", "hotelCheckOutUnix": "1579962679", "hotelCheckInTS": "2020-01-16T14:31:19+00:00", "hotelCheckOutTS": "2020-01-25T14:31:19+00:00", "hotelChain": "Aspen Heights", "hotelName": "Aspen Heights: Moscow", "hotelLocation": "Moscow", "hotelRoomType": "standard", "hotelRoomCount": "1", "hotelGuestAdultCount": "1", "hotelGuestChildCount": "2", "hotelNightCount": "9", "hotelRoomPrice": "139.26", "hotelFinalPrice": "1253.34"}}}
{"_id": "orderid:158787", "timestamp": "2020-02-11T04:52:02.000Z", "eventType": "transaction", "_adobeamericaspot3": {"CRMID": "crmid:3248273728", "orderDetails": {"orderID": "orderid:158787", "reservationid": "NYL-9BWF", "orderType": "call center", "hotelSKU": "prd1101", "hotelCheckInUnix": "1583383922", "hotelCheckOutUnix": "1584852722", "hotelCheckInTS": "2020-03-05T04:52:02+00:00", "hotelCheckOutTS": "2020-03-22T04:52:02+00:00", "hotelChain": "Sapphire Suites", "hotelName": "Sapphire Suites: Vienna", "hotelLocation": "Vienna", "hotelRoomType": "premium", "hotelRoomCount": "1", "hotelGuestAdultCount": "1", "hotelGuestChildCount": "0", "hotelNightCount": "17", "hotelRoomPrice": "123.47", "hotelFinalPrice": "2098.99"}}}
{"_id": "orderid:408979", "timestamp": "2019-12-05T18:06:00.000Z", "eventType": "transaction", "_adobeamericaspot3": {"CRMID": "crmid:1644915321", "orderDetails": {"orderID": "orderid:408979", "reservationid": "LAF-01MB", "orderType": "website", "hotelSKU": "prd1057", "hotelCheckInUnix": "1577642760", "hotelCheckOutUnix": "1577729160", "hotelCheckInTS": "2019-12-29T18:06:00+00:00", "hotelCheckOutTS": "2019-12-30T18:06:00+00:00", "hotelChain": "Admiralty Plaza", "hotelName": "Admiralty Plaza: Mumbai", "hotelLocation": "Mumbai", "hotelRoomType": "luxury", "hotelRoomCount": "1", "hotelGuestAdultCount": "1", "hotelGuestChildCount": "0", "hotelNightCount": "1", "hotelRoomPrice": "349.8", "hotelFinalPrice": "349.8"}}}
{"_id": "orderid:837066", "timestamp": "2020-01-31T03:26:02.000Z", "eventType": "transaction", "_adobeamericaspot3": {"CRMID": "crmid:7440496261", "orderDetails": {"orderID": "orderid:837066", "reservationid": "OW6-GR0L", "orderType": "kiosk", "hotelSKU": "prd1124", "hotelCheckInUnix": "1582860362", "hotelCheckOutUnix": "1583205962", "hotelCheckInTS": "2020-02-28T03:26:02+00:00", "hotelCheckOutTS": "2020-03-03T03:26:02+00:00", "hotelChain": "Aspen Heights", "hotelName": "Aspen Heights: Leeds", "hotelLocation": "Leeds", "hotelRoomType": "premium", "hotelRoomCount": "1", "hotelGuestAdultCount": "1", "hotelGuestChildCount": "2", "hotelNightCount": "4", "hotelRoomPrice": "137.22", "hotelFinalPrice": "548.88"}}}
{"_id": "orderid:684042", "timestamp": "2019-12-29T20:39:55.000Z", "eventType": "transaction", "_adobeamericaspot3": {"CRMID": "crmid:6443404682", "orderDetails": {"orderID": "orderid:684042", "reservationid": "EXH-QXKR", "orderType": "call center", "hotelSKU": "prd1016", "hotelCheckInUnix": "1579898395", "hotelCheckOutUnix": "1580503195", "hotelCheckInTS": "2020-01-24T20:39:55+00:00", "hotelCheckOutTS": "2020-01-31T20:39:55+00:00", "hotelChain": "Aspen Heights", "hotelName": "Aspen Heights: Columbus", "hotelLocation": "Columbus", "hotelRoomType": "standard", "hotelRoomCount": "1", "hotelGuestAdultCount": "1", "hotelGuestChildCount": "0", "hotelNightCount": "7", "hotelRoomPrice": "108.44", "hotelFinalPrice": "759.08"}}}
{"_id": "orderid:753270", "timestamp": "2019-12-28T11:25:29.000Z", "eventType": "transaction", "_adobeamericaspot3": {"CRMID": "crmid:7055601957", "orderDetails": {"orderID": "orderid:753270", "reservationid": "9VI-UCJC", "orderType": "call center", "hotelSKU": "prd1028", "hotelCheckInUnix": "1579087529", "hotelCheckOutUnix": "1579605929", "hotelCheckInTS": "2020-01-15T11:25:29+00:00", "hotelCheckOutTS": "2020-01-21T11:25:29+00:00", "hotelChain": "Aspen Heights", "hotelName": "Aspen Heights: Portland", "hotelLocation": "Portland", "hotelRoomType": "presidential-suite", "hotelRoomCount": "1", "hotelGuestAdultCount": "1", "hotelGuestChildCount": "0", "hotelNightCount": "6", "hotelRoomPrice": "879.19", "hotelFinalPrice": "5275.14"}}}
{"_id": "orderid:439933", "timestamp": "2020-01-27T03:52:24.000Z", "eventType": "transaction", "_adobeamericaspot3": {"CRMID": "crmid:8710941120", "orderDetails": {"orderID": "orderid:439933", "reservationid": "IKJ-OP9Q", "orderType": "website", "hotelSKU": "prd1100", "hotelCheckInUnix": "1582516344", "hotelCheckOutUnix": "1583034744", "hotelCheckInTS": "2020-02-24T03:52:24+00:00", "hotelCheckOutTS": "2020-03-01T03:52:24+00:00", "hotelChain": "Aspen Heights", "hotelName": "Aspen Heights: Misk", "hotelLocation": "Misk", "hotelRoomType": "ultra-luxury", "hotelRoomCount": "1", "hotelGuestAdultCount": "1", "hotelGuestChildCount": "0", "hotelNightCount": "6", "hotelRoomPrice": "364.27", "hotelFinalPrice": "2185.62"}}}
{"_id": "orderid:959081", "timestamp": "2020-01-24T16:58:34.000Z", "eventType": "transaction", "_adobeamericaspot3": {"CRMID": "crmid:3657927964", "orderDetails": {"orderID": "orderid:959081", "reservationid": "FME-KDBT", "orderType": "kiosk", "hotelSKU": "prd1075", "hotelCheckInUnix": "1581440314", "hotelCheckOutUnix": "1582563514", "hotelCheckInTS": "2020-02-11T16:58:34+00:00", "hotelCheckOutTS": "2020-02-24T16:58:34+00:00", "hotelChain": "Family Fun Hotels", "hotelName": "Family Fun Hotels: Bangalore", "hotelLocation": "Bangalore", "hotelRoomType": "standard", "hotelRoomCount": "1", "hotelGuestAdultCount": "1", "hotelGuestChildCount": "0", "hotelNightCount": "13", "hotelRoomPrice": "107.68", "hotelFinalPrice": "1399.84"}}}
{"_id": "orderid:215114", "timestamp": "2020-02-09T22:12:27.000Z", "eventType": "transaction", "_adobeamericaspot3": {"CRMID": "crmid:8200231348", "orderDetails": {"orderID": "orderid:215114", "reservationid": "O9N-S8PS", "orderType": "website", "hotelSKU": "prd1033", "hotelCheckInUnix": "1581372747", "hotelCheckOutUnix": "1581718347", "hotelCheckInTS": "2020-02-10T22:12:27+00:00", "hotelCheckOutTS": "2020-02-14T22:12:27+00:00", "hotelChain": "Admiralty Plaza", "hotelName": "Admiralty Plaza: Milwaukee", "hotelLocation": "Milwaukee", "hotelRoomType": "premium", "hotelRoomCount": "1", "hotelGuestAdultCount": "1", "hotelGuestChildCount": "0", "hotelNightCount": "4", "hotelRoomPrice": "109.38", "hotelFinalPrice": "437.52"}}}
{"_id": "orderid:227810", "timestamp": "2020-02-15T00:00:00.000Z", "eventType": "transaction", "_adobeamericaspot3": {"CRMID": "crmid:8200231348", "orderDetails": {"orderID": "orderid:227810", "reservationid": "PKI-MPU6", "orderType": "website", "hotelSKU": "prd1068", "hotelCheckInUnix": "1581811200", "hotelCheckOutUnix": "1582070400", "hotelCheckInTS": "2020-02-16T00:00:00+00:00", "hotelCheckOutTS": "2020-02-19T00:00:00+00:00", "hotelChain": "Repose Resort", "hotelName": "Repose Resort: Dhaka", "hotelLocation": "Dhaka", "hotelRoomType": "standard", "hotelRoomCount": "1", "hotelGuestAdultCount": "1", "hotelGuestChildCount": "0", "hotelNightCount": "3", "hotelRoomPrice": "146.89", "hotelFinalPrice": "440.67"}}}
{"_id": "orderid:608124", "timestamp": "2020-01-14T20:05:00.000Z", "eventType": "transaction", "_adobeamericaspot3": {"CRMID": "crmid:5299219164", "orderDetails": {"orderID": "orderid:608124", "reservationid": "TKM-TLL4", "orderType": "call center", "hotelSKU": "prd1015", "hotelCheckInUnix": "1581451500", "hotelCheckOutUnix": "1582229100", "hotelCheckInTS": "2020-02-11T20:05:00+00:00", "hotelCheckOutTS": "2020-02-20T20:05:00+00:00", "hotelChain": "Family Fun Hotels", "hotelName": "Family Fun Hotels: San Francisco", "hotelLocation": "San Francisco", "hotelRoomType": "standard", "hotelRoomCount": "1", "hotelGuestAdultCount": "1", "hotelGuestChildCount": "0", "hotelNightCount": "9", "hotelRoomPrice": "175.33", "hotelFinalPrice": "1577.97"}}}
{"_id": "orderid:861273", "timestamp": "2020-01-29T16:34:07.000Z", "eventType": "transaction", "_adobeamericaspot3": {"CRMID": "crmid:6502641413", "orderDetails": {"orderID": "orderid:861273", "reservationid": "MQG-TVRQ", "orderType": "website", "hotelSKU": "prd1183", "hotelCheckInUnix": "1582302847", "hotelCheckOutUnix": "1582821247", "hotelCheckInTS": "2020-02-21T16:34:07+00:00", "hotelCheckOutTS": "2020-02-27T16:34:07+00:00", "hotelChain": "Family Fun Hotels", "hotelName": "Family Fun Hotels: Tulsa", "hotelLocation": "Tulsa", "hotelRoomType": "premium", "hotelRoomCount": "1", "hotelGuestAdultCount": "1", "hotelGuestChildCount": "0", "hotelNightCount": "6", "hotelRoomPrice": "157.08", "hotelFinalPrice": "942.48"}}}
{"_id": "orderid:716190", "timestamp": "2019-12-25T07:41:54.000Z", "eventType": "transaction", "_adobeamericaspot3": {"CRMID": "crmid:5698884552", "orderDetails": {"orderID": "orderid:716190", "reservationid": "7GX-JORO", "orderType": "website", "hotelSKU": "prd1033", "hotelCheckInUnix": "1577864514", "hotelCheckOutUnix": "1578728514", "hotelCheckInTS": "2020-01-01T07:41:54+00:00", "hotelCheckOutTS": "2020-01-11T07:41:54+00:00", "hotelChain": "Admiralty Plaza", "hotelName": "Admiralty Plaza: Milwaukee", "hotelLocation": "Milwaukee", "hotelRoomType": "premium", "hotelRoomCount": "1", "hotelGuestAdultCount": "1", "hotelGuestChildCount": "1", "hotelNightCount": "10", "hotelRoomPrice": "140.61", "hotelFinalPrice": "1406.1"}}}
{"_id": "orderid:381142", "timestamp": "2020-02-03T05:42:57.000Z", "eventType": "transaction", "_adobeamericaspot3": {"CRMID": "crmid:9969039612", "orderDetails": {"orderID": "orderid:381142", "reservationid": "PU0-0OWE", "orderType": "call center", "hotelSKU": "prd1119", "hotelCheckInUnix": "1582695777", "hotelCheckOutUnix": "1582954977", "hotelCheckInTS": "2020-02-26T05:42:57+00:00", "hotelCheckOutTS": "2020-02-29T05:42:57+00:00", "hotelChain": "Hospitality Inn", "hotelName": "Hospitality Inn: Turin", "hotelLocation": "Turin", "hotelRoomType": "premium", "hotelRoomCount": "1", "hotelGuestAdultCount": "1", "hotelGuestChildCount": "2", "hotelNightCount": "3", "hotelRoomPrice": "164.65", "hotelFinalPrice": "493.95"}}}
{"_id": "orderid:857485", "timestamp": "2020-01-12T17:57:26.000Z", "eventType": "transaction", "_adobeamericaspot3": {"CRMID": "crmid:3085522796", "orderDetails": {"orderID": "orderid:857485", "reservationid": "4GB-ERKO", "orderType": "website", "hotelSKU": "prd1045", "hotelCheckInUnix": "1580579846", "hotelCheckOutUnix": "1581098246", "hotelCheckInTS": "2020-02-01T17:57:26+00:00", "hotelCheckOutTS": "2020-02-07T17:57:26+00:00", "hotelChain": "Admiralty Plaza", "hotelName": "Admiralty Plaza: Miami", "hotelLocation": "Miami", "hotelRoomType": "ultra-luxury", "hotelRoomCount": "1", "hotelGuestAdultCount": "1", "hotelGuestChildCount": "0", "hotelNightCount": "6", "hotelRoomPrice": "290.21", "hotelFinalPrice": "1741.26"}}}
{"_id": "orderid:762549", "timestamp": "2019-12-07T02:20:35.000Z", "eventType": "transaction", "_adobeamericaspot3": {"CRMID": "crmid:4375865578", "orderDetails": {"orderID": "orderid:762549", "reservationid": "QZV-Y7FP", "orderType": "kiosk", "hotelSKU": "prd1010", "hotelCheckInUnix": "1577326835", "hotelCheckOutUnix": "1578018035", "hotelCheckInTS": "2019-12-26T02:20:35+00:00", "hotelCheckOutTS": "2020-01-03T02:20:35+00:00", "hotelChain": "Blue Reef Resort", "hotelName": "Blue Reef Resort: San Diego", "hotelLocation": "San Diego", "hotelRoomType": "standard", "hotelRoomCount": "1", "hotelGuestAdultCount": "1", "hotelGuestChildCount": "0", "hotelNightCount": "8", "hotelRoomPrice": "104.47", "hotelFinalPrice": "835.76"}}}
{"_id": "orderid:405988", "timestamp": "2019-12-11T21:03:18.000Z", "eventType": "transaction", "_adobeamericaspot3": {"CRMID": "crmid:1240476234", "orderDetails": {"orderID": "orderid:405988", "reservationid": "YJC-YALN", "orderType": "website", "hotelSKU": "prd1110", "hotelCheckInUnix": "1578430998", "hotelCheckOutUnix": "1579035798", "hotelCheckInTS": "2020-01-07T21:03:18+00:00", "hotelCheckOutTS": "2020-01-14T21:03:18+00:00", "hotelChain": "Restful Nights", "hotelName": "Restful Nights: Sofia", "hotelLocation": "Sofia", "hotelRoomType": "standard", "hotelRoomCount": "1", "hotelGuestAdultCount": "1", "hotelGuestChildCount": "0", "hotelNightCount": "7", "hotelRoomPrice": "77.25", "hotelFinalPrice": "540.75"}}}
{"_id": "orderid:725321", "timestamp": "2020-02-14T18:11:36.000Z", "eventType": "transaction", "_adobeamericaspot3": {"CRMID": "crmid:9788968107", "orderDetails": {"orderID": "orderid:725321", "reservationid": "3ZX-ILTC", "orderType": "call center", "hotelSKU": "prd1142", "hotelCheckInUnix": "1581963096", "hotelCheckOutUnix": "1582222296", "hotelCheckInTS": "2020-02-17T18:11:36+00:00", "hotelCheckOutTS": "2020-02-20T18:11:36+00:00", "hotelChain": "Blue Reef Resort", "hotelName": "Blue Reef Resort: Philadelphia", "hotelLocation": "Philadelphia", "hotelRoomType": "standard", "hotelRoomCount": "1", "hotelGuestAdultCount": "1", "hotelGuestChildCount": "0", "hotelNightCount": "3", "hotelRoomPrice": "148.28", "hotelFinalPrice": "444.84"}}}
{"_id": "orderid:483946", "timestamp": "2020-01-15T23:15:56.000Z", "eventType": "transaction", "_adobeamericaspot3": {"CRMID": "crmid:3497831908", "orderDetails": {"orderID": "orderid:483946", "reservationid": "6TD-HJZS", "orderType": "website", "hotelSKU": "prd1038", "hotelCheckInUnix": "1580253356", "hotelCheckOutUnix": "1580858156", "hotelCheckInTS": "2020-01-28T23:15:56+00:00", "hotelCheckOutTS": "2020-02-04T23:15:56+00:00", "hotelChain": "Restful Nights", "hotelName": "Restful Nights: Mesa", "hotelLocation": "Mesa", "hotelRoomType": "premium", "hotelRoomCount": "1", "hotelGuestAdultCount": "1", "hotelGuestChildCount": "0", "hotelNightCount": "7", "hotelRoomPrice": "116.26", "hotelFinalPrice": "813.82"}}}
{"_id": "orderid:849760", "timestamp": "2020-02-11T06:57:25.000Z", "eventType": "transaction", "_adobeamericaspot3": {"CRMID": "crmid:2542821289", "orderDetails": {"orderID": "orderid:849760", "reservationid": "AE1-WVJ7", "orderType": "kiosk", "hotelSKU": "prd1179", "hotelCheckInUnix": "1582786645", "hotelCheckOutUnix": "1583305045", "hotelCheckInTS": "2020-02-27T06:57:25+00:00", "hotelCheckOutTS": "2020-03-04T06:57:25+00:00", "hotelChain": "Hospitality Inn", "hotelName": "Hospitality Inn: Miami", "hotelLocation": "Miami", "hotelRoomType": "ultra-luxury", "hotelRoomCount": "1", "hotelGuestAdultCount": "1", "hotelGuestChildCount": "0", "hotelNightCount": "6", "hotelRoomPrice": "296.92", "hotelFinalPrice": "1781.52"}}}
{"_id": "orderid:653619", "timestamp": "2020-01-08T01:57:35.000Z", "eventType": "transaction", "_adobeamericaspot3": {"CRMID": "crmid:9986860820", "orderDetails": {"orderID": "orderid:653619", "reservationid": "NIA-Y8HG", "orderType": "service desk", "hotelSKU": "prd1070", "hotelCheckInUnix": "1579658255", "hotelCheckOutUnix": "1579744655", "hotelCheckInTS": "2020-01-22T01:57:35+00:00", "hotelCheckOutTS": "2020-01-23T01:57:35+00:00", "hotelChain": "Blue Reef Resort", "hotelName": "Blue Reef Resort: Jakarta", "hotelLocation": "Jakarta", "hotelRoomType": "premium", "hotelRoomCount": "1", "hotelGuestAdultCount": "1", "hotelGuestChildCount": "0", "hotelNightCount": "1", "hotelRoomPrice": "172.66", "hotelFinalPrice": "172.66"}}}
{"_id": "orderid:361500", "timestamp": "2020-01-13T22:00:38.000Z", "eventType": "transaction", "_adobeamericaspot3": {"CRMID": "crmid:1442158306", "orderDetails": {"orderID": "orderid:361500", "reservationid": "VXR-DVFN", "orderType": "call center", "hotelSKU": "prd1121", "hotelCheckInUnix": "1581544838", "hotelCheckOutUnix": "1582236038", "hotelCheckInTS": "2020-02-12T22:00:38+00:00", "hotelCheckOutTS": "2020-02-20T22:00:38+00:00", "hotelChain": "Grandeur Hotels", "hotelName": "Grandeur Hotels: Stockholm", "hotelLocation": "Stockholm", "hotelRoomType": "standard", "hotelRoomCount": "1", "hotelGuestAdultCount": "1", "hotelGuestChildCount": "0", "hotelNightCount": "8", "hotelRoomPrice": "180.35", "hotelFinalPrice": "1442.8"}}}
{"_id": "orderid:825374", "timestamp": "2020-02-11T20:55:49.000Z", "eventType": "transaction", "_adobeamericaspot3": {"CRMID": "crmid:5383599379", "orderDetails": {"orderID": "orderid:825374", "reservationid": "HZ1-B4FO", "orderType": "website", "hotelSKU": "prd1021", "hotelCheckInUnix": "1582059349", "hotelCheckOutUnix": "1582491349", "hotelCheckInTS": "2020-02-18T20:55:49+00:00", "hotelCheckOutTS": "2020-02-23T20:55:49+00:00", "hotelChain": "Admiralty Plaza", "hotelName": "Admiralty Plaza: Denver", "hotelLocation": "Denver", "hotelRoomType": "premium", "hotelRoomCount": "1", "hotelGuestAdultCount": "1", "hotelGuestChildCount": "0", "hotelNightCount": "5", "hotelRoomPrice": "136.46", "hotelFinalPrice": "682.3"}}}
{"_id": "orderid:917223", "timestamp": "2020-02-07T16:55:41.000Z", "eventType": "transaction", "_adobeamericaspot3": {"CRMID": "crmid:3363066576", "orderDetails": {"orderID": "orderid:917223", "reservationid": "YPZ-1JQS", "orderType": "service desk", "hotelSKU": "prd1189", "hotelCheckInUnix": "1581180941", "hotelCheckOutUnix": "1581267341", "hotelCheckInTS": "2020-02-08T16:55:41+00:00", "hotelCheckOutTS": "2020-02-09T16:55:41+00:00", "hotelChain": "Admiralty Plaza", "hotelName": "Admiralty Plaza: Bakersfield", "hotelLocation": "Bakersfield", "hotelRoomType": "standard", "hotelRoomCount": "1", "hotelGuestAdultCount": "1", "hotelGuestChildCount": "0", "hotelNightCount": "1", "hotelRoomPrice": "165.28", "hotelFinalPrice": "165.28"}}}
{"_id": "orderid:203066", "timestamp": "2019-12-23T03:13:54.000Z", "eventType": "transaction", "_adobeamericaspot3": {"CRMID": "crmid:6039363798", "orderDetails": {"orderID": "orderid:203066", "reservationid": "EGC-GRXN", "orderType": "kiosk", "hotelSKU": "prd1182", "hotelCheckInUnix": "1578971634", "hotelCheckOutUnix": "1579144434", "hotelCheckInTS": "2020-01-14T03:13:54+00:00", "hotelCheckOutTS": "2020-01-16T03:13:54+00:00", "hotelChain": "Restful Nights", "hotelName": "Restful Nights: Minneapolis", "hotelLocation": "Minneapolis", "hotelRoomType": "premium", "hotelRoomCount": "1", "hotelGuestAdultCount": "1", "hotelGuestChildCount": "0", "hotelNightCount": "2", "hotelRoomPrice": "152.98", "hotelFinalPrice": "305.96"}}}
{"_id": "orderid:134177", "timestamp": "2020-01-31T15:59:07.000Z", "eventType": "transaction", "_adobeamericaspot3": {"CRMID": "crmid:7422754064", "orderDetails": {"orderID": "orderid:134177", "reservationid": "MOR-GGXP", "orderType": "kiosk", "hotelSKU": "prd1114", "hotelCheckInUnix": "1582041547", "hotelCheckOutUnix": "1582559947", "hotelCheckInTS": "2020-02-18T15:59:07+00:00", "hotelCheckOutTS": "2020-02-24T15:59:07+00:00", "hotelChain": "Sego Lily Suites", "hotelName": "Sego Lily Suites: Brussels", "hotelLocation": "Brussels", "hotelRoomType": "standard", "hotelRoomCount": "1", "hotelGuestAdultCount": "1", "hotelGuestChildCount": "0", "hotelNightCount": "6", "hotelRoomPrice": "131.0", "hotelFinalPrice": "786.0"}}}
{"_id": "orderid:474161", "timestamp": "2020-01-22T18:50:03.000Z", "eventType": "transaction", "_adobeamericaspot3": {"CRMID": "crmid:2153168162", "orderDetails": {"orderID": "orderid:474161", "reservationid": "X0R-BFQR", "orderType": "call center", "hotelSKU": "prd1169", "hotelCheckInUnix": "1579805403", "hotelCheckOutUnix": "1580237403", "hotelCheckInTS": "2020-01-23T18:50:03+00:00", "hotelCheckOutTS": "2020-01-28T18:50:03+00:00", "hotelChain": "Grandeur Hotels", "hotelName": "Grandeur Hotels: Tucson", "hotelLocation": "Tucson", "hotelRoomType": "standard", "hotelRoomCount": "1", "hotelGuestAdultCount": "1", "hotelGuestChildCount": "0", "hotelNightCount": "5", "hotelRoomPrice": "140.72", "hotelFinalPrice": "703.6"}}}
{"_id": "orderid:298157", "timestamp": "2020-01-29T00:00:00.000Z", "eventType": "transaction", "_adobeamericaspot3": {"CRMID": "crmid:2153168162", "orderDetails": {"orderID": "orderid:298157", "reservationid": "DLV-JCUL", "orderType": "call center", "hotelSKU": "prd1185", "hotelCheckInUnix": "1580515200", "hotelCheckOutUnix": "1580688000", "hotelCheckInTS": "2020-02-01T00:00:00+00:00", "hotelCheckOutTS": "2020-02-03T00:00:00+00:00", "hotelChain": "Sapphire Suites", "hotelName": "Sapphire Suites: New Orleans", "hotelLocation": "New Orleans", "hotelRoomType": "standard", "hotelRoomCount": "1", "hotelGuestAdultCount": "1", "hotelGuestChildCount": "0", "hotelNightCount": "2", "hotelRoomPrice": "174.39", "hotelFinalPrice": "348.78"}}}
{"_id": "orderid:498057", "timestamp": "2019-12-24T17:52:14.000Z", "eventType": "transaction", "_adobeamericaspot3": {"CRMID": "crmid:2725946321", "orderDetails": {"orderID": "orderid:498057", "reservationid": "AMZ-GGSG", "orderType": "kiosk", "hotelSKU": "prd1038", "hotelCheckInUnix": "1579369934", "hotelCheckOutUnix": "1580061134", "hotelCheckInTS": "2020-01-18T17:52:14+00:00", "hotelCheckOutTS": "2020-01-26T17:52:14+00:00", "hotelChain": "Restful Nights", "hotelName": "Restful Nights: Mesa", "hotelLocation": "Mesa", "hotelRoomType": "premium", "hotelRoomCount": "1", "hotelGuestAdultCount": "1", "hotelGuestChildCount": "0", "hotelNightCount": "8", "hotelRoomPrice": "123.5", "hotelFinalPrice": "988.0"}}}
{"_id": "orderid:374552", "timestamp": "2020-01-27T04:05:24.000Z", "eventType": "transaction", "_adobeamericaspot3": {"CRMID": "crmid:3387044688", "orderDetails": {"orderID": "orderid:374552", "reservationid": "MAT-6R2L", "orderType": "service desk", "hotelSKU": "prd1084", "hotelCheckInUnix": "1580357124", "hotelCheckOutUnix": "1580789124", "hotelCheckInTS": "2020-01-30T04:05:24+00:00", "hotelCheckOutTS": "2020-02-04T04:05:24+00:00", "hotelChain": "Sandhill", "hotelName": "Sandhill: Santiago", "hotelLocation": "Santiago", "hotelRoomType": "standard", "hotelRoomCount": "1", "hotelGuestAdultCount": "1", "hotelGuestChildCount": "0", "hotelNightCount": "5", "hotelRoomPrice": "131.54", "hotelFinalPrice": "657.7"}}}
{"_id": "orderid:990733", "timestamp": "2020-02-14T22:07:30.000Z", "eventType": "transaction", "_adobeamericaspot3": {"CRMID": "crmid:4313976193", "orderDetails": {"orderID": "orderid:990733", "reservationid": "S6O-ETQ6", "orderType": "call center", "hotelSKU": "prd1002", "hotelCheckInUnix": "1582063650", "hotelCheckOutUnix": "1582150050", "hotelCheckInTS": "2020-02-18T22:07:30+00:00", "hotelCheckOutTS": "2020-02-19T22:07:30+00:00", "hotelChain": "Restful Nights", "hotelName": "Restful Nights: Chicago", "hotelLocation": "Chicago", "hotelRoomType": "standard", "hotelRoomCount": "1", "hotelGuestAdultCount": "1", "hotelGuestChildCount": "0", "hotelNightCount": "1", "hotelRoomPrice": "110.21", "hotelFinalPrice": "110.21"}}}
{"_id": "orderid:683286", "timestamp": "2020-02-02T14:34:46.000Z", "eventType": "transaction", "_adobeamericaspot3": {"CRMID": "crmid:5620725947", "orderDetails": {"orderID": "orderid:683286", "reservationid": "O4F-KY1E", "orderType": "website", "hotelSKU": "prd1195", "hotelCheckInUnix": "1580999686", "hotelCheckOutUnix": "1581172486", "hotelCheckInTS": "2020-02-06T14:34:46+00:00", "hotelCheckOutTS": "2020-02-08T14:34:46+00:00", "hotelChain": "Family Fun Hotels", "hotelName": "Family Fun Hotels: Lahore", "hotelLocation": "Lahore", "hotelRoomType": "standard", "hotelRoomCount": "1", "hotelGuestAdultCount": "1", "hotelGuestChildCount": "0", "hotelNightCount": "2", "hotelRoomPrice": "130.66", "hotelFinalPrice": "261.32"}}}
{"_id": "orderid:210712", "timestamp": "2020-01-09T22:09:57.000Z", "eventType": "transaction", "_adobeamericaspot3": {"CRMID": "crmid:3485160586", "orderDetails": {"orderID": "orderid:210712", "reservationid": "QJG-U87T", "orderType": "website", "hotelSKU": "prd1153", "hotelCheckInUnix": "1580508597", "hotelCheckOutUnix": "1580940597", "hotelCheckInTS": "2020-01-31T22:09:57+00:00", "hotelCheckOutTS": "2020-02-05T22:09:57+00:00", "hotelChain": "Admiralty Plaza", "hotelName": "Admiralty Plaza: Charlotte", "hotelLocation": "Charlotte", "hotelRoomType": "standard", "hotelRoomCount": "1", "hotelGuestAdultCount": "1", "hotelGuestChildCount": "0", "hotelNightCount": "5", "hotelRoomPrice": "131.6", "hotelFinalPrice": "658.0"}}}
{"_id": "orderid:437107", "timestamp": "2020-01-08T20:12:19.000Z", "eventType": "transaction", "_adobeamericaspot3": {"CRMID": "crmid:1420877670", "orderDetails": {"orderID": "orderid:437107", "reservationid": "FRD-WXIP", "orderType": "call center", "hotelSKU": "prd1129", "hotelCheckInUnix": "1579119139", "hotelCheckOutUnix": "1579464739", "hotelCheckInTS": "2020-01-15T20:12:19+00:00", "hotelCheckOutTS": "2020-01-19T20:12:19+00:00", "hotelChain": "Admiralty Plaza", "hotelName": "Admiralty Plaza: Helsinki", "hotelLocation": "Helsinki", "hotelRoomType": "standard", "hotelRoomCount": "1", "hotelGuestAdultCount": "1", "hotelGuestChildCount": "0", "hotelNightCount": "4", "hotelRoomPrice": "147.31", "hotelFinalPrice": "589.24"}}}
{"_id": "orderid:371500", "timestamp": "2020-01-07T11:18:33.000Z", "eventType": "transaction", "_adobeamericaspot3": {"CRMID": "crmid:6789064059", "orderDetails": {"orderID": "orderid:371500", "reservationid": "CO9-FCTO", "orderType": "call center", "hotelSKU": "prd1055", "hotelCheckInUnix": "1578655113", "hotelCheckOutUnix": "1578741513", "hotelCheckInTS": "2020-01-10T11:18:33+00:00", "hotelCheckOutTS": "2020-01-11T11:18:33+00:00", "hotelChain": "Nesting Box Inn", "hotelName": "Nesting Box Inn: Bakersfield", "hotelLocation": "Bakersfield", "hotelRoomType": "standard", "hotelRoomCount": "1", "hotelGuestAdultCount": "1", "hotelGuestChildCount": "0", "hotelNightCount": "1", "hotelRoomPrice": "175.44", "hotelFinalPrice": "175.44"}}}
{"_id": "orderid:324742", "timestamp": "2019-12-12T05:42:20.000Z", "eventType": "transaction", "_adobeamericaspot3": {"CRMID": "crmid:2130259656", "orderDetails": {"orderID": "orderid:324742", "reservationid": "67Q-3C1S", "orderType": "website", "hotelSKU": "prd1009", "hotelCheckInUnix": "1576302140", "hotelCheckOutUnix": "1576388540", "hotelCheckInTS": "2019-12-14T05:42:20+00:00", "hotelCheckOutTS": "2019-12-15T05:42:20+00:00", "hotelChain": "Admiralty Plaza", "hotelName": "Admiralty Plaza: San Antonio", "hotelLocation": "San Antonio", "hotelRoomType": "standard", "hotelRoomCount": "1", "hotelGuestAdultCount": "1", "hotelGuestChildCount": "0", "hotelNightCount": "1", "hotelRoomPrice": "136.85", "hotelFinalPrice": "136.85"}}}
{"_id": "orderid:958102", "timestamp": "2019-12-30T12:46:12.000Z", "eventType": "transaction", "_adobeamericaspot3": {"CRMID": "crmid:4518955015", "orderDetails": {"orderID": "orderid:958102", "reservationid": "NJC-QSSG", "orderType": "mobile", "hotelSKU": "prd1057", "hotelCheckInUnix": "1577969172", "hotelCheckOutUnix": "1578401172", "hotelCheckInTS": "2020-01-02T12:46:12+00:00", "hotelCheckOutTS": "2020-01-07T12:46:12+00:00", "hotelChain": "Admiralty Plaza", "hotelName": "Admiralty Plaza: Mumbai", "hotelLocation": "Mumbai", "hotelRoomType": "standard", "hotelRoomCount": "1", "hotelGuestAdultCount": "1", "hotelGuestChildCount": "0", "hotelNightCount": "5", "hotelRoomPrice": "158.56", "hotelFinalPrice": "792.8"}}}
{"_id": "orderid:635374", "timestamp": "2020-01-08T00:00:00.000Z", "eventType": "transaction", "_adobeamericaspot3": {"CRMID": "crmid:4518955015", "orderDetails": {"orderID": "orderid:635374", "reservationid": "DAK-GWAM", "orderType": "call center", "hotelSKU": "prd1064", "hotelCheckInUnix": "1578700800", "hotelCheckOutUnix": "1578787200", "hotelCheckInTS": "2020-01-11T00:00:00+00:00", "hotelCheckOutTS": "2020-01-12T00:00:00+00:00", "hotelChain": "Aspen Heights", "hotelName": "Aspen Heights: Paris", "hotelLocation": "Paris", "hotelRoomType": "standard", "hotelRoomCount": "1", "hotelGuestAdultCount": "1", "hotelGuestChildCount": "0", "hotelNightCount": "1", "hotelRoomPrice": "161.84", "hotelFinalPrice": "161.84"}}}
{"_id": "orderid:757887", "timestamp": "2020-02-06T19:17:56.000Z", "eventType": "transaction", "_adobeamericaspot3": {"CRMID": "crmid:6392281008", "orderDetails": {"orderID": "orderid:757887", "reservationid": "YTS-HG8Z", "orderType": "service desk", "hotelSKU": "prd1071", "hotelCheckInUnix": "1581189476", "hotelCheckOutUnix": "1581535076", "hotelCheckInTS": "2020-02-08T19:17:56+00:00", "hotelCheckOutTS": "2020-02-12T19:17:56+00:00", "hotelChain": "Hospitality Inn", "hotelName": "Hospitality Inn: Seoul", "hotelLocation": "Seoul", "hotelRoomType": "premium", "hotelRoomCount": "1", "hotelGuestAdultCount": "1", "hotelGuestChildCount": "0", "hotelNightCount": "4", "hotelRoomPrice": "136.23", "hotelFinalPrice": "544.92"}}}
{"_id": "orderid:508886", "timestamp": "2019-12-03T00:10:46.000Z", "eventType": "transaction", "_adobeamericaspot3": {"CRMID": "crmid:9444668332", "orderDetails": {"orderID": "orderid:508886", "reservationid": "TRA-5LXS", "orderType": "website", "hotelSKU": "prd1081", "hotelCheckInUnix": "1576195846", "hotelCheckOutUnix": "1576973446", "hotelCheckInTS": "2019-12-13T00:10:46+00:00", "hotelCheckOutTS": "2019-12-22T00:10:46+00:00", "hotelChain": "Admiralty Plaza", "hotelName": "Admiralty Plaza: Rod de Janeiro", "hotelLocation": "Rod de Janeiro", "hotelRoomType": "standard", "hotelRoomCount": "1", "hotelGuestAdultCount": "1", "hotelGuestChildCount": "4", "hotelNightCount": "9", "hotelRoomPrice": "108.0", "hotelFinalPrice": "972.0"}}}
