crmid,email,first_name,last_name,gender,mobile telephone,city,country,zip,state,street address,birthday,historicalpoints
crmid:5641367468,letdown1976@gmail.com,Carmine,Fields,,698-429-1991,Gloucester,United States,58621,Alabama,1210 Varennes,1966-09-03,1477
crmid:1570706846,prechecked2070@live.com,Kathline,Mullins,female,962-899-8999,Rockwall,United States,61246,Nebraska,1166 Alabama,1948-11-09,602
crmid:6993103561,cellule2044@gmail.com,Wendie,Griffith,female,355-824-2648,Chanhassen,United States,83723,Oregon,482 Powers,1946-09-12,487
crmid:8122100117,utriculariaceae1825@live.com,Ayana,Middleton,female,962-162-1033,Cicero,United States,66925,Tennessee,493 Ash,1947-12-02,623
crmid:4633104691,allergy1917@yahoo.com,Alleen,Cameron,female,343-899-3877,Raleigh,United States,19727,Alabama,210 Spencer,1951-01-05,2587
crmid:4638524252,boosters1809@yandex.com,Dionna,Haley,female,495-161-9950,Copperas Cove,United States,11604,Arkansas,1152 Goldberg,1950-03-12,2003
crmid:9952808284,votresses1934@outlook.com,Santo,Mcclain,,061-035-9641,Madisonville,United States,20500,North Dakota,94 Clifford,1985-04-13,1786
crmid:9612373593,hyena1918@outlook.com,Donnette,White,female,899-800-3505,Duluth,United States,59885,Louisiana,736 Avila,1956-10-05,1091
crmid:6263241689,argonaut1975@gmail.com,Winter,Robertson,female,053-229-6987,Emporia,United States,75042,Alabama,983 Wattson,1959-09-18,1955
crmid:7173200398,castles1947@live.com,Tim,Schroeder,,797-210-4796,Fullerton,United States,85964,South Dakota,850 Vista,1964-10-20,1458
crmid:4291786948,bifront1859@yahoo.com,David,Hayes,,443-705-1750,Woodridge,United States,30139,Virginia,902 San Ramon,1975-04-01,387
crmid:1008000314,dikkop1861@outlook.com,Sheldon,Hensley,,592-783-9960,Port Orange,United States,40557,Delaware,1130 Balmy,1986-06-01,1096
crmid:5435877697,failsafe1971@yandex.com,Barbie,Richards,female,767-447-2496,Crest Hill,United States,01376,Wyoming,867 Lester,1951-01-24,1650
crmid:2578586027,aiding1815@outlook.com,Claud,Whitfield,male,253-739-6912,Carlsbad,United States,97950,Indiana,386 Martinez,1944-12-04,1831
crmid:2874977484,nebula1830@gmail.com,Mac,Beach,,807-550-6048,Normal,United States,27193,Alabama,316 Bocana,1998-05-17,2211
crmid:5554199834,crozer1861@outlook.com,Ha,Irwin,female,707-432-1675,New Brunswick,United States,91751,West Virginia,48 Parkridge,1996-04-07,2499
crmid:8141540500,embryony1940@gmail.com,Donny,Mclean,,300-497-8199,Stockton,United States,79880,Hawaii,1157 Bella Vista,1976-12-29,2110
crmid:5898427065,albatross1875@gmail.com,Ray,Dyer,male,405-757-3907,Round Lake Beach,United States,94014,Connecticut,1352 Thorne,1934-08-09,362
crmid:5751106208,cherished1921@gmail.com,Alfredia,Mckee,female,676-869-5615,East Cleveland,United States,00420,Rhode Island,554 Yacht,1957-01-19,984
crmid:1734996707,boondoggling1930@yandex.com,Lyndon,Campbell,male,743-210-7902,Pascagoula,United States,01972,Texas,802 Rutland,1938-06-05,722
crmid:1037830950,accable1978@yahoo.com,Richie,Jenkins,,293-940-4443,San Mateo,United States,70624,Vermont,714 Homewood,1985-01-24,730
crmid:9692183177,myriophyllite1847@gmail.com,Austin,Robertson,male,075-639-4270,Ann Arbor,United States,01007,Oregon,769 Madera,1932-01-25,399
crmid:4623176361,downbeat1897@yahoo.com,Brande,Reyes,female,586-051-6058,Simi Valley,United States,17631,New Hampshire,115 Utah,1948-01-24,891
crmid:3795908815,bender1943@live.com,Myles,Henderson,,574-426-5147,Thornton,United States,45966,Louisiana,413 Deems,1987-10-18,1751
crmid:3149362006,careworn2049@live.com,Rodrigo,Compton,,292-205-2761,Grand Forks,United States,52701,New York,476 Fell Access,1967-09-20,1619
crmid:4522946369,jalop1984@gmail.com,Blaine,Daugherty,,923-580-3150,Spring Valley,United States,66286,Indiana,224 Candlestick Cove,1980-11-07,2019
crmid:1126575464,puffs1898@yahoo.com,Forest,Dodson,,027-087-9076,Petaluma,United States,37282,South Carolina,153 Forest Side,1972-12-16,2135
crmid:4897590015,croppy1851@live.com,Rodrigo,Dickson,,335-986-2635,Garner,United States,09612,Pennsylvania,1210 Church Parking Lot,1965-01-20,740
crmid:6307825631,basnet1996@yahoo.com,Lincoln,Rivers,male,877-448-3052,Ashwaubenon,United States,39698,West Virginia,964 Thornburg,1934-06-25,2389
crmid:9201730330,masterly1822@gmail.com,Florencia,Noble,female,540-859-9108,West Mifflin,United States,82615,Georgia,42 Rosewood,1956-03-21,2763
crmid:3883771659,apathetic2058@yahoo.com,Leandro,Stephenson,male,156-033-8791,Oxford,United States,08351,North Carolina,145 Ellert,1937-06-28,2404
crmid:9272392760,antonym1865@yandex.com,Rusty,Howe,male,520-526-4046,Arroyo Grande,United States,94170,New Jersey,473 Harper,1934-12-16,382
crmid:4259412011,anthonis1951@live.com,Pasquale,Odom,,756-803-0501,Paramus,United States,35664,Rhode Island,354 Lauren,1980-06-19,1817
crmid:4214538965,indris1821@yahoo.com,Les,Steele,,004-856-6985,Henderson,United States,06338,Arizona,53 Bacon,1971-01-07,2799
crmid:6204812680,breakup1926@gmail.com,Dillon,Bolton,,946-539-5737,Santa Clarita,United States,65251,Arkansas,508 Opalo,1973-10-26,2994
crmid:3146814187,chuser1806@gmail.com,Irvin,Burton,,020-692-6973,Texas City,United States,96059,Hawaii,250 Jeopardy,1978-11-01,1983
crmid:6369054983,buggyman1829@gmail.com,George,Jenkins,,706-430-3871,Memphis,United States,08270,Arkansas,778 Arbor,1989-01-15,1809
crmid:4188807080,sissoo1905@outlook.com,Dante,Allen,male,662-375-1423,Waukesha,United States,00129,Kentucky,346 Gabilan,1942-03-01,410
crmid:9150372962,inflates1835@gmail.com,Kenyetta,Kent,female,569-767-5910,Deltona,United States,94700,Ohio,1285 John Maher,1954-05-16,1859
crmid:2985789284,excitor2000@yandex.com,Marilu,Taylor,female,667-224-5591,Pasco,United States,53983,Kansas,1266 Cottonwood,1952-06-28,2287
crmid:1702413096,alist1894@yahoo.com,Cleo,Bullock,male,095-519-5214,Burbank,United States,12461,Ohio,202 Winthrop,1942-02-04,663
crmid:5581420728,spratted1896@yandex.com,Buster,Kinney,,021-033-1939,Hemet,United States,15421,Arkansas,594 Mccoppin,1971-03-11,1077
crmid:9748712636,leafy2060@live.com,Fredrick,Simmons,,757-482-8160,Temecula,United States,26993,Indiana,590 Sherwood,1962-09-21,755
crmid:9232174529,ducking1987@outlook.com,Mickey,English,male,862-787-8915,Brook Park,United States,42638,Tennessee,1354 Laurel,1941-07-09,2419
crmid:3902188805,concubitous2029@yahoo.com,Dewitt,Mullins,,703-954-9771,Las Vegas,United States,82127,New Hampshire,909 Iowa,1981-07-08,2720
crmid:5357730886,unilamellar2065@gmail.com,Merle,George,,665-590-1126,Greeley,United States,37983,Alabama,1350 Hotaling,1968-06-20,2355
crmid:5083407699,depraved2055@outlook.com,Lannie,Curry,female,940-702-0454,Seminole,United States,12974,New Mexico,584 Steuart,1951-05-07,1142
crmid:1679603952,denice1934@yahoo.com,So,Tyson,female,939-363-9813,Corpus Christi,United States,47950,Massachusetts,315 Brewster,1951-08-29,2443
crmid:5642729090,bombloads1888@outlook.com,Darrell,Jackson,male,973-370-0222,Arvada,United States,17619,Virginia,712 Lyell,1934-03-15,2844
crmid:1094679308,weasel1958@gmail.com,Zack,Pitts,,717-066-0692,Miami,United States,85870,Maryland,1146 Prospect,1990-01-17,1256
crmid:3355501251,sulphurage1883@yahoo.com,Gus,Mcintyre,male,616-794-7185,Reedley,United States,82729,Connecticut,516 Fell,1944-04-19,2578
crmid:5237415425,unpanged1851@yandex.com,Elvis,Cote,,306-336-7280,Woodridge,United States,82663,Idaho,277 Friendship,1965-10-11,949
crmid:2546032299,copperfield1979@live.com,Harley,Rich,male,641-811-3197,Alamogordo,United States,67889,Utah,938 Mayflower,1930-11-08,1841
crmid:7655841907,trippet1948@yandex.com,Marlin,Beach,male,743-320-3120,Carlsbad,United States,60709,Delaware,279 Moffitt,1944-11-13,2670
crmid:6165501122,correct1991@live.com,Rob,Hayes,male,000-307-6743,Carmel,United States,94430,California,480 Battery Cranston,1944-12-16,547
crmid:2127571441,gallican2056@gmail.com,Nathanael,Davis,male,458-303-9627,Salisbury,United States,56405,Kentucky,1032 Reuel,1939-11-24,891
crmid:8393451226,bosomy1852@gmail.com,Mitzie,Hays,female,300-109-8790,Dodge City,United States,30917,North Carolina,347 Bayview,1955-07-13,1067
crmid:5474277405,platycerium2031@outlook.com,Ben,Moody,,457-666-2765,Olympia,United States,85010,North Dakota,928 Crystal,1963-10-23,821
crmid:4347960468,discolor1987@gmail.com,Ruben,Brewer,,012-896-2050,Wilsonville,United States,93447,Tennessee,1385 Nantucket,1983-06-14,2147
crmid:3861718890,buyable1847@outlook.com,Jc,Drake,male,651-910-1422,Oxford,United States,02686,Pennsylvania,238 Woodland,1939-05-08,651
crmid:1206686789,aluminosis1987@yandex.com,Numbers,Gordon,female,328-769-4628,Eastpointe,United States,83895,Maine,880 Conservatory,1957-07-12,317
crmid:4322954735,pullover1820@yahoo.com,Joya,Erickson,female,316-758-6648,Scarsdale,United States,12303,Georgia,1330 Capistrano,1946-10-08,2373
crmid:4785674936,cordaites2007@outlook.com,Willy,Huffman,,051-327-7778,Liberal,United States,29454,California,695 El Verano,1982-05-13,1965
crmid:6631136635,correct2029@live.com,Candyce,Ruiz,female,204-227-6408,Clarksburg,United States,04420,New Hampshire,869 Iris,1948-02-26,1002
crmid:1094054383,colorize1899@yandex.com,Lindsey,Marshall,,242-713-3911,Machesney Park,United States,40326,Iowa,1309 Great,1985-08-30,1109
crmid:8064778692,cardamom1861@gmail.com,Glen,Pratt,,511-882-5285,Munster,United States,22627,Arkansas,245 Rebecca,1994-05-08,2453
crmid:6680690312,torot1980@gmail.com,Hae,Allison,female,658-206-5264,Euclid,United States,18186,North Dakota,655 Moncada,1960-04-01,652
crmid:1307560351,tastier2060@yandex.com,Santina,Fields,female,267-845-3428,Coon Rapids,United States,47182,Utah,890 Samoset,1950-08-09,2773
crmid:9303714137,doubledecker2025@yandex.com,Federico,Olson,male,018-437-7952,Shawnee,United States,06614,New York,545 Bishop,1930-11-07,2299
crmid:3628124840,seginus1893@yandex.com,Frank,Weiss,male,010-325-7758,Toledo,United States,52115,Delaware,36 South Van Horn,1998-02-07,2197
crmid:6291742747,valetudinariness2036@yahoo.com,Tilda,Burch,female,365-398-3101,Spring Valley,United States,29340,Vermont,1081 Tiffany,1958-09-04,2330
crmid:8629298418,rhinoceros1832@outlook.com,Vance,Acevedo,,679-514-5780,South Salt Lake,United States,75356,Tennessee,1371 Taylor,1985-09-15,1849
crmid:6886723034,borsht2005@yahoo.com,Sydney,Britt,,306-899-8077,Rutland,United States,78308,North Dakota,608 Church Parking Lot,1964-05-04,474
crmid:4079762350,knifelike1952@gmail.com,Johnie,Guerrero,,750-174-3163,Hudson,United States,72380,South Dakota,611 Warner,1973-04-08,2046
crmid:2623024250,airflow1938@live.com,Linwood,Henson,,383-153-9578,Plano,United States,27670,Mississippi,928 Paul,1962-10-04,1816
crmid:3195439017,trafflike1888@yahoo.com,Lowell,Nash,,623-943-0472,La Quinta,United States,28600,New Hampshire,630 Lee,1979-05-05,2866
crmid:6831320771,wivern1881@outlook.com,Pia,Bennett,female,726-010-6693,Temecula,United States,62058,Wyoming,556 Berkeley,1958-07-02,2102
crmid:2679165790,arachnida1945@outlook.com,Connie,Cleveland,,543-142-4223,Matteson,United States,16419,Maine,1064 Russell,1988-03-25,901
crmid:8020264414,leese1901@outlook.com,Charles,Humphrey,,932-855-2878,Janesville,United States,11061,Maine,657 Ora,1975-02-14,393
crmid:9307400837,dockyards1849@outlook.com,Cory,Conway,male,826-676-9808,Port Arthur,United States,11599,Michigan,734 Hamilton,1945-02-07,2856
crmid:9672620296,chaotic1860@yahoo.com,Neville,Kelley,male,045-580-0772,Titusville,United States,81427,Connecticut,374 Powhattan,1945-07-16,1844
crmid:6136255347,insurgently1899@live.com,Jarod,Ballard,,445-550-2445,Miami,United States,44509,Montana,774 Fountain,1990-08-31,1293
crmid:2853220393,cuirassier1832@gmail.com,Venetta,Pennington,female,969-638-3856,Muscatine,United States,82760,Texas,856 Boynton,1994-10-07,1536
crmid:3790789821,parorchis2040@yahoo.com,Kirk,Tran,,482-926-5726,Somerville,United States,50918,Louisiana,962 Kearny,1999-05-02,2068
crmid:2388886118,endang2069@gmail.com,Dalton,Gomez,,173-378-6407,Holly Springs,United States,62739,Rhode Island,952 Turquoise,1972-10-14,1344
crmid:8646345152,scorer1895@live.com,Lenita,Dejesus,female,507-546-8950,Yorkville,United States,59133,Idaho,1124 Ingerson,1946-05-08,1364
crmid:8712308861,quassiin1901@outlook.com,Hana,Fernandez,female,636-195-5775,Wake Forest,United States,97285,Louisiana,1262 Woodacre,1956-12-26,809
crmid:9776498006,alleged1906@live.com,Alfonzo,Kirby,male,820-458-7675,Tarpon Springs,United States,60074,Oklahoma,1264 Gennessee,1932-01-16,2638
crmid:7953516868,countor1963@yandex.com,Britni,Higgins,female,950-550-3813,Columbus,United States,01915,South Dakota,566 Carmelita,1949-01-14,2190
crmid:3660741835,fatuities1995@outlook.com,Karl,Mcclain,,588-414-8937,Milwaukie,United States,79539,West Virginia,781 Sturgeon,1991-12-22,481
crmid:9899212972,monadiform1817@outlook.com,Thanh,Brady,,998-607-9489,Vestavia Hills,United States,50306,West Virginia,803 Normandie,1994-06-02,1856
crmid:7690837311,alger1922@yahoo.com,Emil,Kirby,,991-148-3429,Spokane Valley,United States,87212,Kansas,1353 Dawson,1979-12-04,791
crmid:9956158906,plovers2031@yahoo.com,George,Espinoza,,292-796-4893,Ridgecrest,United States,59842,Maine,1354 Lomita,1965-07-28,594
crmid:8247785698,speron1873@yahoo.com,Bethann,Cotton,female,681-278-9539,East Point,United States,66809,Kentucky,774 Detroit,1957-12-28,1757
crmid:8707084123,cebus1988@outlook.com,Janae,Mcdowell,female,078-442-0557,San Juan Capistrano,United States,15055,Virginia,1277 Pennington,1950-04-19,743
crmid:5280863595,footcandle1808@yandex.com,Augustus,Robles,male,178-262-5220,Watertown,United States,07629,New Hampshire,1261 India,1931-01-25,1940
crmid:7140826968,seapoose1898@yandex.com,Tenesha,Wallace,female,734-191-6374,Elk Grove,United States,58877,Pennsylvania,1196 Lori,1959-09-30,2578
crmid:3680867185,seersucker2006@yandex.com,Man,Pollard,,990-836-2168,Pearl,United States,39577,Pennsylvania,643 Pearl,1979-03-30,1366
crmid:5497752454,pleasurably2049@outlook.com,Tamatha,Osborn,female,166-971-8714,North Canton,United States,88608,Rhode Island,191 South Hughes,1998-04-28,1745
crmid:7483639178,superstardom1878@yandex.com,Burt,Scott,male,054-611-5799,Stevens Point,United States,10271,Wisconsin,105 Bacon,1943-02-26,2046
crmid:6250682954,ashlie2039@yahoo.com,Ollie,Huber,,082-541-4591,Lawndale,United States,94427,Georgia,443 Amity,1981-03-14,2554
crmid:7690204903,circle1895@gmail.com,Michal,Carson,male,759-827-5479,Carmel,United States,40175,Washington,525 Deems,1944-07-05,341
crmid:2640259575,clubbily1855@live.com,Rolando,Valentine,,995-028-0953,Mentor,United States,53491,Wisconsin,936 Clover,1989-10-16,419
crmid:9113060349,antically1848@gmail.com,Jess,Mays,male,573-784-8852,Bolingbrook,United States,83005,Washington,786 Holland,1940-05-19,2665
crmid:5182689996,mustered1987@outlook.com,Sean,Koch,male,168-064-5131,Seminole,United States,04167,Alabama,996 Bruce,1930-09-16,558
crmid:2232518893,millistere2026@yandex.com,Rex,Parker,,135-506-6655,Winter Haven,United States,62586,New Jersey,365 First,1966-04-25,2584
crmid:5516702294,crude1966@gmail.com,Buford,Mcgee,,496-420-3591,Inglewood,United States,03895,Texas,924 August,1974-02-10,2340
crmid:9526685143,cites1935@gmail.com,Carlos,O'connor,,472-971-6999,Harrison,United States,73019,Kentucky,550 Southard,1970-12-11,2734
crmid:9495889171,utilizer2022@live.com,Hassan,Levine,,089-642-8642,Goodyear,United States,84262,Nevada,137 Boylston,1967-06-16,1490
crmid:4267085856,banaba2004@gmail.com,Irving,Ward,male,391-142-5662,Carmel,United States,89433,South Dakota,353 Del Sur,1944-05-30,1758
crmid:5638979574,carbonated2026@yandex.com,Cruz,Rodgers,male,778-426-5058,Belleville,United States,97247,Wyoming,153 Bonita,1937-02-25,2611
crmid:4248906644,desistance2016@outlook.com,Emmitt,Byrd,,149-684-1879,West Lafayette,United States,37621,Oregon,986 Pulaski,1977-01-25,606
crmid:4432192703,apathetic1854@yahoo.com,Ernesto,Stein,,830-902-4253,Richardson,United States,67311,Mississippi,1262 Coleridge,1983-06-05,1888
crmid:3339831652,boldface1999@yandex.com,Kristopher,Golden,,504-148-3461,Kenosha,United States,80631,Oklahoma,731 Ortega,1977-02-02,1720
crmid:3348672570,clowder1845@yandex.com,Johna,Donovan,female,713-613-9504,Coconut Creek,United States,29126,Arizona,1009 Paloma,1949-04-08,647
crmid:4429575198,scurfiness1895@gmail.com,Isaias,Bradley,,696-677-4660,Hattiesburg,United States,14097,Tennessee,241 Fern,1970-03-07,1611
crmid:8385506173,caballer1948@live.com,Nickolas,Charles,,205-915-6156,Fond du Lac,United States,60442,Iowa,1054 Avon,1962-11-01,420
crmid:6321351742,basnet1869@yahoo.com,Ricki,Bartlett,female,322-296-1257,Pittsburgh,United States,72703,Florida,777 Emerald Cove,1956-12-14,1412
crmid:7614368791,caplin1819@yandex.com,Terrence,Fitzgerald,male,632-417-9388,Murrieta,United States,02086,Minnesota,891 Galilee,1994-02-18,1513
crmid:6930264052,cabala1982@yandex.com,Rodney,Gonzales,,189-554-6868,Huntington,United States,44425,Minnesota,394 Bartlett,1973-08-05,1598
crmid:5165330570,subadars1942@live.com,Dusti,Barrera,female,596-080-4675,Commerce City,United States,14717,Wyoming,134 Starview,1949-03-02,926
crmid:9755519715,reprehensibility1968@live.com,Joie,Foster,female,269-419-3556,Clearwater,United States,82593,Kentucky,1368 Decker,1948-04-10,518
crmid:1382179450,brachylogy1996@yahoo.com,Maryetta,Hernandez,female,375-705-0616,Daphne,United States,73333,West Virginia,1079 Glendale,1953-12-30,1718
crmid:3280226695,overlow2007@outlook.com,Bradley,Thompson,,085-691-4056,Tualatin,United States,77836,Pennsylvania,1102 Bocana,1968-03-21,1566
crmid:1815085904,bloodshedder1965@yandex.com,Wesley,Gardner,female,029-042-0870,Cliffside Park,United States,52961,Vermont,64 Kimball,1948-09-11,512
crmid:4848159834,chores1944@gmail.com,Danny,Atkins,male,381-110-6688,Bridgeport,United States,10762,Kentucky,473 Daggett,1941-03-01,2456
crmid:2902695167,rivals1943@yahoo.com,Adrian,Fulton,male,500-543-5763,Terre Haute,United States,90225,Alaska,199 Kronquist,1938-01-10,862
crmid:3483966373,chaperno1914@outlook.com,Tennie,Huffman,female,745-583-5171,Edina,United States,84529,West Virginia,281 Richardson,1958-09-15,1695
crmid:1827444204,validity1975@yandex.com,Reena,Morrison,female,570-372-0298,Ogden,United States,57665,Rhode Island,1291 Pretor,1958-10-14,1491
crmid:4550429593,codfish2070@yahoo.com,Tamesha,Sexton,female,197-952-9013,Dearborn Heights,United States,88344,Hawaii,515 Congo,1953-08-26,2400
crmid:5280194583,bachelor1934@yandex.com,Benton,Stevenson,,417-006-9550,Huntington Park,United States,53087,Arkansas,996 Hampshire,1974-09-26,1489
crmid:4508332391,pangamous1932@gmail.com,Fleta,Mccullough,female,503-798-7531,Pinellas Park,United States,61798,North Dakota,1122 Indiana,1950-03-19,2207
crmid:1508537315,blackleg1872@yandex.com,Hung,Calderon,,307-640-3373,Puyallup,United States,93011,Hawaii,1331 Delano,1971-10-03,2223
crmid:2561087471,bloomed2029@gmail.com,Leland,Pruitt,,835-187-1547,Wilson,United States,62763,Colorado,918 Virginia,1962-07-25,1830
crmid:6741867126,phrenology1846@outlook.com,Mariko,Wiley,female,479-299-7803,Chickasha,United States,36604,West Virginia,41 Second,1947-06-20,399
crmid:6794821063,novela1883@gmail.com,Abel,Black,,952-937-5852,University Park,United States,40460,Hawaii,1207 Winding,1991-09-03,1662
crmid:4820299580,unremarkable1813@yandex.com,Yolande,Barnes,female,331-421-5310,North Little Rock,United States,95720,Illinois,658 Parker,1998-03-18,2815
crmid:6179193393,pilgrim1861@outlook.com,Rueben,Griffith,,810-523-8327,Kettering,United States,29673,Rhode Island,1109 Cordelia,1977-04-01,1766
crmid:5319442785,davidian1817@live.com,Hunter,Madden,,980-394-0755,La Quinta,United States,58965,California,922 Bancroft,1979-09-09,1945
crmid:5016640240,dropping1819@yandex.com,Quincy,Gould,,129-483-2827,Mint Hill,United States,46370,Wyoming,240 Clarendon,1991-08-17,1629
crmid:3970949531,uprooter1828@gmail.com,Carmine,Garza,,925-878-6067,St. Paul,United States,41973,Arizona,115 Verna,1981-03-05,1118
crmid:6921296744,briolettes1847@live.com,Garth,Simon,,233-885-0279,National City,United States,30428,Montana,192 Ord,1995-06-25,1619
crmid:9016511194,iters1816@outlook.com,Sean,Short,,924-021-1965,Westland,United States,45059,South Carolina,68 Cottage,1983-03-19,578
crmid:4207900256,hagmane1958@gmail.com,Eugene,Hinton,,880-815-8220,Hopkinsville,United States,61192,Oregon,998 Charles J Brenham,1973-11-01,1600
crmid:6153147993,chlorophane1816@yandex.com,Elliott,Gomez,male,662-481-6123,Amsterdam,United States,53252,Vermont,586 Pretor,1932-10-06,2010
crmid:2412485253,seldom2054@outlook.com,Wilfred,Mercer,male,329-570-4774,Blaine,United States,57542,West Virginia,769 Langton,1939-10-20,2014
crmid:1353627487,goshawk1998@yandex.com,Gerry,Stevenson,male,410-446-7098,Agawam,United States,21864,West Virginia,893 Acadia,1930-04-28,2740
crmid:6400557169,biggonet2047@gmail.com,Leandro,Barry,,195-279-2639,Sevierville,United States,84061,Minnesota,71 Beatrice,1982-12-01,941
crmid:8163709995,mochy1877@gmail.com,Vito,Adkins,,428-120-3156,Murrieta,United States,56345,Colorado,1161 Cushman,1994-09-23,1695
crmid:1059105172,drizzly1838@live.com,Zane,Sosa,male,717-529-2461,Blue Island,United States,88492,Georgia,1133 Amatury,1939-10-27,2072
crmid:1065082146,whitier1999@outlook.com,Steven,Osborn,female,681-367-6770,Chillicothe,United States,47586,New Mexico,817 West Pacific,1947-08-22,1863
crmid:1645182411,alaunian2034@live.com,Jeramy,Vega,,718-756-6032,West Sacramento,United States,31909,New Jersey,117 San Benito,1970-03-30,644
crmid:2233520397,astral2055@outlook.com,Will,Cash,male,859-945-0995,Solon,United States,01779,Georgia,1075 Ward,1942-10-05,2609
crmid:5414466346,highflier1849@gmail.com,Keila,Delacruz,female,099-224-7619,Faribault,United States,62000,Arizona,742 Iris,1961-11-21,2846
crmid:9386368777,hydromyelocele1853@outlook.com,Denae,Haney,female,891-117-1541,New Hope,United States,86386,Connecticut,116 John Maher,1996-03-20,2216
crmid:3939750571,papal2062@outlook.com,Stewart,Cross,male,091-088-8638,South Plainfield,United States,75735,Connecticut,595 Clover,1930-09-07,1361
crmid:5325400533,vulturelike1990@gmail.com,Gregg,Wise,,521-895-6359,Melbourne,United States,73091,North Dakota,556 Sycamore,1989-09-13,2823
crmid:5326090288,seated1948@yahoo.com,Calvin,Bradford,,637-452-3163,Garner,United States,40032,South Carolina,618 Santos,1965-07-15,2601
crmid:2472682829,blackbirds1905@gmail.com,Kareem,Reyes,male,489-645-2746,Brownwood,United States,30248,Maine,81 Sloat,1942-06-24,315
crmid:8654576042,bungerly1868@outlook.com,Haywood,Forbes,,027-963-7271,Menomonee Falls,United States,25256,Kentucky,1324 Avocet,1989-05-15,1830
crmid:6072310491,explorations1972@yandex.com,Lakiesha,Greer,female,461-258-1952,Orinda,United States,76393,Massachusetts,1286 Richardson,1946-11-09,1020
crmid:9815182703,scuzzy1947@yandex.com,Arlen,Kirby,male,154-107-2459,Angleton,United States,74791,Ohio,1137 Pope,1932-01-16,1744
crmid:5185385149,sparrow1867@yahoo.com,Long,Sherman,,174-156-9438,Lake Worth,United States,69878,Delaware,725 Cuvier,1980-10-31,2673
crmid:8134717252,elbow1837@gmail.com,Candra,Finley,female,314-310-1944,Upland,United States,22108,Minnesota,883 East Beach,1955-02-09,975
crmid:4260825117,cantabile1826@gmail.com,Joshua,Hopkins,,786-158-1471,Hastings,United States,71306,Arkansas,1274 Hemdale,1970-12-06,1194
crmid:6063944498,awful1908@live.com,Grover,Tanner,,977-550-0034,Hagerstown,United States,55418,Colorado,706 Gilbert,1969-09-26,1454
crmid:9256716013,micronuclear2045@yandex.com,Patrick,Browning,female,990-706-0018,Rolla,United States,26414,Arkansas,54 Houston,1956-11-13,1211
crmid:8235481144,worm1816@yahoo.com,Tristan,Mcdowell,,278-051-7380,Las Cruces,United States,10510,Maine,98 Lusk,1981-03-14,2648
crmid:8697750525,methyl2049@yandex.com,Martin,Neal,,832-394-5224,Monterey,United States,60329,Alabama,582 Mary,1992-10-06,1951
crmid:4090027108,anthropos1837@yahoo.com,Damon,Bennett,,702-692-7653,Lexington,United States,76980,Wisconsin,667 Burlwood,1982-07-21,2534
crmid:8709925389,oppose1861@yandex.com,Stan,Bean,,668-993-2896,Sun Prairie,United States,87856,Iowa,1074 North,1994-06-20,319
crmid:2998953565,agaty1844@gmail.com,Karyl,Lawrence,female,947-842-0079,Clearfield,United States,20565,Wisconsin,205 Breen,1948-05-17,2883
crmid:7300976726,dolphin1807@yandex.com,Tyler,Pitts,,593-916-2438,Yuba City,United States,38272,Kentucky,566 Vermont,1970-08-29,1939
crmid:6134117218,atazir1942@gmail.com,Dong,Carver,male,157-300-0065,Annapolis,United States,10215,West Virginia,742 Castle,1933-03-05,616
crmid:7669138499,ambiguous2012@yandex.com,Duane,Knox,,005-356-3241,Newport News,United States,75121,Florida,1197 Patterson,1997-12-13,603
crmid:8541251122,glasses1857@yandex.com,Robbie,Bell,male,797-105-3168,Boise City,United States,48295,Virginia,1265 Bennington,1940-08-02,885
crmid:9452615356,aphelandra1885@outlook.com,Byron,Noble,,690-988-1658,Winston-Salem,United States,93279,California,1183 Wildwood,1984-06-05,1552
crmid:5474207010,worker1946@outlook.com,Billy,Kim,male,905-826-7940,Beavercreek,United States,90688,Maine,1196 Birmingham,1937-01-16,1904
crmid:5401998993,conceit1954@outlook.com,Leonardo,Phillips,male,569-273-7343,Bedford,United States,67035,Tennessee,652 Ravenwood,1937-11-12,1287
crmid:1244209672,monadiform1843@yandex.com,Trevor,Franks,,553-843-8885,Simi Valley,United States,30936,West Virginia,1184 Lobos,1978-01-08,2461
crmid:5739801940,herve1911@gmail.com,Arletta,Williams,female,919-372-0698,Diamond Bar,United States,06095,Washington,858 Duboce,1955-01-31,1838
crmid:4467275512,anthramin1874@yahoo.com,Abel,Mercado,,414-028-8406,Wheat Ridge,United States,76194,Alabama,426 Juanita,1981-03-31,2095
crmid:6208109887,malpractice1877@outlook.com,Ariel,Bradley,,711-841-9947,Lombard,United States,39905,Georgia,1335 Loma Vista,1984-07-23,321
crmid:3605334106,ambush1929@live.com,Winston,Cotton,,615-837-1524,Plymouth,United States,82354,Kentucky,1283 Francisco,1977-05-26,2068
crmid:8061807861,suez1962@live.com,Zane,Foster,,300-869-5251,San Leandro,United States,30624,Oregon,460 Lyndhurst,1976-09-03,1486
crmid:7566916610,superstoically2028@yandex.com,Devin,Craft,,086-259-5325,Watertown,United States,89412,California,900 Roosevelt,1983-08-16,384
crmid:2962154344,absorbed1801@yahoo.com,Bradly,Carney,,621-000-6072,Woodstock,United States,50820,Vermont,113 Jessie West,1998-07-01,2026
crmid:7232083886,toughie1891@gmail.com,Dorsey,Harding,,377-622-7851,Manteca,United States,98333,New York,397 Exposition,1986-12-26,352
crmid:6371961169,apropos2050@live.com,Karl,Mack,male,704-463-4758,Cathedral City,United States,77540,Missouri,1024 Bryn Mahr,1945-12-11,2170
crmid:9902432342,riemannian1840@yahoo.com,Errol,Fitzgerald,,058-777-9796,West St. Paul,United States,77902,Illinois,520 Kiska,1991-01-07,1681
crmid:2844519125,tepid2043@yandex.com,Chasidy,Gardner,female,022-962-1497,Clifton,United States,02536,Iowa,945 Henry Adams,1948-02-11,1451
crmid:2589805222,bird1954@live.com,Chet,Frye,male,361-677-2909,Salem,United States,60378,Missouri,784 Lippard,1932-02-10,372
crmid:2075953655,bee1955@live.com,Edward,Gonzales,,064-630-8770,Lincoln Park,United States,62819,Kentucky,795 Lily,1983-11-03,2384
crmid:6411824869,conservative2007@yahoo.com,Mathilde,Gates,female,972-034-9091,College Station,United States,38374,West Virginia,1306 Jack London,1949-06-11,493
crmid:6790710913,apatosaurus1886@gmail.com,Ginette,Heath,female,265-224-5849,Nacogdoches,United States,11960,Rhode Island,83 Elmwood,1995-03-30,2355
crmid:6815788543,oxymomora1944@live.com,Augustine,Warner,,592-269-0425,Rochester Hills,United States,30693,Maine,1200 Dunsmuir,1981-06-01,1263
crmid:5461907457,anathemas2014@live.com,Letty,Delgado,female,864-684-5893,Elkhart,United States,82448,South Carolina,1018 Hickory,1959-05-08,1514
crmid:9024041954,elasmosaur1901@yandex.com,Mitchell,Schultz,male,481-757-7168,Watertown,United States,64185,Alaska,167 Rizal,1933-07-26,2612
crmid:8359581119,rubeola1992@yahoo.com,James,Guzman,,616-816-5668,Mount Juliet,United States,23239,Arizona,369 Bowman,1993-04-23,1130
crmid:2917609860,complier1821@yahoo.com,Wilbert,Battle,male,976-413-5929,Brawley,United States,57600,Arkansas,876 Loraine,1941-10-02,1742
