id,crmid,propensity_room_upgrade,propensity_extended_nights
orderid:245904,crmid:4594991338,8,4
orderid:839797,crmid:9775938776,5,3
orderid:405574,crmid:5057565238,4,5
orderid:428337,crmid:2196697793,3,3
orderid:928543,crmid:6234694365,4,2
orderid:831103,crmid:2766636213,5,4
orderid:256465,crmid:1219529965,5,3
orderid:139243,crmid:4157758923,4,3
orderid:472420,crmid:4616394301,4,5
orderid:827256,crmid:3573260747,8,5
orderid:169452,crmid:7448245541,3,6
orderid:864972,crmid:3942750034,4,3
orderid:661512,crmid:4263097757,8,4
orderid:489426,crmid:3257966102,4,4
orderid:874092,crmid:3189034665,4,4
orderid:387065,crmid:7748208686,4,4
orderid:461739,crmid:4192779466,3,3
orderid:949204,crmid:1831703708,4,5
orderid:302412,crmid:5502872585,4,1
orderid:931195,crmid:4482596435,5,7
orderid:455864,crmid:1755948098,6,5
orderid:890869,crmid:2008454243,5,3
orderid:795643,crmid:8401592808,4,3
orderid:144454,crmid:4161019297,5,2
orderid:602604,crmid:7213507174,3,4
orderid:643729,crmid:9599643828,3,9
orderid:795335,crmid:9934471312,3,4
orderid:112864,crmid:1573690391,4,3
orderid:654644,crmid:9123159981,6,5
orderid:968963,crmid:9514756959,3,4
orderid:541808,crmid:8694600089,3,4
orderid:497899,crmid:4900218613,4,3
orderid:525138,crmid:5410701832,4,8
orderid:850252,crmid:6944303365,2,5
orderid:886541,crmid:6229980928,8,5
orderid:189641,crmid:8173354916,2,4
orderid:770329,crmid:9982889417,4,3
orderid:806595,crmid:3053889471,4,4
orderid:970947,crmid:5804103360,5,3
orderid:586373,crmid:2546103209,8,4
orderid:720849,crmid:9318769551,5,3
orderid:251886,crmid:1398906236,4,5
orderid:520812,crmid:5427343371,5,4
orderid:802308,crmid:5302140841,4,4
orderid:922472,crmid:5598462699,6,2
orderid:524843,crmid:4677560453,3,3
orderid:775130,crmid:3125311067,2,3
orderid:966271,crmid:8259679028,3,2
orderid:435466,crmid:7420473347,4,3
orderid:196700,crmid:2357443993,4,3
orderid:589356,crmid:6954928307,3,4
orderid:157780,crmid:5470355481,4,4
orderid:700986,crmid:5442461441,3,5
orderid:423544,crmid:4610354355,2,5
orderid:110061,crmid:1696434876,4,4
orderid:166584,crmid:2596543387,4,3
orderid:777160,crmid:5095177089,4,5
orderid:836735,crmid:6115042479,5,5
orderid:376031,crmid:9370660711,9,3
orderid:556184,crmid:9386838811,3,6
orderid:830079,crmid:4297182110,5,5
orderid:810317,crmid:3171112590,2,4
orderid:356493,crmid:7675405915,4,4
orderid:931647,crmid:3649562842,8,2
orderid:613265,crmid:6255726739,3,5
orderid:816940,crmid:6329652692,5,4
orderid:138760,crmid:5557619692,2,2
orderid:810465,crmid:7486160055,5,4
orderid:909008,crmid:1341045471,3,7
orderid:646209,crmid:9647102119,3,4
orderid:130671,crmid:7148900268,3,4
orderid:363985,crmid:3579933264,3,3
orderid:832126,crmid:9318160726,5,9
orderid:486524,crmid:7153150777,4,7
orderid:680407,crmid:2675971842,5,9
orderid:623093,crmid:6561589176,2,4
orderid:413903,crmid:6620349119,8,4
orderid:366992,crmid:7395240809,4,3
orderid:771337,crmid:9951677350,9,3
orderid:921999,crmid:4685012545,5,3
orderid:121781,crmid:9763053698,3,2
orderid:631479,crmid:5536571011,5,8
orderid:593477,crmid:2526636572,5,3
orderid:783314,crmid:2614734364,4,4
orderid:124834,crmid:5072701937,4,3
orderid:166872,crmid:4043511150,8,5
orderid:655411,crmid:1997212425,5,3
orderid:522867,crmid:4450626422,3,5
orderid:341043,crmid:7262652279,3,4
orderid:245953,crmid:6734331280,7,4
orderid:534797,crmid:8187717570,4,4
orderid:218092,crmid:3862504775,5,4
orderid:185298,crmid:6058099981,5,4
orderid:816039,crmid:8701431153,7,5
orderid:814928,crmid:9614201236,3,3
orderid:319124,crmid:5747021205,8,5
orderid:386863,crmid:3732293675,2,4
orderid:412569,crmid:3094666136,5,4
orderid:696091,crmid:4455957240,5,8
orderid:819734,crmid:3028962657,5,4
orderid:102908,crmid:4989969326,4,4
orderid:101376,crmid:3194745290,3,4
orderid:646190,crmid:9774171097,3,2
orderid:902847,crmid:2491806540,4,8
orderid:924779,crmid:5371761097,5,9
orderid:403451,crmid:9593053592,4,5
orderid:926036,crmid:1016218734,8,3
orderid:282132,crmid:7248933537,4,5
orderid:620573,crmid:1075948813,2,9
orderid:324113,crmid:4958824093,9,4
orderid:839590,crmid:8451220435,3,3
orderid:406680,crmid:1899953442,4,3
orderid:521148,crmid:2032403596,4,6
orderid:488519,crmid:7098379194,4,5
orderid:520090,crmid:7282805061,4,4
orderid:907436,crmid:9956302408,5,6
orderid:562795,crmid:4249945479,6,3
orderid:797003,crmid:8849082030,5,4
orderid:317711,crmid:7961088644,4,4
orderid:712400,crmid:2763225151,8,2
orderid:920376,crmid:4784212922,4,4
orderid:875886,crmid:9947985678,5,2
orderid:376812,crmid:6172484201,4,4
orderid:102054,crmid:1115126622,4,3
orderid:384782,crmid:7486393337,2,3
orderid:952991,crmid:4909849279,4,4
orderid:851357,crmid:5006922855,4,3
orderid:704938,crmid:3026597839,3,3
orderid:540647,crmid:4093601418,8,4
orderid:680935,crmid:4330741270,4,4
orderid:299760,crmid:4985177744,10,3
orderid:395424,crmid:3735557357,4,6
orderid:369404,crmid:2962176402,4,5
orderid:846449,crmid:3798104400,5,4
orderid:456991,crmid:8448884629,4,4
orderid:652216,crmid:1515187167,3,5
orderid:385105,crmid:9130678842,4,5
orderid:756636,crmid:5188242609,4,9
orderid:496201,crmid:3066174454,6,10
orderid:901196,crmid:6981273167,4,4
orderid:700529,crmid:8147115315,4,6
orderid:712410,crmid:6748107219,9,4
orderid:979924,crmid:1699314816,5,4
orderid:861228,crmid:1031449557,7,2
orderid:986925,crmid:7887932296,8,5
orderid:731504,crmid:5887389332,8,4
orderid:561790,crmid:7319000066,4,6
orderid:666056,crmid:2685255136,2,4
orderid:712264,crmid:7722358781,4,3
orderid:882361,crmid:7688651914,4,6
orderid:112042,crmid:3530180608,3,2
orderid:234423,crmid:3213889124,4,2
orderid:735430,crmid:1864518392,4,4
orderid:556501,crmid:1075046401,5,6
orderid:889052,crmid:5212311561,3,4
orderid:797842,crmid:2661395433,4,5
orderid:977027,crmid:6710751875,5,3
orderid:885109,crmid:5669641969,3,4
orderid:557794,crmid:6158511257,5,4
orderid:332391,crmid:7987534200,10,4
orderid:369709,crmid:5351583098,4,4
orderid:183996,crmid:6685775213,1,4
orderid:261975,crmid:9387077467,5,3
orderid:491878,crmid:5482879396,5,4
orderid:837416,crmid:3365116070,3,4
orderid:445309,crmid:1738117172,2,4
orderid:605512,crmid:7506681525,5,4
orderid:739857,crmid:1526359903,3,3
orderid:541150,crmid:7233735629,3,5
orderid:713898,crmid:9961298258,3,4
orderid:385533,crmid:5154965192,2,5
orderid:350411,crmid:1649881174,4,3
orderid:550856,crmid:3427037798,5,8
orderid:768422,crmid:4147829209,5,4
orderid:466075,crmid:9199636410,8,6
orderid:591880,crmid:7042117445,3,3
orderid:817749,crmid:9878485022,4,5
orderid:369878,crmid:3038495300,8,4
orderid:954084,crmid:7355712393,4,4
orderid:859569,crmid:1946083599,5,4
orderid:120312,crmid:2687977294,7,3
orderid:758833,crmid:9544464587,7,4
orderid:269410,crmid:7411396921,5,2
orderid:309881,crmid:8622839538,6,5
orderid:366015,crmid:8086083088,4,2
orderid:672106,crmid:4957881776,5,8
orderid:484234,crmid:5478769072,3,3
orderid:615002,crmid:4117400711,3,2
orderid:611078,crmid:3450918564,4,3
orderid:781826,crmid:5136367498,7,5
orderid:692565,crmid:4782087714,2,5
orderid:442566,crmid:5419030963,5,5
orderid:410922,crmid:2415212688,5,4
orderid:511266,crmid:5288955588,5,3
orderid:529649,crmid:1297155382,4,3
orderid:102910,crmid:3681750073,4,4
orderid:159749,crmid:3273986908,4,4
orderid:209892,crmid:4945115093,5,5
orderid:568661,crmid:2580203415,4,4
orderid:152226,crmid:5302193519,4,7
