crmid,email,first_name,last_name,gender,mobile telephone,city,country,zip,state,street address,birthday,historicalpoints
crmid:3154821128,aquaria2007@yandex.com,Ulysses,Lamb,male,359-297-2257,Brea,United States,75144,Massachusetts,1396 Trenton,1941-12-30,658
crmid:9459456830,removed1888@live.com,Lucio,May,male,544-244-6122,Baldwin Park,United States,33315,New Mexico,806 School,1935-06-18,1864
crmid:2257756943,dilbert2055@yandex.com,Garrett,Holder,male,473-345-3862,Oakland,United States,09211,New York,821 Finley,1934-04-14,2253
crmid:4526077137,adhesive1967@live.com,Jospeh,Jennings,,501-243-8563,Lisle,United States,20737,West Virginia,12 Selma,1983-05-30,2616
crmid:6747361690,capomo1884@yahoo.com,Jasper,Ewing,male,655-606-2848,Casa Grande,United States,28478,Texas,1227 Galindo,1945-05-09,752
crmid:8247267500,patrist1921@gmail.com,Franklyn,Cherry,,876-630-1768,Owasso,United States,99951,Wisconsin,488 Ware,1962-07-05,2910
crmid:9572710018,uniserial2022@outlook.com,Tamiko,Price,female,145-586-5624,Dolton,United States,45414,North Carolina,1035 Kezar,1955-08-24,1741
crmid:8542474585,crabber1913@outlook.com,Bernard,Cote,,745-384-6946,Shelton,United States,49559,Washington,410 Bennington,1986-10-15,2747
crmid:2247809840,peachen1970@outlook.com,Alfredo,Hoffman,,882-854-9145,Temecula,United States,45838,Nebraska,30 Whitfield,1992-09-30,2568
crmid:5521554312,irater2061@gmail.com,Denny,Fisher,female,388-701-1542,Rancho Cordova,United States,61076,Nebraska,62 Los Palmos,1946-02-10,1355
crmid:3597913751,drunks1968@outlook.com,Harland,Frye,,027-023-3639,Gloucester,United States,54933,Mississippi,1164 Chinook,1966-10-17,1668
crmid:4207563743,avocet2041@gmail.com,Frances,Sanders,male,446-708-6146,Romeoville,United States,60780,South Carolina,124 Scott,1930-04-26,2416
crmid:3851355380,verdi1908@gmail.com,Stacey,Chambers,,068-229-9938,Walla Walla,United States,42351,Indiana,1146 Archer,1984-10-08,834
crmid:4008909996,akinesia1853@live.com,Elbert,Hensley,,682-604-8190,Flower Mound,United States,14452,Louisiana,75 Keppler,1962-04-01,2336
crmid:1678858246,corena2016@live.com,Darrick,Tyler,,270-868-6184,Lino Lakes,United States,39198,Nevada,95 Key,1983-05-15,1258
crmid:7853500084,circuits2022@live.com,Ward,Rose,male,323-727-2041,Carmel,United States,87443,Minnesota,1033 La Playa,1944-10-25,2845
crmid:3820442354,defrance1979@yandex.com,Cleora,Mendoza,female,054-395-0917,Elizabeth,United States,07357,New York,1338 Oliver,1958-02-20,1674
crmid:6081006661,scriptures1800@live.com,Leonel,Stanley,,012-719-5610,Hagerstown,United States,24870,Arizona,602 Ervine,1969-05-13,2339
crmid:2982984530,codebreaker1971@yandex.com,Aubrey,Lambert,,171-085-0429,Riverbank,United States,46202,Pennsylvania,1177 Matthew,1981-09-21,2355
crmid:7220694307,kalimbas2042@gmail.com,Ethan,Graves,,727-376-2067,Lenoir,United States,91293,New Hampshire,451 Seneca,1982-03-18,1544
crmid:5409333527,somali1967@gmail.com,Sang,Callahan,female,168-840-3425,Danville,United States,40316,Washington,828 Masonic,1953-08-05,420
crmid:3719733446,macrobiotus1958@gmail.com,Emile,Armstrong,male,819-563-7709,North Platte,United States,01083,Alaska,837 Delaware,1999-01-22,841
crmid:9480615351,folkmotes2011@yahoo.com,Coy,Mcconnell,male,799-242-9537,Carbondale,United States,61304,Illinois,559 Bayside Village,1944-11-29,1051
crmid:2267904201,peller1864@live.com,Demetrius,Waters,female,833-363-6145,Darien,United States,99307,Connecticut,749 Manzanita,1953-02-15,2624
crmid:5500554604,biotech1948@yahoo.com,Abel,Quinn,male,843-312-6924,Brea,United States,97143,Pennsylvania,110 Oak Grove,1941-01-24,1332
crmid:5352081777,untangling1919@yandex.com,Renna,Medina,female,124-989-0350,Dearborn Heights,United States,46233,Wyoming,1176 Pollard,1953-07-20,1075
crmid:3338263208,arias2004@yahoo.com,Erin,Lloyd,male,259-205-6367,St. Petersburg,United States,05332,Oregon,280 Wyton,1942-04-17,1755
crmid:4786508706,acree1854@yandex.com,Markus,Gibson,,462-655-1063,Taylorsville,United States,49293,North Dakota,485 Cleary,1988-05-30,2715
crmid:4688341304,misdeals1843@outlook.com,Patricia,Crawford,,910-612-2542,Marion,United States,07045,Colorado,52 Balceta,1987-02-19,1774
crmid:3574859165,sexillion1934@live.com,Marc,Kelly,,523-373-6013,Woodstock,United States,43384,South Dakota,575 Middle West,1987-03-12,417
crmid:6314429936,satirically1843@gmail.com,Cedric,Bradford,,663-482-7981,Harlingen,United States,49069,Montana,887 Marengo,1969-07-02,2863
crmid:7342256616,eleonorite1803@yahoo.com,Yong,Robertson,,554-654-0897,Madisonville,United States,92557,Virginia,13 Zircon,1985-05-19,2022
crmid:1121043454,faller1963@yandex.com,Margarite,Castro,female,672-827-9978,Placentia,United States,69319,Wisconsin,1074 Madera,1958-10-11,1374
crmid:5090975937,riverhead2035@gmail.com,Ellan,Beard,female,315-844-1672,Chesterfield,United States,17853,Virginia,1035 Colusa,1946-03-02,1547
crmid:3005585653,resignful1830@yahoo.com,Stanton,Alvarez,,294-034-4855,Goose Creek,United States,51204,Nebraska,912 Keyes,1967-09-05,1939
crmid:9928248056,vocalist2059@yandex.com,Suk,Wooten,female,124-328-2074,Rapid City,United States,19251,Kansas,697 Portal,1949-08-31,2890
crmid:3067941600,durrell1803@live.com,Johnnie,Flynn,,481-117-2078,Highland,United States,12216,Texas,182 Saddleback,1971-03-14,601
crmid:7749024444,alleged1987@live.com,Madelaine,Harmon,female,857-667-4770,Palo Alto,United States,18343,Mississippi,1337 Ver Mehr,1946-11-11,2624
crmid:1436628319,chamade1935@yahoo.com,Ai,Byrd,female,119-228-1289,Pittsfield,United States,61914,Missouri,1116 Conwell,1954-12-29,2121
crmid:8442229189,going2016@yandex.com,Kelley,Rodriguez,,281-357-4079,Richardson,United States,83217,Wyoming,559 Quarry,1977-11-08,829
crmid:9461090004,akinesia2038@yahoo.com,Brendan,Ayala,,199-753-6998,Macomb,United States,23034,Georgia,668 Caire,1985-05-05,2888
crmid:2163405889,brachylogy1986@live.com,Simon,Clay,,319-915-9871,Johnstown,United States,43314,Alaska,748 Worden,1975-08-20,1231
crmid:8670363607,uakari1808@outlook.com,Diego,Finley,,097-272-6457,Melrose Park,United States,39200,West Virginia,653 Ashton,1989-07-07,715
crmid:7732116470,janitors1956@yahoo.com,Brett,Parsons,,851-026-0307,Midwest City,United States,70966,Vermont,675 Islais,1990-01-22,1970
crmid:1847842597,wombat1883@yandex.com,Douglas,Hopkins,,307-841-5591,Rancho Santa Margarita,United States,90041,Hawaii,738 King,1977-01-14,1053
crmid:7521314157,elegances2047@gmail.com,Elza,Clark,female,609-865-7976,Columbia,United States,91604,Tennessee,418 Badger,1949-03-06,2046
crmid:7421508186,caking1830@outlook.com,Marcos,Salazar,,572-482-6643,Liberal,United States,88836,Arkansas,1209 Collins,1982-05-29,1762
crmid:7396681418,pronounal1808@gmail.com,Dodie,Cohen,female,401-829-7009,Dodge City,United States,81027,Connecticut,342 Elgin,1955-03-06,2063
crmid:9062457124,therblig1910@yahoo.com,Lindsay,Holmes,male,247-290-3153,Paramount,United States,96483,Indiana,1042 Greenspring,1931-10-12,1120
crmid:1249781075,magirological1945@yahoo.com,Rolf,Rocha,,532-378-2364,Seal Beach,United States,33493,Maine,1167 Juri,1978-01-13,371
crmid:5126485900,lemur1839@yandex.com,Kasey,Richard,,085-180-8036,Menomonee Falls,United States,59478,West Virginia,318 Golding,1989-09-29,1130
crmid:7497749995,lavinia2064@yandex.com,Herb,Salazar,,728-512-2053,Lindenwold,United States,92721,North Dakota,219 Olmstead,1983-04-10,1353
crmid:3174504291,guineafowl1823@live.com,Malcolm,Cooper,,828-571-8869,Gardner,United States,81016,Ohio,778 Belcher,1965-02-11,2297
crmid:5749685367,choosey2050@outlook.com,Genaro,Holden,,099-863-4506,Yuma,United States,67572,Iowa,1111 Prosper,1992-09-26,697
crmid:5966300635,chameleon1861@live.com,Wes,Mcdowell,,914-251-9590,Pembroke Pines,United States,52655,Wisconsin,706 Corona,1968-05-19,1861
crmid:1250712375,imboldening2003@yahoo.com,Brittny,Calhoun,female,390-345-5985,Culver City,United States,03933,New York,1328 Carmel,1952-01-05,975
crmid:3072470454,cingulate1824@outlook.com,Terrance,Ramirez,,896-471-8054,Florence,United States,29855,South Carolina,1038 Belle,1962-04-19,620
crmid:5789547428,dentin2048@live.com,Trudie,Meyer,female,511-900-6822,Crest Hill,United States,54473,Delaware,1078 Folsom,1951-09-20,1447
crmid:7687589843,uneffusing1908@live.com,Josef,Hull,,736-518-7633,Park Ridge,United States,73434,Indiana,687 Roosevelt,1984-06-28,2328
crmid:8008819572,suprachorioidal2057@live.com,Jae,Glass,,689-565-0454,Saco,United States,70573,Michigan,1163 Sunnyside,1993-02-17,2131
crmid:3319059223,dreyfus1889@outlook.com,Leo,Gutierrez,male,778-688-9931,Annapolis,United States,63089,Idaho,1298 Brady,1933-10-12,1609
crmid:7509094580,serialism2054@yahoo.com,Tonette,Sargent,female,558-872-7111,Farmington Hills,United States,53562,Vermont,465 Mirando,1961-09-26,2798
crmid:6131050270,bhava1855@yandex.com,Theo,Bartlett,,279-087-8563,Palatine,United States,30925,Hawaii,224 Avon,1979-02-26,1188
crmid:8044860355,trafflike1832@yandex.com,Donny,Bond,,181-291-4924,Lumberton,United States,71200,Virginia,225 Bradford,1985-12-31,1667
crmid:9996781025,cuisse1819@yandex.com,Leigh,Ortega,,378-157-8214,Hagerstown,United States,37861,Kansas,1182 Natoma,1969-07-26,2050
crmid:7027989807,fastening2052@yahoo.com,Rusty,Daugherty,,585-795-4081,Mount Pleasant,United States,93467,Maryland,22 Sunview,1993-02-11,1594
crmid:6657639407,congregationist1839@live.com,Conrad,Steele,,737-210-5757,Frisco,United States,07838,Texas,569 Mallorca,1964-01-08,2085
crmid:3307081581,antivenom1954@live.com,Vaughn,Merritt,male,610-856-7389,Woburn,United States,06036,Georgia,201 Rankin,1935-09-20,2400
crmid:2262173044,displeasingness1802@outlook.com,Elroy,Heath,male,519-889-3253,Phoenix,United States,71960,North Dakota,147 Commercial,1939-03-13,1850
crmid:3625017248,brigandine1901@yahoo.com,Teodora,Henderson,female,556-673-0475,Fairhope,United States,96351,North Carolina,1171 Stern Grove,1961-11-17,1312
crmid:2098187174,drizzly1843@outlook.com,Brendon,Walls,,406-696-8033,Oakley,United States,41189,Delaware,972 Carmelita,1989-03-20,1055
crmid:8699343939,premunire1817@outlook.com,Harland,Lane,,102-449-2115,Fort Walton Beach,United States,65256,Hawaii,1018 Faxon,1963-11-16,2566
crmid:8231212444,airplay1916@gmail.com,Chae,Small,female,338-019-3515,Shreveport,United States,18992,Iowa,661 Meadowbrook,1954-02-27,1711
crmid:1113720389,jotisi1884@gmail.com,Stanford,Bush,,082-853-2404,Shakopee,United States,75616,Michigan,252 Tucker,1997-09-22,2456
crmid:8374945606,lacrosse1994@yahoo.com,Santiago,Camacho,,925-964-9873,Wasco,United States,37057,Texas,1252 Nueva,1975-04-02,399
crmid:7262813700,woodwaxen1856@yandex.com,Humberto,Garner,,847-183-5911,Homewood,United States,01212,Nebraska,391 Richter,1973-01-04,1515
crmid:8856182105,gas2069@yandex.com,Quiana,Garcia,female,227-317-2842,Chino Hills,United States,41522,Virginia,644 Bengal,1947-07-11,2392
crmid:2249953895,eidetic1903@yandex.com,Jan,Medina,male,148-638-5907,Rialto,United States,71857,Maine,836 Dore,1943-05-20,1533
crmid:2465582934,cryptography1823@yahoo.com,Alva,Davidson,,017-461-1181,Garden Grove,United States,21030,Alaska,235 Thomas,1965-05-31,2410
crmid:9563332473,woodlouse1835@gmail.com,Heriberto,Carver,,923-213-4168,Garfield,United States,63815,California,1368 Edinburgh,1965-10-06,2969
crmid:5262411732,santalol1826@live.com,Gil,Nieves,,065-481-2653,Memphis,United States,68637,Iowa,1156 Scott,1989-12-27,1582
crmid:6690226701,unpanged1921@outlook.com,Verline,Franco,female,093-528-0882,Newark,United States,15572,Arizona,688 Garces,1997-03-21,2299
crmid:6165280167,goalkeeping1987@outlook.com,Mitch,Kramer,,267-329-8123,Loveland,United States,36476,Washington,803 Graham,1984-05-06,693
crmid:5021093789,bateau1837@live.com,Kerry,Green,male,847-695-2858,Rialto,United States,03967,California,785 Rosenkranz,1937-06-12,305
crmid:2882032926,cresoxide1844@gmail.com,Tonita,Santana,female,114-880-5043,Dinuba,United States,59096,Nevada,136 Dalewood,1955-09-26,2294
crmid:3431747723,excalibur1900@yahoo.com,Dale,Graves,male,734-586-4204,Cathedral City,United States,17873,Wisconsin,1350 Robinhood,1945-02-12,1602
crmid:5805899852,weasel2014@yandex.com,Sherril,Hayes,female,027-799-1585,Cottonwood Heights,United States,94298,West Virginia,505 Bonita,1951-08-13,390
crmid:7516778170,couma1905@yahoo.com,Lucio,Wynn,,549-501-6179,Lemoore,United States,98892,Oregon,129 Gaviota,1982-01-29,2898
crmid:7428386029,aboveground1886@yandex.com,Roberto,Carroll,,606-346-0628,Fremont,United States,74815,Utah,803 Acevedo,1964-12-15,2743
crmid:2521807743,decagon1869@yahoo.com,Andy,Cross,male,890-478-6499,Walnut,United States,80277,Indiana,6 Bigler,1932-01-07,1191
crmid:3645194207,anxious1922@outlook.com,Norberto,Velasquez,,849-097-2416,Independence,United States,01485,Maryland,901 Cleary,1974-01-19,2194
crmid:6088461709,splays2037@live.com,Leonila,Walton,female,336-621-5138,Clovis,United States,36643,Massachusetts,470 Amatury,1948-05-30,768
crmid:5243659093,unconformableness1825@live.com,Jarrod,Bauer,,855-111-6870,Upland,United States,45680,Arizona,1108 Bergen,1985-03-18,770
crmid:8232092407,chaudry1826@yandex.com,Donnetta,Sandoval,female,610-076-0999,Oxford,United States,61120,Vermont,1296 Esquina,1952-03-26,2693
crmid:3654772325,phaenogamous1816@yandex.com,Alvin,Watson,,559-635-1096,Martinsburg,United States,00902,Mississippi,614 Utah,1987-01-05,1366
crmid:6831253984,tammies2034@gmail.com,Marlon,Huff,,435-358-9701,Lawrenceville,United States,37249,Virginia,205 San Anselmo,1981-06-26,2133
crmid:7090582091,consolatrix2044@outlook.com,Pedro,Slater,male,528-704-8071,Buffalo,United States,68985,New Mexico,1098 Habitat,1942-10-25,555
crmid:7051255323,exodium2056@yahoo.com,Nicky,Booker,,521-749-7875,Laguna Beach,United States,58984,Minnesota,1025 Argonaut,1979-10-28,469
crmid:7056572693,allegri2047@gmail.com,Sumiko,Lynch,female,452-646-1900,Erie,United States,40110,Mississippi,392 Harlem,1960-08-18,1101
crmid:4378747264,audette2001@outlook.com,Lyman,Rowe,,373-696-3545,Indian Trail,United States,31739,Indiana,81 Page,1974-06-23,1967
crmid:3326292783,wilders1912@outlook.com,Willian,Todd,male,579-362-3462,Baton Rouge,United States,56257,Delaware,1367 Moreland,1936-10-29,522
crmid:1353562173,coventries1927@gmail.com,Bobby,Freeman,male,619-819-9440,Berea,United States,98838,Kansas,1240 Dove,1938-12-28,1367
crmid:2721358823,crataegus2056@yahoo.com,Harlan,Farrell,,380-113-0466,Kiryas Joel,United States,49270,New Mexico,1105 Northwood,1978-07-06,1027
crmid:2943285160,absorbing1866@live.com,Adena,Oliver,female,133-219-8281,Stillwater,United States,55062,Nebraska,1366 Exchange,1996-09-07,456
crmid:2984245268,carbonated2070@outlook.com,Calvin,Alvarez,,826-584-1721,Prattville,United States,49008,Wyoming,508 United Nations,1992-01-29,1478
crmid:7633432066,thob2009@live.com,Senaida,Ruiz,female,987-260-3263,Sedalia,United States,14804,Alaska,652 Rosewood,1948-08-26,314
crmid:2486008660,bobber1866@outlook.com,Yong,Yates,male,653-159-6766,Ada,United States,55995,Florida,1056 Graystone,1930-10-17,1376
crmid:3921258282,lemur1838@live.com,Deangelo,Velazquez,,853-833-1187,Palm Beach Gardens,United States,22316,New Jersey,156 Dudley,1966-05-30,2270
crmid:5991005967,cephalotripsy1838@gmail.com,Marlen,Bonner,female,120-443-1409,Edmonds,United States,31012,Alaska,949 Peter Yorke,1958-06-03,857
crmid:9564398207,gambol1992@gmail.com,Libbie,Mckee,female,463-270-5384,Coconut Creek,United States,78759,Alabama,769 Lawrence,1949-12-31,947
crmid:1436024456,martensitic2006@outlook.com,Clotilde,Joyner,female,576-623-2004,Cupertino,United States,98454,North Dakota,847 Clarendon,1952-02-16,2752
crmid:3759318983,acana2059@outlook.com,Zachary,Waller,,542-179-9253,Las Cruces,United States,52998,Arizona,1098 Tacoma,1981-09-15,1969
crmid:8691614883,strongboxes2032@outlook.com,Dominique,Sherman,,785-585-3655,Laguna Beach,United States,89585,Oklahoma,167 Saint Elmo,1979-05-16,1582
crmid:1807728830,analytic1812@yahoo.com,Alline,Robbins,female,961-721-8384,Noblesville,United States,62702,Pennsylvania,371 Davenport,1997-11-19,2632
crmid:4967821321,arbores2044@yahoo.com,Hector,Miles,,373-220-4555,St. Clair Shores,United States,83028,Illinois,609 Shakespeare,1981-07-24,2492
crmid:2237625515,ephialtes1852@outlook.com,Keva,Ray,female,251-620-8818,Paragould,United States,59882,Vermont,170 Wanda,1953-12-27,2371
crmid:1800144978,pacas1961@outlook.com,Bryant,Callahan,male,706-273-9718,Takoma Park,United States,01594,Tennessee,1240 Charter Oak,1932-02-05,1569
crmid:9837821983,anhedonia1991@live.com,Exie,Hebert,female,690-618-2439,St. George,United States,82614,Mississippi,822 Phoenix,1959-11-24,1471
crmid:1395101273,dadaism1909@yahoo.com,Jeff,Duncan,,255-735-5483,Green Bay,United States,62226,South Carolina,1173 Glenhaven,1968-12-09,2798
crmid:7568529910,irregular1968@live.com,Carlo,Peters,,415-748-0896,Oro Valley,United States,34470,New Mexico,1195 Clay,1980-11-16,2569
crmid:3828580784,topkick1912@yandex.com,Johnie,Gallegos,male,124-928-0223,Arroyo Grande,United States,31621,Maine,82 Rivera,1934-05-11,345
crmid:8022042491,jovicentrical2003@yandex.com,Deangelo,Brooks,,462-314-8441,Los Angeles,United States,69261,Michigan,223 Paraiso,1984-11-18,2056
crmid:2966542773,leghorn1978@yahoo.com,Brett,Walker,,403-402-7725,Jamestown,United States,65028,Minnesota,917 Cortland,1975-11-15,2919
crmid:3974664202,bowyer1997@outlook.com,Tish,Ayala,female,754-024-7482,Cuyahoga Falls,United States,90673,Rhode Island,530 Santiago,1952-09-01,1430
crmid:4469239271,undialled2030@live.com,Viki,Robinson,female,383-732-4102,Charleston,United States,58476,Nebraska,736 Manseau,1946-09-25,826
crmid:8460808212,horsiest2039@live.com,Curt,Duran,,954-709-4151,Hilliard,United States,58214,New Jersey,681 Ocean,1972-10-19,551
crmid:3871554608,jaguar1965@live.com,Antoine,Irwin,male,644-930-8912,Bourbonnais,United States,64836,Georgia,1018 Rayburn,1940-10-01,2858
crmid:9078314506,bridges1849@yahoo.com,Christopher,Erickson,,650-436-9536,Hazelwood,United States,17237,Oklahoma,1281 Chattanooga,1970-02-17,1437
crmid:2336160944,overdignifiedly1912@yahoo.com,Cruz,Fowler,male,575-214-6087,Alamo,United States,62796,Iowa,171 Winthrop,1930-12-04,2329
crmid:2146372067,schoolbookish2039@gmail.com,Tyron,Nielsen,,071-190-5103,Herriman,United States,01768,Washington,160 Saratoga,1971-01-31,345
crmid:6320361793,tirrivees2009@yandex.com,Pasquale,Peters,,050-931-2482,Temecula,United States,89482,Maine,404 Rockridge,1984-05-05,863
crmid:6869665872,spider1808@live.com,Katia,Franks,female,082-093-1282,New Albany,United States,23900,Pennsylvania,646 Gorham,1995-04-09,2471
crmid:6358022477,friseur1870@yahoo.com,Lou,Houston,,883-237-7776,San Diego,United States,85348,Nevada,423 Laguna Honda,1973-09-26,2149
crmid:6436090863,acryl2047@yandex.com,Fernande,Richardson,female,027-181-1100,Trenton,United States,76160,Montana,799 Blatchford,1994-10-07,328
crmid:9474405366,davey1925@yahoo.com,Von,Diaz,,372-421-6175,Richmond,United States,21286,Oregon,698 Harlem,1968-03-11,2871
crmid:2826928884,trachea1804@outlook.com,Charita,Mcconnell,female,234-502-4736,Cheyenne,United States,05602,Michigan,953 Croaker,1947-02-19,1280
crmid:1176039770,papillon1983@yahoo.com,Napoleon,Castillo,,731-945-3552,Waynesboro,United States,73634,Maine,736 Miley,1977-06-21,2729
crmid:7815749474,cleistogamously1846@outlook.com,Howard,Benton,,528-466-6607,Huntington,United States,50205,Colorado,1043 Denslowe,1973-10-28,2465
crmid:3295281135,cocking1944@outlook.com,Francis,Forbes,male,654-820-1693,Anchorage,United States,25246,Rhode Island,316 Sherwood,1932-04-10,981
crmid:5323499810,brayed1841@live.com,Brendon,Adams,,225-240-0637,Sacramento,United States,24607,Colorado,516 Le Conte,1963-03-16,921
crmid:9010272946,ecthyma1977@yandex.com,Jody,Sims,male,718-365-1035,Sioux Falls,United States,53760,Louisiana,608 Dellbrook,1997-02-10,1133
crmid:3430926307,fers1968@live.com,Many,Bauer,female,717-217-7894,Plainview,United States,13437,Hawaii,1145 John,1946-06-02,2920
crmid:7644561483,bornagain2002@gmail.com,Herschel,Fitzgerald,,563-652-8713,Hinsdale,United States,93220,West Virginia,1037 Paloma,1972-03-12,502
crmid:9113243203,biddings1881@outlook.com,Lamont,Walter,,274-606-8507,Rocklin,United States,69169,Texas,1211 Mendosa,1969-02-18,1210
crmid:6876076055,cringingly2018@outlook.com,Sima,Chapman,female,591-300-0539,Clarksdale,United States,49459,Minnesota,629 Colleen,1948-08-06,2914
crmid:2706202552,broadway1849@gmail.com,Renaldo,Leonard,male,614-950-0131,Butte-Silver Bow,United States,95097,Connecticut,1310 Lottie Bennett,1943-08-17,2439
crmid:7060738412,simplum1984@gmail.com,David,Vazquez,,933-808-6436,Milwaukee,United States,76656,Delaware,58 Dearborn,1991-12-23,1010
crmid:5983510500,closterium1932@outlook.com,Trey,Clark,,228-013-4300,Northport,United States,32559,Kentucky,932 Hamilton,1999-07-05,2673
crmid:2436892588,unmanageably1899@yahoo.com,Stanley,Kinney,,897-668-9402,Mattoon,United States,37953,Illinois,853 Kent,1988-06-23,1318
crmid:5759292350,detail1801@gmail.com,Myron,Barnes,,817-956-7514,Hazleton,United States,93170,New Jersey,6 Wood,1970-06-07,510
crmid:8909971183,abroad1973@yahoo.com,Marty,Knapp,,147-552-9814,Rome,United States,28533,Wyoming,682 Ludlow,1963-09-29,2418
crmid:3357465830,bisquette1841@yandex.com,Felipe,Terrell,male,563-960-4352,Palo Alto,United States,12960,Ohio,1283 Eureka,1945-04-28,1749
crmid:9393779839,elgar1933@gmail.com,Jolanda,Molina,female,475-339-4427,Watauga,United States,88866,South Carolina,1258 Iowa,1957-04-20,487
crmid:4694467892,armour1814@outlook.com,Fidelia,Mccarthy,female,113-074-4742,Woodstock,United States,78716,Pennsylvania,57 Staples,1950-03-19,2434
crmid:7394757612,alluring1807@outlook.com,Luigi,Wheeler,male,216-125-9954,Reynoldsburg,United States,19603,Wyoming,56 Francis,1943-06-20,699
crmid:8829174009,aborter1864@yahoo.com,Lonny,Lyons,male,005-642-1634,Pine Bluff,United States,68372,Florida,1255 Bluxome,1934-06-18,1929
crmid:3544556499,obsoletes1972@yahoo.com,Lanny,Fox,male,950-683-8553,Poway,United States,53345,Arkansas,939 Amazon,1995-01-12,751
crmid:5882716038,zimbi1994@live.com,Lionel,Drake,,522-635-6771,Melrose Park,United States,68434,Rhode Island,1090 Nueva,1989-10-02,2990
crmid:6239042548,saucerman2042@outlook.com,Lindsey,Beach,,047-891-3632,Waynesboro,United States,96809,Arkansas,1283 Turk,1968-11-15,2171
crmid:7265511927,oddballs1816@yahoo.com,Yuonne,Knight,female,662-139-0947,Cuyahoga Falls,United States,53066,Kentucky,381 Dorado,1952-09-16,479
crmid:5536459758,gothish2038@yandex.com,Cruz,Bonner,,507-700-0477,Lynn,United States,61490,North Carolina,579 Santa Fe,1985-11-29,795
crmid:1243942045,outfame1818@outlook.com,Allen,Kirk,female,994-897-8917,Sacramento,United States,97050,Georgia,842 Stanyan,1951-12-20,1887
crmid:2922990139,centenary1972@yandex.com,Jarrett,Richardson,,872-187-8452,Oakdale,United States,46577,Michigan,493 Grattan,1986-08-23,2966
crmid:9777979708,armadillo2056@live.com,Charlesetta,Harmon,female,043-994-4597,East Chicago,United States,06557,Michigan,22 Capen,1957-02-13,2738
crmid:3783069902,inviscidity1806@live.com,Eduardo,Hawkins,male,247-900-5145,San Angelo,United States,01402,New York,101 Sternberg,1936-03-13,2337
crmid:2748562144,awide2011@gmail.com,Harold,Santos,male,911-560-3130,Richfield,United States,07544,Wisconsin,25 Cottage,1931-04-26,2254
crmid:8674538209,wrinkle1992@live.com,Reyes,Estrada,,139-999-9277,Highland,United States,03824,Oklahoma,1341 El Mirasol,1971-01-24,468
crmid:8862876289,dislocator1964@yandex.com,Manual,Tyler,,954-880-6977,Lehi,United States,17378,Illinois,1394 Arco,1982-02-23,2430
crmid:2515812660,outsavoring2051@gmail.com,Lauran,Watts,female,698-039-4732,South Lake Tahoe,United States,29924,Texas,23 Hill,1956-05-30,2845
crmid:8896194453,cornishman1849@gmail.com,Mitsuko,Zamora,female,657-476-7165,Warner Robins,United States,13006,Pennsylvania,1349 Shephard,1954-12-13,2034
crmid:7921216785,oversowed1817@live.com,Remona,Velazquez,female,756-567-8831,Escondido,United States,47850,Oklahoma,1144 Jordan,1960-07-29,2528
crmid:6511714333,burgle1870@outlook.com,Rudy,Richardson,,087-547-8588,Rock Hill,United States,23459,North Carolina,538 Bayview,1965-05-12,2749
crmid:5684326505,cocker1873@yandex.com,Renaldo,Fuentes,,167-258-2901,Port Angeles,United States,94541,Missouri,1343 Deming,1974-08-27,477
crmid:5154802041,cadwal1922@live.com,Donnette,West,female,894-625-5423,Chillicothe,United States,91974,Rhode Island,901 Heather,1947-03-30,605
crmid:7564857327,pokeroot1973@yandex.com,Jeremiah,Cervantes,male,516-913-3207,Carlsbad,United States,91135,Idaho,1355 Agua,1944-05-05,1023
crmid:8162948407,ameliorators1969@yahoo.com,Micheal,Thornton,male,274-821-2957,Shoreline,United States,56059,Wyoming,596 Pearl,1998-11-21,2946
crmid:8661115867,cortina1915@gmail.com,Carlos,Trujillo,,267-802-9003,Galesburg,United States,26486,New Mexico,241 Genoa,1964-04-22,1350
crmid:1200363381,scissor1896@yandex.com,Chere,Summers,female,929-297-0846,North Canton,United States,60119,Maine,1068 Dunshee,1998-11-06,1817
crmid:1047051504,reimpregnating1896@yandex.com,Josue,Estes,,560-109-7045,Santa Monica,United States,81332,Rhode Island,994 Fitzgerald,1986-02-21,2423
crmid:6291978213,boother2005@outlook.com,Damian,English,,183-661-6320,Palos Hills,United States,51626,Virginia,362 Paul,1996-06-06,1903
crmid:1849645275,oreophasine1812@outlook.com,Yong,Fowler,,904-522-2236,Greenfield,United States,11565,Alaska,51 Stoneybrook,1968-02-26,2559
crmid:6191047532,exertion1806@live.com,Joaquin,Snow,,217-530-2377,Monterey,United States,55939,Montana,302 Amity,1992-09-14,2556
crmid:8846302927,caballer1893@outlook.com,Stacey,Romero,male,296-771-2631,Casa Grande,United States,75707,Delaware,18 Sergeant John V Young,1945-12-26,599
crmid:6009508702,imbellic1914@outlook.com,Conrad,Bowers,,425-187-2134,Moore,United States,98208,Idaho,945 Greenwich,1992-07-27,1929
crmid:6437677218,equilibrio1856@live.com,Cole,Richardson,male,498-696-4631,Arvada,United States,17884,Idaho,282 Bellair,1934-02-24,2332
crmid:8580733403,spectators1931@live.com,Gonzalo,Newton,,512-066-6259,Green Bay,United States,16464,Indiana,269 Rose,1968-03-22,2044
crmid:3310701355,victories1987@yandex.com,Leisha,Gregory,female,655-730-3893,Colton,United States,29172,Nebraska,380 Vista,1949-05-12,1227
crmid:1974496596,urinaries1933@outlook.com,Michal,Harper,male,207-693-7657,South El Monte,United States,65461,New York,77 Lawrence,1945-07-13,1220
crmid:6183577939,aggression1923@gmail.com,Earnest,Holmes,male,010-759-5941,Calexico,United States,19726,New York,298 Bonview,1943-03-14,2624
crmid:2449607363,hillock1830@yahoo.com,Jackie,Roberts,male,231-160-8999,Baldwin Park,United States,77132,Kansas,255 Corona,1935-12-09,2027
crmid:7959880232,blackbirds1832@live.com,Richie,Jenkins,,841-996-0930,San Benito,United States,30440,Michigan,301 Portola,1978-01-04,2019
crmid:8317402440,overview1851@yandex.com,Winston,Mcbride,male,589-362-4905,South St. Paul,United States,75228,Ohio,551 Welsh,1938-10-19,1285
crmid:9470024005,nontechnically1955@live.com,Alfonzo,Kerr,male,389-033-1282,South El Monte,United States,04432,New Mexico,539 Avocet,1941-01-16,2303
crmid:9530935685,tinfoil2025@outlook.com,Carlo,Kline,,394-680-6803,Flagstaff,United States,85505,South Carolina,674 Robblee,1962-09-09,2249
crmid:8198988160,preorganize1813@yahoo.com,Armando,Hardin,male,683-541-3266,Abilene,United States,70723,North Dakota,1148 Ninth,1930-12-02,2465
crmid:5623004923,nonimposition1817@outlook.com,Preston,Mcintosh,,370-606-0570,Riviera Beach,United States,37045,Arizona,681 Octavia,1977-10-25,1750
crmid:9250707524,dona1821@live.com,Jarrett,Case,,165-011-5234,Inver Grove Heights,United States,57124,Arizona,300 Isola,1974-09-03,1307
crmid:7946510779,theolepsy1879@gmail.com,Drema,Lott,female,900-270-6858,Detroit,United States,10756,Arizona,269 Campbell,1954-03-17,2734
crmid:7527435637,hierogamy2011@yahoo.com,Fredric,Webster,male,717-037-8928,Novato,United States,72264,Virginia,310 Elsie,1939-04-30,2964
crmid:9958710982,minae1915@yandex.com,Shira,Garrett,female,024-960-1861,Everett,United States,93220,Iowa,913 Tocoloma,1960-08-11,2439
