crmid,email,first_name,last_name,gender,mobile telephone,city,country,zip,state,street address,birthday,historicalpoints
crmid:4049974451,quietens1882@outlook.com,Ivan,Rivas,,869-445-0368,Findlay,United States,73285,Hawaii,1330 Tulane,1962-12-05,1329
crmid:4983609831,amour1866@outlook.com,Kermit,Watkins,,357-107-1082,Sapulpa,United States,30691,New Mexico,1394 Northwood,1974-02-02,506
crmid:4003961370,scumble2041@outlook.com,Brett,Garner,female,415-545-8353,Doral,United States,69364,New Hampshire,390 Bell,1955-11-26,2312
crmid:6501416790,celsitude2021@yandex.com,Elliot,Sutton,,370-757-8683,West Chicago,United States,36662,Idaho,349 Exposition,1973-12-21,1040
crmid:9309233364,eulalia1833@yahoo.com,Renaldo,Johnston,male,810-150-9534,Bakersfield,United States,74306,Iowa,1188 Craig,1935-08-15,1739
crmid:5530868666,elberta1985@gmail.com,Ying,Beck,female,586-372-5421,Santa Barbara,United States,81080,Mississippi,1173 Ford,1949-09-02,552
crmid:6032419083,engravers1879@yandex.com,Roman,Smith,,913-505-0234,Newburyport,United States,38548,Kansas,318 Palmetto,1997-05-19,1523
crmid:3086850571,thrilling1888@live.com,Clorinda,Guerrero,female,154-362-6836,South St. Paul,United States,13611,Oklahoma,438 Shoup,1947-02-12,2734
crmid:4283756924,endocyemate1847@outlook.com,Mathew,Burnett,male,402-683-1141,Bellaire,United States,39950,West Virginia,52 Sabin,1937-07-04,1251
crmid:7648465835,consecrator2033@gmail.com,Gregorio,Pruitt,,788-071-7040,Manhattan Beach,United States,27677,California,933 Essex,1986-05-23,1131
crmid:6883760451,painterly1964@gmail.com,Clay,Morrow,male,060-444-9072,Solon,United States,09603,Colorado,299 Avenue I,1941-02-21,1634
crmid:2035808368,seldom1809@outlook.com,Katia,Donovan,female,390-952-4455,Parkersburg,United States,22683,Georgia,1146 Bernal Heights,1960-05-08,2886
crmid:2056943397,seated1889@gmail.com,Chet,Yates,male,765-849-9521,Brentwood,United States,66911,West Virginia,1342 Langton,1941-11-28,2088
crmid:8635579945,unboldly1904@yahoo.com,Dewitt,Casey,male,365-227-6223,Bellflower,United States,12219,Kansas,627 Torrens,1937-03-05,1222
crmid:2803166787,chimpanzee2033@gmail.com,Ernie,Guy,male,572-085-6686,Buckeye,United States,63145,Wyoming,616 Gardener,1942-12-07,1026
crmid:9429600401,brydges1800@live.com,Lucio,Chambers,male,347-365-6526,Anderson,United States,34034,Wyoming,1132 Osceola,1932-06-06,690
crmid:9977886877,continuingly2004@yandex.com,Jerrold,Black,male,462-871-6801,Adrian,United States,21346,Louisiana,464 Saint Croix,1930-05-03,2073
crmid:3423399705,capuche1825@yahoo.com,Chad,Branch,male,202-856-7077,Pottstown,United States,61024,Rhode Island,457 Benton,1999-02-22,2694
crmid:8611717702,palmar1902@outlook.com,Roosevelt,Goff,,574-416-7479,Manitowoc,United States,45835,Illinois,1053 Saint Charles,1986-08-30,1370
crmid:1316731899,antically1843@gmail.com,Tory,Rosales,,503-281-4599,Scottsdale,United States,34973,Colorado,1195 Keith,1979-05-16,1025
crmid:5279781124,casey1934@outlook.com,Connie,Wilder,male,292-674-7730,Cedar Falls,United States,15722,Iowa,1307 York,1945-02-18,1359
crmid:3593508604,santalol1844@outlook.com,Laverne,Browning,male,761-932-1571,Steubenville,United States,75801,Oregon,498 Casa,1999-12-01,502
crmid:4888766911,ayatollah1870@yandex.com,Vince,Schroeder,male,385-908-6849,Bristol,United States,88432,Kentucky,342 Ashton,1941-10-26,1365
crmid:5341959507,vineal1912@gmail.com,Basil,Drake,male,881-466-3266,Wheaton,United States,10028,Pennsylvania,146 Elliot,1943-12-02,1833
crmid:6356646011,illuminati2006@yahoo.com,Bradford,Franks,,506-719-7098,Sanford,United States,23038,Vermont,267 Candyland,1966-02-12,481
crmid:2753211521,berenices1910@gmail.com,Olen,Grant,,806-995-1380,San Bernardino,United States,90031,Wyoming,1348 Globe,1985-02-11,1625
crmid:6286244299,appetence1854@live.com,Andre,Rhodes,,214-528-4758,Plainfield,United States,93980,Montana,1217 Commonwealth,1991-07-21,2532
crmid:9060700558,saddlers1816@yandex.com,Coleman,Joyce,male,626-240-7820,Addison,United States,11596,Iowa,482 Carmelita,1930-02-16,1414
crmid:8795985541,murmuringly1855@live.com,Noah,Edwards,,546-244-0242,Stow,United States,88259,Pennsylvania,528 Ralston,1999-05-31,2962
crmid:8686248705,zooks1943@live.com,Lenny,Berger,,058-621-9915,Granite City,United States,05907,Vermont,473 Ravenwood,1967-01-27,1316
crmid:2637787512,differentiator1811@live.com,Yoshie,Wolf,female,652-733-3856,Rohnert Park,United States,87976,Wyoming,605 Surrey,1961-09-14,1557
crmid:6977561288,omophagous1948@yahoo.com,Kim,Pennington,,779-917-7827,Henderson,United States,53365,Alabama,235 Cloud,1971-10-09,1527
crmid:2015652692,causes1952@gmail.com,Benito,Navarro,,206-651-3401,Junction City,United States,10633,South Dakota,28 Abbey,1976-04-16,1120
crmid:7550372524,hermele2007@yandex.com,Lynn,Vaughn,,456-913-7051,Jamestown,United States,28773,Illinois,831 Parkhurst,1975-05-28,2959
crmid:2405462409,punproof1884@gmail.com,Brady,Floyd,,704-748-4494,Lackawanna,United States,00201,New Hampshire,981 Blanche,1979-01-09,2526
crmid:1895539293,lehuas1882@gmail.com,Peter,Yang,,028-365-3554,Oregon City,United States,38838,Wisconsin,1184 Acorn,1972-04-27,2896
crmid:2805639748,appointment1891@live.com,Hilde,Taylor,female,868-356-4337,Cheyenne,United States,13998,South Dakota,785 Cambon,1947-04-28,2616
crmid:4379560440,splay2029@live.com,Ronald,Blanchard,,426-051-4415,Glenview,United States,30472,Kansas,983 Stone,1966-06-24,2308
crmid:8351270462,paulista1864@yandex.com,Ron,Espinoza,male,579-865-8370,Walnut Creek,United States,02115,Washington,1286 Innes,1942-08-09,873
crmid:6334999443,cuttail1970@yandex.com,Erik,Hyde,male,779-566-6968,Steubenville,United States,04504,Georgia,1141 Houston,1939-04-15,2027
crmid:4959864934,porkpie1815@gmail.com,Arden,Chang,,371-946-7706,Palisades Park,United States,45910,Alaska,234 Palos,1990-07-19,1300
crmid:2082200508,roccelline2014@live.com,Marion,Sanchez,male,003-747-4548,Bloomington,United States,34400,Maryland,1018 Sumner,1939-07-26,2499
crmid:6367867934,axenic1801@outlook.com,Hyman,Gray,,391-306-6178,Kennesaw,United States,61736,Alabama,773 Bertita,1977-11-11,2675
crmid:7628522030,acromegalies1994@gmail.com,Deeann,Reed,female,855-214-8887,South Bend,United States,71987,Missouri,1196 Aerial,1960-02-24,2086
crmid:8395672623,fers2040@live.com,Dick,Peterson,male,103-484-2260,Arcata,United States,14410,Maryland,851 Park Presidio,1933-03-23,2961
crmid:1889876078,overarching1953@yandex.com,Gene,Crawford,,476-203-8912,Fitchburg,United States,42273,South Dakota,699 Lenox,1962-08-31,1806
crmid:1475134932,fiducial1894@live.com,Caleb,Bishop,,303-408-3173,Topeka,United States,37240,Rhode Island,413 Federal,1973-12-08,1486
crmid:2272627960,calamine2028@yahoo.com,Lenny,Buckley,,099-782-5924,Lynbrook,United States,30177,Alaska,1095 Sanches,1985-07-03,1903
crmid:5517843300,toking2042@yahoo.com,Enrique,Floyd,,371-876-4358,Kiryas Joel,United States,97687,Maine,393 Morton,1978-04-24,878
crmid:7510352597,seining1807@yahoo.com,Dahlia,Cooper,female,302-313-4881,Dallas,United States,17157,Alaska,651 Golden Gate,1952-02-07,1902
crmid:8971346548,orthodox1870@yandex.com,Bryce,Fischer,male,076-532-7931,Bayonne,United States,60210,Virginia,680 White,1936-10-24,1760
crmid:5017164197,droud1943@gmail.com,Darrel,Wright,male,467-734-2616,Broomfield,United States,10694,Rhode Island,240 Icehouse,1942-03-31,2280
crmid:3494223344,berberine1843@yandex.com,Stewart,Bullock,,902-169-4811,Round Lake,United States,53645,Texas,1348 Harriet,1978-06-23,1917
crmid:9129159070,displeasingness1908@yahoo.com,Keiko,Michael,female,596-672-3182,Cortland,United States,23259,Utah,302 Monte Vista,1951-05-20,1832
crmid:9618597898,unfinable1931@live.com,Stefan,Wilcox,,768-156-7868,Marquette,United States,91835,Missouri,1172 Treasure Island,1987-12-05,2684
crmid:1752017510,agathodaemon2032@outlook.com,Werner,Hahn,,007-922-2155,Kent,United States,97965,West Virginia,930 Rudden,1977-02-01,2748
crmid:1929636444,micromastictora2004@yahoo.com,Brad,Ballard,,784-139-2656,Lakeland,United States,44043,Louisiana,936 Hauser,1980-07-18,601
crmid:5946405222,binturong1828@yandex.com,Monte,May,male,400-520-1859,Mount Vernon,United States,54207,Arizona,3 Eureka,1994-09-04,1285
crmid:5305752312,chander2064@yandex.com,Arlen,Farrell,,691-747-6649,Murrieta,United States,60324,Idaho,1184 Felix,1994-11-13,1928
crmid:8593947587,ribbons1912@live.com,Lesley,Huffman,,639-485-5105,Sedalia,United States,84234,Utah,516 Grafton,1990-12-09,2511
crmid:5819063729,collegium2015@outlook.com,Jean,Allison,male,104-912-2422,Southgate,United States,72574,Utah,104 Fairmount,1942-05-01,2401
crmid:3480164375,bronze1861@gmail.com,Cleo,Nelson,,534-491-3216,Mooresville,United States,47111,Pennsylvania,620 Weatherly,1993-07-01,2477
crmid:6289611977,exfoliate1892@yandex.com,Darrick,Watson,,212-798-3929,Romulus,United States,59349,Virginia,369 Falmouth,1997-08-20,2445
crmid:7436107508,breakless2015@outlook.com,Elmo,Snider,,353-321-2341,Granite City,United States,46018,New Mexico,830 Priest,1967-08-29,1554
crmid:6441480954,drink1841@yahoo.com,Arron,Castro,,860-966-6350,Saginaw,United States,75890,Tennessee,145 Lancaster,1987-10-06,1715
crmid:2352287749,reimpregnating2004@outlook.com,Sammy,Gross,female,889-413-5122,Commerce City,United States,46932,Alaska,96 La Playa,1949-08-12,2023
crmid:4389779443,analogue1826@yahoo.com,Pamella,Little,female,455-642-6565,Waco,United States,15701,Michigan,29 Wool,1950-07-17,2902
crmid:2876967091,sucks1805@yandex.com,Silvana,Chen,female,164-529-9377,Pullman,United States,61948,Oklahoma,895 Alvord,1947-12-31,2838
crmid:9625263588,modest1932@yandex.com,Elicia,Fletcher,female,874-180-8153,Waco,United States,61244,Virginia,245 Pretor,1951-03-10,404
crmid:7969994110,relaces1865@outlook.com,Colby,Dennis,male,071-196-5635,Belvidere,United States,15360,Iowa,299 Flournoy,1938-02-08,856
crmid:4093856830,habenaria1800@yandex.com,Joel,Taylor,male,657-464-3921,Neenah,United States,93206,Oregon,783 Rawles,1995-01-10,1294
crmid:4562700993,axenic1829@outlook.com,Nam,Terrell,female,774-900-7960,East St. Louis,United States,35077,Nevada,61 Larkin,1957-07-28,2032
crmid:8065200633,unmanageably1921@gmail.com,Abel,Hall,male,336-703-9201,Prescott Valley,United States,03592,Minnesota,241 Palo Alto,1935-01-12,821
crmid:1627672582,facto2010@live.com,Raul,Rosario,,401-294-9719,Menasha,United States,95473,Nebraska,984 Cornwall,1989-03-18,1836
crmid:7165244621,solatia1921@gmail.com,Yevette,Lott,female,058-266-2042,Eastlake,United States,95831,North Carolina,634 Kittredge,1957-09-17,1835
crmid:6336518593,lyrebird2021@yandex.com,Jeromy,Rivas,male,435-820-1803,Opelousas,United States,50714,New York,1211 Naples,1932-05-25,1675
crmid:8815234468,achaean2042@yahoo.com,Genevie,Melton,female,692-335-7306,Seymour,United States,26351,Idaho,1101 Kramer,1960-03-20,2781
crmid:5246361013,mongoose1825@live.com,Emmanuel,Conrad,male,485-166-6496,Burbank,United States,14048,North Dakota,1303 Eighth,1942-04-07,340
crmid:6604772818,louie2068@live.com,Jamison,Christensen,,880-022-1757,New Bern,United States,43812,Connecticut,192 Sunnyside,1996-07-27,2878
crmid:5810218704,drizzly1802@yandex.com,Joi,Francis,female,410-641-1365,Vicksburg,United States,22122,Connecticut,1391 Grote,1955-04-10,2158
crmid:1993020357,defiant2037@live.com,Tennie,Luna,female,487-126-1027,Owatonna,United States,92544,New Jersey,1145 Java,1961-09-18,1481
crmid:9586878125,italy2001@live.com,Jesus,Keller,male,945-340-9413,Anchorage,United States,38289,Nevada,1388 Mansell,1932-05-16,2483
crmid:4863038811,cellule1831@yahoo.com,Josef,Baxter,,142-117-4146,Lacey,United States,13074,Connecticut,578 Sola,1979-03-16,680
crmid:3520990084,montrachet2068@outlook.com,Eddy,Olson,male,217-381-1287,San Angelo,United States,55181,North Dakota,919 Hunters Point,1998-02-06,2350
crmid:8343839851,sedater1832@gmail.com,Glenn,Bass,,292-346-2813,Millville,United States,61506,Utah,1382 Goldberg,1991-11-30,2609
crmid:1382252530,scrag2063@yahoo.com,Lemuel,Humphrey,male,361-222-9397,Alice,United States,64159,South Carolina,554 Fourth,1931-11-12,2339
crmid:5920621143,oliphant1996@yahoo.com,Casimira,Sullivan,female,050-631-9588,Redlands,United States,28209,Alaska,1126 Mullen,1958-02-28,329
crmid:7659227751,ultima1829@live.com,Jacinto,Castaneda,,360-834-9931,Montgomery,United States,40729,California,955 Blanche,1992-08-26,2048
crmid:2026654889,bernadette1865@yandex.com,Sonny,Rosa,male,597-269-6718,Park Ridge,United States,06718,South Carolina,1301 Temple,1934-11-17,955
crmid:8606400171,agnoite1895@live.com,Francisco,Acosta,,821-296-1690,Tempe,United States,49909,Alabama,633 Santa Paula,1989-12-30,889
crmid:9033789291,externity1858@live.com,Celena,Buchanan,female,630-050-7602,Elk Grove,United States,70612,Rhode Island,77 Nibbi,1959-12-21,2275
crmid:5088889979,barnacle1806@outlook.com,Samuel,Conner,,239-534-3097,Lynn,United States,70055,Alabama,603 Avenue B,1985-12-20,2354
crmid:5600094256,ascalabota2027@yandex.com,Brian,Shannon,,145-777-7489,Ridgeland,United States,74049,Hawaii,1342 Bernal Heights,1995-08-20,340
crmid:3789957219,induviae1914@gmail.com,Milford,Tyler,,959-981-5440,Plymouth,United States,74499,California,1086 Marcela,1981-05-16,940
crmid:3966929451,proveditor1882@live.com,Brad,Roy,,806-543-0994,Mineola,United States,15904,California,162 Edgar,1991-03-04,1171
crmid:3024776585,nusakan2057@yandex.com,Arden,Nichols,,036-538-1959,Henderson,United States,21078,Pennsylvania,1250 Sunnydale,1971-04-15,2829
crmid:3122182256,internship2013@gmail.com,Dirk,Ayala,male,285-166-6285,Avon Lake,United States,11672,Nebraska,678 Sutro Heights,1935-03-01,2445
crmid:6737942923,segueing1893@yandex.com,Jacques,Haney,,758-612-5344,Palos Hills,United States,76423,Illinois,1251 Farallones,1980-12-09,2993
crmid:7057788769,blanch2029@yahoo.com,Michale,Chang,male,277-621-2734,Ames,United States,81342,North Dakota,1400 Mullen,1932-07-06,417
crmid:4850366729,antinormal1959@outlook.com,Kory,Kline,male,688-070-9469,Anchorage,United States,38336,New Hampshire,137 Maywood,1932-06-16,418
crmid:1185714158,acanth2017@yandex.com,Merilyn,Larson,female,855-740-2107,Warwick,United States,89393,Nevada,1212 Pilgrim,1951-06-17,1975
crmid:3832196222,phies2010@live.com,Harley,Mendoza,,942-061-8845,Noblesville,United States,34244,North Carolina,502 Pierce,1997-07-11,1475
crmid:4114577004,accompanimental2040@live.com,Gaylord,Estes,,646-641-1401,Port Arthur,United States,33621,New Mexico,1289 Orsi,1977-05-11,1480
crmid:9653555567,together1926@gmail.com,Miquel,Reynolds,male,764-850-8625,Alliance,United States,97027,South Carolina,874 Natoma,1931-07-24,1543
crmid:5024164901,corban1918@gmail.com,Kenton,Hancock,,144-349-9784,Gulfport,United States,40377,New Mexico,645 Santa Ynez,1969-08-01,2040
crmid:6401582492,sillago1992@outlook.com,Dick,Gonzales,,309-087-3031,Grand Island,United States,24175,Missouri,644 Westwood,1967-04-23,454
crmid:9340833973,delightingly1944@gmail.com,Marcel,York,male,271-315-2810,Castle Rock,United States,79472,Kentucky,1010 Hitchcock,1945-12-13,2814
crmid:2808199710,navite1804@gmail.com,Donnette,Ballard,female,816-039-7075,Crystal Lake,United States,70008,Idaho,768 Ada,1952-12-05,1269
crmid:2261779366,concubitous1971@yandex.com,Bradly,Rodriguez,,531-160-7490,Vestavia Hills,United States,29901,Rhode Island,484 May,1964-04-09,2789
crmid:2484090545,jenny1918@gmail.com,Tyler,Warner,,810-723-7142,Helena,United States,55689,Washington,104 Canby,1970-10-03,1010
crmid:8077724967,arethusa2016@gmail.com,Salome,Cross,female,643-073-8997,Redmond,United States,24056,Oklahoma,728 Quartz,1956-08-07,1758
crmid:6479832235,carted1853@gmail.com,Sherwood,Schultz,male,482-789-7721,Biloxi,United States,98669,New York,434 Cordelia,1939-09-26,2213
crmid:7913548052,beefsteak2006@live.com,Cole,Head,male,922-980-8346,Angleton,United States,83808,Virginia,1331 Julius,1932-02-13,846
crmid:1794456468,chela2034@live.com,Abe,Nicholson,,114-876-4297,Helena,United States,93404,Oklahoma,1089 Warren,1970-07-25,649
crmid:4895984437,ox2012@yandex.com,Hilton,Rowland,male,942-211-4811,Trenton,United States,02272,Maryland,459 Potrero,1933-05-25,1390
crmid:6904136863,wryest1827@gmail.com,Rolf,Dixon,,803-313-7698,Naugatuck,United States,39129,Delaware,1214 Drake,1995-07-08,410
crmid:5981297763,nonderogation2034@gmail.com,Kraig,Thornton,male,506-431-2234,West Covina,United States,93878,Louisiana,94 Wright,1932-06-29,616
crmid:1923749367,cyanic2042@yahoo.com,Chi,Preston,,711-995-9458,Wayne,United States,38217,Oregon,169 Security Pacific,1968-12-27,1824
crmid:2280262890,semihistorical1958@outlook.com,Doretta,Gentry,female,496-675-5661,Elk Grove,United States,15349,Texas,25 Prentiss,1959-03-11,2925
crmid:4269395291,colourblind1834@yandex.com,Ellis,Lewis,,230-408-4105,Queen Creek,United States,88435,North Dakota,1213 High,1993-05-04,763
crmid:7407261419,battles2028@live.com,Hans,Barnett,,263-629-3206,Sherman,United States,43768,Kansas,947 Battery Chamberlin,1992-07-15,1783
crmid:3552016578,husbandfield1866@yahoo.com,Meridith,Salas,female,383-369-4568,Naugatuck,United States,17563,Missouri,664 Olmstead,1995-03-12,929
crmid:9456975653,impala1938@live.com,Merlin,Thomas,,798-780-3745,Round Lake Beach,United States,92398,New Hampshire,556 Circular,1991-04-08,872
crmid:6849041878,dryermen1956@yahoo.com,Jarred,Zimmerman,,767-325-1769,St. Paul,United States,22294,Maryland,1365 Vermont,1963-02-09,1078
crmid:9446002964,charmless1891@gmail.com,Dorsey,English,,966-512-1967,Perth Amboy,United States,40829,South Carolina,699 Executive Park,1984-03-01,2613
crmid:2820087524,signification1839@live.com,Marty,Mckinney,,571-623-0139,Lake Elsinore,United States,50033,California,332 Tiffany,1980-09-28,1208
crmid:4546642488,diwata1810@gmail.com,Joline,Dean,female,937-354-6038,DeSoto,United States,20093,West Virginia,76 Mccann,1953-04-08,2876
crmid:7972812128,remeant2027@yandex.com,Barry,Henry,,965-591-2331,Melbourne,United States,32632,Virginia,524 Rodriguez,1989-06-09,1983
crmid:6013124627,vulture1876@outlook.com,Carline,Simmons,female,653-356-4509,Converse,United States,05651,New Mexico,1179 Jessie,1950-02-27,1726
crmid:4499156439,slither1887@yahoo.com,Dante,Peterson,,252-550-0601,Fountain,United States,33128,Alaska,1032 Harlem,1963-06-30,1759
crmid:2133768810,recleansing1992@yahoo.com,Guillermo,Thompson,,867-277-7132,Fort Worth,United States,60186,Kansas,1273 Morning Glory,1963-11-25,1741
crmid:5767556641,coseat1821@gmail.com,Alvin,Acevedo,,222-181-4822,Fort Lauderdale,United States,06600,Kentucky,60 Innes,1963-01-19,529
crmid:8147713765,labradoodle2046@live.com,Lesia,Burton,female,948-228-6102,Coon Rapids,United States,81949,New Mexico,601 Wiese,1950-05-04,1151
crmid:3728483884,welcomely2029@yahoo.com,Damion,Kent,,921-613-6747,New Castle,United States,41124,Maryland,6 Jerrold,1996-08-02,2947
crmid:8353099154,lifts1978@gmail.com,Sanford,Wynn,,004-676-6341,Park Ridge,United States,23899,Minnesota,182 Spring,1968-12-12,2918
crmid:4993604397,ceramics1885@yandex.com,Del,Grimes,,504-645-2822,Juneau,United States,39835,Hawaii,1127 Shrader,1976-06-21,2376
crmid:3894914456,randir2068@gmail.com,Bryant,Hunt,,898-609-0990,Kankakee,United States,18100,North Dakota,122 Gatun,1976-02-29,1930
crmid:2486906494,pentachenium1881@yahoo.com,Augustus,Henderson,male,073-796-9182,Saratoga,United States,16341,Alaska,617 Broad,1945-12-02,1607
crmid:4923991779,photogenous2067@gmail.com,Robin,Sampson,,517-844-0755,Hallandale Beach,United States,91402,Wisconsin,1271 Union,1969-06-06,2762
crmid:6646677434,jasmined1986@gmail.com,Carter,House,,421-131-1602,Panama City,United States,36208,California,746 Indiana,1975-11-15,2467
crmid:8617967913,dekko2023@yandex.com,Felix,Phelps,male,291-898-2156,Carrboro,United States,21405,Oklahoma,809 Coleman,1944-04-23,2956
crmid:6388434502,annoyer2068@outlook.com,Jude,Pitts,,705-329-0052,Twinsburg,United States,40974,Vermont,163 Forest Knolls,1990-01-01,2189
crmid:3547483964,derates1952@outlook.com,Bennie,Hudson,male,109-103-5087,Winter Haven,United States,00597,Delaware,52 Crags,1936-01-15,2618
crmid:3209722984,gnat1814@yandex.com,Sandy,Lowe,,707-448-9732,Modesto,United States,18858,Wisconsin,353 Avalon,1992-02-27,1947
crmid:2773016220,listers1946@yahoo.com,Hugo,Wilkinson,,529-251-7571,Kettering,United States,27622,Maine,1143 Ship,1977-05-03,2378
crmid:8133551104,convected1816@outlook.com,Tom,Garza,male,863-680-3085,Bellingham,United States,58970,Utah,736 John F Shelley,1937-09-11,1331
crmid:3579524993,anisodactyle2028@live.com,Jim,Marquez,,298-185-9728,Morgan Hill,United States,78043,New Mexico,936 Rondel,1993-02-28,690
crmid:7969225080,rolfers1977@yahoo.com,Jack,Tanner,,773-844-5181,Wichita Falls,United States,74022,Minnesota,606 Avenue Of The Palms,1996-07-03,1238
crmid:1497213438,uniserial1871@yandex.com,Chuck,Roberts,male,960-615-4534,Burlingame,United States,87161,Oregon,1338 Casa,1943-02-25,2114
crmid:3449339105,namelessly1903@outlook.com,Truman,Park,,402-129-2792,Ramsey,United States,46366,New Mexico,362 Garces,1992-10-20,2108
crmid:4025717182,natriuretic1832@live.com,Adolfo,Mcclure,male,101-800-3920,Arnold,United States,99590,Oklahoma,679 Conrad,1933-01-19,607
crmid:1803126110,pokeroot1926@yandex.com,Alfredo,Ruiz,,793-243-8048,Kiryas Joel,United States,34271,Kansas,806 Villa,1978-07-22,2808
crmid:4459313123,adinole1986@yahoo.com,Werner,Bass,,204-826-9983,Friendswood,United States,87954,Arizona,30 Montague,1964-09-24,817
crmid:7588036497,kittenship2019@gmail.com,Damion,Chaney,,219-426-1316,Palmetto Bay,United States,54301,California,880 Lathrop,1996-09-13,1700
crmid:7557210643,azhar1977@yahoo.com,Maren,Callahan,female,358-580-4037,Southgate,United States,51123,Connecticut,1183 Orben,1994-12-06,2443
crmid:8370731675,gubernacular1928@live.com,Zachary,Wyatt,male,171-210-9699,Universal City,United States,09975,Alabama,291 Cornwall,1930-11-19,713
crmid:9847768252,dullhead1922@outlook.com,Eliseo,Carter,,846-238-6333,Modesto,United States,15135,Delaware,472 Raymond,1992-02-06,2677
crmid:2011572326,dropping1955@yandex.com,Carlo,West,,926-338-6357,Gastonia,United States,59699,Wisconsin,992 Lily,1965-09-07,876
crmid:6331335985,costed1883@gmail.com,Freeman,Duncan,,625-507-0231,Harvey,United States,52382,Arkansas,335 Lurmont,1970-09-30,977
crmid:9571880468,remarry1961@gmail.com,Sheridan,Calhoun,female,228-907-0452,San Diego,United States,52198,Massachusetts,488 Quebec,1999-04-15,2780
crmid:6476876885,quinamine1887@yahoo.com,Ira,Marquez,male,007-637-9375,Venice,United States,15571,Alaska,866 Auburn,1943-05-18,679
crmid:7508681277,dipterocarpaceae1993@yandex.com,Necole,Raymond,female,624-971-8802,North Chicago,United States,97714,Maine,985 John Maher,1998-04-25,770
crmid:5775835099,scheme2059@live.com,Geraldo,Mccray,,770-522-9060,Northglenn,United States,53858,Indiana,1175 Hamilton,1999-09-28,2403
crmid:2202127346,prunitrin1837@yahoo.com,Emanuel,Cantu,,602-209-0267,Meridian,United States,48156,Utah,1125 Bright,1989-07-14,2709
crmid:3553602556,coils1885@yahoo.com,Danilo,Bond,,541-939-1260,Wyandotte,United States,78597,New Mexico,1219 Lobos,1993-09-22,2770
crmid:8699217177,superurgency2013@yahoo.com,Dwain,Buck,,958-778-2025,Romulus,United States,67304,Washington,225 El Camino Del Mar,1975-01-31,1666
crmid:6633060198,cobble1981@outlook.com,Zack,Stark,male,176-816-2362,Anaheim,United States,75564,Ohio,258 San Jose,1932-12-30,2877
crmid:4694224963,bolden2013@yandex.com,Dorian,Pennington,,824-288-0951,Millbrae,United States,07646,South Carolina,813 Glenview,1990-02-03,1201
crmid:2610366189,educable2027@live.com,Dick,Garner,,644-806-5569,Ridgeland,United States,26714,New Hampshire,1294 Harlow,1965-01-21,1886
crmid:9690949063,aporia1971@yandex.com,Jude,Buckner,,399-087-0061,Mount Clemens,United States,05168,Massachusetts,229 Midway,1993-02-05,1948
crmid:9924685960,condom1990@yandex.com,Lionel,Reilly,,933-529-7187,Ridgecrest,United States,39798,Mississippi,693 Edgewood,1971-06-21,1444
crmid:7185750006,conceder1889@outlook.com,Latoyia,Stokes,female,200-353-4469,Corcoran,United States,26120,Alaska,734 Harry,1950-05-28,1162
crmid:2309685854,mibound1869@gmail.com,Errol,Whitfield,,373-876-2605,Leawood,United States,04190,Florida,677 Lillian,1981-02-19,895
crmid:4194839719,doubledecker1925@live.com,Eleonor,Haney,female,604-176-1125,Downey,United States,91426,Arizona,922 Northgate,1955-03-12,2040
crmid:6146354057,hepatotoxic2056@outlook.com,Britt,Herrera,,501-401-4354,Oshkosh,United States,41546,North Carolina,1232 Treat,1985-12-06,1048
crmid:4620803888,pewit1952@gmail.com,Heriberto,Wheeler,,401-417-5060,Ridgeland,United States,64929,Minnesota,1194 Legion,1992-08-30,1052
crmid:5276109941,hilum1851@gmail.com,Cortez,Roberson,,807-768-3936,Mayfield Heights,United States,21770,Connecticut,1230 Vasquez,1988-04-11,540
crmid:5395422764,contemplative1910@gmail.com,Greg,Hill,male,290-650-1122,Wilmington,United States,72022,Tennessee,349 Attridge,1939-04-14,2816
crmid:9089170794,evensong1983@gmail.com,Mariano,Brady,male,392-495-1366,American Fork,United States,30633,Louisiana,1 Prescott,1932-07-03,2312
crmid:5790266144,wingding1902@yahoo.com,Trenton,Burke,,673-811-4807,Livonia,United States,33718,Illinois,767 Oak Grove,1983-06-17,2776
crmid:1561174774,carlene1967@outlook.com,Rueben,Price,,630-383-8775,Sherman,United States,25639,New York,671 Temple,1967-09-12,831
crmid:1817911408,corsair1910@outlook.com,Cyril,Salinas,,520-856-0331,Hemet,United States,37174,New Jersey,574 Trumbull,1971-06-10,1043
crmid:6901693754,brainwork1992@gmail.com,Marcus,Hanson,male,820-688-6775,Streamwood,United States,60303,Wyoming,360 Juan Bautista,1942-07-13,612
crmid:9548787599,pulvinule1918@yahoo.com,Shandi,Lowe,female,479-835-6238,Davenport,United States,42235,North Carolina,655 Montague,1953-08-18,1342
crmid:2536969250,uncircumvented1850@gmail.com,Edmundo,Walsh,,387-121-5973,Newburyport,United States,39218,Utah,721 Chester,1997-06-25,751
crmid:3305939054,sideburns1809@yandex.com,Blake,Macias,female,921-198-3762,St. Louis Park,United States,10853,Iowa,1358 Laskie,1948-09-02,1957
crmid:8444133138,millistere2064@yandex.com,Johnson,Peck,male,288-247-8811,Baytown,United States,96715,Indiana,1235 Richardson,1936-05-23,443
crmid:6493573663,article1922@outlook.com,Tyson,Mullen,,665-789-8432,Kennesaw,United States,01655,Louisiana,1165 Myrtle,1977-01-04,1185
crmid:2628876079,inequality2061@yahoo.com,Oscar,Hughes,,537-228-6925,Huntington Beach,United States,53243,North Carolina,1048 Trader Vic,1974-09-30,2289
crmid:4494057466,volleyed1945@yandex.com,Cuc,Short,female,928-048-8560,Durant,United States,68962,New Mexico,241 Kobbe,1956-11-04,1660
crmid:8144258336,eccentrics1805@yandex.com,Paulene,Woods,female,420-836-0634,Riverton,United States,27920,Nebraska,140 Gerard,1957-12-13,1364
crmid:3893287570,clone1999@live.com,Henriette,Cortez,female,234-076-0171,Denison,United States,51476,New Jersey,123 Rosie Lee,1954-09-07,2588
crmid:4487761386,criterium2036@yahoo.com,Gil,Bryan,,800-121-1964,Glenview,United States,94291,Vermont,903 San Leandro,1966-05-16,2837
crmid:3588214345,afterfuture1816@yandex.com,Forest,Hendrix,male,390-760-7674,Sidney,United States,58328,Louisiana,546 Malta,1940-04-13,2533
crmid:8764238401,ultrasonic1957@gmail.com,Wade,Richards,male,653-117-5418,South Burlington,United States,95036,Oregon,768 Maddux,1941-10-24,439
crmid:5692522106,rewards1960@live.com,Dalton,Cash,,000-300-3584,Lee's Summit,United States,65146,Vermont,156 Lower Fort Mason,1982-12-01,2688
crmid:9731572787,occipitoiliac2042@gmail.com,Reyes,Graves,,968-592-3684,Titusville,United States,47838,Colorado,1107 Seminole,1981-07-25,333
crmid:4533618137,giggled1812@live.com,Dewitt,Hodge,,343-120-4501,Hinesville,United States,26014,Oklahoma,748 Aspen,1972-04-25,1867
crmid:2210198553,derates1970@outlook.com,Tijuana,Yates,female,430-621-7763,Mundelein,United States,68789,West Virginia,747 Mary Teresa,1994-12-30,2942
crmid:3262928914,didie2062@live.com,Booker,Hartman,male,619-797-8258,North Miami,United States,67935,Virginia,817 The Embarcadero,1998-11-02,2128
