crmid,email,first_name,last_name,gender,mobile telephone,city,country,zip,state,street address,birthday,creditrating
crmid:6437965541,caterbrawl1837@live.com,Isaac,Estes,male,148-035-5012,Wisconsin Rapids,United States,02201,New Jersey,1284 Ship,1936-05-09,497
crmid:5901041601,anemony1965@yahoo.com,Maynard,Shepherd,,599-309-8303,Sanford,United States,35377,Georgia,1016 Toll Plaza Tunnel,1975-02-18,1279
crmid:9896619249,exacter1989@yandex.com,Kareem,Bryant,male,317-661-6989,Perth Amboy,United States,66611,Mississippi,816 Industrial,1943-11-11,478
crmid:6411371283,ustilaginaceous1803@gmail.com,Norman,Hinton,,397-541-2662,Missoula,United States,09407,Alabama,627 Franconia,1992-01-09,2370
crmid:8885039007,occidentalism1869@yahoo.com,Alfred,Russell,male,123-051-9278,Portland,United States,07735,Rhode Island,173 Laura,1930-01-26,974
crmid:6284325747,syrupy1805@yahoo.com,Bennett,Howell,,788-310-2025,Wake Forest,United States,37307,Virginia,531 Amador,1975-12-24,2247
crmid:5464987710,enrica1819@yahoo.com,Loyce,Cline,female,130-297-5285,Roswell,United States,13726,New Jersey,786 Flounder,1951-12-11,729
crmid:7306838951,misdirects1947@yandex.com,Robt,Morin,,853-458-4781,Sanger,United States,48389,South Dakota,972 Delancey,1988-04-27,2250
crmid:4356457001,incompletion1856@live.com,Leopoldo,Koch,,088-162-7846,Richmond,United States,29564,Alaska,1261 College,1967-07-17,472
crmid:2130277030,suzerain1948@live.com,Todd,Palmer,,260-171-9196,Lake Elsinore,United States,94596,Maryland,1105 Vassar,1980-11-14,990
crmid:3050418695,cardamom2060@yandex.com,Sang,Whitaker,female,039-030-1993,Eustis,United States,41428,Kansas,166 Blatchford,1960-08-31,907
crmid:4836475659,paves1974@yandex.com,Guillermo,Michael,male,623-280-8107,Baytown,United States,28136,Kansas,1139 Lyell,1936-04-20,1153
crmid:4032221782,lingering1979@gmail.com,Tyron,Greer,,056-670-2897,Lindenwold,United States,74050,Rhode Island,966 Minerva,1983-07-20,690
crmid:3487308373,squirrel2058@outlook.com,Luana,Casey,female,117-588-9755,Elmira,United States,36175,Delaware,432 Farview,1959-06-05,1767
crmid:5137484805,sebasic2024@outlook.com,Amee,Knox,female,536-669-8439,Cicero,United States,64574,North Carolina,685 Arellano,1947-11-01,1353
crmid:4406769186,hemicentrum2013@gmail.com,Royal,Lyons,,335-449-6786,Gardner,United States,56395,Montana,1077 Potomac,1965-09-07,2174
crmid:8275965402,dimetry1826@yandex.com,Garry,Peck,male,349-241-2223,Baytown,United States,69665,Florida,685 Saddleback,1936-10-28,2701
crmid:4024462354,poodle1807@outlook.com,Leif,Duke,,212-172-2807,Wheaton,United States,46875,Minnesota,1175 Hollywood,1993-10-22,2944
crmid:4908420284,deserving1849@live.com,Delmar,Casey,,641-627-4162,La Porte,United States,92751,Nebraska,197 Washington,1979-07-09,2875
crmid:3164153581,gouger1863@outlook.com,Antonietta,Newton,female,341-103-9838,Clearfield,United States,66613,New Jersey,350 Stanford Heights,1948-11-01,2607
crmid:1168527833,batch1976@outlook.com,Alfonso,Riley,male,314-085-2232,Battle Ground,United States,07387,Alaska,843 Franconia,1936-01-25,2470
crmid:7410159103,disappear1995@yahoo.com,Kelsie,Rocha,female,647-102-8661,Orland Park,United States,92236,Montana,527 Edgardo,1961-05-25,1287
crmid:1332313434,anemone1917@live.com,Barney,Campos,,817-965-2203,McHenry,United States,01611,Hawaii,243 Forest,1988-02-21,1575
crmid:2022673032,giddier1907@outlook.com,Bao,Kerr,female,664-556-7788,West Haven,United States,16472,South Carolina,760 Post,1949-11-20,1115
crmid:4614416101,tumion1861@live.com,Pat,Joyner,male,137-531-9467,Odessa,United States,64467,West Virginia,681 Cloud,1934-08-16,2828
crmid:8098223721,nasiei2061@live.com,Raymond,Morris,,294-295-7863,Laguna Woods,United States,78548,South Carolina,1048 Veterans,1979-05-29,1101
crmid:2347157259,listers1817@outlook.com,Bradly,Baxter,,893-252-2207,Lynbrook,United States,38906,Arizona,127 Long,1985-06-23,1096
crmid:4753088564,bigha1926@yahoo.com,Grant,Morton,male,014-034-7302,Casselberry,United States,96220,Idaho,83 Sibley,1945-04-21,1039
crmid:5188801950,unpermeating1831@outlook.com,Alphonso,Reeves,,330-648-7777,Lauderhill,United States,57879,Pennsylvania,126 Larkin,1981-09-25,1275
crmid:9530045960,cites2012@live.com,Neil,Mclaughlin,,346-288-9363,South El Monte,United States,84839,Pennsylvania,1128 Red Rock,1975-07-26,1636
crmid:5246802869,creative1856@live.com,Rocky,Holland,,999-416-1195,Helena,United States,80754,Nebraska,225 Calvert,1970-09-03,1017
crmid:9534805938,adman2054@live.com,Ellis,Emerson,male,363-656-4559,Plattsburgh,United States,02484,Maryland,1392 Hartford,1936-03-09,651
crmid:5906950867,abrasive1996@yandex.com,Jonah,Juarez,male,663-761-4894,Sunrise,United States,03925,Delaware,1257 Samoset,1934-10-10,2654
crmid:1608899061,trillet1996@gmail.com,Lester,Cardenas,female,157-724-4153,East Palo Alto,United States,37531,Rhode Island,1019 Waterloo,1957-05-05,1853
crmid:6806454139,mastiff1893@live.com,Tom,Gomez,,471-368-4087,Fort Dodge,United States,01587,Oklahoma,924 Fargo,1963-02-27,2792
crmid:8967958573,alvaro1933@yahoo.com,Tyrell,Dejesus,,911-428-0617,La Habra,United States,52726,Delaware,253 Pacheco,1978-10-13,2806
crmid:3243207435,answers2042@yandex.com,Nancey,Monroe,female,431-661-1730,Columbus,United States,31344,Montana,1051 Clement,1949-07-20,2291
crmid:6472626005,colombian1933@live.com,Kyle,Garcia,,830-124-5173,Macon,United States,54345,Kentucky,737 Duboce,1985-09-05,904
crmid:9301572350,apaches1846@outlook.com,Man,Beck,,675-614-6919,Great Falls,United States,49090,Wisconsin,246 York,1968-08-19,2017
crmid:2488913567,electrobath1894@yandex.com,Thanh,Koch,female,998-959-7290,East St. Louis,United States,85119,Massachusetts,245 Oak,1957-09-16,681
crmid:3939739360,analgesist1855@yandex.com,Frederic,Cain,,151-893-2332,Fredericksburg,United States,82815,Connecticut,1216 Diaz,1964-02-10,2677
crmid:7595134472,argonaut1868@yahoo.com,Louie,Moore,,623-284-8386,Highland,United States,94362,Florida,1396 Pfeiffer,1971-04-14,645
crmid:9477844139,swallow1910@live.com,Antoine,Forbes,,053-438-3291,Redmond,United States,28896,Alaska,1370 Landers,1962-10-29,1473
crmid:2900295194,masterstroke2040@live.com,Ray,Hawkins,,696-489-8108,Martinez,United States,58134,New Mexico,1318 Carl,1987-10-16,1151
crmid:5657525197,suez1828@live.com,Rodrick,York,,537-141-9759,Flagstaff,United States,48794,Arkansas,1147 Abbey,1962-08-18,1490
crmid:3062097325,anchors2017@gmail.com,Benito,Sweet,,900-839-7161,Joplin,United States,80298,Arizona,511 Bigler,1976-12-01,866
crmid:2088162492,platycerium1990@yahoo.com,Emilee,Craft,female,640-891-0688,Olathe,United States,61279,Missouri,1023 Malta,1958-03-07,418
crmid:2598197737,estes1807@yahoo.com,Malvina,Holloway,female,780-832-9947,Richfield,United States,63425,Missouri,783 Sala,1956-06-14,1876
crmid:6535788711,huddlingly1815@outlook.com,Shaun,Houston,,191-694-5773,Pittsfield,United States,71525,Nevada,61 Sweeny,1967-03-29,1868
crmid:4508571282,suprafoliaceous2034@outlook.com,Pierre,Bauer,,216-842-5866,Middletown,United States,78074,Oklahoma,521 San Anselmo,1990-12-13,2389
crmid:7802561745,adjoining2057@yandex.com,Delicia,Rivers,female,252-334-3318,Edwardsville,United States,87177,Texas,982 Judah,1958-02-25,2789
crmid:8963673641,tapir1922@gmail.com,Berna,Romero,female,253-122-6032,Prescott Valley,United States,17453,Kansas,307 Maywood,1951-01-25,546
crmid:8873392858,boredoms1939@yahoo.com,Steven,Adams,,609-094-1333,Lehi,United States,75580,Tennessee,288 Josepha,1982-03-18,1889
crmid:2012795790,breakup1943@yahoo.com,Glen,Cortez,,975-672-4139,Menlo Park,United States,62223,Louisiana,1059 Mahan,1989-10-07,316
crmid:9136095842,collard1823@outlook.com,Lynn,Gamble,male,636-039-1807,Cedar Park,United States,38885,Arizona,776 Nottingham,1945-07-11,2684
crmid:4469445610,capriole1828@yandex.com,Harold,Washington,male,154-259-9990,Rockville Centre,United States,09929,Arkansas,215 Ludlow,1933-04-30,1708
crmid:8991739698,hyena1949@live.com,Eloy,Henson,,925-034-0625,Hoover,United States,42183,Texas,836 Lane,1973-08-19,2162
crmid:6005335233,glycerol1913@live.com,Cameron,Wolf,male,391-014-7811,Plantation,United States,19445,Iowa,270 Margaret,1944-02-13,1186
crmid:1366647504,carapus1911@gmail.com,Jc,Hart,,710-145-4561,Sedalia,United States,33633,South Dakota,32 Goleta,1976-05-11,1957
crmid:1196003468,cherly1899@live.com,Bradford,Horn,male,437-252-3602,Sheridan,United States,00688,New Jersey,1339 Ridgewood,1934-01-14,1818
crmid:9407021023,awake2035@yahoo.com,Lanny,Chavez,,202-127-9744,Round Lake Beach,United States,63981,Louisiana,941 Ambrose Bierce,1971-03-29,1443
crmid:1726215323,dumas1924@outlook.com,Cris,Buckley,female,493-015-4166,Elk Grove,United States,61508,New Jersey,328 Silver,1959-11-04,1655
crmid:9240975829,zonular2041@yandex.com,Alfredo,Mcconnell,male,220-419-8095,Burlingame,United States,65342,Maine,282 Battery Caulfield,1943-11-01,698
crmid:1398775157,indignity2054@yandex.com,Leonel,Townsend,,379-170-2295,Thornton,United States,46997,Iowa,1017 West Crystal Cove,1992-01-20,629
crmid:4288509262,coumara1835@yahoo.com,Natisha,Reid,female,297-245-2898,Denver,United States,97756,California,564 Hazelwood,1954-12-13,1155
crmid:6323524946,anesthetize1913@yandex.com,Lucio,Charles,male,182-918-8300,Cedar Falls,United States,71491,West Virginia,220 Larkin,1945-12-12,415
crmid:9931215606,chihuahua1914@yandex.com,Otha,Hartman,male,263-225-5634,Santa Clara,United States,96639,Virginia,300 Green,1944-11-22,662
crmid:6775900742,inadventurous2005@live.com,Odis,Fisher,,269-684-7994,Miami,United States,49446,South Dakota,22 Paul,1990-08-02,326
crmid:1029169938,amok1896@yandex.com,Rudy,Wiggins,female,258-189-0511,New Iberia,United States,14212,Oregon,504 Natick,1996-03-31,2298
crmid:4749472582,bosomy1927@gmail.com,Genny,Goodwin,female,659-278-2542,Rowlett,United States,13612,Illinois,454 Glendale,1950-03-12,314
crmid:6877299391,coregonus1862@outlook.com,Cyrus,Valencia,male,526-282-9589,Andover,United States,17741,Oregon,167 Goethe,1932-02-29,537
crmid:5421284977,gabgab2000@live.com,Kory,York,,907-611-7787,Seymour,United States,58264,Nevada,802 Shaw,1999-09-28,899
crmid:4111902063,donal1904@gmail.com,Lakia,Vega,female,716-940-6792,Wooster,United States,19587,Connecticut,978 Orsi,1947-05-29,1593
crmid:5342249681,rabboni1885@yandex.com,Zenia,Haynes,female,421-215-2334,Culver City,United States,52931,Iowa,988 El Mirasol,1952-09-13,1898
crmid:2043066272,dayman1963@live.com,Lino,Bartlett,male,792-604-4544,Bellflower,United States,60937,New Jersey,57 Gaviota,1937-11-12,2371
crmid:2043643314,centimeter1944@gmail.com,Art,Mcdonald,,122-534-2533,Romulus,United States,64640,Alabama,1032 Kezar,1970-08-24,2069
crmid:1804046463,ardys1936@live.com,Don,Hicks,,811-793-2031,Milwaukee,United States,58497,Nebraska,228 Pena,1991-10-28,1400
crmid:4539306481,marsupialia2024@gmail.com,Nicolas,Kirby,male,656-134-7312,Reading,United States,59401,Alabama,303 Tandang Sora,1998-01-31,2392
crmid:6218609808,rhoda1870@live.com,Danae,Wilkerson,female,720-675-8704,Elmira,United States,91417,Kentucky,1272 Cesar Chavez,1959-02-16,2223
crmid:2701066992,fabio1805@gmail.com,Jimmy,Hyde,,404-841-6963,Maple Grove,United States,55847,Delaware,21 Varennes,1986-09-09,1100
crmid:7417682298,severality1875@outlook.com,Jalisa,Reed,female,313-129-8368,Denver,United States,97513,Florida,739 Carson,1954-04-24,414
crmid:5956889583,antiquarian1952@yahoo.com,Ellis,Riggs,male,403-223-3695,Arcata,United States,12240,Maryland,531 Lysette,1933-03-25,2670
crmid:4648565608,regularity2069@gmail.com,Dion,Carter,male,573-924-6920,Arvada,United States,81704,Wyoming,737 Farview,1934-11-05,1312
crmid:9519792880,dosers2068@live.com,Josef,Sparks,,498-852-3026,Greeley,United States,56334,Oklahoma,935 Tucker,1968-10-01,1444
crmid:1556417732,beppie1967@gmail.com,Prince,Alston,male,831-274-2501,Susanville,United States,66408,Minnesota,752 Brussels,1935-08-01,1054
crmid:3637672961,uncolourable1879@outlook.com,Sol,Merrill,,713-222-9989,Rancho Cucamonga,United States,74086,Pennsylvania,1328 Graystone,1987-08-02,2464
crmid:9571718006,instructorless2032@gmail.com,Ray,Jarvis,male,517-912-0239,Pearland,United States,86040,New Jersey,1029 Campton,1934-08-15,475
crmid:9394436892,bureaus1962@yahoo.com,Clinton,Franklin,,493-993-0762,Flint,United States,92832,Massachusetts,8 Presidio,1962-11-08,1599
crmid:6812776876,replenished2000@outlook.com,Rob,Davidson,male,363-408-9990,Cedar Falls,United States,82530,West Virginia,727 Sal,1945-08-08,2797
crmid:9375250954,eidetic1838@gmail.com,Daryl,Stuart,,493-915-3343,San Jose,United States,54628,Virginia,448 Burritt,1995-08-14,1462
crmid:5833615057,blacklegging1833@yandex.com,Clement,Potter,,020-398-2744,Rowlett,United States,27721,Iowa,1383 North Hughes,1963-11-25,568
crmid:5486723697,congregate1985@outlook.com,Bok,Day,female,401-163-8075,Dania Beach,United States,07623,Nebraska,40 Ordway,1952-01-08,1319
crmid:7152116497,congregant1815@outlook.com,Anthony,Donaldson,male,601-765-5105,Anacortes,United States,72130,Georgia,1387 Winter,1932-12-01,2582
crmid:4116086706,occidentalism1951@yahoo.com,Zachary,Norton,,342-341-1321,West Lafayette,United States,23669,Maine,711 Mississippi,1968-09-10,2487
crmid:4544627348,revolutionariness1894@outlook.com,Boris,Watson,male,137-652-9738,Rutland,United States,00769,Delaware,750 Eastman,1933-01-30,1245
crmid:7191937923,coffinmaker1955@yahoo.com,Lory,Valdez,female,299-117-2957,Denver,United States,33467,Missouri,318 Eureka,1954-06-29,903
crmid:3293204216,too1882@yahoo.com,Ian,Estrada,,773-167-1958,North Little Rock,United States,78632,Louisiana,749 Jean,1998-12-22,750
crmid:2380880208,erudition1899@yahoo.com,Hershel,Hodges,,327-142-9977,Largo,United States,11431,Mississippi,1134 Hollis,1980-02-04,1956
crmid:5927797743,impious1998@gmail.com,Fernando,Vaughan,,036-139-7972,San Bruno,United States,80850,Indiana,754 Banbury,1978-02-27,2600
crmid:7276314686,bobbye1865@outlook.com,Winter,Parsons,female,807-691-5074,Richfield,United States,17567,Texas,1216 Alma,1951-09-23,2788
crmid:3292578389,salpingopharyngeus1879@live.com,Danilo,Mosley,,005-826-4696,Kearny,United States,93360,Georgia,119 Behr,1976-06-07,2882
crmid:8647711093,acrorhagus2000@live.com,Wilhemina,Lancaster,female,630-827-6668,Eagle,United States,55086,Michigan,79 Prentiss,1956-09-17,2536
crmid:3256991407,bodhi2060@yahoo.com,Greg,Garcia,,544-839-1802,League City,United States,37553,Kentucky,1042 Howard,1981-07-26,2435
crmid:4582423840,husk1884@live.com,Jaye,Britt,female,939-278-8961,Denver,United States,24503,North Dakota,581 San Jose,1954-04-04,793
crmid:9139490841,blacky1988@yandex.com,Tory,Mays,male,366-608-8442,Brookfield,United States,52538,Texas,595 Niagara,1941-09-19,802
crmid:9380545343,astronautic1971@yahoo.com,Sanora,Shepard,female,748-396-5663,Rock Island,United States,29789,Michigan,866 Bartlett,1958-11-20,1977
crmid:7803845931,goalkeeping1960@gmail.com,Johnie,Johnson,male,463-278-5090,Beverly,United States,94854,West Virginia,626 Arbor,1939-05-15,1741
crmid:7251068353,immunology1804@outlook.com,Dexter,Franks,,833-283-2309,Lowell,United States,74159,Alabama,716 Germania,1984-08-15,1893
crmid:5468301778,unapplicable1893@live.com,Mervin,Munoz,,669-007-5347,Fort Wayne,United States,26635,Utah,1378 Nadell,1963-04-17,890
crmid:6055255396,avgas2067@live.com,Theressa,Crawford,female,093-440-4798,Sycamore,United States,12157,Montana,926 Cottage,1954-09-07,950
crmid:6976279942,intendancies1951@outlook.com,Romeo,Sutton,,236-073-2924,Killeen,United States,31475,New Hampshire,1291 Lassen,1977-05-24,2191
crmid:9828273593,eagle1929@yandex.com,Arthur,Baldwin,,207-574-6255,Manhattan Beach,United States,99803,Virginia,154 Hulbert,1986-05-31,826
crmid:8376994442,ripost2014@gmail.com,Cortez,Lindsey,,759-792-2622,Meriden,United States,62410,West Virginia,1095 Prentiss,1989-11-18,1870
crmid:1661861927,corina2042@yandex.com,Robt,Stark,,320-660-6360,Minot,United States,65493,Rhode Island,982 Orben,1991-11-01,2899
crmid:7084115549,dougall1947@outlook.com,Ilana,Knight,female,822-001-5322,Eagle Mountain,United States,29028,Iowa,42 Ignacio,1956-04-16,1453
crmid:2526693284,discriminant1821@yandex.com,Mac,Peterson,,636-140-4361,Monroeville,United States,40735,Maryland,380 Havelock,1992-07-15,1465
crmid:2691912588,carrefour1836@gmail.com,Travis,Castro,,986-778-0496,Manchester,United States,55935,Arkansas,270 Bruce,1986-10-19,2954
crmid:5304698321,thrower1837@yahoo.com,Sherley,Hendricks,female,822-778-5946,Reno,United States,67461,Ohio,118 Holly Park,1956-08-13,2407
crmid:1328262791,banat1961@gmail.com,Gertrudis,Pearson,female,310-599-1989,New Britain,United States,27613,New Mexico,548 Marne,1996-04-24,862
crmid:7741805471,appleton1811@yahoo.com,Andrew,Johnston,male,352-644-0503,Centennial,United States,06057,Indiana,1315 Evergreen,1945-01-15,2473
crmid:3168918389,brunel1937@live.com,Kieth,Green,male,014-212-1107,Anoka,United States,83797,Oregon,1307 Charles J Brenham,1933-12-11,449
crmid:7479416667,disproportionate2023@yandex.com,Robt,Maxwell,,961-696-3971,Garden Grove,United States,38482,Pennsylvania,1082 Dearborn,1965-06-02,837
crmid:7635001659,boilerman1973@gmail.com,Neoma,Woodard,female,992-867-0775,Port St. Lucie,United States,53039,Connecticut,73 Keith,1997-04-13,1038
crmid:5791830346,strutting1871@yahoo.com,Leonard,Vaughn,,181-949-9863,Loveland,United States,33936,Kansas,139 French,1984-06-19,506
crmid:3862441292,cruise1986@gmail.com,Francisco,Valenzuela,,893-623-7174,Rocky Mount,United States,64683,Indiana,748 Boutwell,1985-08-21,854
crmid:8952442531,biologists1956@live.com,Leon,Chang,,575-769-5115,Green,United States,36817,New Jersey,1177 Linden,1968-06-24,2033
crmid:2317415403,engineman1808@gmail.com,Anamaria,Wilkerson,female,278-598-7751,Creve Coeur,United States,09279,Pennsylvania,41 Virginia,1951-01-31,1745
crmid:1376347974,biplab2035@outlook.com,Tamisha,Spence,female,478-675-1922,Trussville,United States,78864,New York,1202 Merlin,1955-08-28,1809
crmid:8842023748,sighted1907@gmail.com,Jolanda,Cox,female,672-550-0636,Douglas,United States,72672,Utah,864 Huntington,1955-04-07,1612
crmid:3788649457,cutlet1987@outlook.com,Cordia,Boyer,female,758-626-7730,Delano,United States,05888,Illinois,10 Villa,1954-02-03,1710
crmid:8257879051,craze1877@live.com,Boyd,Klein,male,342-980-3696,Azusa,United States,96478,Massachusetts,821 Donahue,1935-12-22,958
crmid:9352874384,damil1819@gmail.com,Devon,Willis,,655-163-2418,Peachtree City,United States,38329,Wisconsin,898 Colby,1976-11-26,1931
crmid:3296217273,censitaire1893@gmail.com,Mack,Mays,,529-287-2345,Hartford,United States,40305,Idaho,1092 Dr Carlton B Goodlett,1970-08-28,811
crmid:4626657296,cailliach2070@yahoo.com,Gus,Cunningham,,237-404-6766,Redding,United States,58801,Indiana,1084 Jack London,1999-10-27,1691
crmid:1111126015,concretization2025@gmail.com,Loida,Patel,female,231-229-4232,Coalinga,United States,83894,Texas,128 Kelloch,1948-05-23,751
crmid:2498113063,birdseed1870@live.com,Rigoberto,Hernandez,male,376-417-4796,Watsonville,United States,78472,North Carolina,1241 Graymalkin,1938-08-13,803
crmid:3876089247,ezekiel2025@gmail.com,Logan,Garrison,,524-351-2999,Merrillville,United States,77143,Utah,735 Battery Wagner,1989-12-26,411
crmid:8974825239,chambertin1837@yahoo.com,Vern,Pratt,male,370-364-1499,Altoona,United States,95391,South Dakota,144 De Boom,1932-09-24,1881
crmid:3376909098,arock2047@live.com,Morgan,Gonzales,,307-928-3745,Montebello,United States,93444,North Carolina,460 Martin Luther King Jr,1992-04-10,1339
crmid:1069890330,piranha2006@gmail.com,Wilburn,Curry,male,375-708-0754,Woodridge,United States,02343,Washington,1192 Southern Heights,1933-10-07,2868
crmid:2369492356,sundering2058@yahoo.com,Azucena,Middleton,female,825-037-3838,Edmonds,United States,96658,Kansas,118 Treasury,1958-01-20,648
crmid:3058951199,prefacers1811@outlook.com,Tashia,Herman,female,152-179-0900,Ocoee,United States,14601,Oregon,104 Leland,1947-08-13,569
crmid:9120280026,bunraku1989@yandex.com,Delmy,Pollard,female,396-420-2163,Chula Vista,United States,12955,California,1019 Stanley,1947-02-23,2372
crmid:7893088316,dogfish1843@yandex.com,Freddy,Henry,,574-762-0784,Little Elm,United States,77173,Indiana,377 Parkridge,1983-10-23,641
crmid:9906337605,gorgoniaceous2069@yandex.com,Oren,Reilly,,772-258-5008,Grand Rapids,United States,17772,Pennsylvania,139 Ulloa,1967-04-30,2272
crmid:9835840773,larcenies2015@yandex.com,Rodrick,Rivers,,257-998-5784,Goleta,United States,45485,South Dakota,358 Gordon,1967-08-23,2962
crmid:9400536740,spider1824@yahoo.com,Johnathan,Garrison,,260-684-1398,Southlake,United States,31833,Tennessee,934 Bennington,1972-11-05,504
crmid:2573176237,distances1823@yandex.com,Kennith,Chen,male,451-327-4484,Bixby,United States,91204,Rhode Island,328 Bergen,1939-06-06,372
crmid:5009356238,uranolatry1894@live.com,Rigoberto,Reid,,661-838-9203,Marana,United States,82974,New Mexico,1360 Jack Kerouac,1986-04-08,366
crmid:8936122354,anoraks1807@live.com,Terrell,Russell,,202-423-2338,Lynchburg,United States,48770,Ohio,31 Sola,1985-08-31,2707
crmid:7944719739,trilled2006@yandex.com,Luetta,Ayers,female,066-791-5964,Pasadena,United States,73124,Arizona,1319 Stag Trail,1954-06-01,1836
crmid:4851921947,huajillo1807@yahoo.com,Sanda,Atkins,female,216-134-4864,Dalton,United States,47792,Vermont,190 Farragut,1952-08-01,2204
crmid:6240081081,hamamelidanthemum1811@yahoo.com,Willian,Carver,male,622-311-9708,Casa Grande,United States,53806,Kentucky,437 Golding,1945-10-05,1110
crmid:2723871375,infest1830@yandex.com,Florencio,Harmon,,577-294-2857,Inglewood,United States,23318,North Carolina,1001 Pearl,1974-05-12,823
crmid:6925483330,renascible1957@yahoo.com,Thurman,Estrada,,911-941-5322,Murrieta,United States,95688,New Mexico,547 Virginia,1994-11-19,3000
crmid:3614418349,rovers1804@outlook.com,Benton,Haley,,868-054-5555,Marana,United States,32368,Florida,465 Allston,1986-07-18,640
crmid:3339446802,chylification1912@yahoo.com,Marcus,Aguirre,male,247-754-7910,Altamonte Springs,United States,33224,Vermont,1049 Avalon,1931-07-01,2182
crmid:1824954454,starlessly1909@gmail.com,Wilburn,Zimmerman,male,241-488-7150,Watauga,United States,71890,Indiana,1011 Legion Of Honor,1945-10-03,965
crmid:3291053406,myographs1837@live.com,Dong,Riddle,,081-217-8769,St. Paul,United States,49563,South Carolina,779 Drummond,1987-11-25,458
crmid:2723561029,atavistic1983@yahoo.com,Eloy,Lamb,,443-620-6472,North Miami Beach,United States,30501,Kentucky,734 Naples,1998-06-25,2899
crmid:9374392747,undistant2038@outlook.com,Trey,Parsons,male,214-294-0934,Carmel,United States,66551,Florida,921 Clinton,1944-11-18,720
crmid:6539043655,fribbled1893@yandex.com,Ralph,Mooney,,007-361-8728,University Place,United States,45271,New Jersey,777 Gabilan,1983-09-19,637
crmid:9421162272,brierley1917@live.com,Kristopher,Vaughn,male,996-148-0320,Brooklyn Park,United States,34299,Utah,786 Conservatory Access,1942-06-29,1793
crmid:9650254185,stridingly1957@outlook.com,Hoyt,Reeves,male,224-032-4035,Bryan,United States,28467,Indiana,869 Nordhoff,1942-05-24,1509
crmid:4611876120,pig1838@outlook.com,Cesar,Mclean,,945-298-6395,Greensboro,United States,30050,Kentucky,1070 Saint Charles,1968-06-23,1105
crmid:3659368064,nyctophobia2051@gmail.com,Sylvester,Bright,,085-629-0273,Prescott,United States,77550,South Carolina,767 Spencer,1988-12-11,2755
crmid:5108441586,patroller1913@yandex.com,Clarence,Berry,male,864-611-8061,Albuquerque,United States,70233,Michigan,1340 Safira,1931-12-04,840
crmid:6334561770,subinterval1937@gmail.com,Andrew,Luna,,190-727-1166,Gardner,United States,67380,Tennessee,552 Claremont,1965-12-14,525
crmid:4441044967,sonorosity1912@outlook.com,Rhett,Hayes,male,374-243-3297,Bolingbrook,United States,64682,Alaska,995 Jack Micheline,1940-11-21,1741
crmid:3087435656,cointer1815@outlook.com,Tommy,Jensen,,709-720-4000,Wyandotte,United States,22565,Alaska,41 Commercial,1967-05-08,1184
crmid:1260527561,dates1817@outlook.com,Jacob,Green,,835-132-1085,Naperville,United States,40761,Minnesota,70 Culebra,1995-08-23,2214
crmid:3074146907,prats1855@yahoo.com,Scottie,Cole,female,281-715-3918,Covina,United States,46361,Louisiana,314 Chattanooga,1951-08-06,1737
crmid:1726583378,dustbox2025@yandex.com,Lou,Atkins,male,030-389-6606,Carson,United States,38963,Arizona,1065 Maiden,1944-06-01,788
crmid:4127460467,sawer1894@outlook.com,Damian,Mcfarland,male,943-072-5003,Alsip,United States,15789,Nevada,810 Sacramento,1931-02-19,2358
crmid:6983282019,celloid1885@yandex.com,Harold,Salas,,867-103-5079,Grove City,United States,10288,Utah,1203 Graystone,1968-03-30,783
crmid:1411743886,forepeak2066@gmail.com,Jamey,Ramirez,,031-882-1380,Kiryas Joel,United States,85027,Oregon,109 Torrens,1978-11-17,607
crmid:5761381532,exegete2004@live.com,Marco,Griffin,,424-147-8929,Thomasville,United States,45348,New York,497 Piper,1990-03-18,2546
crmid:1424044755,reaper1863@outlook.com,Ellis,Barron,,321-299-7717,Winchester,United States,60800,Delaware,640 Verdi,1979-01-06,724
crmid:6486879685,complainers1952@yahoo.com,Darron,Moon,,994-152-5323,Palos Hills,United States,86424,Florida,609 Lulu,1983-04-21,840
crmid:2039238450,beverly1926@yandex.com,Kirby,Alvarado,,852-068-8781,Perrysburg,United States,35546,Michigan,434 Amethyst,1972-09-26,745
crmid:3931850258,bijan2034@live.com,Jewel,Campbell,,925-080-3256,Highland Village,United States,36714,New Jersey,465 Sickles,1971-06-10,448
crmid:2973143429,abele1837@yandex.com,Rory,Fuentes,,101-356-6465,Monrovia,United States,33411,Alabama,1284 Dr Carlton B Goodlett,1992-05-23,2840
crmid:9245056131,humidified1970@outlook.com,Christoper,Brown,male,946-378-8217,Cathedral City,United States,71393,Michigan,1233 Redondo,1945-12-04,1259
crmid:9064707344,lark2035@yahoo.com,Lavonia,Ford,female,808-022-6014,Cutler Bay,United States,28345,New Hampshire,24 Atoll,1952-05-10,328
crmid:7424230408,bethel2040@live.com,Delinda,Nieves,female,896-319-4502,Edwardsville,United States,14489,Utah,468 Madrid,1958-02-21,870
crmid:2483537939,virgal1999@outlook.com,Blythe,Olson,female,248-590-3593,Washington,United States,10575,Iowa,1129 Pelican Cove,1950-01-22,783
crmid:9570252084,lengthen1928@outlook.com,Benny,Hayden,male,603-628-8432,Saratoga,United States,00569,Iowa,113 Linda Vista,1939-12-02,1262
crmid:8275884972,dispirited1898@outlook.com,Elvin,Robertson,,006-763-1296,Upper Arlington,United States,23715,Vermont,142 Font,1966-06-09,2172
crmid:7795784308,hepatotoxic2040@yandex.com,Trenton,Park,,539-337-4274,Shoreline,United States,45286,Utah,1043 Fell Access,1991-09-18,2373
crmid:2011671603,cantaloupes2014@live.com,Daryl,Brewer,male,028-572-1210,Oceanside,United States,81440,Maine,492 Ridgewood,1932-03-04,2413
crmid:2094685953,anterograde1921@live.com,Garth,Lester,male,543-104-8050,Bethlehem,United States,27425,New Jersey,1188 Mary,1938-04-17,1240
crmid:1714158384,femoropopliteal1852@gmail.com,Tomi,Wall,female,897-316-0394,Summit,United States,19415,Rhode Island,1224 Lucky,1952-09-30,2319
crmid:5072781159,mediums1832@yahoo.com,Loyce,Patel,female,799-885-0394,Costa Mesa,United States,78662,California,1183 Still,1951-11-28,2312
crmid:8365037642,briolettes1828@live.com,Eli,Travis,,571-026-2387,Lake Oswego,United States,85173,South Dakota,216 Molimo,1980-07-17,829
crmid:3631107061,bloodless2024@outlook.com,Isidro,Dunlap,,266-454-6933,Kennewick,United States,38827,West Virginia,674 Infantry,1977-07-22,889
crmid:3816815815,prolongating1924@yandex.com,Daryl,Hill,male,717-658-4184,Woonsocket,United States,01227,Illinois,283 Atoll,1932-03-14,2838
crmid:6741541376,oversubscribing1827@yahoo.com,Rudolf,Burch,,387-090-3034,Plantation,United States,46261,Wyoming,23 Beverly,1987-05-23,2908
crmid:6520683765,ester1936@yahoo.com,Sang,Whitehead,female,494-447-7673,Eugene,United States,42724,Vermont,1362 Skyline,1960-08-31,583
crmid:6336100337,incombustibility1968@gmail.com,Rich,Rush,,490-166-9136,Gretna,United States,35749,Nevada,632 Skyview,1968-06-03,1669
crmid:1018334568,semilate1992@outlook.com,Joel,Stout,,908-263-0341,Homestead,United States,63981,Missouri,798 Lathrop,1973-10-12,1116
