crmid,email,first_name,last_name,gender,mobile telephone,city,country,zip,state,street address,birthday
crmid:7686887634,flattop1802@yahoo.com,Arletta,Holmes,female,227-158-3277,East Providence,United States,02565,Alaska,330 Danton,1957-01-14
crmid:8718779563,theist1857@yahoo.com,Travis,Adkins,male,098-581-3146,Avenal,United States,75284,Arkansas,193 San Miguel,1935-12-23
crmid:9432201808,inkmaking1812@outlook.com,Vaughn,Dudley,,233-945-0927,Missoula,United States,56072,Vermont,1312 Turquoise,1992-09-28
crmid:7151705107,bigha1882@yahoo.com,Lionel,Riggs,male,850-134-9430,Bedford,United States,67164,Nevada,219 Avenue N,1937-11-12
crmid:5278640753,anisotropic1980@outlook.com,Warner,Allen,male,781-550-5273,Castle Rock,United States,80583,Missouri,248 Fairfax,1945-10-01
crmid:5201605485,lavinia1807@yahoo.com,Nathaniel,Pierce,male,591-594-8834,Plattsburgh,United States,17755,Vermont,292 Merritt,1945-07-23
crmid:6304692293,anukit1836@yandex.com,Desire,Beard,female,579-395-5541,Coconut Creek,United States,60275,Georgia,642 Worden,1949-11-04
crmid:6582072871,redias1805@gmail.com,Augustus,Castaneda,,383-482-1222,Xenia,United States,53329,Georgia,501 Bowley,1995-11-12
crmid:7958901520,assentatory1913@gmail.com,Eveline,Powers,female,378-585-3204,Delaware,United States,81902,Montana,1198 Barcelona,1954-12-06
crmid:6915356518,bombsight1848@live.com,Darrick,Mccormick,male,318-761-9040,Ashwaubenon,United States,65251,Connecticut,1243 Laurel,1934-11-05
crmid:9115710928,anteal1925@gmail.com,Nia,Dillon,female,983-009-7455,Durant,United States,72268,Michigan,159 Park Hill,1956-07-08
crmid:4451176334,antifowl1829@gmail.com,Allan,Stein,,637-188-0524,Gainesville,United States,80963,Colorado,119 Pelican Cove,1964-10-01
crmid:8108982243,affies2011@live.com,Sarina,Watts,female,257-618-3945,Delray Beach,United States,99564,Illinois,1130 Crestwell,1954-08-30
crmid:4395143437,spider1807@live.com,Rex,Guerra,male,773-533-5497,Adelanto,United States,76437,Virginia,1341 Rae,1930-12-20
crmid:4052797222,unincestuous2007@gmail.com,Alex,Castaneda,female,400-916-0243,Pullman,United States,62123,Oregon,49 Candyland,1957-01-05
crmid:7011575910,ambushes1863@live.com,Rory,Pickett,,402-932-5040,Keller,United States,19446,South Dakota,943 Cowles,1977-03-25
crmid:5841494479,vinylacetylene2005@outlook.com,Ira,Compton,,127-281-3119,Forest Park,United States,30186,West Virginia,1132 Peabody,1962-07-07
crmid:6278302478,astral2004@gmail.com,Shera,Hardin,female,755-218-2621,Cypress,United States,40797,Pennsylvania,890 Winter,1952-08-13
crmid:6171020475,subpatroness1974@yandex.com,Denisha,Carver,female,501-038-4950,Escondido,United States,71273,North Dakota,4 Santa Ana,1960-11-04
crmid:9071813291,thanking1988@yandex.com,Jerome,Mays,,950-232-0257,Indian Trail,United States,91951,Mississippi,1192 Nelson,1974-03-07
crmid:4031120086,quott1878@outlook.com,Elias,Griffin,,426-064-0539,Lake Jackson,United States,74185,Georgia,1000 Cottage,1980-03-16
crmid:8551355416,daylights1947@live.com,Nestor,Cobb,male,549-907-2722,Pascagoula,United States,04474,Maryland,1063 Quebec,1931-07-06
crmid:7394654891,mutawalli2029@outlook.com,Cary,Leon,male,478-988-7232,Anoka,United States,05447,New Jersey,580 Nebraska,1933-02-17
crmid:9127472209,intervascular1880@live.com,Kirby,Carlson,,706-737-5156,Marietta,United States,86813,Hawaii,201 Bellevue,1987-02-21
crmid:7661857336,costectomy2047@outlook.com,Daniell,Roman,female,273-960-9317,Tigard,United States,27942,Virginia,633 Locust,1960-02-25
crmid:9819351348,able1966@gmail.com,Jae,Emerson,,653-303-9666,Houma,United States,20267,Delaware,665 Dorchester,1973-04-03
crmid:3836495782,ditty1996@yandex.com,Rickey,Mcleod,,865-914-5261,Tukwila,United States,21413,Utah,1196 Calvert,1966-04-05
crmid:7107617112,bleeker1958@outlook.com,Chuck,Ferrell,,445-376-5350,Mentor,United States,24053,New York,931 Garnett,1989-04-10
crmid:7309479898,awatch1963@yahoo.com,Wilmer,Gilmore,male,635-879-8732,Arcadia,United States,73936,Michigan,1385 Wallace,1933-10-11
crmid:8471605485,abrus1875@live.com,Mitchel,Padilla,,687-667-7005,Park Ridge,United States,55244,Washington,895 Stigwood,1995-07-19
crmid:6477021004,yappiness1956@live.com,Jordan,Reyes,,082-855-5430,Streamwood,United States,34384,Maryland,176 Diana,1978-08-15
crmid:9677690153,brither1893@live.com,Cheree,Kane,female,266-073-9472,DeSoto,United States,04912,South Carolina,1232 Wabash,1953-02-16
crmid:1846423150,disestablismentarianism1983@outlook.com,Winford,Guy,,883-801-4498,New Brunswick,United States,20532,Minnesota,1041 Mcallister,1996-05-19
crmid:2023745767,kurikata2007@outlook.com,Buena,Dunlap,female,089-927-1575,Dumont,United States,05408,Michigan,529 Jack Kerouac,1956-01-09
crmid:5234569643,phthalein2040@gmail.com,Faustina,Stokes,female,809-550-0972,Clinton,United States,16079,Idaho,169 Beacon,1948-03-28
crmid:1799658725,caracal1913@yahoo.com,Julene,Carey,female,496-771-9800,South Elgin,United States,98134,Texas,492 Ripley,1960-04-05
crmid:2553733400,ashlie1962@gmail.com,Tempie,Williamson,female,723-652-5674,Chino Hills,United States,46715,Arkansas,346 Oakhurst,1947-08-31
crmid:1664296880,snidest1841@outlook.com,Waylon,Ryan,male,430-212-4186,Pasco,United States,07639,Indiana,1017 Rutland,1933-10-26
crmid:6385857500,dominiqu1842@outlook.com,Kelvin,Herman,,054-693-2603,Oakdale,United States,58647,Montana,594 Windsor Mill,1994-12-25
crmid:2684178847,callorhynchidae1810@outlook.com,Arlette,Bentley,female,386-926-2029,El Mirage,United States,05038,Tennessee,425 Hiliritas,1958-01-02
crmid:2684561388,tups1832@gmail.com,Neal,Pollard,,481-002-0769,Fort Wayne,United States,72546,Illinois,1225 Boynton,1963-12-26
crmid:7196207710,clonus1887@gmail.com,Ron,Joseph,,219-640-9275,Johnson City,United States,65949,New Jersey,600 English,1975-11-10
crmid:5255360757,wended2063@yandex.com,Luci,Sanford,female,554-770-6840,Chickasha,United States,32655,Ohio,972 Campton,1947-06-26
crmid:9218215351,detailer2042@yahoo.com,Adolph,Woodward,,408-119-2590,Saratoga,United States,58187,Louisiana,10 Scott,1999-07-27
crmid:6069924287,bernadette2037@yahoo.com,Cletus,Mckee,,788-983-1970,Mason City,United States,35132,New Jersey,1196 Walnut,1987-06-20
crmid:4444258571,marsupialia1880@gmail.com,Elinore,Sloan,female,645-080-7630,Davenport,United States,10164,North Dakota,204 Bonifacio,1953-03-27
crmid:1525204989,majesty1960@yahoo.com,Rory,Goff,,111-838-4808,Hopkins,United States,04437,North Carolina,294 Diaz,1973-01-12
crmid:9562174885,biotechnological1866@yahoo.com,Wilmer,Foster,male,145-938-4618,Willoughby,United States,96956,Hawaii,295 Cumberland,1940-10-10
crmid:9927200546,remeant2065@yahoo.com,Colby,Kramer,male,427-701-3544,Aiken,United States,13658,Alaska,489 Presidio,1930-02-17
crmid:7804769071,dextro1949@outlook.com,Felipe,Huffman,,463-350-9541,New Lenox,United States,87442,South Carolina,1349 West Broadway,1996-11-25
crmid:1746837012,clairvoyants1852@outlook.com,Lauralee,Durham,female,223-191-9483,Sterling Heights,United States,12411,Michigan,240 Reardon,1949-05-09
crmid:8145579087,coir1987@yahoo.com,Bertram,Sanchez,,020-981-1341,Moraga,United States,02673,Wisconsin,1223 Natick,1993-02-16
crmid:5127413888,cabalist2028@yahoo.com,Joe,Daniels,,718-090-2924,Minnetonka,United States,68139,Massachusetts,916 Palou,1991-11-08
crmid:4580027173,eleanore1986@yahoo.com,Rochel,Macdonald,female,309-478-0961,Salina,United States,82492,Pennsylvania,621 Music Concourse Access,1956-07-18
crmid:9009934138,ditch1916@live.com,Myrta,Hunt,female,743-530-6941,Coral Springs,United States,34274,Minnesota,1145 Wills,1950-07-15
crmid:6728111920,consultant2054@live.com,Devon,Glenn,,700-760-5508,Lake in the Hills,United States,45315,Maine,11 Middle West,1980-07-19
crmid:1106470149,misdeemed2019@live.com,Billy,Schwartz,,994-630-8479,Lenoir,United States,20844,Michigan,1366 Radio,1982-04-13
crmid:5278433967,hyena1951@yahoo.com,Adrian,Flores,,897-902-8009,St. Clair Shores,United States,81109,Maryland,831 Laura,1964-03-08
crmid:1991677680,datura1877@yahoo.com,Marceline,Travis,female,953-585-2807,Eustis,United States,33919,North Dakota,1319 Ora,1960-06-29
crmid:5329317767,irater1990@yahoo.com,Hobert,Wood,,630-483-9671,Milford,United States,91629,Utah,595 Montecito,1990-11-06
crmid:1460927947,suspected1884@live.com,Dwain,Blackwell,,701-464-1296,San Ramon,United States,85360,Washington,150 El Camino Del Mar,1974-12-22
crmid:6469155416,zebra1979@gmail.com,Devon,Jordan,,885-895-5691,Miramar,United States,24497,Arizona,50 Minnesota,1991-05-04
crmid:3951927475,pseudovum2051@live.com,Alton,Webb,male,131-560-2723,Southfield,United States,07048,New York,336 Chestnut,1938-01-30
crmid:8232886566,sclerosing1862@yandex.com,Dallas,Blankenship,,113-239-6541,Lathrop,United States,28602,Delaware,364 Admiral,1981-04-07
crmid:3020624512,solvus1971@outlook.com,Rupert,Leonard,,321-005-0197,Marion,United States,06587,Tennessee,1062 Stigwood,1987-01-18
crmid:8187408157,ibis1887@live.com,Bettyann,Berger,female,563-252-1030,Sunrise,United States,99031,North Carolina,1331 Rock,1960-01-03
crmid:9530431301,anthrol1873@yandex.com,Jetta,Lynn,female,286-344-1485,Nixa,United States,72112,New Mexico,954 Lurline,1997-03-08
crmid:1859992170,bidens1848@outlook.com,Jeffie,Mueller,female,220-477-6500,Claremore,United States,25022,Arizona,1282 Penny,1948-04-21
crmid:8020517641,estherian1896@live.com,Rubin,Mcknight,,633-540-6514,Santa Fe,United States,42944,Tennessee,385 Whitfield,1989-07-10
crmid:1322879732,vmintegral1924@yandex.com,Almeta,Carpenter,female,347-886-6123,Plymouth,United States,59129,Montana,916 Mcdonald,1998-03-01
crmid:1738008728,antical1864@gmail.com,Heriberto,Baird,,269-763-1445,Onalaska,United States,66456,Ohio,60 Humboldt,1998-10-13
crmid:8280292505,wipers1852@yahoo.com,Lauren,Nolan,,676-333-5134,Lompoc,United States,14397,Wyoming,663 Hauser,1984-02-15
crmid:3900805090,celsitude1996@outlook.com,Ruben,Woodard,,351-081-8745,West New York,United States,75984,West Virginia,1179 Stanyan,1981-06-29
crmid:4560190295,cozen1848@gmail.com,Brittanie,Cochran,female,549-198-3904,Conway,United States,95170,Indiana,1040 Townsend,1950-09-19
crmid:5371907388,macrophyllous1869@gmail.com,Hisako,Holden,female,534-812-0792,Cottage Grove,United States,10101,Virginia,371 Pizarro,1951-04-14
crmid:1493380026,trucker1817@live.com,Darrick,Black,,227-095-3812,Friendswood,United States,29145,Arizona,499 Lynch,1964-04-04
crmid:5137571778,salangid2006@live.com,Weldon,Trujillo,male,964-671-3893,Casselberry,United States,75449,South Dakota,675 Quarry,1945-10-29
crmid:8772733735,pyrrhic1938@yandex.com,Tanner,Tran,male,683-628-1243,Brunswick,United States,99591,Nebraska,749 Shaw,1942-10-30
crmid:2536788332,caban2065@live.com,Anthony,Hayes,,981-803-1171,Idaho Falls,United States,35318,New Mexico,150 Folsom,1974-06-12
crmid:9628897910,adminstration1820@yahoo.com,Kathrin,Bradley,female,459-892-3492,Parma,United States,58980,Michigan,81 San Leandro,1946-05-03
crmid:8842460022,emacs1957@gmail.com,Eddy,Henderson,,685-519-0963,Irvine,United States,99046,Montana,631 Clay,1975-12-31
crmid:8036587574,funkia1921@yandex.com,Lashawnda,Wright,female,914-080-9526,Vernon Hills,United States,12129,Delaware,706 Stern Grove,1954-05-31
crmid:7837128924,padmasana1914@live.com,Asa,Collins,male,011-886-5308,Asheville,United States,90460,Tennessee,97 Emmett,1934-01-06
crmid:6607802033,amygdalotome1921@yandex.com,Jamal,Lowe,,278-273-7890,Tustin,United States,53755,Oklahoma,153 Hawes,1994-10-12
crmid:5596351308,bizen1835@live.com,Thomas,Cash,male,925-384-9833,Addison,United States,91590,Michigan,702 Gaviota,1930-09-05
crmid:6329430386,edifier1989@live.com,Loriann,Davidson,female,110-715-7384,Dunedin,United States,33311,Colorado,402 Powell,1956-06-08
crmid:3190921448,chimpanzee1831@yandex.com,Wai,Frederick,female,146-480-3370,Chicago,United States,83101,Montana,1356 Vidal,1947-09-10
crmid:9106319827,eland1933@live.com,Brian,Lopez,male,561-836-9689,Pueblo,United States,60064,Iowa,560 Irwin,1933-02-17
crmid:2289813707,unrobing1894@yandex.com,Charles,Howe,,177-441-3242,Mankato,United States,02026,Idaho,399 Fairmount,1986-01-09
crmid:6883352556,annalisa1944@yahoo.com,Randy,Thompson,,212-672-4156,Mooresville,United States,77698,Minnesota,580 Medau,1993-12-14
crmid:5706824405,digestives1971@yandex.com,Salvatore,Shields,,128-392-1306,Sayreville,United States,36883,Michigan,926 Dolphin,1980-04-22
crmid:1075612803,gaur1933@live.com,Shannon,Meyers,male,647-098-8845,Neenah,United States,06385,Nebraska,948 Encinal,1995-01-17
crmid:4095818285,starfish2047@yandex.com,Buddy,Sampson,male,136-520-8821,Buffalo Grove,United States,01832,South Dakota,1113 Terrace,1942-02-26
crmid:5752908645,breakwater1876@yahoo.com,Lieselotte,Freeman,female,957-607-4564,Corpus Christi,United States,78320,Georgia,1042 Eaton,1951-12-29
crmid:6973619012,carella1949@gmail.com,Drew,Hines,,290-212-7746,Northfield,United States,93642,Maine,415 Noriega,1999-06-13
crmid:3817875094,scroll1864@gmail.com,Otto,Mcdaniel,male,579-201-1206,Amarillo,United States,47075,Virginia,517 Islais,1932-08-19
crmid:3197197033,stacker2046@gmail.com,Harold,Shannon,,442-331-1831,Valley Stream,United States,53812,Alabama,325 Shrader,1969-09-28
crmid:1896160176,lining1948@live.com,Quinton,Barton,,013-264-9677,Hialeah,United States,49304,Hawaii,595 Lakeview,1971-08-20
crmid:2059204486,husk1806@yandex.com,Vance,Burton,,217-460-2850,Kissimmee,United States,88251,Wisconsin,72 Amherst,1978-01-29
crmid:4855379767,interflow1940@live.com,Horacio,Huff,,836-046-5956,Massillon,United States,17427,Virginia,1209 Jules,1988-02-28
crmid:5522315782,triaene1924@gmail.com,Courtney,Ortega,,899-369-4514,Hagerstown,United States,61861,Ohio,355 Hickory,1969-11-20
crmid:5233896989,gaffe1920@yahoo.com,Fairy,Vargas,female,265-449-1713,Torrance,United States,28339,Maine,1124 Pollock,1961-03-29
crmid:3203047178,zootaxy1928@live.com,Jesse,Moss,,630-470-3296,Hickory,United States,69669,Kentucky,1300 Ashwood,1971-11-02
crmid:3143859038,apocalyptic1828@live.com,Kathyrn,Holcomb,female,631-877-7491,Delano,United States,23786,Minnesota,807 Fifth,1954-05-14
crmid:4716280220,casualist1893@live.com,Mitchel,Bird,,360-623-7091,Madison Heights,United States,10027,Utah,502 Fauntleroy,1985-02-05
crmid:8057227994,herve2069@gmail.com,Cornell,Kim,male,078-537-0845,San Jose,United States,04861,Arizona,1197 Simonds,1936-02-16
crmid:4223836669,purdah1918@outlook.com,Shaun,Goff,male,381-983-7007,San Antonio,United States,90352,Michigan,395 Troy,1940-09-11
crmid:2556545284,dogman1918@yahoo.com,Benedict,Barton,male,053-806-2575,Wellington,United States,70320,Pennsylvania,791 Lobos,1940-01-02
crmid:7764936057,cocking2042@outlook.com,Boyd,Frost,,464-528-6207,West Lafayette,United States,52950,Washington,450 Vallejo,1975-04-29
crmid:2349299972,gloamings1905@gmail.com,Werner,Hobbs,male,389-845-5232,American Fork,United States,75842,Nebraska,824 Racine,1932-10-14
crmid:1607995378,restrains1831@yahoo.com,Katherin,Herman,female,359-937-9904,Roseville,United States,65242,Wyoming,548 Bosworth,1961-05-13
crmid:9981495794,broadway1933@yahoo.com,Benton,Holcomb,male,865-330-7473,Ottumwa,United States,97998,Alaska,862 Belvedere,1932-11-02
crmid:2583057771,barnacle2013@live.com,Rey,Rutledge,,770-975-8973,Pine Bluff,United States,58963,New Mexico,1343 Racine,1977-02-20
crmid:8875532094,turmeric1915@yandex.com,Hubert,Spears,,004-709-2787,Margate,United States,57386,Tennessee,808 Grote,1986-09-13
crmid:8680605103,cayapa2033@outlook.com,Alonso,Clarke,male,722-791-3583,Altoona,United States,60704,Iowa,466 Spruce,1932-11-30
crmid:8763617163,adorn2046@live.com,Evelyne,Barrett,female,239-682-1026,Corinth,United States,80242,Michigan,683 Judson,1950-03-02
crmid:8733067790,adriene1961@gmail.com,Doyle,Sanders,,404-274-0922,Rancho Cordova,United States,30103,New Jersey,83 Lilac,1972-04-03
crmid:9424824051,cycloid1841@live.com,Doyle,Villarreal,,193-958-0733,San Jacinto,United States,92099,Idaho,208 Candyland,1994-05-01
crmid:5149727032,nonradiable2006@outlook.com,Robt,Lynch,male,611-779-2773,Beloit,United States,48546,Illinois,1087 Encanto,1937-08-18
crmid:5375942962,index2025@live.com,Jermaine,Dunlap,,068-141-3232,High Point,United States,61423,New Hampshire,104 Woolsey,1971-11-23
crmid:6610010401,clockwise1932@outlook.com,Bryan,Wells,,010-668-1435,Indianapolis,United States,97290,Kentucky,173 Judah,1974-05-23
crmid:8879778171,carlet1929@outlook.com,Wendell,Jones,,003-724-7793,Kansas City,United States,11486,Connecticut,10 Acevedo,1976-03-01
crmid:6767551329,bergaptene1996@yahoo.com,Steve,Mosley,male,923-490-7444,Tinley Park,United States,06773,Georgia,44 Homer,1938-09-21
crmid:9329897598,unchoking2010@yandex.com,Aurelio,Nash,,378-937-5614,Hermosa Beach,United States,42615,Illinois,20 Lurline,1971-08-05
crmid:8601656084,eastland2024@yandex.com,Elliott,Potter,,384-952-4470,Gillette,United States,24667,New York,1095 Ridgewood,1966-05-18
crmid:7002082290,flowable1807@yahoo.com,Delmar,Bradley,,821-448-8370,Johnstown,United States,90754,Colorado,29 Moffitt,1975-11-01
crmid:5648715295,blabber1990@live.com,Mickie,Peterson,female,722-008-5659,San Bruno,United States,27523,Kentucky,1345 Huntington,1959-06-23
crmid:6373608561,loris1869@yandex.com,Julius,Forbes,,290-803-5522,Mount Clemens,United States,16829,New York,430 Dawnview,1993-02-17
crmid:9129736843,grasper1854@yahoo.com,Nida,Mcneil,female,877-390-9907,De Pere,United States,53381,Colorado,296 Dodge,1953-10-22
crmid:3883999380,nuciculture1841@live.com,Nestor,Reyes,,883-909-1629,Hammond,United States,68721,Nevada,740 Phelps,1969-10-28
crmid:5522315782,alger2015@gmail.com,Monroe,Bowers,,302-633-0114,Sanford,United States,58274,Colorado,113 Avocet,1980-04-28
crmid:5112561151,pyrrhic1987@gmail.com,Adam,West,,628-409-3389,Hudson,United States,51009,Alabama,473 Livingston,1973-10-06
crmid:8137661491,entach1869@outlook.com,Linwood,Webster,,780-592-2323,Holyoke,United States,48894,Michigan,1054 Arco,1972-08-18
crmid:1899451403,bat1908@yandex.com,Del,Brewer,,947-055-4562,Holladay,United States,01128,Indiana,885 Alameda,1972-01-15
crmid:6212290937,hardyhead1824@gmail.com,Charis,Pearson,female,945-341-7657,Wildwood,United States,20009,Nevada,1164 Storey,1958-10-03
crmid:4229512107,stoper1800@outlook.com,Bryon,Taylor,,115-141-1473,Maryville,United States,93062,Alabama,68 Edgewood,1987-06-12
crmid:9576607590,sylvin1866@yahoo.com,Shandra,Riddle,female,320-945-4574,Stow,United States,61735,Utah,343 Nellie,1952-08-25
crmid:2347966128,runaround1952@live.com,Robbie,Short,male,834-485-9695,Alpharetta,United States,47404,Minnesota,822 Smith,1931-08-27
crmid:5284951944,precourse1930@yahoo.com,Bryant,Roach,,306-940-1001,Petersburg,United States,53737,Wisconsin,426 Nevada,1974-08-12
crmid:3960110498,systemic1875@outlook.com,Antonio,Hubbard,male,336-799-5658,Brookings,United States,74851,Massachusetts,1127 Park,1942-12-01
crmid:5326459235,backpacker1856@outlook.com,Chante,Castillo,female,759-622-2864,Eureka,United States,05588,Iowa,875 Worden,1960-02-05
crmid:5805668604,hypertrophic1943@live.com,Kathey,Mcintyre,female,278-077-3903,Rohnert Park,United States,25422,Nevada,23 San Diego,1959-05-19
crmid:1251302381,exciton1985@outlook.com,Merle,Clemons,,943-820-0415,Hayward,United States,82735,Connecticut,125 Mount Vernon,1970-05-03
crmid:5293690183,coggly2004@yandex.com,Orlando,Conrad,male,544-285-5670,Sacramento,United States,01963,Oklahoma,428 Randolph,1942-07-07
crmid:2123580141,discordia1962@yandex.com,Miquel,Arnold,,295-626-2390,Kalispell,United States,20709,Delaware,588 Lyon,1976-04-22
crmid:5238819402,tonsured2018@yandex.com,Belkis,Williams,female,465-977-5918,Dinuba,United States,01569,Nevada,1290 Pollock,1955-01-31
crmid:7341351041,seiser1800@live.com,Nick,Terrell,male,214-092-4484,Natchitoches,United States,04402,Idaho,975 Wildwood,1995-01-24
crmid:2989621176,coseat1812@yandex.com,Porter,Elliott,,055-387-9787,West Des Moines,United States,45287,Kentucky,58 Emerald,1987-09-26
crmid:7025843687,unphrasableness2012@live.com,Steven,Randall,,319-123-7221,Petaluma,United States,66405,Oklahoma,911 Upper Service,1994-10-22
crmid:7288683799,unfailed1951@yahoo.com,Adrian,Fitzgerald,,367-666-0774,Mansfield,United States,27218,Maryland,479 Santa Monica,1986-04-05
crmid:6412476639,precast1920@live.com,Palmira,Chen,female,179-482-4791,Papillion,United States,17651,Nevada,1142 Hauser,1946-11-24
crmid:6053596484,wasp1876@live.com,Annika,Russell,female,917-038-9516,Duncanville,United States,66903,Virginia,1284 Dogwood,1956-12-29
crmid:2262762703,cadaster2006@outlook.com,Tatyana,Suarez,female,428-696-5692,Chesapeake,United States,48269,New Jersey,509 Palm,1946-08-28
crmid:1443409730,ecospecific1978@yandex.com,Ashley,Merrill,,985-361-4758,Leawood,United States,87466,Minnesota,741 Seal Rock,1981-04-23
crmid:9504521962,dependent2001@yahoo.com,Armando,Hatfield,male,518-570-4125,Sachse,United States,60235,Georgia,1100 Treasure Island,1933-01-13
crmid:6716380768,althein2023@live.com,Micheal,Alford,,943-659-0221,Gurnee,United States,78794,Nebraska,895 Encinal,1969-12-15
crmid:4101080893,reinterference1989@yahoo.com,Christian,Mckee,,769-222-4532,Topeka,United States,54175,Maine,696 Newell,1964-08-25
crmid:6111977053,chankings1857@outlook.com,Lynwood,Mcpherson,,364-117-8215,Huber Heights,United States,14531,Arkansas,1098 Powhattan,1973-03-11
crmid:5693333886,daymare2015@yandex.com,Johnathan,Bass,male,756-198-3569,Temple City,United States,53752,Rhode Island,1345 Candlestick Point Sra,1931-05-02
crmid:1829313132,ruthlessness2030@gmail.com,Melvin,Arnold,,651-161-5037,Hopkinsville,United States,60304,Tennessee,1225 Havens,1973-10-04
crmid:8572912454,dumas1958@yandex.com,Cedrick,Gates,,386-053-9554,McDonough,United States,93019,Maryland,802 Tara,1988-02-10
crmid:9489488541,crinoids1901@gmail.com,German,Downs,,399-156-8259,Pacifica,United States,74428,Iowa,74 Hillcrest,1991-09-15
crmid:2378672661,cladocera1920@yandex.com,Jerrod,Roth,,100-462-4127,Westland,United States,71873,Kentucky,580 Clarke,1979-02-02
crmid:6056409699,unappeasedness2009@yahoo.com,Adolfo,Trevino,,696-871-3382,Lubbock,United States,46730,Mississippi,840 Bertha,1985-07-30
crmid:7840134556,clairce2007@yahoo.com,Desmond,Wheeler,male,799-006-4784,Blue Island,United States,71347,Arizona,561 Allston,1939-11-05
crmid:1483862171,detours1936@gmail.com,Jaquelyn,Gray,female,362-393-1236,San Clemente,United States,29630,Louisiana,789 Holladay,1959-12-30
crmid:7086997185,feedbacks1814@gmail.com,Tequila,Beard,female,711-542-5092,Chickasha,United States,80087,Hawaii,514 Danton,1947-09-02
crmid:3626751124,facecloth1853@yandex.com,Jefferey,Olsen,,347-760-0163,Parma,United States,46996,South Dakota,1310 Denslowe,1988-09-22
crmid:8575734024,dependent1932@yandex.com,Jefferey,Kennedy,male,970-087-8319,Biddeford,United States,64389,Washington,37 Adam,1939-11-10
crmid:8766093572,arundo1956@live.com,Loyd,Kelly,male,048-094-9439,Oakley,United States,63843,Alaska,892 Spear,1931-06-16
crmid:2449904312,cabrio1899@yandex.com,Carli,Pollard,female,592-947-9621,Cicero,United States,80168,New Jersey,301 Tevis,1947-02-23
crmid:5390337068,shove1943@yandex.com,Herma,Johns,female,533-913-8197,Zanesville,United States,24790,Montana,770 Park Hill,1961-04-15
crmid:1288192911,carpetbag1875@outlook.com,Melania,Dunn,female,542-547-7674,Stamford,United States,12761,North Carolina,824 Mount,1954-06-09
crmid:8322234839,bewitch2058@yandex.com,Freddie,Cantu,,707-394-1714,Greenbelt,United States,06622,Georgia,1036 Hollister,1968-02-27
crmid:2358471003,axenic1819@outlook.com,Walton,Mitchell,,280-742-4308,Howard,United States,53606,Delaware,146 Battery Blaney,1973-10-31
crmid:4718407777,killas1867@live.com,Raymond,Moss,female,398-524-8132,Woburn,United States,62641,Missouri,56 Coldspring,1960-07-21
crmid:4258918351,hocus1834@live.com,Vivan,Carson,female,054-503-6190,Clarksdale,United States,57600,Rhode Island,448 Stanford,1948-09-05
crmid:5363544557,costarred1861@outlook.com,Nicolas,Estrada,,646-675-7965,Hercules,United States,39975,Nevada,1202 Jauss,1971-06-26
crmid:7922893634,longhair2014@live.com,Theron,Aguirre,,728-435-8092,South Milwaukee,United States,43205,Nebraska,59 Truby,1991-12-13
crmid:7924977318,pinnacle1812@yahoo.com,Alejandro,Howell,,741-332-8321,Walker,United States,55562,Alabama,704 Rivas,1967-09-20
crmid:6163233049,gibbon1888@gmail.com,Hilton,Ellison,,629-723-1263,Malden,United States,90982,Georgia,1294 Erkson,1985-12-03
crmid:5738040153,boards1845@live.com,Seth,Crawford,,000-232-1971,Ottumwa,United States,44520,North Carolina,1059 Bernard,1990-07-08
crmid:7386945731,droud1940@yahoo.com,Archie,Mcdowell,,084-612-3631,Greenville,United States,21032,Connecticut,604 Saddleback,1968-04-21
crmid:7394159038,peccable1827@yahoo.com,Joe,Potter,,719-999-9487,Gahanna,United States,21767,Maine,367 Beverly,1964-04-22
crmid:4933740132,decil2040@gmail.com,Rolando,Kirk,,309-066-4700,Morton Grove,United States,76540,New Mexico,430 Lyndhurst,1993-12-09
crmid:1974980390,euphori1935@yahoo.com,Monty,Rodriquez,,411-948-8649,West Mifflin,United States,45871,West Virginia,217 Jade,1988-06-17
crmid:8101340831,woodwaxen1803@live.com,Jarrod,Strong,male,140-522-7400,Provo,United States,52460,Hawaii,1014 Incinerator,1937-05-28
crmid:7609773236,bloch1934@yahoo.com,Garfield,Gallagher,,244-904-5089,Fort Myers,United States,40932,Oregon,926 Islais,1963-08-04
crmid:1454071270,rabboni2001@outlook.com,Mel,Spears,,801-150-0015,New Castle,United States,40843,North Carolina,120 Owens,1996-08-25
crmid:3125008195,mink1928@gmail.com,Katharyn,Coffey,female,561-018-4816,Wauwatosa,United States,29175,Washington,223 Blairwood,1959-05-06
crmid:6787477683,customize1938@gmail.com,Claude,Riddle,female,701-489-7473,Norwalk,United States,75783,Delaware,151 Baldwin,1999-12-06
crmid:1944210610,heiress2018@live.com,Lauren,Mckenzie,,303-969-2631,Oak Creek,United States,31970,Pennsylvania,1186 Perasto,1976-12-05
crmid:2110201621,brither1901@gmail.com,Teodoro,Carpenter,,728-930-7846,Pinole,United States,45936,Ohio,159 Delta,1982-10-28
crmid:4886547741,elaterist1837@live.com,Melvin,Hicks,,770-311-3809,Sayreville,United States,33734,California,131 Ordway,1977-01-12
crmid:3038211456,boose1964@yahoo.com,Nathanial,Mitchell,male,383-746-7834,Yakima,United States,04388,Oregon,19 Oak Hills,1935-07-20
crmid:7618655758,bottleman2035@yahoo.com,Cordie,Mcclain,female,952-681-5911,Fairview Heights,United States,90354,North Dakota,496 Wilson,1961-11-04
crmid:1419754154,insaneness2064@gmail.com,Elvis,Hartman,,429-901-8410,Suisun City,United States,35363,Idaho,330 Timothy Pflueger,1973-10-17
crmid:1338911931,quott1813@gmail.com,Jamal,Kim,,560-941-7192,San Carlos,United States,42298,Tennessee,1394 Austin,1984-06-08
crmid:8816579888,fuligulinae1890@live.com,Barton,Small,,360-904-9880,Lacey,United States,09548,Virginia,531 Rebecca,1979-01-29
crmid:8102235447,cosimo1851@outlook.com,Francisco,Macias,male,998-504-6260,Bullhead City,United States,25499,Maryland,1211 Sussex,1942-04-18
crmid:1305746214,cassady1944@live.com,Merrill,Jimenez,,072-455-9137,Homestead,United States,04374,Pennsylvania,53 King,1973-01-28
crmid:2702797895,toughening1988@live.com,Erick,Fulton,,374-725-5710,New Britain,United States,20123,Massachusetts,642 Natoma,1996-05-25
crmid:3458581125,earrings1829@gmail.com,Fausto,Petty,,650-439-0016,Temple City,United States,88567,Alabama,119 Hawthorne,1979-06-19
crmid:2673549266,coronet1872@gmail.com,Hershel,Stevens,,857-315-6683,La Mirada,United States,02807,Alabama,1220 Flood,1978-01-13
crmid:1859992170,bourreau1976@outlook.com,Hank,Vazquez,,603-249-7716,Jamestown,United States,35973,South Carolina,204 Glenbrook,1975-06-06
crmid:6259435483,distances1954@yandex.com,Edwin,Mcclain,male,445-389-8349,Arlington,United States,12344,Ohio,1036 Manzanita,1933-03-19
crmid:7417414775,spiracular2010@gmail.com,Tristan,Ball,female,513-952-6977,Sunnyvale,United States,77505,Nebraska,1110 Irving,1946-09-02
crmid:2050836976,asthenopia1919@gmail.com,Scot,Ryan,male,766-910-0568,Sheboygan,United States,91678,Connecticut,1172 Chapman,1943-11-17
crmid:5283693650,rhiptoglossa1891@gmail.com,Dave,England,,269-340-5514,Holland,United States,44104,South Dakota,1326 Grijalva,1972-07-13
crmid:1754943743,abrasax1851@outlook.com,Johnnie,Vasquez,,179-543-6999,San Francisco,United States,73535,Connecticut,248 Medical Center,1978-06-22
crmid:3477231894,artifactual1961@gmail.com,Austin,Weber,female,999-063-6839,New Lenox,United States,19255,South Dakota,1398 Bayside,1996-03-02
crmid:4707361653,anent2054@live.com,Gianna,Zimmerman,female,713-101-2014,Round Lake,United States,71985,New York,321 Cortland,1952-03-15
crmid:6073288453,intralobar1965@outlook.com,Helaine,Willis,female,411-603-2346,Pompano Beach,United States,66156,Hawaii,312 Perego,1955-11-21
crmid:2099837167,profiler1887@yahoo.com,Sean,Spears,male,613-456-3436,Carbondale,United States,68605,Arizona,315 Metson,1944-10-17
crmid:9148629555,sheeting1808@outlook.com,Dane,Leon,,712-579-4787,Holly Springs,United States,36160,Nebraska,276 Sea View,1972-06-09
crmid:8425905071,ryegrasses2004@live.com,Jesus,Roman,female,017-103-5467,Emporia,United States,67830,Idaho,1315 Riverton,1959-11-08
crmid:4283618186,fibrinate2027@gmail.com,Royce,Best,male,663-445-7702,Alice,United States,70668,Florida,1301 Rodriguez,1931-08-03
crmid:4417364505,proletarianised1922@yahoo.com,Ranae,Ashley,female,695-741-9083,Roy,United States,18474,Georgia,74 Fremont,1946-10-14
crmid:3038523138,antlike1954@outlook.com,James,Townsend,,935-813-8671,Northglenn,United States,63978,Pennsylvania,618 Brotherhood,1999-10-09
crmid:5370713527,laceration1802@outlook.com,Kevin,Lara,,898-035-6314,Munster,United States,73929,Michigan,1203 Taraval,1994-12-25
crmid:1750516105,bares1815@gmail.com,Darrell,Dickson,,653-576-3877,Lynnwood,United States,74587,Iowa,179 Burns,1985-05-15
crmid:7015617913,controllers1946@yahoo.com,Elwood,O'neil,,399-165-1789,Little Rock,United States,65865,New Mexico,543 Maddux,1983-10-12
crmid:3095142908,albizzia1813@gmail.com,Noah,Daniels,male,595-624-3828,Sikeston,United States,02961,North Carolina,1124 Farallones,1941-07-07
crmid:6497592828,sheeting1890@yahoo.com,Lane,Ellis,male,968-936-3053,Vero Beach,United States,03901,Oregon,665 Mission Bay,1933-11-12
crmid:3990639693,dower1915@outlook.com,Shirley,Rivas,,096-297-1768,Highland,United States,03771,Iowa,104 Mars,1971-01-29
crmid:1715590615,amusing2048@yahoo.com,Phung,Little,female,338-824-5833,Encinitas,United States,76575,Texas,576 Mary,1959-12-30
crmid:1385218537,ag1896@outlook.com,Yuko,Rodriquez,female,860-823-7377,New Philadelphia,United States,98791,West Virginia,651 Banbury,1996-04-28
crmid:7027818429,drainer1868@live.com,Marcus,Harrell,,848-652-2435,Novi,United States,25833,Montana,273 Victoria,1968-09-17
crmid:3725073625,btl1861@outlook.com,Domenic,Hubbard,,660-739-3269,Marana,United States,98647,New York,1314 Mistral,1986-03-27
crmid:8268595760,cradler1816@live.com,Dannie,Simmons,female,360-250-7472,Rolling Meadows,United States,92846,Oklahoma,695 Baker,1956-02-27
crmid:7575341307,sorest2031@live.com,Doyle,Montoya,male,352-340-3833,Belvidere,United States,14405,Louisiana,788 La Bica,1938-03-20
crmid:6075778457,teenage1908@yandex.com,Tomika,Campbell,female,317-866-0893,Chesterfield,United States,71674,Wisconsin,810 Stanton,1946-09-05
crmid:6057801061,tuatera1996@outlook.com,Mel,Merrill,,275-465-8513,Modesto,United States,28135,Missouri,440 Goleta,1992-04-21
crmid:6667385071,uvulectomy1837@yandex.com,Euna,Dennis,female,605-869-1484,Douglas,United States,81181,Massachusetts,1099 Beulah,1955-03-08
crmid:9121063484,deluxe1880@outlook.com,Otis,Rose,male,627-536-6296,Centennial,United States,77042,Indiana,1332 Trinity,1945-12-15
crmid:6508350167,annalisa1856@yahoo.com,Mitchell,Freeman,male,619-800-3449,Stephenville,United States,03877,Michigan,241 Coleridge,1931-07-10
crmid:8286738326,admedial2021@live.com,Damian,Mendoza,male,566-754-6941,Talladega,United States,07668,Vermont,1231 Surrey,1938-12-25
crmid:7132934612,caplin2064@live.com,Cleveland,Mathews,,439-545-1011,Huntington Beach,United States,76650,California,1129 Ripley,1974-07-22
crmid:4896671709,cabasset1982@outlook.com,Richard,Hawkins,male,239-512-5435,San Marcos,United States,03176,Kansas,1157 Oak Park,1933-08-13
crmid:8200461519,passwords1973@outlook.com,Connie,Cortez,male,202-157-0734,Carol Stream,United States,15320,Maine,309 Josiah,1944-02-07
crmid:9738107857,piperazine1893@gmail.com,Florencia,Chen,female,387-154-8619,Edinburg,United States,10140,Vermont,214 Terra Vista,1958-03-06
crmid:9491873783,deckers1867@yahoo.com,Mason,Spence,male,140-351-0629,Alamo,United States,38585,South Carolina,443 Cyril Magnin,1930-07-28
crmid:6333875330,bongo1987@yandex.com,Lourie,Yates,female,092-356-3045,Dumont,United States,69880,Iowa,1321 James,1956-10-11
crmid:9802635372,combo1996@gmail.com,Paris,Stuart,,340-584-9681,Lawrenceville,United States,92440,Missouri,641 Joy,1981-11-09
crmid:9203657298,throuch2041@yandex.com,Anisha,Watts,female,712-270-8661,Port Angeles,United States,90147,Hawaii,484 Oak Hills,1947-01-30
crmid:5426906465,misogamic2056@outlook.com,Stefan,Durham,,361-463-8555,Oswego,United States,41836,Vermont,522 Turner,1983-04-26
crmid:9378807085,chancery1942@yandex.com,Delbert,Guy,male,996-794-8960,Avon,United States,93189,Georgia,1242 Executive Park,1935-03-12
crmid:9725199917,bolden1919@gmail.com,Mary,Savage,male,739-473-8330,Brownwood,United States,39058,Iowa,819 Baltimore,1942-07-26
crmid:2558794684,hooklike1838@gmail.com,Donnie,Drake,,735-272-0065,Haverhill,United States,16103,Alabama,16 Morton,1970-03-01
crmid:9867241766,dimetry1881@yahoo.com,Mauricio,Perry,male,741-848-6400,Bryan,United States,33968,Washington,847 Carr,1942-07-23
crmid:1139406964,pipsqueak2049@yahoo.com,Rashad,Sheppard,,378-995-2428,Vacaville,United States,76239,New Jersey,548 Mariposa,1966-06-11
crmid:4713538324,starlessly1970@yandex.com,Keith,Gonzalez,,302-871-3949,Harrisonburg,United States,70131,Michigan,814 Monte Vista,1970-10-03
crmid:8045834450,rhamnus2058@outlook.com,Rayford,Garrison,,535-716-2357,Rolling Meadows,United States,95347,New Mexico,1379 Sunview,1974-09-01
crmid:8096178554,placebos1864@outlook.com,Kermit,Meyer,,723-891-3678,Twentynine Palms,United States,34335,Ohio,314 Cranleigh,1973-08-27
crmid:2553733400,bastion2035@yahoo.com,Antione,Barnes,,563-718-2552,Inkster,United States,28309,Arizona,944 Worden,1974-05-22
crmid:5940614067,hare1882@yahoo.com,Mario,Greene,male,073-918-0495,Avon Lake,United States,38210,Virginia,340 Palos,1935-07-12
crmid:6489253116,bedtime1943@yandex.com,Greg,Wilkerson,,816-838-2730,South Plainfield,United States,51992,Louisiana,1334 Conservatory Access,1963-02-02
crmid:5119976850,scatt1861@gmail.com,Leonore,Barrera,female,334-995-0485,Champaign,United States,37527,Arkansas,325 Saint Francis,1946-05-02
crmid:4515903809,fireworkless1900@yandex.com,Julio,Rutledge,,507-650-8325,Greenfield,United States,07893,Wisconsin,402 Hollywood,1968-01-24
crmid:8188496335,fallacy2050@yandex.com,Ulysses,Park,male,170-214-2522,Carson City,United States,58974,Alabama,913 Double Rock,1944-09-22
crmid:6815805029,coquelicot1973@yandex.com,Jeffery,Shields,,861-193-9840,Massillon,United States,90198,North Dakota,664 Mcrae,1988-11-03
crmid:8876824513,wimple1973@yandex.com,Nickole,Pickett,female,524-476-4796,De Land,United States,31535,Indiana,980 Cesar Chavez On,1953-07-23
crmid:7828383365,clink1877@outlook.com,Wes,Simon,male,947-286-0125,Cary,United States,78385,Kentucky,1242 Phoenix,1945-10-27
crmid:7037651230,coward1861@gmail.com,Mack,Hurley,,257-912-9071,Millville,United States,21949,Delaware,519 Carroll,1991-05-01
crmid:1093470140,brewages2053@yahoo.com,Cliff,Strickland,,947-125-9825,Hattiesburg,United States,27176,Minnesota,1014 Iowa,1970-05-08
crmid:1108859838,passionometer1963@outlook.com,Marth,Simpson,female,688-662-8255,Commerce City,United States,35736,Virginia,381 Lawrence,1949-06-27
crmid:2987949808,brushy2022@live.com,Weldon,Yates,,848-535-4816,Flagstaff,United States,86727,Vermont,39 Old Decatur,1962-04-22
crmid:1808559395,molly2000@live.com,Jimmie,Page,,019-155-9560,Fort Wayne,United States,22603,Colorado,265 Houston,1963-05-19
crmid:5733559468,clipper1825@yandex.com,Kasha,Clemons,female,142-618-3166,Summerville,United States,22620,Delaware,858 Roosevelt,1958-05-06
crmid:7523849310,deodate1853@live.com,Laurene,Briggs,female,677-253-5956,Eustis,United States,26749,Vermont,1047 Dawson,1960-05-04
crmid:8480304745,fireworkless2021@outlook.com,Mike,Hays,,666-457-4817,South Salt Lake,United States,93676,Montana,1396 Oxford,1978-12-21
crmid:3275998414,frettation1918@gmail.com,Raguel,Stephens,female,794-244-5521,Wauwatosa,United States,14619,Iowa,441 Mistral,1953-07-28
crmid:9039441759,merry1838@gmail.com,Dillon,Cameron,male,679-265-7337,Ashwaubenon,United States,91189,California,300 Cross,1934-12-05
crmid:2332108662,cuerda1800@outlook.com,Renato,Taylor,,975-423-1874,Modesto,United States,13855,Nebraska,982 Virgil,1992-03-04
crmid:6673839311,taunting2037@outlook.com,Faustino,Zimmerman,,431-995-9800,McDonough,United States,76925,New Jersey,898 Allston,1988-12-11
crmid:3215762828,animations1955@yandex.com,Renaldo,Howard,,049-940-0570,Golden Valley,United States,84674,Oregon,860 Liebig,1966-08-10
crmid:2695314110,chuser1895@gmail.com,Jonas,Sawyer,,170-971-1684,Kingsport,United States,02819,Illinois,12 Sanches,1977-01-17
crmid:7212109908,fanes1914@live.com,Roger,Welch,,349-588-9596,Harlingen,United States,66679,Wisconsin,1116 Georgia,1969-11-26
crmid:6204838305,deluxe2060@gmail.com,Isreal,Mcgowan,,858-842-6270,Mandan,United States,19505,Alabama,163 Hudson,1986-03-03
crmid:3197710203,sourish2036@gmail.com,Johnson,Fischer,,875-210-3011,Lockport,United States,85930,New Jersey,1145 Great,1983-05-18
crmid:3468834867,rebend1867@yandex.com,Ozie,Hood,female,181-865-5871,Colorado Springs,United States,42118,Delaware,1246 Hahn,1949-07-14
crmid:7966258126,stereology2033@yahoo.com,Lenard,Eaton,,742-024-9740,Maple Heights,United States,31723,New Jersey,479 San Felipe,1986-07-23
crmid:9486795291,erwin2047@yandex.com,Emilee,Robbins,female,934-676-8875,East Peoria,United States,11589,Michigan,1102 Sheridan,1957-03-25
crmid:2832243818,locust1907@yahoo.com,Logan,Russo,,465-504-4860,Middletown,United States,83998,West Virginia,432 Kalmanovitz,1990-06-21
crmid:8542874722,balthasar1881@yandex.com,Jacqulyn,Logan,female,765-472-6129,Port Huron,United States,15998,Nevada,1142 Boynton,1949-04-17
crmid:1283195969,canaller2060@gmail.com,Jacques,Carver,,072-944-1716,Gulfport,United States,25205,North Carolina,145 San Miguel,1969-04-27
crmid:3868132861,rudimentary1805@yahoo.com,Kerstin,Barrera,female,610-682-6104,New Haven,United States,51299,Wisconsin,854 Alta Vista,1996-10-31
crmid:2500441672,chops1845@live.com,Lucien,Reese,,206-323-7033,Libertyville,United States,77374,South Dakota,630 Casitas,1982-12-05
crmid:7520661687,anglophilia1846@outlook.com,Burton,Vasquez,male,287-229-5830,Paterson,United States,50552,Kentucky,487 Palo Alto,1994-01-03
crmid:9828342919,naturopathy2054@yahoo.com,Lance,Flores,male,917-551-9611,West Chester,United States,02264,Connecticut,1164 Turk,1941-06-10
crmid:7940332504,anaconda1841@gmail.com,Leonardo,Clayton,,120-783-6272,Gillette,United States,73030,Utah,178 Candlestick Point Sra,1966-12-20
crmid:6914365286,caballer1917@yandex.com,Darius,Paul,male,923-767-2876,Burton,United States,11682,Arkansas,499 Palmetto,1943-03-23
crmid:7456905925,wivern1822@outlook.com,Hal,Ellison,,302-268-4368,Laconia,United States,36625,Arizona,410 Nichols,1979-07-30
crmid:7849645656,arriba1995@yahoo.com,Emmanuel,Buckner,,388-934-5385,Garfield Heights,United States,50981,Delaware,372 Mccann,1965-09-21
crmid:3939260313,maidenhead1867@yandex.com,Brigida,Baldwin,female,082-450-2022,Woburn,United States,10813,Kansas,127 Garlington,1946-01-01
crmid:4428248703,outredden2000@yahoo.com,Emilee,Hull,female,491-977-4974,Richland,United States,66741,Colorado,251 Reardon,1950-12-05
crmid:8301441280,regains1931@yahoo.com,Clifton,Summers,male,729-523-6113,American Fork,United States,78888,Georgia,481 Ohlone,1932-02-28
crmid:1212104609,podial1982@gmail.com,Greg,Bentley,,028-635-1876,La Ca�ada Flintridge,United States,04207,Oklahoma,103 Montcalm,1978-01-21
crmid:1176212110,caelum1871@gmail.com,Rey,Davis,,851-711-1872,Raytown,United States,62347,Mississippi,931 Del Monte,1972-04-16
crmid:8677484363,oxalyl1951@yandex.com,Janee,Bradford,female,273-035-8031,Cranston,United States,60872,Nevada,491 La Ferrera,1951-10-07
crmid:1526650749,empress1982@yandex.com,Rodger,Lewis,,277-384-3347,Liberty,United States,67175,North Dakota,536 Hahn,1982-11-24
crmid:7885027761,etherealization1961@yahoo.com,Toby,Stone,,227-492-0725,Palo Alto,United States,28158,Kentucky,660 Lundys,1963-12-28
crmid:4719656752,prelacy2004@yahoo.com,Boyd,Beach,,670-323-5140,Sachse,United States,23570,Michigan,820 Wilder,1963-06-22
crmid:3862859174,chumps2048@gmail.com,Jacinto,Wilkins,,643-943-1822,Salem,United States,26495,New York,973 De Montfort,1967-06-22
crmid:3996377653,expresso1933@yahoo.com,Pandora,Daniel,female,920-422-1411,Elko,United States,92922,Illinois,464 Knollview,1959-07-07
crmid:4653543008,ninjas2052@live.com,Modesto,Molina,,563-300-1993,Yukon,United States,77017,Nebraska,1011 Oak Park,1969-09-01
crmid:8574754195,alair2016@yahoo.com,Keith,Munoz,,251-809-4149,Patterson,United States,78663,South Dakota,668 Julius,1975-10-24
crmid:6587441795,stork1806@outlook.com,Joana,Page,female,517-351-0619,Edgewater,United States,66059,Nebraska,659 Ewing,1958-11-08
crmid:3696282535,profiler1834@live.com,Renato,Browning,,370-263-4994,New Braunfels,United States,96201,Rhode Island,1382 Britton,1996-11-12
crmid:9723053946,faliscan2001@gmail.com,Walter,Mendez,,331-931-8642,Lakewood,United States,99858,New Jersey,988 Oxford,1980-04-12
crmid:9500099270,photon2034@gmail.com,Ezra,Berger,male,560-313-6518,Rosenberg,United States,82072,Vermont,134 Quint,1938-04-03
crmid:3886781779,beachcomber1970@outlook.com,Dexter,Neal,male,330-723-9402,Orem,United States,60686,New Jersey,428 Moffitt,1939-03-21
crmid:6041202023,hiding1824@yandex.com,Wilton,Mcmillan,,782-358-9361,Oakdale,United States,78805,Rhode Island,118 Gatun,1963-01-17
crmid:1996754854,pantheistical1897@live.com,Guadalupe,Bean,,989-677-0266,Terre Haute,United States,41247,Illinois,521 Holloway,1992-01-05
crmid:7692649903,cobol1965@yahoo.com,Demarcus,Buckner,,029-993-7674,Wentzville,United States,32128,South Dakota,836 Mangels,1972-07-07
crmid:1827844881,monikers1983@gmail.com,Jere,Puckett,,775-165-5131,Tifton,United States,32320,Minnesota,947 Lafayette,1978-04-26
crmid:8792314307,geologizing1912@yandex.com,Rico,Holden,,449-135-7489,San Rafael,United States,85424,Idaho,1324 Appleton,1996-08-16
crmid:5924237697,craney1914@live.com,Marion,Dejesus,male,369-860-9679,Burbank,United States,34323,South Carolina,749 Red Rock,1942-07-08
crmid:1783703528,goalposts1845@gmail.com,Lindsey,Slater,,242-781-3722,Garfield,United States,13890,Louisiana,519 Paul,1965-02-03
crmid:6047809491,dondaine1841@gmail.com,Samual,Spence,,522-503-3066,Goodlettsville,United States,26395,Connecticut,1190 Campton,1967-04-19
crmid:1738361686,peculated1908@gmail.com,Qiana,Wiggins,female,401-194-3230,Woodridge,United States,74985,Texas,393 Sixth,1951-07-31
crmid:9981000234,dastardly2033@outlook.com,Lala,Campbell,female,079-891-7378,Wichita Falls,United States,12866,North Dakota,706 Zeno,1954-11-09
crmid:2759952713,champing2009@gmail.com,Kerry,Farley,male,667-280-1920,Cathedral City,United States,62046,Tennessee,600 Utah,1945-11-11
crmid:7597233084,corporality1917@live.com,Donn,Mejia,male,883-441-2516,Casselberry,United States,14862,Iowa,829 Mercury,1945-03-20
crmid:2568220430,skinkers1864@outlook.com,Frances,Trevino,male,801-634-9773,Beaverton,United States,29547,West Virginia,308 Bayview,1937-04-29
crmid:2189152658,incumbant1929@live.com,Lee,Gill,male,967-525-3492,Broken Arrow,United States,34296,California,1221 Halleck,1941-06-11
crmid:1526953545,nonphysiologically1880@outlook.com,Emanuel,Hall,,359-161-9258,Sayreville,United States,74573,Maryland,809 Dunshee,1979-08-12
crmid:1620030246,mischieve1995@yandex.com,Rosamond,Leonard,female,563-423-3965,Dinuba,United States,98551,Missouri,1130 Arelious Walker,1955-10-14
crmid:5691378307,drenched1870@yahoo.com,Zack,Gilbert,male,466-743-0665,Avenal,United States,53146,Texas,535 Davenport,1935-10-11
crmid:3449975335,gastrohysterorrhaphy1929@yandex.com,Eduardo,Spencer,,914-268-4953,Mill Creek,United States,89283,Kentucky,344 Elsie,1990-06-03
crmid:7831039070,dauphine1897@gmail.com,Shawnee,Adkins,female,733-814-5930,College Station,United States,70515,Washington,398 Marine,1949-08-01
crmid:6159788390,deliquescent1879@yandex.com,Buck,Barron,male,861-316-3705,Perth Amboy,United States,16081,Washington,284 Duncan,1944-11-24
crmid:4084839572,soundless1869@yahoo.com,Omer,Villarreal,male,454-010-6897,Rosemead,United States,58993,Florida,832 Crook,1942-07-30
crmid:8823533939,brainwork2014@yandex.com,Sherlyn,Munoz,female,325-593-6774,El Mirage,United States,48410,Iowa,1172 Walbridge,1958-08-21
crmid:3788397568,teenage1945@gmail.com,Rudy,Rios,female,967-135-6657,Northport,United States,27702,Georgia,1225 Ver Mehr,1999-04-24
crmid:1447970963,bachelor2016@gmail.com,Zachariah,Stuart,male,674-582-2845,Apex,United States,50467,Nebraska,168 Telegraph,1933-10-28
crmid:3569654746,projacient1822@yandex.com,Kerry,Gilbert,male,019-778-5083,Billings,United States,93200,Illinois,246 Miller,1939-06-11
crmid:1092443659,mowstead2003@yandex.com,Adolfo,Nguyen,,431-327-7427,Sevierville,United States,20309,Indiana,816 Roselyn,1964-01-31
crmid:4162664059,crowds1988@live.com,Deshawn,Walker,male,189-437-1572,Atascadero,United States,99849,Virginia,511 Corbett,1934-03-30
crmid:6606686149,avenger1886@yandex.com,Lala,Hammond,female,757-304-3587,Pawtucket,United States,29399,New York,1271 Winfield,1956-11-09
crmid:5705546654,increaseful1973@yahoo.com,Sherell,Landry,female,055-019-0984,Englewood,United States,75760,Mississippi,192 Carrizal,1959-08-17
crmid:8570219096,clethra1909@gmail.com,Brady,Leblanc,,075-660-3140,Mill Creek,United States,56275,New Hampshire,762 Glen,1990-09-07
crmid:8169417889,demir2055@outlook.com,Johnie,Hurley,male,461-732-2397,Pflugerville,United States,04866,Kentucky,223 Storrie,1932-05-15
crmid:1124846778,cedric2014@yahoo.com,Frankie,Hopper,male,198-888-1160,Yukon,United States,04872,Washington,424 Prague,1942-04-14
crmid:8635348449,wising2024@outlook.com,Henry,Reid,male,937-656-5979,Savage,United States,07286,South Carolina,377 Ringold,1941-05-24
crmid:4605765076,baited2024@yahoo.com,Robena,Soto,female,557-584-0943,Colleyville,United States,46365,North Dakota,576 Cardenas,1949-07-27
crmid:2174766986,sorriness2023@gmail.com,Tyree,Black,,789-083-8390,Troy,United States,72757,Utah,1218 Cortes,1984-05-17
crmid:1619831222,befouled1873@gmail.com,Lien,Stanley,female,785-550-1964,Elmira,United States,78938,Virginia,924 Dorantes,1959-05-28
crmid:1913828659,actiniochrome1974@outlook.com,Herb,Villarreal,,719-555-7727,Loveland,United States,87132,South Carolina,1387 Mississippi,1984-03-25
crmid:2685473211,donica2006@yahoo.com,Jimmy,Dodson,,019-937-4221,Steubenville,United States,40953,Maryland,827 Capen,1988-12-01
crmid:4514957852,counts2053@yahoo.com,Al,Dickerson,,545-638-7191,O'Fallon,United States,94423,New York,1095 Polk,1989-07-10
crmid:2229478071,weld1998@gmail.com,Yong,Snow,,866-263-3622,Kyle,United States,72781,Missouri,1226 Meacham,1978-02-08
crmid:1037562563,claimer1973@yandex.com,Nathaniel,Nguyen,male,395-224-9584,Avenal,United States,49287,Virginia,1097 Mclaren,1935-07-21
crmid:8131659411,intact1950@live.com,Wade,Jones,,384-622-1607,Lenexa,United States,16184,Kentucky,1104 Larch,1982-03-30
crmid:9045202172,flycatcher2057@yandex.com,Laure,Barnett,female,060-394-1281,Clearfield,United States,60462,Louisiana,76 Milton I Ross,1948-11-10
crmid:2992183455,burin1969@yandex.com,Roman,Craft,male,875-522-1444,Richland,United States,07223,New Hampshire,1048 Brice,1937-12-16
crmid:9040036497,archfiend1886@yandex.com,Rico,Maldonado,,874-475-4281,Yukon,United States,95395,South Carolina,1115 Sergeant John V Young,1997-11-13
crmid:2660173292,outcheat1944@gmail.com,Rodolfo,Bryant,male,438-645-6573,Carlisle,United States,40243,Texas,1383 Petrarch,1944-08-04
crmid:3394219561,bedlamite1893@outlook.com,Tod,Lang,,065-267-8855,Russellville,United States,64865,Oklahoma,1224 Gateview,1965-08-16
crmid:9638579278,possum1816@yandex.com,Gail,Burgess,,735-255-7346,Grove City,United States,27222,Rhode Island,534 Baker,1968-05-20
crmid:9918755052,streptothrix1965@live.com,Albertina,Atkins,female,147-089-0510,Daytona Beach,United States,04752,Alabama,962 Santa Ynez,1953-01-01
crmid:8920127688,lactim1953@yahoo.com,Morris,Boone,,100-584-6757,Hawthorne,United States,28063,Connecticut,57 Charlton,1970-04-15
crmid:7474012015,aisling2060@gmail.com,Lucio,Bell,,436-401-2934,Vacaville,United States,76891,Mississippi,160 Blatchford,1977-11-16
crmid:2837855976,donning2062@gmail.com,Randell,O'neal,,574-545-9170,Stow,United States,60667,Texas,1049 Central,1968-02-28
crmid:3847287246,spawners1992@gmail.com,Edward,Dyer,,681-143-0784,Janesville,United States,60621,Missouri,1330 Mariner,1975-11-02
crmid:1883493259,passwords2040@yahoo.com,Larry,Ray,,757-993-5700,Mineola,United States,04702,Nebraska,1013 Sunbeam,1991-02-02
crmid:3431597925,bellwood1843@yandex.com,Jess,Carr,male,981-141-5311,Bainbridge Island,United States,31907,Maryland,1167 Commonwealth,1935-05-05
crmid:2594754033,redias2063@yahoo.com,Fred,Barker,,003-178-1209,South Plainfield,United States,41846,Arizona,501 Homestead,1983-12-06
crmid:2437152338,peelings1997@yandex.com,Dana,Cooke,male,495-658-4314,Ballwin,United States,71173,Nebraska,747 Michigan,1935-02-07
crmid:2095049590,siennas2044@gmail.com,Devona,James,female,451-221-6601,East Cleveland,United States,10484,Oregon,355 Candlestick Cove,1957-02-15
crmid:7690738331,differentiator1911@outlook.com,Clarence,Barnett,female,038-254-9639,Denton,United States,05809,Kentucky,551 Saint Charles,1954-02-02
crmid:8735938116,codeias1867@live.com,Ernest,Crosby,male,238-846-7470,Carrollton,United States,17012,Missouri,141 Holly,1944-04-07
crmid:2287011366,fortes2037@yahoo.com,Val,Conway,male,502-854-1147,Paramus,United States,05929,South Carolina,120 San Ramon,1935-09-07
crmid:6075778457,obfuscable1940@gmail.com,Willene,Molina,female,515-678-8595,Dyersburg,United States,76025,Georgia,1125 Daggett,1956-12-18
crmid:5970052067,veligers2011@yandex.com,Brain,Moore,,771-381-1384,Sandusky,United States,28840,Kansas,1177 Plymouth,1964-03-27
crmid:7097646577,agdistis2062@yahoo.com,Gregorio,Peck,,684-179-2181,Richland,United States,95702,Wyoming,437 Nido,1976-09-22
crmid:1985817464,borak2001@yandex.com,Ryan,Ball,,785-547-9572,Leander,United States,57865,Georgia,805 Rockdale,1981-10-06
crmid:5077744233,messor2016@yandex.com,Aldo,Branch,male,595-403-5093,Beloit,United States,09652,Rhode Island,595 Reeves,1937-01-04
crmid:5334496918,fermentitious2064@gmail.com,Edgardo,Madden,male,042-710-4207,Weston,United States,51050,Nebraska,526 Ccsf Parking Lot,1933-03-18
crmid:5774930506,fabler1910@gmail.com,Dan,Becker,,251-231-0073,Marlborough,United States,58300,Delaware,410 Hugo,1987-10-13
crmid:9095119843,perduring1959@yandex.com,Chauncey,Hess,,891-959-0301,Mequon,United States,18927,Colorado,362 Pershing,1989-03-21
crmid:6318416937,amaranthine1885@gmail.com,Hiram,Richards,male,862-188-3706,Seymour,United States,07566,Pennsylvania,1014 Galewood,1932-05-24
crmid:2022685519,undiscernibly2058@live.com,Tonisha,Wooten,female,325-152-9445,Elizabeth City,United States,57431,New York,248 Pemberton,1959-09-25
crmid:9959399945,ninjas1881@gmail.com,Bryant,Foster,male,604-424-9395,Athens,United States,82916,California,317 Shields,1934-02-10
crmid:5548197802,contradiction2028@outlook.com,Curtis,Cox,,952-717-7285,Northport,United States,65086,Maine,414 Constanso,1999-12-09
crmid:3614593164,ruff1974@live.com,Jeremy,Garrison,,289-308-7697,Hopewell,United States,91027,New York,698 Pizarro,1973-03-30
crmid:8703148462,abnegative1900@yandex.com,Armando,Russo,,419-568-5192,Norton Shores,United States,33012,Florida,217 Rose,1999-06-08
crmid:4415422580,commander1950@live.com,Mathilda,Burns,female,869-895-0415,Cortland,United States,39574,New Jersey,1186 Fredson,1951-06-04
crmid:7830512614,angriness1854@live.com,Oswaldo,Young,,163-913-8143,Monroe,United States,99984,Tennessee,549 Sabin,1992-01-21
crmid:4487847291,vituperative2049@outlook.com,German,Calderon,,984-280-1909,Port Arthur,United States,88386,Pennsylvania,473 Al Scoma,1976-11-27
crmid:2465233287,guppy1948@outlook.com,Denny,Fox,male,420-874-0544,Arlington,United States,62661,Indiana,132 Yosemite,1933-11-05
crmid:3167849691,haemoflagellate1916@gmail.com,Josef,Farrell,,468-499-5534,Manhattan Beach,United States,05425,Mississippi,1154 Perry,1986-02-19
crmid:7970029215,lithosol1963@live.com,Gale,Watkins,,073-823-1274,Lenexa,United States,05943,California,172 Monterey,1982-01-12
crmid:8682654726,thereinbefore1905@yahoo.com,Oneida,Lindsey,female,289-527-7532,Corvallis,United States,32622,Montana,1076 Butte,1951-07-17
crmid:9883452507,annum1955@live.com,Hai,Stanley,,180-656-4124,Spring Valley,United States,39838,Kansas,1388 Santa Ana,1969-11-28
crmid:9487029516,corsair2040@live.com,Lazaro,Sampson,,744-822-7090,Madison,United States,12374,New Mexico,1224 Castelo,1985-02-21
crmid:7369954842,cabinda1982@outlook.com,Grisel,Macdonald,female,484-796-6511,Elko,United States,16593,Colorado,987 Simonds,1959-04-18
crmid:9338417618,emory1888@yandex.com,Hung,Humphrey,,905-177-6426,Lakeville,United States,98594,Vermont,945 Escolta,1980-06-28
crmid:4020832625,alair1972@gmail.com,Patricia,Randolph,male,976-046-6368,Burleson,United States,41359,Virginia,43 Lamartine,1943-08-24
crmid:5991712316,dingbats2062@gmail.com,Michel,Valenzuela,,351-484-5315,North Miami,United States,82624,Texas,1052 California,1998-12-10
crmid:8454877970,marcello1814@yahoo.com,Jules,Romero,,247-916-3755,Sheridan,United States,58036,Nevada,276 Avenue H,1965-01-03
crmid:2324270571,canopus1902@yahoo.com,Matthew,Odom,male,071-012-8096,Bellflower,United States,32720,Illinois,1276 Arch,1937-07-22
crmid:2557926864,ludicrous2046@outlook.com,Jeramy,Sellers,male,005-602-3508,Plum,United States,08756,New Jersey,813 Berry Extension,1940-05-26
crmid:9901427234,demandative2012@live.com,Danial,Shepard,,847-652-6623,Long Branch,United States,25696,Delaware,800 Pacheco,1984-04-29
crmid:6409822814,pentachenium1854@gmail.com,Hyo,Wolf,female,709-617-9837,Seattle,United States,91694,Virginia,122 George,1951-10-07
crmid:6341221130,theolepsy2042@yahoo.com,Nikia,Wilkinson,female,095-665-6045,Easley,United States,33340,Mississippi,1267 Tiffany,1956-07-31
crmid:1174089348,donkey1936@outlook.com,Mireille,Holland,female,068-554-6077,Edinburg,United States,39520,South Dakota,1032 Kern,1958-06-14
crmid:5690502591,arisen1933@yandex.com,Terence,Steele,male,996-888-8649,Yorba Linda,United States,97589,Kentucky,306 Rhine,1997-12-03
crmid:4211646131,punproof1997@yahoo.com,Damien,Alvarez,,082-885-3378,Green,United States,53902,Wisconsin,1264 Waltham,1968-09-14
crmid:6130672912,analyst1943@live.com,Milan,Howe,male,116-567-3402,Tallmadge,United States,98442,Florida,357 Tuscany,1996-02-13
crmid:7723999067,heft1999@yahoo.com,Dwight,Donaldson,,721-932-7292,Marshalltown,United States,25941,Vermont,29 Moore,1987-04-19
crmid:1954661186,adoree1930@yahoo.com,Whitney,Sharpe,,307-331-2954,La Mesa,United States,63359,New Hampshire,20 Hussey,1978-11-23
crmid:5014734097,entach1845@gmail.com,Wilmer,Hoffman,,071-239-1892,Gadsden,United States,37975,Wisconsin,929 Athens,1964-06-30
crmid:9850325272,gunkholed1973@yahoo.com,Jolyn,Wolf,female,039-541-5296,Eureka,United States,89230,Minnesota,977 Lapu-Lapu,1960-04-24
crmid:3019499874,kenticism2005@yandex.com,Kaycee,Collins,female,350-035-2935,Donna,United States,91585,Michigan,1078 Nautilus,1955-05-06
crmid:8187408157,madiga1897@gmail.com,Antonia,Sharpe,,563-986-3265,Radcliff,United States,28181,Wyoming,1400 Foerster,1964-04-28
crmid:3725616551,cassowary1962@yahoo.com,Cesar,Page,,393-386-4870,Garfield,United States,50817,Colorado,650 Las Villas,1965-09-22
crmid:1707596536,greengage1937@outlook.com,Vernon,Vang,,468-896-8467,Monterey,United States,44596,Louisiana,980 Mono,1992-07-19
crmid:1210842100,ciscos1913@gmail.com,Rayford,Adams,male,671-569-4055,Troy,United States,61840,West Virginia,324 Graymalkin,1945-12-15
crmid:9302673500,ecocide2063@yahoo.com,Christene,Shaw,female,827-412-8694,Vallejo,United States,18498,Indiana,858 Northwood,1951-02-27
crmid:4935444384,basis1865@live.com,Sam,Bailey,,308-197-2289,LaGrange,United States,28043,West Virginia,595 Croaker,1979-05-14
crmid:4525858675,janitors1889@outlook.com,Darrick,Rivers,male,892-599-9499,Castle Rock,United States,15189,Kentucky,1046 Westside,1945-03-25
crmid:1993738108,databank2003@live.com,Clarence,Snyder,male,306-781-3334,Brook Park,United States,04330,Tennessee,986 Donahue,1941-02-27
crmid:1469259106,licencer1975@yahoo.com,Elwood,Rosa,,580-773-2826,Kearney,United States,12678,Maine,702 Dr Tom Waddell,1976-02-25
crmid:1534366767,footcandle1913@yahoo.com,Ashlea,Barr,female,236-616-7240,Converse,United States,07761,Louisiana,1372 Old Mason,1950-01-02
crmid:9418133803,brune1813@yahoo.com,Deshawn,Warner,male,670-146-3823,Winchester,United States,01907,Iowa,924 Hooker,1935-03-30
crmid:3655684335,misunderstandable2044@yahoo.com,Larae,Brooks,female,235-252-1633,South Pasadena,United States,52342,Minnesota,1220 Reddy,1995-04-10
crmid:2255515840,convected1847@live.com,Clyde,Lambert,female,109-172-1624,Wilkes-Barre,United States,25549,Vermont,589 Cedar,1956-09-04
crmid:8816579888,teenage1903@yahoo.com,Jann,Mcgowan,female,588-510-8956,Coeur d'Alene,United States,95672,North Dakota,489 Tulane,1949-04-19
crmid:7002791097,goshawk1890@yahoo.com,Lucien,Alford,,406-753-8629,La Ca�ada Flintridge,United States,88705,North Dakota,604 Simonds,1978-07-28
crmid:1607819931,cocaine1968@gmail.com,Carl,Chandler,female,368-978-9665,Chelsea,United States,51903,Massachusetts,1356 Palos,1946-10-03
crmid:5790296198,dredges1878@yandex.com,Herb,Vega,,475-054-6397,Homewood,United States,79426,Indiana,314 Yorba,1973-01-16
crmid:6911435764,anent1959@outlook.com,Lurlene,Owens,female,022-438-6870,Douglasville,United States,66693,Arkansas,499 Marengo,1955-11-11
crmid:9411079421,renascible1979@gmail.com,Bradford,Sexton,,587-272-3790,Layton,United States,69484,Utah,577 Saint Elmo,1981-11-12
crmid:5332216190,cashana1911@live.com,Hermine,Sosa,female,284-087-4516,Desert Hot Springs,United States,14659,Illinois,920 Rutland,1954-04-27
crmid:6460405574,arora2021@gmail.com,Lavern,Morin,,516-246-1226,Shelby,United States,43304,Nevada,1033 Harry,1986-05-12
crmid:8288036249,subspace1863@outlook.com,Kandra,Sherman,female,646-680-9837,Coronado,United States,66859,Delaware,834 Virgil,1951-10-31
crmid:8563748850,riced2058@gmail.com,Rueben,Curtis,,828-429-2518,Marion,United States,76020,Massachusetts,370 Houston,1987-12-07
crmid:2908146405,glycerol1980@yandex.com,Lanny,Snow,male,670-664-3963,Bergenfield,United States,78936,Wyoming,155 Ocean,1938-06-27
crmid:2820892292,maltese2051@yahoo.com,Chase,Stein,,143-741-5656,Gurnee,United States,90948,Washington,1007 Jason,1969-02-14
crmid:8202880335,catbird2045@yandex.com,Warner,Paul,,741-826-2483,The Colony,United States,64906,Alaska,600 Shephard,1969-07-22
crmid:3995369124,bloodshedder1923@yandex.com,Hassan,Heath,male,208-606-0860,Carol Stream,United States,22125,Iowa,1079 Bessie,1944-04-13
crmid:1900540365,quartern1989@outlook.com,Nenita,Dunn,female,158-396-7948,Yorkville,United States,22697,Idaho,842 Cordova,1957-07-09
crmid:6763915590,allowance1802@yandex.com,Guillermo,Rodriquez,male,170-190-1309,Stephenville,United States,07280,Florida,185 Donahue,1936-04-25
crmid:6146897028,sovite2045@yahoo.com,Adolfo,Dixon,,231-394-3341,Golden,United States,01063,New Mexico,542 Dunshee,1966-01-03
crmid:7206015297,expresso1941@live.com,Reatha,Stuart,female,703-210-1885,Draper,United States,43270,Montana,120 Hemway,1955-07-28
crmid:1375007400,chanteuse1801@gmail.com,Clint,Wilkinson,male,128-469-4386,Boston,United States,19002,Kansas,900 Whipple,1940-02-03
crmid:1843031557,carlyle1805@gmail.com,Arlean,Jackson,female,262-128-9996,Stanton,United States,14902,Utah,583 Cutler,1946-01-15
crmid:8983653291,vilification2044@yandex.com,Jaime,Oliver,,728-088-8141,Southlake,United States,70421,Ohio,613 Sharp,1979-01-12
crmid:8159600217,griffin1802@outlook.com,Lonna,Weaver,female,300-073-6817,Fairfield,United States,98350,Massachusetts,92 Brumiss,1961-06-30
crmid:6305330121,trustees1934@gmail.com,Hugh,Faulkner,,844-277-7989,Mineola,United States,01672,Alabama,540 Lloyd,1991-01-27
crmid:7973149317,seiner1865@live.com,Jacob,Mooney,,311-685-7639,Meridian,United States,27667,Kentucky,93 Francisco,1989-05-12
crmid:1820495631,tromometric1889@yandex.com,Alexis,Ross,,527-499-1467,South St. Paul,United States,47777,North Dakota,259 Essex,1986-02-24
crmid:3651570591,engluts1946@yahoo.com,Gerry,Sargent,,511-266-4024,Tullahoma,United States,30523,Maine,1039 Townsend,1979-01-24
crmid:2032446382,bluefish1897@outlook.com,Alex,Manning,,407-610-2263,Lynbrook,United States,86847,Rhode Island,1122 Alton,1985-10-06
crmid:8953851856,undermarshalmen1829@live.com,Lyndon,Gonzalez,male,966-625-6327,Buena Park,United States,33096,South Carolina,1332 Doric,1942-06-11
crmid:7359499864,tuke1872@outlook.com,Catrice,Sawyer,female,129-192-2046,East Lansing,United States,06491,Indiana,225 Miley,1957-02-26
crmid:6870028891,cottonmouth2070@gmail.com,Young,Morrison,,361-477-7091,Naugatuck,United States,51350,North Dakota,1249 Nueva,1995-10-11
crmid:8570732657,serratospinose1885@yandex.com,Willy,Sampson,,169-998-2399,Point Pleasant,United States,20554,Iowa,342 Jordan,1965-01-18
crmid:1985817464,angostura2001@gmail.com,Terrence,Suarez,,102-661-2235,Midlothian,United States,82650,Montana,332 Navajo,1990-04-08
crmid:1887594209,minima2046@yandex.com,Elton,Munoz,,732-136-6427,Winter Garden,United States,48751,Indiana,824 Sibert,1989-03-29
crmid:6443459773,youse1893@gmail.com,Kip,Rosa,,478-247-1790,Jacksonville,United States,13672,Ohio,1251 Fanning,1975-03-19
crmid:2105803873,donatistical2029@live.com,Charita,Hensley,female,321-901-6349,Diamond Bar,United States,74763,Oklahoma,365 Lake Forest,1955-12-03
crmid:5784993096,conservatives1807@outlook.com,Noe,Nolan,male,202-256-3355,Pocatello,United States,50690,Maine,161 Washburn,1941-07-22
crmid:6320402055,overgratefulness2030@yandex.com,Teodoro,Reyes,male,259-960-8323,New Port Richey,United States,75242,Delaware,464 Varela,1996-12-01
crmid:1432770521,chirre1878@gmail.com,Boyd,Hunt,male,519-329-9421,Vicksburg,United States,00605,Georgia,263 Stoneyford,1938-01-15
crmid:3123876473,kentrogon1978@yandex.com,Jess,Gill,male,183-547-5410,Port St. Lucie,United States,13274,South Carolina,724 Maryland,1944-05-11
crmid:7681132257,abatis1801@gmail.com,Marshall,Durham,,935-657-9392,Saco,United States,55538,Kentucky,1075 Concourse,1999-11-19
crmid:6413315258,street1855@outlook.com,Ray,Cobb,male,245-003-1639,Bryan,United States,49463,Vermont,1173 Roach,1942-08-06
crmid:7173224238,gambol1851@yandex.com,Eliseo,Sanchez,,142-847-4766,Freeport,United States,77940,Idaho,609 Esquina,1964-12-25
crmid:6267811088,stereology1919@gmail.com,Emory,Mcgowan,,054-395-7313,Wadsworth,United States,97697,Virginia,1142 Lenox,1967-12-31
crmid:9654533228,ninjas1883@live.com,Hank,Huber,,476-446-7317,Rahway,United States,27226,New Jersey,1301 El Camino Del Mar,1965-09-23
crmid:5578417782,amorist1825@live.com,Trent,Wilder,,057-001-9174,North Lauderdale,United States,42540,Connecticut,1118 Sonora,1998-08-14
crmid:7187161989,billiards1826@yandex.com,Harlan,Gill,,364-920-8833,Martinez,United States,85821,Arkansas,717 Lyon,1987-05-17
crmid:8963446107,fortepiano2036@yahoo.com,Dean,Bush,,750-109-1968,Greer,United States,62613,Arizona,1129 San Juan,1968-11-08
crmid:5756638081,distad1871@yandex.com,Darryl,Burns,,388-660-1479,Pontiac,United States,50738,Delaware,942 Flora,1981-02-18
crmid:5160430682,adhesive1905@yahoo.com,Darwin,Flores,male,718-448-1447,Brunswick,United States,13271,Virginia,1051 Rivera,1942-03-10
crmid:3850093834,gregarina1934@yandex.com,Cesar,Gilmore,,252-604-1121,Miami Gardens,United States,36389,Pennsylvania,663 Issleib,1990-06-18
crmid:4854989814,whimbrels1971@live.com,Daren,Copeland,male,112-260-2185,Atlantic City,United States,13631,Hawaii,500 Hermann,1934-03-07
crmid:1982189116,ditto2029@yandex.com,Deandre,Adkins,male,461-626-6252,Onalaska,United States,80703,Texas,984 Shrader,1942-03-01
crmid:9918524069,absconsa2022@gmail.com,Isaias,Hoover,,115-293-8901,Lauderhill,United States,83204,Hawaii,373 Converse,1981-06-10
crmid:3736092468,nixy1808@gmail.com,Denver,Duke,,580-059-0318,Mobile,United States,64729,Arkansas,177 Anthony,1992-11-25
crmid:1209295193,vulturelike2012@outlook.com,Teresia,Stevens,female,046-263-8145,College Station,United States,55178,Utah,974 Iron,1949-09-28
crmid:6530514834,emmetropism2032@yandex.com,Waldo,Sims,,785-425-0301,Orland Park,United States,30780,Maine,1209 Salmon,1970-10-03
crmid:7647887469,yealing1834@gmail.com,Cleveland,Mccoy,male,268-697-8131,Odessa,United States,78520,Illinois,262 Bliss,1941-02-19
crmid:2289037962,fagan2068@live.com,Carey,Slater,,307-001-5138,Parma,United States,32910,Missouri,692 Tucker,1979-12-08
crmid:3964811462,verisimilitude2026@yahoo.com,Marcos,Burt,male,846-468-9999,Boulder,United States,33898,New Hampshire,1260 United Nations,1940-07-04
crmid:8610599291,balboa2009@yahoo.com,Tabetha,Bradford,female,990-723-3619,College Park,United States,80276,Arizona,1343 Bernal Heights,1949-08-03
crmid:9555063709,dinosaur1965@gmail.com,Cristopher,Vasquez,,415-150-4130,Waukegan,United States,48310,Massachusetts,898 Larkin,1989-01-29
crmid:3036180041,schistous1882@live.com,Ezekiel,Leon,,782-610-4242,Hazleton,United States,87935,Texas,1059 Funston,1970-10-24
crmid:2321744611,arachnoid1847@live.com,Isreal,Alford,male,866-624-8979,Carrollton,United States,24086,Vermont,1269 Chabot,1944-05-01
crmid:6416746597,ineye1938@outlook.com,Susy,Schneider,female,196-697-2030,Dumont,United States,68241,New Hampshire,1303 Belcher,1956-10-16
crmid:3973367047,hydromyelocele1850@live.com,Olimpia,Jennings,female,765-570-0955,Chicopee,United States,33078,Michigan,1190 Wattson,1947-07-15
crmid:7482762428,balaban1912@yandex.com,Doyle,Kent,male,527-909-4027,Renton,United States,80985,Nevada,527 Tucker,1932-03-16
crmid:8589543162,everard1857@outlook.com,Joesph,Barker,male,425-419-3403,Atwater,United States,35113,Arkansas,254 Whipple,1934-05-02
crmid:7362542427,dissave1900@gmail.com,Jerome,Bryan,male,676-489-1227,Palm Bay,United States,07101,South Dakota,1286 Hawes,1935-12-10
crmid:5104365049,elgar1892@gmail.com,Drew,Mcfarland,,252-386-1631,South St. Paul,United States,69601,Alaska,1127 Faith,1995-07-22
crmid:2862202533,staple1906@outlook.com,Lamont,Mendez,,826-388-2351,Lee's Summit,United States,62355,Kentucky,493 Hamerton,1982-12-12
crmid:5877479414,flightless1924@yahoo.com,Bryon,Franklin,,225-856-6075,Marietta,United States,49326,Alaska,392 Keystone,1987-07-02
crmid:1493380026,coquitlam2006@outlook.com,Ervin,Forbes,,109-603-4203,Mamaroneck,United States,56182,Iowa,922 Peninsula,1986-09-06
