id,crmid,propensity_room_upgrade,propensity_extended_nights
a01643c0-53cb-11ea-8a8a-b88a60e194fb,crmid:9347806972,3,7
a0175574-53cb-11ea-8510-b88a60e194fb,crmid:4183864251,5,3
a0186824-53cb-11ea-9937-b88a60e194fb,crmid:7915587782,4,5
a0192b50-53cb-11ea-a9dd-b88a60e194fb,crmid:1044251559,9,3
a019eeb4-53cb-11ea-b3e5-b88a60e194fb,crmid:4911474548,9,4
a01a8acc-53cb-11ea-858b-b88a60e194fb,crmid:6994510618,3,3
a01b4e30-53cb-11ea-9c18-b88a60e194fb,crmid:3181000019,6,3
a01c1186-53cb-11ea-bd58-b88a60e194fb,crmid:8378340395,6,5
a01cfbd0-53cb-11ea-9393-b88a60e194fb,crmid:4595424778,3,5
a01dbf30-53cb-11ea-96b9-b88a60e194fb,crmid:9187373441,6,4
a01ed09e-53cb-11ea-8c40-b88a60e194fb,crmid:1319124882,5,5
a01f93fe-53cb-11ea-8fa0-b88a60e194fb,crmid:3956405080,5,6
a020a408-53cb-11ea-9d72-b88a60e194fb,crmid:9043026098,3,5
a02537ec-53cb-11ea-b014-b88a60e194fb,crmid:9130850461,2,4
a02698b6-53cb-11ea-a34c-b88a60e194fb,crmid:1155844863,3,5
a027d024-53cb-11ea-8bb4-b88a60e194fb,crmid:3193094527,2,4
a028bb7e-53cb-11ea-91da-b88a60e194fb,crmid:1456051317,3,4
a029cbca-53cb-11ea-be27-b88a60e194fb,crmid:9181935730,4,4
a02ab638-53cb-11ea-b397-b88a60e194fb,crmid:1111908858,4,4
a02ba098-53cb-11ea-8c25-b88a60e194fb,crmid:9658094542,4,4
a02cb1f6-53cb-11ea-899e-b88a60e194fb,crmid:5815569287,3,6
a02d9c5a-53cb-11ea-8f05-b88a60e194fb,crmid:9104841650,4,5
a02eadd0-53cb-11ea-a551-b88a60e194fb,crmid:5693504106,5,6
a0300d5e-53cb-11ea-91ea-b88a60e194fb,crmid:9306142512,3,4
a030f7e6-53cb-11ea-85bc-b88a60e194fb,crmid:5031252833,4,6
a0320928-53cb-11ea-89e4-b88a60e194fb,crmid:4868255611,6,6
a032f39c-53cb-11ea-9ba9-b88a60e194fb,crmid:7691406832,3,5
a033b6ca-53cb-11ea-970d-b88a60e194fb,crmid:7201403901,8,3
a0347a18-53cb-11ea-b34b-b88a60e194fb,crmid:8647760266,4,3
a035165a-53cb-11ea-bdb5-b88a60e194fb,crmid:2220081585,9,4
a03600ba-53cb-11ea-aa45-b88a60e194fb,crmid:3238748589,2,5
a037123e-53cb-11ea-b9ce-b88a60e194fb,crmid:1733592184,6,4
a037d58c-53cb-11ea-a2fc-b88a60e194fb,crmid:6090733754,3,7
a03898e2-53cb-11ea-9174-b88a60e194fb,crmid:2208093370,4,3
a039833a-53cb-11ea-b0de-b88a60e194fb,crmid:8744240397,6,4
a03a468a-53cb-11ea-bf1b-b88a60e194fb,crmid:5135365564,3,4
a03b09da-53cb-11ea-9e56-b88a60e194fb,crmid:8504368061,5,4
a03bf452-53cb-11ea-a262-b88a60e194fb,crmid:8403681394,5,4
a03cde9c-53cb-11ea-8da5-b88a60e194fb,crmid:9917251698,3,3
a03d7ade-53cb-11ea-98fe-b88a60e194fb,crmid:5327247490,4,4
a03e3e52-53cb-11ea-a712-b88a60e194fb,crmid:6918624026,4,4
a03f01a8-53cb-11ea-a2d7-b88a60e194fb,crmid:2678407795,8,5
a03fec06-53cb-11ea-a7f3-b88a60e194fb,crmid:3204225843,4,4
a040af54-53cb-11ea-8264-b88a60e194fb,crmid:5856129006,4,4
a0420f7a-53cb-11ea-b423-b88a60e194fb,crmid:4344676059,4,6
a042f948-53cb-11ea-a0a8-b88a60e194fb,crmid:3627972927,3,5
a043bc98-53cb-11ea-a3d4-b88a60e194fb,crmid:4650093611,4,4
a0448010-53cb-11ea-ad3f-b88a60e194fb,crmid:9784848531,5,3
a0454336-53cb-11ea-83f3-b88a60e194fb,crmid:9160165748,3,4
a046547a-53cb-11ea-8aec-b88a60e194fb,crmid:4102371631,5,5
a0474140-53cb-11ea-ad04-b88a60e194fb,crmid:9022870906,9,5
a048038a-53cb-11ea-832a-b88a60e194fb,crmid:2035822317,3,5
a0489fe4-53cb-11ea-a37f-b88a60e194fb,crmid:5899552599,3,6
a049631c-53cb-11ea-9aa9-b88a60e194fb,crmid:8717981328,4,3
a04a2664-53cb-11ea-9f39-b88a60e194fb,crmid:1964391056,5,4
a04b5f50-53cb-11ea-a290-b88a60e194fb,crmid:6824502592,2,4
a04c4a08-53cb-11ea-ba4f-b88a60e194fb,crmid:5771823098,4,4
a04d5ab6-53cb-11ea-9b00-b88a60e194fb,crmid:2512240575,3,4
a04df6fa-53cb-11ea-b7b8-b88a60e194fb,crmid:6969525544,4,3
a04eba48-53cb-11ea-9e5a-b88a60e194fb,crmid:8059344945,5,4
a04fa39e-53cb-11ea-b66e-b88a60e194fb,crmid:3273571202,10,6
a0508ec6-53cb-11ea-88a5-b88a60e194fb,crmid:4128548137,6,4
a051a068-53cb-11ea-a4fd-b88a60e194fb,crmid:5463988433,3,5
a05263de-53cb-11ea-813b-b88a60e194fb,crmid:1261789176,5,3
a053002e-53cb-11ea-bc06-b88a60e194fb,crmid:8023301830,3,2
a053c386-53cb-11ea-8de4-b88a60e194fb,crmid:6238310550,8,4
a054d4d8-53cb-11ea-ad6e-b88a60e194fb,crmid:4016366167,3,5
a055980c-53cb-11ea-8eb7-b88a60e194fb,crmid:5589001999,4,1
a0565b6e-53cb-11ea-b34d-b88a60e194fb,crmid:6796896200,5,6
a0571ec6-53cb-11ea-9216-b88a60e194fb,crmid:9754163362,4,2
a05807e8-53cb-11ea-af71-b88a60e194fb,crmid:5470281239,5,3
a058cc64-53cb-11ea-8269-b88a60e194fb,crmid:1612822550,4,6
a0598fc8-53cb-11ea-8bab-b88a60e194fb,crmid:9154159329,4,6
a05a78ba-53cb-11ea-83c9-b88a60e194fb,crmid:5351995058,5,6
a05b8b90-53cb-11ea-ae61-b88a60e194fb,crmid:2497890884,3,4
a05c4ee4-53cb-11ea-90d1-b88a60e194fb,crmid:7156064132,4,5
a05dfb46-53cb-11ea-b46a-b88a60e194fb,crmid:2063619323,9,7
a05f33a8-53cb-11ea-8236-b88a60e194fb,crmid:4689216051,3,4
a0604636-53cb-11ea-8228-b88a60e194fb,crmid:1218153051,3,3
a0610858-53cb-11ea-8f5a-b88a60e194fb,crmid:1968800736,5,3
a061f2b4-53cb-11ea-8a40-b88a60e194fb,crmid:3355264800,4,8
a062e9f4-53cb-11ea-a4ba-b88a60e194fb,crmid:2832003278,4,2
a063c780-53cb-11ea-8a24-b88a60e194fb,crmid:1756316781,5,6
a0648c3b-53cb-11ea-aa46-b88a60e194fb,crmid:9706670102,4,3
a0657694-53cb-11ea-adb9-b88a60e194fb,crmid:4582926172,2,3
a06660f6-53cb-11ea-a99c-b88a60e194fb,crmid:7584411542,4,4
a0672446-53cb-11ea-8f0b-b88a60e194fb,crmid:9674422885,4,8
a0680ea4-53cb-11ea-aa3f-b88a60e194fb,crmid:6735749432,4,5
a068f924-53cb-11ea-9e57-b88a60e194fb,crmid:2989768077,4,2
a069954a-53cb-11ea-988f-b88a60e194fb,crmid:2587831064,3,2
a06a5910-53cb-11ea-aa02-b88a60e194fb,crmid:2353076834,4,3
a06b6a28-53cb-11ea-af26-b88a60e194fb,crmid:4188275437,5,5
a06c2d58-53cb-11ea-a8c5-b88a60e194fb,crmid:8856444641,8,3
a06cf0a4-53cb-11ea-a6db-b88a60e194fb,crmid:7170417421,4,5
a06dd9be-53cb-11ea-b8fb-b88a60e194fb,crmid:3931268527,8,5
a06ec52e-53cb-11ea-b1f6-b88a60e194fb,crmid:2344430413,4,4
a06f88ae-53cb-11ea-8639-b88a60e194fb,crmid:1232532232,5,4
a070bfd0-53cb-11ea-b72a-b88a60e194fb,crmid:4333844770,5,6
a071ab94-53cb-11ea-9308-b88a60e194fb,crmid:3950289886,5,2
a0726ec6-53cb-11ea-bcb6-b88a60e194fb,crmid:1004159253,5,4
a0733230-53cb-11ea-8638-b88a60e194fb,crmid:2273793978,2,3
a073f58a-53cb-11ea-ba60-b88a60e194fb,crmid:4224178280,5,2
a074b910-53cb-11ea-8aca-b88a60e194fb,crmid:2701614937,8,4
a075c8e8-53cb-11ea-bac0-b88a60e194fb,crmid:9263015205,8,3
a0768c36-53cb-11ea-a8ba-b88a60e194fb,crmid:3191837638,4,10
a0774f76-53cb-11ea-b19b-b88a60e194fb,crmid:1270644007,8,4
a07812d4-53cb-11ea-88b5-b88a60e194fb,crmid:1743664965,9,2
a078d628-53cb-11ea-8950-b88a60e194fb,crmid:4863658369,4,5
a079c08a-53cb-11ea-80ca-b88a60e194fb,crmid:6141167482,4,2
a07aaade-53cb-11ea-a33f-b88a60e194fb,crmid:7135030736,3,2
a07bbc5c-53cb-11ea-aa66-b88a60e194fb,crmid:4928523358,4,4
a07c7fa8-53cb-11ea-a7fb-b88a60e194fb,crmid:9191000593,3,4
a07d6a02-53cb-11ea-8438-b88a60e194fb,crmid:1857325739,4,4
a07e2d5a-53cb-11ea-85d8-b88a60e194fb,crmid:3026506299,2,4
a07f17af-53cb-11ea-b3d7-b88a60e194fb,crmid:2249834576,4,5
a0802b5e-53cb-11ea-aa7a-b88a60e194fb,crmid:3710955737,5,7
a080ec70-53cb-11ea-98a7-b88a60e194fb,crmid:5690717902,4,5
a081afc0-53cb-11ea-993b-b88a60e194fb,crmid:4605517329,6,3
a082e84c-53cb-11ea-9f50-b88a60e194fb,crmid:5089834511,6,5
a083ab9a-53cb-11ea-bbf6-b88a60e194fb,crmid:6112774485,3,4
a08495f8-53cb-11ea-a64d-b88a60e194fb,crmid:8944658368,4,7
a0858058-53cb-11ea-80f3-b88a60e194fb,crmid:1489175768,3,5
a0861c92-53cb-11ea-9417-b88a60e194fb,crmid:8485112494,9,6
a0872e0a-53cb-11ea-80ae-b88a60e194fb,crmid:7245347687,5,3
a087f15a-53cb-11ea-b5ee-b88a60e194fb,crmid:8479492768,3,3
a088b4a6-53cb-11ea-8c63-b88a60e194fb,crmid:6452833700,3,5
a08977f6-53cb-11ea-8ed6-b88a60e194fb,crmid:7310794374,4,5
a08a625a-53cb-11ea-8eef-b88a60e194fb,crmid:7623543216,6,4
a08b4cb6-53cb-11ea-b02b-b88a60e194fb,crmid:8591654583,8,4
a08c5e24-53cb-11ea-bfc9-b88a60e194fb,crmid:4993489662,8,4
a08cfa76-53cb-11ea-a734-b88a60e194fb,crmid:6461013201,4,1
a08dbdb0-53cb-11ea-9918-b88a60e194fb,crmid:8387108084,6,6
a08e8100-53cb-11ea-ba6b-b88a60e194fb,crmid:6111148082,4,5
a08f927a-53cb-11ea-9d25-b88a60e194fb,crmid:3293106237,4,3
a09055c8-53cb-11ea-b08f-b88a60e194fb,crmid:5654257858,2,8
a090f1f6-53cb-11ea-9548-b88a60e194fb,crmid:7882060417,4,4
a09203b4-53cb-11ea-86ab-b88a60e194fb,crmid:8658433615,4,3
a092c80a-53cb-11ea-a5cc-b88a60e194fb,crmid:8751378015,8,4
a0938b4a-53cb-11ea-9c72-b88a60e194fb,crmid:2726477368,5,7
a0970c6e-53cb-11ea-8a2f-b88a60e194fb,crmid:1677602161,3,3
a097d11c-53cb-11ea-83f4-b88a60e194fb,crmid:3018356904,8,3
a098939c-53cb-11ea-b3ee-b88a60e194fb,crmid:6867960588,4,4
a09957d0-53cb-11ea-a0e8-b88a60e194fb,crmid:8974778901,5,4
a09a1b24-53cb-11ea-b65c-b88a60e194fb,crmid:6940711426,4,5
a09ade8a-53cb-11ea-927d-b88a60e194fb,crmid:2908887402,5,4
a09ba1e2-53cb-11ea-a1ba-b88a60e194fb,crmid:1406778894,2,4
a09cfffe-53cb-11ea-a6ec-b88a60e194fb,crmid:2609441085,4,6
a09dc4a4-53cb-11ea-adb0-b88a60e194fb,crmid:6174113776,2,5
a09e60d8-53cb-11ea-823b-b88a60e194fb,crmid:5008013913,4,5
a09f4b1e-53cb-11ea-a904-b88a60e194fb,crmid:8449167151,7,4
a0a083e4-53cb-11ea-9537-b88a60e194fb,crmid:4648258667,2,2
a0a14718-53cb-11ea-8549-b88a60e194fb,crmid:3440306022,4,4
a0a20a68-53cb-11ea-a787-b88a60e194fb,crmid:9693482988,3,4
a0a2cdba-53cb-11ea-b0c6-b88a60e194fb,crmid:5633213134,4,3
a0a38fb6-53cb-11ea-ae27-b88a60e194fb,crmid:1636513895,5,9
a0a4545a-53cb-11ea-86a6-b88a60e194fb,crmid:1496041346,4,5
a0a56458-53cb-11ea-a3c8-b88a60e194fb,crmid:2717133556,3,6
a0a62846-53cb-11ea-b41c-b88a60e194fb,crmid:4369165610,5,3
a0a7121c-53cb-11ea-9bf8-b88a60e194fb,crmid:5011162725,5,9
a0a7d6e2-53cb-11ea-b2b3-b88a60e194fb,crmid:8653781292,3,4
a0a8e6da-53cb-11ea-9992-b88a60e194fb,crmid:6467981045,4,10
a0a9ab8a-53cb-11ea-87bd-b88a60e194fb,crmid:7830580095,3,4
a0ab09c6-53cb-11ea-9965-b88a60e194fb,crmid:6400796246,5,3
a0ac1b34-53cb-11ea-91d6-b88a60e194fb,crmid:2901384094,4,4
a0ad059a-53cb-11ea-b3f1-b88a60e194fb,crmid:5535406177,5,2
a0adf164-53cb-11ea-a827-b88a60e194fb,crmid:9649292689,4,4
a0aeb336-53cb-11ea-89e9-b88a60e194fb,crmid:2055667833,8,5
a0afc60c-53cb-11ea-b204-b88a60e194fb,crmid:1773624332,6,8
a0b0b066-53cb-11ea-8182-b88a60e194fb,crmid:1919502279,4,4
a0b14ca4-53cb-11ea-be98-b88a60e194fb,crmid:9272825534,4,4
a0b2371c-53cb-11ea-92d8-b88a60e194fb,crmid:9655596747,5,4
a0b3488c-53cb-11ea-b68f-b88a60e194fb,crmid:9337289387,6,3
a0b40bd8-53cb-11ea-9391-b88a60e194fb,crmid:6569784077,4,6
a0b4f624-53cb-11ea-8a42-b88a60e194fb,crmid:1650889844,3,3
a0b5e086-53cb-11ea-81b5-b88a60e194fb,crmid:3886685404,3,8
a0b6a274-53cb-11ea-a625-b88a60e194fb,crmid:2137806548,5,6
a0b7db18-53cb-11ea-aabf-b88a60e194fb,crmid:3141418227,4,3
a0b8edde-53cb-11ea-a63e-b88a60e194fb,crmid:5800707795,3,3
a0ba2648-53cb-11ea-8c2f-b88a60e194fb,crmid:6101027275,8,3
a0bb10d8-53cb-11ea-a5dd-b88a60e194fb,crmid:3577303190,5,8
a0bc95f6-53cb-11ea-a3d5-b88a60e194fb,crmid:8084482082,5,5
a0bdf698-53cb-11ea-a96a-b88a60e194fb,crmid:5764351841,4,2
a0bf5668-53cb-11ea-8ae7-b88a60e194fb,crmid:4076354911,3,5
a0c06746-53cb-11ea-b4ae-b88a60e194fb,crmid:6569611338,3,3
a0c1523a-53cb-11ea-8488-b88a60e194fb,crmid:8391578628,4,4
a0c23c98-53cb-11ea-b529-b88a60e194fb,crmid:7873303781,4,7
a0c2ffd0-53cb-11ea-9ac1-b88a60e194fb,crmid:6868111402,3,4
a0c3e8e4-53cb-11ea-8157-b88a60e194fb,crmid:5343360417,4,4
a0c4fa58-53cb-11ea-b679-b88a60e194fb,crmid:8301640928,7,3
a0c5e4e8-53cb-11ea-a0d2-b88a60e194fb,crmid:1520212477,5,5
a0c6cf3e-53cb-11ea-9838-b88a60e194fb,crmid:6791645531,4,4
a0c79294-53cb-11ea-afe0-b88a60e194fb,crmid:7138143586,4,5
a0c8a40a-53cb-11ea-9d35-b88a60e194fb,crmid:3266169230,6,4
a0c98e64-53cb-11ea-9203-b88a60e194fb,crmid:4456312878,4,3
a0ca5186-53cb-11ea-948d-b88a60e194fb,crmid:3369766647,5,5
a0cb635c-53cb-11ea-8bbd-b88a60e194fb,crmid:3275843495,9,2
a0cc264c-53cb-11ea-b68f-b88a60e194fb,crmid:2943463867,4,4
a0cce99a-53cb-11ea-b6a1-b88a60e194fb,crmid:5936410093,4,4
a0cdacee-53cb-11ea-a8a9-b88a60e194fb,crmid:2327671436,3,4
a0ce702e-53cb-11ea-91ff-b88a60e194fb,crmid:5750513298,4,4
